solid OpenSCAD_Model
  facet normal 0 1 0
    outer loop
      vertex 33.1595 4 0.951584
      vertex 38.1399 4 11.8701
      vertex 39.0704 4 11.8336
    endloop
  endfacet
  facet normal 0 1 0
    outer loop
      vertex 12.9599 4 27.0543
      vertex -12.9243 4 27.355
      vertex 12.9243 4 27.355
    endloop
  endfacet
  facet normal 0 1 0
    outer loop
      vertex 12.9599 4 27.0543
      vertex -12.9599 4 27.0543
      vertex -12.9243 4 27.355
    endloop
  endfacet
  facet normal 0 1 0
    outer loop
      vertex 13.2356 4 25.6681
      vertex -12.9599 4 27.0543
      vertex 12.9599 4 27.0543
    endloop
  endfacet
  facet normal 0 1 0
    outer loop
      vertex 13.2356 4 25.6681
      vertex -13.2356 4 25.6681
      vertex -12.9599 4 27.0543
    endloop
  endfacet
  facet normal 0 1 0
    outer loop
      vertex 13.6193 4 24.3078
      vertex -13.2356 4 25.6681
      vertex 13.2356 4 25.6681
    endloop
  endfacet
  facet normal 0 1 0
    outer loop
      vertex 13.6193 4 24.3078
      vertex -13.6193 4 24.3078
      vertex -13.2356 4 25.6681
    endloop
  endfacet
  facet normal 0 1 0
    outer loop
      vertex 14.1084 4 22.9818
      vertex -13.6193 4 24.3078
      vertex 13.6193 4 24.3078
    endloop
  endfacet
  facet normal 0 1 0
    outer loop
      vertex 14.1084 4 22.9818
      vertex -14.1084 4 22.9818
      vertex -13.6193 4 24.3078
    endloop
  endfacet
  facet normal 0 1 0
    outer loop
      vertex 0 4 1.7
      vertex 14.1084 4 22.9818
      vertex 14.7001 4 21.6983
    endloop
  endfacet
  facet normal 0 1 0
    outer loop
      vertex 14.1084 4 22.9818
      vertex 0 4 1.7
      vertex -14.1084 4 22.9818
    endloop
  endfacet
  facet normal 0 1 0
    outer loop
      vertex 0.295201 4 1.67417
      vertex 14.7001 4 21.6983
      vertex 15.3907 4 20.4651
    endloop
  endfacet
  facet normal 0 1 0
    outer loop
      vertex -14.1084 4 22.9818
      vertex 0 4 1.7
      vertex -14.7001 4 21.6983
    endloop
  endfacet
  facet normal 0 1 0
    outer loop
      vertex 0.581433 4 1.59748
      vertex 15.3907 4 20.4651
      vertex 16.176 4 19.29
    endloop
  endfacet
  facet normal 0 1 -0
    outer loop
      vertex -0.295201 4 1.67417
      vertex -14.7001 4 21.6983
      vertex 0 4 1.7
    endloop
  endfacet
  facet normal 0 1 0
    outer loop
      vertex 0.849999 4 1.47224
      vertex 16.176 4 19.29
      vertex 17.051 4 18.1801
    endloop
  endfacet
  facet normal 0 1 0
    outer loop
      vertex -14.7001 4 21.6983
      vertex -0.295201 4 1.67417
      vertex -15.3907 4 20.4651
    endloop
  endfacet
  facet normal 0 1 0
    outer loop
      vertex 1.09274 4 1.30227
      vertex 17.051 4 18.1801
      vertex 18.0103 4 17.1422
    endloop
  endfacet
  facet normal 0 1 -0
    outer loop
      vertex -0.581433 4 1.59748
      vertex -15.3907 4 20.4651
      vertex -0.295201 4 1.67417
    endloop
  endfacet
  facet normal 0 1 0
    outer loop
      vertex 1.30227 4 1.09274
      vertex 18.0103 4 17.1422
      vertex 19.0482 4 16.1828
    endloop
  endfacet
  facet normal 0 1 0
    outer loop
      vertex -15.3907 4 20.4651
      vertex -0.581433 4 1.59748
      vertex -16.176 4 19.29
    endloop
  endfacet
  facet normal 0 1 0
    outer loop
      vertex 20.8405 4 0.951584
      vertex 19.0482 4 16.1828
      vertex 20.1581 4 15.3078
    endloop
  endfacet
  facet normal 0 1 -0
    outer loop
      vertex -0.849999 4 1.47224
      vertex -16.176 4 19.29
      vertex -0.581433 4 1.59748
    endloop
  endfacet
  facet normal 0 1 -0
    outer loop
      vertex 21.0484 4 1.15952
      vertex 20.1581 4 15.3078
      vertex 21.3333 4 14.5226
    endloop
  endfacet
  facet normal 0 1 0
    outer loop
      vertex -16.176 4 19.29
      vertex -0.849999 4 1.47224
      vertex -17.051 4 18.1801
    endloop
  endfacet
  facet normal 0 1 -0
    outer loop
      vertex 21.426 4 1.38582
      vertex 21.3333 4 14.5226
      vertex 22.5665 4 13.832
    endloop
  endfacet
  facet normal 0 1 -0
    outer loop
      vertex -1.09274 4 1.30227
      vertex -17.051 4 18.1801
      vertex -0.849999 4 1.47224
    endloop
  endfacet
  facet normal 0 1 0
    outer loop
      vertex 21.7074 4 1.47118
      vertex 22.5665 4 13.832
      vertex 23.85 4 13.2403
    endloop
  endfacet
  facet normal 0 1 0
    outer loop
      vertex -17.051 4 18.1801
      vertex -1.09274 4 1.30227
      vertex -18.0103 4 17.1422
    endloop
  endfacet
  facet normal 0 1 0
    outer loop
      vertex 22.147 4 1.49277
      vertex 23.85 4 13.2403
      vertex 25.176 4 12.7511
    endloop
  endfacet
  facet normal 0 1 -0
    outer loop
      vertex -1.30227 4 1.09274
      vertex -18.0103 4 17.1422
      vertex -1.09274 4 1.30227
    endloop
  endfacet
  facet normal 0 1 0
    outer loop
      vertex 22.4354 4 1.43541
      vertex 25.176 4 12.7511
      vertex 26.5363 4 12.3675
    endloop
  endfacet
  facet normal 0 1 0
    outer loop
      vertex -18.0103 4 17.1422
      vertex -1.30227 4 1.09274
      vertex -19.0482 4 16.1828
    endloop
  endfacet
  facet normal 0 1 -0
    outer loop
      vertex -1.47224 4 0.849999
      vertex -19.0482 4 16.1828
      vertex -1.30227 4 1.09274
    endloop
  endfacet
  facet normal 0 1 0
    outer loop
      vertex 22.8333 4 1.24719
      vertex 26.5363 4 12.3675
      vertex 27.9225 4 12.0917
    endloop
  endfacet
  facet normal 0 1 0
    outer loop
      vertex 31.1666 4 1.24719
      vertex 27.9225 4 12.0917
      vertex 29.326 4 11.9256
    endloop
  endfacet
  facet normal 0 1 0
    outer loop
      vertex 31.5646 4 1.43541
      vertex 29.326 4 11.9256
      vertex 30.7383 4 11.8701
    endloop
  endfacet
  facet normal 0 1 0
    outer loop
      vertex 33.1595 4 0.951584
      vertex 39.0704 4 11.8336
      vertex 39.9952 4 11.7241
    endloop
  endfacet
  facet normal -0 1 0
    outer loop
      vertex 32.4354 4 1.43541
      vertex 38.1399 4 11.8701
      vertex 32.574 4 1.38582
    endloop
  endfacet
  facet normal 0 1 0
    outer loop
      vertex 33.2472 4 0.833344
      vertex 39.9952 4 11.7241
      vertex 40.9086 4 11.5424
    endloop
  endfacet
  facet normal 0 1 0
    outer loop
      vertex 33.2472 4 0.833344
      vertex 40.9086 4 11.5424
      vertex 41.8048 4 11.2896
    endloop
  endfacet
  facet normal 0 1 0
    outer loop
      vertex 33.3229 4 0.707092
      vertex 41.8048 4 11.2896
      vertex 42.6785 4 10.9673
    endloop
  endfacet
  facet normal 0 1 0
    outer loop
      vertex 33.3229 4 0.707092
      vertex 42.6785 4 10.9673
      vertex 43.5242 4 10.5774
    endloop
  endfacet
  facet normal 0 1 0
    outer loop
      vertex 33.3858 4 0.57402
      vertex 43.5242 4 10.5774
      vertex 44.3368 4 10.1224
    endloop
  endfacet
  facet normal 0 1 0
    outer loop
      vertex 33.3858 4 0.57402
      vertex 44.3368 4 10.1224
      vertex 45.1111 4 9.60504
    endloop
  endfacet
  facet normal 0 1 0
    outer loop
      vertex 33.3858 4 0.57402
      vertex 45.1111 4 9.60504
      vertex 45.8424 4 9.0285
    endloop
  endfacet
  facet normal 0 1 0
    outer loop
      vertex 33.4354 4 0.435425
      vertex 45.8424 4 9.0285
      vertex 46.5262 4 8.39638
    endloop
  endfacet
  facet normal 0 1 0
    outer loop
      vertex 33.4354 4 0.435425
      vertex 46.5262 4 8.39638
      vertex 47.1584 4 7.71252
    endloop
  endfacet
  facet normal 0 1 0
    outer loop
      vertex 33.4354 4 0.435425
      vertex 47.1584 4 7.71252
      vertex 47.7349 4 6.9812
    endloop
  endfacet
  facet normal 0 1 0
    outer loop
      vertex 33.4712 4 0.292633
      vertex 47.7349 4 6.9812
      vertex 48.2523 4 6.20689
    endloop
  endfacet
  facet normal 0 1 0
    outer loop
      vertex 33.4712 4 0.292633
      vertex 48.2523 4 6.20689
      vertex 48.7073 4 5.39438
    endloop
  endfacet
  facet normal 0 1 0
    outer loop
      vertex 33.4712 4 0.292633
      vertex 48.7073 4 5.39438
      vertex 49.0972 4 4.54866
    endloop
  endfacet
  facet normal 0 1 0
    outer loop
      vertex 33.4928 4 0.147018
      vertex 49.0972 4 4.54866
      vertex 49.4195 4 3.67497
    endloop
  endfacet
  facet normal 0 1 0
    outer loop
      vertex 33.4928 4 0.147018
      vertex 49.4195 4 3.67497
      vertex 49.6723 4 2.77869
    endloop
  endfacet
  facet normal 0 1 0
    outer loop
      vertex 33.4928 4 0.147018
      vertex 49.6723 4 2.77869
      vertex 49.854 4 1.86533
    endloop
  endfacet
  facet normal 0 1 0
    outer loop
      vertex 30.7383 4 11.8701
      vertex 32 4 1.5
      vertex 31.853 4 1.49277
    endloop
  endfacet
  facet normal 0 1 -0
    outer loop
      vertex -1.59748 4 0.581433
      vertex -20.1581 4 15.3078
      vertex -1.47224 4 0.849999
    endloop
  endfacet
  facet normal 0 1 0
    outer loop
      vertex -20.1581 4 15.3078
      vertex -1.59748 4 0.581433
      vertex -21.3333 4 14.5226
    endloop
  endfacet
  facet normal 0 1 -0
    outer loop
      vertex -1.67417 4 0.295201
      vertex -21.3333 4 14.5226
      vertex -1.59748 4 0.581433
    endloop
  endfacet
  facet normal 0 1 0
    outer loop
      vertex -21.3333 4 14.5226
      vertex -1.67417 4 0.295201
      vertex -22.5665 4 13.832
    endloop
  endfacet
  facet normal 0 1 -0
    outer loop
      vertex -1.7 4 0
      vertex -22.5665 4 13.832
      vertex -1.67417 4 0.295201
    endloop
  endfacet
  facet normal 0 1 0
    outer loop
      vertex -22.5665 4 -13.832
      vertex -22.5665 4 13.832
      vertex -1.7 4 0
    endloop
  endfacet
  facet normal 0 1 0
    outer loop
      vertex -22.5665 4 13.832
      vertex -22.5665 4 -13.832
      vertex -23.85 4 13.2403
    endloop
  endfacet
  facet normal 0 1 0
    outer loop
      vertex -23.85 4 13.2403
      vertex -23.85 4 -13.2403
      vertex -25.176 4 12.7511
    endloop
  endfacet
  facet normal -0 1 0
    outer loop
      vertex -25.176 4 -12.7511
      vertex -25.176 4 12.7511
      vertex -23.85 4 -13.2403
    endloop
  endfacet
  facet normal 0 1 0
    outer loop
      vertex -22.5665 4 -13.832
      vertex -1.7 4 0
      vertex -1.67417 4 -0.295201
    endloop
  endfacet
  facet normal 0 1 0
    outer loop
      vertex -21.3333 4 -14.5226
      vertex -1.67417 4 -0.295201
      vertex -1.59748 4 -0.581433
    endloop
  endfacet
  facet normal 0 1 0
    outer loop
      vertex -20.1581 4 -15.3078
      vertex -1.59748 4 -0.581433
      vertex -1.47224 4 -0.849999
    endloop
  endfacet
  facet normal 0 1 0
    outer loop
      vertex -19.0482 4 -16.1828
      vertex -1.47224 4 -0.849999
      vertex -1.30227 4 -1.09274
    endloop
  endfacet
  facet normal 0 1 0
    outer loop
      vertex -18.0103 4 -17.1422
      vertex -1.30227 4 -1.09274
      vertex -1.09274 4 -1.30227
    endloop
  endfacet
  facet normal 0 1 0
    outer loop
      vertex -17.051 4 -18.1801
      vertex -1.09274 4 -1.30227
      vertex -0.849999 4 -1.47224
    endloop
  endfacet
  facet normal 0 1 0
    outer loop
      vertex 22.7071 4 -1.32288
      vertex 26.5363 4 -12.3675
      vertex 22.574 4 -1.38582
    endloop
  endfacet
  facet normal 0 1 0
    outer loop
      vertex 38.1399 4 -11.8701
      vertex 49.6723 4 -2.77869
      vertex 49.4195 4 -3.67497
    endloop
  endfacet
  facet normal 0 1 0
    outer loop
      vertex 38.1399 4 -11.8701
      vertex 49.4195 4 -3.67497
      vertex 49.0972 4 -4.54866
    endloop
  endfacet
  facet normal 0 1 0
    outer loop
      vertex 38.1399 4 -11.8701
      vertex 49.0972 4 -4.54866
      vertex 48.7073 4 -5.39438
    endloop
  endfacet
  facet normal 0 1 0
    outer loop
      vertex 38.1399 4 -11.8701
      vertex 48.7073 4 -5.39438
      vertex 48.2523 4 -6.20689
    endloop
  endfacet
  facet normal 0 1 0
    outer loop
      vertex 22.4354 4 -1.43541
      vertex 25.176 4 -12.7511
      vertex 22.2926 4 -1.47118
    endloop
  endfacet
  facet normal 0 1 0
    outer loop
      vertex 38.1399 4 -11.8701
      vertex 48.2523 4 -6.20689
      vertex 47.7349 4 -6.9812
    endloop
  endfacet
  facet normal 0 1 0
    outer loop
      vertex 38.1399 4 -11.8701
      vertex 47.7349 4 -6.9812
      vertex 47.1584 4 -7.71252
    endloop
  endfacet
  facet normal 0 1 0
    outer loop
      vertex 38.1399 4 -11.8701
      vertex 47.1584 4 -7.71252
      vertex 46.5262 4 -8.39638
    endloop
  endfacet
  facet normal 0 1 0
    outer loop
      vertex 38.1399 4 -11.8701
      vertex 46.5262 4 -8.39638
      vertex 45.8424 4 -9.0285
    endloop
  endfacet
  facet normal 0 1 0
    outer loop
      vertex 38.1399 4 -11.8701
      vertex 45.8424 4 -9.0285
      vertex 45.1111 4 -9.60504
    endloop
  endfacet
  facet normal 0 1 0
    outer loop
      vertex 38.1399 4 -11.8701
      vertex 45.1111 4 -9.60504
      vertex 44.3368 4 -10.1224
    endloop
  endfacet
  facet normal 0 1 0
    outer loop
      vertex 38.1399 4 -11.8701
      vertex 44.3368 4 -10.1224
      vertex 43.5242 4 -10.5774
    endloop
  endfacet
  facet normal 0 1 0
    outer loop
      vertex 38.1399 4 -11.8701
      vertex 43.5242 4 -10.5774
      vertex 42.6785 4 -10.9673
    endloop
  endfacet
  facet normal 0 1 0
    outer loop
      vertex 38.1399 4 -11.8701
      vertex 42.6785 4 -10.9673
      vertex 41.8048 4 -11.2896
    endloop
  endfacet
  facet normal 0 1 0
    outer loop
      vertex 38.1399 4 -11.8701
      vertex 41.8048 4 -11.2896
      vertex 40.9086 4 -11.5424
    endloop
  endfacet
  facet normal 0 1 0
    outer loop
      vertex 38.1399 4 -11.8701
      vertex 40.9086 4 -11.5424
      vertex 39.9952 4 -11.7241
    endloop
  endfacet
  facet normal 0 1 0
    outer loop
      vertex 38.1399 4 -11.8701
      vertex 39.9952 4 -11.7241
      vertex 39.0704 4 -11.8336
    endloop
  endfacet
  facet normal 0 1 0
    outer loop
      vertex 22.574 4 -1.38582
      vertex 26.5363 4 -12.3675
      vertex 22.4354 4 -1.43541
    endloop
  endfacet
  facet normal 0 1 -0
    outer loop
      vertex 25.176 4 -12.7511
      vertex 22.4354 4 -1.43541
      vertex 26.5363 4 -12.3675
    endloop
  endfacet
  facet normal 0 1 0
    outer loop
      vertex 22.2926 4 -1.47118
      vertex 25.176 4 -12.7511
      vertex 22.147 4 -1.49277
    endloop
  endfacet
  facet normal 0 1 -0
    outer loop
      vertex 23.85 4 -13.2403
      vertex 22.147 4 -1.49277
      vertex 25.176 4 -12.7511
    endloop
  endfacet
  facet normal 0 1 0
    outer loop
      vertex 22.147 4 -1.49277
      vertex 23.85 4 -13.2403
      vertex 22 4 -1.5
    endloop
  endfacet
  facet normal 0 1 0
    outer loop
      vertex -25.176 4 12.7511
      vertex -25.176 4 -12.7511
      vertex -26.5363 4 12.3675
    endloop
  endfacet
  facet normal 0 1 -0
    outer loop
      vertex -0.707092 4 -20.6771
      vertex -0.849999 4 -1.47224
      vertex -0.581433 4 -1.59748
    endloop
  endfacet
  facet normal 0 1 -0
    outer loop
      vertex 22.5665 4 -13.832
      vertex 22 4 -1.5
      vertex 23.85 4 -13.2403
    endloop
  endfacet
  facet normal 0 1 0
    outer loop
      vertex 21.3333 4 -14.5226
      vertex 22 4 -1.5
      vertex 22.5665 4 -13.832
    endloop
  endfacet
  facet normal 0 1 0
    outer loop
      vertex -27.35 4 12.2056
      vertex -26.5363 4 -12.3675
      vertex -27.35 4 -12.2056
    endloop
  endfacet
  facet normal 0 1 0
    outer loop
      vertex 20.1581 4 -15.3078
      vertex 22 4 -1.5
      vertex 21.3333 4 -14.5226
    endloop
  endfacet
  facet normal 0 1 0
    outer loop
      vertex -26.5363 4 12.3675
      vertex -26.5363 4 -12.3675
      vertex -27.35 4 12.2056
    endloop
  endfacet
  facet normal 0 1 0
    outer loop
      vertex 19.0482 4 -16.1828
      vertex 22 4 -1.5
      vertex 20.1581 4 -15.3078
    endloop
  endfacet
  facet normal -0 1 0
    outer loop
      vertex -26.5363 4 -12.3675
      vertex -26.5363 4 12.3675
      vertex -25.176 4 -12.7511
    endloop
  endfacet
  facet normal 0 1 0
    outer loop
      vertex 22 4 -1.5
      vertex 19.0482 4 -16.1828
      vertex 0 4 -1.7
    endloop
  endfacet
  facet normal 0 1 0
    outer loop
      vertex -23.85 4 13.2403
      vertex -22.5665 4 -13.832
      vertex -23.85 4 -13.2403
    endloop
  endfacet
  facet normal 0 1 -0
    outer loop
      vertex 18.0103 4 -17.1422
      vertex 0 4 -1.7
      vertex 19.0482 4 -16.1828
    endloop
  endfacet
  facet normal 0 1 0
    outer loop
      vertex -1.67417 4 -0.295201
      vertex -21.3333 4 -14.5226
      vertex -22.5665 4 -13.832
    endloop
  endfacet
  facet normal 0 1 -0
    outer loop
      vertex 17.051 4 -18.1801
      vertex 0 4 -1.7
      vertex 18.0103 4 -17.1422
    endloop
  endfacet
  facet normal 0 1 -0
    outer loop
      vertex -0.292633 4 -20.5288
      vertex -0.295201 4 -1.67417
      vertex -0.147018 4 -20.5072
    endloop
  endfacet
  facet normal 0 1 -0
    outer loop
      vertex 0.833344 4 -20.7528
      vertex 0 4 -1.7
      vertex 17.051 4 -18.1801
    endloop
  endfacet
  facet normal 0 1 0
    outer loop
      vertex -0.435425 4 -20.5646
      vertex -0.295201 4 -1.67417
      vertex -0.292633 4 -20.5288
    endloop
  endfacet
  facet normal -0 1 -0
    outer loop
      vertex 0.707092 4 -20.6771
      vertex 0 4 -1.7
      vertex 0.833344 4 -20.7528
    endloop
  endfacet
  facet normal 0 1 0
    outer loop
      vertex -1.59748 4 -0.581433
      vertex -20.1581 4 -15.3078
      vertex -21.3333 4 -14.5226
    endloop
  endfacet
  facet normal -0 1 -0
    outer loop
      vertex 0.57402 4 -20.6142
      vertex 0 4 -1.7
      vertex 0.707092 4 -20.6771
    endloop
  endfacet
  facet normal 0 1 0
    outer loop
      vertex -0.295201 4 -1.67417
      vertex -0.435425 4 -20.5646
      vertex -0.581433 4 -1.59748
    endloop
  endfacet
  facet normal 0 1 0
    outer loop
      vertex 0.833344 4 -20.7528
      vertex 17.051 4 -18.1801
      vertex 16.176 4 -19.29
    endloop
  endfacet
  facet normal 0 1 0
    outer loop
      vertex -1.47224 4 -0.849999
      vertex -19.0482 4 -16.1828
      vertex -20.1581 4 -15.3078
    endloop
  endfacet
  facet normal 0 1 0
    outer loop
      vertex 1.06065 4 -20.9393
      vertex 16.176 4 -19.29
      vertex 15.3907 4 -20.4651
    endloop
  endfacet
  facet normal 0 1 -0
    outer loop
      vertex -0.57402 4 -20.6142
      vertex -0.581433 4 -1.59748
      vertex -0.435425 4 -20.5646
    endloop
  endfacet
  facet normal 0 1 0
    outer loop
      vertex -1.30227 4 -1.09274
      vertex -18.0103 4 -17.1422
      vertex -19.0482 4 -16.1828
    endloop
  endfacet
  facet normal 0 1 0
    outer loop
      vertex 0 4 -1.7
      vertex -0.147018 4 -20.5072
      vertex -0.295201 4 -1.67417
    endloop
  endfacet
  facet normal 0 1 0
    outer loop
      vertex -0.147018 4 -20.5072
      vertex 0 4 -1.7
      vertex 0 4 -20.5
    endloop
  endfacet
  facet normal -0 1 0
    outer loop
      vertex 0 4 -20.5
      vertex 0 4 -1.7
      vertex 0.147018 4 -20.5072
    endloop
  endfacet
  facet normal -0 1 -0
    outer loop
      vertex 0.147018 4 -20.5072
      vertex 0 4 -1.7
      vertex 0.292633 4 -20.5288
    endloop
  endfacet
  facet normal -0 1 -0
    outer loop
      vertex 0.292633 4 -20.5288
      vertex 0 4 -1.7
      vertex 0.435425 4 -20.5646
    endloop
  endfacet
  facet normal -0 1 -0
    outer loop
      vertex 0.435425 4 -20.5646
      vertex 0 4 -1.7
      vertex 0.57402 4 -20.6142
    endloop
  endfacet
  facet normal 0 1 0
    outer loop
      vertex 16.176 4 -19.29
      vertex 0.951584 4 -20.8405
      vertex 0.833344 4 -20.7528
    endloop
  endfacet
  facet normal 0 1 0
    outer loop
      vertex 16.176 4 -19.29
      vertex 1.06065 4 -20.9393
      vertex 0.951584 4 -20.8405
    endloop
  endfacet
  facet normal 0 1 0
    outer loop
      vertex 15.3907 4 -20.4651
      vertex 1.15952 4 -21.0484
      vertex 1.06065 4 -20.9393
    endloop
  endfacet
  facet normal 0 1 0
    outer loop
      vertex 15.3907 4 -20.4651
      vertex 1.24719 4 -21.1666
      vertex 1.15952 4 -21.0484
    endloop
  endfacet
  facet normal 0 1 0
    outer loop
      vertex 15.3907 4 -20.4651
      vertex 1.32288 4 -21.2929
      vertex 1.24719 4 -21.1666
    endloop
  endfacet
  facet normal 0 1 -0
    outer loop
      vertex 14.7001 4 -21.6983
      vertex 1.32288 4 -21.2929
      vertex 15.3907 4 -20.4651
    endloop
  endfacet
  facet normal 0 1 0
    outer loop
      vertex 1.32288 4 -21.2929
      vertex 14.7001 4 -21.6983
      vertex 1.38582 4 -21.426
    endloop
  endfacet
  facet normal 0 1 0
    outer loop
      vertex 1.38582 4 -21.426
      vertex 14.7001 4 -21.6983
      vertex 1.43541 4 -21.5646
    endloop
  endfacet
  facet normal 0 1 -0
    outer loop
      vertex 14.1084 4 -22.9818
      vertex 1.43541 4 -21.5646
      vertex 14.7001 4 -21.6983
    endloop
  endfacet
  facet normal 0 1 0
    outer loop
      vertex 1.43541 4 -21.5646
      vertex 14.1084 4 -22.9818
      vertex 1.47118 4 -21.7074
    endloop
  endfacet
  facet normal 0 1 0
    outer loop
      vertex 1.47118 4 -21.7074
      vertex 14.1084 4 -22.9818
      vertex 1.49277 4 -21.853
    endloop
  endfacet
  facet normal 0 1 -0
    outer loop
      vertex 13.6193 4 -24.3078
      vertex 1.49277 4 -21.853
      vertex 14.1084 4 -22.9818
    endloop
  endfacet
  facet normal 0 1 0
    outer loop
      vertex 1.49277 4 -21.853
      vertex 13.6193 4 -24.3078
      vertex 1.5 4 -22
    endloop
  endfacet
  facet normal 0 1 0
    outer loop
      vertex 1.5 4 -22
      vertex 13.6193 4 -24.3078
      vertex 1.49277 4 -22.147
    endloop
  endfacet
  facet normal 0 1 0
    outer loop
      vertex 1.49277 4 -22.147
      vertex 13.6193 4 -24.3078
      vertex 1.47118 4 -22.2926
    endloop
  endfacet
  facet normal 0 1 -0
    outer loop
      vertex 13.2356 4 -25.6681
      vertex 1.47118 4 -22.2926
      vertex 13.6193 4 -24.3078
    endloop
  endfacet
  facet normal 0 1 0
    outer loop
      vertex 1.47118 4 -22.2926
      vertex 13.2356 4 -25.6681
      vertex 1.43541 4 -22.4354
    endloop
  endfacet
  facet normal 0 1 0
    outer loop
      vertex 1.43541 4 -22.4354
      vertex 13.2356 4 -25.6681
      vertex 1.38582 4 -22.574
    endloop
  endfacet
  facet normal 0 1 -0
    outer loop
      vertex 12.9599 4 -27.0543
      vertex 1.38582 4 -22.574
      vertex 13.2356 4 -25.6681
    endloop
  endfacet
  facet normal 0 1 0
    outer loop
      vertex 1.38582 4 -22.574
      vertex 12.9599 4 -27.0543
      vertex 1.32288 4 -22.7071
    endloop
  endfacet
  facet normal 0 1 0
    outer loop
      vertex 1.32288 4 -22.7071
      vertex 12.9599 4 -27.0543
      vertex 1.24719 4 -22.8333
    endloop
  endfacet
  facet normal 0 1 0
    outer loop
      vertex 1.24719 4 -22.8333
      vertex 12.9599 4 -27.0543
      vertex 1.15952 4 -22.9516
    endloop
  endfacet
  facet normal 0 1 0
    outer loop
      vertex 1.15952 4 -31.0484
      vertex 1.15952 4 -22.9516
      vertex 12.9599 4 -27.0543
    endloop
  endfacet
  facet normal 0 1 0
    outer loop
      vertex 1.15952 4 -22.9516
      vertex 1.15952 4 -31.0484
      vertex 1.06065 4 -23.0607
    endloop
  endfacet
  facet normal -0 1 0
    outer loop
      vertex 1.06065 4 -30.9393
      vertex 1.06065 4 -23.0607
      vertex 1.15952 4 -31.0484
    endloop
  endfacet
  facet normal 0 1 0
    outer loop
      vertex 1.06065 4 -23.0607
      vertex 1.06065 4 -30.9393
      vertex 0.951584 4 -23.1595
    endloop
  endfacet
  facet normal -0 1 0
    outer loop
      vertex 0.951584 4 -30.8405
      vertex 0.951584 4 -23.1595
      vertex 1.06065 4 -30.9393
    endloop
  endfacet
  facet normal 0 1 0
    outer loop
      vertex 0.951584 4 -23.1595
      vertex 0.951584 4 -30.8405
      vertex 0.833344 4 -23.2472
    endloop
  endfacet
  facet normal -0 1 0
    outer loop
      vertex 0.833344 4 -30.7528
      vertex 0.833344 4 -23.2472
      vertex 0.951584 4 -30.8405
    endloop
  endfacet
  facet normal 0 1 0
    outer loop
      vertex 30.7383 4 11.8701
      vertex 31.853 4 1.49277
      vertex 31.7074 4 1.47118
    endloop
  endfacet
  facet normal 0 1 0
    outer loop
      vertex 23.85 4 13.2403
      vertex 22.147 4 1.49277
      vertex 22 4 1.5
    endloop
  endfacet
  facet normal 0 1 0
    outer loop
      vertex 30.7383 4 11.8701
      vertex 31.7074 4 1.47118
      vertex 31.5646 4 1.43541
    endloop
  endfacet
  facet normal 0 1 0
    outer loop
      vertex 25.176 4 12.7511
      vertex 22.2926 4 1.47118
      vertex 22.147 4 1.49277
    endloop
  endfacet
  facet normal 0 1 0
    outer loop
      vertex 29.326 4 11.9256
      vertex 31.5646 4 1.43541
      vertex 31.426 4 1.38582
    endloop
  endfacet
  facet normal 0 1 0
    outer loop
      vertex 25.176 4 12.7511
      vertex 22.4354 4 1.43541
      vertex 22.2926 4 1.47118
    endloop
  endfacet
  facet normal 0 1 0
    outer loop
      vertex 29.326 4 11.9256
      vertex 31.426 4 1.38582
      vertex 31.2929 4 1.32288
    endloop
  endfacet
  facet normal 0 1 0
    outer loop
      vertex 26.5363 4 12.3675
      vertex 22.574 4 1.38582
      vertex 22.4354 4 1.43541
    endloop
  endfacet
  facet normal 0 1 0
    outer loop
      vertex 29.326 4 11.9256
      vertex 31.2929 4 1.32288
      vertex 31.1666 4 1.24719
    endloop
  endfacet
  facet normal 0 1 0
    outer loop
      vertex 26.5363 4 12.3675
      vertex 22.7071 4 1.32288
      vertex 22.574 4 1.38582
    endloop
  endfacet
  facet normal 0 1 0
    outer loop
      vertex 27.9225 4 12.0917
      vertex 31.1666 4 1.24719
      vertex 31.0484 4 1.15952
    endloop
  endfacet
  facet normal 0 1 0
    outer loop
      vertex 26.5363 4 12.3675
      vertex 22.8333 4 1.24719
      vertex 22.7071 4 1.32288
    endloop
  endfacet
  facet normal 0 1 0
    outer loop
      vertex 27.9225 4 12.0917
      vertex 31.0484 4 1.15952
      vertex 22.9516 4 1.15952
    endloop
  endfacet
  facet normal 0 1 0
    outer loop
      vertex 27.9225 4 12.0917
      vertex 22.9516 4 1.15952
      vertex 22.8333 4 1.24719
    endloop
  endfacet
  facet normal 0 1 -0
    outer loop
      vertex 30.9393 4 1.06065
      vertex 22.9516 4 1.15952
      vertex 31.0484 4 1.15952
    endloop
  endfacet
  facet normal 0 1 0
    outer loop
      vertex 30.9393 4 1.06065
      vertex 23.0607 4 1.06065
      vertex 22.9516 4 1.15952
    endloop
  endfacet
  facet normal 0 1 -0
    outer loop
      vertex 30.8405 4 0.951584
      vertex 23.0607 4 1.06065
      vertex 30.9393 4 1.06065
    endloop
  endfacet
  facet normal 0 1 0
    outer loop
      vertex 30.8405 4 0.951584
      vertex 23.1595 4 0.951584
      vertex 23.0607 4 1.06065
    endloop
  endfacet
  facet normal 0 1 -0
    outer loop
      vertex 30.7528 4 0.833344
      vertex 23.1595 4 0.951584
      vertex 30.8405 4 0.951584
    endloop
  endfacet
  facet normal 0 1 0
    outer loop
      vertex 30.7528 4 0.833344
      vertex 23.2472 4 0.833344
      vertex 23.1595 4 0.951584
    endloop
  endfacet
  facet normal 0 1 -0
    outer loop
      vertex 30.6771 4 0.707092
      vertex 23.2472 4 0.833344
      vertex 30.7528 4 0.833344
    endloop
  endfacet
  facet normal 0 1 0
    outer loop
      vertex 30.6771 4 0.707092
      vertex 23.3229 4 0.707092
      vertex 23.2472 4 0.833344
    endloop
  endfacet
  facet normal 0 1 -0
    outer loop
      vertex 30.6142 4 0.57402
      vertex 23.3229 4 0.707092
      vertex 30.6771 4 0.707092
    endloop
  endfacet
  facet normal 0 1 0
    outer loop
      vertex 30.6142 4 0.57402
      vertex 23.3858 4 0.57402
      vertex 23.3229 4 0.707092
    endloop
  endfacet
  facet normal 0 1 -0
    outer loop
      vertex 30.5646 4 0.435425
      vertex 23.3858 4 0.57402
      vertex 30.6142 4 0.57402
    endloop
  endfacet
  facet normal 0 1 0
    outer loop
      vertex 30.5646 4 0.435425
      vertex 23.4354 4 0.435425
      vertex 23.3858 4 0.57402
    endloop
  endfacet
  facet normal 0 1 -0
    outer loop
      vertex 30.5288 4 0.292633
      vertex 23.4354 4 0.435425
      vertex 30.5646 4 0.435425
    endloop
  endfacet
  facet normal 0 1 0
    outer loop
      vertex 30.5288 4 0.292633
      vertex 23.4712 4 0.292633
      vertex 23.4354 4 0.435425
    endloop
  endfacet
  facet normal 0 1 -0
    outer loop
      vertex 30.5072 4 0.147018
      vertex 23.4712 4 0.292633
      vertex 30.5288 4 0.292633
    endloop
  endfacet
  facet normal 0 1 0
    outer loop
      vertex 30.5072 4 0.147018
      vertex 23.4928 4 0.147018
      vertex 23.4712 4 0.292633
    endloop
  endfacet
  facet normal 0 1 -0
    outer loop
      vertex 30.5 4 0
      vertex 23.4928 4 0.147018
      vertex 30.5072 4 0.147018
    endloop
  endfacet
  facet normal 0 1 0
    outer loop
      vertex 30.5 4 0
      vertex 23.5 4 0
      vertex 23.4928 4 0.147018
    endloop
  endfacet
  facet normal 0 1 0
    outer loop
      vertex 30.5072 4 -0.147018
      vertex 23.5 4 0
      vertex 30.5 4 0
    endloop
  endfacet
  facet normal 0 1 0
    outer loop
      vertex 30.5072 4 -0.147018
      vertex 23.4928 4 -0.147018
      vertex 23.5 4 0
    endloop
  endfacet
  facet normal 0 1 0
    outer loop
      vertex 30.5288 4 -0.292633
      vertex 23.4928 4 -0.147018
      vertex 30.5072 4 -0.147018
    endloop
  endfacet
  facet normal 0 1 0
    outer loop
      vertex 30.5288 4 -0.292633
      vertex 23.4712 4 -0.292633
      vertex 23.4928 4 -0.147018
    endloop
  endfacet
  facet normal 0 1 0
    outer loop
      vertex 30.5646 4 -0.435425
      vertex 23.4712 4 -0.292633
      vertex 30.5288 4 -0.292633
    endloop
  endfacet
  facet normal 0 1 0
    outer loop
      vertex 30.5646 4 -0.435425
      vertex 23.4354 4 -0.435425
      vertex 23.4712 4 -0.292633
    endloop
  endfacet
  facet normal 0 1 0
    outer loop
      vertex 30.6142 4 -0.57402
      vertex 23.4354 4 -0.435425
      vertex 30.5646 4 -0.435425
    endloop
  endfacet
  facet normal 0 1 0
    outer loop
      vertex 30.6142 4 -0.57402
      vertex 23.3858 4 -0.57402
      vertex 23.4354 4 -0.435425
    endloop
  endfacet
  facet normal 0 1 0
    outer loop
      vertex 30.6771 4 -0.707092
      vertex 23.3858 4 -0.57402
      vertex 30.6142 4 -0.57402
    endloop
  endfacet
  facet normal 0 1 0
    outer loop
      vertex 30.6771 4 -0.707092
      vertex 23.3229 4 -0.707092
      vertex 23.3858 4 -0.57402
    endloop
  endfacet
  facet normal 0 1 0
    outer loop
      vertex 30.7528 4 -0.833344
      vertex 23.3229 4 -0.707092
      vertex 30.6771 4 -0.707092
    endloop
  endfacet
  facet normal 0 1 0
    outer loop
      vertex 30.7528 4 -0.833344
      vertex 23.2472 4 -0.833344
      vertex 23.3229 4 -0.707092
    endloop
  endfacet
  facet normal 0 1 0
    outer loop
      vertex 30.8405 4 -0.951584
      vertex 23.2472 4 -0.833344
      vertex 30.7528 4 -0.833344
    endloop
  endfacet
  facet normal 0 1 0
    outer loop
      vertex 30.8405 4 -0.951584
      vertex 23.1595 4 -0.951584
      vertex 23.2472 4 -0.833344
    endloop
  endfacet
  facet normal 0 1 0
    outer loop
      vertex 30.9393 4 -1.06065
      vertex 23.1595 4 -0.951584
      vertex 30.8405 4 -0.951584
    endloop
  endfacet
  facet normal 0 1 0
    outer loop
      vertex 30.9393 4 -1.06065
      vertex 23.0607 4 -1.06065
      vertex 23.1595 4 -0.951584
    endloop
  endfacet
  facet normal 0 1 0
    outer loop
      vertex 31.0484 4 -1.15952
      vertex 23.0607 4 -1.06065
      vertex 30.9393 4 -1.06065
    endloop
  endfacet
  facet normal 0 1 0
    outer loop
      vertex 31.0484 4 -1.15952
      vertex 22.9516 4 -1.15952
      vertex 23.0607 4 -1.06065
    endloop
  endfacet
  facet normal 0 1 0
    outer loop
      vertex 31.2929 4 -1.32288
      vertex 29.326 4 -11.9256
      vertex 31.1666 4 -1.24719
    endloop
  endfacet
  facet normal 0 1 0
    outer loop
      vertex 27.9225 4 -12.0917
      vertex 31.1666 4 -1.24719
      vertex 29.326 4 -11.9256
    endloop
  endfacet
  facet normal 0 1 0
    outer loop
      vertex 31.426 4 -1.38582
      vertex 29.326 4 -11.9256
      vertex 31.2929 4 -1.32288
    endloop
  endfacet
  facet normal 0 1 0
    outer loop
      vertex 31.1666 4 -1.24719
      vertex 27.9225 4 -12.0917
      vertex 31.0484 4 -1.15952
    endloop
  endfacet
  facet normal 0 1 0
    outer loop
      vertex 31.5646 4 -1.43541
      vertex 29.326 4 -11.9256
      vertex 31.426 4 -1.38582
    endloop
  endfacet
  facet normal 0 1 0
    outer loop
      vertex 31.0484 4 -1.15952
      vertex 27.9225 4 -12.0917
      vertex 22.9516 4 -1.15952
    endloop
  endfacet
  facet normal 0 1 0
    outer loop
      vertex 31.7074 4 -1.47118
      vertex 30.7383 4 -11.8701
      vertex 31.5646 4 -1.43541
    endloop
  endfacet
  facet normal 0 1 0
    outer loop
      vertex 29.326 4 -11.9256
      vertex 31.5646 4 -1.43541
      vertex 30.7383 4 -11.8701
    endloop
  endfacet
  facet normal 0 1 0
    outer loop
      vertex 31.853 4 -1.49277
      vertex 30.7383 4 -11.8701
      vertex 31.7074 4 -1.47118
    endloop
  endfacet
  facet normal 0 1 0
    outer loop
      vertex 22.9516 4 -1.15952
      vertex 27.9225 4 -12.0917
      vertex 22.8333 4 -1.24719
    endloop
  endfacet
  facet normal 0 1 0
    outer loop
      vertex 32 4 -1.5
      vertex 30.7383 4 -11.8701
      vertex 31.853 4 -1.49277
    endloop
  endfacet
  facet normal 0 1 -0
    outer loop
      vertex 26.5363 4 -12.3675
      vertex 22.8333 4 -1.24719
      vertex 27.9225 4 -12.0917
    endloop
  endfacet
  facet normal 0 1 0
    outer loop
      vertex 32.147 4 -1.49277
      vertex 30.7383 4 -11.8701
      vertex 32 4 -1.5
    endloop
  endfacet
  facet normal 0 1 0
    outer loop
      vertex 22.8333 4 -1.24719
      vertex 26.5363 4 -12.3675
      vertex 22.7071 4 -1.32288
    endloop
  endfacet
  facet normal 0 1 0
    outer loop
      vertex 23.85 4 13.2403
      vertex 21.853 4 1.49277
      vertex 21.7074 4 1.47118
    endloop
  endfacet
  facet normal 0 1 0
    outer loop
      vertex 14.7001 4 21.6983
      vertex 0.295201 4 1.67417
      vertex 0 4 1.7
    endloop
  endfacet
  facet normal 0 1 0
    outer loop
      vertex 23.85 4 13.2403
      vertex 22 4 1.5
      vertex 21.853 4 1.49277
    endloop
  endfacet
  facet normal 0 1 0
    outer loop
      vertex 30.7383 4 11.8701
      vertex 32.147 4 1.49277
      vertex 32 4 1.5
    endloop
  endfacet
  facet normal 0 1 0
    outer loop
      vertex 30.7383 4 11.8701
      vertex 32.2926 4 1.47118
      vertex 32.147 4 1.49277
    endloop
  endfacet
  facet normal 0 1 0
    outer loop
      vertex 30.7383 4 11.8701
      vertex 32.4354 4 1.43541
      vertex 32.2926 4 1.47118
    endloop
  endfacet
  facet normal 0 1 0
    outer loop
      vertex 38.1399 4 11.8701
      vertex 32.4354 4 1.43541
      vertex 30.7383 4 11.8701
    endloop
  endfacet
  facet normal 0 1 0
    outer loop
      vertex 38.1399 4 11.8701
      vertex 32.7071 4 1.32288
      vertex 32.574 4 1.38582
    endloop
  endfacet
  facet normal 0 1 0
    outer loop
      vertex 38.1399 4 11.8701
      vertex 32.8333 4 1.24719
      vertex 32.7071 4 1.32288
    endloop
  endfacet
  facet normal 0 1 0
    outer loop
      vertex 38.1399 4 11.8701
      vertex 32.9516 4 1.15952
      vertex 32.8333 4 1.24719
    endloop
  endfacet
  facet normal 0 1 0
    outer loop
      vertex 38.1399 4 11.8701
      vertex 33.0607 4 1.06065
      vertex 32.9516 4 1.15952
    endloop
  endfacet
  facet normal 0 1 0
    outer loop
      vertex 38.1399 4 11.8701
      vertex 33.1595 4 0.951584
      vertex 33.0607 4 1.06065
    endloop
  endfacet
  facet normal 0 1 0
    outer loop
      vertex 33.4928 4 0.147018
      vertex 49.854 4 1.86533
      vertex 49.9634 4 0.940521
    endloop
  endfacet
  facet normal 0 1 0
    outer loop
      vertex 39.9952 4 11.7241
      vertex 33.2472 4 0.833344
      vertex 33.1595 4 0.951584
    endloop
  endfacet
  facet normal 0 1 0
    outer loop
      vertex 41.8048 4 11.2896
      vertex 33.3229 4 0.707092
      vertex 33.2472 4 0.833344
    endloop
  endfacet
  facet normal 0 1 0
    outer loop
      vertex 43.5242 4 10.5774
      vertex 33.3858 4 0.57402
      vertex 33.3229 4 0.707092
    endloop
  endfacet
  facet normal 0 1 0
    outer loop
      vertex 45.8424 4 9.0285
      vertex 33.4354 4 0.435425
      vertex 33.3858 4 0.57402
    endloop
  endfacet
  facet normal 0 1 0
    outer loop
      vertex 47.7349 4 6.9812
      vertex 33.4712 4 0.292633
      vertex 33.4354 4 0.435425
    endloop
  endfacet
  facet normal 0 1 0
    outer loop
      vertex 49.0972 4 4.54866
      vertex 33.4928 4 0.147018
      vertex 33.4712 4 0.292633
    endloop
  endfacet
  facet normal 0 1 0
    outer loop
      vertex 33.5 4 0
      vertex 49.9634 4 0.940521
      vertex 50 4 0.00999451
    endloop
  endfacet
  facet normal 0 1 0
    outer loop
      vertex 49.9634 4 0.940521
      vertex 33.5 4 0
      vertex 33.4928 4 0.147018
    endloop
  endfacet
  facet normal 0 1 -0
    outer loop
      vertex 50 4 -0.00999451
      vertex 33.5 4 0
      vertex 50 4 0.00999451
    endloop
  endfacet
  facet normal 0 1 -0
    outer loop
      vertex 49.9634 4 -0.940521
      vertex 33.5 4 0
      vertex 50 4 -0.00999451
    endloop
  endfacet
  facet normal 0 1 0
    outer loop
      vertex 33.5 4 0
      vertex 49.9634 4 -0.940521
      vertex 33.4928 4 -0.147018
    endloop
  endfacet
  facet normal 0 1 -0
    outer loop
      vertex 49.854 4 -1.86533
      vertex 33.4928 4 -0.147018
      vertex 49.9634 4 -0.940521
    endloop
  endfacet
  facet normal 0 1 -0
    outer loop
      vertex 49.6723 4 -2.77869
      vertex 33.4928 4 -0.147018
      vertex 49.854 4 -1.86533
    endloop
  endfacet
  facet normal 0 1 0
    outer loop
      vertex 33.4928 4 -0.147018
      vertex 49.6723 4 -2.77869
      vertex 33.4712 4 -0.292633
    endloop
  endfacet
  facet normal 0 1 0
    outer loop
      vertex 33.4712 4 -0.292633
      vertex 49.6723 4 -2.77869
      vertex 33.4354 4 -0.435425
    endloop
  endfacet
  facet normal 0 1 0
    outer loop
      vertex 33.4354 4 -0.435425
      vertex 49.6723 4 -2.77869
      vertex 33.3858 4 -0.57402
    endloop
  endfacet
  facet normal 0 1 -0
    outer loop
      vertex 38.1399 4 -11.8701
      vertex 33.3858 4 -0.57402
      vertex 49.6723 4 -2.77869
    endloop
  endfacet
  facet normal 0 1 0
    outer loop
      vertex 33.3858 4 -0.57402
      vertex 38.1399 4 -11.8701
      vertex 33.3229 4 -0.707092
    endloop
  endfacet
  facet normal 0 1 0
    outer loop
      vertex 33.3229 4 -0.707092
      vertex 38.1399 4 -11.8701
      vertex 33.2472 4 -0.833344
    endloop
  endfacet
  facet normal 0 1 0
    outer loop
      vertex 33.2472 4 -0.833344
      vertex 38.1399 4 -11.8701
      vertex 33.1595 4 -0.951584
    endloop
  endfacet
  facet normal 0 1 0
    outer loop
      vertex 33.1595 4 -0.951584
      vertex 38.1399 4 -11.8701
      vertex 33.0607 4 -1.06065
    endloop
  endfacet
  facet normal 0 1 0
    outer loop
      vertex 33.0607 4 -1.06065
      vertex 38.1399 4 -11.8701
      vertex 32.9516 4 -1.15952
    endloop
  endfacet
  facet normal 0 1 0
    outer loop
      vertex 32.9516 4 -1.15952
      vertex 38.1399 4 -11.8701
      vertex 32.8333 4 -1.24719
    endloop
  endfacet
  facet normal 0 1 0
    outer loop
      vertex 32.8333 4 -1.24719
      vertex 38.1399 4 -11.8701
      vertex 32.7071 4 -1.32288
    endloop
  endfacet
  facet normal 0 1 0
    outer loop
      vertex 32.7071 4 -1.32288
      vertex 38.1399 4 -11.8701
      vertex 32.574 4 -1.38582
    endloop
  endfacet
  facet normal 0 1 0
    outer loop
      vertex 32.574 4 -1.38582
      vertex 38.1399 4 -11.8701
      vertex 32.4354 4 -1.43541
    endloop
  endfacet
  facet normal 0 1 0
    outer loop
      vertex 32.2926 4 -1.47118
      vertex 30.7383 4 -11.8701
      vertex 32.147 4 -1.49277
    endloop
  endfacet
  facet normal 0 1 0
    outer loop
      vertex 22 4 -1.5
      vertex 0.295201 4 -1.67417
      vertex 0.581433 4 -1.59748
    endloop
  endfacet
  facet normal 0 1 0
    outer loop
      vertex 22 4 -1.5
      vertex 0 4 -1.7
      vertex 0.295201 4 -1.67417
    endloop
  endfacet
  facet normal 0 1 0
    outer loop
      vertex 32.4354 4 -1.43541
      vertex 30.7383 4 -11.8701
      vertex 32.2926 4 -1.47118
    endloop
  endfacet
  facet normal 0 1 0
    outer loop
      vertex 30.7383 4 -11.8701
      vertex 32.4354 4 -1.43541
      vertex 38.1399 4 -11.8701
    endloop
  endfacet
  facet normal 0 1 0
    outer loop
      vertex -19.0482 4 16.1828
      vertex -1.47224 4 0.849999
      vertex -20.1581 4 15.3078
    endloop
  endfacet
  facet normal 0 1 0
    outer loop
      vertex 22.5665 4 13.832
      vertex 21.7074 4 1.47118
      vertex 21.5646 4 1.43541
    endloop
  endfacet
  facet normal 0 1 0
    outer loop
      vertex 15.3907 4 20.4651
      vertex 0.581433 4 1.59748
      vertex 0.295201 4 1.67417
    endloop
  endfacet
  facet normal 0 1 0
    outer loop
      vertex 22.5665 4 13.832
      vertex 21.5646 4 1.43541
      vertex 21.426 4 1.38582
    endloop
  endfacet
  facet normal 0 1 0
    outer loop
      vertex 21.3333 4 14.5226
      vertex 21.426 4 1.38582
      vertex 21.2929 4 1.32288
    endloop
  endfacet
  facet normal 0 1 0
    outer loop
      vertex 16.176 4 19.29
      vertex 0.849999 4 1.47224
      vertex 0.581433 4 1.59748
    endloop
  endfacet
  facet normal 0 1 0
    outer loop
      vertex 21.3333 4 14.5226
      vertex 21.2929 4 1.32288
      vertex 21.1666 4 1.24719
    endloop
  endfacet
  facet normal 0 1 0
    outer loop
      vertex 21.3333 4 14.5226
      vertex 21.1666 4 1.24719
      vertex 21.0484 4 1.15952
    endloop
  endfacet
  facet normal 0 1 0
    outer loop
      vertex 17.051 4 18.1801
      vertex 1.09274 4 1.30227
      vertex 0.849999 4 1.47224
    endloop
  endfacet
  facet normal 0 1 0
    outer loop
      vertex 20.1581 4 15.3078
      vertex 21.0484 4 1.15952
      vertex 20.9393 4 1.06065
    endloop
  endfacet
  facet normal 0 1 0
    outer loop
      vertex 20.1581 4 15.3078
      vertex 20.9393 4 1.06065
      vertex 20.8405 4 0.951584
    endloop
  endfacet
  facet normal 0 1 0
    outer loop
      vertex 18.0103 4 17.1422
      vertex 1.30227 4 1.09274
      vertex 1.09274 4 1.30227
    endloop
  endfacet
  facet normal 0 1 0
    outer loop
      vertex 19.0482 4 16.1828
      vertex 20.8405 4 0.951584
      vertex 20.7528 4 0.833344
    endloop
  endfacet
  facet normal -0 1 0
    outer loop
      vertex 1.47224 4 0.849999
      vertex 19.0482 4 16.1828
      vertex 20.7528 4 0.833344
    endloop
  endfacet
  facet normal 0 1 0
    outer loop
      vertex 19.0482 4 16.1828
      vertex 1.47224 4 0.849999
      vertex 1.30227 4 1.09274
    endloop
  endfacet
  facet normal 0 1 -0
    outer loop
      vertex 20.6771 4 0.707092
      vertex 1.47224 4 0.849999
      vertex 20.7528 4 0.833344
    endloop
  endfacet
  facet normal 0 1 0
    outer loop
      vertex 20.6771 4 0.707092
      vertex 1.59748 4 0.581433
      vertex 1.47224 4 0.849999
    endloop
  endfacet
  facet normal 0 1 -0
    outer loop
      vertex 20.6142 4 0.57402
      vertex 1.59748 4 0.581433
      vertex 20.6771 4 0.707092
    endloop
  endfacet
  facet normal 0 1 -0
    outer loop
      vertex 20.5646 4 0.435425
      vertex 1.59748 4 0.581433
      vertex 20.6142 4 0.57402
    endloop
  endfacet
  facet normal 0 1 0
    outer loop
      vertex 20.5646 4 0.435425
      vertex 1.67417 4 0.295201
      vertex 1.59748 4 0.581433
    endloop
  endfacet
  facet normal 0 1 -0
    outer loop
      vertex 20.5288 4 0.292633
      vertex 1.67417 4 0.295201
      vertex 20.5646 4 0.435425
    endloop
  endfacet
  facet normal 0 1 -0
    outer loop
      vertex 20.5072 4 0.147018
      vertex 1.67417 4 0.295201
      vertex 20.5288 4 0.292633
    endloop
  endfacet
  facet normal 0 1 0
    outer loop
      vertex 1.7 4 0
      vertex 20.5072 4 0.147018
      vertex 20.5 4 0
    endloop
  endfacet
  facet normal 0 1 0
    outer loop
      vertex 20.5072 4 0.147018
      vertex 1.7 4 0
      vertex 1.67417 4 0.295201
    endloop
  endfacet
  facet normal 0 1 0
    outer loop
      vertex 20.5072 4 -0.147018
      vertex 1.7 4 0
      vertex 20.5 4 0
    endloop
  endfacet
  facet normal 0 1 0
    outer loop
      vertex 1.67417 4 -0.295201
      vertex 20.5072 4 -0.147018
      vertex 20.5288 4 -0.292633
    endloop
  endfacet
  facet normal 0 1 0
    outer loop
      vertex 20.5072 4 -0.147018
      vertex 1.67417 4 -0.295201
      vertex 1.7 4 0
    endloop
  endfacet
  facet normal 0 1 0
    outer loop
      vertex 20.5646 4 -0.435425
      vertex 1.67417 4 -0.295201
      vertex 20.5288 4 -0.292633
    endloop
  endfacet
  facet normal 0 1 0
    outer loop
      vertex 1.59748 4 -0.581433
      vertex 20.5646 4 -0.435425
      vertex 20.6142 4 -0.57402
    endloop
  endfacet
  facet normal 0 1 0
    outer loop
      vertex 20.5646 4 -0.435425
      vertex 1.59748 4 -0.581433
      vertex 1.67417 4 -0.295201
    endloop
  endfacet
  facet normal 0 1 0
    outer loop
      vertex 20.6771 4 -0.707092
      vertex 1.59748 4 -0.581433
      vertex 20.6142 4 -0.57402
    endloop
  endfacet
  facet normal 0 1 0
    outer loop
      vertex 1.47224 4 -0.849999
      vertex 20.6771 4 -0.707092
      vertex 20.7528 4 -0.833344
    endloop
  endfacet
  facet normal 0 1 0
    outer loop
      vertex 20.6771 4 -0.707092
      vertex 1.47224 4 -0.849999
      vertex 1.59748 4 -0.581433
    endloop
  endfacet
  facet normal 0 1 0
    outer loop
      vertex 1.30227 4 -1.09274
      vertex 20.7528 4 -0.833344
      vertex 20.8405 4 -0.951584
    endloop
  endfacet
  facet normal 0 1 0
    outer loop
      vertex 1.30227 4 -1.09274
      vertex 20.8405 4 -0.951584
      vertex 20.9393 4 -1.06065
    endloop
  endfacet
  facet normal 0 1 0
    outer loop
      vertex 20.7528 4 -0.833344
      vertex 1.30227 4 -1.09274
      vertex 1.47224 4 -0.849999
    endloop
  endfacet
  facet normal 0 1 0
    outer loop
      vertex 1.09274 4 -1.30227
      vertex 20.9393 4 -1.06065
      vertex 21.0484 4 -1.15952
    endloop
  endfacet
  facet normal 0 1 0
    outer loop
      vertex 1.09274 4 -1.30227
      vertex 21.0484 4 -1.15952
      vertex 21.1666 4 -1.24719
    endloop
  endfacet
  facet normal 0 1 0
    outer loop
      vertex 20.9393 4 -1.06065
      vertex 1.09274 4 -1.30227
      vertex 1.30227 4 -1.09274
    endloop
  endfacet
  facet normal 0 1 0
    outer loop
      vertex 0.849999 4 -1.47224
      vertex 21.1666 4 -1.24719
      vertex 21.2929 4 -1.32288
    endloop
  endfacet
  facet normal 0 1 0
    outer loop
      vertex 0.849999 4 -1.47224
      vertex 21.2929 4 -1.32288
      vertex 21.426 4 -1.38582
    endloop
  endfacet
  facet normal 0 1 0
    outer loop
      vertex 0.581433 4 -1.59748
      vertex 21.426 4 -1.38582
      vertex 21.5646 4 -1.43541
    endloop
  endfacet
  facet normal 0 1 0
    outer loop
      vertex 0.581433 4 -1.59748
      vertex 21.5646 4 -1.43541
      vertex 21.7074 4 -1.47118
    endloop
  endfacet
  facet normal 0 1 0
    outer loop
      vertex 21.1666 4 -1.24719
      vertex 0.849999 4 -1.47224
      vertex 1.09274 4 -1.30227
    endloop
  endfacet
  facet normal 0 1 0
    outer loop
      vertex 0.581433 4 -1.59748
      vertex 21.7074 4 -1.47118
      vertex 21.853 4 -1.49277
    endloop
  endfacet
  facet normal 0 1 0
    outer loop
      vertex 0.581433 4 -1.59748
      vertex 21.853 4 -1.49277
      vertex 22 4 -1.5
    endloop
  endfacet
  facet normal 0 1 0
    outer loop
      vertex 21.426 4 -1.38582
      vertex 0.581433 4 -1.59748
      vertex 0.849999 4 -1.47224
    endloop
  endfacet
  facet normal 0 1 0
    outer loop
      vertex -0.833344 4 -30.7528
      vertex -0.833344 4 -23.2472
      vertex -0.707092 4 -30.6771
    endloop
  endfacet
  facet normal 0 1 0
    outer loop
      vertex -0.833344 4 -23.2472
      vertex -0.833344 4 -30.7528
      vertex -0.951584 4 -23.1595
    endloop
  endfacet
  facet normal 0 1 0
    outer loop
      vertex -0.951584 4 -30.8405
      vertex -0.951584 4 -23.1595
      vertex -0.833344 4 -30.7528
    endloop
  endfacet
  facet normal 0 1 0
    outer loop
      vertex -0.951584 4 -23.1595
      vertex -0.951584 4 -30.8405
      vertex -1.06065 4 -23.0607
    endloop
  endfacet
  facet normal 0 1 0
    outer loop
      vertex -1.06065 4 -30.9393
      vertex -1.06065 4 -23.0607
      vertex -0.951584 4 -30.8405
    endloop
  endfacet
  facet normal 0 1 0
    outer loop
      vertex -1.06065 4 -23.0607
      vertex -1.06065 4 -30.9393
      vertex -1.15952 4 -22.9516
    endloop
  endfacet
  facet normal 0 1 0
    outer loop
      vertex -1.15952 4 -31.0484
      vertex -1.15952 4 -22.9516
      vertex -1.06065 4 -30.9393
    endloop
  endfacet
  facet normal 0 1 0
    outer loop
      vertex -1.15952 4 -22.9516
      vertex -1.15952 4 -31.0484
      vertex -12.7938 4 -28.4579
    endloop
  endfacet
  facet normal 0 1 -0
    outer loop
      vertex -1.24719 4 -31.1666
      vertex -12.7938 4 -28.4579
      vertex -1.15952 4 -31.0484
    endloop
  endfacet
  facet normal 0 1 -0
    outer loop
      vertex -1.32288 4 -31.2929
      vertex -12.7938 4 -28.4579
      vertex -1.24719 4 -31.1666
    endloop
  endfacet
  facet normal 0 1 -0
    outer loop
      vertex -1.38582 4 -31.426
      vertex -12.7938 4 -28.4579
      vertex -1.32288 4 -31.2929
    endloop
  endfacet
  facet normal 0 1 0
    outer loop
      vertex -12.7938 4 -28.4579
      vertex -1.38582 4 -31.426
      vertex -12.7383 4 -29.8701
    endloop
  endfacet
  facet normal 0 1 -0
    outer loop
      vertex -1.43541 4 -31.5646
      vertex -12.7383 4 -29.8701
      vertex -1.38582 4 -31.426
    endloop
  endfacet
  facet normal 0 1 -0
    outer loop
      vertex -1.47118 4 -31.7074
      vertex -12.7383 4 -29.8701
      vertex -1.43541 4 -31.5646
    endloop
  endfacet
  facet normal 0 1 -0
    outer loop
      vertex -1.49277 4 -31.853
      vertex -12.7383 4 -29.8701
      vertex -1.47118 4 -31.7074
    endloop
  endfacet
  facet normal 0 1 -0
    outer loop
      vertex -1.5 4 -32
      vertex -12.7383 4 -29.8701
      vertex -1.49277 4 -31.853
    endloop
  endfacet
  facet normal 0 1 0
    outer loop
      vertex -1.49277 4 -32.147
      vertex -12.7383 4 -29.8701
      vertex -1.5 4 -32
    endloop
  endfacet
  facet normal 0 1 0
    outer loop
      vertex -1.47118 4 -32.2926
      vertex -12.7383 4 -29.8701
      vertex -1.49277 4 -32.147
    endloop
  endfacet
  facet normal 0 1 0
    outer loop
      vertex -1.43541 4 -32.4354
      vertex -12.7383 4 -29.8701
      vertex -1.47118 4 -32.2926
    endloop
  endfacet
  facet normal 0 1 0
    outer loop
      vertex -12.7383 4 -38.1399
      vertex -1.43541 4 -32.4354
      vertex -1.38582 4 -32.574
    endloop
  endfacet
  facet normal 0 1 0
    outer loop
      vertex -12.7383 4 -38.1399
      vertex -1.38582 4 -32.574
      vertex -1.32288 4 -32.7071
    endloop
  endfacet
  facet normal 0 1 0
    outer loop
      vertex -12.7383 4 -38.1399
      vertex -1.32288 4 -32.7071
      vertex -1.24719 4 -32.8333
    endloop
  endfacet
  facet normal 0 1 0
    outer loop
      vertex -12.7383 4 -38.1399
      vertex -1.24719 4 -32.8333
      vertex -1.15952 4 -32.9516
    endloop
  endfacet
  facet normal 0 1 0
    outer loop
      vertex -12.7383 4 -38.1399
      vertex -1.15952 4 -32.9516
      vertex -1.06065 4 -33.0607
    endloop
  endfacet
  facet normal 0 1 0
    outer loop
      vertex -12.7383 4 -38.1399
      vertex -1.06065 4 -33.0607
      vertex -0.951584 4 -33.1595
    endloop
  endfacet
  facet normal 0 1 0
    outer loop
      vertex -12.4106 4 -40.9086
      vertex -0.951584 4 -33.1595
      vertex -0.833344 4 -33.2472
    endloop
  endfacet
  facet normal 0 1 0
    outer loop
      vertex -11.8355 4 -42.6785
      vertex -0.833344 4 -33.2472
      vertex -0.707092 4 -33.3229
    endloop
  endfacet
  facet normal 0 1 0
    outer loop
      vertex -10.4732 4 -45.1111
      vertex -0.707092 4 -33.3229
      vertex -0.57402 4 -33.3858
    endloop
  endfacet
  facet normal 0 1 0
    outer loop
      vertex -8.58069 4 -47.1584
      vertex -0.57402 4 -33.3858
      vertex -0.435425 4 -33.4354
    endloop
  endfacet
  facet normal 0 1 -0
    outer loop
      vertex 11.4456 4 -43.5242
      vertex 0.707092 4 -33.3229
      vertex 11.8355 4 -42.6785
    endloop
  endfacet
  facet normal 0 1 -0
    outer loop
      vertex 10.9906 4 -44.3368
      vertex 0.707092 4 -33.3229
      vertex 11.4456 4 -43.5242
    endloop
  endfacet
  facet normal 0 1 -0
    outer loop
      vertex 10.4732 4 -45.1111
      vertex 0.707092 4 -33.3229
      vertex 10.9906 4 -44.3368
    endloop
  endfacet
  facet normal 0 1 0
    outer loop
      vertex 0.707092 4 -33.3229
      vertex 10.4732 4 -45.1111
      vertex 0.57402 4 -33.3858
    endloop
  endfacet
  facet normal 0 1 0
    outer loop
      vertex -1.43541 4 -32.4354
      vertex -12.7383 4 -38.1399
      vertex -12.7383 4 -29.8701
    endloop
  endfacet
  facet normal 0 1 -0
    outer loop
      vertex 9.89665 4 -45.8424
      vertex 0.57402 4 -33.3858
      vertex 10.4732 4 -45.1111
    endloop
  endfacet
  facet normal -0 1 0
    outer loop
      vertex -2.73347 4 -49.854
      vertex -0.147018 4 -33.4928
      vertex -1.80869 4 -49.9634
    endloop
  endfacet
  facet normal 0 1 -0
    outer loop
      vertex 9.26453 4 -46.5262
      vertex 0.57402 4 -33.3858
      vertex 9.89665 4 -45.8424
    endloop
  endfacet
  facet normal 0 1 0
    outer loop
      vertex -0.147018 4 -33.4928
      vertex -2.73347 4 -49.854
      vertex -0.292633 4 -33.4712
    endloop
  endfacet
  facet normal 0 1 -0
    outer loop
      vertex 8.58069 4 -47.1584
      vertex 0.57402 4 -33.3858
      vertex 9.26453 4 -46.5262
    endloop
  endfacet
  facet normal 0 1 0
    outer loop
      vertex -0.951584 4 -33.1595
      vertex -12.7017 4 -39.0704
      vertex -12.7383 4 -38.1399
    endloop
  endfacet
  facet normal 0 1 0
    outer loop
      vertex 0.57402 4 -33.3858
      vertex 8.58069 4 -47.1584
      vertex 0.435425 4 -33.4354
    endloop
  endfacet
  facet normal 0 1 0
    outer loop
      vertex -0.951584 4 -33.1595
      vertex -12.5923 4 -39.9952
      vertex -12.7017 4 -39.0704
    endloop
  endfacet
  facet normal 0 1 -0
    outer loop
      vertex 7.84935 4 -47.7349
      vertex 0.435425 4 -33.4354
      vertex 8.58069 4 -47.1584
    endloop
  endfacet
  facet normal 0 1 0
    outer loop
      vertex -0.951584 4 -33.1595
      vertex -12.4106 4 -40.9086
      vertex -12.5923 4 -39.9952
    endloop
  endfacet
  facet normal 0 1 -0
    outer loop
      vertex 7.07504 4 -48.2523
      vertex 0.435425 4 -33.4354
      vertex 7.84935 4 -47.7349
    endloop
  endfacet
  facet normal 0 1 0
    outer loop
      vertex -0.833344 4 -33.2472
      vertex -12.1578 4 -41.8048
      vertex -12.4106 4 -40.9086
    endloop
  endfacet
  facet normal 0 1 -0
    outer loop
      vertex 6.26253 4 -48.7073
      vertex 0.435425 4 -33.4354
      vertex 7.07504 4 -48.2523
    endloop
  endfacet
  facet normal 0 1 0
    outer loop
      vertex -0.833344 4 -33.2472
      vertex -11.8355 4 -42.6785
      vertex -12.1578 4 -41.8048
    endloop
  endfacet
  facet normal 0 1 0
    outer loop
      vertex 0.435425 4 -33.4354
      vertex 6.26253 4 -48.7073
      vertex 0.292633 4 -33.4712
    endloop
  endfacet
  facet normal 0 1 0
    outer loop
      vertex -0.707092 4 -33.3229
      vertex -11.4456 4 -43.5242
      vertex -11.8355 4 -42.6785
    endloop
  endfacet
  facet normal 0 1 -0
    outer loop
      vertex 5.41682 4 -49.0972
      vertex 0.292633 4 -33.4712
      vertex 6.26253 4 -48.7073
    endloop
  endfacet
  facet normal 0 1 0
    outer loop
      vertex -0.707092 4 -33.3229
      vertex -10.9906 4 -44.3368
      vertex -11.4456 4 -43.5242
    endloop
  endfacet
  facet normal 0 1 -0
    outer loop
      vertex 4.54312 4 -49.4195
      vertex 0.292633 4 -33.4712
      vertex 5.41682 4 -49.0972
    endloop
  endfacet
  facet normal 0 1 0
    outer loop
      vertex -0.707092 4 -33.3229
      vertex -10.4732 4 -45.1111
      vertex -10.9906 4 -44.3368
    endloop
  endfacet
  facet normal 0 1 -0
    outer loop
      vertex 3.64684 4 -49.6723
      vertex 0.292633 4 -33.4712
      vertex 4.54312 4 -49.4195
    endloop
  endfacet
  facet normal 0 1 0
    outer loop
      vertex -0.57402 4 -33.3858
      vertex -9.89665 4 -45.8424
      vertex -10.4732 4 -45.1111
    endloop
  endfacet
  facet normal 0 1 -0
    outer loop
      vertex 2.73347 4 -49.854
      vertex 0.292633 4 -33.4712
      vertex 3.64684 4 -49.6723
    endloop
  endfacet
  facet normal 0 1 0
    outer loop
      vertex -0.57402 4 -33.3858
      vertex -9.26453 4 -46.5262
      vertex -9.89665 4 -45.8424
    endloop
  endfacet
  facet normal 0 1 0
    outer loop
      vertex 0.292633 4 -33.4712
      vertex 2.73347 4 -49.854
      vertex 0.147018 4 -33.4928
    endloop
  endfacet
  facet normal 0 1 0
    outer loop
      vertex -0.57402 4 -33.3858
      vertex -8.58069 4 -47.1584
      vertex -9.26453 4 -46.5262
    endloop
  endfacet
  facet normal 0 1 -0
    outer loop
      vertex 1.80869 4 -49.9634
      vertex 0.147018 4 -33.4928
      vertex 2.73347 4 -49.854
    endloop
  endfacet
  facet normal 0 1 0
    outer loop
      vertex -0.435425 4 -33.4354
      vertex -7.84935 4 -47.7349
      vertex -8.58069 4 -47.1584
    endloop
  endfacet
  facet normal 0 1 -0
    outer loop
      vertex 0.878143 4 -50
      vertex 0.147018 4 -33.4928
      vertex 1.80869 4 -49.9634
    endloop
  endfacet
  facet normal 0 1 0
    outer loop
      vertex -0.435425 4 -33.4354
      vertex -7.07504 4 -48.2523
      vertex -7.84935 4 -47.7349
    endloop
  endfacet
  facet normal 0 1 0
    outer loop
      vertex 0.147018 4 -33.4928
      vertex 0.878143 4 -50
      vertex 0 4 -33.5
    endloop
  endfacet
  facet normal 0 1 0
    outer loop
      vertex -0.435425 4 -33.4354
      vertex -6.26253 4 -48.7073
      vertex -7.07504 4 -48.2523
    endloop
  endfacet
  facet normal 0 1 0
    outer loop
      vertex -0.878143 4 -50
      vertex 0 4 -33.5
      vertex 0.878143 4 -50
    endloop
  endfacet
  facet normal 0 1 0
    outer loop
      vertex -0.435425 4 -33.4354
      vertex -5.41682 4 -49.0972
      vertex -6.26253 4 -48.7073
    endloop
  endfacet
  facet normal 0 1 0
    outer loop
      vertex 0 4 -33.5
      vertex -0.878143 4 -50
      vertex -0.147018 4 -33.4928
    endloop
  endfacet
  facet normal 0 1 0
    outer loop
      vertex -0.292633 4 -33.4712
      vertex -5.41682 4 -49.0972
      vertex -0.435425 4 -33.4354
    endloop
  endfacet
  facet normal -0 1 0
    outer loop
      vertex -1.80869 4 -49.9634
      vertex -0.147018 4 -33.4928
      vertex -0.878143 4 -50
    endloop
  endfacet
  facet normal -0 1 0
    outer loop
      vertex -5.41682 4 -49.0972
      vertex -0.292633 4 -33.4712
      vertex -4.54312 4 -49.4195
    endloop
  endfacet
  facet normal -0 1 0
    outer loop
      vertex -4.54312 4 -49.4195
      vertex -0.292633 4 -33.4712
      vertex -3.64684 4 -49.6723
    endloop
  endfacet
  facet normal -0 1 0
    outer loop
      vertex -3.64684 4 -49.6723
      vertex -0.292633 4 -33.4712
      vertex -2.73347 4 -49.854
    endloop
  endfacet
  facet normal 0 1 0
    outer loop
      vertex -0.707092 4 -20.6771
      vertex -0.581433 4 -1.59748
      vertex -0.57402 4 -20.6142
    endloop
  endfacet
  facet normal 0 1 0
    outer loop
      vertex -0.849999 4 -1.47224
      vertex -0.707092 4 -20.6771
      vertex -0.833344 4 -20.7528
    endloop
  endfacet
  facet normal 0 1 0
    outer loop
      vertex -1.09274 4 -1.30227
      vertex -17.051 4 -18.1801
      vertex -18.0103 4 -17.1422
    endloop
  endfacet
  facet normal 0 1 0
    outer loop
      vertex -0.849999 4 -1.47224
      vertex -0.833344 4 -20.7528
      vertex -17.051 4 -18.1801
    endloop
  endfacet
  facet normal 0 1 0
    outer loop
      vertex -17.051 4 -18.1801
      vertex -0.833344 4 -20.7528
      vertex -16.176 4 -19.29
    endloop
  endfacet
  facet normal 0 1 -0
    outer loop
      vertex -0.951584 4 -20.8405
      vertex -16.176 4 -19.29
      vertex -0.833344 4 -20.7528
    endloop
  endfacet
  facet normal 0 1 -0
    outer loop
      vertex -1.06065 4 -20.9393
      vertex -16.176 4 -19.29
      vertex -0.951584 4 -20.8405
    endloop
  endfacet
  facet normal 0 1 0
    outer loop
      vertex -16.176 4 -19.29
      vertex -1.06065 4 -20.9393
      vertex -15.3907 4 -20.4651
    endloop
  endfacet
  facet normal 0 1 -0
    outer loop
      vertex -1.15952 4 -21.0484
      vertex -15.3907 4 -20.4651
      vertex -1.06065 4 -20.9393
    endloop
  endfacet
  facet normal 0 1 -0
    outer loop
      vertex -1.24719 4 -21.1666
      vertex -15.3907 4 -20.4651
      vertex -1.15952 4 -21.0484
    endloop
  endfacet
  facet normal 0 1 -0
    outer loop
      vertex -1.32288 4 -21.2929
      vertex -15.3907 4 -20.4651
      vertex -1.24719 4 -21.1666
    endloop
  endfacet
  facet normal 0 1 0
    outer loop
      vertex -14.7001 4 -21.6983
      vertex -1.32288 4 -21.2929
      vertex -1.38582 4 -21.426
    endloop
  endfacet
  facet normal 0 1 0
    outer loop
      vertex -14.7001 4 -21.6983
      vertex -1.38582 4 -21.426
      vertex -1.43541 4 -21.5646
    endloop
  endfacet
  facet normal 0 1 0
    outer loop
      vertex -1.32288 4 -21.2929
      vertex -14.7001 4 -21.6983
      vertex -15.3907 4 -20.4651
    endloop
  endfacet
  facet normal 0 1 0
    outer loop
      vertex -14.1084 4 -22.9818
      vertex -1.43541 4 -21.5646
      vertex -1.47118 4 -21.7074
    endloop
  endfacet
  facet normal 0 1 0
    outer loop
      vertex -14.1084 4 -22.9818
      vertex -1.47118 4 -21.7074
      vertex -1.49277 4 -21.853
    endloop
  endfacet
  facet normal 0 1 0
    outer loop
      vertex -13.6193 4 -24.3078
      vertex -1.49277 4 -21.853
      vertex -1.5 4 -22
    endloop
  endfacet
  facet normal 0 1 0
    outer loop
      vertex -13.6193 4 -24.3078
      vertex -1.5 4 -22
      vertex -1.49277 4 -22.147
    endloop
  endfacet
  facet normal 0 1 0
    outer loop
      vertex -13.6193 4 -24.3078
      vertex -1.49277 4 -22.147
      vertex -1.47118 4 -22.2926
    endloop
  endfacet
  facet normal 0 1 0
    outer loop
      vertex -13.2356 4 -25.6681
      vertex -1.47118 4 -22.2926
      vertex -1.43541 4 -22.4354
    endloop
  endfacet
  facet normal 0 1 0
    outer loop
      vertex -13.2356 4 -25.6681
      vertex -1.43541 4 -22.4354
      vertex -1.38582 4 -22.574
    endloop
  endfacet
  facet normal 0 1 0
    outer loop
      vertex -12.9599 4 -27.0543
      vertex -1.38582 4 -22.574
      vertex -1.32288 4 -22.7071
    endloop
  endfacet
  facet normal 0 1 0
    outer loop
      vertex -12.9599 4 -27.0543
      vertex -1.32288 4 -22.7071
      vertex -1.24719 4 -22.8333
    endloop
  endfacet
  facet normal 0 1 0
    outer loop
      vertex -12.9599 4 -27.0543
      vertex -1.24719 4 -22.8333
      vertex -1.15952 4 -22.9516
    endloop
  endfacet
  facet normal 0 1 0
    outer loop
      vertex -1.43541 4 -21.5646
      vertex -14.1084 4 -22.9818
      vertex -14.7001 4 -21.6983
    endloop
  endfacet
  facet normal 0 1 0
    outer loop
      vertex -0.707092 4 -30.6771
      vertex -0.707092 4 -23.3229
      vertex -0.57402 4 -30.6142
    endloop
  endfacet
  facet normal 0 1 0
    outer loop
      vertex -0.57402 4 -30.6142
      vertex -0.57402 4 -23.3858
      vertex -0.435425 4 -30.5646
    endloop
  endfacet
  facet normal 0 1 0
    outer loop
      vertex -0.435425 4 -23.4354
      vertex -0.435425 4 -30.5646
      vertex -0.57402 4 -23.3858
    endloop
  endfacet
  facet normal 0 1 0
    outer loop
      vertex -0.435425 4 -30.5646
      vertex -0.435425 4 -23.4354
      vertex -0.292633 4 -30.5288
    endloop
  endfacet
  facet normal 0 1 0
    outer loop
      vertex -0.292633 4 -23.4712
      vertex -0.292633 4 -30.5288
      vertex -0.435425 4 -23.4354
    endloop
  endfacet
  facet normal 0 1 0
    outer loop
      vertex -0.292633 4 -30.5288
      vertex -0.292633 4 -23.4712
      vertex -0.147018 4 -30.5072
    endloop
  endfacet
  facet normal 0 1 0
    outer loop
      vertex -0.147018 4 -23.4928
      vertex -0.147018 4 -30.5072
      vertex -0.292633 4 -23.4712
    endloop
  endfacet
  facet normal 0 1 0
    outer loop
      vertex -0.147018 4 -30.5072
      vertex -0.147018 4 -23.4928
      vertex 0 4 -30.5
    endloop
  endfacet
  facet normal 0 1 -0
    outer loop
      vertex 0 4 -30.5
      vertex -0.147018 4 -23.4928
      vertex 0 4 -23.5
    endloop
  endfacet
  facet normal 0 1 0
    outer loop
      vertex 0.833344 4 -23.2472
      vertex 0.833344 4 -30.7528
      vertex 0.707092 4 -23.3229
    endloop
  endfacet
  facet normal 0 1 0
    outer loop
      vertex -0.57402 4 -23.3858
      vertex -0.57402 4 -30.6142
      vertex -0.707092 4 -23.3229
    endloop
  endfacet
  facet normal -0 1 0
    outer loop
      vertex 0.707092 4 -30.6771
      vertex 0.707092 4 -23.3229
      vertex 0.833344 4 -30.7528
    endloop
  endfacet
  facet normal 0 1 0
    outer loop
      vertex -1.49277 4 -21.853
      vertex -13.6193 4 -24.3078
      vertex -14.1084 4 -22.9818
    endloop
  endfacet
  facet normal -0 1 0
    outer loop
      vertex 0.57402 4 -30.6142
      vertex 0.57402 4 -23.3858
      vertex 0.707092 4 -30.6771
    endloop
  endfacet
  facet normal 0 1 0
    outer loop
      vertex -1.47118 4 -22.2926
      vertex -13.2356 4 -25.6681
      vertex -13.6193 4 -24.3078
    endloop
  endfacet
  facet normal 0 1 0
    outer loop
      vertex 1.15952 4 -31.0484
      vertex 12.9599 4 -27.0543
      vertex 12.7938 4 -28.4579
    endloop
  endfacet
  facet normal 0 1 0
    outer loop
      vertex -1.38582 4 -22.574
      vertex -12.9599 4 -27.0543
      vertex -13.2356 4 -25.6681
    endloop
  endfacet
  facet normal 0 1 0
    outer loop
      vertex 1.38582 4 -31.426
      vertex 12.7938 4 -28.4579
      vertex 12.7383 4 -29.8701
    endloop
  endfacet
  facet normal 0 1 0
    outer loop
      vertex -1.15952 4 -22.9516
      vertex -12.7938 4 -28.4579
      vertex -12.9599 4 -27.0543
    endloop
  endfacet
  facet normal 0 1 0
    outer loop
      vertex -0.707092 4 -23.3229
      vertex -0.707092 4 -30.6771
      vertex -0.833344 4 -23.2472
    endloop
  endfacet
  facet normal 0 1 0
    outer loop
      vertex 0 4 -23.5
      vertex 0.147018 4 -30.5072
      vertex 0 4 -30.5
    endloop
  endfacet
  facet normal 0 1 0
    outer loop
      vertex 0.147018 4 -23.4928
      vertex 0.147018 4 -30.5072
      vertex 0 4 -23.5
    endloop
  endfacet
  facet normal -0 1 0
    outer loop
      vertex 0.147018 4 -30.5072
      vertex 0.147018 4 -23.4928
      vertex 0.292633 4 -30.5288
    endloop
  endfacet
  facet normal 0 1 0
    outer loop
      vertex 0.292633 4 -23.4712
      vertex 0.292633 4 -30.5288
      vertex 0.147018 4 -23.4928
    endloop
  endfacet
  facet normal -0 1 0
    outer loop
      vertex 0.292633 4 -30.5288
      vertex 0.292633 4 -23.4712
      vertex 0.435425 4 -30.5646
    endloop
  endfacet
  facet normal 0 1 0
    outer loop
      vertex 0.435425 4 -23.4354
      vertex 0.435425 4 -30.5646
      vertex 0.292633 4 -23.4712
    endloop
  endfacet
  facet normal -0 1 0
    outer loop
      vertex 0.435425 4 -30.5646
      vertex 0.435425 4 -23.4354
      vertex 0.57402 4 -30.6142
    endloop
  endfacet
  facet normal 0 1 0
    outer loop
      vertex 0.57402 4 -23.3858
      vertex 0.57402 4 -30.6142
      vertex 0.435425 4 -23.4354
    endloop
  endfacet
  facet normal 0 1 0
    outer loop
      vertex 0.707092 4 -23.3229
      vertex 0.707092 4 -30.6771
      vertex 0.57402 4 -23.3858
    endloop
  endfacet
  facet normal 0 1 0
    outer loop
      vertex 12.7938 4 -28.4579
      vertex 1.24719 4 -31.1666
      vertex 1.15952 4 -31.0484
    endloop
  endfacet
  facet normal 0 1 0
    outer loop
      vertex 12.7938 4 -28.4579
      vertex 1.32288 4 -31.2929
      vertex 1.24719 4 -31.1666
    endloop
  endfacet
  facet normal 0 1 0
    outer loop
      vertex 12.7938 4 -28.4579
      vertex 1.38582 4 -31.426
      vertex 1.32288 4 -31.2929
    endloop
  endfacet
  facet normal 0 1 0
    outer loop
      vertex 12.7383 4 -29.8701
      vertex 1.43541 4 -31.5646
      vertex 1.38582 4 -31.426
    endloop
  endfacet
  facet normal 0 1 0
    outer loop
      vertex 12.7383 4 -29.8701
      vertex 1.47118 4 -31.7074
      vertex 1.43541 4 -31.5646
    endloop
  endfacet
  facet normal 0 1 0
    outer loop
      vertex 12.7383 4 -29.8701
      vertex 1.49277 4 -31.853
      vertex 1.47118 4 -31.7074
    endloop
  endfacet
  facet normal 0 1 0
    outer loop
      vertex 12.7383 4 -29.8701
      vertex 1.5 4 -32
      vertex 1.49277 4 -31.853
    endloop
  endfacet
  facet normal 0 1 0
    outer loop
      vertex 12.7383 4 -29.8701
      vertex 1.49277 4 -32.147
      vertex 1.5 4 -32
    endloop
  endfacet
  facet normal 0 1 0
    outer loop
      vertex 12.7383 4 -29.8701
      vertex 1.47118 4 -32.2926
      vertex 1.49277 4 -32.147
    endloop
  endfacet
  facet normal 0 1 0
    outer loop
      vertex 12.7383 4 -29.8701
      vertex 1.43541 4 -32.4354
      vertex 1.47118 4 -32.2926
    endloop
  endfacet
  facet normal 0 1 -0
    outer loop
      vertex 12.7383 4 -38.1399
      vertex 1.43541 4 -32.4354
      vertex 12.7383 4 -29.8701
    endloop
  endfacet
  facet normal 0 1 0
    outer loop
      vertex 1.43541 4 -32.4354
      vertex 12.7383 4 -38.1399
      vertex 1.38582 4 -32.574
    endloop
  endfacet
  facet normal 0 1 0
    outer loop
      vertex 1.38582 4 -32.574
      vertex 12.7383 4 -38.1399
      vertex 1.32288 4 -32.7071
    endloop
  endfacet
  facet normal 0 1 0
    outer loop
      vertex 1.32288 4 -32.7071
      vertex 12.7383 4 -38.1399
      vertex 1.24719 4 -32.8333
    endloop
  endfacet
  facet normal 0 1 0
    outer loop
      vertex 1.24719 4 -32.8333
      vertex 12.7383 4 -38.1399
      vertex 1.15952 4 -32.9516
    endloop
  endfacet
  facet normal 0 1 0
    outer loop
      vertex 1.15952 4 -32.9516
      vertex 12.7383 4 -38.1399
      vertex 1.06065 4 -33.0607
    endloop
  endfacet
  facet normal 0 1 0
    outer loop
      vertex 1.06065 4 -33.0607
      vertex 12.7383 4 -38.1399
      vertex 0.951584 4 -33.1595
    endloop
  endfacet
  facet normal 0 1 -0
    outer loop
      vertex 12.7017 4 -39.0704
      vertex 0.951584 4 -33.1595
      vertex 12.7383 4 -38.1399
    endloop
  endfacet
  facet normal 0 1 -0
    outer loop
      vertex 12.5923 4 -39.9952
      vertex 0.951584 4 -33.1595
      vertex 12.7017 4 -39.0704
    endloop
  endfacet
  facet normal 0 1 -0
    outer loop
      vertex 12.4106 4 -40.9086
      vertex 0.951584 4 -33.1595
      vertex 12.5923 4 -39.9952
    endloop
  endfacet
  facet normal 0 1 0
    outer loop
      vertex 0.833344 4 -33.2472
      vertex 11.8355 4 -42.6785
      vertex 0.707092 4 -33.3229
    endloop
  endfacet
  facet normal 0 1 -0
    outer loop
      vertex 11.8355 4 -42.6785
      vertex 0.833344 4 -33.2472
      vertex 12.1578 4 -41.8048
    endloop
  endfacet
  facet normal 0 1 -0
    outer loop
      vertex 12.1578 4 -41.8048
      vertex 0.833344 4 -33.2472
      vertex 12.4106 4 -40.9086
    endloop
  endfacet
  facet normal 0 1 0
    outer loop
      vertex 0.951584 4 -33.1595
      vertex 12.4106 4 -40.9086
      vertex 0.833344 4 -33.2472
    endloop
  endfacet
  facet normal 0 -1 0
    outer loop
      vertex 7 0 20.3763
      vertex -12.9243 0 27.355
      vertex -12.9599 0 27.0543
    endloop
  endfacet
  facet normal 0 -1 0
    outer loop
      vertex -12.9243 0 27.355
      vertex 7 0 20.3763
      vertex 12.9243 0 27.355
    endloop
  endfacet
  facet normal 0 -1 0
    outer loop
      vertex 7 0 20.3763
      vertex -12.9599 0 27.0543
      vertex -13.2356 0 25.6681
    endloop
  endfacet
  facet normal 0 -1 -0
    outer loop
      vertex 12.9243 0 27.355
      vertex 7 0 20.3763
      vertex 12.9599 0 27.0543
    endloop
  endfacet
  facet normal 0 -1 0
    outer loop
      vertex 7 0 20.3763
      vertex -13.2356 0 25.6681
      vertex -13.6193 0 24.3078
    endloop
  endfacet
  facet normal 0 -1 -0
    outer loop
      vertex 12.9599 0 27.0543
      vertex 7 0 20.3763
      vertex 13.2356 0 25.6681
    endloop
  endfacet
  facet normal 0 -1 0
    outer loop
      vertex 7 0 20.3763
      vertex -13.6193 0 24.3078
      vertex -14.1084 0 22.9818
    endloop
  endfacet
  facet normal 0 -1 -0
    outer loop
      vertex 13.2356 0 25.6681
      vertex 7 0 20.3763
      vertex 13.6193 0 24.3078
    endloop
  endfacet
  facet normal 0 -1 0
    outer loop
      vertex 7 0 20.3763
      vertex -14.1084 0 22.9818
      vertex -14.7001 0 21.6983
    endloop
  endfacet
  facet normal 0 -1 -0
    outer loop
      vertex 13.6193 0 24.3078
      vertex 7 0 20.3763
      vertex 14.1084 0 22.9818
    endloop
  endfacet
  facet normal 0 -1 0
    outer loop
      vertex 7 0 20.3763
      vertex -14.7001 0 21.6983
      vertex -15.3907 0 20.4651
    endloop
  endfacet
  facet normal 0 -1 -0
    outer loop
      vertex 14.1084 0 22.9818
      vertex 7 0 20.3763
      vertex 14.7001 0 21.6983
    endloop
  endfacet
  facet normal 0 -1 -0
    outer loop
      vertex 14.7001 0 21.6983
      vertex 7 0 20.3763
      vertex 15.3907 0 20.4651
    endloop
  endfacet
  facet normal 0 -1 0
    outer loop
      vertex -0.581433 0 1.59748
      vertex -15.3907 0 20.4651
      vertex -16.176 0 19.29
    endloop
  endfacet
  facet normal 0 -1 0
    outer loop
      vertex -0.849999 0 1.47224
      vertex -16.176 0 19.29
      vertex -17.051 0 18.1801
    endloop
  endfacet
  facet normal 0 -1 0
    outer loop
      vertex -1.09274 0 1.30227
      vertex -17.051 0 18.1801
      vertex -18.0103 0 17.1422
    endloop
  endfacet
  facet normal 0 -1 0
    outer loop
      vertex -1.30227 0 1.09274
      vertex -18.0103 0 17.1422
      vertex -19.0482 0 16.1828
    endloop
  endfacet
  facet normal 0 -1 0
    outer loop
      vertex -1.47224 0 0.849999
      vertex -19.0482 0 16.1828
      vertex -20.1581 0 15.3078
    endloop
  endfacet
  facet normal 0 -1 0
    outer loop
      vertex -1.59748 0 0.581433
      vertex -20.1581 0 15.3078
      vertex -21.3333 0 14.5226
    endloop
  endfacet
  facet normal 0 -1 0
    outer loop
      vertex -1.67417 0 0.295201
      vertex -21.3333 0 14.5226
      vertex -22.5665 0 13.832
    endloop
  endfacet
  facet normal 0 -1 0
    outer loop
      vertex -22.5665 0 -13.832
      vertex -22.5665 0 13.832
      vertex -23.85 0 13.2403
    endloop
  endfacet
  facet normal 0 -1 0
    outer loop
      vertex -23.85 0 -13.2403
      vertex -23.85 0 13.2403
      vertex -25.176 0 12.7511
    endloop
  endfacet
  facet normal 0 -1 0
    outer loop
      vertex -25.176 0 -12.7511
      vertex -25.176 0 12.7511
      vertex -26.5363 0 12.3675
    endloop
  endfacet
  facet normal 0 -1 0
    outer loop
      vertex -16.176 0 19.29
      vertex -0.849999 0 1.47224
      vertex -0.581433 0 1.59748
    endloop
  endfacet
  facet normal 0 -1 0
    outer loop
      vertex -26.5363 0 -12.3675
      vertex -26.5363 0 12.3675
      vertex -27.35 0 12.2056
    endloop
  endfacet
  facet normal 0 -1 0
    outer loop
      vertex 1.67417 0 -0.295201
      vertex 17 0 7.855
      vertex 7 0 7.855
    endloop
  endfacet
  facet normal 0 -1 0
    outer loop
      vertex 1.59748 0 -0.581433
      vertex 17 0 7.855
      vertex 1.67417 0 -0.295201
    endloop
  endfacet
  facet normal 0 -1 0
    outer loop
      vertex 1.30227 0 -1.09274
      vertex 17 0 7.855
      vertex 1.47224 0 -0.849999
    endloop
  endfacet
  facet normal -0 -1 0
    outer loop
      vertex 49.854 0 -1.86533
      vertex 33 0 7.855
      vertex 49.6723 0 -2.77869
    endloop
  endfacet
  facet normal 0 -1 0
    outer loop
      vertex 33 0 7.855
      vertex 47.7349 0 6.9812
      vertex 47.1584 0 7.71252
    endloop
  endfacet
  facet normal 0 -1 0
    outer loop
      vertex 33 0 7.855
      vertex 48.2523 0 6.20689
      vertex 47.7349 0 6.9812
    endloop
  endfacet
  facet normal 0 -1 0
    outer loop
      vertex 33 0 7.855
      vertex 48.7073 0 5.39438
      vertex 48.2523 0 6.20689
    endloop
  endfacet
  facet normal 0 -1 0
    outer loop
      vertex 33 0 7.855
      vertex 49.0972 0 4.54866
      vertex 48.7073 0 5.39438
    endloop
  endfacet
  facet normal 0 -1 0
    outer loop
      vertex 33 0 7.855
      vertex 49.4195 0 3.67497
      vertex 49.0972 0 4.54866
    endloop
  endfacet
  facet normal 0 -1 0
    outer loop
      vertex 33 0 7.855
      vertex 49.6723 0 2.77869
      vertex 49.4195 0 3.67497
    endloop
  endfacet
  facet normal 0 -1 0
    outer loop
      vertex -15.3907 0 20.4651
      vertex 7 0 7.855
      vertex 7 0 20.3763
    endloop
  endfacet
  facet normal 0 -1 0
    outer loop
      vertex 7 0 7.855
      vertex 0 0 1.7
      vertex 0.295201 0 1.67417
    endloop
  endfacet
  facet normal 0 -1 0
    outer loop
      vertex 7 0 7.855
      vertex -0.295201 0 1.67417
      vertex 0 0 1.7
    endloop
  endfacet
  facet normal 0 -1 0
    outer loop
      vertex 7 0 7.855
      vertex -0.581433 0 1.59748
      vertex -0.295201 0 1.67417
    endloop
  endfacet
  facet normal 0 -1 0
    outer loop
      vertex -15.3907 0 20.4651
      vertex -0.581433 0 1.59748
      vertex 7 0 7.855
    endloop
  endfacet
  facet normal 0 -1 0
    outer loop
      vertex -17.051 0 18.1801
      vertex -1.09274 0 1.30227
      vertex -0.849999 0 1.47224
    endloop
  endfacet
  facet normal 0 -1 0
    outer loop
      vertex -18.0103 0 17.1422
      vertex -1.30227 0 1.09274
      vertex -1.09274 0 1.30227
    endloop
  endfacet
  facet normal 0 -1 0
    outer loop
      vertex -19.0482 0 16.1828
      vertex -1.47224 0 0.849999
      vertex -1.30227 0 1.09274
    endloop
  endfacet
  facet normal 0 -1 0
    outer loop
      vertex -20.1581 0 15.3078
      vertex -1.59748 0 0.581433
      vertex -1.47224 0 0.849999
    endloop
  endfacet
  facet normal 0 -1 0
    outer loop
      vertex -21.3333 0 14.5226
      vertex -1.67417 0 0.295201
      vertex -1.59748 0 0.581433
    endloop
  endfacet
  facet normal 0 -1 0
    outer loop
      vertex -22.5665 0 13.832
      vertex -1.7 0 0
      vertex -1.67417 0 0.295201
    endloop
  endfacet
  facet normal 0 -1 0
    outer loop
      vertex -22.5665 0 -13.832
      vertex -23.85 0 13.2403
      vertex -23.85 0 -13.2403
    endloop
  endfacet
  facet normal 0 -1 0
    outer loop
      vertex -22.5665 0 13.832
      vertex -22.5665 0 -13.832
      vertex -1.7 0 0
    endloop
  endfacet
  facet normal 0 -1 -0
    outer loop
      vertex -1.7 0 0
      vertex -22.5665 0 -13.832
      vertex -1.67417 0 -0.295201
    endloop
  endfacet
  facet normal 0 -1 0
    outer loop
      vertex -21.3333 0 -14.5226
      vertex -1.67417 0 -0.295201
      vertex -22.5665 0 -13.832
    endloop
  endfacet
  facet normal 0 -1 0
    outer loop
      vertex -20.1581 0 -15.3078
      vertex -1.59748 0 -0.581433
      vertex -21.3333 0 -14.5226
    endloop
  endfacet
  facet normal 0 -1 -0
    outer loop
      vertex -1.59748 0 -0.581433
      vertex -20.1581 0 -15.3078
      vertex -1.47224 0 -0.849999
    endloop
  endfacet
  facet normal -0 -1 0
    outer loop
      vertex 49.9634 0 -0.940521
      vertex 33 0 7.855
      vertex 49.854 0 -1.86533
    endloop
  endfacet
  facet normal 0 -1 0
    outer loop
      vertex 0.295201 0 -1.67417
      vertex 7.64999 0 -3.39499
      vertex 45.4078 0 -3.39499
    endloop
  endfacet
  facet normal 0 -1 0
    outer loop
      vertex 5.16385 0 -5.6377
      vertex 0 0 -1.7
      vertex -0.295201 0 -1.67417
    endloop
  endfacet
  facet normal 0 -1 0
    outer loop
      vertex 0.295201 0 -1.67417
      vertex 7.40495 0 -3.40703
      vertex 7.64999 0 -3.39499
    endloop
  endfacet
  facet normal 0 -1 0
    outer loop
      vertex 0.295201 0 -1.67417
      vertex 7.16226 0 -3.44302
      vertex 7.40495 0 -3.40703
    endloop
  endfacet
  facet normal 0 -1 0
    outer loop
      vertex 0.295201 0 -1.67417
      vertex 6.92429 0 -3.50264
      vertex 7.16226 0 -3.44302
    endloop
  endfacet
  facet normal 0 -1 0
    outer loop
      vertex 0.295201 0 -1.67417
      vertex 6.69328 0 -3.5853
      vertex 6.92429 0 -3.50264
    endloop
  endfacet
  facet normal 0 -1 0
    outer loop
      vertex 5.16385 0 -5.6377
      vertex -0.295201 0 -1.67417
      vertex -0.581433 0 -1.59748
    endloop
  endfacet
  facet normal 0 -1 0
    outer loop
      vertex 0.295201 0 -1.67417
      vertex 6.4715 0 -3.69019
      vertex 6.69328 0 -3.5853
    endloop
  endfacet
  facet normal 0 -1 0
    outer loop
      vertex 0.295201 0 -1.67417
      vertex 6.26106 0 -3.81631
      vertex 6.4715 0 -3.69019
    endloop
  endfacet
  facet normal 0 -1 0
    outer loop
      vertex 0.295201 0 -1.67417
      vertex 6.06401 0 -3.96246
      vertex 6.26106 0 -3.81631
    endloop
  endfacet
  facet normal 0 -1 0
    outer loop
      vertex 0.295201 0 -1.67417
      vertex 5.88223 0 -4.12723
      vertex 6.06401 0 -3.96246
    endloop
  endfacet
  facet normal 0 -1 0
    outer loop
      vertex 0.295201 0 -1.67417
      vertex 5.71747 0 -4.30901
      vertex 5.88223 0 -4.12723
    endloop
  endfacet
  facet normal 0 -1 0
    outer loop
      vertex 0.295201 0 -1.67417
      vertex 5.57132 0 -4.50606
      vertex 5.71747 0 -4.30901
    endloop
  endfacet
  facet normal 0 -1 0
    outer loop
      vertex 5.14999 0 -16.3748
      vertex -0.581433 0 -1.59748
      vertex -0.849999 0 -1.47224
    endloop
  endfacet
  facet normal 0 -1 0
    outer loop
      vertex 0.295201 0 -1.67417
      vertex 5.44519 0 -4.71649
      vertex 5.57132 0 -4.50606
    endloop
  endfacet
  facet normal 0 -1 0
    outer loop
      vertex 0.295201 0 -1.67417
      vertex 5.3403 0 -4.93828
      vertex 5.44519 0 -4.71649
    endloop
  endfacet
  facet normal 0 -1 0
    outer loop
      vertex -19.0482 0 -16.1828
      vertex -1.47224 0 -0.849999
      vertex -20.1581 0 -15.3078
    endloop
  endfacet
  facet normal 0 -1 0
    outer loop
      vertex -18.0103 0 -17.1422
      vertex -1.30227 0 -1.09274
      vertex -19.0482 0 -16.1828
    endloop
  endfacet
  facet normal 0 -1 0
    outer loop
      vertex 0.295201 0 -1.67417
      vertex 5.25764 0 -5.16928
      vertex 5.3403 0 -4.93828
    endloop
  endfacet
  facet normal 0 -1 -0
    outer loop
      vertex -1.30227 0 -1.09274
      vertex -18.0103 0 -17.1422
      vertex -1.09274 0 -1.30227
    endloop
  endfacet
  facet normal 0 -1 0
    outer loop
      vertex 0.295201 0 -1.67417
      vertex 5.19803 0 -5.40726
      vertex 5.25764 0 -5.16928
    endloop
  endfacet
  facet normal 0 -1 0
    outer loop
      vertex 0.295201 0 -1.67417
      vertex 5.16385 0 -5.6377
      vertex 5.19803 0 -5.40726
    endloop
  endfacet
  facet normal 0 -1 0
    outer loop
      vertex -17.051 0 -18.1801
      vertex -1.09274 0 -1.30227
      vertex -18.0103 0 -17.1422
    endloop
  endfacet
  facet normal 0 -1 -0
    outer loop
      vertex -1.09274 0 -1.30227
      vertex -17.051 0 -18.1801
      vertex -0.849999 0 -1.47224
    endloop
  endfacet
  facet normal 0 -1 0
    outer loop
      vertex -16.176 0 -19.29
      vertex -0.849999 0 -1.47224
      vertex -17.051 0 -18.1801
    endloop
  endfacet
  facet normal -0 -1 0
    outer loop
      vertex 5.14999 0 -16.3748
      vertex -0.849999 0 -1.47224
      vertex -16.176 0 -19.29
    endloop
  endfacet
  facet normal 0 -1 0
    outer loop
      vertex -0.581433 0 -1.59748
      vertex 5.14999 0 -16.3748
      vertex 5.16385 0 -5.6377
    endloop
  endfacet
  facet normal 0 -1 -0
    outer loop
      vertex 5.75893 0 -6.27376
      vertex 5.14999 0 -16.3748
      vertex 6.19444 0 -6.86099
    endloop
  endfacet
  facet normal 0 -1 -0
    outer loop
      vertex 6.19444 0 -6.86099
      vertex 5.14999 0 -16.3748
      vertex 6.57031 0 -7.48808
    endloop
  endfacet
  facet normal 0 -1 -0
    outer loop
      vertex 6.57031 0 -7.48808
      vertex 5.14999 0 -16.3748
      vertex 6.88289 0 -8.149
    endloop
  endfacet
  facet normal 0 -1 0
    outer loop
      vertex -26.5363 0 -12.3675
      vertex -27.35 0 12.2056
      vertex -27.35 0 -12.2056
    endloop
  endfacet
  facet normal 0 -1 0
    outer loop
      vertex -26.5363 0 12.3675
      vertex -26.5363 0 -12.3675
      vertex -25.176 0 -12.7511
    endloop
  endfacet
  facet normal 0 -1 0
    outer loop
      vertex -25.176 0 12.7511
      vertex -25.176 0 -12.7511
      vertex -23.85 0 -13.2403
    endloop
  endfacet
  facet normal 0 -1 -0
    outer loop
      vertex -1.67417 0 -0.295201
      vertex -21.3333 0 -14.5226
      vertex -1.59748 0 -0.581433
    endloop
  endfacet
  facet normal 0 -1 -0
    outer loop
      vertex -1.47224 0 -0.849999
      vertex -19.0482 0 -16.1828
      vertex -1.30227 0 -1.09274
    endloop
  endfacet
  facet normal 0 -1 0
    outer loop
      vertex 5.16385 0 -5.6377
      vertex 5.75893 0 -6.27376
      vertex 5.26794 0 -5.73204
    endloop
  endfacet
  facet normal 0 -1 -0
    outer loop
      vertex 6.88289 0 -8.149
      vertex 5.14999 0 -16.3748
      vertex 7.1292 0 -8.83737
    endloop
  endfacet
  facet normal 0 -1 -0
    outer loop
      vertex 7.1292 0 -8.83737
      vertex 5.14999 0 -16.3748
      vertex 7.30684 0 -9.54657
    endloop
  endfacet
  facet normal 0 -1 -0
    outer loop
      vertex 7.30684 0 -9.54657
      vertex 5.14999 0 -16.3748
      vertex 7.41412 0 -10.2698
    endloop
  endfacet
  facet normal 0 -1 0
    outer loop
      vertex 7.45 0 -11
      vertex 5.14999 0 -16.3748
      vertex 7.41412 0 -11.7302
    endloop
  endfacet
  facet normal 0 -1 0
    outer loop
      vertex 7.41412 0 -11.7302
      vertex 5.14999 0 -16.3748
      vertex 7.30684 0 -12.4534
    endloop
  endfacet
  facet normal 0 -1 0
    outer loop
      vertex 7.30684 0 -12.4534
      vertex 5.14999 0 -16.3748
      vertex 7.1292 0 -13.1626
    endloop
  endfacet
  facet normal 0 -1 0
    outer loop
      vertex 7.1292 0 -13.1626
      vertex 5.14999 0 -16.3748
      vertex 6.88289 0 -13.851
    endloop
  endfacet
  facet normal 0 -1 0
    outer loop
      vertex 6.88289 0 -13.851
      vertex 5.14999 0 -16.3748
      vertex 6.57031 0 -14.5119
    endloop
  endfacet
  facet normal 0 -1 0
    outer loop
      vertex 6.57031 0 -14.5119
      vertex 5.14999 0 -16.3748
      vertex 6.19444 0 -15.139
    endloop
  endfacet
  facet normal 0 -1 0
    outer loop
      vertex 5.75893 0 -15.7262
      vertex 5.14999 0 -16.3748
      vertex 5.26794 0 -16.2679
    endloop
  endfacet
  facet normal 0 -1 0
    outer loop
      vertex 6.19444 0 -15.139
      vertex 5.14999 0 -16.3748
      vertex 5.75893 0 -15.7262
    endloop
  endfacet
  facet normal 0 -1 -0
    outer loop
      vertex 7.41412 0 -10.2698
      vertex 5.14999 0 -16.3748
      vertex 7.45 0 -11
    endloop
  endfacet
  facet normal -0 -1 0
    outer loop
      vertex 5.75893 0 -6.27376
      vertex 5.16385 0 -5.6377
      vertex 5.14999 0 -16.3748
    endloop
  endfacet
  facet normal 0 -1 0
    outer loop
      vertex -15.3907 0 -20.4651
      vertex 5.14999 0 -16.3748
      vertex -16.176 0 -19.29
    endloop
  endfacet
  facet normal 0 -1 0
    outer loop
      vertex -14.7001 0 -21.6983
      vertex 5.14999 0 -16.3748
      vertex -15.3907 0 -20.4651
    endloop
  endfacet
  facet normal 0 -1 0
    outer loop
      vertex -14.1084 0 -22.9818
      vertex 5.14999 0 -16.3748
      vertex -14.7001 0 -21.6983
    endloop
  endfacet
  facet normal 0 -1 0
    outer loop
      vertex -13.6193 0 -24.3078
      vertex 5.14999 0 -16.3748
      vertex -14.1084 0 -22.9818
    endloop
  endfacet
  facet normal 0 -1 0
    outer loop
      vertex -13.2356 0 -25.6681
      vertex 5.14999 0 -16.3748
      vertex -13.6193 0 -24.3078
    endloop
  endfacet
  facet normal 0 -1 0
    outer loop
      vertex -12.9599 0 -27.0543
      vertex 5.14999 0 -16.3748
      vertex -13.2356 0 -25.6681
    endloop
  endfacet
  facet normal 0 -1 0
    outer loop
      vertex -12.7938 0 -28.4579
      vertex 5.14999 0 -16.3748
      vertex -12.9599 0 -27.0543
    endloop
  endfacet
  facet normal 0 -1 0
    outer loop
      vertex -12.7383 0 -29.8701
      vertex 5.14999 0 -16.3748
      vertex -12.7938 0 -28.4579
    endloop
  endfacet
  facet normal 0 -1 0
    outer loop
      vertex 5.14999 0 -44.5899
      vertex -12.7383 0 -29.8701
      vertex -12.7383 0 -38.1399
    endloop
  endfacet
  facet normal 0 -1 0
    outer loop
      vertex 5.14999 0 -44.5899
      vertex -12.7383 0 -38.1399
      vertex -12.7017 0 -39.0704
    endloop
  endfacet
  facet normal 0 -1 0
    outer loop
      vertex 5.14999 0 -44.5899
      vertex -12.7017 0 -39.0704
      vertex -12.5923 0 -39.9952
    endloop
  endfacet
  facet normal 0 -1 0
    outer loop
      vertex 5.14999 0 -44.5899
      vertex -12.5923 0 -39.9952
      vertex -12.4106 0 -40.9086
    endloop
  endfacet
  facet normal 0 -1 0
    outer loop
      vertex 5.14999 0 -44.5899
      vertex -12.4106 0 -40.9086
      vertex -12.1578 0 -41.8048
    endloop
  endfacet
  facet normal 0 -1 0
    outer loop
      vertex 5.14999 0 -44.5899
      vertex -12.1578 0 -41.8048
      vertex -11.8355 0 -42.6785
    endloop
  endfacet
  facet normal 0 -1 0
    outer loop
      vertex 5.14999 0 -44.5899
      vertex -11.8355 0 -42.6785
      vertex -11.4456 0 -43.5242
    endloop
  endfacet
  facet normal 0 -1 0
    outer loop
      vertex 5.14999 0 -44.5899
      vertex -11.4456 0 -43.5242
      vertex -10.9906 0 -44.3368
    endloop
  endfacet
  facet normal 0 -1 0
    outer loop
      vertex -12.7383 0 -29.8701
      vertex 5.14999 0 -44.5899
      vertex 5.14999 0 -16.3748
    endloop
  endfacet
  facet normal 0 -1 0
    outer loop
      vertex -10.4732 0 -45.1111
      vertex 5.14999 0 -44.5899
      vertex -10.9906 0 -44.3368
    endloop
  endfacet
  facet normal 0 -1 0
    outer loop
      vertex -9.89665 0 -45.8424
      vertex 5.14999 0 -44.5899
      vertex -10.4732 0 -45.1111
    endloop
  endfacet
  facet normal 0 -1 0
    outer loop
      vertex -9.26453 0 -46.5262
      vertex 5.14999 0 -44.5899
      vertex -9.89665 0 -45.8424
    endloop
  endfacet
  facet normal 0 -1 0
    outer loop
      vertex -8.58069 0 -47.1584
      vertex 5.14999 0 -44.5899
      vertex -9.26453 0 -46.5262
    endloop
  endfacet
  facet normal 0 -1 0
    outer loop
      vertex -7.84935 0 -47.7349
      vertex 5.14999 0 -44.5899
      vertex -8.58069 0 -47.1584
    endloop
  endfacet
  facet normal 0 -1 0
    outer loop
      vertex -7.07504 0 -48.2523
      vertex 5.14999 0 -44.5899
      vertex -7.84935 0 -47.7349
    endloop
  endfacet
  facet normal 0 -1 0
    outer loop
      vertex -6.26253 0 -48.7073
      vertex 5.14999 0 -44.5899
      vertex -7.07504 0 -48.2523
    endloop
  endfacet
  facet normal 0 -1 0
    outer loop
      vertex -5.41682 0 -49.0972
      vertex 5.14999 0 -44.5899
      vertex -6.26253 0 -48.7073
    endloop
  endfacet
  facet normal 0 -1 0
    outer loop
      vertex -4.54312 0 -49.4195
      vertex 5.14999 0 -44.5899
      vertex -5.41682 0 -49.0972
    endloop
  endfacet
  facet normal 0 -1 0
    outer loop
      vertex -3.64684 0 -49.6723
      vertex 5.14999 0 -44.5899
      vertex -4.54312 0 -49.4195
    endloop
  endfacet
  facet normal 0 -1 0
    outer loop
      vertex -2.73347 0 -49.854
      vertex 5.14999 0 -44.5899
      vertex -3.64684 0 -49.6723
    endloop
  endfacet
  facet normal 0 -1 0
    outer loop
      vertex -1.80869 0 -49.9634
      vertex 5.14999 0 -44.5899
      vertex -2.73347 0 -49.854
    endloop
  endfacet
  facet normal 0 -1 0
    outer loop
      vertex -0.878143 0 -50
      vertex 5.14999 0 -44.5899
      vertex -1.80869 0 -49.9634
    endloop
  endfacet
  facet normal 0 -1 0
    outer loop
      vertex 0.878143 0 -50
      vertex 5.14999 0 -44.5899
      vertex -0.878143 0 -50
    endloop
  endfacet
  facet normal 0 -1 -0
    outer loop
      vertex 5.14999 0 -44.5899
      vertex 0.878143 0 -50
      vertex 5.16203 0 -44.8349
    endloop
  endfacet
  facet normal 0 -1 -0
    outer loop
      vertex 5.16203 0 -44.8349
      vertex 0.878143 0 -50
      vertex 5.19803 0 -45.0776
    endloop
  endfacet
  facet normal -0 -1 0
    outer loop
      vertex 5.41682 0 -49.0972
      vertex 5.71747 0 -46.1759
      vertex 4.54312 0 -49.4195
    endloop
  endfacet
  facet normal 0 -1 -0
    outer loop
      vertex 5.71747 0 -46.1759
      vertex 5.41682 0 -49.0972
      vertex 5.88223 0 -46.3576
    endloop
  endfacet
  facet normal 0 -1 -0
    outer loop
      vertex 5.88223 0 -46.3576
      vertex 5.41682 0 -49.0972
      vertex 6.06401 0 -46.5224
    endloop
  endfacet
  facet normal -0 -1 0
    outer loop
      vertex 1.80869 0 -49.9634
      vertex 5.19803 0 -45.0776
      vertex 0.878143 0 -50
    endloop
  endfacet
  facet normal 0 -1 -0
    outer loop
      vertex 15.3907 0 20.4651
      vertex 7 0 20.3763
      vertex 15.4501 0 20.3763
    endloop
  endfacet
  facet normal 0 -1 0
    outer loop
      vertex 17 0 7.855
      vertex 17.051 0 18.1801
      vertex 17 0 18.2447
    endloop
  endfacet
  facet normal 0 -1 0
    outer loop
      vertex 17 0 7.855
      vertex 18.0103 0 17.1422
      vertex 17.051 0 18.1801
    endloop
  endfacet
  facet normal 0 -1 0
    outer loop
      vertex 17 0 7.855
      vertex 19.0482 0 16.1828
      vertex 18.0103 0 17.1422
    endloop
  endfacet
  facet normal 0 -1 0
    outer loop
      vertex 17 0 7.855
      vertex 20.1581 0 15.3078
      vertex 19.0482 0 16.1828
    endloop
  endfacet
  facet normal 0 -1 0
    outer loop
      vertex 17 0 7.855
      vertex 21.3333 0 14.5226
      vertex 20.1581 0 15.3078
    endloop
  endfacet
  facet normal 0 -1 0
    outer loop
      vertex 17 0 7.855
      vertex 22.5665 0 13.832
      vertex 21.3333 0 14.5226
    endloop
  endfacet
  facet normal 0 -1 0
    outer loop
      vertex 23 0 7.855
      vertex 22.5665 0 13.832
      vertex 17 0 7.855
    endloop
  endfacet
  facet normal 0 -1 0
    outer loop
      vertex 22.5665 0 13.832
      vertex 23 0 7.855
      vertex 23 0 13.6321
    endloop
  endfacet
  facet normal 0 -1 0
    outer loop
      vertex 33 0 7.855
      vertex 38.1399 0 11.8701
      vertex 33 0 11.8701
    endloop
  endfacet
  facet normal 0 -1 -0
    outer loop
      vertex 38.1399 0 11.8701
      vertex 33 0 7.855
      vertex 39.0704 0 11.8336
    endloop
  endfacet
  facet normal 0 -1 -0
    outer loop
      vertex 39.0704 0 11.8336
      vertex 33 0 7.855
      vertex 39.9952 0 11.7241
    endloop
  endfacet
  facet normal 0 -1 -0
    outer loop
      vertex 39.9952 0 11.7241
      vertex 33 0 7.855
      vertex 40.9086 0 11.5424
    endloop
  endfacet
  facet normal 0 -1 -0
    outer loop
      vertex 40.9086 0 11.5424
      vertex 33 0 7.855
      vertex 41.8048 0 11.2896
    endloop
  endfacet
  facet normal 0 -1 -0
    outer loop
      vertex 41.8048 0 11.2896
      vertex 33 0 7.855
      vertex 42.6785 0 10.9673
    endloop
  endfacet
  facet normal 0 -1 -0
    outer loop
      vertex 42.6785 0 10.9673
      vertex 33 0 7.855
      vertex 43.5242 0 10.5774
    endloop
  endfacet
  facet normal 0 -1 -0
    outer loop
      vertex 43.5242 0 10.5774
      vertex 33 0 7.855
      vertex 44.3368 0 10.1224
    endloop
  endfacet
  facet normal 0 -1 -0
    outer loop
      vertex 44.3368 0 10.1224
      vertex 33 0 7.855
      vertex 45.1111 0 9.60504
    endloop
  endfacet
  facet normal 0 -1 -0
    outer loop
      vertex 45.1111 0 9.60504
      vertex 33 0 7.855
      vertex 45.8424 0 9.0285
    endloop
  endfacet
  facet normal 0 -1 -0
    outer loop
      vertex 45.8424 0 9.0285
      vertex 33 0 7.855
      vertex 46.5262 0 8.39638
    endloop
  endfacet
  facet normal 0 -1 -0
    outer loop
      vertex 46.5262 0 8.39638
      vertex 33 0 7.855
      vertex 47.1584 0 7.71252
    endloop
  endfacet
  facet normal 0 -1 0
    outer loop
      vertex 0.581433 0 1.59748
      vertex 7 0 7.855
      vertex 0.295201 0 1.67417
    endloop
  endfacet
  facet normal 0 -1 0
    outer loop
      vertex 0.849999 0 1.47224
      vertex 7 0 7.855
      vertex 0.581433 0 1.59748
    endloop
  endfacet
  facet normal 0 -1 0
    outer loop
      vertex 1.09274 0 1.30227
      vertex 7 0 7.855
      vertex 0.849999 0 1.47224
    endloop
  endfacet
  facet normal 0 -1 0
    outer loop
      vertex 1.30227 0 1.09274
      vertex 7 0 7.855
      vertex 1.09274 0 1.30227
    endloop
  endfacet
  facet normal 0 -1 0
    outer loop
      vertex 1.47224 0 0.849999
      vertex 7 0 7.855
      vertex 1.30227 0 1.09274
    endloop
  endfacet
  facet normal 0 -1 0
    outer loop
      vertex 1.59748 0 0.581433
      vertex 7 0 7.855
      vertex 1.47224 0 0.849999
    endloop
  endfacet
  facet normal 0 -1 0
    outer loop
      vertex 1.67417 0 0.295201
      vertex 7 0 7.855
      vertex 1.59748 0 0.581433
    endloop
  endfacet
  facet normal 0 -1 0
    outer loop
      vertex 1.7 0 0
      vertex 7 0 7.855
      vertex 1.67417 0 0.295201
    endloop
  endfacet
  facet normal 0 -1 0
    outer loop
      vertex 1.67417 0 -0.295201
      vertex 7 0 7.855
      vertex 1.7 0 0
    endloop
  endfacet
  facet normal 0 -1 0
    outer loop
      vertex 33 0 7.855
      vertex 49.854 0 1.86533
      vertex 49.6723 0 2.77869
    endloop
  endfacet
  facet normal 0 -1 0
    outer loop
      vertex 33 0 7.855
      vertex 49.9634 0 0.940521
      vertex 49.854 0 1.86533
    endloop
  endfacet
  facet normal 0 -1 0
    outer loop
      vertex 33 0 7.855
      vertex 50 0 0.00999451
      vertex 49.9634 0 0.940521
    endloop
  endfacet
  facet normal 0 -1 0
    outer loop
      vertex 1.47224 0 -0.849999
      vertex 17 0 7.855
      vertex 1.59748 0 -0.581433
    endloop
  endfacet
  facet normal 0 -1 -0
    outer loop
      vertex 17 0 7.855
      vertex 1.30227 0 -1.09274
      vertex 23 0 7.855
    endloop
  endfacet
  facet normal 0 -1 0
    outer loop
      vertex 1.09274 0 -1.30227
      vertex 23 0 7.855
      vertex 1.30227 0 -1.09274
    endloop
  endfacet
  facet normal 0 -1 0
    outer loop
      vertex 33 0 7.855
      vertex 50 0 -0.00999451
      vertex 50 0 0.00999451
    endloop
  endfacet
  facet normal 0 -1 0
    outer loop
      vertex 23 0 7.855
      vertex 49.6723 0 -2.77869
      vertex 33 0 7.855
    endloop
  endfacet
  facet normal 0 -1 -0
    outer loop
      vertex 23 0 7.855
      vertex 1.09274 0 -1.30227
      vertex 49.6723 0 -2.77869
    endloop
  endfacet
  facet normal 0 -1 0
    outer loop
      vertex 49.6723 0 -2.77869
      vertex 1.09274 0 -1.30227
      vertex 0.849999 0 -1.47224
    endloop
  endfacet
  facet normal 0 -1 0
    outer loop
      vertex 49.6723 0 -2.77869
      vertex 0.849999 0 -1.47224
      vertex 0.581433 0 -1.59748
    endloop
  endfacet
  facet normal 0 -1 0
    outer loop
      vertex 49.6723 0 -2.77869
      vertex 0.581433 0 -1.59748
      vertex 0.295201 0 -1.67417
    endloop
  endfacet
  facet normal 0 -1 0
    outer loop
      vertex 5.16385 0 -5.6377
      vertex 0.295201 0 -1.67417
      vertex 0 0 -1.7
    endloop
  endfacet
  facet normal 0 -1 0
    outer loop
      vertex 33 0 7.855
      vertex 49.9634 0 -0.940521
      vertex 50 0 -0.00999451
    endloop
  endfacet
  facet normal 0 -1 0
    outer loop
      vertex 0.295201 0 -1.67417
      vertex 45.4078 0 -3.39499
      vertex 49.6723 0 -2.77869
    endloop
  endfacet
  facet normal 0 -1 0
    outer loop
      vertex 45.604 0 -3.40271
      vertex 49.6723 0 -2.77869
      vertex 45.4078 0 -3.39499
    endloop
  endfacet
  facet normal 0 -1 0
    outer loop
      vertex 45.8474 0 -3.43394
      vertex 49.6723 0 -2.77869
      vertex 45.604 0 -3.40271
    endloop
  endfacet
  facet normal 0 -1 0
    outer loop
      vertex 46.0865 0 -3.48888
      vertex 49.6723 0 -2.77869
      vertex 45.8474 0 -3.43394
    endloop
  endfacet
  facet normal 0 -1 0
    outer loop
      vertex 46.319 0 -3.56699
      vertex 49.6723 0 -2.77869
      vertex 46.0865 0 -3.48888
    endloop
  endfacet
  facet normal 0 -1 0
    outer loop
      vertex 46.5428 0 -3.66753
      vertex 49.6723 0 -2.77869
      vertex 46.319 0 -3.56699
    endloop
  endfacet
  facet normal 0 -1 0
    outer loop
      vertex 46.7557 0 -3.78951
      vertex 49.6723 0 -2.77869
      vertex 46.5428 0 -3.66753
    endloop
  endfacet
  facet normal 0 -1 0
    outer loop
      vertex 46.9556 0 -3.93176
      vertex 49.6723 0 -2.77869
      vertex 46.7557 0 -3.78951
    endloop
  endfacet
  facet normal 0 -1 0
    outer loop
      vertex 49.6723 0 -2.77869
      vertex 46.9556 0 -3.93176
      vertex 49.4195 0 -3.67497
    endloop
  endfacet
  facet normal 0 -1 0
    outer loop
      vertex 47.1406 0 -4.09293
      vertex 49.4195 0 -3.67497
      vertex 46.9556 0 -3.93176
    endloop
  endfacet
  facet normal 0 -1 0
    outer loop
      vertex 47.3089 0 -4.27145
      vertex 49.4195 0 -3.67497
      vertex 47.1406 0 -4.09293
    endloop
  endfacet
  facet normal 0 -1 0
    outer loop
      vertex 47.4588 0 -4.46561
      vertex 49.4195 0 -3.67497
      vertex 47.3089 0 -4.27145
    endloop
  endfacet
  facet normal 0 -1 0
    outer loop
      vertex 47.4588 0 -4.46561
      vertex 49.0972 0 -4.54866
      vertex 49.4195 0 -3.67497
    endloop
  endfacet
  facet normal 0 -1 0
    outer loop
      vertex 47.5891 0 -4.67352
      vertex 49.0972 0 -4.54866
      vertex 47.4588 0 -4.46561
    endloop
  endfacet
  facet normal 0 -1 0
    outer loop
      vertex 47.6983 0 -4.89322
      vertex 49.0972 0 -4.54866
      vertex 47.5891 0 -4.67352
    endloop
  endfacet
  facet normal 0 -1 0
    outer loop
      vertex 48.7073 0 -5.39438
      vertex 47.6983 0 -4.89322
      vertex 47.7854 0 -5.12254
    endloop
  endfacet
  facet normal 0 -1 0
    outer loop
      vertex 48.7073 0 -5.39438
      vertex 47.7854 0 -5.12254
      vertex 47.8497 0 -5.35933
    endloop
  endfacet
  facet normal 0 -1 0
    outer loop
      vertex 47.6983 0 -4.89322
      vertex 48.7073 0 -5.39438
      vertex 49.0972 0 -4.54866
    endloop
  endfacet
  facet normal 0 -1 0
    outer loop
      vertex 47.8905 0 -5.60126
      vertex 48.7073 0 -5.39438
      vertex 47.8497 0 -5.35933
    endloop
  endfacet
  facet normal 0 -1 0
    outer loop
      vertex 47.9073 0 -5.84601
      vertex 48.7073 0 -5.39438
      vertex 47.8905 0 -5.60126
    endloop
  endfacet
  facet normal 0 -1 0
    outer loop
      vertex 48.2523 0 -6.20689
      vertex 47.9073 0 -5.84601
      vertex 47.9001 0 -6.09125
    endloop
  endfacet
  facet normal 0 -1 0
    outer loop
      vertex 47.9073 0 -5.84601
      vertex 48.2523 0 -6.20689
      vertex 48.7073 0 -5.39438
    endloop
  endfacet
  facet normal 0 -1 0
    outer loop
      vertex 47.8688 0 -6.33458
      vertex 48.2523 0 -6.20689
      vertex 47.9001 0 -6.09125
    endloop
  endfacet
  facet normal 0 -1 0
    outer loop
      vertex 47.8139 0 -6.5737
      vertex 48.2523 0 -6.20689
      vertex 47.8688 0 -6.33458
    endloop
  endfacet
  facet normal 0 -1 0
    outer loop
      vertex 47.7349 0 -6.9812
      vertex 47.8139 0 -6.5737
      vertex 47.7358 0 -6.80626
    endloop
  endfacet
  facet normal 0 -1 -0
    outer loop
      vertex 47.8139 0 -6.5737
      vertex 47.7349 0 -6.9812
      vertex 48.2523 0 -6.20689
    endloop
  endfacet
  facet normal 0 -1 0
    outer loop
      vertex 47.6352 0 -7.03006
      vertex 47.7349 0 -6.9812
      vertex 47.7358 0 -6.80626
    endloop
  endfacet
  facet normal 0 -1 0
    outer loop
      vertex 47.5133 0 -7.24292
      vertex 47.7349 0 -6.9812
      vertex 47.6352 0 -7.03006
    endloop
  endfacet
  facet normal 0 -1 0
    outer loop
      vertex 47.7349 0 -6.9812
      vertex 47.5133 0 -7.24292
      vertex 47.371 0 -7.44278
    endloop
  endfacet
  facet normal 0 -1 0
    outer loop
      vertex 9.23598 0 -46.5224
      vertex 9.26453 0 -46.5262
      vertex 9.48577 0 -46.2869
    endloop
  endfacet
  facet normal 0 -1 0
    outer loop
      vertex 9.03893 0 -46.6685
      vertex 9.26453 0 -46.5262
      vertex 9.23598 0 -46.5224
    endloop
  endfacet
  facet normal 0 -1 -0
    outer loop
      vertex 9.03893 0 -46.6685
      vertex 8.58069 0 -47.1584
      vertex 9.26453 0 -46.5262
    endloop
  endfacet
  facet normal 0 -1 -0
    outer loop
      vertex 8.82849 0 -46.7947
      vertex 8.58069 0 -47.1584
      vertex 9.03893 0 -46.6685
    endloop
  endfacet
  facet normal 0 -1 -0
    outer loop
      vertex 8.6067 0 -46.8996
      vertex 8.58069 0 -47.1584
      vertex 8.82849 0 -46.7947
    endloop
  endfacet
  facet normal 0 -1 0
    outer loop
      vertex 8.3757 0 -46.9822
      vertex 8.58069 0 -47.1584
      vertex 8.6067 0 -46.8996
    endloop
  endfacet
  facet normal 0 -1 0
    outer loop
      vertex 8.13773 0 -47.0418
      vertex 8.58069 0 -47.1584
      vertex 8.3757 0 -46.9822
    endloop
  endfacet
  facet normal 0 -1 0
    outer loop
      vertex 7.84935 0 -47.7349
      vertex 8.13773 0 -47.0418
      vertex 7.89503 0 -47.0778
    endloop
  endfacet
  facet normal 0 -1 0
    outer loop
      vertex 7.84935 0 -47.7349
      vertex 7.89503 0 -47.0778
      vertex 7.64999 0 -47.0899
    endloop
  endfacet
  facet normal -0 -1 0
    outer loop
      vertex 6.26253 0 -48.7073
      vertex 6.06401 0 -46.5224
      vertex 5.41682 0 -49.0972
    endloop
  endfacet
  facet normal 0 -1 -0
    outer loop
      vertex 5.19803 0 -45.0776
      vertex 1.80869 0 -49.9634
      vertex 5.25764 0 -45.3156
    endloop
  endfacet
  facet normal 0 -1 0
    outer loop
      vertex 6.06401 0 -46.5224
      vertex 6.26253 0 -48.7073
      vertex 6.26106 0 -46.6685
    endloop
  endfacet
  facet normal -0 -1 0
    outer loop
      vertex 2.73347 0 -49.854
      vertex 5.25764 0 -45.3156
      vertex 1.80869 0 -49.9634
    endloop
  endfacet
  facet normal 0 -1 0
    outer loop
      vertex 6.26106 0 -46.6685
      vertex 6.26253 0 -48.7073
      vertex 6.4715 0 -46.7947
    endloop
  endfacet
  facet normal 0 -1 -0
    outer loop
      vertex 5.25764 0 -45.3156
      vertex 2.73347 0 -49.854
      vertex 5.3403 0 -45.5466
    endloop
  endfacet
  facet normal 0 -1 -0
    outer loop
      vertex 8.13773 0 -47.0418
      vertex 7.84935 0 -47.7349
      vertex 8.58069 0 -47.1584
    endloop
  endfacet
  facet normal -0 -1 0
    outer loop
      vertex 3.64684 0 -49.6723
      vertex 5.3403 0 -45.5466
      vertex 2.73347 0 -49.854
    endloop
  endfacet
  facet normal 0 -1 0
    outer loop
      vertex 7.40495 0 -47.0778
      vertex 7.84935 0 -47.7349
      vertex 7.64999 0 -47.0899
    endloop
  endfacet
  facet normal 0 -1 -0
    outer loop
      vertex 5.3403 0 -45.5466
      vertex 3.64684 0 -49.6723
      vertex 5.44519 0 -45.7684
    endloop
  endfacet
  facet normal -0 -1 0
    outer loop
      vertex 7.84935 0 -47.7349
      vertex 7.40495 0 -47.0778
      vertex 7.07504 0 -48.2523
    endloop
  endfacet
  facet normal 0 -1 -0
    outer loop
      vertex 5.57132 0 -45.9788
      vertex 4.54312 0 -49.4195
      vertex 5.71747 0 -46.1759
    endloop
  endfacet
  facet normal 0 -1 -0
    outer loop
      vertex 7.16226 0 -47.0418
      vertex 7.07504 0 -48.2523
      vertex 7.40495 0 -47.0778
    endloop
  endfacet
  facet normal 0 -1 -0
    outer loop
      vertex 5.44519 0 -45.7684
      vertex 3.64684 0 -49.6723
      vertex 5.57132 0 -45.9788
    endloop
  endfacet
  facet normal 0 -1 0
    outer loop
      vertex 6.92429 0 -46.9822
      vertex 7.07504 0 -48.2523
      vertex 7.16226 0 -47.0418
    endloop
  endfacet
  facet normal -0 -1 0
    outer loop
      vertex 4.54312 0 -49.4195
      vertex 5.57132 0 -45.9788
      vertex 3.64684 0 -49.6723
    endloop
  endfacet
  facet normal 0 -1 0
    outer loop
      vertex 6.69328 0 -46.8996
      vertex 7.07504 0 -48.2523
      vertex 6.92429 0 -46.9822
    endloop
  endfacet
  facet normal -0 -1 0
    outer loop
      vertex 7.07504 0 -48.2523
      vertex 6.69328 0 -46.8996
      vertex 6.26253 0 -48.7073
    endloop
  endfacet
  facet normal 0 -1 -0
    outer loop
      vertex 6.4715 0 -46.7947
      vertex 6.26253 0 -48.7073
      vertex 6.69328 0 -46.8996
    endloop
  endfacet
  facet normal 0 1 0
    outer loop
      vertex 9.48581 0 -46.2869
      vertex 9.83 0 -45.9145
      vertex 9.82994 0 -45.9146
    endloop
  endfacet
  facet normal 0 1 0
    outer loop
      vertex 9.83 0 -45.9145
      vertex 9.48581 0 -46.2869
      vertex 9.48577 0 -46.2869
    endloop
  endfacet
  facet normal 0 1 0
    outer loop
      vertex 9.95743 0 -45.7653
      vertex 10.4124 0 -45.1881
      vertex 10.4124 0 -45.1882
    endloop
  endfacet
  facet normal 0 -1 0
    outer loop
      vertex 10.4124 0 -45.1881
      vertex 9.95743 0 -45.7653
      vertex 9.95736 0 -45.7654
    endloop
  endfacet
  facet normal 0 1 -0
    outer loop
      vertex 10.5278 0 -45.0294
      vertex 10.4732 0 -45.1111
      vertex 10.7281 0 -44.7296
    endloop
  endfacet
  facet normal -0 -1 0
    outer loop
      vertex 10.4732 0 -45.1111
      vertex 10.5278 0 -45.0294
      vertex 10.4124 0 -45.1881
    endloop
  endfacet
  facet normal 0 1 -0
    outer loop
      vertex 10.936 0 -44.4185
      vertex 10.7281 0 -44.7296
      vertex 10.936 0 -44.4184
    endloop
  endfacet
  facet normal 0 -1 0
    outer loop
      vertex 11.3976 0 -43.6099
      vertex 11.4456 0 -43.5242
      vertex 11.4867 0 -43.435
    endloop
  endfacet
  facet normal 0 -1 0
    outer loop
      vertex 11.0386 0 -44.2511
      vertex 11.4456 0 -43.5242
      vertex 11.3976 0 -43.6099
    endloop
  endfacet
  facet normal 0 1 -0
    outer loop
      vertex 11.0386 0 -44.2511
      vertex 10.9906 0 -44.3368
      vertex 11.4456 0 -43.5242
    endloop
  endfacet
  facet normal -0 -1 0
    outer loop
      vertex 10.9906 0 -44.3368
      vertex 11.0386 0 -44.2511
      vertex 10.936 0 -44.4184
    endloop
  endfacet
  facet normal 0 -1 0
    outer loop
      vertex 11.8695 0 -42.5863
      vertex 11.8695 0 -42.5864
      vertex 12.0973 0 -41.9689
    endloop
  endfacet
  facet normal 0 -1 -0
    outer loop
      vertex 12.1844 0 -41.7104
      vertex 12.1578 0 -41.8048
      vertex 12.2873 0 -41.3455
    endloop
  endfacet
  facet normal 0 -1 0
    outer loop
      vertex 12.1238 0 -41.8969
      vertex 12.1578 0 -41.8048
      vertex 12.1844 0 -41.7104
    endloop
  endfacet
  facet normal 0 -1 0
    outer loop
      vertex 12.1578 0 -41.8048
      vertex 12.1238 0 -41.8969
      vertex 12.0973 0 -41.9689
    endloop
  endfacet
  facet normal 0 1 -0
    outer loop
      vertex 12.3839 0 -41.0031
      vertex 12.2873 0 -41.3455
      vertex 12.3839 0 -41.003
    endloop
  endfacet
  facet normal 0 1 0
    outer loop
      vertex 12.4298 0 -40.8122
      vertex 12.5731 0 -40.0914
      vertex 12.5731 0 -40.0915
    endloop
  endfacet
  facet normal 0 1 0
    outer loop
      vertex 12.5731 0 -40.0914
      vertex 12.4298 0 -40.8122
      vertex 12.4297 0 -40.8124
    endloop
  endfacet
  facet normal 0 1 0
    outer loop
      vertex 12.6038 0 -39.8976
      vertex 12.6902 0 -39.1679
      vertex 12.6902 0 -39.1681
    endloop
  endfacet
  facet normal 0 -1 0
    outer loop
      vertex 12.6902 0 -39.1679
      vertex 12.6038 0 -39.8976
      vertex 12.6038 0 -39.898
    endloop
  endfacet
  facet normal 0 1 -0
    outer loop
      vertex 12.7056 0 -38.9725
      vertex 12.7017 0 -39.0704
      vertex 12.7318 0 -38.3049
    endloop
  endfacet
  facet normal -0 -1 0
    outer loop
      vertex 12.7017 0 -39.0704
      vertex 12.7056 0 -38.9725
      vertex 12.6902 0 -39.1679
    endloop
  endfacet
  facet normal -0 -1 0
    outer loop
      vertex 12.7383 0 -38.1399
      vertex 12.7383 0 -38.0906
      vertex 12.7364 0 -38.1888
    endloop
  endfacet
  facet normal 0 -1 0
    outer loop
      vertex 12.7938 0 -28.4577
      vertex 12.7938 0 -28.4579
      vertex 12.8331 0 -28.1258
    endloop
  endfacet
  facet normal 0 -1 -0
    outer loop
      vertex 12.7938 0 -28.4577
      vertex 12.7383 0 -29.8701
      vertex 12.7938 0 -28.4579
    endloop
  endfacet
  facet normal -0 1 0
    outer loop
      vertex 12.7383 0 -29.8701
      vertex 12.7938 0 -28.4577
      vertex 12.7383 0 -29.8702
    endloop
  endfacet
  facet normal 0 -1 0
    outer loop
      vertex 17.051 0 -18.18
      vertex 17.051 0 -18.1801
      vertex 18.0103 0 -17.1422
    endloop
  endfacet
  facet normal -0 -1 0
    outer loop
      vertex 17.051 0 -18.1801
      vertex 17.051 0 -18.18
      vertex 16.176 0 -19.29
    endloop
  endfacet
  facet normal 0 1 0
    outer loop
      vertex 20.1582 0 -15.3078
      vertex 21.3332 0 -14.5226
      vertex 21.3332 0 -14.5227
    endloop
  endfacet
  facet normal 0 1 -0
    outer loop
      vertex 20.1582 0 -15.3078
      vertex 20.1581 0 -15.3078
      vertex 21.3332 0 -14.5226
    endloop
  endfacet
  facet normal -0 1 0
    outer loop
      vertex 20.1581 0 -15.3078
      vertex 20.1582 0 -15.3078
      vertex 20.0238 0 -15.4138
    endloop
  endfacet
  facet normal 0 1 -0
    outer loop
      vertex 22.5666 0 -13.832
      vertex 22.5665 0 -13.832
      vertex 23.1142 0 -13.5795
    endloop
  endfacet
  facet normal 0 1 0
    outer loop
      vertex 22.5666 0 -13.832
      vertex 21.3333 0 -14.5226
      vertex 22.5665 0 -13.832
    endloop
  endfacet
  facet normal 0 -1 0
    outer loop
      vertex 21.3333 0 -14.5226
      vertex 22.5666 0 -13.832
      vertex 21.3332 0 -14.5226
    endloop
  endfacet
  facet normal -0 -1 0
    outer loop
      vertex 23.85 0 -13.2403
      vertex 23.8499 0 -13.2403
      vertex 23.1142 0 -13.5795
    endloop
  endfacet
  facet normal 0 1 -0
    outer loop
      vertex 40.0914 0 -11.705
      vertex 39.9952 0 -11.7241
      vertex 40.1027 0 -11.7027
    endloop
  endfacet
  facet normal -0 -1 0
    outer loop
      vertex 39.9952 0 -11.7241
      vertex 40.0914 0 -11.705
      vertex 39.8978 0 -11.7356
    endloop
  endfacet
  facet normal 0 1 0
    outer loop
      vertex 39.168 0 -11.822
      vertex 39.8978 0 -11.7356
      vertex 39.8974 0 -11.7357
    endloop
  endfacet
  facet normal 0 1 0
    outer loop
      vertex 39.8978 0 -11.7356
      vertex 39.168 0 -11.822
      vertex 39.1679 0 -11.822
    endloop
  endfacet
  facet normal 0 -1 0
    outer loop
      vertex 43.6099 0 -10.5295
      vertex 44.2513 0 -10.1703
      vertex 44.251 0 -10.1704
    endloop
  endfacet
  facet normal 0 1 0
    outer loop
      vertex 44.2513 0 -10.1703
      vertex 43.6099 0 -10.5295
      vertex 43.6098 0 -10.5295
    endloop
  endfacet
  facet normal 0 -1 -0
    outer loop
      vertex 47.2191 0 -7.6355
      vertex 47.1584 0 -7.71252
      vertex 47.3418 0 -7.47987
    endloop
  endfacet
  facet normal 0 -1 0
    outer loop
      vertex 47.0917 0 -7.78464
      vertex 47.1584 0 -7.71252
      vertex 47.2191 0 -7.6355
    endloop
  endfacet
  facet normal 0 -1 0
    outer loop
      vertex 46.5929 0 -8.32422
      vertex 47.1584 0 -7.71252
      vertex 47.0917 0 -7.78464
    endloop
  endfacet
  facet normal 0 -1 -0
    outer loop
      vertex 46.5929 0 -8.32422
      vertex 46.5262 0 -8.39638
      vertex 47.1584 0 -7.71252
    endloop
  endfacet
  facet normal 0 -1 0
    outer loop
      vertex 46.4541 0 -8.46306
      vertex 46.5262 0 -8.39638
      vertex 46.5929 0 -8.32422
    endloop
  endfacet
  facet normal 0 1 0
    outer loop
      vertex 46.5262 0 -8.39638
      vertex 46.4541 0 -8.46306
      vertex 46.0978 0 -8.79238
    endloop
  endfacet
  facet normal 0 1 -0
    outer loop
      vertex 47.371 0 -7.44281
      vertex 47.3418 0 -7.47987
      vertex 47.371 0 -7.44278
    endloop
  endfacet
  facet normal 0 1 -0
    outer loop
      vertex 45.9146 0 -8.96178
      vertex 45.9145 0 -8.96182
      vertex 46.0978 0 -8.79238
    endloop
  endfacet
  facet normal 0 -1 0
    outer loop
      vertex 45.1882 0 -9.54425
      vertex 45.7654 0 -9.08921
      vertex 45.7653 0 -9.08928
    endloop
  endfacet
  facet normal 0 1 0
    outer loop
      vertex 45.7654 0 -9.08921
      vertex 45.1882 0 -9.54425
      vertex 45.1881 0 -9.54429
    endloop
  endfacet
  facet normal 0 -1 0
    outer loop
      vertex 45.0294 0 -9.65961
      vertex 45.1111 0 -9.60504
      vertex 45.1881 0 -9.54429
    endloop
  endfacet
  facet normal 0 -1 0
    outer loop
      vertex 45.1111 0 -9.60504
      vertex 45.0294 0 -9.65961
      vertex 44.7296 0 -9.85995
    endloop
  endfacet
  facet normal 0 1 -0
    outer loop
      vertex 44.4185 0 -10.0678
      vertex 44.4184 0 -10.0678
      vertex 44.7296 0 -9.85995
    endloop
  endfacet
  facet normal 0 -1 0
    outer loop
      vertex 43.435 0 -10.6186
      vertex 43.5242 0 -10.5774
      vertex 43.6098 0 -10.5295
    endloop
  endfacet
  facet normal 0 1 0
    outer loop
      vertex 43.5242 0 -10.5774
      vertex 43.435 0 -10.6186
      vertex 43.2865 0 -10.687
    endloop
  endfacet
  facet normal 0 -1 -0
    outer loop
      vertex 42.7677 0 -10.9262
      vertex 42.7676 0 -10.9263
      vertex 43.2865 0 -10.687
    endloop
  endfacet
  facet normal 0 1 -0
    outer loop
      vertex 42.5863 0 -11.0014
      vertex 42.122 0 -11.1726
      vertex 42.5865 0 -11.0013
    endloop
  endfacet
  facet normal 0 1 -0
    outer loop
      vertex 41.8971 0 -11.2556
      vertex 41.8048 0 -11.2896
      vertex 42.122 0 -11.1726
    endloop
  endfacet
  facet normal 0 -1 0
    outer loop
      vertex 41.7104 0 -11.3163
      vertex 41.8048 0 -11.2896
      vertex 41.8971 0 -11.2556
    endloop
  endfacet
  facet normal 0 1 0
    outer loop
      vertex 41.8048 0 -11.2896
      vertex 41.7104 0 -11.3163
      vertex 41.0071 0 -11.5146
    endloop
  endfacet
  facet normal 0 -1 -0
    outer loop
      vertex 40.8122 0 -11.5616
      vertex 40.1027 0 -11.7027
      vertex 40.8123 0 -11.5616
    endloop
  endfacet
  facet normal 0 -1 0
    outer loop
      vertex 38.9724 0 -11.8374
      vertex 39.0704 0 -11.8336
      vertex 39.1679 0 -11.822
    endloop
  endfacet
  facet normal 0 -1 0
    outer loop
      vertex 39.0704 0 -11.8336
      vertex 38.9724 0 -11.8374
      vertex 38.2669 0 -11.8651
    endloop
  endfacet
  facet normal 0 -1 0
    outer loop
      vertex 38.1399 0 -11.8701
      vertex 38.1888 0 -11.8682
      vertex 38.0907 0 -11.8701
    endloop
  endfacet
  facet normal 0 1 0
    outer loop
      vertex 29.3259 0 -11.9256
      vertex 30.7383 0 -11.8701
      vertex 30.7384 0 -11.8701
    endloop
  endfacet
  facet normal 0 -1 0
    outer loop
      vertex 30.7383 0 -11.8701
      vertex 29.3259 0 -11.9256
      vertex 29.326 0 -11.9256
    endloop
  endfacet
  facet normal 0 1 0
    outer loop
      vertex 27.9225 0 -12.0917
      vertex 29.3259 0 -11.9256
      vertex 27.9226 0 -12.0917
    endloop
  endfacet
  facet normal -0 1 0
    outer loop
      vertex 27.9225 0 -12.0917
      vertex 27.9226 0 -12.0917
      vertex 27.3246 0 -12.2107
    endloop
  endfacet
  facet normal 0 -1 0
    outer loop
      vertex 26.5362 0 -12.3675
      vertex 26.5363 0 -12.3675
      vertex 27.3246 0 -12.2107
    endloop
  endfacet
  facet normal -0 -1 0
    outer loop
      vertex 26.5363 0 -12.3675
      vertex 26.5362 0 -12.3675
      vertex 25.176 0 -12.7511
    endloop
  endfacet
  facet normal 0 1 -0
    outer loop
      vertex 15.3908 0 -20.4651
      vertex 15.3907 0 -20.4651
      vertex 16.176 0 -19.29
    endloop
  endfacet
  facet normal 0 1 0
    outer loop
      vertex 15.3908 0 -20.4651
      vertex 14.7001 0 -21.6983
      vertex 15.3907 0 -20.4651
    endloop
  endfacet
  facet normal 0 1 0
    outer loop
      vertex 14.7001 0 -21.6984
      vertex 14.7001 0 -21.6983
      vertex 15.3908 0 -20.4651
    endloop
  endfacet
  facet normal 0 1 0
    outer loop
      vertex 14.7001 0 -21.6983
      vertex 14.7001 0 -21.6984
      vertex 14.4043 0 -22.3401
    endloop
  endfacet
  facet normal 0 -1 0
    outer loop
      vertex 14.4043 0 -22.3401
      vertex 14.1085 0 -22.9817
      vertex 14.1085 0 -22.9818
    endloop
  endfacet
  facet normal 0 -1 0
    outer loop
      vertex 13.6192 0 -24.3079
      vertex 13.6193 0 -24.3078
      vertex 13.6703 0 -24.1695
    endloop
  endfacet
  facet normal 0 -1 0
    outer loop
      vertex 13.2356 0 -25.6681
      vertex 13.6192 0 -24.3079
      vertex 13.2356 0 -25.668
    endloop
  endfacet
  facet normal 0 -1 -0
    outer loop
      vertex 13.6192 0 -24.3079
      vertex 13.2356 0 -25.6681
      vertex 13.6193 0 -24.3078
    endloop
  endfacet
  facet normal -0 -1 0
    outer loop
      vertex 13.2356 0 -25.6681
      vertex 13.2356 0 -25.668
      vertex 13.1446 0 -26.1258
    endloop
  endfacet
  facet normal -0 -1 0
    outer loop
      vertex 9.89665 0 -45.8424
      vertex 9.95736 0 -45.7654
      vertex 9.83 0 -45.9145
    endloop
  endfacet
  facet normal -0 -1 0
    outer loop
      vertex 11.8355 0 -42.6785
      vertex 11.8695 0 -42.5864
      vertex 11.7944 0 -42.7677
    endloop
  endfacet
  facet normal -0 -1 0
    outer loop
      vertex 12.5923 0 -39.9952
      vertex 12.6038 0 -39.898
      vertex 12.5731 0 -40.0914
    endloop
  endfacet
  facet normal -0 -1 0
    outer loop
      vertex 12.4106 0 -40.9086
      vertex 12.4297 0 -40.8124
      vertex 12.3839 0 -41.003
    endloop
  endfacet
  facet normal 0 1 0
    outer loop
      vertex 13.1446 0 -26.1258
      vertex 12.9599 0 -27.0544
      vertex 12.9599 0 -27.0543
    endloop
  endfacet
  facet normal -0 -1 0
    outer loop
      vertex 45.8424 0 -9.0285
      vertex 45.9145 0 -8.96182
      vertex 45.7654 0 -9.08921
    endloop
  endfacet
  facet normal -0 -1 0
    outer loop
      vertex 40.9086 0 -11.5424
      vertex 41.0031 0 -11.5157
      vertex 40.8123 0 -11.5616
    endloop
  endfacet
  facet normal -0 -1 0
    outer loop
      vertex 42.6785 0 -10.9673
      vertex 42.7676 0 -10.9263
      vertex 42.5865 0 -11.0013
    endloop
  endfacet
  facet normal -0 -1 0
    outer loop
      vertex 44.3368 0 -10.1224
      vertex 44.4184 0 -10.0678
      vertex 44.2513 0 -10.1703
    endloop
  endfacet
  facet normal 0 1 0
    outer loop
      vertex 14.1085 0 -22.9818
      vertex 13.6703 0 -24.1695
      vertex 14.1084 0 -22.9818
    endloop
  endfacet
  facet normal 0.117479 0 -0.993075
    outer loop
      vertex 1.80869 0 -49.9634
      vertex 2.73347 4 -49.854
      vertex 2.73347 0 -49.854
    endloop
  endfacet
  facet normal 0.117479 0 -0.993075
    outer loop
      vertex 2.73347 4 -49.854
      vertex 1.80869 0 -49.9634
      vertex 1.80869 4 -49.9634
    endloop
  endfacet
  facet normal 0.19511 0 -0.980781
    outer loop
      vertex 2.73347 0 -49.854
      vertex 3.64684 4 -49.6723
      vertex 3.64684 0 -49.6723
    endloop
  endfacet
  facet normal 0.19511 0 -0.980781
    outer loop
      vertex 3.64684 4 -49.6723
      vertex 2.73347 0 -49.854
      vertex 2.73347 4 -49.854
    endloop
  endfacet
  facet normal 0.271463 0 -0.962449
    outer loop
      vertex 3.64684 0 -49.6723
      vertex 4.54312 4 -49.4195
      vertex 4.54312 0 -49.4195
    endloop
  endfacet
  facet normal 0.271463 0 -0.962449
    outer loop
      vertex 4.54312 4 -49.4195
      vertex 3.64684 0 -49.6723
      vertex 3.64684 4 -49.6723
    endloop
  endfacet
  facet normal 0.346093 0 -0.9382
    outer loop
      vertex 4.54312 0 -49.4195
      vertex 5.41682 4 -49.0972
      vertex 5.41682 0 -49.0972
    endloop
  endfacet
  facet normal 0.346093 0 -0.9382
    outer loop
      vertex 5.41682 4 -49.0972
      vertex 4.54312 0 -49.4195
      vertex 4.54312 4 -49.4195
    endloop
  endfacet
  facet normal 0.41868 0 -0.908134
    outer loop
      vertex 5.41682 0 -49.0972
      vertex 6.26253 4 -48.7073
      vertex 6.26253 0 -48.7073
    endloop
  endfacet
  facet normal 0.41868 0 -0.908134
    outer loop
      vertex 6.26253 4 -48.7073
      vertex 5.41682 0 -49.0972
      vertex 5.41682 4 -49.0972
    endloop
  endfacet
  facet normal 0.488599 0 -0.872509
    outer loop
      vertex 6.26253 0 -48.7073
      vertex 7.07504 4 -48.2523
      vertex 7.07504 0 -48.2523
    endloop
  endfacet
  facet normal 0.488599 0 -0.872509
    outer loop
      vertex 7.07504 4 -48.2523
      vertex 6.26253 0 -48.7073
      vertex 6.26253 4 -48.7073
    endloop
  endfacet
  facet normal 0.555587 0 -0.831458
    outer loop
      vertex 7.07504 0 -48.2523
      vertex 7.84935 4 -47.7349
      vertex 7.84935 0 -47.7349
    endloop
  endfacet
  facet normal 0.555587 0 -0.831458
    outer loop
      vertex 7.84935 4 -47.7349
      vertex 7.07504 0 -48.2523
      vertex 7.07504 4 -48.2523
    endloop
  endfacet
  facet normal 0.619066 0 -0.785339
    outer loop
      vertex 7.84935 0 -47.7349
      vertex 8.58069 4 -47.1584
      vertex 8.58069 0 -47.1584
    endloop
  endfacet
  facet normal 0.619066 0 -0.785339
    outer loop
      vertex 8.58069 4 -47.1584
      vertex 7.84935 0 -47.7349
      vertex 7.84935 4 -47.7349
    endloop
  endfacet
  facet normal 0.678838 0 -0.734288
    outer loop
      vertex 8.58069 0 -47.1584
      vertex 9.26453 4 -46.5262
      vertex 9.26453 0 -46.5262
    endloop
  endfacet
  facet normal 0.678838 0 -0.734288
    outer loop
      vertex 9.26453 4 -46.5262
      vertex 8.58069 0 -47.1584
      vertex 8.58069 4 -47.1584
    endloop
  endfacet
  facet normal 0.734315 0 -0.678809
    outer loop
      vertex 9.83 0 -45.9145
      vertex 9.89665 4 -45.8424
      vertex 9.89665 0 -45.8424
    endloop
  endfacet
  facet normal 0.734335 -7.28124e-07 -0.678787
    outer loop
      vertex 9.48577 0 -46.2869
      vertex 9.89665 4 -45.8424
      vertex 9.83 0 -45.9145
    endloop
  endfacet
  facet normal 0.734311 4.72394e-06 -0.678813
    outer loop
      vertex 9.89665 4 -45.8424
      vertex 9.48577 0 -46.2869
      vertex 9.26453 4 -46.5262
    endloop
  endfacet
  facet normal 0.734271 0 -0.678856
    outer loop
      vertex 9.26453 4 -46.5262
      vertex 9.48577 0 -46.2869
      vertex 9.26453 0 -46.5262
    endloop
  endfacet
  facet normal 0.784831 0 -0.61971
    outer loop
      vertex 10.4124 0 -45.1881
      vertex 10.4732 4 -45.1111
      vertex 10.4732 0 -45.1111
    endloop
  endfacet
  facet normal 0.785296 -1.84404e-05 -0.61912
    outer loop
      vertex 10.4732 4 -45.1111
      vertex 10.4124 0 -45.1881
      vertex 9.89665 4 -45.8424
    endloop
  endfacet
  facet normal 0.785361 3.33401e-06 -0.619038
    outer loop
      vertex 9.95736 0 -45.7654
      vertex 9.89665 4 -45.8424
      vertex 10.4124 0 -45.1881
    endloop
  endfacet
  facet normal 0.785277 0 -0.619145
    outer loop
      vertex 9.89665 4 -45.8424
      vertex 9.95736 0 -45.7654
      vertex 9.89665 0 -45.8424
    endloop
  endfacet
  facet normal 0.831109 0 -0.55611
    outer loop
      vertex 10.936 0 -44.4184
      vertex 10.9906 4 -44.3368
      vertex 10.9906 0 -44.3368
    endloop
  endfacet
  facet normal 0.831516 -1.79556e-05 -0.555502
    outer loop
      vertex 10.7281 0 -44.7296
      vertex 10.9906 4 -44.3368
      vertex 10.936 0 -44.4184
    endloop
  endfacet
  facet normal 0.831455 -5.10868e-06 -0.555592
    outer loop
      vertex 10.9906 4 -44.3368
      vertex 10.7281 0 -44.7296
      vertex 10.4732 4 -45.1111
    endloop
  endfacet
  facet normal 0.83148 0 -0.555555
    outer loop
      vertex 10.4732 4 -45.1111
      vertex 10.7281 0 -44.7296
      vertex 10.4732 0 -45.1111
    endloop
  endfacet
  facet normal 0.872532 0 -0.488558
    outer loop
      vertex 11.4456 0 -43.5242
      vertex 10.9906 4 -44.3368
      vertex 11.4456 4 -43.5242
    endloop
  endfacet
  facet normal 0.872532 0 -0.488558
    outer loop
      vertex 10.9906 4 -44.3368
      vertex 11.4456 0 -43.5242
      vertex 10.9906 0 -44.3368
    endloop
  endfacet
  facet normal 0.908227 0 -0.418477
    outer loop
      vertex 11.7944 0 -42.7677
      vertex 11.8355 4 -42.6785
      vertex 11.8355 0 -42.6785
    endloop
  endfacet
  facet normal 0.908132 5.58656e-06 -0.418684
    outer loop
      vertex 11.8355 4 -42.6785
      vertex 11.7944 0 -42.7677
      vertex 11.4456 4 -43.5242
    endloop
  endfacet
  facet normal 0.908107 -7.07991e-06 -0.418739
    outer loop
      vertex 11.4867 0 -43.435
      vertex 11.4456 4 -43.5242
      vertex 11.7944 0 -42.7677
    endloop
  endfacet
  facet normal 0.908227 0 -0.418477
    outer loop
      vertex 11.4456 4 -43.5242
      vertex 11.4867 0 -43.435
      vertex 11.4456 0 -43.5242
    endloop
  endfacet
  facet normal 0.938265 0 -0.345917
    outer loop
      vertex 12.0973 0 -41.9689
      vertex 12.1578 4 -41.8048
      vertex 12.1578 0 -41.8048
    endloop
  endfacet
  facet normal 0.9382 8.20938e-06 -0.346093
    outer loop
      vertex 12.1578 4 -41.8048
      vertex 12.0973 0 -41.9689
      vertex 11.8355 4 -42.6785
    endloop
  endfacet
  facet normal 0.938195 5.5532e-06 -0.346107
    outer loop
      vertex 11.8695 0 -42.5864
      vertex 11.8355 4 -42.6785
      vertex 12.0973 0 -41.9689
    endloop
  endfacet
  facet normal 0.938117 0 -0.346319
    outer loop
      vertex 11.8355 4 -42.6785
      vertex 11.8695 0 -42.5864
      vertex 11.8355 0 -42.6785
    endloop
  endfacet
  facet normal 0.962251 0 -0.272162
    outer loop
      vertex 12.3839 0 -41.003
      vertex 12.4106 4 -40.9086
      vertex 12.4106 0 -40.9086
    endloop
  endfacet
  facet normal 0.962452 -1.80618e-05 -0.271453
    outer loop
      vertex 12.2873 0 -41.3455
      vertex 12.4106 4 -40.9086
      vertex 12.3839 0 -41.003
    endloop
  endfacet
  facet normal 0.962442 -1.4267e-05 -0.271486
    outer loop
      vertex 12.4106 4 -40.9086
      vertex 12.2873 0 -41.3455
      vertex 12.1578 4 -41.8048
    endloop
  endfacet
  facet normal 0.962475 0 -0.271371
    outer loop
      vertex 12.1578 4 -41.8048
      vertex 12.2873 0 -41.3455
      vertex 12.1578 0 -41.8048
    endloop
  endfacet
  facet normal 0.980659 0 -0.195724
    outer loop
      vertex 12.5731 0 -40.0914
      vertex 12.5923 4 -39.9952
      vertex 12.5923 0 -39.9952
    endloop
  endfacet
  facet normal 0.980783 -1.54999e-05 -0.195104
    outer loop
      vertex 12.5923 4 -39.9952
      vertex 12.5731 0 -40.0914
      vertex 12.4106 4 -40.9086
    endloop
  endfacet
  facet normal 0.980789 -8.15511e-06 -0.19507
    outer loop
      vertex 12.4297 0 -40.8124
      vertex 12.4106 4 -40.9086
      vertex 12.5731 0 -40.0914
    endloop
  endfacet
  facet normal 0.980854 0 -0.194743
    outer loop
      vertex 12.4106 4 -40.9086
      vertex 12.4297 0 -40.8124
      vertex 12.4106 0 -40.9086
    endloop
  endfacet
  facet normal 0.993116 0 -0.117137
    outer loop
      vertex 12.6902 0 -39.1679
      vertex 12.7017 4 -39.0704
      vertex 12.7017 0 -39.0704
    endloop
  endfacet
  facet normal 0.993076 8.4027e-06 -0.117477
    outer loop
      vertex 12.7017 4 -39.0704
      vertex 12.6902 0 -39.1679
      vertex 12.5923 4 -39.9952
    endloop
  endfacet
  facet normal 0.993071 -6.56289e-07 -0.11752
    outer loop
      vertex 12.6038 0 -39.898
      vertex 12.5923 4 -39.9952
      vertex 12.6902 0 -39.1679
    endloop
  endfacet
  facet normal 0.993074 0 -0.117493
    outer loop
      vertex 12.5923 4 -39.9952
      vertex 12.6038 0 -39.898
      vertex 12.5923 0 -39.9952
    endloop
  endfacet
  facet normal 0.999246 0 -0.0388255
    outer loop
      vertex 12.7364 0 -38.1888
      vertex 12.7383 4 -38.1399
      vertex 12.7383 0 -38.1399
    endloop
  endfacet
  facet normal 0.999216 9.35958e-06 -0.03959
    outer loop
      vertex 12.7318 0 -38.3049
      vertex 12.7383 4 -38.1399
      vertex 12.7364 0 -38.1888
    endloop
  endfacet
  facet normal 0.999227 -2.4833e-06 -0.0393033
    outer loop
      vertex 12.7383 4 -38.1399
      vertex 12.7318 0 -38.3049
      vertex 12.7017 4 -39.0704
    endloop
  endfacet
  facet normal 0.999228 0 -0.0392903
    outer loop
      vertex 12.7017 4 -39.0704
      vertex 12.7318 0 -38.3049
      vertex 12.7017 0 -39.0704
    endloop
  endfacet
  facet normal 1 -0 0
    outer loop
      vertex 12.7383 -10 -29.8702
      vertex 12.7383 0 -38.0906
      vertex 12.7383 0 -29.8702
    endloop
  endfacet
  facet normal 1 0 0
    outer loop
      vertex 12.7383 0 -38.0906
      vertex 12.7383 -10 -29.8702
      vertex 12.7383 -10 -38.0906
    endloop
  endfacet
  facet normal 1 0 0
    outer loop
      vertex 12.7383 0 -29.8702
      vertex 12.7383 4 -29.8701
      vertex 12.7383 0 -29.8701
    endloop
  endfacet
  facet normal 1 0 0
    outer loop
      vertex 12.7383 0 -38.0906
      vertex 12.7383 4 -29.8701
      vertex 12.7383 0 -29.8702
    endloop
  endfacet
  facet normal 1 0 0
    outer loop
      vertex 12.7383 4 -29.8701
      vertex 12.7383 0 -38.0906
      vertex 12.7383 4 -38.1399
    endloop
  endfacet
  facet normal 1 0 0
    outer loop
      vertex 12.7383 4 -38.1399
      vertex 12.7383 0 -38.0906
      vertex 12.7383 0 -38.1399
    endloop
  endfacet
  facet normal 0.999229 0 -0.0392701
    outer loop
      vertex 12.7938 0 -28.4579
      vertex 12.7383 4 -29.8701
      vertex 12.7938 4 -28.4579
    endloop
  endfacet
  facet normal 0.999229 0 -0.0392701
    outer loop
      vertex 12.7383 4 -29.8701
      vertex 12.7938 0 -28.4579
      vertex 12.7383 0 -29.8701
    endloop
  endfacet
  facet normal 1 0 0
    outer loop
      vertex 12.9599 0 -27.0544
      vertex 12.9599 4 -27.0543
      vertex 12.9599 0 -27.0543
    endloop
  endfacet
  facet normal 0.993069 2.93824e-06 -0.11753
    outer loop
      vertex 12.8331 0 -28.1258
      vertex 12.9599 4 -27.0543
      vertex 12.9599 0 -27.0544
    endloop
  endfacet
  facet normal 0.993071 -5.83701e-08 -0.117519
    outer loop
      vertex 12.9599 4 -27.0543
      vertex 12.8331 0 -28.1258
      vertex 12.7938 4 -28.4579
    endloop
  endfacet
  facet normal 0.993071 0 -0.117518
    outer loop
      vertex 12.7938 4 -28.4579
      vertex 12.8331 0 -28.1258
      vertex 12.7938 0 -28.4579
    endloop
  endfacet
  facet normal 0.980803 0 -0.195003
    outer loop
      vertex 13.1446 0 -26.1258
      vertex 13.2356 4 -25.6681
      vertex 13.2356 0 -25.6681
    endloop
  endfacet
  facet normal 0.98079 7.72809e-06 -0.195068
    outer loop
      vertex 13.2356 4 -25.6681
      vertex 13.1446 0 -26.1258
      vertex 12.9599 4 -27.0543
    endloop
  endfacet
  facet normal 0.980783 0 -0.1951
    outer loop
      vertex 12.9599 4 -27.0543
      vertex 13.1446 0 -26.1258
      vertex 12.9599 0 -27.0543
    endloop
  endfacet
  facet normal 0.962445 0 -0.271477
    outer loop
      vertex 13.6193 0 -24.3078
      vertex 13.2356 4 -25.6681
      vertex 13.6193 4 -24.3078
    endloop
  endfacet
  facet normal 0.962445 0 -0.271477
    outer loop
      vertex 13.2356 4 -25.6681
      vertex 13.6193 0 -24.3078
      vertex 13.2356 0 -25.6681
    endloop
  endfacet
  facet normal 0.938208 0 -0.346071
    outer loop
      vertex 13.6703 0 -24.1695
      vertex 14.1084 4 -22.9818
      vertex 14.1084 0 -22.9818
    endloop
  endfacet
  facet normal 0.938211 -2.92395e-06 -0.346063
    outer loop
      vertex 14.1084 4 -22.9818
      vertex 13.6703 0 -24.1695
      vertex 13.6193 4 -24.3078
    endloop
  endfacet
  facet normal 0.938239 0 -0.345988
    outer loop
      vertex 13.6193 4 -24.3078
      vertex 13.6703 0 -24.1695
      vertex 13.6193 0 -24.3078
    endloop
  endfacet
  facet normal 0.908183 0 -0.418574
    outer loop
      vertex 14.4043 0 -22.3401
      vertex 14.7001 4 -21.6983
      vertex 14.7001 0 -21.6983
    endloop
  endfacet
  facet normal 0.908144 1.6585e-05 -0.418659
    outer loop
      vertex 14.7001 4 -21.6983
      vertex 14.4043 0 -22.3401
      vertex 14.1084 4 -22.9818
    endloop
  endfacet
  facet normal 0.908158 2.2704e-05 -0.418627
    outer loop
      vertex 14.1085 0 -22.9818
      vertex 14.1084 4 -22.9818
      vertex 14.4043 0 -22.3401
    endloop
  endfacet
  facet normal 0 0 -1
    outer loop
      vertex 14.1084 4 -22.9818
      vertex 14.1085 0 -22.9818
      vertex 14.1084 0 -22.9818
    endloop
  endfacet
  facet normal 0.872504 0 -0.488608
    outer loop
      vertex 15.3907 0 -20.4651
      vertex 14.7001 4 -21.6983
      vertex 15.3907 4 -20.4651
    endloop
  endfacet
  facet normal 0.872504 0 -0.488608
    outer loop
      vertex 14.7001 4 -21.6983
      vertex 15.3907 0 -20.4651
      vertex 14.7001 0 -21.6983
    endloop
  endfacet
  facet normal 0.831429 0 -0.555631
    outer loop
      vertex 16.176 0 -19.29
      vertex 15.3907 4 -20.4651
      vertex 16.176 4 -19.29
    endloop
  endfacet
  facet normal 0.831429 0 -0.555631
    outer loop
      vertex 15.3907 4 -20.4651
      vertex 16.176 0 -19.29
      vertex 15.3907 0 -20.4651
    endloop
  endfacet
  facet normal 0.785308 0 -0.619105
    outer loop
      vertex 17.051 0 -18.1801
      vertex 16.176 4 -19.29
      vertex 17.051 4 -18.1801
    endloop
  endfacet
  facet normal 0.785308 0 -0.619105
    outer loop
      vertex 16.176 4 -19.29
      vertex 17.051 0 -18.1801
      vertex 16.176 0 -19.29
    endloop
  endfacet
  facet normal 0.734367 0 -0.678753
    outer loop
      vertex 18.0103 0 -17.1422
      vertex 17.051 4 -18.1801
      vertex 18.0103 4 -17.1422
    endloop
  endfacet
  facet normal 0.734367 0 -0.678753
    outer loop
      vertex 17.051 4 -18.1801
      vertex 18.0103 0 -17.1422
      vertex 17.051 0 -18.1801
    endloop
  endfacet
  facet normal 0.678791 0 -0.734331
    outer loop
      vertex 18.0103 0 -17.1422
      vertex 19.0482 4 -16.1828
      vertex 19.0482 0 -16.1828
    endloop
  endfacet
  facet normal 0.678791 0 -0.734331
    outer loop
      vertex 19.0482 4 -16.1828
      vertex 18.0103 0 -17.1422
      vertex 18.0103 4 -17.1422
    endloop
  endfacet
  facet normal 0.61955 0 -0.784958
    outer loop
      vertex 20.0238 0 -15.4138
      vertex 20.1581 4 -15.3078
      vertex 20.1581 0 -15.3078
    endloop
  endfacet
  facet normal 0.619044 0 -0.785356
    outer loop
      vertex 19.0482 4 -16.1828
      vertex 20.0238 0 -15.4138
      vertex 19.0482 0 -16.1828
    endloop
  endfacet
  facet normal 0.619105 2.42159e-05 -0.785308
    outer loop
      vertex 20.0238 0 -15.4138
      vertex 19.0482 4 -16.1828
      vertex 20.1581 4 -15.3078
    endloop
  endfacet
  facet normal 0 0 -1
    outer loop
      vertex 21.3332 0 -14.5226
      vertex 21.3333 4 -14.5226
      vertex 21.3333 0 -14.5226
    endloop
  endfacet
  facet normal 0.555582 -1.38895e-05 -0.831462
    outer loop
      vertex 20.1581 0 -15.3078
      vertex 21.3333 4 -14.5226
      vertex 21.3332 0 -14.5226
    endloop
  endfacet
  facet normal 0.555549 0 -0.831484
    outer loop
      vertex 21.3333 4 -14.5226
      vertex 20.1581 0 -15.3078
      vertex 20.1581 4 -15.3078
    endloop
  endfacet
  facet normal 0.488608 0 -0.872504
    outer loop
      vertex 21.3333 0 -14.5226
      vertex 22.5665 4 -13.832
      vertex 22.5665 0 -13.832
    endloop
  endfacet
  facet normal 0.488608 0 -0.872504
    outer loop
      vertex 22.5665 4 -13.832
      vertex 21.3333 0 -14.5226
      vertex 21.3333 4 -14.5226
    endloop
  endfacet
  facet normal 0.418651 0 -0.908147
    outer loop
      vertex 23.1142 0 -13.5795
      vertex 23.85 4 -13.2403
      vertex 23.85 0 -13.2403
    endloop
  endfacet
  facet normal 0.418669 0 -0.908139
    outer loop
      vertex 22.5665 4 -13.832
      vertex 23.1142 0 -13.5795
      vertex 22.5665 0 -13.832
    endloop
  endfacet
  facet normal 0.418659 -1.70874e-06 -0.908144
    outer loop
      vertex 23.1142 0 -13.5795
      vertex 22.5665 4 -13.832
      vertex 23.85 4 -13.2403
    endloop
  endfacet
  facet normal 0.346125 0 -0.938188
    outer loop
      vertex 23.85 0 -13.2403
      vertex 25.176 4 -12.7511
      vertex 25.176 0 -12.7511
    endloop
  endfacet
  facet normal 0.346125 0 -0.938188
    outer loop
      vertex 25.176 4 -12.7511
      vertex 23.85 0 -13.2403
      vertex 23.85 4 -13.2403
    endloop
  endfacet
  facet normal 0.271411 0 -0.962463
    outer loop
      vertex 25.176 0 -12.7511
      vertex 26.5363 4 -12.3675
      vertex 26.5363 0 -12.3675
    endloop
  endfacet
  facet normal 0.271411 0 -0.962463
    outer loop
      vertex 26.5363 4 -12.3675
      vertex 25.176 0 -12.7511
      vertex 25.176 4 -12.7511
    endloop
  endfacet
  facet normal 0.195201 0 -0.980763
    outer loop
      vertex 27.3246 0 -12.2107
      vertex 27.9225 4 -12.0917
      vertex 27.9225 0 -12.0917
    endloop
  endfacet
  facet normal 0.195087 0 -0.980786
    outer loop
      vertex 26.5363 4 -12.3675
      vertex 27.3246 0 -12.2107
      vertex 26.5363 0 -12.3675
    endloop
  endfacet
  facet normal 0.195136 1.00787e-05 -0.980776
    outer loop
      vertex 27.3246 0 -12.2107
      vertex 26.5363 4 -12.3675
      vertex 27.9225 4 -12.0917
    endloop
  endfacet
  facet normal 0 0 -1
    outer loop
      vertex 29.3259 0 -11.9256
      vertex 29.326 4 -11.9256
      vertex 29.326 0 -11.9256
    endloop
  endfacet
  facet normal 0.117535 -2.93838e-06 -0.993069
    outer loop
      vertex 27.9225 0 -12.0917
      vertex 29.326 4 -11.9256
      vertex 29.3259 0 -11.9256
    endloop
  endfacet
  facet normal 0.117527 0 -0.99307
    outer loop
      vertex 29.326 4 -11.9256
      vertex 27.9225 0 -12.0917
      vertex 27.9225 4 -12.0917
    endloop
  endfacet
  facet normal 0.0392673 0 -0.999229
    outer loop
      vertex 29.326 0 -11.9256
      vertex 30.7383 4 -11.8701
      vertex 30.7383 0 -11.8701
    endloop
  endfacet
  facet normal 0.0392673 0 -0.999229
    outer loop
      vertex 30.7383 4 -11.8701
      vertex 29.326 0 -11.9256
      vertex 29.326 4 -11.9256
    endloop
  endfacet
  facet normal 0 0 -1
    outer loop
      vertex 38.0907 -10 -11.8701
      vertex 30.7384 -10 -11.8701
      vertex 38.0907 0 -11.8701
    endloop
  endfacet
  facet normal 0 0 -1
    outer loop
      vertex 38.0907 0 -11.8701
      vertex 38.1399 4 -11.8701
      vertex 38.1399 0 -11.8701
    endloop
  endfacet
  facet normal 0 0 -1
    outer loop
      vertex 30.7384 0 -11.8701
      vertex 38.0907 0 -11.8701
      vertex 30.7384 -10 -11.8701
    endloop
  endfacet
  facet normal 0 0 -1
    outer loop
      vertex 30.7383 4 -11.8701
      vertex 38.0907 0 -11.8701
      vertex 30.7384 0 -11.8701
    endloop
  endfacet
  facet normal 0 0 -1
    outer loop
      vertex 30.7383 4 -11.8701
      vertex 30.7384 0 -11.8701
      vertex 30.7383 0 -11.8701
    endloop
  endfacet
  facet normal 0 0 -1
    outer loop
      vertex 38.0907 0 -11.8701
      vertex 30.7383 4 -11.8701
      vertex 38.1399 4 -11.8701
    endloop
  endfacet
  facet normal 0.0391734 0 -0.999232
    outer loop
      vertex 38.2669 0 -11.8651
      vertex 39.0704 4 -11.8336
      vertex 39.0704 0 -11.8336
    endloop
  endfacet
  facet normal 0.0396615 1.02352e-05 -0.999213
    outer loop
      vertex 38.1399 4 -11.8701
      vertex 38.2669 0 -11.8651
      vertex 38.1888 0 -11.8682
    endloop
  endfacet
  facet normal 0.0388255 0 -0.999246
    outer loop
      vertex 38.1399 4 -11.8701
      vertex 38.1888 0 -11.8682
      vertex 38.1399 0 -11.8701
    endloop
  endfacet
  facet normal 0.0391961 -4.56393e-06 -0.999232
    outer loop
      vertex 38.2669 0 -11.8651
      vertex 38.1399 4 -11.8701
      vertex 39.0704 4 -11.8336
    endloop
  endfacet
  facet normal 0.117255 0 -0.993102
    outer loop
      vertex 39.8978 0 -11.7356
      vertex 39.9952 4 -11.7241
      vertex 39.9952 0 -11.7241
    endloop
  endfacet
  facet normal 0.117552 -7.31637e-06 -0.993067
    outer loop
      vertex 39.1679 0 -11.822
      vertex 39.9952 4 -11.7241
      vertex 39.8978 0 -11.7356
    endloop
  endfacet
  facet normal 0.118141 0 -0.992997
    outer loop
      vertex 39.0704 4 -11.8336
      vertex 39.1679 0 -11.822
      vertex 39.0704 0 -11.8336
    endloop
  endfacet
  facet normal 0.117583 -1.38066e-05 -0.993063
    outer loop
      vertex 39.1679 0 -11.822
      vertex 39.0704 4 -11.8336
      vertex 39.9952 4 -11.7241
    endloop
  endfacet
  facet normal 0.195529 0 -0.980698
    outer loop
      vertex 40.8123 0 -11.5616
      vertex 40.9086 4 -11.5424
      vertex 40.9086 0 -11.5424
    endloop
  endfacet
  facet normal 0.195026 1.25744e-05 -0.980798
    outer loop
      vertex 40.1027 0 -11.7027
      vertex 40.9086 4 -11.5424
      vertex 40.8123 0 -11.5616
    endloop
  endfacet
  facet normal 0.195239 0 -0.980756
    outer loop
      vertex 39.9952 4 -11.7241
      vertex 40.1027 0 -11.7027
      vertex 39.9952 0 -11.7241
    endloop
  endfacet
  facet normal 0.195104 -3.76088e-06 -0.980783
    outer loop
      vertex 40.1027 0 -11.7027
      vertex 39.9952 4 -11.7241
      vertex 40.9086 4 -11.5424
    endloop
  endfacet
  facet normal 0.271469 0 -0.962447
    outer loop
      vertex 41.0071 0 -11.5146
      vertex 41.8048 4 -11.2896
      vertex 41.8048 0 -11.2896
    endloop
  endfacet
  facet normal 0.265156 -0.000171749 -0.964205
    outer loop
      vertex 40.9086 4 -11.5424
      vertex 41.0071 0 -11.5146
      vertex 41.0031 0 -11.5157
    endloop
  endfacet
  facet normal 0.271896 0 -0.962327
    outer loop
      vertex 40.9086 4 -11.5424
      vertex 41.0031 0 -11.5157
      vertex 40.9086 0 -11.5424
    endloop
  endfacet
  facet normal 0.271486 -3.64057e-06 -0.962442
    outer loop
      vertex 41.0071 0 -11.5146
      vertex 40.9086 4 -11.5424
      vertex 41.8048 4 -11.2896
    endloop
  endfacet
  facet normal 0.34665 0 -0.937994
    outer loop
      vertex 42.5865 0 -11.0013
      vertex 42.6785 4 -10.9673
      vertex 42.6785 0 -10.9673
    endloop
  endfacet
  facet normal 0.346005 1.6866e-05 -0.938233
    outer loop
      vertex 42.122 0 -11.1726
      vertex 42.6785 4 -10.9673
      vertex 42.5865 0 -11.0013
    endloop
  endfacet
  facet normal 0.346062 0 -0.938212
    outer loop
      vertex 41.8048 4 -11.2896
      vertex 42.122 0 -11.1726
      vertex 41.8048 0 -11.2896
    endloop
  endfacet
  facet normal 0.346093 2.86174e-06 -0.9382
    outer loop
      vertex 42.122 0 -11.1726
      vertex 41.8048 4 -11.2896
      vertex 42.6785 4 -10.9673
    endloop
  endfacet
  facet normal 0.418719 0 -0.908116
    outer loop
      vertex 43.2865 0 -10.687
      vertex 43.5242 4 -10.5774
      vertex 43.5242 0 -10.5774
    endloop
  endfacet
  facet normal 0.418781 2.04447e-05 -0.908087
    outer loop
      vertex 42.6785 4 -10.9673
      vertex 43.2865 0 -10.687
      vertex 42.7676 0 -10.9263
    endloop
  endfacet
  facet normal 0.418023 0 -0.908436
    outer loop
      vertex 42.6785 4 -10.9673
      vertex 42.7676 0 -10.9263
      vertex 42.6785 0 -10.9673
    endloop
  endfacet
  facet normal 0.418684 2.54765e-06 -0.908132
    outer loop
      vertex 43.2865 0 -10.687
      vertex 42.6785 4 -10.9673
      vertex 43.5242 4 -10.5774
    endloop
  endfacet
  facet normal 0.488759 0 -0.872419
    outer loop
      vertex 44.2513 0 -10.1703
      vertex 44.3368 4 -10.1224
      vertex 44.3368 0 -10.1224
    endloop
  endfacet
  facet normal 0.488562 5.52556e-06 -0.872529
    outer loop
      vertex 43.6098 0 -10.5295
      vertex 44.3368 4 -10.1224
      vertex 44.2513 0 -10.1703
    endloop
  endfacet
  facet normal 0.488324 0 -0.872662
    outer loop
      vertex 43.5242 4 -10.5774
      vertex 43.6098 0 -10.5295
      vertex 43.5242 0 -10.5774
    endloop
  endfacet
  facet normal 0.488558 6.566e-06 -0.872532
    outer loop
      vertex 43.6098 0 -10.5295
      vertex 43.5242 4 -10.5774
      vertex 44.3368 4 -10.1224
    endloop
  endfacet
  facet normal 0.55557 0 -0.83147
    outer loop
      vertex 44.7296 0 -9.85995
      vertex 45.1111 4 -9.60504
      vertex 45.1111 0 -9.60504
    endloop
  endfacet
  facet normal 0.555409 -2.06825e-05 -0.831577
    outer loop
      vertex 44.3368 4 -10.1224
      vertex 44.7296 0 -9.85995
      vertex 44.4184 0 -10.0678
    endloop
  endfacet
  facet normal 0.55611 0 -0.831109
    outer loop
      vertex 44.3368 4 -10.1224
      vertex 44.4184 0 -10.0678
      vertex 44.3368 0 -10.1224
    endloop
  endfacet
  facet normal 0.555562 1.06659e-06 -0.831475
    outer loop
      vertex 44.7296 0 -9.85995
      vertex 44.3368 4 -10.1224
      vertex 45.1111 4 -9.60504
    endloop
  endfacet
  facet normal 0.619145 0 -0.785277
    outer loop
      vertex 45.7654 0 -9.08921
      vertex 45.8424 4 -9.0285
      vertex 45.8424 0 -9.0285
    endloop
  endfacet
  facet normal 0.619072 2.28642e-06 -0.785335
    outer loop
      vertex 45.1881 0 -9.54429
      vertex 45.8424 4 -9.0285
      vertex 45.7654 0 -9.08921
    endloop
  endfacet
  facet normal 0.619396 0 -0.785078
    outer loop
      vertex 45.1111 4 -9.60504
      vertex 45.1881 0 -9.54429
      vertex 45.1111 0 -9.60504
    endloop
  endfacet
  facet normal 0.619114 -8.83102e-06 -0.785301
    outer loop
      vertex 45.1881 0 -9.54429
      vertex 45.1111 4 -9.60504
      vertex 45.8424 4 -9.0285
    endloop
  endfacet
  facet normal 0.678793 0 -0.73433
    outer loop
      vertex 46.0978 0 -8.79238
      vertex 46.5262 4 -8.39638
      vertex 46.5262 0 -8.39638
    endloop
  endfacet
  facet normal 0.678799 -5.82892e-06 -0.734324
    outer loop
      vertex 45.8424 4 -9.0285
      vertex 46.0978 0 -8.79238
      vertex 45.9145 0 -8.96182
    endloop
  endfacet
  facet normal 0.678973 0 -0.734163
    outer loop
      vertex 45.8424 4 -9.0285
      vertex 45.9145 0 -8.96182
      vertex 45.8424 0 -9.0285
    endloop
  endfacet
  facet normal 0.678813 -4.13654e-06 -0.734311
    outer loop
      vertex 46.0978 0 -8.79238
      vertex 45.8424 4 -9.0285
      vertex 46.5262 4 -8.39638
    endloop
  endfacet
  facet normal 0.734298 0 -0.678828
    outer loop
      vertex 47.1584 0 -7.71252
      vertex 46.5262 4 -8.39638
      vertex 47.1584 4 -7.71252
    endloop
  endfacet
  facet normal 0.734298 0 -0.678828
    outer loop
      vertex 46.5262 4 -8.39638
      vertex 47.1584 0 -7.71252
      vertex 46.5262 0 -8.39638
    endloop
  endfacet
  facet normal 0.785301 0 -0.619115
    outer loop
      vertex 47.371 0 -7.44278
      vertex 47.7349 4 -6.9812
      vertex 47.7349 0 -6.9812
    endloop
  endfacet
  facet normal 0.785331 -7.10837e-06 -0.619077
    outer loop
      vertex 47.7349 4 -6.9812
      vertex 47.371 0 -7.44278
      vertex 47.1584 4 -7.71252
    endloop
  endfacet
  facet normal 0.785723 4.72726e-05 -0.618579
    outer loop
      vertex 47.3418 0 -7.47987
      vertex 47.1584 4 -7.71252
      vertex 47.371 0 -7.44278
    endloop
  endfacet
  facet normal 0.785328 0 -0.61908
    outer loop
      vertex 47.1584 4 -7.71252
      vertex 47.3418 0 -7.47987
      vertex 47.1584 0 -7.71252
    endloop
  endfacet
  facet normal 0.831458 0 -0.555587
    outer loop
      vertex 48.2523 0 -6.20689
      vertex 47.7349 4 -6.9812
      vertex 48.2523 4 -6.20689
    endloop
  endfacet
  facet normal 0.831458 0 -0.555587
    outer loop
      vertex 47.7349 4 -6.9812
      vertex 48.2523 0 -6.20689
      vertex 47.7349 0 -6.9812
    endloop
  endfacet
  facet normal 0.872509 0 -0.488599
    outer loop
      vertex 48.7073 0 -5.39438
      vertex 48.2523 4 -6.20689
      vertex 48.7073 4 -5.39438
    endloop
  endfacet
  facet normal 0.872509 0 -0.488599
    outer loop
      vertex 48.2523 4 -6.20689
      vertex 48.7073 0 -5.39438
      vertex 48.2523 0 -6.20689
    endloop
  endfacet
  facet normal 0.908136 0 -0.418675
    outer loop
      vertex 49.0972 0 -4.54866
      vertex 48.7073 4 -5.39438
      vertex 49.0972 4 -4.54866
    endloop
  endfacet
  facet normal 0.908136 0 -0.418675
    outer loop
      vertex 48.7073 4 -5.39438
      vertex 49.0972 0 -4.54866
      vertex 48.7073 0 -5.39438
    endloop
  endfacet
  facet normal 0.938199 0 -0.346097
    outer loop
      vertex 49.4195 0 -3.67497
      vertex 49.0972 4 -4.54866
      vertex 49.4195 4 -3.67497
    endloop
  endfacet
  facet normal 0.938199 0 -0.346097
    outer loop
      vertex 49.0972 4 -4.54866
      vertex 49.4195 0 -3.67497
      vertex 49.0972 0 -4.54866
    endloop
  endfacet
  facet normal 0.962449 0 -0.271463
    outer loop
      vertex 49.6723 0 -2.77869
      vertex 49.4195 4 -3.67497
      vertex 49.6723 4 -2.77869
    endloop
  endfacet
  facet normal 0.962449 0 -0.271463
    outer loop
      vertex 49.4195 4 -3.67497
      vertex 49.6723 0 -2.77869
      vertex 49.4195 0 -3.67497
    endloop
  endfacet
  facet normal 0.980781 0 -0.195112
    outer loop
      vertex 49.854 0 -1.86533
      vertex 49.6723 4 -2.77869
      vertex 49.854 4 -1.86533
    endloop
  endfacet
  facet normal 0.980781 0 -0.195112
    outer loop
      vertex 49.6723 4 -2.77869
      vertex 49.854 0 -1.86533
      vertex 49.6723 0 -2.77869
    endloop
  endfacet
  facet normal 0.993076 0 -0.117476
    outer loop
      vertex 49.9634 0 -0.940521
      vertex 49.854 4 -1.86533
      vertex 49.9634 4 -0.940521
    endloop
  endfacet
  facet normal 0.993076 0 -0.117476
    outer loop
      vertex 49.854 4 -1.86533
      vertex 49.9634 0 -0.940521
      vertex 49.854 0 -1.86533
    endloop
  endfacet
  facet normal 0.999227 0 -0.0393022
    outer loop
      vertex 50 0 -0.00999451
      vertex 49.9634 4 -0.940521
      vertex 50 4 -0.00999451
    endloop
  endfacet
  facet normal 0.999227 0 -0.0393022
    outer loop
      vertex 49.9634 4 -0.940521
      vertex 50 0 -0.00999451
      vertex 49.9634 0 -0.940521
    endloop
  endfacet
  facet normal 1 -0 0
    outer loop
      vertex 50 0 0.00999451
      vertex 50 4 -0.00999451
      vertex 50 4 0.00999451
    endloop
  endfacet
  facet normal 1 0 0
    outer loop
      vertex 50 4 -0.00999451
      vertex 50 0 0.00999451
      vertex 50 0 -0.00999451
    endloop
  endfacet
  facet normal 0.999227 -0 0.0393022
    outer loop
      vertex 49.9634 0 0.940521
      vertex 50 4 0.00999451
      vertex 49.9634 4 0.940521
    endloop
  endfacet
  facet normal 0.999227 0 0.0393022
    outer loop
      vertex 50 4 0.00999451
      vertex 49.9634 0 0.940521
      vertex 50 0 0.00999451
    endloop
  endfacet
  facet normal 0.993076 -0 0.117476
    outer loop
      vertex 49.854 0 1.86533
      vertex 49.9634 4 0.940521
      vertex 49.854 4 1.86533
    endloop
  endfacet
  facet normal 0.993076 0 0.117476
    outer loop
      vertex 49.9634 4 0.940521
      vertex 49.854 0 1.86533
      vertex 49.9634 0 0.940521
    endloop
  endfacet
  facet normal 0.980781 -0 0.195112
    outer loop
      vertex 49.6723 0 2.77869
      vertex 49.854 4 1.86533
      vertex 49.6723 4 2.77869
    endloop
  endfacet
  facet normal 0.980781 0 0.195112
    outer loop
      vertex 49.854 4 1.86533
      vertex 49.6723 0 2.77869
      vertex 49.854 0 1.86533
    endloop
  endfacet
  facet normal 0.962449 -0 0.271463
    outer loop
      vertex 49.4195 0 3.67497
      vertex 49.6723 4 2.77869
      vertex 49.4195 4 3.67497
    endloop
  endfacet
  facet normal 0.962449 0 0.271463
    outer loop
      vertex 49.6723 4 2.77869
      vertex 49.4195 0 3.67497
      vertex 49.6723 0 2.77869
    endloop
  endfacet
  facet normal 0.938199 -0 0.346097
    outer loop
      vertex 49.0972 0 4.54866
      vertex 49.4195 4 3.67497
      vertex 49.0972 4 4.54866
    endloop
  endfacet
  facet normal 0.938199 0 0.346097
    outer loop
      vertex 49.4195 4 3.67497
      vertex 49.0972 0 4.54866
      vertex 49.4195 0 3.67497
    endloop
  endfacet
  facet normal 0.908136 -0 0.418675
    outer loop
      vertex 48.7073 0 5.39438
      vertex 49.0972 4 4.54866
      vertex 48.7073 4 5.39438
    endloop
  endfacet
  facet normal 0.908136 0 0.418675
    outer loop
      vertex 49.0972 4 4.54866
      vertex 48.7073 0 5.39438
      vertex 49.0972 0 4.54866
    endloop
  endfacet
  facet normal 0.872509 -0 0.488599
    outer loop
      vertex 48.2523 0 6.20689
      vertex 48.7073 4 5.39438
      vertex 48.2523 4 6.20689
    endloop
  endfacet
  facet normal 0.872509 0 0.488599
    outer loop
      vertex 48.7073 4 5.39438
      vertex 48.2523 0 6.20689
      vertex 48.7073 0 5.39438
    endloop
  endfacet
  facet normal 0.831458 -0 0.555587
    outer loop
      vertex 47.7349 0 6.9812
      vertex 48.2523 4 6.20689
      vertex 47.7349 4 6.9812
    endloop
  endfacet
  facet normal 0.831458 0 0.555587
    outer loop
      vertex 48.2523 4 6.20689
      vertex 47.7349 0 6.9812
      vertex 48.2523 0 6.20689
    endloop
  endfacet
  facet normal 0.785331 -0 0.619077
    outer loop
      vertex 47.1584 0 7.71252
      vertex 47.7349 4 6.9812
      vertex 47.1584 4 7.71252
    endloop
  endfacet
  facet normal 0.785331 0 0.619077
    outer loop
      vertex 47.7349 4 6.9812
      vertex 47.1584 0 7.71252
      vertex 47.7349 0 6.9812
    endloop
  endfacet
  facet normal 0.734298 -0 0.678828
    outer loop
      vertex 46.5262 0 8.39638
      vertex 47.1584 4 7.71252
      vertex 46.5262 4 8.39638
    endloop
  endfacet
  facet normal 0.734298 0 0.678828
    outer loop
      vertex 47.1584 4 7.71252
      vertex 46.5262 0 8.39638
      vertex 47.1584 0 7.71252
    endloop
  endfacet
  facet normal 0.678813 0 0.734311
    outer loop
      vertex 45.8424 4 9.0285
      vertex 46.5262 0 8.39638
      vertex 46.5262 4 8.39638
    endloop
  endfacet
  facet normal 0.678813 0 0.734311
    outer loop
      vertex 46.5262 0 8.39638
      vertex 45.8424 4 9.0285
      vertex 45.8424 0 9.0285
    endloop
  endfacet
  facet normal 0.619114 0 0.785301
    outer loop
      vertex 45.1111 4 9.60504
      vertex 45.8424 0 9.0285
      vertex 45.8424 4 9.0285
    endloop
  endfacet
  facet normal 0.619114 0 0.785301
    outer loop
      vertex 45.8424 0 9.0285
      vertex 45.1111 4 9.60504
      vertex 45.1111 0 9.60504
    endloop
  endfacet
  facet normal 0.555562 0 0.831475
    outer loop
      vertex 44.3368 4 10.1224
      vertex 45.1111 0 9.60504
      vertex 45.1111 4 9.60504
    endloop
  endfacet
  facet normal 0.555562 0 0.831475
    outer loop
      vertex 45.1111 0 9.60504
      vertex 44.3368 4 10.1224
      vertex 44.3368 0 10.1224
    endloop
  endfacet
  facet normal 0.488558 0 0.872532
    outer loop
      vertex 43.5242 4 10.5774
      vertex 44.3368 0 10.1224
      vertex 44.3368 4 10.1224
    endloop
  endfacet
  facet normal 0.488558 0 0.872532
    outer loop
      vertex 44.3368 0 10.1224
      vertex 43.5242 4 10.5774
      vertex 43.5242 0 10.5774
    endloop
  endfacet
  facet normal 0.418684 0 0.908132
    outer loop
      vertex 42.6785 4 10.9673
      vertex 43.5242 0 10.5774
      vertex 43.5242 4 10.5774
    endloop
  endfacet
  facet normal 0.418684 0 0.908132
    outer loop
      vertex 43.5242 0 10.5774
      vertex 42.6785 4 10.9673
      vertex 42.6785 0 10.9673
    endloop
  endfacet
  facet normal 0.346093 0 0.9382
    outer loop
      vertex 41.8048 4 11.2896
      vertex 42.6785 0 10.9673
      vertex 42.6785 4 10.9673
    endloop
  endfacet
  facet normal 0.346093 0 0.9382
    outer loop
      vertex 42.6785 0 10.9673
      vertex 41.8048 4 11.2896
      vertex 41.8048 0 11.2896
    endloop
  endfacet
  facet normal 0.271486 0 0.962442
    outer loop
      vertex 40.9086 4 11.5424
      vertex 41.8048 0 11.2896
      vertex 41.8048 4 11.2896
    endloop
  endfacet
  facet normal 0.271486 0 0.962442
    outer loop
      vertex 41.8048 0 11.2896
      vertex 40.9086 4 11.5424
      vertex 40.9086 0 11.5424
    endloop
  endfacet
  facet normal 0.195104 0 0.980783
    outer loop
      vertex 39.9952 4 11.7241
      vertex 40.9086 0 11.5424
      vertex 40.9086 4 11.5424
    endloop
  endfacet
  facet normal 0.195104 0 0.980783
    outer loop
      vertex 40.9086 0 11.5424
      vertex 39.9952 4 11.7241
      vertex 39.9952 0 11.7241
    endloop
  endfacet
  facet normal 0.117583 0 0.993063
    outer loop
      vertex 39.0704 4 11.8336
      vertex 39.9952 0 11.7241
      vertex 39.9952 4 11.7241
    endloop
  endfacet
  facet normal 0.117583 0 0.993063
    outer loop
      vertex 39.9952 0 11.7241
      vertex 39.0704 4 11.8336
      vertex 39.0704 0 11.8336
    endloop
  endfacet
  facet normal 0.0391961 0 0.999232
    outer loop
      vertex 38.1399 4 11.8701
      vertex 39.0704 0 11.8336
      vertex 39.0704 4 11.8336
    endloop
  endfacet
  facet normal 0.0391961 0 0.999232
    outer loop
      vertex 39.0704 0 11.8336
      vertex 38.1399 4 11.8701
      vertex 38.1399 0 11.8701
    endloop
  endfacet
  facet normal 0 0 1
    outer loop
      vertex 38.1399 4 11.8701
      vertex 33 1.5 11.8701
      vertex 38.1399 0 11.8701
    endloop
  endfacet
  facet normal -0 0 1
    outer loop
      vertex 30.7383 4 11.8701
      vertex 33 1.5 11.8701
      vertex 38.1399 4 11.8701
    endloop
  endfacet
  facet normal 0 0 1
    outer loop
      vertex 33 1.5 11.8701
      vertex 30.7383 4 11.8701
      vertex 30.7383 1.5 11.8701
    endloop
  endfacet
  facet normal 0 0 1
    outer loop
      vertex 38.1399 0 11.8701
      vertex 33 1.5 11.8701
      vertex 33 0 11.8701
    endloop
  endfacet
  facet normal 0.0392673 0 0.999229
    outer loop
      vertex 29.326 4 11.9256
      vertex 30.7383 1.5 11.8701
      vertex 30.7383 4 11.8701
    endloop
  endfacet
  facet normal 0.0392673 0 0.999229
    outer loop
      vertex 30.7383 1.5 11.8701
      vertex 29.326 4 11.9256
      vertex 29.326 1.5 11.9256
    endloop
  endfacet
  facet normal 0.117527 0 0.99307
    outer loop
      vertex 27.9225 4 12.0917
      vertex 29.326 1.5 11.9256
      vertex 29.326 4 11.9256
    endloop
  endfacet
  facet normal 0.117527 0 0.99307
    outer loop
      vertex 29.326 1.5 11.9256
      vertex 27.9225 4 12.0917
      vertex 27.9225 1.5 12.0917
    endloop
  endfacet
  facet normal 0.195136 0 0.980776
    outer loop
      vertex 26.5363 4 12.3675
      vertex 27.9225 1.5 12.0917
      vertex 27.9225 4 12.0917
    endloop
  endfacet
  facet normal 0.195136 0 0.980776
    outer loop
      vertex 27.9225 1.5 12.0917
      vertex 26.5363 4 12.3675
      vertex 26.5363 1.5 12.3675
    endloop
  endfacet
  facet normal 0.271411 0 0.962463
    outer loop
      vertex 25.176 4 12.7511
      vertex 26.5363 1.5 12.3675
      vertex 26.5363 4 12.3675
    endloop
  endfacet
  facet normal 0.271411 0 0.962463
    outer loop
      vertex 26.5363 1.5 12.3675
      vertex 25.176 4 12.7511
      vertex 25.176 1.5 12.7511
    endloop
  endfacet
  facet normal 0.346125 0 0.938188
    outer loop
      vertex 23.85 4 13.2403
      vertex 25.176 1.5 12.7511
      vertex 25.176 4 12.7511
    endloop
  endfacet
  facet normal 0.346125 0 0.938188
    outer loop
      vertex 25.176 1.5 12.7511
      vertex 23.85 4 13.2403
      vertex 23.85 1.5 13.2403
    endloop
  endfacet
  facet normal 0.418611 0 0.908166
    outer loop
      vertex 23.85 4 13.2403
      vertex 23 1.5 13.6321
      vertex 23.85 1.5 13.2403
    endloop
  endfacet
  facet normal 0.418659 -1.97266e-05 0.908144
    outer loop
      vertex 22.5665 4 13.832
      vertex 23 1.5 13.6321
      vertex 23.85 4 13.2403
    endloop
  endfacet
  facet normal 0.418753 -0 0.9081
    outer loop
      vertex 22.5665 0 13.832
      vertex 23 1.5 13.6321
      vertex 22.5665 4 13.832
    endloop
  endfacet
  facet normal 0.418753 0 0.9081
    outer loop
      vertex 23 1.5 13.6321
      vertex 22.5665 0 13.832
      vertex 23 0 13.6321
    endloop
  endfacet
  facet normal 0.488608 0 0.872504
    outer loop
      vertex 21.3333 4 14.5226
      vertex 22.5665 0 13.832
      vertex 22.5665 4 13.832
    endloop
  endfacet
  facet normal 0.488608 0 0.872504
    outer loop
      vertex 22.5665 0 13.832
      vertex 21.3333 4 14.5226
      vertex 21.3333 0 14.5226
    endloop
  endfacet
  facet normal 0.555549 0 0.831484
    outer loop
      vertex 20.1581 4 15.3078
      vertex 21.3333 0 14.5226
      vertex 21.3333 4 14.5226
    endloop
  endfacet
  facet normal 0.555549 0 0.831484
    outer loop
      vertex 21.3333 0 14.5226
      vertex 20.1581 4 15.3078
      vertex 20.1581 0 15.3078
    endloop
  endfacet
  facet normal 0.619105 0 0.785308
    outer loop
      vertex 19.0482 4 16.1828
      vertex 20.1581 0 15.3078
      vertex 20.1581 4 15.3078
    endloop
  endfacet
  facet normal 0.619105 0 0.785308
    outer loop
      vertex 20.1581 0 15.3078
      vertex 19.0482 4 16.1828
      vertex 19.0482 0 16.1828
    endloop
  endfacet
  facet normal 0.678791 0 0.734331
    outer loop
      vertex 18.0103 4 17.1422
      vertex 19.0482 0 16.1828
      vertex 19.0482 4 16.1828
    endloop
  endfacet
  facet normal 0.678791 0 0.734331
    outer loop
      vertex 19.0482 0 16.1828
      vertex 18.0103 4 17.1422
      vertex 18.0103 0 17.1422
    endloop
  endfacet
  facet normal 0.734367 -0 0.678753
    outer loop
      vertex 17.051 0 18.1801
      vertex 18.0103 4 17.1422
      vertex 17.051 4 18.1801
    endloop
  endfacet
  facet normal 0.734367 0 0.678753
    outer loop
      vertex 18.0103 4 17.1422
      vertex 17.051 0 18.1801
      vertex 18.0103 0 17.1422
    endloop
  endfacet
  facet normal 0.785308 -1.90917e-05 0.619105
    outer loop
      vertex 16.176 4 19.29
      vertex 17 1.03886 18.2447
      vertex 17.051 4 18.1801
    endloop
  endfacet
  facet normal 0.785303 -2.29013e-05 0.619112
    outer loop
      vertex 16.176 4 19.29
      vertex 16.4598 0.80626 18.9299
      vertex 17 1.03886 18.2447
    endloop
  endfacet
  facet normal 0.785402 0 0.618986
    outer loop
      vertex 16.4598 0.80626 18.9299
      vertex 16.176 4 19.29
      vertex 16.176 0.628697 19.29
    endloop
  endfacet
  facet normal 0.784883 0 0.619644
    outer loop
      vertex 17.051 0 18.1801
      vertex 17 1.03886 18.2447
      vertex 17 0 18.2447
    endloop
  endfacet
  facet normal 0.784883 0 0.619644
    outer loop
      vertex 17 1.03886 18.2447
      vertex 17.051 0 18.1801
      vertex 17.051 4 18.1801
    endloop
  endfacet
  facet normal 0.831429 0 0.555631
    outer loop
      vertex 15.3907 4 20.4651
      vertex 16.176 0.628697 19.29
      vertex 16.176 4 19.29
    endloop
  endfacet
  facet normal 0.831428 -1.17167e-06 0.555633
    outer loop
      vertex 15.3907 4 20.4651
      vertex 15.8051 0.354998 19.845
      vertex 16.176 0.628697 19.29
    endloop
  endfacet
  facet normal 0.831431 -0 0.555628
    outer loop
      vertex 15.3907 0 20.4651
      vertex 15.8051 0.354998 19.845
      vertex 15.3907 4 20.4651
    endloop
  endfacet
  facet normal 0.831185 0.000928642 0.555995
    outer loop
      vertex 15.8051 0.354998 19.845
      vertex 15.3907 0 20.4651
      vertex 15.4501 0 20.3763
    endloop
  endfacet
  facet normal 0.872504 -0 0.488608
    outer loop
      vertex 14.7001 0 21.6983
      vertex 15.3907 4 20.4651
      vertex 14.7001 4 21.6983
    endloop
  endfacet
  facet normal 0.872504 0 0.488608
    outer loop
      vertex 15.3907 4 20.4651
      vertex 14.7001 0 21.6983
      vertex 15.3907 0 20.4651
    endloop
  endfacet
  facet normal 0.908144 -0 0.418659
    outer loop
      vertex 14.1084 0 22.9818
      vertex 14.7001 4 21.6983
      vertex 14.1084 4 22.9818
    endloop
  endfacet
  facet normal 0.908144 0 0.418659
    outer loop
      vertex 14.7001 4 21.6983
      vertex 14.1084 0 22.9818
      vertex 14.7001 0 21.6983
    endloop
  endfacet
  facet normal 0.938211 -0 0.346063
    outer loop
      vertex 13.6193 0 24.3078
      vertex 14.1084 4 22.9818
      vertex 13.6193 4 24.3078
    endloop
  endfacet
  facet normal 0.938211 0 0.346063
    outer loop
      vertex 14.1084 4 22.9818
      vertex 13.6193 0 24.3078
      vertex 14.1084 0 22.9818
    endloop
  endfacet
  facet normal 0.962445 -0 0.271477
    outer loop
      vertex 13.2356 0 25.6681
      vertex 13.6193 4 24.3078
      vertex 13.2356 4 25.6681
    endloop
  endfacet
  facet normal 0.962445 0 0.271477
    outer loop
      vertex 13.6193 4 24.3078
      vertex 13.2356 0 25.6681
      vertex 13.6193 0 24.3078
    endloop
  endfacet
  facet normal 0.98079 -0 0.195068
    outer loop
      vertex 12.9599 0 27.0543
      vertex 13.2356 4 25.6681
      vertex 12.9599 4 27.0543
    endloop
  endfacet
  facet normal 0.98079 0 0.195068
    outer loop
      vertex 13.2356 4 25.6681
      vertex 12.9599 0 27.0543
      vertex 13.2356 0 25.6681
    endloop
  endfacet
  facet normal 0.993065 -0 0.117569
    outer loop
      vertex 12.9243 0 27.355
      vertex 12.9599 4 27.0543
      vertex 12.9243 4 27.355
    endloop
  endfacet
  facet normal 0.993065 0 0.117569
    outer loop
      vertex 12.9599 4 27.0543
      vertex 12.9243 0 27.355
      vertex 12.9599 0 27.0543
    endloop
  endfacet
  facet normal -0 0 1
    outer loop
      vertex -12.9243 4 27.355
      vertex 12.9243 0 27.355
      vertex 12.9243 4 27.355
    endloop
  endfacet
  facet normal 0 0 1
    outer loop
      vertex 12.9243 0 27.355
      vertex -12.9243 4 27.355
      vertex -12.9243 0 27.355
    endloop
  endfacet
  facet normal -0.993065 0 0.117569
    outer loop
      vertex -12.9599 0 27.0543
      vertex -12.9243 4 27.355
      vertex -12.9599 4 27.0543
    endloop
  endfacet
  facet normal -0.993065 0 0.117569
    outer loop
      vertex -12.9243 4 27.355
      vertex -12.9599 0 27.0543
      vertex -12.9243 0 27.355
    endloop
  endfacet
  facet normal -0.98079 0 0.195068
    outer loop
      vertex -13.2356 0 25.6681
      vertex -12.9599 4 27.0543
      vertex -13.2356 4 25.6681
    endloop
  endfacet
  facet normal -0.98079 0 0.195068
    outer loop
      vertex -12.9599 4 27.0543
      vertex -13.2356 0 25.6681
      vertex -12.9599 0 27.0543
    endloop
  endfacet
  facet normal -0.962445 0 0.271477
    outer loop
      vertex -13.6193 0 24.3078
      vertex -13.2356 4 25.6681
      vertex -13.6193 4 24.3078
    endloop
  endfacet
  facet normal -0.962445 0 0.271477
    outer loop
      vertex -13.2356 4 25.6681
      vertex -13.6193 0 24.3078
      vertex -13.2356 0 25.6681
    endloop
  endfacet
  facet normal -0.938211 0 0.346063
    outer loop
      vertex -14.1084 0 22.9818
      vertex -13.6193 4 24.3078
      vertex -14.1084 4 22.9818
    endloop
  endfacet
  facet normal -0.938211 0 0.346063
    outer loop
      vertex -13.6193 4 24.3078
      vertex -14.1084 0 22.9818
      vertex -13.6193 0 24.3078
    endloop
  endfacet
  facet normal -0.908144 0 0.418659
    outer loop
      vertex -14.7001 0 21.6983
      vertex -14.1084 4 22.9818
      vertex -14.7001 4 21.6983
    endloop
  endfacet
  facet normal -0.908144 0 0.418659
    outer loop
      vertex -14.1084 4 22.9818
      vertex -14.7001 0 21.6983
      vertex -14.1084 0 22.9818
    endloop
  endfacet
  facet normal -0.872504 0 0.488608
    outer loop
      vertex -15.3907 0 20.4651
      vertex -14.7001 4 21.6983
      vertex -15.3907 4 20.4651
    endloop
  endfacet
  facet normal -0.872504 0 0.488608
    outer loop
      vertex -14.7001 4 21.6983
      vertex -15.3907 0 20.4651
      vertex -14.7001 0 21.6983
    endloop
  endfacet
  facet normal -0.831429 0 0.555631
    outer loop
      vertex -16.176 0 19.29
      vertex -15.3907 4 20.4651
      vertex -16.176 4 19.29
    endloop
  endfacet
  facet normal -0.831429 0 0.555631
    outer loop
      vertex -15.3907 4 20.4651
      vertex -16.176 0 19.29
      vertex -15.3907 0 20.4651
    endloop
  endfacet
  facet normal -0.785308 0 0.619105
    outer loop
      vertex -17.051 0 18.1801
      vertex -16.176 4 19.29
      vertex -17.051 4 18.1801
    endloop
  endfacet
  facet normal -0.785308 0 0.619105
    outer loop
      vertex -16.176 4 19.29
      vertex -17.051 0 18.1801
      vertex -16.176 0 19.29
    endloop
  endfacet
  facet normal -0.734367 0 0.678753
    outer loop
      vertex -18.0103 0 17.1422
      vertex -17.051 4 18.1801
      vertex -18.0103 4 17.1422
    endloop
  endfacet
  facet normal -0.734367 0 0.678753
    outer loop
      vertex -17.051 4 18.1801
      vertex -18.0103 0 17.1422
      vertex -17.051 0 18.1801
    endloop
  endfacet
  facet normal -0.678791 0 0.734331
    outer loop
      vertex -19.0482 4 16.1828
      vertex -18.0103 0 17.1422
      vertex -18.0103 4 17.1422
    endloop
  endfacet
  facet normal -0.678791 0 0.734331
    outer loop
      vertex -18.0103 0 17.1422
      vertex -19.0482 4 16.1828
      vertex -19.0482 0 16.1828
    endloop
  endfacet
  facet normal -0.619105 0 0.785308
    outer loop
      vertex -20.1581 4 15.3078
      vertex -19.0482 0 16.1828
      vertex -19.0482 4 16.1828
    endloop
  endfacet
  facet normal -0.619105 0 0.785308
    outer loop
      vertex -19.0482 0 16.1828
      vertex -20.1581 4 15.3078
      vertex -20.1581 0 15.3078
    endloop
  endfacet
  facet normal -0.555549 0 0.831484
    outer loop
      vertex -21.3333 4 14.5226
      vertex -20.1581 0 15.3078
      vertex -20.1581 4 15.3078
    endloop
  endfacet
  facet normal -0.555549 0 0.831484
    outer loop
      vertex -20.1581 0 15.3078
      vertex -21.3333 4 14.5226
      vertex -21.3333 0 14.5226
    endloop
  endfacet
  facet normal -0.488608 0 0.872504
    outer loop
      vertex -22.5665 4 13.832
      vertex -21.3333 0 14.5226
      vertex -21.3333 4 14.5226
    endloop
  endfacet
  facet normal -0.488608 0 0.872504
    outer loop
      vertex -21.3333 0 14.5226
      vertex -22.5665 4 13.832
      vertex -22.5665 0 13.832
    endloop
  endfacet
  facet normal -0.418659 0 0.908144
    outer loop
      vertex -23.85 4 13.2403
      vertex -22.5665 0 13.832
      vertex -22.5665 4 13.832
    endloop
  endfacet
  facet normal -0.418659 0 0.908144
    outer loop
      vertex -22.5665 0 13.832
      vertex -23.85 4 13.2403
      vertex -23.85 0 13.2403
    endloop
  endfacet
  facet normal -0.346125 0 0.938188
    outer loop
      vertex -25.176 4 12.7511
      vertex -23.85 0 13.2403
      vertex -23.85 4 13.2403
    endloop
  endfacet
  facet normal -0.346125 0 0.938188
    outer loop
      vertex -23.85 0 13.2403
      vertex -25.176 4 12.7511
      vertex -25.176 0 12.7511
    endloop
  endfacet
  facet normal -0.271411 0 0.962463
    outer loop
      vertex -26.5363 4 12.3675
      vertex -25.176 0 12.7511
      vertex -25.176 4 12.7511
    endloop
  endfacet
  facet normal -0.271411 0 0.962463
    outer loop
      vertex -25.176 0 12.7511
      vertex -26.5363 4 12.3675
      vertex -26.5363 0 12.3675
    endloop
  endfacet
  facet normal -0.195143 0 0.980775
    outer loop
      vertex -27.35 4 12.2056
      vertex -26.5363 0 12.3675
      vertex -26.5363 4 12.3675
    endloop
  endfacet
  facet normal -0.195143 0 0.980775
    outer loop
      vertex -26.5363 0 12.3675
      vertex -27.35 4 12.2056
      vertex -27.35 0 12.2056
    endloop
  endfacet
  facet normal -1 0 0
    outer loop
      vertex -27.35 0 -12.2056
      vertex -27.35 4 12.2056
      vertex -27.35 4 -12.2056
    endloop
  endfacet
  facet normal -1 -0 0
    outer loop
      vertex -27.35 4 12.2056
      vertex -27.35 0 -12.2056
      vertex -27.35 0 12.2056
    endloop
  endfacet
  facet normal -0.195143 0 -0.980775
    outer loop
      vertex -27.35 0 -12.2056
      vertex -26.5363 4 -12.3675
      vertex -26.5363 0 -12.3675
    endloop
  endfacet
  facet normal -0.195143 0 -0.980775
    outer loop
      vertex -26.5363 4 -12.3675
      vertex -27.35 0 -12.2056
      vertex -27.35 4 -12.2056
    endloop
  endfacet
  facet normal -0.271411 0 -0.962463
    outer loop
      vertex -26.5363 0 -12.3675
      vertex -25.176 4 -12.7511
      vertex -25.176 0 -12.7511
    endloop
  endfacet
  facet normal -0.271411 0 -0.962463
    outer loop
      vertex -25.176 4 -12.7511
      vertex -26.5363 0 -12.3675
      vertex -26.5363 4 -12.3675
    endloop
  endfacet
  facet normal -0.346125 0 -0.938188
    outer loop
      vertex -25.176 0 -12.7511
      vertex -23.85 4 -13.2403
      vertex -23.85 0 -13.2403
    endloop
  endfacet
  facet normal -0.346125 0 -0.938188
    outer loop
      vertex -23.85 4 -13.2403
      vertex -25.176 0 -12.7511
      vertex -25.176 4 -12.7511
    endloop
  endfacet
  facet normal -0.418659 0 -0.908144
    outer loop
      vertex -23.85 0 -13.2403
      vertex -22.5665 4 -13.832
      vertex -22.5665 0 -13.832
    endloop
  endfacet
  facet normal -0.418659 0 -0.908144
    outer loop
      vertex -22.5665 4 -13.832
      vertex -23.85 0 -13.2403
      vertex -23.85 4 -13.2403
    endloop
  endfacet
  facet normal -0.488608 0 -0.872504
    outer loop
      vertex -22.5665 0 -13.832
      vertex -21.3333 4 -14.5226
      vertex -21.3333 0 -14.5226
    endloop
  endfacet
  facet normal -0.488608 0 -0.872504
    outer loop
      vertex -21.3333 4 -14.5226
      vertex -22.5665 0 -13.832
      vertex -22.5665 4 -13.832
    endloop
  endfacet
  facet normal -0.555549 0 -0.831484
    outer loop
      vertex -21.3333 0 -14.5226
      vertex -20.1581 4 -15.3078
      vertex -20.1581 0 -15.3078
    endloop
  endfacet
  facet normal -0.555549 0 -0.831484
    outer loop
      vertex -20.1581 4 -15.3078
      vertex -21.3333 0 -14.5226
      vertex -21.3333 4 -14.5226
    endloop
  endfacet
  facet normal -0.619105 0 -0.785308
    outer loop
      vertex -20.1581 0 -15.3078
      vertex -19.0482 4 -16.1828
      vertex -19.0482 0 -16.1828
    endloop
  endfacet
  facet normal -0.619105 0 -0.785308
    outer loop
      vertex -19.0482 4 -16.1828
      vertex -20.1581 0 -15.3078
      vertex -20.1581 4 -15.3078
    endloop
  endfacet
  facet normal -0.678791 0 -0.734331
    outer loop
      vertex -19.0482 0 -16.1828
      vertex -18.0103 4 -17.1422
      vertex -18.0103 0 -17.1422
    endloop
  endfacet
  facet normal -0.678791 0 -0.734331
    outer loop
      vertex -18.0103 4 -17.1422
      vertex -19.0482 0 -16.1828
      vertex -19.0482 4 -16.1828
    endloop
  endfacet
  facet normal -0.734367 0 -0.678753
    outer loop
      vertex -17.051 0 -18.1801
      vertex -18.0103 4 -17.1422
      vertex -17.051 4 -18.1801
    endloop
  endfacet
  facet normal -0.734367 -0 -0.678753
    outer loop
      vertex -18.0103 4 -17.1422
      vertex -17.051 0 -18.1801
      vertex -18.0103 0 -17.1422
    endloop
  endfacet
  facet normal -0.785308 0 -0.619105
    outer loop
      vertex -16.176 0 -19.29
      vertex -17.051 4 -18.1801
      vertex -16.176 4 -19.29
    endloop
  endfacet
  facet normal -0.785308 -0 -0.619105
    outer loop
      vertex -17.051 4 -18.1801
      vertex -16.176 0 -19.29
      vertex -17.051 0 -18.1801
    endloop
  endfacet
  facet normal -0.831429 0 -0.555631
    outer loop
      vertex -15.3907 0 -20.4651
      vertex -16.176 4 -19.29
      vertex -15.3907 4 -20.4651
    endloop
  endfacet
  facet normal -0.831429 -0 -0.555631
    outer loop
      vertex -16.176 4 -19.29
      vertex -15.3907 0 -20.4651
      vertex -16.176 0 -19.29
    endloop
  endfacet
  facet normal -0.872504 0 -0.488608
    outer loop
      vertex -14.7001 0 -21.6983
      vertex -15.3907 4 -20.4651
      vertex -14.7001 4 -21.6983
    endloop
  endfacet
  facet normal -0.872504 -0 -0.488608
    outer loop
      vertex -15.3907 4 -20.4651
      vertex -14.7001 0 -21.6983
      vertex -15.3907 0 -20.4651
    endloop
  endfacet
  facet normal -0.908144 0 -0.418659
    outer loop
      vertex -14.1084 0 -22.9818
      vertex -14.7001 4 -21.6983
      vertex -14.1084 4 -22.9818
    endloop
  endfacet
  facet normal -0.908144 -0 -0.418659
    outer loop
      vertex -14.7001 4 -21.6983
      vertex -14.1084 0 -22.9818
      vertex -14.7001 0 -21.6983
    endloop
  endfacet
  facet normal -0.938211 0 -0.346063
    outer loop
      vertex -13.6193 0 -24.3078
      vertex -14.1084 4 -22.9818
      vertex -13.6193 4 -24.3078
    endloop
  endfacet
  facet normal -0.938211 -0 -0.346063
    outer loop
      vertex -14.1084 4 -22.9818
      vertex -13.6193 0 -24.3078
      vertex -14.1084 0 -22.9818
    endloop
  endfacet
  facet normal -0.962445 0 -0.271477
    outer loop
      vertex -13.2356 0 -25.6681
      vertex -13.6193 4 -24.3078
      vertex -13.2356 4 -25.6681
    endloop
  endfacet
  facet normal -0.962445 -0 -0.271477
    outer loop
      vertex -13.6193 4 -24.3078
      vertex -13.2356 0 -25.6681
      vertex -13.6193 0 -24.3078
    endloop
  endfacet
  facet normal -0.98079 0 -0.195068
    outer loop
      vertex -12.9599 0 -27.0543
      vertex -13.2356 4 -25.6681
      vertex -12.9599 4 -27.0543
    endloop
  endfacet
  facet normal -0.98079 -0 -0.195068
    outer loop
      vertex -13.2356 4 -25.6681
      vertex -12.9599 0 -27.0543
      vertex -13.2356 0 -25.6681
    endloop
  endfacet
  facet normal -0.993071 0 -0.117519
    outer loop
      vertex -12.7938 0 -28.4579
      vertex -12.9599 4 -27.0543
      vertex -12.7938 4 -28.4579
    endloop
  endfacet
  facet normal -0.993071 -0 -0.117519
    outer loop
      vertex -12.9599 4 -27.0543
      vertex -12.7938 0 -28.4579
      vertex -12.9599 0 -27.0543
    endloop
  endfacet
  facet normal -0.999229 0 -0.0392701
    outer loop
      vertex -12.7383 0 -29.8701
      vertex -12.7938 4 -28.4579
      vertex -12.7383 4 -29.8701
    endloop
  endfacet
  facet normal -0.999229 -0 -0.0392701
    outer loop
      vertex -12.7938 4 -28.4579
      vertex -12.7383 0 -29.8701
      vertex -12.7938 0 -28.4579
    endloop
  endfacet
  facet normal -1 0 0
    outer loop
      vertex -12.7383 0 -38.1399
      vertex -12.7383 4 -29.8701
      vertex -12.7383 4 -38.1399
    endloop
  endfacet
  facet normal -1 -0 0
    outer loop
      vertex -12.7383 4 -29.8701
      vertex -12.7383 0 -38.1399
      vertex -12.7383 0 -29.8701
    endloop
  endfacet
  facet normal -0.999227 0 -0.0393033
    outer loop
      vertex -12.7017 0 -39.0704
      vertex -12.7383 4 -38.1399
      vertex -12.7017 4 -39.0704
    endloop
  endfacet
  facet normal -0.999227 -0 -0.0393033
    outer loop
      vertex -12.7383 4 -38.1399
      vertex -12.7017 0 -39.0704
      vertex -12.7383 0 -38.1399
    endloop
  endfacet
  facet normal -0.993076 0 -0.117477
    outer loop
      vertex -12.5923 0 -39.9952
      vertex -12.7017 4 -39.0704
      vertex -12.5923 4 -39.9952
    endloop
  endfacet
  facet normal -0.993076 -0 -0.117477
    outer loop
      vertex -12.7017 4 -39.0704
      vertex -12.5923 0 -39.9952
      vertex -12.7017 0 -39.0704
    endloop
  endfacet
  facet normal -0.980783 0 -0.195104
    outer loop
      vertex -12.4106 0 -40.9086
      vertex -12.5923 4 -39.9952
      vertex -12.4106 4 -40.9086
    endloop
  endfacet
  facet normal -0.980783 -0 -0.195104
    outer loop
      vertex -12.5923 4 -39.9952
      vertex -12.4106 0 -40.9086
      vertex -12.5923 0 -39.9952
    endloop
  endfacet
  facet normal -0.962442 0 -0.271486
    outer loop
      vertex -12.1578 0 -41.8048
      vertex -12.4106 4 -40.9086
      vertex -12.1578 4 -41.8048
    endloop
  endfacet
  facet normal -0.962442 -0 -0.271486
    outer loop
      vertex -12.4106 4 -40.9086
      vertex -12.1578 0 -41.8048
      vertex -12.4106 0 -40.9086
    endloop
  endfacet
  facet normal -0.9382 0 -0.346093
    outer loop
      vertex -11.8355 0 -42.6785
      vertex -12.1578 4 -41.8048
      vertex -11.8355 4 -42.6785
    endloop
  endfacet
  facet normal -0.9382 -0 -0.346093
    outer loop
      vertex -12.1578 4 -41.8048
      vertex -11.8355 0 -42.6785
      vertex -12.1578 0 -41.8048
    endloop
  endfacet
  facet normal -0.908132 0 -0.418684
    outer loop
      vertex -11.4456 0 -43.5242
      vertex -11.8355 4 -42.6785
      vertex -11.4456 4 -43.5242
    endloop
  endfacet
  facet normal -0.908132 -0 -0.418684
    outer loop
      vertex -11.8355 4 -42.6785
      vertex -11.4456 0 -43.5242
      vertex -11.8355 0 -42.6785
    endloop
  endfacet
  facet normal -0.872532 0 -0.488558
    outer loop
      vertex -10.9906 0 -44.3368
      vertex -11.4456 4 -43.5242
      vertex -10.9906 4 -44.3368
    endloop
  endfacet
  facet normal -0.872532 -0 -0.488558
    outer loop
      vertex -11.4456 4 -43.5242
      vertex -10.9906 0 -44.3368
      vertex -11.4456 0 -43.5242
    endloop
  endfacet
  facet normal -0.831455 0 -0.555592
    outer loop
      vertex -10.4732 0 -45.1111
      vertex -10.9906 4 -44.3368
      vertex -10.4732 4 -45.1111
    endloop
  endfacet
  facet normal -0.831455 -0 -0.555592
    outer loop
      vertex -10.9906 4 -44.3368
      vertex -10.4732 0 -45.1111
      vertex -10.9906 0 -44.3368
    endloop
  endfacet
  facet normal -0.785296 0 -0.61912
    outer loop
      vertex -9.89665 0 -45.8424
      vertex -10.4732 4 -45.1111
      vertex -9.89665 4 -45.8424
    endloop
  endfacet
  facet normal -0.785296 -0 -0.61912
    outer loop
      vertex -10.4732 4 -45.1111
      vertex -9.89665 0 -45.8424
      vertex -10.4732 0 -45.1111
    endloop
  endfacet
  facet normal -0.734311 0 -0.678813
    outer loop
      vertex -9.26453 0 -46.5262
      vertex -9.89665 4 -45.8424
      vertex -9.26453 4 -46.5262
    endloop
  endfacet
  facet normal -0.734311 -0 -0.678813
    outer loop
      vertex -9.89665 4 -45.8424
      vertex -9.26453 0 -46.5262
      vertex -9.89665 0 -45.8424
    endloop
  endfacet
  facet normal -0.678838 0 -0.734288
    outer loop
      vertex -9.26453 0 -46.5262
      vertex -8.58069 4 -47.1584
      vertex -8.58069 0 -47.1584
    endloop
  endfacet
  facet normal -0.678838 0 -0.734288
    outer loop
      vertex -8.58069 4 -47.1584
      vertex -9.26453 0 -46.5262
      vertex -9.26453 4 -46.5262
    endloop
  endfacet
  facet normal -0.619066 0 -0.785339
    outer loop
      vertex -8.58069 0 -47.1584
      vertex -7.84935 4 -47.7349
      vertex -7.84935 0 -47.7349
    endloop
  endfacet
  facet normal -0.619066 0 -0.785339
    outer loop
      vertex -7.84935 4 -47.7349
      vertex -8.58069 0 -47.1584
      vertex -8.58069 4 -47.1584
    endloop
  endfacet
  facet normal -0.555587 0 -0.831458
    outer loop
      vertex -7.84935 0 -47.7349
      vertex -7.07504 4 -48.2523
      vertex -7.07504 0 -48.2523
    endloop
  endfacet
  facet normal -0.555587 0 -0.831458
    outer loop
      vertex -7.07504 4 -48.2523
      vertex -7.84935 0 -47.7349
      vertex -7.84935 4 -47.7349
    endloop
  endfacet
  facet normal -0.488599 0 -0.872509
    outer loop
      vertex -7.07504 0 -48.2523
      vertex -6.26253 4 -48.7073
      vertex -6.26253 0 -48.7073
    endloop
  endfacet
  facet normal -0.488599 0 -0.872509
    outer loop
      vertex -6.26253 4 -48.7073
      vertex -7.07504 0 -48.2523
      vertex -7.07504 4 -48.2523
    endloop
  endfacet
  facet normal -0.41868 0 -0.908134
    outer loop
      vertex -6.26253 0 -48.7073
      vertex -5.41682 4 -49.0972
      vertex -5.41682 0 -49.0972
    endloop
  endfacet
  facet normal -0.41868 0 -0.908134
    outer loop
      vertex -5.41682 4 -49.0972
      vertex -6.26253 0 -48.7073
      vertex -6.26253 4 -48.7073
    endloop
  endfacet
  facet normal -0.346093 0 -0.9382
    outer loop
      vertex -5.41682 0 -49.0972
      vertex -4.54312 4 -49.4195
      vertex -4.54312 0 -49.4195
    endloop
  endfacet
  facet normal -0.346093 0 -0.9382
    outer loop
      vertex -4.54312 4 -49.4195
      vertex -5.41682 0 -49.0972
      vertex -5.41682 4 -49.0972
    endloop
  endfacet
  facet normal -0.271463 0 -0.962449
    outer loop
      vertex -4.54312 0 -49.4195
      vertex -3.64684 4 -49.6723
      vertex -3.64684 0 -49.6723
    endloop
  endfacet
  facet normal -0.271463 0 -0.962449
    outer loop
      vertex -3.64684 4 -49.6723
      vertex -4.54312 0 -49.4195
      vertex -4.54312 4 -49.4195
    endloop
  endfacet
  facet normal -0.19511 0 -0.980781
    outer loop
      vertex -3.64684 0 -49.6723
      vertex -2.73347 4 -49.854
      vertex -2.73347 0 -49.854
    endloop
  endfacet
  facet normal -0.19511 0 -0.980781
    outer loop
      vertex -2.73347 4 -49.854
      vertex -3.64684 0 -49.6723
      vertex -3.64684 4 -49.6723
    endloop
  endfacet
  facet normal -0.117479 0 -0.993075
    outer loop
      vertex -2.73347 0 -49.854
      vertex -1.80869 4 -49.9634
      vertex -1.80869 0 -49.9634
    endloop
  endfacet
  facet normal -0.117479 0 -0.993075
    outer loop
      vertex -1.80869 4 -49.9634
      vertex -2.73347 0 -49.854
      vertex -2.73347 4 -49.854
    endloop
  endfacet
  facet normal -0.0393013 0 -0.999227
    outer loop
      vertex -1.80869 0 -49.9634
      vertex -0.878143 4 -50
      vertex -0.878143 0 -50
    endloop
  endfacet
  facet normal -0.0393013 0 -0.999227
    outer loop
      vertex -0.878143 4 -50
      vertex -1.80869 0 -49.9634
      vertex -1.80869 4 -49.9634
    endloop
  endfacet
  facet normal 0 0 -1
    outer loop
      vertex -0.878143 0 -50
      vertex 0.878143 4 -50
      vertex 0.878143 0 -50
    endloop
  endfacet
  facet normal -0 0 -1
    outer loop
      vertex 0.878143 4 -50
      vertex -0.878143 0 -50
      vertex -0.878143 4 -50
    endloop
  endfacet
  facet normal 0.0393013 0 -0.999227
    outer loop
      vertex 0.878143 0 -50
      vertex 1.80869 4 -49.9634
      vertex 1.80869 0 -49.9634
    endloop
  endfacet
  facet normal 0.0393013 0 -0.999227
    outer loop
      vertex 1.80869 4 -49.9634
      vertex 0.878143 0 -50
      vertex 0.878143 4 -50
    endloop
  endfacet
  facet normal -0.965931 0 -0.258801
    outer loop
      vertex 1.67417 0 0.295201
      vertex 1.59748 4 0.581433
      vertex 1.67417 4 0.295201
    endloop
  endfacet
  facet normal -0.965931 -0 -0.258801
    outer loop
      vertex 1.59748 4 0.581433
      vertex 1.67417 0 0.295201
      vertex 1.59748 0 0.581433
    endloop
  endfacet
  facet normal -0.996194 0 -0.0871667
    outer loop
      vertex 1.7 0 0
      vertex 1.67417 4 0.295201
      vertex 1.7 4 0
    endloop
  endfacet
  facet normal -0.996194 -0 -0.0871667
    outer loop
      vertex 1.67417 4 0.295201
      vertex 1.7 0 0
      vertex 1.67417 0 0.295201
    endloop
  endfacet
  facet normal 0.422634 0 -0.906301
    outer loop
      vertex -0.849999 0 1.47224
      vertex -0.581433 4 1.59748
      vertex -0.581433 0 1.59748
    endloop
  endfacet
  facet normal 0.422634 0 -0.906301
    outer loop
      vertex -0.581433 4 1.59748
      vertex -0.849999 0 1.47224
      vertex -0.849999 4 1.47224
    endloop
  endfacet
  facet normal 0.707107 0 -0.707107
    outer loop
      vertex -1.09274 0 1.30227
      vertex -1.30227 4 1.09274
      vertex -1.09274 4 1.30227
    endloop
  endfacet
  facet normal 0.707107 0 -0.707107
    outer loop
      vertex -1.30227 4 1.09274
      vertex -1.09274 0 1.30227
      vertex -1.30227 0 1.09274
    endloop
  endfacet
  facet normal 0.0871667 0 -0.996194
    outer loop
      vertex -0.295201 0 1.67417
      vertex 0 4 1.7
      vertex 0 0 1.7
    endloop
  endfacet
  facet normal 0.0871667 0 -0.996194
    outer loop
      vertex 0 4 1.7
      vertex -0.295201 0 1.67417
      vertex -0.295201 4 1.67417
    endloop
  endfacet
  facet normal -0.573579 0 0.819151
    outer loop
      vertex 0.849999 4 -1.47224
      vertex 1.09274 0 -1.30227
      vertex 1.09274 4 -1.30227
    endloop
  endfacet
  facet normal -0.573579 0 0.819151
    outer loop
      vertex 1.09274 0 -1.30227
      vertex 0.849999 4 -1.47224
      vertex 0.849999 0 -1.47224
    endloop
  endfacet
  facet normal -0.819151 0 0.573579
    outer loop
      vertex 1.30227 0 -1.09274
      vertex 1.47224 4 -0.849999
      vertex 1.30227 4 -1.09274
    endloop
  endfacet
  facet normal -0.819151 0 0.573579
    outer loop
      vertex 1.47224 4 -0.849999
      vertex 1.30227 0 -1.09274
      vertex 1.47224 0 -0.849999
    endloop
  endfacet
  facet normal -0.819151 0 -0.573579
    outer loop
      vertex 1.47224 0 0.849999
      vertex 1.30227 4 1.09274
      vertex 1.47224 4 0.849999
    endloop
  endfacet
  facet normal -0.819151 -0 -0.573579
    outer loop
      vertex 1.30227 4 1.09274
      vertex 1.47224 0 0.849999
      vertex 1.30227 0 1.09274
    endloop
  endfacet
  facet normal -0.906301 0 -0.422634
    outer loop
      vertex 1.59748 0 0.581433
      vertex 1.47224 4 0.849999
      vertex 1.59748 4 0.581433
    endloop
  endfacet
  facet normal -0.906301 -0 -0.422634
    outer loop
      vertex 1.47224 4 0.849999
      vertex 1.59748 0 0.581433
      vertex 1.47224 0 0.849999
    endloop
  endfacet
  facet normal 0.965931 -0 0.258801
    outer loop
      vertex -1.67417 0 -0.295201
      vertex -1.59748 4 -0.581433
      vertex -1.67417 4 -0.295201
    endloop
  endfacet
  facet normal 0.965931 0 0.258801
    outer loop
      vertex -1.59748 4 -0.581433
      vertex -1.67417 0 -0.295201
      vertex -1.59748 0 -0.581433
    endloop
  endfacet
  facet normal -0.0871667 0 0.996194
    outer loop
      vertex 0 4 -1.7
      vertex 0.295201 0 -1.67417
      vertex 0.295201 4 -1.67417
    endloop
  endfacet
  facet normal -0.0871667 0 0.996194
    outer loop
      vertex 0.295201 0 -1.67417
      vertex 0 4 -1.7
      vertex 0 0 -1.7
    endloop
  endfacet
  facet normal 0.573579 0 0.819151
    outer loop
      vertex -1.09274 4 -1.30227
      vertex -0.849999 0 -1.47224
      vertex -0.849999 4 -1.47224
    endloop
  endfacet
  facet normal 0.573579 0 0.819151
    outer loop
      vertex -0.849999 0 -1.47224
      vertex -1.09274 4 -1.30227
      vertex -1.09274 0 -1.30227
    endloop
  endfacet
  facet normal -0.965931 0 0.258801
    outer loop
      vertex 1.59748 0 -0.581433
      vertex 1.67417 4 -0.295201
      vertex 1.59748 4 -0.581433
    endloop
  endfacet
  facet normal -0.965931 0 0.258801
    outer loop
      vertex 1.67417 4 -0.295201
      vertex 1.59748 0 -0.581433
      vertex 1.67417 0 -0.295201
    endloop
  endfacet
  facet normal -0.422634 0 0.906301
    outer loop
      vertex 0.581433 4 -1.59748
      vertex 0.849999 0 -1.47224
      vertex 0.849999 4 -1.47224
    endloop
  endfacet
  facet normal -0.422634 0 0.906301
    outer loop
      vertex 0.849999 0 -1.47224
      vertex 0.581433 4 -1.59748
      vertex 0.581433 0 -1.59748
    endloop
  endfacet
  facet normal -0.0871667 0 -0.996194
    outer loop
      vertex 0 0 1.7
      vertex 0.295201 4 1.67417
      vertex 0.295201 0 1.67417
    endloop
  endfacet
  facet normal -0.0871667 0 -0.996194
    outer loop
      vertex 0.295201 4 1.67417
      vertex 0 0 1.7
      vertex 0 4 1.7
    endloop
  endfacet
  facet normal -0.258801 0 0.965931
    outer loop
      vertex 0.295201 4 -1.67417
      vertex 0.581433 0 -1.59748
      vertex 0.581433 4 -1.59748
    endloop
  endfacet
  facet normal -0.258801 0 0.965931
    outer loop
      vertex 0.581433 0 -1.59748
      vertex 0.295201 4 -1.67417
      vertex 0.295201 0 -1.67417
    endloop
  endfacet
  facet normal -0.707107 0 -0.707107
    outer loop
      vertex 1.30227 0 1.09274
      vertex 1.09274 4 1.30227
      vertex 1.30227 4 1.09274
    endloop
  endfacet
  facet normal -0.707107 -0 -0.707107
    outer loop
      vertex 1.09274 4 1.30227
      vertex 1.30227 0 1.09274
      vertex 1.09274 0 1.30227
    endloop
  endfacet
  facet normal -0.422634 0 -0.906301
    outer loop
      vertex 0.581433 0 1.59748
      vertex 0.849999 4 1.47224
      vertex 0.849999 0 1.47224
    endloop
  endfacet
  facet normal -0.422634 0 -0.906301
    outer loop
      vertex 0.849999 4 1.47224
      vertex 0.581433 0 1.59748
      vertex 0.581433 4 1.59748
    endloop
  endfacet
  facet normal 0.996194 -0 0.0871667
    outer loop
      vertex -1.7 0 0
      vertex -1.67417 4 -0.295201
      vertex -1.7 4 0
    endloop
  endfacet
  facet normal 0.996194 0 0.0871667
    outer loop
      vertex -1.67417 4 -0.295201
      vertex -1.7 0 0
      vertex -1.67417 0 -0.295201
    endloop
  endfacet
  facet normal 0.906301 -0 0.422634
    outer loop
      vertex -1.59748 0 -0.581433
      vertex -1.47224 4 -0.849999
      vertex -1.59748 4 -0.581433
    endloop
  endfacet
  facet normal 0.906301 0 0.422634
    outer loop
      vertex -1.47224 4 -0.849999
      vertex -1.59748 0 -0.581433
      vertex -1.47224 0 -0.849999
    endloop
  endfacet
  facet normal 0.906301 0 -0.422634
    outer loop
      vertex -1.47224 0 0.849999
      vertex -1.59748 4 0.581433
      vertex -1.47224 4 0.849999
    endloop
  endfacet
  facet normal 0.906301 0 -0.422634
    outer loop
      vertex -1.59748 4 0.581433
      vertex -1.47224 0 0.849999
      vertex -1.59748 0 0.581433
    endloop
  endfacet
  facet normal 0.965931 0 -0.258801
    outer loop
      vertex -1.59748 0 0.581433
      vertex -1.67417 4 0.295201
      vertex -1.59748 4 0.581433
    endloop
  endfacet
  facet normal 0.965931 0 -0.258801
    outer loop
      vertex -1.67417 4 0.295201
      vertex -1.59748 0 0.581433
      vertex -1.67417 0 0.295201
    endloop
  endfacet
  facet normal -0.573579 0 -0.819151
    outer loop
      vertex 0.849999 0 1.47224
      vertex 1.09274 4 1.30227
      vertex 1.09274 0 1.30227
    endloop
  endfacet
  facet normal -0.573579 0 -0.819151
    outer loop
      vertex 1.09274 4 1.30227
      vertex 0.849999 0 1.47224
      vertex 0.849999 4 1.47224
    endloop
  endfacet
  facet normal -0.906301 0 0.422634
    outer loop
      vertex 1.47224 0 -0.849999
      vertex 1.59748 4 -0.581433
      vertex 1.47224 4 -0.849999
    endloop
  endfacet
  facet normal -0.906301 0 0.422634
    outer loop
      vertex 1.59748 4 -0.581433
      vertex 1.47224 0 -0.849999
      vertex 1.59748 0 -0.581433
    endloop
  endfacet
  facet normal 0.0871667 0 0.996194
    outer loop
      vertex -0.295201 4 -1.67417
      vertex 0 0 -1.7
      vertex 0 4 -1.7
    endloop
  endfacet
  facet normal 0.0871667 0 0.996194
    outer loop
      vertex 0 0 -1.7
      vertex -0.295201 4 -1.67417
      vertex -0.295201 0 -1.67417
    endloop
  endfacet
  facet normal 0.573579 0 -0.819151
    outer loop
      vertex -1.09274 0 1.30227
      vertex -0.849999 4 1.47224
      vertex -0.849999 0 1.47224
    endloop
  endfacet
  facet normal 0.573579 0 -0.819151
    outer loop
      vertex -0.849999 4 1.47224
      vertex -1.09274 0 1.30227
      vertex -1.09274 4 1.30227
    endloop
  endfacet
  facet normal 0.422634 0 0.906301
    outer loop
      vertex -0.849999 4 -1.47224
      vertex -0.581433 0 -1.59748
      vertex -0.581433 4 -1.59748
    endloop
  endfacet
  facet normal 0.422634 0 0.906301
    outer loop
      vertex -0.581433 0 -1.59748
      vertex -0.849999 4 -1.47224
      vertex -0.849999 0 -1.47224
    endloop
  endfacet
  facet normal -0.258801 0 -0.965931
    outer loop
      vertex 0.295201 0 1.67417
      vertex 0.581433 4 1.59748
      vertex 0.581433 0 1.59748
    endloop
  endfacet
  facet normal -0.258801 0 -0.965931
    outer loop
      vertex 0.581433 4 1.59748
      vertex 0.295201 0 1.67417
      vertex 0.295201 4 1.67417
    endloop
  endfacet
  facet normal 0.258801 0 -0.965931
    outer loop
      vertex -0.581433 0 1.59748
      vertex -0.295201 4 1.67417
      vertex -0.295201 0 1.67417
    endloop
  endfacet
  facet normal 0.258801 0 -0.965931
    outer loop
      vertex -0.295201 4 1.67417
      vertex -0.581433 0 1.59748
      vertex -0.581433 4 1.59748
    endloop
  endfacet
  facet normal 0.819151 -0 0.573579
    outer loop
      vertex -1.47224 0 -0.849999
      vertex -1.30227 4 -1.09274
      vertex -1.47224 4 -0.849999
    endloop
  endfacet
  facet normal 0.819151 0 0.573579
    outer loop
      vertex -1.30227 4 -1.09274
      vertex -1.47224 0 -0.849999
      vertex -1.30227 0 -1.09274
    endloop
  endfacet
  facet normal 0.707107 -0 0.707107
    outer loop
      vertex -1.30227 0 -1.09274
      vertex -1.09274 4 -1.30227
      vertex -1.30227 4 -1.09274
    endloop
  endfacet
  facet normal 0.707107 0 0.707107
    outer loop
      vertex -1.09274 4 -1.30227
      vertex -1.30227 0 -1.09274
      vertex -1.09274 0 -1.30227
    endloop
  endfacet
  facet normal -0.996194 0 0.0871667
    outer loop
      vertex 1.67417 0 -0.295201
      vertex 1.7 4 0
      vertex 1.67417 4 -0.295201
    endloop
  endfacet
  facet normal -0.996194 0 0.0871667
    outer loop
      vertex 1.7 4 0
      vertex 1.67417 0 -0.295201
      vertex 1.7 0 0
    endloop
  endfacet
  facet normal 0.819151 0 -0.573579
    outer loop
      vertex -1.30227 0 1.09274
      vertex -1.47224 4 0.849999
      vertex -1.30227 4 1.09274
    endloop
  endfacet
  facet normal 0.819151 0 -0.573579
    outer loop
      vertex -1.47224 4 0.849999
      vertex -1.30227 0 1.09274
      vertex -1.47224 0 0.849999
    endloop
  endfacet
  facet normal -0.707107 0 0.707107
    outer loop
      vertex 1.09274 0 -1.30227
      vertex 1.30227 4 -1.09274
      vertex 1.09274 4 -1.30227
    endloop
  endfacet
  facet normal -0.707107 0 0.707107
    outer loop
      vertex 1.30227 4 -1.09274
      vertex 1.09274 0 -1.30227
      vertex 1.30227 0 -1.09274
    endloop
  endfacet
  facet normal 0.258801 0 0.965931
    outer loop
      vertex -0.581433 4 -1.59748
      vertex -0.295201 0 -1.67417
      vertex -0.295201 4 -1.67417
    endloop
  endfacet
  facet normal 0.258801 0 0.965931
    outer loop
      vertex -0.295201 0 -1.67417
      vertex -0.581433 4 -1.59748
      vertex -0.581433 0 -1.59748
    endloop
  endfacet
  facet normal 0.996194 0 -0.0871667
    outer loop
      vertex -1.67417 0 0.295201
      vertex -1.7 4 0
      vertex -1.67417 4 0.295201
    endloop
  endfacet
  facet normal 0.996194 0 -0.0871667
    outer loop
      vertex -1.7 4 0
      vertex -1.67417 0 0.295201
      vertex -1.7 0 0
    endloop
  endfacet
  facet normal 0 1 0
    outer loop
      vertex 22.147 1.5 1.49277
      vertex 21.853 1.5 1.49277
      vertex 22 1.5 1.5
    endloop
  endfacet
  facet normal 0 1 0
    outer loop
      vertex 22.2926 1.5 1.47118
      vertex 21.853 1.5 1.49277
      vertex 22.147 1.5 1.49277
    endloop
  endfacet
  facet normal 0 1 0
    outer loop
      vertex 22.2926 1.5 1.47118
      vertex 21.7074 1.5 1.47118
      vertex 21.853 1.5 1.49277
    endloop
  endfacet
  facet normal 0 1 0
    outer loop
      vertex 22.4354 1.5 1.43541
      vertex 21.7074 1.5 1.47118
      vertex 22.2926 1.5 1.47118
    endloop
  endfacet
  facet normal 0 1 0
    outer loop
      vertex 22.4354 1.5 1.43541
      vertex 21.5646 1.5 1.43541
      vertex 21.7074 1.5 1.47118
    endloop
  endfacet
  facet normal 0 1 0
    outer loop
      vertex 22.574 1.5 1.38582
      vertex 21.5646 1.5 1.43541
      vertex 22.4354 1.5 1.43541
    endloop
  endfacet
  facet normal 0 1 0
    outer loop
      vertex 22.574 1.5 1.38582
      vertex 21.426 1.5 1.38582
      vertex 21.5646 1.5 1.43541
    endloop
  endfacet
  facet normal 0 1 0
    outer loop
      vertex 22.7071 1.5 1.32288
      vertex 21.426 1.5 1.38582
      vertex 22.574 1.5 1.38582
    endloop
  endfacet
  facet normal 0 1 0
    outer loop
      vertex 22.7071 1.5 1.32288
      vertex 21.2929 1.5 1.32288
      vertex 21.426 1.5 1.38582
    endloop
  endfacet
  facet normal 0 1 0
    outer loop
      vertex 22.8333 1.5 1.24719
      vertex 21.2929 1.5 1.32288
      vertex 22.7071 1.5 1.32288
    endloop
  endfacet
  facet normal 0 1 0
    outer loop
      vertex 22.8333 1.5 1.24719
      vertex 21.1666 1.5 1.24719
      vertex 21.2929 1.5 1.32288
    endloop
  endfacet
  facet normal 0 1 0
    outer loop
      vertex 22.9516 1.5 1.15952
      vertex 21.1666 1.5 1.24719
      vertex 22.8333 1.5 1.24719
    endloop
  endfacet
  facet normal 0 1 0
    outer loop
      vertex 22.9516 1.5 1.15952
      vertex 21.0484 1.5 1.15952
      vertex 21.1666 1.5 1.24719
    endloop
  endfacet
  facet normal 0 1 0
    outer loop
      vertex 23.0607 1.5 1.06065
      vertex 21.0484 1.5 1.15952
      vertex 22.9516 1.5 1.15952
    endloop
  endfacet
  facet normal 0 1 0
    outer loop
      vertex 23.0607 1.5 1.06065
      vertex 20.9393 1.5 1.06065
      vertex 21.0484 1.5 1.15952
    endloop
  endfacet
  facet normal 0 1 0
    outer loop
      vertex 23.1595 1.5 0.951584
      vertex 20.9393 1.5 1.06065
      vertex 23.0607 1.5 1.06065
    endloop
  endfacet
  facet normal 0 1 0
    outer loop
      vertex 23.1595 1.5 0.951584
      vertex 20.8405 1.5 0.951584
      vertex 20.9393 1.5 1.06065
    endloop
  endfacet
  facet normal 0 1 0
    outer loop
      vertex 23.2472 1.5 0.833344
      vertex 20.8405 1.5 0.951584
      vertex 23.1595 1.5 0.951584
    endloop
  endfacet
  facet normal 0 1 0
    outer loop
      vertex 23.2472 1.5 0.833344
      vertex 20.7528 1.5 0.833344
      vertex 20.8405 1.5 0.951584
    endloop
  endfacet
  facet normal 0 1 0
    outer loop
      vertex 23.3229 1.5 0.707092
      vertex 20.7528 1.5 0.833344
      vertex 23.2472 1.5 0.833344
    endloop
  endfacet
  facet normal 0 1 0
    outer loop
      vertex 23.3229 1.5 0.707092
      vertex 20.6771 1.5 0.707092
      vertex 20.7528 1.5 0.833344
    endloop
  endfacet
  facet normal 0 1 0
    outer loop
      vertex 23.3858 1.5 0.57402
      vertex 20.6771 1.5 0.707092
      vertex 23.3229 1.5 0.707092
    endloop
  endfacet
  facet normal 0 1 0
    outer loop
      vertex 23.3858 1.5 0.57402
      vertex 20.6142 1.5 0.57402
      vertex 20.6771 1.5 0.707092
    endloop
  endfacet
  facet normal 0 1 0
    outer loop
      vertex 23.4354 1.5 0.435425
      vertex 20.6142 1.5 0.57402
      vertex 23.3858 1.5 0.57402
    endloop
  endfacet
  facet normal 0 1 0
    outer loop
      vertex 23.4354 1.5 0.435425
      vertex 20.5646 1.5 0.435425
      vertex 20.6142 1.5 0.57402
    endloop
  endfacet
  facet normal 0 1 0
    outer loop
      vertex 23.4712 1.5 0.292633
      vertex 20.5646 1.5 0.435425
      vertex 23.4354 1.5 0.435425
    endloop
  endfacet
  facet normal 0 1 0
    outer loop
      vertex 23.4712 1.5 0.292633
      vertex 20.5288 1.5 0.292633
      vertex 20.5646 1.5 0.435425
    endloop
  endfacet
  facet normal 0 1 0
    outer loop
      vertex 23.4928 1.5 0.147018
      vertex 20.5288 1.5 0.292633
      vertex 23.4712 1.5 0.292633
    endloop
  endfacet
  facet normal 0 1 0
    outer loop
      vertex 23.4928 1.5 0.147018
      vertex 20.5072 1.5 0.147018
      vertex 20.5288 1.5 0.292633
    endloop
  endfacet
  facet normal 0 1 0
    outer loop
      vertex 23.5 1.5 0
      vertex 20.5072 1.5 0.147018
      vertex 23.4928 1.5 0.147018
    endloop
  endfacet
  facet normal 0 1 0
    outer loop
      vertex 23.5 1.5 0
      vertex 20.5 1.5 0
      vertex 20.5072 1.5 0.147018
    endloop
  endfacet
  facet normal 0 1 -0
    outer loop
      vertex 23.4928 1.5 -0.147018
      vertex 20.5 1.5 0
      vertex 23.5 1.5 0
    endloop
  endfacet
  facet normal 0 1 0
    outer loop
      vertex 23.4928 1.5 -0.147018
      vertex 20.5072 1.5 -0.147018
      vertex 20.5 1.5 0
    endloop
  endfacet
  facet normal 0 1 -0
    outer loop
      vertex 23.4712 1.5 -0.292633
      vertex 20.5072 1.5 -0.147018
      vertex 23.4928 1.5 -0.147018
    endloop
  endfacet
  facet normal 0 1 0
    outer loop
      vertex 23.4712 1.5 -0.292633
      vertex 20.5288 1.5 -0.292633
      vertex 20.5072 1.5 -0.147018
    endloop
  endfacet
  facet normal 0 1 -0
    outer loop
      vertex 23.4354 1.5 -0.435425
      vertex 20.5288 1.5 -0.292633
      vertex 23.4712 1.5 -0.292633
    endloop
  endfacet
  facet normal 0 1 0
    outer loop
      vertex 23.4354 1.5 -0.435425
      vertex 20.5646 1.5 -0.435425
      vertex 20.5288 1.5 -0.292633
    endloop
  endfacet
  facet normal 0 1 -0
    outer loop
      vertex 23.3858 1.5 -0.57402
      vertex 20.5646 1.5 -0.435425
      vertex 23.4354 1.5 -0.435425
    endloop
  endfacet
  facet normal 0 1 0
    outer loop
      vertex 23.3858 1.5 -0.57402
      vertex 20.6142 1.5 -0.57402
      vertex 20.5646 1.5 -0.435425
    endloop
  endfacet
  facet normal 0 1 -0
    outer loop
      vertex 23.3229 1.5 -0.707092
      vertex 20.6142 1.5 -0.57402
      vertex 23.3858 1.5 -0.57402
    endloop
  endfacet
  facet normal 0 1 0
    outer loop
      vertex 23.3229 1.5 -0.707092
      vertex 20.6771 1.5 -0.707092
      vertex 20.6142 1.5 -0.57402
    endloop
  endfacet
  facet normal 0 1 -0
    outer loop
      vertex 23.2472 1.5 -0.833344
      vertex 20.6771 1.5 -0.707092
      vertex 23.3229 1.5 -0.707092
    endloop
  endfacet
  facet normal 0 1 0
    outer loop
      vertex 23.2472 1.5 -0.833344
      vertex 20.7528 1.5 -0.833344
      vertex 20.6771 1.5 -0.707092
    endloop
  endfacet
  facet normal 0 1 -0
    outer loop
      vertex 23.1595 1.5 -0.951584
      vertex 20.7528 1.5 -0.833344
      vertex 23.2472 1.5 -0.833344
    endloop
  endfacet
  facet normal 0 1 0
    outer loop
      vertex 23.1595 1.5 -0.951584
      vertex 20.8405 1.5 -0.951584
      vertex 20.7528 1.5 -0.833344
    endloop
  endfacet
  facet normal 0 1 -0
    outer loop
      vertex 23.0607 1.5 -1.06065
      vertex 20.8405 1.5 -0.951584
      vertex 23.1595 1.5 -0.951584
    endloop
  endfacet
  facet normal 0 1 0
    outer loop
      vertex 23.0607 1.5 -1.06065
      vertex 20.9393 1.5 -1.06065
      vertex 20.8405 1.5 -0.951584
    endloop
  endfacet
  facet normal 0 1 -0
    outer loop
      vertex 22.9516 1.5 -1.15952
      vertex 20.9393 1.5 -1.06065
      vertex 23.0607 1.5 -1.06065
    endloop
  endfacet
  facet normal 0 1 0
    outer loop
      vertex 22.9516 1.5 -1.15952
      vertex 21.0484 1.5 -1.15952
      vertex 20.9393 1.5 -1.06065
    endloop
  endfacet
  facet normal 0 1 -0
    outer loop
      vertex 22.8333 1.5 -1.24719
      vertex 21.0484 1.5 -1.15952
      vertex 22.9516 1.5 -1.15952
    endloop
  endfacet
  facet normal 0 1 0
    outer loop
      vertex 22.8333 1.5 -1.24719
      vertex 21.1666 1.5 -1.24719
      vertex 21.0484 1.5 -1.15952
    endloop
  endfacet
  facet normal 0 1 -0
    outer loop
      vertex 22.7071 1.5 -1.32288
      vertex 21.1666 1.5 -1.24719
      vertex 22.8333 1.5 -1.24719
    endloop
  endfacet
  facet normal 0 1 0
    outer loop
      vertex 22.7071 1.5 -1.32288
      vertex 21.2929 1.5 -1.32288
      vertex 21.1666 1.5 -1.24719
    endloop
  endfacet
  facet normal 0 1 -0
    outer loop
      vertex 22.574 1.5 -1.38582
      vertex 21.2929 1.5 -1.32288
      vertex 22.7071 1.5 -1.32288
    endloop
  endfacet
  facet normal 0 1 0
    outer loop
      vertex 22.574 1.5 -1.38582
      vertex 21.426 1.5 -1.38582
      vertex 21.2929 1.5 -1.32288
    endloop
  endfacet
  facet normal 0 1 -0
    outer loop
      vertex 22.4354 1.5 -1.43541
      vertex 21.426 1.5 -1.38582
      vertex 22.574 1.5 -1.38582
    endloop
  endfacet
  facet normal 0 1 0
    outer loop
      vertex 22.4354 1.5 -1.43541
      vertex 21.5646 1.5 -1.43541
      vertex 21.426 1.5 -1.38582
    endloop
  endfacet
  facet normal 0 1 -0
    outer loop
      vertex 22.2926 1.5 -1.47118
      vertex 21.5646 1.5 -1.43541
      vertex 22.4354 1.5 -1.43541
    endloop
  endfacet
  facet normal 0 1 0
    outer loop
      vertex 22.2926 1.5 -1.47118
      vertex 21.7074 1.5 -1.47118
      vertex 21.5646 1.5 -1.43541
    endloop
  endfacet
  facet normal 0 1 -0
    outer loop
      vertex 22.147 1.5 -1.49277
      vertex 21.7074 1.5 -1.47118
      vertex 22.2926 1.5 -1.47118
    endloop
  endfacet
  facet normal 0 1 0
    outer loop
      vertex 22.147 1.5 -1.49277
      vertex 21.853 1.5 -1.49277
      vertex 21.7074 1.5 -1.47118
    endloop
  endfacet
  facet normal -0 1 0
    outer loop
      vertex 21.853 1.5 -1.49277
      vertex 22.147 1.5 -1.49277
      vertex 22 1.5 -1.5
    endloop
  endfacet
  facet normal 0 1 0
    outer loop
      vertex 32.147 1.5 1.49277
      vertex 31.853 1.5 1.49277
      vertex 32 1.5 1.5
    endloop
  endfacet
  facet normal 0 1 0
    outer loop
      vertex 32.2926 1.5 1.47118
      vertex 31.853 1.5 1.49277
      vertex 32.147 1.5 1.49277
    endloop
  endfacet
  facet normal 0 1 0
    outer loop
      vertex 32.2926 1.5 1.47118
      vertex 31.7074 1.5 1.47118
      vertex 31.853 1.5 1.49277
    endloop
  endfacet
  facet normal 0 1 0
    outer loop
      vertex 32.4354 1.5 1.43541
      vertex 31.7074 1.5 1.47118
      vertex 32.2926 1.5 1.47118
    endloop
  endfacet
  facet normal 0 1 0
    outer loop
      vertex 32.4354 1.5 1.43541
      vertex 31.5646 1.5 1.43541
      vertex 31.7074 1.5 1.47118
    endloop
  endfacet
  facet normal 0 1 0
    outer loop
      vertex 32.574 1.5 1.38582
      vertex 31.5646 1.5 1.43541
      vertex 32.4354 1.5 1.43541
    endloop
  endfacet
  facet normal 0 1 0
    outer loop
      vertex 32.574 1.5 1.38582
      vertex 31.426 1.5 1.38582
      vertex 31.5646 1.5 1.43541
    endloop
  endfacet
  facet normal 0 1 0
    outer loop
      vertex 32.7071 1.5 1.32288
      vertex 31.426 1.5 1.38582
      vertex 32.574 1.5 1.38582
    endloop
  endfacet
  facet normal 0 1 0
    outer loop
      vertex 32.7071 1.5 1.32288
      vertex 31.2929 1.5 1.32288
      vertex 31.426 1.5 1.38582
    endloop
  endfacet
  facet normal 0 1 0
    outer loop
      vertex 32.8333 1.5 1.24719
      vertex 31.2929 1.5 1.32288
      vertex 32.7071 1.5 1.32288
    endloop
  endfacet
  facet normal 0 1 0
    outer loop
      vertex 32.8333 1.5 1.24719
      vertex 31.1666 1.5 1.24719
      vertex 31.2929 1.5 1.32288
    endloop
  endfacet
  facet normal 0 1 0
    outer loop
      vertex 32.9516 1.5 1.15952
      vertex 31.1666 1.5 1.24719
      vertex 32.8333 1.5 1.24719
    endloop
  endfacet
  facet normal 0 1 0
    outer loop
      vertex 32.9516 1.5 1.15952
      vertex 31.0484 1.5 1.15952
      vertex 31.1666 1.5 1.24719
    endloop
  endfacet
  facet normal 0 1 0
    outer loop
      vertex 33.0607 1.5 1.06065
      vertex 31.0484 1.5 1.15952
      vertex 32.9516 1.5 1.15952
    endloop
  endfacet
  facet normal 0 1 0
    outer loop
      vertex 33.0607 1.5 1.06065
      vertex 30.9393 1.5 1.06065
      vertex 31.0484 1.5 1.15952
    endloop
  endfacet
  facet normal 0 1 0
    outer loop
      vertex 33.1595 1.5 0.951584
      vertex 30.9393 1.5 1.06065
      vertex 33.0607 1.5 1.06065
    endloop
  endfacet
  facet normal 0 1 0
    outer loop
      vertex 33.1595 1.5 0.951584
      vertex 30.8405 1.5 0.951584
      vertex 30.9393 1.5 1.06065
    endloop
  endfacet
  facet normal 0 1 0
    outer loop
      vertex 33.2472 1.5 0.833344
      vertex 30.8405 1.5 0.951584
      vertex 33.1595 1.5 0.951584
    endloop
  endfacet
  facet normal 0 1 0
    outer loop
      vertex 33.2472 1.5 0.833344
      vertex 30.7528 1.5 0.833344
      vertex 30.8405 1.5 0.951584
    endloop
  endfacet
  facet normal 0 1 0
    outer loop
      vertex 33.3229 1.5 0.707092
      vertex 30.7528 1.5 0.833344
      vertex 33.2472 1.5 0.833344
    endloop
  endfacet
  facet normal 0 1 0
    outer loop
      vertex 33.3229 1.5 0.707092
      vertex 30.6771 1.5 0.707092
      vertex 30.7528 1.5 0.833344
    endloop
  endfacet
  facet normal 0 1 0
    outer loop
      vertex 33.3858 1.5 0.57402
      vertex 30.6771 1.5 0.707092
      vertex 33.3229 1.5 0.707092
    endloop
  endfacet
  facet normal 0 1 0
    outer loop
      vertex 33.3858 1.5 0.57402
      vertex 30.6142 1.5 0.57402
      vertex 30.6771 1.5 0.707092
    endloop
  endfacet
  facet normal 0 1 0
    outer loop
      vertex 33.4354 1.5 0.435425
      vertex 30.6142 1.5 0.57402
      vertex 33.3858 1.5 0.57402
    endloop
  endfacet
  facet normal 0 1 0
    outer loop
      vertex 33.4354 1.5 0.435425
      vertex 30.5646 1.5 0.435425
      vertex 30.6142 1.5 0.57402
    endloop
  endfacet
  facet normal 0 1 0
    outer loop
      vertex 33.4712 1.5 0.292633
      vertex 30.5646 1.5 0.435425
      vertex 33.4354 1.5 0.435425
    endloop
  endfacet
  facet normal 0 1 0
    outer loop
      vertex 33.4712 1.5 0.292633
      vertex 30.5288 1.5 0.292633
      vertex 30.5646 1.5 0.435425
    endloop
  endfacet
  facet normal 0 1 0
    outer loop
      vertex 33.4928 1.5 0.147018
      vertex 30.5288 1.5 0.292633
      vertex 33.4712 1.5 0.292633
    endloop
  endfacet
  facet normal 0 1 0
    outer loop
      vertex 33.4928 1.5 0.147018
      vertex 30.5072 1.5 0.147018
      vertex 30.5288 1.5 0.292633
    endloop
  endfacet
  facet normal 0 1 0
    outer loop
      vertex 33.5 1.5 0
      vertex 30.5072 1.5 0.147018
      vertex 33.4928 1.5 0.147018
    endloop
  endfacet
  facet normal 0 1 0
    outer loop
      vertex 33.5 1.5 0
      vertex 30.5 1.5 0
      vertex 30.5072 1.5 0.147018
    endloop
  endfacet
  facet normal 0 1 -0
    outer loop
      vertex 33.4928 1.5 -0.147018
      vertex 30.5 1.5 0
      vertex 33.5 1.5 0
    endloop
  endfacet
  facet normal 0 1 0
    outer loop
      vertex 33.4928 1.5 -0.147018
      vertex 30.5072 1.5 -0.147018
      vertex 30.5 1.5 0
    endloop
  endfacet
  facet normal 0 1 -0
    outer loop
      vertex 33.4712 1.5 -0.292633
      vertex 30.5072 1.5 -0.147018
      vertex 33.4928 1.5 -0.147018
    endloop
  endfacet
  facet normal 0 1 0
    outer loop
      vertex 33.4712 1.5 -0.292633
      vertex 30.5288 1.5 -0.292633
      vertex 30.5072 1.5 -0.147018
    endloop
  endfacet
  facet normal 0 1 -0
    outer loop
      vertex 33.4354 1.5 -0.435425
      vertex 30.5288 1.5 -0.292633
      vertex 33.4712 1.5 -0.292633
    endloop
  endfacet
  facet normal 0 1 0
    outer loop
      vertex 33.4354 1.5 -0.435425
      vertex 30.5646 1.5 -0.435425
      vertex 30.5288 1.5 -0.292633
    endloop
  endfacet
  facet normal 0 1 -0
    outer loop
      vertex 33.3858 1.5 -0.57402
      vertex 30.5646 1.5 -0.435425
      vertex 33.4354 1.5 -0.435425
    endloop
  endfacet
  facet normal 0 1 0
    outer loop
      vertex 33.3858 1.5 -0.57402
      vertex 30.6142 1.5 -0.57402
      vertex 30.5646 1.5 -0.435425
    endloop
  endfacet
  facet normal 0 1 -0
    outer loop
      vertex 33.3229 1.5 -0.707092
      vertex 30.6142 1.5 -0.57402
      vertex 33.3858 1.5 -0.57402
    endloop
  endfacet
  facet normal 0 1 0
    outer loop
      vertex 33.3229 1.5 -0.707092
      vertex 30.6771 1.5 -0.707092
      vertex 30.6142 1.5 -0.57402
    endloop
  endfacet
  facet normal 0 1 -0
    outer loop
      vertex 33.2472 1.5 -0.833344
      vertex 30.6771 1.5 -0.707092
      vertex 33.3229 1.5 -0.707092
    endloop
  endfacet
  facet normal 0 1 0
    outer loop
      vertex 33.2472 1.5 -0.833344
      vertex 30.7528 1.5 -0.833344
      vertex 30.6771 1.5 -0.707092
    endloop
  endfacet
  facet normal 0 1 -0
    outer loop
      vertex 33.1595 1.5 -0.951584
      vertex 30.7528 1.5 -0.833344
      vertex 33.2472 1.5 -0.833344
    endloop
  endfacet
  facet normal 0 1 0
    outer loop
      vertex 33.1595 1.5 -0.951584
      vertex 30.8405 1.5 -0.951584
      vertex 30.7528 1.5 -0.833344
    endloop
  endfacet
  facet normal 0 1 -0
    outer loop
      vertex 33.0607 1.5 -1.06065
      vertex 30.8405 1.5 -0.951584
      vertex 33.1595 1.5 -0.951584
    endloop
  endfacet
  facet normal 0 1 0
    outer loop
      vertex 33.0607 1.5 -1.06065
      vertex 30.9393 1.5 -1.06065
      vertex 30.8405 1.5 -0.951584
    endloop
  endfacet
  facet normal 0 1 -0
    outer loop
      vertex 32.9516 1.5 -1.15952
      vertex 30.9393 1.5 -1.06065
      vertex 33.0607 1.5 -1.06065
    endloop
  endfacet
  facet normal 0 1 0
    outer loop
      vertex 32.9516 1.5 -1.15952
      vertex 31.0484 1.5 -1.15952
      vertex 30.9393 1.5 -1.06065
    endloop
  endfacet
  facet normal 0 1 -0
    outer loop
      vertex 32.8333 1.5 -1.24719
      vertex 31.0484 1.5 -1.15952
      vertex 32.9516 1.5 -1.15952
    endloop
  endfacet
  facet normal 0 1 0
    outer loop
      vertex 32.8333 1.5 -1.24719
      vertex 31.1666 1.5 -1.24719
      vertex 31.0484 1.5 -1.15952
    endloop
  endfacet
  facet normal 0 1 -0
    outer loop
      vertex 32.7071 1.5 -1.32288
      vertex 31.1666 1.5 -1.24719
      vertex 32.8333 1.5 -1.24719
    endloop
  endfacet
  facet normal 0 1 0
    outer loop
      vertex 32.7071 1.5 -1.32288
      vertex 31.2929 1.5 -1.32288
      vertex 31.1666 1.5 -1.24719
    endloop
  endfacet
  facet normal 0 1 -0
    outer loop
      vertex 32.574 1.5 -1.38582
      vertex 31.2929 1.5 -1.32288
      vertex 32.7071 1.5 -1.32288
    endloop
  endfacet
  facet normal 0 1 0
    outer loop
      vertex 32.574 1.5 -1.38582
      vertex 31.426 1.5 -1.38582
      vertex 31.2929 1.5 -1.32288
    endloop
  endfacet
  facet normal 0 1 -0
    outer loop
      vertex 32.4354 1.5 -1.43541
      vertex 31.426 1.5 -1.38582
      vertex 32.574 1.5 -1.38582
    endloop
  endfacet
  facet normal 0 1 0
    outer loop
      vertex 32.4354 1.5 -1.43541
      vertex 31.5646 1.5 -1.43541
      vertex 31.426 1.5 -1.38582
    endloop
  endfacet
  facet normal 0 1 -0
    outer loop
      vertex 32.2926 1.5 -1.47118
      vertex 31.5646 1.5 -1.43541
      vertex 32.4354 1.5 -1.43541
    endloop
  endfacet
  facet normal 0 1 0
    outer loop
      vertex 32.2926 1.5 -1.47118
      vertex 31.7074 1.5 -1.47118
      vertex 31.5646 1.5 -1.43541
    endloop
  endfacet
  facet normal 0 1 -0
    outer loop
      vertex 32.147 1.5 -1.49277
      vertex 31.7074 1.5 -1.47118
      vertex 32.2926 1.5 -1.47118
    endloop
  endfacet
  facet normal 0 1 0
    outer loop
      vertex 32.147 1.5 -1.49277
      vertex 31.853 1.5 -1.49277
      vertex 31.7074 1.5 -1.47118
    endloop
  endfacet
  facet normal -0 1 0
    outer loop
      vertex 31.853 1.5 -1.49277
      vertex 32.147 1.5 -1.49277
      vertex 32 1.5 -1.5
    endloop
  endfacet
  facet normal 0 1 0
    outer loop
      vertex 0.147018 1.5 -20.5072
      vertex -0.147018 1.5 -20.5072
      vertex 0 1.5 -20.5
    endloop
  endfacet
  facet normal 0 1 0
    outer loop
      vertex 0.292633 1.5 -20.5288
      vertex -0.147018 1.5 -20.5072
      vertex 0.147018 1.5 -20.5072
    endloop
  endfacet
  facet normal 0 1 0
    outer loop
      vertex 0.292633 1.5 -20.5288
      vertex -0.292633 1.5 -20.5288
      vertex -0.147018 1.5 -20.5072
    endloop
  endfacet
  facet normal 0 1 0
    outer loop
      vertex 0.435425 1.5 -20.5646
      vertex -0.292633 1.5 -20.5288
      vertex 0.292633 1.5 -20.5288
    endloop
  endfacet
  facet normal 0 1 0
    outer loop
      vertex 0.435425 1.5 -20.5646
      vertex -0.435425 1.5 -20.5646
      vertex -0.292633 1.5 -20.5288
    endloop
  endfacet
  facet normal 0 1 0
    outer loop
      vertex 0.57402 1.5 -20.6142
      vertex -0.435425 1.5 -20.5646
      vertex 0.435425 1.5 -20.5646
    endloop
  endfacet
  facet normal 0 1 0
    outer loop
      vertex 0.57402 1.5 -20.6142
      vertex -0.57402 1.5 -20.6142
      vertex -0.435425 1.5 -20.5646
    endloop
  endfacet
  facet normal 0 1 0
    outer loop
      vertex 0.707092 1.5 -20.6771
      vertex -0.57402 1.5 -20.6142
      vertex 0.57402 1.5 -20.6142
    endloop
  endfacet
  facet normal 0 1 0
    outer loop
      vertex 0.707092 1.5 -20.6771
      vertex -0.707092 1.5 -20.6771
      vertex -0.57402 1.5 -20.6142
    endloop
  endfacet
  facet normal 0 1 0
    outer loop
      vertex 0.833344 1.5 -20.7528
      vertex -0.707092 1.5 -20.6771
      vertex 0.707092 1.5 -20.6771
    endloop
  endfacet
  facet normal 0 1 0
    outer loop
      vertex 0.833344 1.5 -20.7528
      vertex -0.833344 1.5 -20.7528
      vertex -0.707092 1.5 -20.6771
    endloop
  endfacet
  facet normal 0 1 0
    outer loop
      vertex 0.951584 1.5 -20.8405
      vertex -0.833344 1.5 -20.7528
      vertex 0.833344 1.5 -20.7528
    endloop
  endfacet
  facet normal 0 1 0
    outer loop
      vertex 0.951584 1.5 -20.8405
      vertex -0.951584 1.5 -20.8405
      vertex -0.833344 1.5 -20.7528
    endloop
  endfacet
  facet normal 0 1 0
    outer loop
      vertex 1.06065 1.5 -20.9393
      vertex -0.951584 1.5 -20.8405
      vertex 0.951584 1.5 -20.8405
    endloop
  endfacet
  facet normal 0 1 0
    outer loop
      vertex 1.06065 1.5 -20.9393
      vertex -1.06065 1.5 -20.9393
      vertex -0.951584 1.5 -20.8405
    endloop
  endfacet
  facet normal 0 1 0
    outer loop
      vertex 1.15952 1.5 -21.0484
      vertex -1.06065 1.5 -20.9393
      vertex 1.06065 1.5 -20.9393
    endloop
  endfacet
  facet normal 0 1 0
    outer loop
      vertex 1.15952 1.5 -21.0484
      vertex -1.15952 1.5 -21.0484
      vertex -1.06065 1.5 -20.9393
    endloop
  endfacet
  facet normal 0 1 0
    outer loop
      vertex 1.24719 1.5 -21.1666
      vertex -1.15952 1.5 -21.0484
      vertex 1.15952 1.5 -21.0484
    endloop
  endfacet
  facet normal 0 1 0
    outer loop
      vertex 1.24719 1.5 -21.1666
      vertex -1.24719 1.5 -21.1666
      vertex -1.15952 1.5 -21.0484
    endloop
  endfacet
  facet normal 0 1 0
    outer loop
      vertex 1.32288 1.5 -21.2929
      vertex -1.24719 1.5 -21.1666
      vertex 1.24719 1.5 -21.1666
    endloop
  endfacet
  facet normal 0 1 0
    outer loop
      vertex 1.32288 1.5 -21.2929
      vertex -1.32288 1.5 -21.2929
      vertex -1.24719 1.5 -21.1666
    endloop
  endfacet
  facet normal 0 1 0
    outer loop
      vertex 1.38582 1.5 -21.426
      vertex -1.32288 1.5 -21.2929
      vertex 1.32288 1.5 -21.2929
    endloop
  endfacet
  facet normal 0 1 0
    outer loop
      vertex 1.38582 1.5 -21.426
      vertex -1.38582 1.5 -21.426
      vertex -1.32288 1.5 -21.2929
    endloop
  endfacet
  facet normal 0 1 0
    outer loop
      vertex 1.43541 1.5 -21.5646
      vertex -1.38582 1.5 -21.426
      vertex 1.38582 1.5 -21.426
    endloop
  endfacet
  facet normal 0 1 0
    outer loop
      vertex 1.43541 1.5 -21.5646
      vertex -1.43541 1.5 -21.5646
      vertex -1.38582 1.5 -21.426
    endloop
  endfacet
  facet normal 0 1 0
    outer loop
      vertex 1.47118 1.5 -21.7074
      vertex -1.43541 1.5 -21.5646
      vertex 1.43541 1.5 -21.5646
    endloop
  endfacet
  facet normal 0 1 0
    outer loop
      vertex 1.47118 1.5 -21.7074
      vertex -1.47118 1.5 -21.7074
      vertex -1.43541 1.5 -21.5646
    endloop
  endfacet
  facet normal 0 1 0
    outer loop
      vertex 1.49277 1.5 -21.853
      vertex -1.47118 1.5 -21.7074
      vertex 1.47118 1.5 -21.7074
    endloop
  endfacet
  facet normal 0 1 0
    outer loop
      vertex 1.49277 1.5 -21.853
      vertex -1.49277 1.5 -21.853
      vertex -1.47118 1.5 -21.7074
    endloop
  endfacet
  facet normal 0 1 0
    outer loop
      vertex 1.5 1.5 -22
      vertex -1.49277 1.5 -21.853
      vertex 1.49277 1.5 -21.853
    endloop
  endfacet
  facet normal 0 1 0
    outer loop
      vertex 1.5 1.5 -22
      vertex -1.5 1.5 -22
      vertex -1.49277 1.5 -21.853
    endloop
  endfacet
  facet normal 0 1 -0
    outer loop
      vertex 1.49277 1.5 -22.147
      vertex -1.5 1.5 -22
      vertex 1.5 1.5 -22
    endloop
  endfacet
  facet normal 0 1 0
    outer loop
      vertex 1.49277 1.5 -22.147
      vertex -1.49277 1.5 -22.147
      vertex -1.5 1.5 -22
    endloop
  endfacet
  facet normal 0 1 -0
    outer loop
      vertex 1.47118 1.5 -22.2926
      vertex -1.49277 1.5 -22.147
      vertex 1.49277 1.5 -22.147
    endloop
  endfacet
  facet normal 0 1 0
    outer loop
      vertex 1.47118 1.5 -22.2926
      vertex -1.47118 1.5 -22.2926
      vertex -1.49277 1.5 -22.147
    endloop
  endfacet
  facet normal 0 1 -0
    outer loop
      vertex 1.43541 1.5 -22.4354
      vertex -1.47118 1.5 -22.2926
      vertex 1.47118 1.5 -22.2926
    endloop
  endfacet
  facet normal 0 1 0
    outer loop
      vertex 1.43541 1.5 -22.4354
      vertex -1.43541 1.5 -22.4354
      vertex -1.47118 1.5 -22.2926
    endloop
  endfacet
  facet normal 0 1 -0
    outer loop
      vertex 1.38582 1.5 -22.574
      vertex -1.43541 1.5 -22.4354
      vertex 1.43541 1.5 -22.4354
    endloop
  endfacet
  facet normal 0 1 0
    outer loop
      vertex 1.38582 1.5 -22.574
      vertex -1.38582 1.5 -22.574
      vertex -1.43541 1.5 -22.4354
    endloop
  endfacet
  facet normal 0 1 -0
    outer loop
      vertex 1.32288 1.5 -22.7071
      vertex -1.38582 1.5 -22.574
      vertex 1.38582 1.5 -22.574
    endloop
  endfacet
  facet normal 0 1 0
    outer loop
      vertex 1.32288 1.5 -22.7071
      vertex -1.32288 1.5 -22.7071
      vertex -1.38582 1.5 -22.574
    endloop
  endfacet
  facet normal 0 1 -0
    outer loop
      vertex 1.24719 1.5 -22.8333
      vertex -1.32288 1.5 -22.7071
      vertex 1.32288 1.5 -22.7071
    endloop
  endfacet
  facet normal 0 1 0
    outer loop
      vertex 1.24719 1.5 -22.8333
      vertex -1.24719 1.5 -22.8333
      vertex -1.32288 1.5 -22.7071
    endloop
  endfacet
  facet normal 0 1 -0
    outer loop
      vertex 1.15952 1.5 -22.9516
      vertex -1.24719 1.5 -22.8333
      vertex 1.24719 1.5 -22.8333
    endloop
  endfacet
  facet normal 0 1 0
    outer loop
      vertex 1.15952 1.5 -22.9516
      vertex -1.15952 1.5 -22.9516
      vertex -1.24719 1.5 -22.8333
    endloop
  endfacet
  facet normal 0 1 -0
    outer loop
      vertex 1.06065 1.5 -23.0607
      vertex -1.15952 1.5 -22.9516
      vertex 1.15952 1.5 -22.9516
    endloop
  endfacet
  facet normal 0 1 0
    outer loop
      vertex 1.06065 1.5 -23.0607
      vertex -1.06065 1.5 -23.0607
      vertex -1.15952 1.5 -22.9516
    endloop
  endfacet
  facet normal 0 1 -0
    outer loop
      vertex 0.951584 1.5 -23.1595
      vertex -1.06065 1.5 -23.0607
      vertex 1.06065 1.5 -23.0607
    endloop
  endfacet
  facet normal 0 1 0
    outer loop
      vertex 0.951584 1.5 -23.1595
      vertex -0.951584 1.5 -23.1595
      vertex -1.06065 1.5 -23.0607
    endloop
  endfacet
  facet normal 0 1 -0
    outer loop
      vertex 0.833344 1.5 -23.2472
      vertex -0.951584 1.5 -23.1595
      vertex 0.951584 1.5 -23.1595
    endloop
  endfacet
  facet normal 0 1 0
    outer loop
      vertex 0.833344 1.5 -23.2472
      vertex -0.833344 1.5 -23.2472
      vertex -0.951584 1.5 -23.1595
    endloop
  endfacet
  facet normal 0 1 -0
    outer loop
      vertex 0.707092 1.5 -23.3229
      vertex -0.833344 1.5 -23.2472
      vertex 0.833344 1.5 -23.2472
    endloop
  endfacet
  facet normal 0 1 0
    outer loop
      vertex 0.707092 1.5 -23.3229
      vertex -0.707092 1.5 -23.3229
      vertex -0.833344 1.5 -23.2472
    endloop
  endfacet
  facet normal 0 1 -0
    outer loop
      vertex 0.57402 1.5 -23.3858
      vertex -0.707092 1.5 -23.3229
      vertex 0.707092 1.5 -23.3229
    endloop
  endfacet
  facet normal 0 1 0
    outer loop
      vertex 0.57402 1.5 -23.3858
      vertex -0.57402 1.5 -23.3858
      vertex -0.707092 1.5 -23.3229
    endloop
  endfacet
  facet normal 0 1 -0
    outer loop
      vertex 0.435425 1.5 -23.4354
      vertex -0.57402 1.5 -23.3858
      vertex 0.57402 1.5 -23.3858
    endloop
  endfacet
  facet normal 0 1 0
    outer loop
      vertex 0.435425 1.5 -23.4354
      vertex -0.435425 1.5 -23.4354
      vertex -0.57402 1.5 -23.3858
    endloop
  endfacet
  facet normal 0 1 -0
    outer loop
      vertex 0.292633 1.5 -23.4712
      vertex -0.435425 1.5 -23.4354
      vertex 0.435425 1.5 -23.4354
    endloop
  endfacet
  facet normal 0 1 0
    outer loop
      vertex 0.292633 1.5 -23.4712
      vertex -0.292633 1.5 -23.4712
      vertex -0.435425 1.5 -23.4354
    endloop
  endfacet
  facet normal 0 1 -0
    outer loop
      vertex 0.147018 1.5 -23.4928
      vertex -0.292633 1.5 -23.4712
      vertex 0.292633 1.5 -23.4712
    endloop
  endfacet
  facet normal 0 1 0
    outer loop
      vertex 0.147018 1.5 -23.4928
      vertex -0.147018 1.5 -23.4928
      vertex -0.292633 1.5 -23.4712
    endloop
  endfacet
  facet normal -0 1 0
    outer loop
      vertex -0.147018 1.5 -23.4928
      vertex 0.147018 1.5 -23.4928
      vertex 0 1.5 -23.5
    endloop
  endfacet
  facet normal 0 1 0
    outer loop
      vertex 0.147018 1.5 -30.5072
      vertex -0.147018 1.5 -30.5072
      vertex 0 1.5 -30.5
    endloop
  endfacet
  facet normal 0 1 0
    outer loop
      vertex 0.292633 1.5 -30.5288
      vertex -0.147018 1.5 -30.5072
      vertex 0.147018 1.5 -30.5072
    endloop
  endfacet
  facet normal 0 1 0
    outer loop
      vertex 0.292633 1.5 -30.5288
      vertex -0.292633 1.5 -30.5288
      vertex -0.147018 1.5 -30.5072
    endloop
  endfacet
  facet normal 0 1 0
    outer loop
      vertex 0.435425 1.5 -30.5646
      vertex -0.292633 1.5 -30.5288
      vertex 0.292633 1.5 -30.5288
    endloop
  endfacet
  facet normal 0 1 0
    outer loop
      vertex 0.435425 1.5 -30.5646
      vertex -0.435425 1.5 -30.5646
      vertex -0.292633 1.5 -30.5288
    endloop
  endfacet
  facet normal 0 1 0
    outer loop
      vertex 0.57402 1.5 -30.6142
      vertex -0.435425 1.5 -30.5646
      vertex 0.435425 1.5 -30.5646
    endloop
  endfacet
  facet normal 0 1 0
    outer loop
      vertex 0.57402 1.5 -30.6142
      vertex -0.57402 1.5 -30.6142
      vertex -0.435425 1.5 -30.5646
    endloop
  endfacet
  facet normal 0 1 0
    outer loop
      vertex 0.707092 1.5 -30.6771
      vertex -0.57402 1.5 -30.6142
      vertex 0.57402 1.5 -30.6142
    endloop
  endfacet
  facet normal 0 1 0
    outer loop
      vertex 0.707092 1.5 -30.6771
      vertex -0.707092 1.5 -30.6771
      vertex -0.57402 1.5 -30.6142
    endloop
  endfacet
  facet normal 0 1 0
    outer loop
      vertex 0.833344 1.5 -30.7528
      vertex -0.707092 1.5 -30.6771
      vertex 0.707092 1.5 -30.6771
    endloop
  endfacet
  facet normal 0 1 0
    outer loop
      vertex 0.833344 1.5 -30.7528
      vertex -0.833344 1.5 -30.7528
      vertex -0.707092 1.5 -30.6771
    endloop
  endfacet
  facet normal 0 1 0
    outer loop
      vertex 0.951584 1.5 -30.8405
      vertex -0.833344 1.5 -30.7528
      vertex 0.833344 1.5 -30.7528
    endloop
  endfacet
  facet normal 0 1 0
    outer loop
      vertex 0.951584 1.5 -30.8405
      vertex -0.951584 1.5 -30.8405
      vertex -0.833344 1.5 -30.7528
    endloop
  endfacet
  facet normal 0 1 0
    outer loop
      vertex 1.06065 1.5 -30.9393
      vertex -0.951584 1.5 -30.8405
      vertex 0.951584 1.5 -30.8405
    endloop
  endfacet
  facet normal 0 1 0
    outer loop
      vertex 1.06065 1.5 -30.9393
      vertex -1.06065 1.5 -30.9393
      vertex -0.951584 1.5 -30.8405
    endloop
  endfacet
  facet normal 0 1 0
    outer loop
      vertex 1.15952 1.5 -31.0484
      vertex -1.06065 1.5 -30.9393
      vertex 1.06065 1.5 -30.9393
    endloop
  endfacet
  facet normal 0 1 0
    outer loop
      vertex 1.15952 1.5 -31.0484
      vertex -1.15952 1.5 -31.0484
      vertex -1.06065 1.5 -30.9393
    endloop
  endfacet
  facet normal 0 1 0
    outer loop
      vertex 1.24719 1.5 -31.1666
      vertex -1.15952 1.5 -31.0484
      vertex 1.15952 1.5 -31.0484
    endloop
  endfacet
  facet normal 0 1 0
    outer loop
      vertex 1.24719 1.5 -31.1666
      vertex -1.24719 1.5 -31.1666
      vertex -1.15952 1.5 -31.0484
    endloop
  endfacet
  facet normal 0 1 0
    outer loop
      vertex 1.32288 1.5 -31.2929
      vertex -1.24719 1.5 -31.1666
      vertex 1.24719 1.5 -31.1666
    endloop
  endfacet
  facet normal 0 1 0
    outer loop
      vertex 1.32288 1.5 -31.2929
      vertex -1.32288 1.5 -31.2929
      vertex -1.24719 1.5 -31.1666
    endloop
  endfacet
  facet normal 0 1 0
    outer loop
      vertex 1.38582 1.5 -31.426
      vertex -1.32288 1.5 -31.2929
      vertex 1.32288 1.5 -31.2929
    endloop
  endfacet
  facet normal 0 1 0
    outer loop
      vertex 1.38582 1.5 -31.426
      vertex -1.38582 1.5 -31.426
      vertex -1.32288 1.5 -31.2929
    endloop
  endfacet
  facet normal 0 1 0
    outer loop
      vertex 1.43541 1.5 -31.5646
      vertex -1.38582 1.5 -31.426
      vertex 1.38582 1.5 -31.426
    endloop
  endfacet
  facet normal 0 1 0
    outer loop
      vertex 1.43541 1.5 -31.5646
      vertex -1.43541 1.5 -31.5646
      vertex -1.38582 1.5 -31.426
    endloop
  endfacet
  facet normal 0 1 0
    outer loop
      vertex 1.47118 1.5 -31.7074
      vertex -1.43541 1.5 -31.5646
      vertex 1.43541 1.5 -31.5646
    endloop
  endfacet
  facet normal 0 1 0
    outer loop
      vertex 1.47118 1.5 -31.7074
      vertex -1.47118 1.5 -31.7074
      vertex -1.43541 1.5 -31.5646
    endloop
  endfacet
  facet normal 0 1 0
    outer loop
      vertex 1.49277 1.5 -31.853
      vertex -1.47118 1.5 -31.7074
      vertex 1.47118 1.5 -31.7074
    endloop
  endfacet
  facet normal 0 1 0
    outer loop
      vertex 1.49277 1.5 -31.853
      vertex -1.49277 1.5 -31.853
      vertex -1.47118 1.5 -31.7074
    endloop
  endfacet
  facet normal 0 1 0
    outer loop
      vertex 1.5 1.5 -32
      vertex -1.49277 1.5 -31.853
      vertex 1.49277 1.5 -31.853
    endloop
  endfacet
  facet normal 0 1 0
    outer loop
      vertex 1.5 1.5 -32
      vertex -1.5 1.5 -32
      vertex -1.49277 1.5 -31.853
    endloop
  endfacet
  facet normal 0 1 -0
    outer loop
      vertex 1.49277 1.5 -32.147
      vertex -1.5 1.5 -32
      vertex 1.5 1.5 -32
    endloop
  endfacet
  facet normal 0 1 0
    outer loop
      vertex 1.49277 1.5 -32.147
      vertex -1.49277 1.5 -32.147
      vertex -1.5 1.5 -32
    endloop
  endfacet
  facet normal 0 1 -0
    outer loop
      vertex 1.47118 1.5 -32.2926
      vertex -1.49277 1.5 -32.147
      vertex 1.49277 1.5 -32.147
    endloop
  endfacet
  facet normal 0 1 0
    outer loop
      vertex 1.47118 1.5 -32.2926
      vertex -1.47118 1.5 -32.2926
      vertex -1.49277 1.5 -32.147
    endloop
  endfacet
  facet normal 0 1 -0
    outer loop
      vertex 1.43541 1.5 -32.4354
      vertex -1.47118 1.5 -32.2926
      vertex 1.47118 1.5 -32.2926
    endloop
  endfacet
  facet normal 0 1 0
    outer loop
      vertex 1.43541 1.5 -32.4354
      vertex -1.43541 1.5 -32.4354
      vertex -1.47118 1.5 -32.2926
    endloop
  endfacet
  facet normal 0 1 -0
    outer loop
      vertex 1.38582 1.5 -32.574
      vertex -1.43541 1.5 -32.4354
      vertex 1.43541 1.5 -32.4354
    endloop
  endfacet
  facet normal 0 1 0
    outer loop
      vertex 1.38582 1.5 -32.574
      vertex -1.38582 1.5 -32.574
      vertex -1.43541 1.5 -32.4354
    endloop
  endfacet
  facet normal 0 1 -0
    outer loop
      vertex 1.32288 1.5 -32.7071
      vertex -1.38582 1.5 -32.574
      vertex 1.38582 1.5 -32.574
    endloop
  endfacet
  facet normal 0 1 0
    outer loop
      vertex 1.32288 1.5 -32.7071
      vertex -1.32288 1.5 -32.7071
      vertex -1.38582 1.5 -32.574
    endloop
  endfacet
  facet normal 0 1 -0
    outer loop
      vertex 1.24719 1.5 -32.8333
      vertex -1.32288 1.5 -32.7071
      vertex 1.32288 1.5 -32.7071
    endloop
  endfacet
  facet normal 0 1 0
    outer loop
      vertex 1.24719 1.5 -32.8333
      vertex -1.24719 1.5 -32.8333
      vertex -1.32288 1.5 -32.7071
    endloop
  endfacet
  facet normal 0 1 -0
    outer loop
      vertex 1.15952 1.5 -32.9516
      vertex -1.24719 1.5 -32.8333
      vertex 1.24719 1.5 -32.8333
    endloop
  endfacet
  facet normal 0 1 0
    outer loop
      vertex 1.15952 1.5 -32.9516
      vertex -1.15952 1.5 -32.9516
      vertex -1.24719 1.5 -32.8333
    endloop
  endfacet
  facet normal 0 1 -0
    outer loop
      vertex 1.06065 1.5 -33.0607
      vertex -1.15952 1.5 -32.9516
      vertex 1.15952 1.5 -32.9516
    endloop
  endfacet
  facet normal 0 1 0
    outer loop
      vertex 1.06065 1.5 -33.0607
      vertex -1.06065 1.5 -33.0607
      vertex -1.15952 1.5 -32.9516
    endloop
  endfacet
  facet normal 0 1 -0
    outer loop
      vertex 0.951584 1.5 -33.1595
      vertex -1.06065 1.5 -33.0607
      vertex 1.06065 1.5 -33.0607
    endloop
  endfacet
  facet normal 0 1 0
    outer loop
      vertex 0.951584 1.5 -33.1595
      vertex -0.951584 1.5 -33.1595
      vertex -1.06065 1.5 -33.0607
    endloop
  endfacet
  facet normal 0 1 -0
    outer loop
      vertex 0.833344 1.5 -33.2472
      vertex -0.951584 1.5 -33.1595
      vertex 0.951584 1.5 -33.1595
    endloop
  endfacet
  facet normal 0 1 0
    outer loop
      vertex 0.833344 1.5 -33.2472
      vertex -0.833344 1.5 -33.2472
      vertex -0.951584 1.5 -33.1595
    endloop
  endfacet
  facet normal 0 1 -0
    outer loop
      vertex 0.707092 1.5 -33.3229
      vertex -0.833344 1.5 -33.2472
      vertex 0.833344 1.5 -33.2472
    endloop
  endfacet
  facet normal 0 1 0
    outer loop
      vertex 0.707092 1.5 -33.3229
      vertex -0.707092 1.5 -33.3229
      vertex -0.833344 1.5 -33.2472
    endloop
  endfacet
  facet normal 0 1 -0
    outer loop
      vertex 0.57402 1.5 -33.3858
      vertex -0.707092 1.5 -33.3229
      vertex 0.707092 1.5 -33.3229
    endloop
  endfacet
  facet normal 0 1 0
    outer loop
      vertex 0.57402 1.5 -33.3858
      vertex -0.57402 1.5 -33.3858
      vertex -0.707092 1.5 -33.3229
    endloop
  endfacet
  facet normal 0 1 -0
    outer loop
      vertex 0.435425 1.5 -33.4354
      vertex -0.57402 1.5 -33.3858
      vertex 0.57402 1.5 -33.3858
    endloop
  endfacet
  facet normal 0 1 0
    outer loop
      vertex 0.435425 1.5 -33.4354
      vertex -0.435425 1.5 -33.4354
      vertex -0.57402 1.5 -33.3858
    endloop
  endfacet
  facet normal 0 1 -0
    outer loop
      vertex 0.292633 1.5 -33.4712
      vertex -0.435425 1.5 -33.4354
      vertex 0.435425 1.5 -33.4354
    endloop
  endfacet
  facet normal 0 1 0
    outer loop
      vertex 0.292633 1.5 -33.4712
      vertex -0.292633 1.5 -33.4712
      vertex -0.435425 1.5 -33.4354
    endloop
  endfacet
  facet normal 0 1 -0
    outer loop
      vertex 0.147018 1.5 -33.4928
      vertex -0.292633 1.5 -33.4712
      vertex 0.292633 1.5 -33.4712
    endloop
  endfacet
  facet normal 0 1 0
    outer loop
      vertex 0.147018 1.5 -33.4928
      vertex -0.147018 1.5 -33.4928
      vertex -0.292633 1.5 -33.4712
    endloop
  endfacet
  facet normal -0 1 0
    outer loop
      vertex -0.147018 1.5 -33.4928
      vertex 0.147018 1.5 -33.4928
      vertex 0 1.5 -33.5
    endloop
  endfacet
  facet normal -0.146679 0 0.989184
    outer loop
      vertex 22.147 4 -1.49277
      vertex 22.2926 1.5 -1.47118
      vertex 22.2926 4 -1.47118
    endloop
  endfacet
  facet normal -0.146679 0 0.989184
    outer loop
      vertex 22.2926 1.5 -1.47118
      vertex 22.147 4 -1.49277
      vertex 22.147 1.5 -1.49277
    endloop
  endfacet
  facet normal -0.242983 0 0.970031
    outer loop
      vertex 22.2926 4 -1.47118
      vertex 22.4354 1.5 -1.43541
      vertex 22.4354 4 -1.43541
    endloop
  endfacet
  facet normal -0.242983 0 0.970031
    outer loop
      vertex 22.4354 1.5 -1.43541
      vertex 22.2926 4 -1.47118
      vertex 22.2926 1.5 -1.47118
    endloop
  endfacet
  facet normal -0.336879 0 0.941548
    outer loop
      vertex 22.4354 4 -1.43541
      vertex 22.574 1.5 -1.38582
      vertex 22.574 4 -1.38582
    endloop
  endfacet
  facet normal -0.336879 0 0.941548
    outer loop
      vertex 22.574 1.5 -1.38582
      vertex 22.4354 4 -1.43541
      vertex 22.4354 1.5 -1.43541
    endloop
  endfacet
  facet normal -0.427491 0 0.90402
    outer loop
      vertex 22.574 4 -1.38582
      vertex 22.7071 1.5 -1.32288
      vertex 22.7071 4 -1.32288
    endloop
  endfacet
  facet normal -0.427491 0 0.90402
    outer loop
      vertex 22.7071 1.5 -1.32288
      vertex 22.574 4 -1.38582
      vertex 22.574 1.5 -1.38582
    endloop
  endfacet
  facet normal -0.514346 0 0.857583
    outer loop
      vertex 22.7071 4 -1.32288
      vertex 22.8333 1.5 -1.24719
      vertex 22.8333 4 -1.24719
    endloop
  endfacet
  facet normal -0.514346 0 0.857583
    outer loop
      vertex 22.8333 1.5 -1.24719
      vertex 22.7071 4 -1.32288
      vertex 22.7071 1.5 -1.32288
    endloop
  endfacet
  facet normal -0.595405 0 0.803426
    outer loop
      vertex 22.8333 4 -1.24719
      vertex 22.9516 1.5 -1.15952
      vertex 22.9516 4 -1.15952
    endloop
  endfacet
  facet normal -0.595405 0 0.803426
    outer loop
      vertex 22.9516 1.5 -1.15952
      vertex 22.8333 4 -1.24719
      vertex 22.8333 1.5 -1.24719
    endloop
  endfacet
  facet normal -0.671512 0 0.740993
    outer loop
      vertex 22.9516 4 -1.15952
      vertex 23.0607 1.5 -1.06065
      vertex 23.0607 4 -1.06065
    endloop
  endfacet
  facet normal -0.671512 0 0.740993
    outer loop
      vertex 23.0607 1.5 -1.06065
      vertex 22.9516 4 -1.15952
      vertex 22.9516 1.5 -1.15952
    endloop
  endfacet
  facet normal -0.741126 0 0.671366
    outer loop
      vertex 23.0607 1.5 -1.06065
      vertex 23.1595 4 -0.951584
      vertex 23.0607 4 -1.06065
    endloop
  endfacet
  facet normal -0.741126 0 0.671366
    outer loop
      vertex 23.1595 4 -0.951584
      vertex 23.0607 1.5 -1.06065
      vertex 23.1595 1.5 -0.951584
    endloop
  endfacet
  facet normal -0.803184 0 0.595731
    outer loop
      vertex 23.1595 1.5 -0.951584
      vertex 23.2472 4 -0.833344
      vertex 23.1595 4 -0.951584
    endloop
  endfacet
  facet normal -0.803184 0 0.595731
    outer loop
      vertex 23.2472 4 -0.833344
      vertex 23.1595 1.5 -0.951584
      vertex 23.2472 1.5 -0.833344
    endloop
  endfacet
  facet normal -0.857646 0 0.51424
    outer loop
      vertex 23.2472 1.5 -0.833344
      vertex 23.3229 4 -0.707092
      vertex 23.2472 4 -0.833344
    endloop
  endfacet
  facet normal -0.857646 0 0.51424
    outer loop
      vertex 23.3229 4 -0.707092
      vertex 23.2472 1.5 -0.833344
      vertex 23.3229 1.5 -0.707092
    endloop
  endfacet
  facet normal -0.90409 0 0.427342
    outer loop
      vertex 23.3229 1.5 -0.707092
      vertex 23.3858 4 -0.57402
      vertex 23.3229 4 -0.707092
    endloop
  endfacet
  facet normal -0.90409 0 0.427342
    outer loop
      vertex 23.3858 4 -0.57402
      vertex 23.3229 1.5 -0.707092
      vertex 23.3858 1.5 -0.57402
    endloop
  endfacet
  facet normal -0.941523 0 0.33695
    outer loop
      vertex 23.3858 1.5 -0.57402
      vertex 23.4354 4 -0.435425
      vertex 23.3858 4 -0.57402
    endloop
  endfacet
  facet normal -0.941523 0 0.33695
    outer loop
      vertex 23.4354 4 -0.435425
      vertex 23.3858 1.5 -0.57402
      vertex 23.4354 1.5 -0.435425
    endloop
  endfacet
  facet normal -0.969979 0 0.243188
    outer loop
      vertex 23.4354 1.5 -0.435425
      vertex 23.4712 4 -0.292633
      vertex 23.4354 4 -0.435425
    endloop
  endfacet
  facet normal -0.969979 0 0.243188
    outer loop
      vertex 23.4712 4 -0.292633
      vertex 23.4354 1.5 -0.435425
      vertex 23.4712 1.5 -0.292633
    endloop
  endfacet
  facet normal -0.989176 0 0.146731
    outer loop
      vertex 23.4712 1.5 -0.292633
      vertex 23.4928 4 -0.147018
      vertex 23.4712 4 -0.292633
    endloop
  endfacet
  facet normal -0.989176 0 0.146731
    outer loop
      vertex 23.4928 4 -0.147018
      vertex 23.4712 1.5 -0.292633
      vertex 23.4928 1.5 -0.147018
    endloop
  endfacet
  facet normal -0.998803 0 0.048915
    outer loop
      vertex 23.4928 1.5 -0.147018
      vertex 23.5 4 0
      vertex 23.4928 4 -0.147018
    endloop
  endfacet
  facet normal -0.998803 0 0.048915
    outer loop
      vertex 23.5 4 0
      vertex 23.4928 1.5 -0.147018
      vertex 23.5 1.5 0
    endloop
  endfacet
  facet normal -0.998803 0 -0.048915
    outer loop
      vertex 23.5 1.5 0
      vertex 23.4928 4 0.147018
      vertex 23.5 4 0
    endloop
  endfacet
  facet normal -0.998803 -0 -0.048915
    outer loop
      vertex 23.4928 4 0.147018
      vertex 23.5 1.5 0
      vertex 23.4928 1.5 0.147018
    endloop
  endfacet
  facet normal -0.989176 0 -0.146731
    outer loop
      vertex 23.4928 1.5 0.147018
      vertex 23.4712 4 0.292633
      vertex 23.4928 4 0.147018
    endloop
  endfacet
  facet normal -0.989176 -0 -0.146731
    outer loop
      vertex 23.4712 4 0.292633
      vertex 23.4928 1.5 0.147018
      vertex 23.4712 1.5 0.292633
    endloop
  endfacet
  facet normal -0.969979 0 -0.243188
    outer loop
      vertex 23.4712 1.5 0.292633
      vertex 23.4354 4 0.435425
      vertex 23.4712 4 0.292633
    endloop
  endfacet
  facet normal -0.969979 -0 -0.243188
    outer loop
      vertex 23.4354 4 0.435425
      vertex 23.4712 1.5 0.292633
      vertex 23.4354 1.5 0.435425
    endloop
  endfacet
  facet normal -0.941523 0 -0.33695
    outer loop
      vertex 23.4354 1.5 0.435425
      vertex 23.3858 4 0.57402
      vertex 23.4354 4 0.435425
    endloop
  endfacet
  facet normal -0.941523 -0 -0.33695
    outer loop
      vertex 23.3858 4 0.57402
      vertex 23.4354 1.5 0.435425
      vertex 23.3858 1.5 0.57402
    endloop
  endfacet
  facet normal -0.90409 0 -0.427342
    outer loop
      vertex 23.3858 1.5 0.57402
      vertex 23.3229 4 0.707092
      vertex 23.3858 4 0.57402
    endloop
  endfacet
  facet normal -0.90409 -0 -0.427342
    outer loop
      vertex 23.3229 4 0.707092
      vertex 23.3858 1.5 0.57402
      vertex 23.3229 1.5 0.707092
    endloop
  endfacet
  facet normal -0.857646 0 -0.51424
    outer loop
      vertex 23.3229 1.5 0.707092
      vertex 23.2472 4 0.833344
      vertex 23.3229 4 0.707092
    endloop
  endfacet
  facet normal -0.857646 -0 -0.51424
    outer loop
      vertex 23.2472 4 0.833344
      vertex 23.3229 1.5 0.707092
      vertex 23.2472 1.5 0.833344
    endloop
  endfacet
  facet normal -0.803184 0 -0.595731
    outer loop
      vertex 23.2472 1.5 0.833344
      vertex 23.1595 4 0.951584
      vertex 23.2472 4 0.833344
    endloop
  endfacet
  facet normal -0.803184 -0 -0.595731
    outer loop
      vertex 23.1595 4 0.951584
      vertex 23.2472 1.5 0.833344
      vertex 23.1595 1.5 0.951584
    endloop
  endfacet
  facet normal -0.741126 0 -0.671366
    outer loop
      vertex 23.1595 1.5 0.951584
      vertex 23.0607 4 1.06065
      vertex 23.1595 4 0.951584
    endloop
  endfacet
  facet normal -0.741126 -0 -0.671366
    outer loop
      vertex 23.0607 4 1.06065
      vertex 23.1595 1.5 0.951584
      vertex 23.0607 1.5 1.06065
    endloop
  endfacet
  facet normal -0.671512 0 -0.740993
    outer loop
      vertex 22.9516 1.5 1.15952
      vertex 23.0607 4 1.06065
      vertex 23.0607 1.5 1.06065
    endloop
  endfacet
  facet normal -0.671512 0 -0.740993
    outer loop
      vertex 23.0607 4 1.06065
      vertex 22.9516 1.5 1.15952
      vertex 22.9516 4 1.15952
    endloop
  endfacet
  facet normal -0.595405 0 -0.803426
    outer loop
      vertex 22.8333 1.5 1.24719
      vertex 22.9516 4 1.15952
      vertex 22.9516 1.5 1.15952
    endloop
  endfacet
  facet normal -0.595405 0 -0.803426
    outer loop
      vertex 22.9516 4 1.15952
      vertex 22.8333 1.5 1.24719
      vertex 22.8333 4 1.24719
    endloop
  endfacet
  facet normal -0.514346 0 -0.857583
    outer loop
      vertex 22.7071 1.5 1.32288
      vertex 22.8333 4 1.24719
      vertex 22.8333 1.5 1.24719
    endloop
  endfacet
  facet normal -0.514346 0 -0.857583
    outer loop
      vertex 22.8333 4 1.24719
      vertex 22.7071 1.5 1.32288
      vertex 22.7071 4 1.32288
    endloop
  endfacet
  facet normal -0.427491 0 -0.90402
    outer loop
      vertex 22.574 1.5 1.38582
      vertex 22.7071 4 1.32288
      vertex 22.7071 1.5 1.32288
    endloop
  endfacet
  facet normal -0.427491 0 -0.90402
    outer loop
      vertex 22.7071 4 1.32288
      vertex 22.574 1.5 1.38582
      vertex 22.574 4 1.38582
    endloop
  endfacet
  facet normal -0.336879 0 -0.941548
    outer loop
      vertex 22.4354 1.5 1.43541
      vertex 22.574 4 1.38582
      vertex 22.574 1.5 1.38582
    endloop
  endfacet
  facet normal -0.336879 0 -0.941548
    outer loop
      vertex 22.574 4 1.38582
      vertex 22.4354 1.5 1.43541
      vertex 22.4354 4 1.43541
    endloop
  endfacet
  facet normal -0.242983 0 -0.970031
    outer loop
      vertex 22.2926 1.5 1.47118
      vertex 22.4354 4 1.43541
      vertex 22.4354 1.5 1.43541
    endloop
  endfacet
  facet normal -0.242983 0 -0.970031
    outer loop
      vertex 22.4354 4 1.43541
      vertex 22.2926 1.5 1.47118
      vertex 22.2926 4 1.47118
    endloop
  endfacet
  facet normal -0.146679 0 -0.989184
    outer loop
      vertex 22.147 1.5 1.49277
      vertex 22.2926 4 1.47118
      vertex 22.2926 1.5 1.47118
    endloop
  endfacet
  facet normal -0.146679 0 -0.989184
    outer loop
      vertex 22.2926 4 1.47118
      vertex 22.147 1.5 1.49277
      vertex 22.147 4 1.49277
    endloop
  endfacet
  facet normal -0.0491243 0 -0.998793
    outer loop
      vertex 22 1.5 1.5
      vertex 22.147 4 1.49277
      vertex 22.147 1.5 1.49277
    endloop
  endfacet
  facet normal -0.0491243 0 -0.998793
    outer loop
      vertex 22.147 4 1.49277
      vertex 22 1.5 1.5
      vertex 22 4 1.5
    endloop
  endfacet
  facet normal 0.0491243 0 -0.998793
    outer loop
      vertex 21.853 1.5 1.49277
      vertex 22 4 1.5
      vertex 22 1.5 1.5
    endloop
  endfacet
  facet normal 0.0491243 0 -0.998793
    outer loop
      vertex 22 4 1.5
      vertex 21.853 1.5 1.49277
      vertex 21.853 4 1.49277
    endloop
  endfacet
  facet normal 0.146679 0 -0.989184
    outer loop
      vertex 21.7074 1.5 1.47118
      vertex 21.853 4 1.49277
      vertex 21.853 1.5 1.49277
    endloop
  endfacet
  facet normal 0.146679 0 -0.989184
    outer loop
      vertex 21.853 4 1.49277
      vertex 21.7074 1.5 1.47118
      vertex 21.7074 4 1.47118
    endloop
  endfacet
  facet normal 0.242983 0 -0.970031
    outer loop
      vertex 21.5646 1.5 1.43541
      vertex 21.7074 4 1.47118
      vertex 21.7074 1.5 1.47118
    endloop
  endfacet
  facet normal 0.242983 0 -0.970031
    outer loop
      vertex 21.7074 4 1.47118
      vertex 21.5646 1.5 1.43541
      vertex 21.5646 4 1.43541
    endloop
  endfacet
  facet normal 0.336879 0 -0.941548
    outer loop
      vertex 21.426 1.5 1.38582
      vertex 21.5646 4 1.43541
      vertex 21.5646 1.5 1.43541
    endloop
  endfacet
  facet normal 0.336879 0 -0.941548
    outer loop
      vertex 21.5646 4 1.43541
      vertex 21.426 1.5 1.38582
      vertex 21.426 4 1.38582
    endloop
  endfacet
  facet normal 0.427491 0 -0.90402
    outer loop
      vertex 21.2929 1.5 1.32288
      vertex 21.426 4 1.38582
      vertex 21.426 1.5 1.38582
    endloop
  endfacet
  facet normal 0.427491 0 -0.90402
    outer loop
      vertex 21.426 4 1.38582
      vertex 21.2929 1.5 1.32288
      vertex 21.2929 4 1.32288
    endloop
  endfacet
  facet normal 0.514046 0 -0.857762
    outer loop
      vertex 21.1666 1.5 1.24719
      vertex 21.2929 4 1.32288
      vertex 21.2929 1.5 1.32288
    endloop
  endfacet
  facet normal 0.514046 0 -0.857762
    outer loop
      vertex 21.2929 4 1.32288
      vertex 21.1666 1.5 1.24719
      vertex 21.1666 4 1.24719
    endloop
  endfacet
  facet normal 0.59573 0 -0.803185
    outer loop
      vertex 21.0484 1.5 1.15952
      vertex 21.1666 4 1.24719
      vertex 21.1666 1.5 1.24719
    endloop
  endfacet
  facet normal 0.59573 0 -0.803185
    outer loop
      vertex 21.1666 4 1.24719
      vertex 21.0484 1.5 1.15952
      vertex 21.0484 4 1.15952
    endloop
  endfacet
  facet normal 0.671512 0 -0.740993
    outer loop
      vertex 20.9393 1.5 1.06065
      vertex 21.0484 4 1.15952
      vertex 21.0484 1.5 1.15952
    endloop
  endfacet
  facet normal 0.671512 0 -0.740993
    outer loop
      vertex 21.0484 4 1.15952
      vertex 20.9393 1.5 1.06065
      vertex 20.9393 4 1.06065
    endloop
  endfacet
  facet normal 0.741126 0 -0.671366
    outer loop
      vertex 20.9393 1.5 1.06065
      vertex 20.8405 4 0.951584
      vertex 20.9393 4 1.06065
    endloop
  endfacet
  facet normal 0.741126 0 -0.671366
    outer loop
      vertex 20.8405 4 0.951584
      vertex 20.9393 1.5 1.06065
      vertex 20.8405 1.5 0.951584
    endloop
  endfacet
  facet normal 0.803184 0 -0.595731
    outer loop
      vertex 20.8405 1.5 0.951584
      vertex 20.7528 4 0.833344
      vertex 20.8405 4 0.951584
    endloop
  endfacet
  facet normal 0.803184 0 -0.595731
    outer loop
      vertex 20.7528 4 0.833344
      vertex 20.8405 1.5 0.951584
      vertex 20.7528 1.5 0.833344
    endloop
  endfacet
  facet normal 0.857646 0 -0.51424
    outer loop
      vertex 20.7528 1.5 0.833344
      vertex 20.6771 4 0.707092
      vertex 20.7528 4 0.833344
    endloop
  endfacet
  facet normal 0.857646 0 -0.51424
    outer loop
      vertex 20.6771 4 0.707092
      vertex 20.7528 1.5 0.833344
      vertex 20.6771 1.5 0.707092
    endloop
  endfacet
  facet normal 0.90409 0 -0.427342
    outer loop
      vertex 20.6771 1.5 0.707092
      vertex 20.6142 4 0.57402
      vertex 20.6771 4 0.707092
    endloop
  endfacet
  facet normal 0.90409 0 -0.427342
    outer loop
      vertex 20.6142 4 0.57402
      vertex 20.6771 1.5 0.707092
      vertex 20.6142 1.5 0.57402
    endloop
  endfacet
  facet normal 0.941523 0 -0.33695
    outer loop
      vertex 20.6142 1.5 0.57402
      vertex 20.5646 4 0.435425
      vertex 20.6142 4 0.57402
    endloop
  endfacet
  facet normal 0.941523 0 -0.33695
    outer loop
      vertex 20.5646 4 0.435425
      vertex 20.6142 1.5 0.57402
      vertex 20.5646 1.5 0.435425
    endloop
  endfacet
  facet normal 0.969979 0 -0.243188
    outer loop
      vertex 20.5646 1.5 0.435425
      vertex 20.5288 4 0.292633
      vertex 20.5646 4 0.435425
    endloop
  endfacet
  facet normal 0.969979 0 -0.243188
    outer loop
      vertex 20.5288 4 0.292633
      vertex 20.5646 1.5 0.435425
      vertex 20.5288 1.5 0.292633
    endloop
  endfacet
  facet normal 0.989176 0 -0.146731
    outer loop
      vertex 20.5288 1.5 0.292633
      vertex 20.5072 4 0.147018
      vertex 20.5288 4 0.292633
    endloop
  endfacet
  facet normal 0.989176 0 -0.146731
    outer loop
      vertex 20.5072 4 0.147018
      vertex 20.5288 1.5 0.292633
      vertex 20.5072 1.5 0.147018
    endloop
  endfacet
  facet normal 0.998803 0 -0.048915
    outer loop
      vertex 20.5072 1.5 0.147018
      vertex 20.5 4 0
      vertex 20.5072 4 0.147018
    endloop
  endfacet
  facet normal 0.998803 0 -0.048915
    outer loop
      vertex 20.5 4 0
      vertex 20.5072 1.5 0.147018
      vertex 20.5 1.5 0
    endloop
  endfacet
  facet normal 0.998803 -0 0.048915
    outer loop
      vertex 20.5 1.5 0
      vertex 20.5072 4 -0.147018
      vertex 20.5 4 0
    endloop
  endfacet
  facet normal 0.998803 0 0.048915
    outer loop
      vertex 20.5072 4 -0.147018
      vertex 20.5 1.5 0
      vertex 20.5072 1.5 -0.147018
    endloop
  endfacet
  facet normal 0.989176 -0 0.146731
    outer loop
      vertex 20.5072 1.5 -0.147018
      vertex 20.5288 4 -0.292633
      vertex 20.5072 4 -0.147018
    endloop
  endfacet
  facet normal 0.989176 0 0.146731
    outer loop
      vertex 20.5288 4 -0.292633
      vertex 20.5072 1.5 -0.147018
      vertex 20.5288 1.5 -0.292633
    endloop
  endfacet
  facet normal 0.969979 -0 0.243188
    outer loop
      vertex 20.5288 1.5 -0.292633
      vertex 20.5646 4 -0.435425
      vertex 20.5288 4 -0.292633
    endloop
  endfacet
  facet normal 0.969979 0 0.243188
    outer loop
      vertex 20.5646 4 -0.435425
      vertex 20.5288 1.5 -0.292633
      vertex 20.5646 1.5 -0.435425
    endloop
  endfacet
  facet normal 0.941523 -0 0.33695
    outer loop
      vertex 20.5646 1.5 -0.435425
      vertex 20.6142 4 -0.57402
      vertex 20.5646 4 -0.435425
    endloop
  endfacet
  facet normal 0.941523 0 0.33695
    outer loop
      vertex 20.6142 4 -0.57402
      vertex 20.5646 1.5 -0.435425
      vertex 20.6142 1.5 -0.57402
    endloop
  endfacet
  facet normal 0.90409 -0 0.427342
    outer loop
      vertex 20.6142 1.5 -0.57402
      vertex 20.6771 4 -0.707092
      vertex 20.6142 4 -0.57402
    endloop
  endfacet
  facet normal 0.90409 0 0.427342
    outer loop
      vertex 20.6771 4 -0.707092
      vertex 20.6142 1.5 -0.57402
      vertex 20.6771 1.5 -0.707092
    endloop
  endfacet
  facet normal 0.857646 -0 0.51424
    outer loop
      vertex 20.6771 1.5 -0.707092
      vertex 20.7528 4 -0.833344
      vertex 20.6771 4 -0.707092
    endloop
  endfacet
  facet normal 0.857646 0 0.51424
    outer loop
      vertex 20.7528 4 -0.833344
      vertex 20.6771 1.5 -0.707092
      vertex 20.7528 1.5 -0.833344
    endloop
  endfacet
  facet normal 0.803184 -0 0.595731
    outer loop
      vertex 20.7528 1.5 -0.833344
      vertex 20.8405 4 -0.951584
      vertex 20.7528 4 -0.833344
    endloop
  endfacet
  facet normal 0.803184 0 0.595731
    outer loop
      vertex 20.8405 4 -0.951584
      vertex 20.7528 1.5 -0.833344
      vertex 20.8405 1.5 -0.951584
    endloop
  endfacet
  facet normal 0.741126 -0 0.671366
    outer loop
      vertex 20.8405 1.5 -0.951584
      vertex 20.9393 4 -1.06065
      vertex 20.8405 4 -0.951584
    endloop
  endfacet
  facet normal 0.741126 0 0.671366
    outer loop
      vertex 20.9393 4 -1.06065
      vertex 20.8405 1.5 -0.951584
      vertex 20.9393 1.5 -1.06065
    endloop
  endfacet
  facet normal 0.671512 0 0.740993
    outer loop
      vertex 20.9393 4 -1.06065
      vertex 21.0484 1.5 -1.15952
      vertex 21.0484 4 -1.15952
    endloop
  endfacet
  facet normal 0.671512 0 0.740993
    outer loop
      vertex 21.0484 1.5 -1.15952
      vertex 20.9393 4 -1.06065
      vertex 20.9393 1.5 -1.06065
    endloop
  endfacet
  facet normal 0.59573 0 0.803185
    outer loop
      vertex 21.0484 4 -1.15952
      vertex 21.1666 1.5 -1.24719
      vertex 21.1666 4 -1.24719
    endloop
  endfacet
  facet normal 0.59573 0 0.803185
    outer loop
      vertex 21.1666 1.5 -1.24719
      vertex 21.0484 4 -1.15952
      vertex 21.0484 1.5 -1.15952
    endloop
  endfacet
  facet normal 0.514046 0 0.857762
    outer loop
      vertex 21.1666 4 -1.24719
      vertex 21.2929 1.5 -1.32288
      vertex 21.2929 4 -1.32288
    endloop
  endfacet
  facet normal 0.514046 0 0.857762
    outer loop
      vertex 21.2929 1.5 -1.32288
      vertex 21.1666 4 -1.24719
      vertex 21.1666 1.5 -1.24719
    endloop
  endfacet
  facet normal 0.427491 0 0.90402
    outer loop
      vertex 21.2929 4 -1.32288
      vertex 21.426 1.5 -1.38582
      vertex 21.426 4 -1.38582
    endloop
  endfacet
  facet normal 0.427491 0 0.90402
    outer loop
      vertex 21.426 1.5 -1.38582
      vertex 21.2929 4 -1.32288
      vertex 21.2929 1.5 -1.32288
    endloop
  endfacet
  facet normal 0.336879 0 0.941548
    outer loop
      vertex 21.426 4 -1.38582
      vertex 21.5646 1.5 -1.43541
      vertex 21.5646 4 -1.43541
    endloop
  endfacet
  facet normal 0.336879 0 0.941548
    outer loop
      vertex 21.5646 1.5 -1.43541
      vertex 21.426 4 -1.38582
      vertex 21.426 1.5 -1.38582
    endloop
  endfacet
  facet normal 0.242983 0 0.970031
    outer loop
      vertex 21.5646 4 -1.43541
      vertex 21.7074 1.5 -1.47118
      vertex 21.7074 4 -1.47118
    endloop
  endfacet
  facet normal 0.242983 0 0.970031
    outer loop
      vertex 21.7074 1.5 -1.47118
      vertex 21.5646 4 -1.43541
      vertex 21.5646 1.5 -1.43541
    endloop
  endfacet
  facet normal 0.146679 0 0.989184
    outer loop
      vertex 21.7074 4 -1.47118
      vertex 21.853 1.5 -1.49277
      vertex 21.853 4 -1.49277
    endloop
  endfacet
  facet normal 0.146679 0 0.989184
    outer loop
      vertex 21.853 1.5 -1.49277
      vertex 21.7074 4 -1.47118
      vertex 21.7074 1.5 -1.47118
    endloop
  endfacet
  facet normal 0.0491243 0 0.998793
    outer loop
      vertex 21.853 4 -1.49277
      vertex 22 1.5 -1.5
      vertex 22 4 -1.5
    endloop
  endfacet
  facet normal 0.0491243 0 0.998793
    outer loop
      vertex 22 1.5 -1.5
      vertex 21.853 4 -1.49277
      vertex 21.853 1.5 -1.49277
    endloop
  endfacet
  facet normal -0.0491243 0 0.998793
    outer loop
      vertex 22 4 -1.5
      vertex 22.147 1.5 -1.49277
      vertex 22.147 4 -1.49277
    endloop
  endfacet
  facet normal -0.0491243 0 0.998793
    outer loop
      vertex 22.147 1.5 -1.49277
      vertex 22 4 -1.5
      vertex 22 1.5 -1.5
    endloop
  endfacet
  facet normal -0.146679 0 0.989184
    outer loop
      vertex 32.147 4 -1.49277
      vertex 32.2926 1.5 -1.47118
      vertex 32.2926 4 -1.47118
    endloop
  endfacet
  facet normal -0.146679 0 0.989184
    outer loop
      vertex 32.2926 1.5 -1.47118
      vertex 32.147 4 -1.49277
      vertex 32.147 1.5 -1.49277
    endloop
  endfacet
  facet normal -0.242983 0 0.970031
    outer loop
      vertex 32.2926 4 -1.47118
      vertex 32.4354 1.5 -1.43541
      vertex 32.4354 4 -1.43541
    endloop
  endfacet
  facet normal -0.242983 0 0.970031
    outer loop
      vertex 32.4354 1.5 -1.43541
      vertex 32.2926 4 -1.47118
      vertex 32.2926 1.5 -1.47118
    endloop
  endfacet
  facet normal -0.336879 0 0.941548
    outer loop
      vertex 32.4354 4 -1.43541
      vertex 32.574 1.5 -1.38582
      vertex 32.574 4 -1.38582
    endloop
  endfacet
  facet normal -0.336879 0 0.941548
    outer loop
      vertex 32.574 1.5 -1.38582
      vertex 32.4354 4 -1.43541
      vertex 32.4354 1.5 -1.43541
    endloop
  endfacet
  facet normal -0.427491 0 0.90402
    outer loop
      vertex 32.574 4 -1.38582
      vertex 32.7071 1.5 -1.32288
      vertex 32.7071 4 -1.32288
    endloop
  endfacet
  facet normal -0.427491 0 0.90402
    outer loop
      vertex 32.7071 1.5 -1.32288
      vertex 32.574 4 -1.38582
      vertex 32.574 1.5 -1.38582
    endloop
  endfacet
  facet normal -0.514346 0 0.857583
    outer loop
      vertex 32.7071 4 -1.32288
      vertex 32.8333 1.5 -1.24719
      vertex 32.8333 4 -1.24719
    endloop
  endfacet
  facet normal -0.514346 0 0.857583
    outer loop
      vertex 32.8333 1.5 -1.24719
      vertex 32.7071 4 -1.32288
      vertex 32.7071 1.5 -1.32288
    endloop
  endfacet
  facet normal -0.595405 0 0.803426
    outer loop
      vertex 32.8333 4 -1.24719
      vertex 32.9516 1.5 -1.15952
      vertex 32.9516 4 -1.15952
    endloop
  endfacet
  facet normal -0.595405 0 0.803426
    outer loop
      vertex 32.9516 1.5 -1.15952
      vertex 32.8333 4 -1.24719
      vertex 32.8333 1.5 -1.24719
    endloop
  endfacet
  facet normal -0.671512 0 0.740993
    outer loop
      vertex 32.9516 4 -1.15952
      vertex 33.0607 1.5 -1.06065
      vertex 33.0607 4 -1.06065
    endloop
  endfacet
  facet normal -0.671512 0 0.740993
    outer loop
      vertex 33.0607 1.5 -1.06065
      vertex 32.9516 4 -1.15952
      vertex 32.9516 1.5 -1.15952
    endloop
  endfacet
  facet normal -0.741126 0 0.671366
    outer loop
      vertex 33.0607 1.5 -1.06065
      vertex 33.1595 4 -0.951584
      vertex 33.0607 4 -1.06065
    endloop
  endfacet
  facet normal -0.741126 0 0.671366
    outer loop
      vertex 33.1595 4 -0.951584
      vertex 33.0607 1.5 -1.06065
      vertex 33.1595 1.5 -0.951584
    endloop
  endfacet
  facet normal -0.803184 0 0.595731
    outer loop
      vertex 33.1595 1.5 -0.951584
      vertex 33.2472 4 -0.833344
      vertex 33.1595 4 -0.951584
    endloop
  endfacet
  facet normal -0.803184 0 0.595731
    outer loop
      vertex 33.2472 4 -0.833344
      vertex 33.1595 1.5 -0.951584
      vertex 33.2472 1.5 -0.833344
    endloop
  endfacet
  facet normal -0.857646 0 0.51424
    outer loop
      vertex 33.2472 1.5 -0.833344
      vertex 33.3229 4 -0.707092
      vertex 33.2472 4 -0.833344
    endloop
  endfacet
  facet normal -0.857646 0 0.51424
    outer loop
      vertex 33.3229 4 -0.707092
      vertex 33.2472 1.5 -0.833344
      vertex 33.3229 1.5 -0.707092
    endloop
  endfacet
  facet normal -0.90409 0 0.427342
    outer loop
      vertex 33.3229 1.5 -0.707092
      vertex 33.3858 4 -0.57402
      vertex 33.3229 4 -0.707092
    endloop
  endfacet
  facet normal -0.90409 0 0.427342
    outer loop
      vertex 33.3858 4 -0.57402
      vertex 33.3229 1.5 -0.707092
      vertex 33.3858 1.5 -0.57402
    endloop
  endfacet
  facet normal -0.941523 0 0.33695
    outer loop
      vertex 33.3858 1.5 -0.57402
      vertex 33.4354 4 -0.435425
      vertex 33.3858 4 -0.57402
    endloop
  endfacet
  facet normal -0.941523 0 0.33695
    outer loop
      vertex 33.4354 4 -0.435425
      vertex 33.3858 1.5 -0.57402
      vertex 33.4354 1.5 -0.435425
    endloop
  endfacet
  facet normal -0.969979 0 0.243188
    outer loop
      vertex 33.4354 1.5 -0.435425
      vertex 33.4712 4 -0.292633
      vertex 33.4354 4 -0.435425
    endloop
  endfacet
  facet normal -0.969979 0 0.243188
    outer loop
      vertex 33.4712 4 -0.292633
      vertex 33.4354 1.5 -0.435425
      vertex 33.4712 1.5 -0.292633
    endloop
  endfacet
  facet normal -0.989176 0 0.146731
    outer loop
      vertex 33.4712 1.5 -0.292633
      vertex 33.4928 4 -0.147018
      vertex 33.4712 4 -0.292633
    endloop
  endfacet
  facet normal -0.989176 0 0.146731
    outer loop
      vertex 33.4928 4 -0.147018
      vertex 33.4712 1.5 -0.292633
      vertex 33.4928 1.5 -0.147018
    endloop
  endfacet
  facet normal -0.998803 0 0.048915
    outer loop
      vertex 33.4928 1.5 -0.147018
      vertex 33.5 4 0
      vertex 33.4928 4 -0.147018
    endloop
  endfacet
  facet normal -0.998803 0 0.048915
    outer loop
      vertex 33.5 4 0
      vertex 33.4928 1.5 -0.147018
      vertex 33.5 1.5 0
    endloop
  endfacet
  facet normal -0.998803 0 -0.048915
    outer loop
      vertex 33.5 1.5 0
      vertex 33.4928 4 0.147018
      vertex 33.5 4 0
    endloop
  endfacet
  facet normal -0.998803 -0 -0.048915
    outer loop
      vertex 33.4928 4 0.147018
      vertex 33.5 1.5 0
      vertex 33.4928 1.5 0.147018
    endloop
  endfacet
  facet normal -0.989176 0 -0.146731
    outer loop
      vertex 33.4928 1.5 0.147018
      vertex 33.4712 4 0.292633
      vertex 33.4928 4 0.147018
    endloop
  endfacet
  facet normal -0.989176 -0 -0.146731
    outer loop
      vertex 33.4712 4 0.292633
      vertex 33.4928 1.5 0.147018
      vertex 33.4712 1.5 0.292633
    endloop
  endfacet
  facet normal -0.969979 0 -0.243188
    outer loop
      vertex 33.4712 1.5 0.292633
      vertex 33.4354 4 0.435425
      vertex 33.4712 4 0.292633
    endloop
  endfacet
  facet normal -0.969979 -0 -0.243188
    outer loop
      vertex 33.4354 4 0.435425
      vertex 33.4712 1.5 0.292633
      vertex 33.4354 1.5 0.435425
    endloop
  endfacet
  facet normal -0.941523 0 -0.33695
    outer loop
      vertex 33.4354 1.5 0.435425
      vertex 33.3858 4 0.57402
      vertex 33.4354 4 0.435425
    endloop
  endfacet
  facet normal -0.941523 -0 -0.33695
    outer loop
      vertex 33.3858 4 0.57402
      vertex 33.4354 1.5 0.435425
      vertex 33.3858 1.5 0.57402
    endloop
  endfacet
  facet normal -0.90409 0 -0.427342
    outer loop
      vertex 33.3858 1.5 0.57402
      vertex 33.3229 4 0.707092
      vertex 33.3858 4 0.57402
    endloop
  endfacet
  facet normal -0.90409 -0 -0.427342
    outer loop
      vertex 33.3229 4 0.707092
      vertex 33.3858 1.5 0.57402
      vertex 33.3229 1.5 0.707092
    endloop
  endfacet
  facet normal -0.857646 0 -0.51424
    outer loop
      vertex 33.3229 1.5 0.707092
      vertex 33.2472 4 0.833344
      vertex 33.3229 4 0.707092
    endloop
  endfacet
  facet normal -0.857646 -0 -0.51424
    outer loop
      vertex 33.2472 4 0.833344
      vertex 33.3229 1.5 0.707092
      vertex 33.2472 1.5 0.833344
    endloop
  endfacet
  facet normal -0.803184 0 -0.595731
    outer loop
      vertex 33.2472 1.5 0.833344
      vertex 33.1595 4 0.951584
      vertex 33.2472 4 0.833344
    endloop
  endfacet
  facet normal -0.803184 -0 -0.595731
    outer loop
      vertex 33.1595 4 0.951584
      vertex 33.2472 1.5 0.833344
      vertex 33.1595 1.5 0.951584
    endloop
  endfacet
  facet normal -0.741126 0 -0.671366
    outer loop
      vertex 33.1595 1.5 0.951584
      vertex 33.0607 4 1.06065
      vertex 33.1595 4 0.951584
    endloop
  endfacet
  facet normal -0.741126 -0 -0.671366
    outer loop
      vertex 33.0607 4 1.06065
      vertex 33.1595 1.5 0.951584
      vertex 33.0607 1.5 1.06065
    endloop
  endfacet
  facet normal -0.671512 0 -0.740993
    outer loop
      vertex 32.9516 1.5 1.15952
      vertex 33.0607 4 1.06065
      vertex 33.0607 1.5 1.06065
    endloop
  endfacet
  facet normal -0.671512 0 -0.740993
    outer loop
      vertex 33.0607 4 1.06065
      vertex 32.9516 1.5 1.15952
      vertex 32.9516 4 1.15952
    endloop
  endfacet
  facet normal -0.595405 0 -0.803426
    outer loop
      vertex 32.8333 1.5 1.24719
      vertex 32.9516 4 1.15952
      vertex 32.9516 1.5 1.15952
    endloop
  endfacet
  facet normal -0.595405 0 -0.803426
    outer loop
      vertex 32.9516 4 1.15952
      vertex 32.8333 1.5 1.24719
      vertex 32.8333 4 1.24719
    endloop
  endfacet
  facet normal -0.514346 0 -0.857583
    outer loop
      vertex 32.7071 1.5 1.32288
      vertex 32.8333 4 1.24719
      vertex 32.8333 1.5 1.24719
    endloop
  endfacet
  facet normal -0.514346 0 -0.857583
    outer loop
      vertex 32.8333 4 1.24719
      vertex 32.7071 1.5 1.32288
      vertex 32.7071 4 1.32288
    endloop
  endfacet
  facet normal -0.427491 0 -0.90402
    outer loop
      vertex 32.574 1.5 1.38582
      vertex 32.7071 4 1.32288
      vertex 32.7071 1.5 1.32288
    endloop
  endfacet
  facet normal -0.427491 0 -0.90402
    outer loop
      vertex 32.7071 4 1.32288
      vertex 32.574 1.5 1.38582
      vertex 32.574 4 1.38582
    endloop
  endfacet
  facet normal -0.336879 0 -0.941548
    outer loop
      vertex 32.4354 1.5 1.43541
      vertex 32.574 4 1.38582
      vertex 32.574 1.5 1.38582
    endloop
  endfacet
  facet normal -0.336879 0 -0.941548
    outer loop
      vertex 32.574 4 1.38582
      vertex 32.4354 1.5 1.43541
      vertex 32.4354 4 1.43541
    endloop
  endfacet
  facet normal -0.242983 0 -0.970031
    outer loop
      vertex 32.2926 1.5 1.47118
      vertex 32.4354 4 1.43541
      vertex 32.4354 1.5 1.43541
    endloop
  endfacet
  facet normal -0.242983 0 -0.970031
    outer loop
      vertex 32.4354 4 1.43541
      vertex 32.2926 1.5 1.47118
      vertex 32.2926 4 1.47118
    endloop
  endfacet
  facet normal -0.146679 0 -0.989184
    outer loop
      vertex 32.147 1.5 1.49277
      vertex 32.2926 4 1.47118
      vertex 32.2926 1.5 1.47118
    endloop
  endfacet
  facet normal -0.146679 0 -0.989184
    outer loop
      vertex 32.2926 4 1.47118
      vertex 32.147 1.5 1.49277
      vertex 32.147 4 1.49277
    endloop
  endfacet
  facet normal -0.0491243 0 -0.998793
    outer loop
      vertex 32 1.5 1.5
      vertex 32.147 4 1.49277
      vertex 32.147 1.5 1.49277
    endloop
  endfacet
  facet normal -0.0491243 0 -0.998793
    outer loop
      vertex 32.147 4 1.49277
      vertex 32 1.5 1.5
      vertex 32 4 1.5
    endloop
  endfacet
  facet normal 0.0491243 0 -0.998793
    outer loop
      vertex 31.853 1.5 1.49277
      vertex 32 4 1.5
      vertex 32 1.5 1.5
    endloop
  endfacet
  facet normal 0.0491243 0 -0.998793
    outer loop
      vertex 32 4 1.5
      vertex 31.853 1.5 1.49277
      vertex 31.853 4 1.49277
    endloop
  endfacet
  facet normal 0.146679 0 -0.989184
    outer loop
      vertex 31.7074 1.5 1.47118
      vertex 31.853 4 1.49277
      vertex 31.853 1.5 1.49277
    endloop
  endfacet
  facet normal 0.146679 0 -0.989184
    outer loop
      vertex 31.853 4 1.49277
      vertex 31.7074 1.5 1.47118
      vertex 31.7074 4 1.47118
    endloop
  endfacet
  facet normal 0.242983 0 -0.970031
    outer loop
      vertex 31.5646 1.5 1.43541
      vertex 31.7074 4 1.47118
      vertex 31.7074 1.5 1.47118
    endloop
  endfacet
  facet normal 0.242983 0 -0.970031
    outer loop
      vertex 31.7074 4 1.47118
      vertex 31.5646 1.5 1.43541
      vertex 31.5646 4 1.43541
    endloop
  endfacet
  facet normal 0.336879 0 -0.941548
    outer loop
      vertex 31.426 1.5 1.38582
      vertex 31.5646 4 1.43541
      vertex 31.5646 1.5 1.43541
    endloop
  endfacet
  facet normal 0.336879 0 -0.941548
    outer loop
      vertex 31.5646 4 1.43541
      vertex 31.426 1.5 1.38582
      vertex 31.426 4 1.38582
    endloop
  endfacet
  facet normal 0.427491 0 -0.90402
    outer loop
      vertex 31.2929 1.5 1.32288
      vertex 31.426 4 1.38582
      vertex 31.426 1.5 1.38582
    endloop
  endfacet
  facet normal 0.427491 0 -0.90402
    outer loop
      vertex 31.426 4 1.38582
      vertex 31.2929 1.5 1.32288
      vertex 31.2929 4 1.32288
    endloop
  endfacet
  facet normal 0.514046 0 -0.857762
    outer loop
      vertex 31.1666 1.5 1.24719
      vertex 31.2929 4 1.32288
      vertex 31.2929 1.5 1.32288
    endloop
  endfacet
  facet normal 0.514046 0 -0.857762
    outer loop
      vertex 31.2929 4 1.32288
      vertex 31.1666 1.5 1.24719
      vertex 31.1666 4 1.24719
    endloop
  endfacet
  facet normal 0.59573 0 -0.803185
    outer loop
      vertex 31.0484 1.5 1.15952
      vertex 31.1666 4 1.24719
      vertex 31.1666 1.5 1.24719
    endloop
  endfacet
  facet normal 0.59573 0 -0.803185
    outer loop
      vertex 31.1666 4 1.24719
      vertex 31.0484 1.5 1.15952
      vertex 31.0484 4 1.15952
    endloop
  endfacet
  facet normal 0.671512 0 -0.740993
    outer loop
      vertex 30.9393 1.5 1.06065
      vertex 31.0484 4 1.15952
      vertex 31.0484 1.5 1.15952
    endloop
  endfacet
  facet normal 0.671512 0 -0.740993
    outer loop
      vertex 31.0484 4 1.15952
      vertex 30.9393 1.5 1.06065
      vertex 30.9393 4 1.06065
    endloop
  endfacet
  facet normal 0.741126 0 -0.671366
    outer loop
      vertex 30.9393 1.5 1.06065
      vertex 30.8405 4 0.951584
      vertex 30.9393 4 1.06065
    endloop
  endfacet
  facet normal 0.741126 0 -0.671366
    outer loop
      vertex 30.8405 4 0.951584
      vertex 30.9393 1.5 1.06065
      vertex 30.8405 1.5 0.951584
    endloop
  endfacet
  facet normal 0.803184 0 -0.595731
    outer loop
      vertex 30.8405 1.5 0.951584
      vertex 30.7528 4 0.833344
      vertex 30.8405 4 0.951584
    endloop
  endfacet
  facet normal 0.803184 0 -0.595731
    outer loop
      vertex 30.7528 4 0.833344
      vertex 30.8405 1.5 0.951584
      vertex 30.7528 1.5 0.833344
    endloop
  endfacet
  facet normal 0.857646 0 -0.51424
    outer loop
      vertex 30.7528 1.5 0.833344
      vertex 30.6771 4 0.707092
      vertex 30.7528 4 0.833344
    endloop
  endfacet
  facet normal 0.857646 0 -0.51424
    outer loop
      vertex 30.6771 4 0.707092
      vertex 30.7528 1.5 0.833344
      vertex 30.6771 1.5 0.707092
    endloop
  endfacet
  facet normal 0.90409 0 -0.427342
    outer loop
      vertex 30.6771 1.5 0.707092
      vertex 30.6142 4 0.57402
      vertex 30.6771 4 0.707092
    endloop
  endfacet
  facet normal 0.90409 0 -0.427342
    outer loop
      vertex 30.6142 4 0.57402
      vertex 30.6771 1.5 0.707092
      vertex 30.6142 1.5 0.57402
    endloop
  endfacet
  facet normal 0.941523 0 -0.33695
    outer loop
      vertex 30.6142 1.5 0.57402
      vertex 30.5646 4 0.435425
      vertex 30.6142 4 0.57402
    endloop
  endfacet
  facet normal 0.941523 0 -0.33695
    outer loop
      vertex 30.5646 4 0.435425
      vertex 30.6142 1.5 0.57402
      vertex 30.5646 1.5 0.435425
    endloop
  endfacet
  facet normal 0.969979 0 -0.243188
    outer loop
      vertex 30.5646 1.5 0.435425
      vertex 30.5288 4 0.292633
      vertex 30.5646 4 0.435425
    endloop
  endfacet
  facet normal 0.969979 0 -0.243188
    outer loop
      vertex 30.5288 4 0.292633
      vertex 30.5646 1.5 0.435425
      vertex 30.5288 1.5 0.292633
    endloop
  endfacet
  facet normal 0.989176 0 -0.146731
    outer loop
      vertex 30.5288 1.5 0.292633
      vertex 30.5072 4 0.147018
      vertex 30.5288 4 0.292633
    endloop
  endfacet
  facet normal 0.989176 0 -0.146731
    outer loop
      vertex 30.5072 4 0.147018
      vertex 30.5288 1.5 0.292633
      vertex 30.5072 1.5 0.147018
    endloop
  endfacet
  facet normal 0.998803 0 -0.048915
    outer loop
      vertex 30.5072 1.5 0.147018
      vertex 30.5 4 0
      vertex 30.5072 4 0.147018
    endloop
  endfacet
  facet normal 0.998803 0 -0.048915
    outer loop
      vertex 30.5 4 0
      vertex 30.5072 1.5 0.147018
      vertex 30.5 1.5 0
    endloop
  endfacet
  facet normal 0.998803 -0 0.048915
    outer loop
      vertex 30.5 1.5 0
      vertex 30.5072 4 -0.147018
      vertex 30.5 4 0
    endloop
  endfacet
  facet normal 0.998803 0 0.048915
    outer loop
      vertex 30.5072 4 -0.147018
      vertex 30.5 1.5 0
      vertex 30.5072 1.5 -0.147018
    endloop
  endfacet
  facet normal 0.989176 -0 0.146731
    outer loop
      vertex 30.5072 1.5 -0.147018
      vertex 30.5288 4 -0.292633
      vertex 30.5072 4 -0.147018
    endloop
  endfacet
  facet normal 0.989176 0 0.146731
    outer loop
      vertex 30.5288 4 -0.292633
      vertex 30.5072 1.5 -0.147018
      vertex 30.5288 1.5 -0.292633
    endloop
  endfacet
  facet normal 0.969979 -0 0.243188
    outer loop
      vertex 30.5288 1.5 -0.292633
      vertex 30.5646 4 -0.435425
      vertex 30.5288 4 -0.292633
    endloop
  endfacet
  facet normal 0.969979 0 0.243188
    outer loop
      vertex 30.5646 4 -0.435425
      vertex 30.5288 1.5 -0.292633
      vertex 30.5646 1.5 -0.435425
    endloop
  endfacet
  facet normal 0.941523 -0 0.33695
    outer loop
      vertex 30.5646 1.5 -0.435425
      vertex 30.6142 4 -0.57402
      vertex 30.5646 4 -0.435425
    endloop
  endfacet
  facet normal 0.941523 0 0.33695
    outer loop
      vertex 30.6142 4 -0.57402
      vertex 30.5646 1.5 -0.435425
      vertex 30.6142 1.5 -0.57402
    endloop
  endfacet
  facet normal 0.90409 -0 0.427342
    outer loop
      vertex 30.6142 1.5 -0.57402
      vertex 30.6771 4 -0.707092
      vertex 30.6142 4 -0.57402
    endloop
  endfacet
  facet normal 0.90409 0 0.427342
    outer loop
      vertex 30.6771 4 -0.707092
      vertex 30.6142 1.5 -0.57402
      vertex 30.6771 1.5 -0.707092
    endloop
  endfacet
  facet normal 0.857646 -0 0.51424
    outer loop
      vertex 30.6771 1.5 -0.707092
      vertex 30.7528 4 -0.833344
      vertex 30.6771 4 -0.707092
    endloop
  endfacet
  facet normal 0.857646 0 0.51424
    outer loop
      vertex 30.7528 4 -0.833344
      vertex 30.6771 1.5 -0.707092
      vertex 30.7528 1.5 -0.833344
    endloop
  endfacet
  facet normal 0.803184 -0 0.595731
    outer loop
      vertex 30.7528 1.5 -0.833344
      vertex 30.8405 4 -0.951584
      vertex 30.7528 4 -0.833344
    endloop
  endfacet
  facet normal 0.803184 0 0.595731
    outer loop
      vertex 30.8405 4 -0.951584
      vertex 30.7528 1.5 -0.833344
      vertex 30.8405 1.5 -0.951584
    endloop
  endfacet
  facet normal 0.741126 -0 0.671366
    outer loop
      vertex 30.8405 1.5 -0.951584
      vertex 30.9393 4 -1.06065
      vertex 30.8405 4 -0.951584
    endloop
  endfacet
  facet normal 0.741126 0 0.671366
    outer loop
      vertex 30.9393 4 -1.06065
      vertex 30.8405 1.5 -0.951584
      vertex 30.9393 1.5 -1.06065
    endloop
  endfacet
  facet normal 0.671512 0 0.740993
    outer loop
      vertex 30.9393 4 -1.06065
      vertex 31.0484 1.5 -1.15952
      vertex 31.0484 4 -1.15952
    endloop
  endfacet
  facet normal 0.671512 0 0.740993
    outer loop
      vertex 31.0484 1.5 -1.15952
      vertex 30.9393 4 -1.06065
      vertex 30.9393 1.5 -1.06065
    endloop
  endfacet
  facet normal 0.59573 0 0.803185
    outer loop
      vertex 31.0484 4 -1.15952
      vertex 31.1666 1.5 -1.24719
      vertex 31.1666 4 -1.24719
    endloop
  endfacet
  facet normal 0.59573 0 0.803185
    outer loop
      vertex 31.1666 1.5 -1.24719
      vertex 31.0484 4 -1.15952
      vertex 31.0484 1.5 -1.15952
    endloop
  endfacet
  facet normal 0.514046 0 0.857762
    outer loop
      vertex 31.1666 4 -1.24719
      vertex 31.2929 1.5 -1.32288
      vertex 31.2929 4 -1.32288
    endloop
  endfacet
  facet normal 0.514046 0 0.857762
    outer loop
      vertex 31.2929 1.5 -1.32288
      vertex 31.1666 4 -1.24719
      vertex 31.1666 1.5 -1.24719
    endloop
  endfacet
  facet normal 0.427491 0 0.90402
    outer loop
      vertex 31.2929 4 -1.32288
      vertex 31.426 1.5 -1.38582
      vertex 31.426 4 -1.38582
    endloop
  endfacet
  facet normal 0.427491 0 0.90402
    outer loop
      vertex 31.426 1.5 -1.38582
      vertex 31.2929 4 -1.32288
      vertex 31.2929 1.5 -1.32288
    endloop
  endfacet
  facet normal 0.336879 0 0.941548
    outer loop
      vertex 31.426 4 -1.38582
      vertex 31.5646 1.5 -1.43541
      vertex 31.5646 4 -1.43541
    endloop
  endfacet
  facet normal 0.336879 0 0.941548
    outer loop
      vertex 31.5646 1.5 -1.43541
      vertex 31.426 4 -1.38582
      vertex 31.426 1.5 -1.38582
    endloop
  endfacet
  facet normal 0.242983 0 0.970031
    outer loop
      vertex 31.5646 4 -1.43541
      vertex 31.7074 1.5 -1.47118
      vertex 31.7074 4 -1.47118
    endloop
  endfacet
  facet normal 0.242983 0 0.970031
    outer loop
      vertex 31.7074 1.5 -1.47118
      vertex 31.5646 4 -1.43541
      vertex 31.5646 1.5 -1.43541
    endloop
  endfacet
  facet normal 0.146679 0 0.989184
    outer loop
      vertex 31.7074 4 -1.47118
      vertex 31.853 1.5 -1.49277
      vertex 31.853 4 -1.49277
    endloop
  endfacet
  facet normal 0.146679 0 0.989184
    outer loop
      vertex 31.853 1.5 -1.49277
      vertex 31.7074 4 -1.47118
      vertex 31.7074 1.5 -1.47118
    endloop
  endfacet
  facet normal 0.0491243 0 0.998793
    outer loop
      vertex 31.853 4 -1.49277
      vertex 32 1.5 -1.5
      vertex 32 4 -1.5
    endloop
  endfacet
  facet normal 0.0491243 0 0.998793
    outer loop
      vertex 32 1.5 -1.5
      vertex 31.853 4 -1.49277
      vertex 31.853 1.5 -1.49277
    endloop
  endfacet
  facet normal -0.0491243 0 0.998793
    outer loop
      vertex 32 4 -1.5
      vertex 32.147 1.5 -1.49277
      vertex 32.147 4 -1.49277
    endloop
  endfacet
  facet normal -0.0491243 0 0.998793
    outer loop
      vertex 32.147 1.5 -1.49277
      vertex 32 4 -1.5
      vertex 32 1.5 -1.5
    endloop
  endfacet
  facet normal -0.146731 0 0.989176
    outer loop
      vertex 0.147018 4 -23.4928
      vertex 0.292633 1.5 -23.4712
      vertex 0.292633 4 -23.4712
    endloop
  endfacet
  facet normal -0.146731 0 0.989176
    outer loop
      vertex 0.292633 1.5 -23.4712
      vertex 0.147018 4 -23.4928
      vertex 0.147018 1.5 -23.4928
    endloop
  endfacet
  facet normal -0.243188 0 0.969979
    outer loop
      vertex 0.292633 4 -23.4712
      vertex 0.435425 1.5 -23.4354
      vertex 0.435425 4 -23.4354
    endloop
  endfacet
  facet normal -0.243188 0 0.969979
    outer loop
      vertex 0.435425 1.5 -23.4354
      vertex 0.292633 4 -23.4712
      vertex 0.292633 1.5 -23.4712
    endloop
  endfacet
  facet normal -0.33695 0 0.941523
    outer loop
      vertex 0.435425 4 -23.4354
      vertex 0.57402 1.5 -23.3858
      vertex 0.57402 4 -23.3858
    endloop
  endfacet
  facet normal -0.33695 0 0.941523
    outer loop
      vertex 0.57402 1.5 -23.3858
      vertex 0.435425 4 -23.4354
      vertex 0.435425 1.5 -23.4354
    endloop
  endfacet
  facet normal -0.427342 0 0.90409
    outer loop
      vertex 0.57402 4 -23.3858
      vertex 0.707092 1.5 -23.3229
      vertex 0.707092 4 -23.3229
    endloop
  endfacet
  facet normal -0.427342 0 0.90409
    outer loop
      vertex 0.707092 1.5 -23.3229
      vertex 0.57402 4 -23.3858
      vertex 0.57402 1.5 -23.3858
    endloop
  endfacet
  facet normal -0.51424 0 0.857646
    outer loop
      vertex 0.707092 4 -23.3229
      vertex 0.833344 1.5 -23.2472
      vertex 0.833344 4 -23.2472
    endloop
  endfacet
  facet normal -0.51424 0 0.857646
    outer loop
      vertex 0.833344 1.5 -23.2472
      vertex 0.707092 4 -23.3229
      vertex 0.707092 1.5 -23.3229
    endloop
  endfacet
  facet normal -0.595731 0 0.803184
    outer loop
      vertex 0.833344 4 -23.2472
      vertex 0.951584 1.5 -23.1595
      vertex 0.951584 4 -23.1595
    endloop
  endfacet
  facet normal -0.595731 0 0.803184
    outer loop
      vertex 0.951584 1.5 -23.1595
      vertex 0.833344 4 -23.2472
      vertex 0.833344 1.5 -23.2472
    endloop
  endfacet
  facet normal -0.671366 0 0.741126
    outer loop
      vertex 0.951584 4 -23.1595
      vertex 1.06065 1.5 -23.0607
      vertex 1.06065 4 -23.0607
    endloop
  endfacet
  facet normal -0.671366 0 0.741126
    outer loop
      vertex 1.06065 1.5 -23.0607
      vertex 0.951584 4 -23.1595
      vertex 0.951584 1.5 -23.1595
    endloop
  endfacet
  facet normal -0.740993 0 0.671512
    outer loop
      vertex 1.06065 1.5 -23.0607
      vertex 1.15952 4 -22.9516
      vertex 1.06065 4 -23.0607
    endloop
  endfacet
  facet normal -0.740993 0 0.671512
    outer loop
      vertex 1.15952 4 -22.9516
      vertex 1.06065 1.5 -23.0607
      vertex 1.15952 1.5 -22.9516
    endloop
  endfacet
  facet normal -0.803426 0 0.595405
    outer loop
      vertex 1.15952 1.5 -22.9516
      vertex 1.24719 4 -22.8333
      vertex 1.15952 4 -22.9516
    endloop
  endfacet
  facet normal -0.803426 0 0.595405
    outer loop
      vertex 1.24719 4 -22.8333
      vertex 1.15952 1.5 -22.9516
      vertex 1.24719 1.5 -22.8333
    endloop
  endfacet
  facet normal -0.857583 0 0.514346
    outer loop
      vertex 1.24719 1.5 -22.8333
      vertex 1.32288 4 -22.7071
      vertex 1.24719 4 -22.8333
    endloop
  endfacet
  facet normal -0.857583 0 0.514346
    outer loop
      vertex 1.32288 4 -22.7071
      vertex 1.24719 1.5 -22.8333
      vertex 1.32288 1.5 -22.7071
    endloop
  endfacet
  facet normal -0.90402 0 0.427491
    outer loop
      vertex 1.32288 1.5 -22.7071
      vertex 1.38582 4 -22.574
      vertex 1.32288 4 -22.7071
    endloop
  endfacet
  facet normal -0.90402 0 0.427491
    outer loop
      vertex 1.38582 4 -22.574
      vertex 1.32288 1.5 -22.7071
      vertex 1.38582 1.5 -22.574
    endloop
  endfacet
  facet normal -0.941548 0 0.336879
    outer loop
      vertex 1.38582 1.5 -22.574
      vertex 1.43541 4 -22.4354
      vertex 1.38582 4 -22.574
    endloop
  endfacet
  facet normal -0.941548 0 0.336879
    outer loop
      vertex 1.43541 4 -22.4354
      vertex 1.38582 1.5 -22.574
      vertex 1.43541 1.5 -22.4354
    endloop
  endfacet
  facet normal -0.970031 0 0.242983
    outer loop
      vertex 1.43541 1.5 -22.4354
      vertex 1.47118 4 -22.2926
      vertex 1.43541 4 -22.4354
    endloop
  endfacet
  facet normal -0.970031 0 0.242983
    outer loop
      vertex 1.47118 4 -22.2926
      vertex 1.43541 1.5 -22.4354
      vertex 1.47118 1.5 -22.2926
    endloop
  endfacet
  facet normal -0.989184 0 0.146679
    outer loop
      vertex 1.47118 1.5 -22.2926
      vertex 1.49277 4 -22.147
      vertex 1.47118 4 -22.2926
    endloop
  endfacet
  facet normal -0.989184 0 0.146679
    outer loop
      vertex 1.49277 4 -22.147
      vertex 1.47118 1.5 -22.2926
      vertex 1.49277 1.5 -22.147
    endloop
  endfacet
  facet normal -0.998793 0 0.0491243
    outer loop
      vertex 1.49277 1.5 -22.147
      vertex 1.5 4 -22
      vertex 1.49277 4 -22.147
    endloop
  endfacet
  facet normal -0.998793 0 0.0491243
    outer loop
      vertex 1.5 4 -22
      vertex 1.49277 1.5 -22.147
      vertex 1.5 1.5 -22
    endloop
  endfacet
  facet normal -0.998793 0 -0.0491243
    outer loop
      vertex 1.5 1.5 -22
      vertex 1.49277 4 -21.853
      vertex 1.5 4 -22
    endloop
  endfacet
  facet normal -0.998793 -0 -0.0491243
    outer loop
      vertex 1.49277 4 -21.853
      vertex 1.5 1.5 -22
      vertex 1.49277 1.5 -21.853
    endloop
  endfacet
  facet normal -0.989184 0 -0.146679
    outer loop
      vertex 1.49277 1.5 -21.853
      vertex 1.47118 4 -21.7074
      vertex 1.49277 4 -21.853
    endloop
  endfacet
  facet normal -0.989184 -0 -0.146679
    outer loop
      vertex 1.47118 4 -21.7074
      vertex 1.49277 1.5 -21.853
      vertex 1.47118 1.5 -21.7074
    endloop
  endfacet
  facet normal -0.970031 0 -0.242983
    outer loop
      vertex 1.47118 1.5 -21.7074
      vertex 1.43541 4 -21.5646
      vertex 1.47118 4 -21.7074
    endloop
  endfacet
  facet normal -0.970031 -0 -0.242983
    outer loop
      vertex 1.43541 4 -21.5646
      vertex 1.47118 1.5 -21.7074
      vertex 1.43541 1.5 -21.5646
    endloop
  endfacet
  facet normal -0.941548 0 -0.336879
    outer loop
      vertex 1.43541 1.5 -21.5646
      vertex 1.38582 4 -21.426
      vertex 1.43541 4 -21.5646
    endloop
  endfacet
  facet normal -0.941548 -0 -0.336879
    outer loop
      vertex 1.38582 4 -21.426
      vertex 1.43541 1.5 -21.5646
      vertex 1.38582 1.5 -21.426
    endloop
  endfacet
  facet normal -0.90402 0 -0.427491
    outer loop
      vertex 1.38582 1.5 -21.426
      vertex 1.32288 4 -21.2929
      vertex 1.38582 4 -21.426
    endloop
  endfacet
  facet normal -0.90402 -0 -0.427491
    outer loop
      vertex 1.32288 4 -21.2929
      vertex 1.38582 1.5 -21.426
      vertex 1.32288 1.5 -21.2929
    endloop
  endfacet
  facet normal -0.857762 0 -0.514046
    outer loop
      vertex 1.32288 1.5 -21.2929
      vertex 1.24719 4 -21.1666
      vertex 1.32288 4 -21.2929
    endloop
  endfacet
  facet normal -0.857762 -0 -0.514046
    outer loop
      vertex 1.24719 4 -21.1666
      vertex 1.32288 1.5 -21.2929
      vertex 1.24719 1.5 -21.1666
    endloop
  endfacet
  facet normal -0.803185 0 -0.59573
    outer loop
      vertex 1.24719 1.5 -21.1666
      vertex 1.15952 4 -21.0484
      vertex 1.24719 4 -21.1666
    endloop
  endfacet
  facet normal -0.803185 -0 -0.59573
    outer loop
      vertex 1.15952 4 -21.0484
      vertex 1.24719 1.5 -21.1666
      vertex 1.15952 1.5 -21.0484
    endloop
  endfacet
  facet normal -0.740993 0 -0.671512
    outer loop
      vertex 1.15952 1.5 -21.0484
      vertex 1.06065 4 -20.9393
      vertex 1.15952 4 -21.0484
    endloop
  endfacet
  facet normal -0.740993 -0 -0.671512
    outer loop
      vertex 1.06065 4 -20.9393
      vertex 1.15952 1.5 -21.0484
      vertex 1.06065 1.5 -20.9393
    endloop
  endfacet
  facet normal -0.671366 0 -0.741126
    outer loop
      vertex 0.951584 1.5 -20.8405
      vertex 1.06065 4 -20.9393
      vertex 1.06065 1.5 -20.9393
    endloop
  endfacet
  facet normal -0.671366 0 -0.741126
    outer loop
      vertex 1.06065 4 -20.9393
      vertex 0.951584 1.5 -20.8405
      vertex 0.951584 4 -20.8405
    endloop
  endfacet
  facet normal -0.595731 0 -0.803184
    outer loop
      vertex 0.833344 1.5 -20.7528
      vertex 0.951584 4 -20.8405
      vertex 0.951584 1.5 -20.8405
    endloop
  endfacet
  facet normal -0.595731 0 -0.803184
    outer loop
      vertex 0.951584 4 -20.8405
      vertex 0.833344 1.5 -20.7528
      vertex 0.833344 4 -20.7528
    endloop
  endfacet
  facet normal -0.51424 0 -0.857646
    outer loop
      vertex 0.707092 1.5 -20.6771
      vertex 0.833344 4 -20.7528
      vertex 0.833344 1.5 -20.7528
    endloop
  endfacet
  facet normal -0.51424 0 -0.857646
    outer loop
      vertex 0.833344 4 -20.7528
      vertex 0.707092 1.5 -20.6771
      vertex 0.707092 4 -20.6771
    endloop
  endfacet
  facet normal -0.427342 0 -0.90409
    outer loop
      vertex 0.57402 1.5 -20.6142
      vertex 0.707092 4 -20.6771
      vertex 0.707092 1.5 -20.6771
    endloop
  endfacet
  facet normal -0.427342 0 -0.90409
    outer loop
      vertex 0.707092 4 -20.6771
      vertex 0.57402 1.5 -20.6142
      vertex 0.57402 4 -20.6142
    endloop
  endfacet
  facet normal -0.33695 0 -0.941523
    outer loop
      vertex 0.435425 1.5 -20.5646
      vertex 0.57402 4 -20.6142
      vertex 0.57402 1.5 -20.6142
    endloop
  endfacet
  facet normal -0.33695 0 -0.941523
    outer loop
      vertex 0.57402 4 -20.6142
      vertex 0.435425 1.5 -20.5646
      vertex 0.435425 4 -20.5646
    endloop
  endfacet
  facet normal -0.243188 0 -0.969979
    outer loop
      vertex 0.292633 1.5 -20.5288
      vertex 0.435425 4 -20.5646
      vertex 0.435425 1.5 -20.5646
    endloop
  endfacet
  facet normal -0.243188 0 -0.969979
    outer loop
      vertex 0.435425 4 -20.5646
      vertex 0.292633 1.5 -20.5288
      vertex 0.292633 4 -20.5288
    endloop
  endfacet
  facet normal -0.146731 0 -0.989176
    outer loop
      vertex 0.147018 1.5 -20.5072
      vertex 0.292633 4 -20.5288
      vertex 0.292633 1.5 -20.5288
    endloop
  endfacet
  facet normal -0.146731 0 -0.989176
    outer loop
      vertex 0.292633 4 -20.5288
      vertex 0.147018 1.5 -20.5072
      vertex 0.147018 4 -20.5072
    endloop
  endfacet
  facet normal -0.048915 0 -0.998803
    outer loop
      vertex 0 1.5 -20.5
      vertex 0.147018 4 -20.5072
      vertex 0.147018 1.5 -20.5072
    endloop
  endfacet
  facet normal -0.048915 0 -0.998803
    outer loop
      vertex 0.147018 4 -20.5072
      vertex 0 1.5 -20.5
      vertex 0 4 -20.5
    endloop
  endfacet
  facet normal 0.048915 0 -0.998803
    outer loop
      vertex -0.147018 1.5 -20.5072
      vertex 0 4 -20.5
      vertex 0 1.5 -20.5
    endloop
  endfacet
  facet normal 0.048915 0 -0.998803
    outer loop
      vertex 0 4 -20.5
      vertex -0.147018 1.5 -20.5072
      vertex -0.147018 4 -20.5072
    endloop
  endfacet
  facet normal 0.146731 0 -0.989176
    outer loop
      vertex -0.292633 1.5 -20.5288
      vertex -0.147018 4 -20.5072
      vertex -0.147018 1.5 -20.5072
    endloop
  endfacet
  facet normal 0.146731 0 -0.989176
    outer loop
      vertex -0.147018 4 -20.5072
      vertex -0.292633 1.5 -20.5288
      vertex -0.292633 4 -20.5288
    endloop
  endfacet
  facet normal 0.243188 0 -0.969979
    outer loop
      vertex -0.435425 1.5 -20.5646
      vertex -0.292633 4 -20.5288
      vertex -0.292633 1.5 -20.5288
    endloop
  endfacet
  facet normal 0.243188 0 -0.969979
    outer loop
      vertex -0.292633 4 -20.5288
      vertex -0.435425 1.5 -20.5646
      vertex -0.435425 4 -20.5646
    endloop
  endfacet
  facet normal 0.33695 0 -0.941523
    outer loop
      vertex -0.57402 1.5 -20.6142
      vertex -0.435425 4 -20.5646
      vertex -0.435425 1.5 -20.5646
    endloop
  endfacet
  facet normal 0.33695 0 -0.941523
    outer loop
      vertex -0.435425 4 -20.5646
      vertex -0.57402 1.5 -20.6142
      vertex -0.57402 4 -20.6142
    endloop
  endfacet
  facet normal 0.427342 0 -0.90409
    outer loop
      vertex -0.707092 1.5 -20.6771
      vertex -0.57402 4 -20.6142
      vertex -0.57402 1.5 -20.6142
    endloop
  endfacet
  facet normal 0.427342 0 -0.90409
    outer loop
      vertex -0.57402 4 -20.6142
      vertex -0.707092 1.5 -20.6771
      vertex -0.707092 4 -20.6771
    endloop
  endfacet
  facet normal 0.51424 0 -0.857646
    outer loop
      vertex -0.833344 1.5 -20.7528
      vertex -0.707092 4 -20.6771
      vertex -0.707092 1.5 -20.6771
    endloop
  endfacet
  facet normal 0.51424 0 -0.857646
    outer loop
      vertex -0.707092 4 -20.6771
      vertex -0.833344 1.5 -20.7528
      vertex -0.833344 4 -20.7528
    endloop
  endfacet
  facet normal 0.595731 0 -0.803184
    outer loop
      vertex -0.951584 1.5 -20.8405
      vertex -0.833344 4 -20.7528
      vertex -0.833344 1.5 -20.7528
    endloop
  endfacet
  facet normal 0.595731 0 -0.803184
    outer loop
      vertex -0.833344 4 -20.7528
      vertex -0.951584 1.5 -20.8405
      vertex -0.951584 4 -20.8405
    endloop
  endfacet
  facet normal 0.671366 0 -0.741126
    outer loop
      vertex -1.06065 1.5 -20.9393
      vertex -0.951584 4 -20.8405
      vertex -0.951584 1.5 -20.8405
    endloop
  endfacet
  facet normal 0.671366 0 -0.741126
    outer loop
      vertex -0.951584 4 -20.8405
      vertex -1.06065 1.5 -20.9393
      vertex -1.06065 4 -20.9393
    endloop
  endfacet
  facet normal 0.740993 0 -0.671512
    outer loop
      vertex -1.06065 1.5 -20.9393
      vertex -1.15952 4 -21.0484
      vertex -1.06065 4 -20.9393
    endloop
  endfacet
  facet normal 0.740993 0 -0.671512
    outer loop
      vertex -1.15952 4 -21.0484
      vertex -1.06065 1.5 -20.9393
      vertex -1.15952 1.5 -21.0484
    endloop
  endfacet
  facet normal 0.803185 0 -0.59573
    outer loop
      vertex -1.15952 1.5 -21.0484
      vertex -1.24719 4 -21.1666
      vertex -1.15952 4 -21.0484
    endloop
  endfacet
  facet normal 0.803185 0 -0.59573
    outer loop
      vertex -1.24719 4 -21.1666
      vertex -1.15952 1.5 -21.0484
      vertex -1.24719 1.5 -21.1666
    endloop
  endfacet
  facet normal 0.857762 0 -0.514046
    outer loop
      vertex -1.24719 1.5 -21.1666
      vertex -1.32288 4 -21.2929
      vertex -1.24719 4 -21.1666
    endloop
  endfacet
  facet normal 0.857762 0 -0.514046
    outer loop
      vertex -1.32288 4 -21.2929
      vertex -1.24719 1.5 -21.1666
      vertex -1.32288 1.5 -21.2929
    endloop
  endfacet
  facet normal 0.90402 0 -0.427491
    outer loop
      vertex -1.32288 1.5 -21.2929
      vertex -1.38582 4 -21.426
      vertex -1.32288 4 -21.2929
    endloop
  endfacet
  facet normal 0.90402 0 -0.427491
    outer loop
      vertex -1.38582 4 -21.426
      vertex -1.32288 1.5 -21.2929
      vertex -1.38582 1.5 -21.426
    endloop
  endfacet
  facet normal 0.941548 0 -0.336879
    outer loop
      vertex -1.38582 1.5 -21.426
      vertex -1.43541 4 -21.5646
      vertex -1.38582 4 -21.426
    endloop
  endfacet
  facet normal 0.941548 0 -0.336879
    outer loop
      vertex -1.43541 4 -21.5646
      vertex -1.38582 1.5 -21.426
      vertex -1.43541 1.5 -21.5646
    endloop
  endfacet
  facet normal 0.970031 0 -0.242983
    outer loop
      vertex -1.43541 1.5 -21.5646
      vertex -1.47118 4 -21.7074
      vertex -1.43541 4 -21.5646
    endloop
  endfacet
  facet normal 0.970031 0 -0.242983
    outer loop
      vertex -1.47118 4 -21.7074
      vertex -1.43541 1.5 -21.5646
      vertex -1.47118 1.5 -21.7074
    endloop
  endfacet
  facet normal 0.989184 0 -0.146679
    outer loop
      vertex -1.47118 1.5 -21.7074
      vertex -1.49277 4 -21.853
      vertex -1.47118 4 -21.7074
    endloop
  endfacet
  facet normal 0.989184 0 -0.146679
    outer loop
      vertex -1.49277 4 -21.853
      vertex -1.47118 1.5 -21.7074
      vertex -1.49277 1.5 -21.853
    endloop
  endfacet
  facet normal 0.998793 0 -0.0491243
    outer loop
      vertex -1.49277 1.5 -21.853
      vertex -1.5 4 -22
      vertex -1.49277 4 -21.853
    endloop
  endfacet
  facet normal 0.998793 0 -0.0491243
    outer loop
      vertex -1.5 4 -22
      vertex -1.49277 1.5 -21.853
      vertex -1.5 1.5 -22
    endloop
  endfacet
  facet normal 0.998793 -0 0.0491243
    outer loop
      vertex -1.5 1.5 -22
      vertex -1.49277 4 -22.147
      vertex -1.5 4 -22
    endloop
  endfacet
  facet normal 0.998793 0 0.0491243
    outer loop
      vertex -1.49277 4 -22.147
      vertex -1.5 1.5 -22
      vertex -1.49277 1.5 -22.147
    endloop
  endfacet
  facet normal 0.989184 -0 0.146679
    outer loop
      vertex -1.49277 1.5 -22.147
      vertex -1.47118 4 -22.2926
      vertex -1.49277 4 -22.147
    endloop
  endfacet
  facet normal 0.989184 0 0.146679
    outer loop
      vertex -1.47118 4 -22.2926
      vertex -1.49277 1.5 -22.147
      vertex -1.47118 1.5 -22.2926
    endloop
  endfacet
  facet normal 0.970031 -0 0.242983
    outer loop
      vertex -1.47118 1.5 -22.2926
      vertex -1.43541 4 -22.4354
      vertex -1.47118 4 -22.2926
    endloop
  endfacet
  facet normal 0.970031 0 0.242983
    outer loop
      vertex -1.43541 4 -22.4354
      vertex -1.47118 1.5 -22.2926
      vertex -1.43541 1.5 -22.4354
    endloop
  endfacet
  facet normal 0.941548 -0 0.336879
    outer loop
      vertex -1.43541 1.5 -22.4354
      vertex -1.38582 4 -22.574
      vertex -1.43541 4 -22.4354
    endloop
  endfacet
  facet normal 0.941548 0 0.336879
    outer loop
      vertex -1.38582 4 -22.574
      vertex -1.43541 1.5 -22.4354
      vertex -1.38582 1.5 -22.574
    endloop
  endfacet
  facet normal 0.90402 -0 0.427491
    outer loop
      vertex -1.38582 1.5 -22.574
      vertex -1.32288 4 -22.7071
      vertex -1.38582 4 -22.574
    endloop
  endfacet
  facet normal 0.90402 0 0.427491
    outer loop
      vertex -1.32288 4 -22.7071
      vertex -1.38582 1.5 -22.574
      vertex -1.32288 1.5 -22.7071
    endloop
  endfacet
  facet normal 0.857583 -0 0.514346
    outer loop
      vertex -1.32288 1.5 -22.7071
      vertex -1.24719 4 -22.8333
      vertex -1.32288 4 -22.7071
    endloop
  endfacet
  facet normal 0.857583 0 0.514346
    outer loop
      vertex -1.24719 4 -22.8333
      vertex -1.32288 1.5 -22.7071
      vertex -1.24719 1.5 -22.8333
    endloop
  endfacet
  facet normal 0.803426 -0 0.595405
    outer loop
      vertex -1.24719 1.5 -22.8333
      vertex -1.15952 4 -22.9516
      vertex -1.24719 4 -22.8333
    endloop
  endfacet
  facet normal 0.803426 0 0.595405
    outer loop
      vertex -1.15952 4 -22.9516
      vertex -1.24719 1.5 -22.8333
      vertex -1.15952 1.5 -22.9516
    endloop
  endfacet
  facet normal 0.740993 -0 0.671512
    outer loop
      vertex -1.15952 1.5 -22.9516
      vertex -1.06065 4 -23.0607
      vertex -1.15952 4 -22.9516
    endloop
  endfacet
  facet normal 0.740993 0 0.671512
    outer loop
      vertex -1.06065 4 -23.0607
      vertex -1.15952 1.5 -22.9516
      vertex -1.06065 1.5 -23.0607
    endloop
  endfacet
  facet normal 0.671366 0 0.741126
    outer loop
      vertex -1.06065 4 -23.0607
      vertex -0.951584 1.5 -23.1595
      vertex -0.951584 4 -23.1595
    endloop
  endfacet
  facet normal 0.671366 0 0.741126
    outer loop
      vertex -0.951584 1.5 -23.1595
      vertex -1.06065 4 -23.0607
      vertex -1.06065 1.5 -23.0607
    endloop
  endfacet
  facet normal 0.595731 0 0.803184
    outer loop
      vertex -0.951584 4 -23.1595
      vertex -0.833344 1.5 -23.2472
      vertex -0.833344 4 -23.2472
    endloop
  endfacet
  facet normal 0.595731 0 0.803184
    outer loop
      vertex -0.833344 1.5 -23.2472
      vertex -0.951584 4 -23.1595
      vertex -0.951584 1.5 -23.1595
    endloop
  endfacet
  facet normal 0.51424 0 0.857646
    outer loop
      vertex -0.833344 4 -23.2472
      vertex -0.707092 1.5 -23.3229
      vertex -0.707092 4 -23.3229
    endloop
  endfacet
  facet normal 0.51424 0 0.857646
    outer loop
      vertex -0.707092 1.5 -23.3229
      vertex -0.833344 4 -23.2472
      vertex -0.833344 1.5 -23.2472
    endloop
  endfacet
  facet normal 0.427342 0 0.90409
    outer loop
      vertex -0.707092 4 -23.3229
      vertex -0.57402 1.5 -23.3858
      vertex -0.57402 4 -23.3858
    endloop
  endfacet
  facet normal 0.427342 0 0.90409
    outer loop
      vertex -0.57402 1.5 -23.3858
      vertex -0.707092 4 -23.3229
      vertex -0.707092 1.5 -23.3229
    endloop
  endfacet
  facet normal 0.33695 0 0.941523
    outer loop
      vertex -0.57402 4 -23.3858
      vertex -0.435425 1.5 -23.4354
      vertex -0.435425 4 -23.4354
    endloop
  endfacet
  facet normal 0.33695 0 0.941523
    outer loop
      vertex -0.435425 1.5 -23.4354
      vertex -0.57402 4 -23.3858
      vertex -0.57402 1.5 -23.3858
    endloop
  endfacet
  facet normal 0.243188 0 0.969979
    outer loop
      vertex -0.435425 4 -23.4354
      vertex -0.292633 1.5 -23.4712
      vertex -0.292633 4 -23.4712
    endloop
  endfacet
  facet normal 0.243188 0 0.969979
    outer loop
      vertex -0.292633 1.5 -23.4712
      vertex -0.435425 4 -23.4354
      vertex -0.435425 1.5 -23.4354
    endloop
  endfacet
  facet normal 0.146731 0 0.989176
    outer loop
      vertex -0.292633 4 -23.4712
      vertex -0.147018 1.5 -23.4928
      vertex -0.147018 4 -23.4928
    endloop
  endfacet
  facet normal 0.146731 0 0.989176
    outer loop
      vertex -0.147018 1.5 -23.4928
      vertex -0.292633 4 -23.4712
      vertex -0.292633 1.5 -23.4712
    endloop
  endfacet
  facet normal 0.048915 0 0.998803
    outer loop
      vertex -0.147018 4 -23.4928
      vertex 0 1.5 -23.5
      vertex 0 4 -23.5
    endloop
  endfacet
  facet normal 0.048915 0 0.998803
    outer loop
      vertex 0 1.5 -23.5
      vertex -0.147018 4 -23.4928
      vertex -0.147018 1.5 -23.4928
    endloop
  endfacet
  facet normal -0.048915 0 0.998803
    outer loop
      vertex 0 4 -23.5
      vertex 0.147018 1.5 -23.4928
      vertex 0.147018 4 -23.4928
    endloop
  endfacet
  facet normal -0.048915 0 0.998803
    outer loop
      vertex 0.147018 1.5 -23.4928
      vertex 0 4 -23.5
      vertex 0 1.5 -23.5
    endloop
  endfacet
  facet normal -0.146731 0 0.989176
    outer loop
      vertex 0.147018 4 -33.4928
      vertex 0.292633 1.5 -33.4712
      vertex 0.292633 4 -33.4712
    endloop
  endfacet
  facet normal -0.146731 0 0.989176
    outer loop
      vertex 0.292633 1.5 -33.4712
      vertex 0.147018 4 -33.4928
      vertex 0.147018 1.5 -33.4928
    endloop
  endfacet
  facet normal -0.243188 0 0.969979
    outer loop
      vertex 0.292633 4 -33.4712
      vertex 0.435425 1.5 -33.4354
      vertex 0.435425 4 -33.4354
    endloop
  endfacet
  facet normal -0.243188 0 0.969979
    outer loop
      vertex 0.435425 1.5 -33.4354
      vertex 0.292633 4 -33.4712
      vertex 0.292633 1.5 -33.4712
    endloop
  endfacet
  facet normal -0.33695 0 0.941523
    outer loop
      vertex 0.435425 4 -33.4354
      vertex 0.57402 1.5 -33.3858
      vertex 0.57402 4 -33.3858
    endloop
  endfacet
  facet normal -0.33695 0 0.941523
    outer loop
      vertex 0.57402 1.5 -33.3858
      vertex 0.435425 4 -33.4354
      vertex 0.435425 1.5 -33.4354
    endloop
  endfacet
  facet normal -0.427342 0 0.90409
    outer loop
      vertex 0.57402 4 -33.3858
      vertex 0.707092 1.5 -33.3229
      vertex 0.707092 4 -33.3229
    endloop
  endfacet
  facet normal -0.427342 0 0.90409
    outer loop
      vertex 0.707092 1.5 -33.3229
      vertex 0.57402 4 -33.3858
      vertex 0.57402 1.5 -33.3858
    endloop
  endfacet
  facet normal -0.51424 0 0.857646
    outer loop
      vertex 0.707092 4 -33.3229
      vertex 0.833344 1.5 -33.2472
      vertex 0.833344 4 -33.2472
    endloop
  endfacet
  facet normal -0.51424 0 0.857646
    outer loop
      vertex 0.833344 1.5 -33.2472
      vertex 0.707092 4 -33.3229
      vertex 0.707092 1.5 -33.3229
    endloop
  endfacet
  facet normal -0.595731 0 0.803184
    outer loop
      vertex 0.833344 4 -33.2472
      vertex 0.951584 1.5 -33.1595
      vertex 0.951584 4 -33.1595
    endloop
  endfacet
  facet normal -0.595731 0 0.803184
    outer loop
      vertex 0.951584 1.5 -33.1595
      vertex 0.833344 4 -33.2472
      vertex 0.833344 1.5 -33.2472
    endloop
  endfacet
  facet normal -0.671366 0 0.741126
    outer loop
      vertex 0.951584 4 -33.1595
      vertex 1.06065 1.5 -33.0607
      vertex 1.06065 4 -33.0607
    endloop
  endfacet
  facet normal -0.671366 0 0.741126
    outer loop
      vertex 1.06065 1.5 -33.0607
      vertex 0.951584 4 -33.1595
      vertex 0.951584 1.5 -33.1595
    endloop
  endfacet
  facet normal -0.740993 0 0.671512
    outer loop
      vertex 1.06065 1.5 -33.0607
      vertex 1.15952 4 -32.9516
      vertex 1.06065 4 -33.0607
    endloop
  endfacet
  facet normal -0.740993 0 0.671512
    outer loop
      vertex 1.15952 4 -32.9516
      vertex 1.06065 1.5 -33.0607
      vertex 1.15952 1.5 -32.9516
    endloop
  endfacet
  facet normal -0.803426 0 0.595405
    outer loop
      vertex 1.15952 1.5 -32.9516
      vertex 1.24719 4 -32.8333
      vertex 1.15952 4 -32.9516
    endloop
  endfacet
  facet normal -0.803426 0 0.595405
    outer loop
      vertex 1.24719 4 -32.8333
      vertex 1.15952 1.5 -32.9516
      vertex 1.24719 1.5 -32.8333
    endloop
  endfacet
  facet normal -0.857583 0 0.514346
    outer loop
      vertex 1.24719 1.5 -32.8333
      vertex 1.32288 4 -32.7071
      vertex 1.24719 4 -32.8333
    endloop
  endfacet
  facet normal -0.857583 0 0.514346
    outer loop
      vertex 1.32288 4 -32.7071
      vertex 1.24719 1.5 -32.8333
      vertex 1.32288 1.5 -32.7071
    endloop
  endfacet
  facet normal -0.90402 0 0.427491
    outer loop
      vertex 1.32288 1.5 -32.7071
      vertex 1.38582 4 -32.574
      vertex 1.32288 4 -32.7071
    endloop
  endfacet
  facet normal -0.90402 0 0.427491
    outer loop
      vertex 1.38582 4 -32.574
      vertex 1.32288 1.5 -32.7071
      vertex 1.38582 1.5 -32.574
    endloop
  endfacet
  facet normal -0.941548 0 0.336879
    outer loop
      vertex 1.38582 1.5 -32.574
      vertex 1.43541 4 -32.4354
      vertex 1.38582 4 -32.574
    endloop
  endfacet
  facet normal -0.941548 0 0.336879
    outer loop
      vertex 1.43541 4 -32.4354
      vertex 1.38582 1.5 -32.574
      vertex 1.43541 1.5 -32.4354
    endloop
  endfacet
  facet normal -0.970031 0 0.242983
    outer loop
      vertex 1.43541 1.5 -32.4354
      vertex 1.47118 4 -32.2926
      vertex 1.43541 4 -32.4354
    endloop
  endfacet
  facet normal -0.970031 0 0.242983
    outer loop
      vertex 1.47118 4 -32.2926
      vertex 1.43541 1.5 -32.4354
      vertex 1.47118 1.5 -32.2926
    endloop
  endfacet
  facet normal -0.989184 0 0.146679
    outer loop
      vertex 1.47118 1.5 -32.2926
      vertex 1.49277 4 -32.147
      vertex 1.47118 4 -32.2926
    endloop
  endfacet
  facet normal -0.989184 0 0.146679
    outer loop
      vertex 1.49277 4 -32.147
      vertex 1.47118 1.5 -32.2926
      vertex 1.49277 1.5 -32.147
    endloop
  endfacet
  facet normal -0.998793 0 0.0491243
    outer loop
      vertex 1.49277 1.5 -32.147
      vertex 1.5 4 -32
      vertex 1.49277 4 -32.147
    endloop
  endfacet
  facet normal -0.998793 0 0.0491243
    outer loop
      vertex 1.5 4 -32
      vertex 1.49277 1.5 -32.147
      vertex 1.5 1.5 -32
    endloop
  endfacet
  facet normal -0.998793 0 -0.0491243
    outer loop
      vertex 1.5 1.5 -32
      vertex 1.49277 4 -31.853
      vertex 1.5 4 -32
    endloop
  endfacet
  facet normal -0.998793 -0 -0.0491243
    outer loop
      vertex 1.49277 4 -31.853
      vertex 1.5 1.5 -32
      vertex 1.49277 1.5 -31.853
    endloop
  endfacet
  facet normal -0.989184 0 -0.146679
    outer loop
      vertex 1.49277 1.5 -31.853
      vertex 1.47118 4 -31.7074
      vertex 1.49277 4 -31.853
    endloop
  endfacet
  facet normal -0.989184 -0 -0.146679
    outer loop
      vertex 1.47118 4 -31.7074
      vertex 1.49277 1.5 -31.853
      vertex 1.47118 1.5 -31.7074
    endloop
  endfacet
  facet normal -0.970031 0 -0.242983
    outer loop
      vertex 1.47118 1.5 -31.7074
      vertex 1.43541 4 -31.5646
      vertex 1.47118 4 -31.7074
    endloop
  endfacet
  facet normal -0.970031 -0 -0.242983
    outer loop
      vertex 1.43541 4 -31.5646
      vertex 1.47118 1.5 -31.7074
      vertex 1.43541 1.5 -31.5646
    endloop
  endfacet
  facet normal -0.941548 0 -0.336879
    outer loop
      vertex 1.43541 1.5 -31.5646
      vertex 1.38582 4 -31.426
      vertex 1.43541 4 -31.5646
    endloop
  endfacet
  facet normal -0.941548 -0 -0.336879
    outer loop
      vertex 1.38582 4 -31.426
      vertex 1.43541 1.5 -31.5646
      vertex 1.38582 1.5 -31.426
    endloop
  endfacet
  facet normal -0.90402 0 -0.427491
    outer loop
      vertex 1.38582 1.5 -31.426
      vertex 1.32288 4 -31.2929
      vertex 1.38582 4 -31.426
    endloop
  endfacet
  facet normal -0.90402 -0 -0.427491
    outer loop
      vertex 1.32288 4 -31.2929
      vertex 1.38582 1.5 -31.426
      vertex 1.32288 1.5 -31.2929
    endloop
  endfacet
  facet normal -0.857762 0 -0.514046
    outer loop
      vertex 1.32288 1.5 -31.2929
      vertex 1.24719 4 -31.1666
      vertex 1.32288 4 -31.2929
    endloop
  endfacet
  facet normal -0.857762 -0 -0.514046
    outer loop
      vertex 1.24719 4 -31.1666
      vertex 1.32288 1.5 -31.2929
      vertex 1.24719 1.5 -31.1666
    endloop
  endfacet
  facet normal -0.803185 0 -0.59573
    outer loop
      vertex 1.24719 1.5 -31.1666
      vertex 1.15952 4 -31.0484
      vertex 1.24719 4 -31.1666
    endloop
  endfacet
  facet normal -0.803185 -0 -0.59573
    outer loop
      vertex 1.15952 4 -31.0484
      vertex 1.24719 1.5 -31.1666
      vertex 1.15952 1.5 -31.0484
    endloop
  endfacet
  facet normal -0.740993 0 -0.671512
    outer loop
      vertex 1.15952 1.5 -31.0484
      vertex 1.06065 4 -30.9393
      vertex 1.15952 4 -31.0484
    endloop
  endfacet
  facet normal -0.740993 -0 -0.671512
    outer loop
      vertex 1.06065 4 -30.9393
      vertex 1.15952 1.5 -31.0484
      vertex 1.06065 1.5 -30.9393
    endloop
  endfacet
  facet normal -0.671366 0 -0.741126
    outer loop
      vertex 0.951584 1.5 -30.8405
      vertex 1.06065 4 -30.9393
      vertex 1.06065 1.5 -30.9393
    endloop
  endfacet
  facet normal -0.671366 0 -0.741126
    outer loop
      vertex 1.06065 4 -30.9393
      vertex 0.951584 1.5 -30.8405
      vertex 0.951584 4 -30.8405
    endloop
  endfacet
  facet normal -0.595731 0 -0.803184
    outer loop
      vertex 0.833344 1.5 -30.7528
      vertex 0.951584 4 -30.8405
      vertex 0.951584 1.5 -30.8405
    endloop
  endfacet
  facet normal -0.595731 0 -0.803184
    outer loop
      vertex 0.951584 4 -30.8405
      vertex 0.833344 1.5 -30.7528
      vertex 0.833344 4 -30.7528
    endloop
  endfacet
  facet normal -0.51424 0 -0.857646
    outer loop
      vertex 0.707092 1.5 -30.6771
      vertex 0.833344 4 -30.7528
      vertex 0.833344 1.5 -30.7528
    endloop
  endfacet
  facet normal -0.51424 0 -0.857646
    outer loop
      vertex 0.833344 4 -30.7528
      vertex 0.707092 1.5 -30.6771
      vertex 0.707092 4 -30.6771
    endloop
  endfacet
  facet normal -0.427342 0 -0.90409
    outer loop
      vertex 0.57402 1.5 -30.6142
      vertex 0.707092 4 -30.6771
      vertex 0.707092 1.5 -30.6771
    endloop
  endfacet
  facet normal -0.427342 0 -0.90409
    outer loop
      vertex 0.707092 4 -30.6771
      vertex 0.57402 1.5 -30.6142
      vertex 0.57402 4 -30.6142
    endloop
  endfacet
  facet normal -0.33695 0 -0.941523
    outer loop
      vertex 0.435425 1.5 -30.5646
      vertex 0.57402 4 -30.6142
      vertex 0.57402 1.5 -30.6142
    endloop
  endfacet
  facet normal -0.33695 0 -0.941523
    outer loop
      vertex 0.57402 4 -30.6142
      vertex 0.435425 1.5 -30.5646
      vertex 0.435425 4 -30.5646
    endloop
  endfacet
  facet normal -0.243188 0 -0.969979
    outer loop
      vertex 0.292633 1.5 -30.5288
      vertex 0.435425 4 -30.5646
      vertex 0.435425 1.5 -30.5646
    endloop
  endfacet
  facet normal -0.243188 0 -0.969979
    outer loop
      vertex 0.435425 4 -30.5646
      vertex 0.292633 1.5 -30.5288
      vertex 0.292633 4 -30.5288
    endloop
  endfacet
  facet normal -0.146731 0 -0.989176
    outer loop
      vertex 0.147018 1.5 -30.5072
      vertex 0.292633 4 -30.5288
      vertex 0.292633 1.5 -30.5288
    endloop
  endfacet
  facet normal -0.146731 0 -0.989176
    outer loop
      vertex 0.292633 4 -30.5288
      vertex 0.147018 1.5 -30.5072
      vertex 0.147018 4 -30.5072
    endloop
  endfacet
  facet normal -0.048915 0 -0.998803
    outer loop
      vertex 0 1.5 -30.5
      vertex 0.147018 4 -30.5072
      vertex 0.147018 1.5 -30.5072
    endloop
  endfacet
  facet normal -0.048915 0 -0.998803
    outer loop
      vertex 0.147018 4 -30.5072
      vertex 0 1.5 -30.5
      vertex 0 4 -30.5
    endloop
  endfacet
  facet normal 0.048915 0 -0.998803
    outer loop
      vertex -0.147018 1.5 -30.5072
      vertex 0 4 -30.5
      vertex 0 1.5 -30.5
    endloop
  endfacet
  facet normal 0.048915 0 -0.998803
    outer loop
      vertex 0 4 -30.5
      vertex -0.147018 1.5 -30.5072
      vertex -0.147018 4 -30.5072
    endloop
  endfacet
  facet normal 0.146731 0 -0.989176
    outer loop
      vertex -0.292633 1.5 -30.5288
      vertex -0.147018 4 -30.5072
      vertex -0.147018 1.5 -30.5072
    endloop
  endfacet
  facet normal 0.146731 0 -0.989176
    outer loop
      vertex -0.147018 4 -30.5072
      vertex -0.292633 1.5 -30.5288
      vertex -0.292633 4 -30.5288
    endloop
  endfacet
  facet normal 0.243188 0 -0.969979
    outer loop
      vertex -0.435425 1.5 -30.5646
      vertex -0.292633 4 -30.5288
      vertex -0.292633 1.5 -30.5288
    endloop
  endfacet
  facet normal 0.243188 0 -0.969979
    outer loop
      vertex -0.292633 4 -30.5288
      vertex -0.435425 1.5 -30.5646
      vertex -0.435425 4 -30.5646
    endloop
  endfacet
  facet normal 0.33695 0 -0.941523
    outer loop
      vertex -0.57402 1.5 -30.6142
      vertex -0.435425 4 -30.5646
      vertex -0.435425 1.5 -30.5646
    endloop
  endfacet
  facet normal 0.33695 0 -0.941523
    outer loop
      vertex -0.435425 4 -30.5646
      vertex -0.57402 1.5 -30.6142
      vertex -0.57402 4 -30.6142
    endloop
  endfacet
  facet normal 0.427342 0 -0.90409
    outer loop
      vertex -0.707092 1.5 -30.6771
      vertex -0.57402 4 -30.6142
      vertex -0.57402 1.5 -30.6142
    endloop
  endfacet
  facet normal 0.427342 0 -0.90409
    outer loop
      vertex -0.57402 4 -30.6142
      vertex -0.707092 1.5 -30.6771
      vertex -0.707092 4 -30.6771
    endloop
  endfacet
  facet normal 0.51424 0 -0.857646
    outer loop
      vertex -0.833344 1.5 -30.7528
      vertex -0.707092 4 -30.6771
      vertex -0.707092 1.5 -30.6771
    endloop
  endfacet
  facet normal 0.51424 0 -0.857646
    outer loop
      vertex -0.707092 4 -30.6771
      vertex -0.833344 1.5 -30.7528
      vertex -0.833344 4 -30.7528
    endloop
  endfacet
  facet normal 0.595731 0 -0.803184
    outer loop
      vertex -0.951584 1.5 -30.8405
      vertex -0.833344 4 -30.7528
      vertex -0.833344 1.5 -30.7528
    endloop
  endfacet
  facet normal 0.595731 0 -0.803184
    outer loop
      vertex -0.833344 4 -30.7528
      vertex -0.951584 1.5 -30.8405
      vertex -0.951584 4 -30.8405
    endloop
  endfacet
  facet normal 0.671366 0 -0.741126
    outer loop
      vertex -1.06065 1.5 -30.9393
      vertex -0.951584 4 -30.8405
      vertex -0.951584 1.5 -30.8405
    endloop
  endfacet
  facet normal 0.671366 0 -0.741126
    outer loop
      vertex -0.951584 4 -30.8405
      vertex -1.06065 1.5 -30.9393
      vertex -1.06065 4 -30.9393
    endloop
  endfacet
  facet normal 0.740993 0 -0.671512
    outer loop
      vertex -1.06065 1.5 -30.9393
      vertex -1.15952 4 -31.0484
      vertex -1.06065 4 -30.9393
    endloop
  endfacet
  facet normal 0.740993 0 -0.671512
    outer loop
      vertex -1.15952 4 -31.0484
      vertex -1.06065 1.5 -30.9393
      vertex -1.15952 1.5 -31.0484
    endloop
  endfacet
  facet normal 0.803185 0 -0.59573
    outer loop
      vertex -1.15952 1.5 -31.0484
      vertex -1.24719 4 -31.1666
      vertex -1.15952 4 -31.0484
    endloop
  endfacet
  facet normal 0.803185 0 -0.59573
    outer loop
      vertex -1.24719 4 -31.1666
      vertex -1.15952 1.5 -31.0484
      vertex -1.24719 1.5 -31.1666
    endloop
  endfacet
  facet normal 0.857762 0 -0.514046
    outer loop
      vertex -1.24719 1.5 -31.1666
      vertex -1.32288 4 -31.2929
      vertex -1.24719 4 -31.1666
    endloop
  endfacet
  facet normal 0.857762 0 -0.514046
    outer loop
      vertex -1.32288 4 -31.2929
      vertex -1.24719 1.5 -31.1666
      vertex -1.32288 1.5 -31.2929
    endloop
  endfacet
  facet normal 0.90402 0 -0.427491
    outer loop
      vertex -1.32288 1.5 -31.2929
      vertex -1.38582 4 -31.426
      vertex -1.32288 4 -31.2929
    endloop
  endfacet
  facet normal 0.90402 0 -0.427491
    outer loop
      vertex -1.38582 4 -31.426
      vertex -1.32288 1.5 -31.2929
      vertex -1.38582 1.5 -31.426
    endloop
  endfacet
  facet normal 0.941548 0 -0.336879
    outer loop
      vertex -1.38582 1.5 -31.426
      vertex -1.43541 4 -31.5646
      vertex -1.38582 4 -31.426
    endloop
  endfacet
  facet normal 0.941548 0 -0.336879
    outer loop
      vertex -1.43541 4 -31.5646
      vertex -1.38582 1.5 -31.426
      vertex -1.43541 1.5 -31.5646
    endloop
  endfacet
  facet normal 0.970031 0 -0.242983
    outer loop
      vertex -1.43541 1.5 -31.5646
      vertex -1.47118 4 -31.7074
      vertex -1.43541 4 -31.5646
    endloop
  endfacet
  facet normal 0.970031 0 -0.242983
    outer loop
      vertex -1.47118 4 -31.7074
      vertex -1.43541 1.5 -31.5646
      vertex -1.47118 1.5 -31.7074
    endloop
  endfacet
  facet normal 0.989184 0 -0.146679
    outer loop
      vertex -1.47118 1.5 -31.7074
      vertex -1.49277 4 -31.853
      vertex -1.47118 4 -31.7074
    endloop
  endfacet
  facet normal 0.989184 0 -0.146679
    outer loop
      vertex -1.49277 4 -31.853
      vertex -1.47118 1.5 -31.7074
      vertex -1.49277 1.5 -31.853
    endloop
  endfacet
  facet normal 0.998793 0 -0.0491243
    outer loop
      vertex -1.49277 1.5 -31.853
      vertex -1.5 4 -32
      vertex -1.49277 4 -31.853
    endloop
  endfacet
  facet normal 0.998793 0 -0.0491243
    outer loop
      vertex -1.5 4 -32
      vertex -1.49277 1.5 -31.853
      vertex -1.5 1.5 -32
    endloop
  endfacet
  facet normal 0.998793 -0 0.0491243
    outer loop
      vertex -1.5 1.5 -32
      vertex -1.49277 4 -32.147
      vertex -1.5 4 -32
    endloop
  endfacet
  facet normal 0.998793 0 0.0491243
    outer loop
      vertex -1.49277 4 -32.147
      vertex -1.5 1.5 -32
      vertex -1.49277 1.5 -32.147
    endloop
  endfacet
  facet normal 0.989184 -0 0.146679
    outer loop
      vertex -1.49277 1.5 -32.147
      vertex -1.47118 4 -32.2926
      vertex -1.49277 4 -32.147
    endloop
  endfacet
  facet normal 0.989184 0 0.146679
    outer loop
      vertex -1.47118 4 -32.2926
      vertex -1.49277 1.5 -32.147
      vertex -1.47118 1.5 -32.2926
    endloop
  endfacet
  facet normal 0.970031 -0 0.242983
    outer loop
      vertex -1.47118 1.5 -32.2926
      vertex -1.43541 4 -32.4354
      vertex -1.47118 4 -32.2926
    endloop
  endfacet
  facet normal 0.970031 0 0.242983
    outer loop
      vertex -1.43541 4 -32.4354
      vertex -1.47118 1.5 -32.2926
      vertex -1.43541 1.5 -32.4354
    endloop
  endfacet
  facet normal 0.941548 -0 0.336879
    outer loop
      vertex -1.43541 1.5 -32.4354
      vertex -1.38582 4 -32.574
      vertex -1.43541 4 -32.4354
    endloop
  endfacet
  facet normal 0.941548 0 0.336879
    outer loop
      vertex -1.38582 4 -32.574
      vertex -1.43541 1.5 -32.4354
      vertex -1.38582 1.5 -32.574
    endloop
  endfacet
  facet normal 0.90402 -0 0.427491
    outer loop
      vertex -1.38582 1.5 -32.574
      vertex -1.32288 4 -32.7071
      vertex -1.38582 4 -32.574
    endloop
  endfacet
  facet normal 0.90402 0 0.427491
    outer loop
      vertex -1.32288 4 -32.7071
      vertex -1.38582 1.5 -32.574
      vertex -1.32288 1.5 -32.7071
    endloop
  endfacet
  facet normal 0.857583 -0 0.514346
    outer loop
      vertex -1.32288 1.5 -32.7071
      vertex -1.24719 4 -32.8333
      vertex -1.32288 4 -32.7071
    endloop
  endfacet
  facet normal 0.857583 0 0.514346
    outer loop
      vertex -1.24719 4 -32.8333
      vertex -1.32288 1.5 -32.7071
      vertex -1.24719 1.5 -32.8333
    endloop
  endfacet
  facet normal 0.803426 -0 0.595405
    outer loop
      vertex -1.24719 1.5 -32.8333
      vertex -1.15952 4 -32.9516
      vertex -1.24719 4 -32.8333
    endloop
  endfacet
  facet normal 0.803426 0 0.595405
    outer loop
      vertex -1.15952 4 -32.9516
      vertex -1.24719 1.5 -32.8333
      vertex -1.15952 1.5 -32.9516
    endloop
  endfacet
  facet normal 0.740993 -0 0.671512
    outer loop
      vertex -1.15952 1.5 -32.9516
      vertex -1.06065 4 -33.0607
      vertex -1.15952 4 -32.9516
    endloop
  endfacet
  facet normal 0.740993 0 0.671512
    outer loop
      vertex -1.06065 4 -33.0607
      vertex -1.15952 1.5 -32.9516
      vertex -1.06065 1.5 -33.0607
    endloop
  endfacet
  facet normal 0.671366 0 0.741126
    outer loop
      vertex -1.06065 4 -33.0607
      vertex -0.951584 1.5 -33.1595
      vertex -0.951584 4 -33.1595
    endloop
  endfacet
  facet normal 0.671366 0 0.741126
    outer loop
      vertex -0.951584 1.5 -33.1595
      vertex -1.06065 4 -33.0607
      vertex -1.06065 1.5 -33.0607
    endloop
  endfacet
  facet normal 0.595731 0 0.803184
    outer loop
      vertex -0.951584 4 -33.1595
      vertex -0.833344 1.5 -33.2472
      vertex -0.833344 4 -33.2472
    endloop
  endfacet
  facet normal 0.595731 0 0.803184
    outer loop
      vertex -0.833344 1.5 -33.2472
      vertex -0.951584 4 -33.1595
      vertex -0.951584 1.5 -33.1595
    endloop
  endfacet
  facet normal 0.51424 0 0.857646
    outer loop
      vertex -0.833344 4 -33.2472
      vertex -0.707092 1.5 -33.3229
      vertex -0.707092 4 -33.3229
    endloop
  endfacet
  facet normal 0.51424 0 0.857646
    outer loop
      vertex -0.707092 1.5 -33.3229
      vertex -0.833344 4 -33.2472
      vertex -0.833344 1.5 -33.2472
    endloop
  endfacet
  facet normal 0.427342 0 0.90409
    outer loop
      vertex -0.707092 4 -33.3229
      vertex -0.57402 1.5 -33.3858
      vertex -0.57402 4 -33.3858
    endloop
  endfacet
  facet normal 0.427342 0 0.90409
    outer loop
      vertex -0.57402 1.5 -33.3858
      vertex -0.707092 4 -33.3229
      vertex -0.707092 1.5 -33.3229
    endloop
  endfacet
  facet normal 0.33695 0 0.941523
    outer loop
      vertex -0.57402 4 -33.3858
      vertex -0.435425 1.5 -33.4354
      vertex -0.435425 4 -33.4354
    endloop
  endfacet
  facet normal 0.33695 0 0.941523
    outer loop
      vertex -0.435425 1.5 -33.4354
      vertex -0.57402 4 -33.3858
      vertex -0.57402 1.5 -33.3858
    endloop
  endfacet
  facet normal 0.243188 0 0.969979
    outer loop
      vertex -0.435425 4 -33.4354
      vertex -0.292633 1.5 -33.4712
      vertex -0.292633 4 -33.4712
    endloop
  endfacet
  facet normal 0.243188 0 0.969979
    outer loop
      vertex -0.292633 1.5 -33.4712
      vertex -0.435425 4 -33.4354
      vertex -0.435425 1.5 -33.4354
    endloop
  endfacet
  facet normal 0.146731 0 0.989176
    outer loop
      vertex -0.292633 4 -33.4712
      vertex -0.147018 1.5 -33.4928
      vertex -0.147018 4 -33.4928
    endloop
  endfacet
  facet normal 0.146731 0 0.989176
    outer loop
      vertex -0.147018 1.5 -33.4928
      vertex -0.292633 4 -33.4712
      vertex -0.292633 1.5 -33.4712
    endloop
  endfacet
  facet normal 0.048915 0 0.998803
    outer loop
      vertex -0.147018 4 -33.4928
      vertex 0 1.5 -33.5
      vertex 0 4 -33.5
    endloop
  endfacet
  facet normal 0.048915 0 0.998803
    outer loop
      vertex 0 1.5 -33.5
      vertex -0.147018 4 -33.4928
      vertex -0.147018 1.5 -33.4928
    endloop
  endfacet
  facet normal -0.048915 0 0.998803
    outer loop
      vertex 0 4 -33.5
      vertex 0.147018 1.5 -33.4928
      vertex 0.147018 4 -33.4928
    endloop
  endfacet
  facet normal -0.048915 0 0.998803
    outer loop
      vertex 0.147018 1.5 -33.4928
      vertex 0 4 -33.5
      vertex 0 1.5 -33.5
    endloop
  endfacet
  facet normal 0 -1 0
    outer loop
      vertex 29.3259 -10 -11.9256
      vertex 45.4078 -10 -3.39499
      vertex 7.64999 -10 -3.39499
    endloop
  endfacet
  facet normal 0 -1 0
    outer loop
      vertex 6.19444 -10 -6.86099
      vertex 7.64999 -10 -3.39499
      vertex 7.40495 -10 -3.40703
    endloop
  endfacet
  facet normal -0 -1 0
    outer loop
      vertex 30.7384 -10 -11.8701
      vertex 45.4078 -10 -3.39499
      vertex 29.3259 -10 -11.9256
    endloop
  endfacet
  facet normal 0 -1 0
    outer loop
      vertex 6.19444 -10 -6.86099
      vertex 7.40495 -10 -3.40703
      vertex 7.16226 -10 -3.44302
    endloop
  endfacet
  facet normal 0 -1 0
    outer loop
      vertex 38.0907 -10 -11.8701
      vertex 45.4078 -10 -3.39499
      vertex 30.7384 -10 -11.8701
    endloop
  endfacet
  facet normal 0 -1 0
    outer loop
      vertex 5.75893 -10 -6.27376
      vertex 7.16226 -10 -3.44302
      vertex 6.92429 -10 -3.50264
    endloop
  endfacet
  facet normal -0 -1 0
    outer loop
      vertex 38.1888 -10 -11.8682
      vertex 45.4078 -10 -3.39499
      vertex 38.0907 -10 -11.8701
    endloop
  endfacet
  facet normal 0 -1 0
    outer loop
      vertex 5.75893 -10 -6.27376
      vertex 6.92429 -10 -3.50264
      vertex 6.69328 -10 -3.5853
    endloop
  endfacet
  facet normal -0 -1 0
    outer loop
      vertex 38.9724 -10 -11.8374
      vertex 45.4078 -10 -3.39499
      vertex 38.1888 -10 -11.8682
    endloop
  endfacet
  facet normal 0 -1 0
    outer loop
      vertex 5.75893 -10 -6.27376
      vertex 6.69328 -10 -3.5853
      vertex 6.4715 -10 -3.69019
    endloop
  endfacet
  facet normal -0 -1 0
    outer loop
      vertex 39.168 -10 -11.822
      vertex 45.4078 -10 -3.39499
      vertex 38.9724 -10 -11.8374
    endloop
  endfacet
  facet normal 0 -1 0
    outer loop
      vertex 5.75893 -10 -6.27376
      vertex 6.4715 -10 -3.69019
      vertex 6.26106 -10 -3.81631
    endloop
  endfacet
  facet normal -0 -1 0
    outer loop
      vertex 39.8974 -10 -11.7357
      vertex 45.4078 -10 -3.39499
      vertex 39.168 -10 -11.822
    endloop
  endfacet
  facet normal 0 -1 0
    outer loop
      vertex 5.75893 -10 -6.27376
      vertex 6.26106 -10 -3.81631
      vertex 6.06401 -10 -3.96246
    endloop
  endfacet
  facet normal -0 -1 0
    outer loop
      vertex 40.0914 -10 -11.705
      vertex 45.4078 -10 -3.39499
      vertex 39.8974 -10 -11.7357
    endloop
  endfacet
  facet normal 0 -1 0
    outer loop
      vertex 5.75893 -10 -6.27376
      vertex 6.06401 -10 -3.96246
      vertex 5.88223 -10 -4.12723
    endloop
  endfacet
  facet normal -0 -1 0
    outer loop
      vertex 40.8122 -10 -11.5616
      vertex 45.4078 -10 -3.39499
      vertex 40.0914 -10 -11.705
    endloop
  endfacet
  facet normal 0 -1 0
    outer loop
      vertex 5.75893 -10 -6.27376
      vertex 5.88223 -10 -4.12723
      vertex 5.71747 -10 -4.30901
    endloop
  endfacet
  facet normal -0 -1 0
    outer loop
      vertex 41.0031 -10 -11.5157
      vertex 45.4078 -10 -3.39499
      vertex 40.8122 -10 -11.5616
    endloop
  endfacet
  facet normal 0 -1 0
    outer loop
      vertex 5.75893 -10 -6.27376
      vertex 5.71747 -10 -4.30901
      vertex 5.57132 -10 -4.50606
    endloop
  endfacet
  facet normal -0 -1 0
    outer loop
      vertex 41.7104 -10 -11.3163
      vertex 45.4078 -10 -3.39499
      vertex 41.0031 -10 -11.5157
    endloop
  endfacet
  facet normal 0 -1 0
    outer loop
      vertex 5.75893 -10 -6.27376
      vertex 5.57132 -10 -4.50606
      vertex 5.44519 -10 -4.71649
    endloop
  endfacet
  facet normal -0 -1 0
    outer loop
      vertex 41.8971 -10 -11.2556
      vertex 45.4078 -10 -3.39499
      vertex 41.7104 -10 -11.3163
    endloop
  endfacet
  facet normal 0 -1 0
    outer loop
      vertex 5.75893 -10 -6.27376
      vertex 5.44519 -10 -4.71649
      vertex 5.3403 -10 -4.93828
    endloop
  endfacet
  facet normal -0 -1 0
    outer loop
      vertex 42.5863 -10 -11.0014
      vertex 45.4078 -10 -3.39499
      vertex 41.8971 -10 -11.2556
    endloop
  endfacet
  facet normal 0 -1 0
    outer loop
      vertex 5.75893 -10 -6.27376
      vertex 5.3403 -10 -4.93828
      vertex 5.25764 -10 -5.16928
    endloop
  endfacet
  facet normal -0 -1 0
    outer loop
      vertex 42.7677 -10 -10.9262
      vertex 45.4078 -10 -3.39499
      vertex 42.5863 -10 -11.0014
    endloop
  endfacet
  facet normal 0 -1 0
    outer loop
      vertex 5.26794 -10 -5.73204
      vertex 5.25764 -10 -5.16928
      vertex 5.19803 -10 -5.40726
    endloop
  endfacet
  facet normal -0 -1 0
    outer loop
      vertex 43.435 -10 -10.6186
      vertex 45.4078 -10 -3.39499
      vertex 42.7677 -10 -10.9262
    endloop
  endfacet
  facet normal 0 -1 0
    outer loop
      vertex 5.26794 -10 -5.73204
      vertex 5.19803 -10 -5.40726
      vertex 5.16385 -10 -5.6377
    endloop
  endfacet
  facet normal 0 -1 0
    outer loop
      vertex 5.25764 -10 -5.16928
      vertex 5.26794 -10 -5.73204
      vertex 5.75893 -10 -6.27376
    endloop
  endfacet
  facet normal -0 -1 0
    outer loop
      vertex 43.6099 -10 -10.5295
      vertex 45.4078 -10 -3.39499
      vertex 43.435 -10 -10.6186
    endloop
  endfacet
  facet normal -0 -1 0
    outer loop
      vertex 44.251 -10 -10.1704
      vertex 45.4078 -10 -3.39499
      vertex 43.6099 -10 -10.5295
    endloop
  endfacet
  facet normal 0 -1 0
    outer loop
      vertex 7.16226 -10 -3.44302
      vertex 5.75893 -10 -6.27376
      vertex 6.19444 -10 -6.86099
    endloop
  endfacet
  facet normal -0 -1 0
    outer loop
      vertex 45.0294 -10 -9.65961
      vertex 45.4078 -10 -3.39499
      vertex 44.4185 -10 -10.0678
    endloop
  endfacet
  facet normal -0 -1 0
    outer loop
      vertex 45.1882 -10 -9.54425
      vertex 45.4078 -10 -3.39499
      vertex 45.0294 -10 -9.65961
    endloop
  endfacet
  facet normal -0 -1 0
    outer loop
      vertex 45.7653 -10 -9.08928
      vertex 45.4078 -10 -3.39499
      vertex 45.1882 -10 -9.54425
    endloop
  endfacet
  facet normal 0 -1 0
    outer loop
      vertex 7.64999 -10 -3.39499
      vertex 6.19444 -10 -6.86099
      vertex 6.57031 -10 -7.48808
    endloop
  endfacet
  facet normal -0 -1 0
    outer loop
      vertex 46.5929 -10 -8.32422
      vertex 45.4078 -10 -3.39499
      vertex 46.4541 -10 -8.46306
    endloop
  endfacet
  facet normal -0 -1 0
    outer loop
      vertex 47.2191 -10 -7.6355
      vertex 45.4078 -10 -3.39499
      vertex 47.0917 -10 -7.78464
    endloop
  endfacet
  facet normal 0 -1 0
    outer loop
      vertex 45.4078 -10 -3.39499
      vertex 47.371 -10 -7.44281
      vertex 45.604 -10 -3.40271
    endloop
  endfacet
  facet normal 0 -1 0
    outer loop
      vertex 7.64999 -10 -3.39499
      vertex 6.57031 -10 -7.48808
      vertex 6.88289 -10 -8.149
    endloop
  endfacet
  facet normal 0 -1 0
    outer loop
      vertex 46.0865 -10 -3.48888
      vertex 47.371 -10 -7.44281
      vertex 46.319 -10 -3.56699
    endloop
  endfacet
  facet normal 0 -1 0
    outer loop
      vertex 47.1406 -10 -4.09293
      vertex 47.371 -10 -7.44281
      vertex 47.3089 -10 -4.27145
    endloop
  endfacet
  facet normal 0 -1 0
    outer loop
      vertex 7.64999 -10 -3.39499
      vertex 6.88289 -10 -8.149
      vertex 7.1292 -10 -8.83737
    endloop
  endfacet
  facet normal 0 -1 -0
    outer loop
      vertex 47.7854 -10 -5.12254
      vertex 47.371 -10 -7.44281
      vertex 47.8497 -10 -5.35933
    endloop
  endfacet
  facet normal 0 -1 0
    outer loop
      vertex 47.9001 -10 -6.09125
      vertex 47.371 -10 -7.44281
      vertex 47.8688 -10 -6.33458
    endloop
  endfacet
  facet normal 0 -1 -0
    outer loop
      vertex 7.64999 -10 -3.39499
      vertex 7.1292 -10 -8.83737
      vertex 21.3332 -10 -14.5227
    endloop
  endfacet
  facet normal 0 -1 0
    outer loop
      vertex 47.8139 -10 -6.5737
      vertex 47.371 -10 -7.44281
      vertex 47.7358 -10 -6.80626
    endloop
  endfacet
  facet normal 0 -1 0
    outer loop
      vertex 47.7358 -10 -6.80626
      vertex 47.371 -10 -7.44281
      vertex 47.6352 -10 -7.03006
    endloop
  endfacet
  facet normal 0 -1 0
    outer loop
      vertex 47.6352 -10 -7.03006
      vertex 47.371 -10 -7.44281
      vertex 47.5133 -10 -7.24292
    endloop
  endfacet
  facet normal 0 -1 0
    outer loop
      vertex 21.3332 -10 -14.5227
      vertex 7.1292 -10 -8.83737
      vertex 7.30684 -10 -9.54657
    endloop
  endfacet
  facet normal 0 -1 0
    outer loop
      vertex 47.8688 -10 -6.33458
      vertex 47.371 -10 -7.44281
      vertex 47.8139 -10 -6.5737
    endloop
  endfacet
  facet normal 0 -1 -0
    outer loop
      vertex 47.8905 -10 -5.60126
      vertex 47.371 -10 -7.44281
      vertex 47.9073 -10 -5.84601
    endloop
  endfacet
  facet normal 0 -1 -0
    outer loop
      vertex 47.8497 -10 -5.35933
      vertex 47.371 -10 -7.44281
      vertex 47.8905 -10 -5.60126
    endloop
  endfacet
  facet normal 0 -1 0
    outer loop
      vertex 20.1582 -10 -15.3078
      vertex 7.30684 -10 -9.54657
      vertex 7.41412 -10 -10.2698
    endloop
  endfacet
  facet normal 0 -1 -0
    outer loop
      vertex 47.6983 -10 -4.89322
      vertex 47.371 -10 -7.44281
      vertex 47.7854 -10 -5.12254
    endloop
  endfacet
  facet normal 0 -1 -0
    outer loop
      vertex 47.5891 -10 -4.67352
      vertex 47.371 -10 -7.44281
      vertex 47.6983 -10 -4.89322
    endloop
  endfacet
  facet normal 0 -1 -0
    outer loop
      vertex 47.4588 -10 -4.46561
      vertex 47.371 -10 -7.44281
      vertex 47.5891 -10 -4.67352
    endloop
  endfacet
  facet normal 0 -1 0
    outer loop
      vertex 19.0482 -10 -16.1828
      vertex 7.41412 -10 -10.2698
      vertex 7.45 -10 -11
    endloop
  endfacet
  facet normal 0 -1 0
    outer loop
      vertex 47.3089 -10 -4.27145
      vertex 47.371 -10 -7.44281
      vertex 47.4588 -10 -4.46561
    endloop
  endfacet
  facet normal 0 -1 0
    outer loop
      vertex 46.9556 -10 -3.93176
      vertex 47.371 -10 -7.44281
      vertex 47.1406 -10 -4.09293
    endloop
  endfacet
  facet normal 0 -1 0
    outer loop
      vertex 46.7557 -10 -3.78951
      vertex 47.371 -10 -7.44281
      vertex 46.9556 -10 -3.93176
    endloop
  endfacet
  facet normal 0 -1 0
    outer loop
      vertex 46.5428 -10 -3.66753
      vertex 47.371 -10 -7.44281
      vertex 46.7557 -10 -3.78951
    endloop
  endfacet
  facet normal 0 -1 0
    outer loop
      vertex 46.319 -10 -3.56699
      vertex 47.371 -10 -7.44281
      vertex 46.5428 -10 -3.66753
    endloop
  endfacet
  facet normal 0 -1 0
    outer loop
      vertex 45.8474 -10 -3.43394
      vertex 47.371 -10 -7.44281
      vertex 46.0865 -10 -3.48888
    endloop
  endfacet
  facet normal 0 -1 0
    outer loop
      vertex 19.0482 -10 -16.1828
      vertex 7.45 -10 -11
      vertex 7.41412 -10 -11.7302
    endloop
  endfacet
  facet normal 0 -1 0
    outer loop
      vertex 45.604 -10 -3.40271
      vertex 47.371 -10 -7.44281
      vertex 45.8474 -10 -3.43394
    endloop
  endfacet
  facet normal -0 -1 0
    outer loop
      vertex 47.371 -10 -7.44281
      vertex 45.4078 -10 -3.39499
      vertex 47.2191 -10 -7.6355
    endloop
  endfacet
  facet normal -0 -1 0
    outer loop
      vertex 47.0917 -10 -7.78464
      vertex 45.4078 -10 -3.39499
      vertex 46.5929 -10 -8.32422
    endloop
  endfacet
  facet normal -0 -1 0
    outer loop
      vertex 46.4541 -10 -8.46306
      vertex 45.4078 -10 -3.39499
      vertex 45.9146 -10 -8.96178
    endloop
  endfacet
  facet normal -0 -1 0
    outer loop
      vertex 45.9146 -10 -8.96178
      vertex 45.4078 -10 -3.39499
      vertex 45.7653 -10 -9.08928
    endloop
  endfacet
  facet normal 0 -1 0
    outer loop
      vertex 47.9073 -10 -5.84601
      vertex 47.371 -10 -7.44281
      vertex 47.9001 -10 -6.09125
    endloop
  endfacet
  facet normal 0 -1 0
    outer loop
      vertex 7.64999 -10 -3.39499
      vertex 27.9226 -10 -12.0917
      vertex 29.3259 -10 -11.9256
    endloop
  endfacet
  facet normal 0 -1 0
    outer loop
      vertex 7.64999 -10 -3.39499
      vertex 26.5362 -10 -12.3675
      vertex 27.9226 -10 -12.0917
    endloop
  endfacet
  facet normal 0 -1 0
    outer loop
      vertex 18.0103 -10 -17.1422
      vertex 7.41412 -10 -11.7302
      vertex 7.30684 -10 -12.4534
    endloop
  endfacet
  facet normal 0 -1 0
    outer loop
      vertex 7.64999 -10 -3.39499
      vertex 25.176 -10 -12.7511
      vertex 26.5362 -10 -12.3675
    endloop
  endfacet
  facet normal 0 -1 0
    outer loop
      vertex 17.051 -10 -18.18
      vertex 7.30684 -10 -12.4534
      vertex 7.1292 -10 -13.1626
    endloop
  endfacet
  facet normal 0 -1 0
    outer loop
      vertex 7.64999 -10 -3.39499
      vertex 23.8499 -10 -13.2403
      vertex 25.176 -10 -12.7511
    endloop
  endfacet
  facet normal 0 -1 0
    outer loop
      vertex 7.64999 -10 -3.39499
      vertex 22.5666 -10 -13.832
      vertex 23.8499 -10 -13.2403
    endloop
  endfacet
  facet normal 0 -1 0
    outer loop
      vertex 16.176 -10 -19.29
      vertex 7.1292 -10 -13.1626
      vertex 6.88289 -10 -13.851
    endloop
  endfacet
  facet normal 0 -1 0
    outer loop
      vertex 16.176 -10 -19.29
      vertex 6.88289 -10 -13.851
      vertex 6.57031 -10 -14.5119
    endloop
  endfacet
  facet normal 0 -1 0
    outer loop
      vertex 7.64999 -10 -3.39499
      vertex 21.3332 -10 -14.5227
      vertex 22.5666 -10 -13.832
    endloop
  endfacet
  facet normal 0 -1 0
    outer loop
      vertex 15.3908 -10 -20.4651
      vertex 6.57031 -10 -14.5119
      vertex 6.19444 -10 -15.139
    endloop
  endfacet
  facet normal 0 -1 0
    outer loop
      vertex 7.30684 -10 -9.54657
      vertex 20.1582 -10 -15.3078
      vertex 21.3332 -10 -14.5227
    endloop
  endfacet
  facet normal 0 -1 0
    outer loop
      vertex 14.7001 -10 -21.6984
      vertex 6.19444 -10 -15.139
      vertex 5.75893 -10 -15.7262
    endloop
  endfacet
  facet normal 0 -1 0
    outer loop
      vertex 7.41412 -10 -10.2698
      vertex 19.0482 -10 -16.1828
      vertex 20.1582 -10 -15.3078
    endloop
  endfacet
  facet normal 0 -1 0
    outer loop
      vertex 14.7001 -10 -21.6984
      vertex 5.75893 -10 -15.7262
      vertex 5.26794 -10 -16.2679
    endloop
  endfacet
  facet normal 0 -1 0
    outer loop
      vertex 14.1085 -10 -22.9817
      vertex 5.26794 -10 -16.2679
      vertex 5.14999 -10 -16.3748
    endloop
  endfacet
  facet normal 0 -1 0
    outer loop
      vertex 7.41412 -10 -11.7302
      vertex 18.0103 -10 -17.1422
      vertex 19.0482 -10 -16.1828
    endloop
  endfacet
  facet normal 0 -1 0
    outer loop
      vertex 7.30684 -10 -12.4534
      vertex 17.051 -10 -18.18
      vertex 18.0103 -10 -17.1422
    endloop
  endfacet
  facet normal 0 -1 0
    outer loop
      vertex 7.1292 -10 -13.1626
      vertex 16.176 -10 -19.29
      vertex 17.051 -10 -18.18
    endloop
  endfacet
  facet normal 0 -1 0
    outer loop
      vertex 6.57031 -10 -14.5119
      vertex 15.3908 -10 -20.4651
      vertex 16.176 -10 -19.29
    endloop
  endfacet
  facet normal 0 -1 0
    outer loop
      vertex 6.19444 -10 -15.139
      vertex 14.7001 -10 -21.6984
      vertex 15.3908 -10 -20.4651
    endloop
  endfacet
  facet normal 0 -1 0
    outer loop
      vertex 5.26794 -10 -16.2679
      vertex 14.1085 -10 -22.9817
      vertex 14.7001 -10 -21.6984
    endloop
  endfacet
  facet normal 0 -1 0
    outer loop
      vertex 5.14999 -10 -16.3748
      vertex 13.6192 -10 -24.3079
      vertex 14.1085 -10 -22.9817
    endloop
  endfacet
  facet normal 0 -1 0
    outer loop
      vertex 5.14999 -10 -16.3748
      vertex 13.2356 -10 -25.668
      vertex 13.6192 -10 -24.3079
    endloop
  endfacet
  facet normal 0 -1 0
    outer loop
      vertex 5.14999 -10 -16.3748
      vertex 12.9599 -10 -27.0544
      vertex 13.2356 -10 -25.668
    endloop
  endfacet
  facet normal 0 -1 0
    outer loop
      vertex 5.14999 -10 -16.3748
      vertex 12.7938 -10 -28.4577
      vertex 12.9599 -10 -27.0544
    endloop
  endfacet
  facet normal 0 -1 0
    outer loop
      vertex 5.14999 -10 -16.3748
      vertex 12.7383 -10 -29.8702
      vertex 12.7938 -10 -28.4577
    endloop
  endfacet
  facet normal 0 -1 0
    outer loop
      vertex 5.14999 -10 -44.5899
      vertex 12.7383 -10 -29.8702
      vertex 5.14999 -10 -16.3748
    endloop
  endfacet
  facet normal 0 -1 -0
    outer loop
      vertex 12.7383 -10 -29.8702
      vertex 5.14999 -10 -44.5899
      vertex 12.7383 -10 -38.0906
    endloop
  endfacet
  facet normal 0 -1 0
    outer loop
      vertex 12.7383 -10 -38.0906
      vertex 5.14999 -10 -44.5899
      vertex 12.7364 -10 -38.1888
    endloop
  endfacet
  facet normal 0 -1 0
    outer loop
      vertex 12.7364 -10 -38.1888
      vertex 5.14999 -10 -44.5899
      vertex 12.7056 -10 -38.9725
    endloop
  endfacet
  facet normal 0 -1 0
    outer loop
      vertex 12.7056 -10 -38.9725
      vertex 5.14999 -10 -44.5899
      vertex 12.6902 -10 -39.1681
    endloop
  endfacet
  facet normal 0 -1 0
    outer loop
      vertex 12.6902 -10 -39.1681
      vertex 5.14999 -10 -44.5899
      vertex 12.6038 -10 -39.8976
    endloop
  endfacet
  facet normal 0 -1 0
    outer loop
      vertex 12.6038 -10 -39.8976
      vertex 5.14999 -10 -44.5899
      vertex 12.5731 -10 -40.0915
    endloop
  endfacet
  facet normal 0 -1 0
    outer loop
      vertex 12.5731 -10 -40.0915
      vertex 5.14999 -10 -44.5899
      vertex 12.4298 -10 -40.8122
    endloop
  endfacet
  facet normal 0 -1 0
    outer loop
      vertex 12.4298 -10 -40.8122
      vertex 5.14999 -10 -44.5899
      vertex 12.3839 -10 -41.0031
    endloop
  endfacet
  facet normal 0 -1 0
    outer loop
      vertex 12.3839 -10 -41.0031
      vertex 5.14999 -10 -44.5899
      vertex 12.1844 -10 -41.7104
    endloop
  endfacet
  facet normal 0 -1 0
    outer loop
      vertex 12.1844 -10 -41.7104
      vertex 5.14999 -10 -44.5899
      vertex 12.1238 -10 -41.8969
    endloop
  endfacet
  facet normal 0 -1 0
    outer loop
      vertex 12.1238 -10 -41.8969
      vertex 5.14999 -10 -44.5899
      vertex 11.8695 -10 -42.5863
    endloop
  endfacet
  facet normal 0 -1 0
    outer loop
      vertex 11.8695 -10 -42.5863
      vertex 5.14999 -10 -44.5899
      vertex 11.7944 -10 -42.7677
    endloop
  endfacet
  facet normal 0 -1 0
    outer loop
      vertex 11.7944 -10 -42.7677
      vertex 5.14999 -10 -44.5899
      vertex 11.4867 -10 -43.435
    endloop
  endfacet
  facet normal 0 -1 0
    outer loop
      vertex 11.4867 -10 -43.435
      vertex 5.14999 -10 -44.5899
      vertex 11.3976 -10 -43.6099
    endloop
  endfacet
  facet normal 0 -1 0
    outer loop
      vertex 11.3976 -10 -43.6099
      vertex 5.14999 -10 -44.5899
      vertex 11.0386 -10 -44.2511
    endloop
  endfacet
  facet normal 0 -1 0
    outer loop
      vertex 11.0386 -10 -44.2511
      vertex 5.14999 -10 -44.5899
      vertex 10.936 -10 -44.4185
    endloop
  endfacet
  facet normal 0 -1 0
    outer loop
      vertex 9.48581 -10 -46.2869
      vertex 5.14999 -10 -44.5899
      vertex 5.16203 -10 -44.8349
    endloop
  endfacet
  facet normal 0 -1 0
    outer loop
      vertex 5.14999 -10 -44.5899
      vertex 10.5278 -10 -45.0294
      vertex 10.936 -10 -44.4185
    endloop
  endfacet
  facet normal 0 -1 0
    outer loop
      vertex 9.48581 -10 -46.2869
      vertex 5.16203 -10 -44.8349
      vertex 5.19803 -10 -45.0776
    endloop
  endfacet
  facet normal 0 -1 0
    outer loop
      vertex 5.14999 -10 -44.5899
      vertex 10.4124 -10 -45.1882
      vertex 10.5278 -10 -45.0294
    endloop
  endfacet
  facet normal 0 -1 0
    outer loop
      vertex 9.48581 -10 -46.2869
      vertex 5.19803 -10 -45.0776
      vertex 5.25764 -10 -45.3156
    endloop
  endfacet
  facet normal 0 -1 0
    outer loop
      vertex 9.48581 -10 -46.2869
      vertex 5.25764 -10 -45.3156
      vertex 5.3403 -10 -45.5466
    endloop
  endfacet
  facet normal 0 -1 0
    outer loop
      vertex 5.14999 -10 -44.5899
      vertex 9.95743 -10 -45.7653
      vertex 10.4124 -10 -45.1882
    endloop
  endfacet
  facet normal 0 -1 0
    outer loop
      vertex 9.48581 -10 -46.2869
      vertex 5.3403 -10 -45.5466
      vertex 5.44519 -10 -45.7684
    endloop
  endfacet
  facet normal 0 -1 0
    outer loop
      vertex 5.14999 -10 -44.5899
      vertex 9.82994 -10 -45.9146
      vertex 9.95743 -10 -45.7653
    endloop
  endfacet
  facet normal 0 -1 0
    outer loop
      vertex 9.48581 -10 -46.2869
      vertex 5.44519 -10 -45.7684
      vertex 5.57132 -10 -45.9788
    endloop
  endfacet
  facet normal 0 -1 0
    outer loop
      vertex 9.48581 -10 -46.2869
      vertex 5.57132 -10 -45.9788
      vertex 5.71747 -10 -46.1759
    endloop
  endfacet
  facet normal 0 -1 0
    outer loop
      vertex 5.14999 -10 -44.5899
      vertex 9.48581 -10 -46.2869
      vertex 9.82994 -10 -45.9146
    endloop
  endfacet
  facet normal 0 -1 0
    outer loop
      vertex 5.88223 -10 -46.3576
      vertex 9.48581 -10 -46.2869
      vertex 5.71747 -10 -46.1759
    endloop
  endfacet
  facet normal 0 -1 0
    outer loop
      vertex 6.06401 -10 -46.5224
      vertex 9.48581 -10 -46.2869
      vertex 5.88223 -10 -46.3576
    endloop
  endfacet
  facet normal 0 -1 0
    outer loop
      vertex 6.06401 -10 -46.5224
      vertex 9.23598 -10 -46.5224
      vertex 9.48581 -10 -46.2869
    endloop
  endfacet
  facet normal 0 -1 0
    outer loop
      vertex 6.26106 -10 -46.6685
      vertex 9.23598 -10 -46.5224
      vertex 6.06401 -10 -46.5224
    endloop
  endfacet
  facet normal 0 -1 0
    outer loop
      vertex 6.26106 -10 -46.6685
      vertex 9.03893 -10 -46.6685
      vertex 9.23598 -10 -46.5224
    endloop
  endfacet
  facet normal 0 -1 0
    outer loop
      vertex 6.4715 -10 -46.7947
      vertex 9.03893 -10 -46.6685
      vertex 6.26106 -10 -46.6685
    endloop
  endfacet
  facet normal 0 -1 0
    outer loop
      vertex 6.4715 -10 -46.7947
      vertex 8.82849 -10 -46.7947
      vertex 9.03893 -10 -46.6685
    endloop
  endfacet
  facet normal 0 -1 0
    outer loop
      vertex 6.69328 -10 -46.8996
      vertex 8.82849 -10 -46.7947
      vertex 6.4715 -10 -46.7947
    endloop
  endfacet
  facet normal 0 -1 0
    outer loop
      vertex 6.69328 -10 -46.8996
      vertex 8.6067 -10 -46.8996
      vertex 8.82849 -10 -46.7947
    endloop
  endfacet
  facet normal 0 -1 0
    outer loop
      vertex 6.92429 -10 -46.9822
      vertex 8.6067 -10 -46.8996
      vertex 6.69328 -10 -46.8996
    endloop
  endfacet
  facet normal 0 -1 0
    outer loop
      vertex 6.92429 -10 -46.9822
      vertex 8.3757 -10 -46.9822
      vertex 8.6067 -10 -46.8996
    endloop
  endfacet
  facet normal 0 -1 0
    outer loop
      vertex 7.16226 -10 -47.0418
      vertex 8.3757 -10 -46.9822
      vertex 6.92429 -10 -46.9822
    endloop
  endfacet
  facet normal 0 -1 0
    outer loop
      vertex 7.16226 -10 -47.0418
      vertex 8.13773 -10 -47.0418
      vertex 8.3757 -10 -46.9822
    endloop
  endfacet
  facet normal 0 -1 0
    outer loop
      vertex 7.40495 -10 -47.0778
      vertex 8.13773 -10 -47.0418
      vertex 7.16226 -10 -47.0418
    endloop
  endfacet
  facet normal 0 -1 0
    outer loop
      vertex 7.40495 -10 -47.0778
      vertex 7.89503 -10 -47.0778
      vertex 8.13773 -10 -47.0418
    endloop
  endfacet
  facet normal -0 -1 0
    outer loop
      vertex 7.89503 -10 -47.0778
      vertex 7.40495 -10 -47.0778
      vertex 7.64999 -10 -47.0899
    endloop
  endfacet
  facet normal -0 -1 0
    outer loop
      vertex 44.4185 -10 -10.0678
      vertex 45.4078 -10 -3.39499
      vertex 44.251 -10 -10.1704
    endloop
  endfacet
  facet normal 0.146726 0 -0.989177
    outer loop
      vertex 7.89503 -10 -47.0778
      vertex 8.13773 0 -47.0418
      vertex 8.13773 -10 -47.0418
    endloop
  endfacet
  facet normal 0.146726 0 -0.989177
    outer loop
      vertex 8.13773 0 -47.0418
      vertex 7.89503 -10 -47.0778
      vertex 7.89503 0 -47.0778
    endloop
  endfacet
  facet normal 0.242948 0 -0.970039
    outer loop
      vertex 8.13773 -10 -47.0418
      vertex 8.3757 0 -46.9822
      vertex 8.3757 -10 -46.9822
    endloop
  endfacet
  facet normal 0.242948 0 -0.970039
    outer loop
      vertex 8.3757 0 -46.9822
      vertex 8.13773 -10 -47.0418
      vertex 8.13773 0 -47.0418
    endloop
  endfacet
  facet normal 0.336698 0 -0.941613
    outer loop
      vertex 8.3757 -10 -46.9822
      vertex 8.6067 0 -46.8996
      vertex 8.6067 -10 -46.8996
    endloop
  endfacet
  facet normal 0.336698 0 -0.941613
    outer loop
      vertex 8.6067 0 -46.8996
      vertex 8.3757 -10 -46.9822
      vertex 8.3757 0 -46.9822
    endloop
  endfacet
  facet normal 0.427559 0 -0.903987
    outer loop
      vertex 8.6067 -10 -46.8996
      vertex 8.82849 0 -46.7947
      vertex 8.82849 -10 -46.7947
    endloop
  endfacet
  facet normal 0.427559 0 -0.903987
    outer loop
      vertex 8.82849 0 -46.7947
      vertex 8.6067 -10 -46.8996
      vertex 8.6067 0 -46.8996
    endloop
  endfacet
  facet normal 0.514304 0 -0.857608
    outer loop
      vertex 8.82849 -10 -46.7947
      vertex 9.03893 0 -46.6685
      vertex 9.03893 -10 -46.6685
    endloop
  endfacet
  facet normal 0.514304 0 -0.857608
    outer loop
      vertex 9.03893 0 -46.6685
      vertex 8.82849 -10 -46.7947
      vertex 8.82849 0 -46.7947
    endloop
  endfacet
  facet normal 0.595588 0 -0.80329
    outer loop
      vertex 9.03893 -10 -46.6685
      vertex 9.23598 0 -46.5224
      vertex 9.23598 -10 -46.5224
    endloop
  endfacet
  facet normal 0.595588 0 -0.80329
    outer loop
      vertex 9.23598 0 -46.5224
      vertex 9.03893 -10 -46.6685
      vertex 9.03893 0 -46.6685
    endloop
  endfacet
  facet normal 0 0 -1
    outer loop
      vertex 9.48581 -10 -46.2869
      vertex 9.48577 0 -46.2869
      vertex 9.48581 0 -46.2869
    endloop
  endfacet
  facet normal 0.68593 2.74372e-06 -0.727668
    outer loop
      vertex 9.23598 -10 -46.5224
      vertex 9.48577 0 -46.2869
      vertex 9.48581 -10 -46.2869
    endloop
  endfacet
  facet normal 0.685988 0 -0.727613
    outer loop
      vertex 9.48577 0 -46.2869
      vertex 9.23598 -10 -46.5224
      vertex 9.23598 0 -46.5224
    endloop
  endfacet
  facet normal 0.734343 0 -0.678779
    outer loop
      vertex 9.82994 -10 -45.9146
      vertex 9.48581 0 -46.2869
      vertex 9.82994 0 -45.9146
    endloop
  endfacet
  facet normal 0.734343 0 -0.678779
    outer loop
      vertex 9.48581 0 -46.2869
      vertex 9.82994 -10 -45.9146
      vertex 9.48581 -10 -46.2869
    endloop
  endfacet
  facet normal 0.819232 0 -0.573462
    outer loop
      vertex 9.95743 -10 -45.7653
      vertex 9.95736 0 -45.7654
      vertex 9.95743 0 -45.7653
    endloop
  endfacet
  facet normal 0.760364 -1.17242e-06 -0.649497
    outer loop
      vertex 9.95736 0 -45.7654
      vertex 9.95743 -10 -45.7653
      vertex 9.83 0 -45.9145
    endloop
  endfacet
  facet normal 0.760467 1.93096e-06 -0.649377
    outer loop
      vertex 9.82994 -10 -45.9146
      vertex 9.83 0 -45.9145
      vertex 9.95743 -10 -45.7653
    endloop
  endfacet
  facet normal 0.857493 0 -0.514496
    outer loop
      vertex 9.83 0 -45.9145
      vertex 9.82994 -10 -45.9146
      vertex 9.82994 0 -45.9146
    endloop
  endfacet
  facet normal 0.785303 0 -0.619112
    outer loop
      vertex 10.4124 -10 -45.1882
      vertex 9.95743 0 -45.7653
      vertex 10.4124 0 -45.1882
    endloop
  endfacet
  facet normal 0.785303 0 -0.619112
    outer loop
      vertex 9.95743 0 -45.7653
      vertex 10.4124 -10 -45.1882
      vertex 9.95743 -10 -45.7653
    endloop
  endfacet
  facet normal 0.80878 0 -0.588111
    outer loop
      vertex 10.5278 -10 -45.0294
      vertex 10.4124 0 -45.1881
      vertex 10.5278 0 -45.0294
    endloop
  endfacet
  facet normal 0.808956 5.87869e-06 -0.587869
    outer loop
      vertex 10.4124 -10 -45.1882
      vertex 10.4124 0 -45.1881
      vertex 10.5278 -10 -45.0294
    endloop
  endfacet
  facet normal 1 0 0
    outer loop
      vertex 10.4124 0 -45.1881
      vertex 10.4124 -10 -45.1882
      vertex 10.4124 0 -45.1882
    endloop
  endfacet
  facet normal 0.831433 0 -0.555625
    outer loop
      vertex 10.936 -10 -44.4185
      vertex 10.7281 0 -44.7296
      vertex 10.936 0 -44.4185
    endloop
  endfacet
  facet normal 0.831464 2.05382e-06 -0.555579
    outer loop
      vertex 10.5278 -10 -45.0294
      vertex 10.7281 0 -44.7296
      vertex 10.936 -10 -44.4185
    endloop
  endfacet
  facet normal 0.831495 0 -0.555532
    outer loop
      vertex 10.7281 0 -44.7296
      vertex 10.5278 -10 -45.0294
      vertex 10.5278 0 -45.0294
    endloop
  endfacet
  facet normal 0.852462 0 -0.522789
    outer loop
      vertex 11.0386 -10 -44.2511
      vertex 10.936 0 -44.4184
      vertex 11.0386 0 -44.2511
    endloop
  endfacet
  facet normal 0.852601 5.22562e-06 -0.522562
    outer loop
      vertex 10.936 -10 -44.4185
      vertex 10.936 0 -44.4184
      vertex 11.0386 -10 -44.2511
    endloop
  endfacet
  facet normal 1 0 0
    outer loop
      vertex 10.936 0 -44.4184
      vertex 10.936 -10 -44.4185
      vertex 10.936 0 -44.4185
    endloop
  endfacet
  facet normal 0.872548 0 -0.488529
    outer loop
      vertex 11.3976 -10 -43.6099
      vertex 11.0386 0 -44.2511
      vertex 11.3976 0 -43.6099
    endloop
  endfacet
  facet normal 0.872548 0 -0.488529
    outer loop
      vertex 11.0386 0 -44.2511
      vertex 11.3976 -10 -43.6099
      vertex 11.0386 -10 -44.2511
    endloop
  endfacet
  facet normal 0.891039 0 -0.453926
    outer loop
      vertex 11.4867 0 -43.435
      vertex 11.4867 -10 -43.435
      vertex 11.3976 0 -43.6099
    endloop
  endfacet
  facet normal 0.891039 0 -0.453926
    outer loop
      vertex 11.3976 0 -43.6099
      vertex 11.4867 -10 -43.435
      vertex 11.3976 -10 -43.6099
    endloop
  endfacet
  facet normal 0.908107 0 -0.418739
    outer loop
      vertex 11.7944 -10 -42.7677
      vertex 11.4867 0 -43.435
      vertex 11.7944 0 -42.7677
    endloop
  endfacet
  facet normal 0.908107 0 -0.418739
    outer loop
      vertex 11.4867 0 -43.435
      vertex 11.7944 -10 -42.7677
      vertex 11.4867 -10 -43.435
    endloop
  endfacet
  facet normal 1 -0 0
    outer loop
      vertex 11.8695 -10 -42.5863
      vertex 11.8695 0 -42.5864
      vertex 11.8695 0 -42.5863
    endloop
  endfacet
  facet normal 0.923874 -3.82697e-06 -0.382697
    outer loop
      vertex 11.8695 0 -42.5864
      vertex 11.8695 -10 -42.5863
      vertex 11.7944 0 -42.7677
    endloop
  endfacet
  facet normal 0.923949 0 -0.382517
    outer loop
      vertex 11.7944 -10 -42.7677
      vertex 11.7944 0 -42.7677
      vertex 11.8695 -10 -42.5863
    endloop
  endfacet
  facet normal 0.938454 0 -0.345403
    outer loop
      vertex 12.1238 -10 -41.8969
      vertex 12.0973 0 -41.9689
      vertex 12.1238 0 -41.8969
    endloop
  endfacet
  facet normal 0.938177 -6.15422e-06 -0.346156
    outer loop
      vertex 12.0973 0 -41.9689
      vertex 12.1238 -10 -41.8969
      vertex 11.8695 0 -42.5863
    endloop
  endfacet
  facet normal 0.938206 0 -0.346077
    outer loop
      vertex 11.8695 0 -42.5863
      vertex 12.1238 -10 -41.8969
      vertex 11.8695 -10 -42.5863
    endloop
  endfacet
  facet normal 0.951053 0 -0.309028
    outer loop
      vertex 12.1844 -10 -41.7104
      vertex 12.1238 0 -41.8969
      vertex 12.1844 0 -41.7104
    endloop
  endfacet
  facet normal 0.951053 0 -0.309028
    outer loop
      vertex 12.1238 0 -41.8969
      vertex 12.1844 -10 -41.7104
      vertex 12.1238 -10 -41.8969
    endloop
  endfacet
  facet normal 0.962431 0 -0.271527
    outer loop
      vertex 12.3839 -10 -41.0031
      vertex 12.2873 0 -41.3455
      vertex 12.3839 0 -41.0031
    endloop
  endfacet
  facet normal 0.962448 2.22888e-06 -0.271467
    outer loop
      vertex 12.1844 -10 -41.7104
      vertex 12.2873 0 -41.3455
      vertex 12.3839 -10 -41.0031
    endloop
  endfacet
  facet normal 0.962464 0 -0.27141
    outer loop
      vertex 12.2873 0 -41.3455
      vertex 12.1844 -10 -41.7104
      vertex 12.1844 0 -41.7104
    endloop
  endfacet
  facet normal 0.894427 0 -0.447214
    outer loop
      vertex 12.4298 -10 -40.8122
      vertex 12.4297 0 -40.8124
      vertex 12.4298 0 -40.8122
    endloop
  endfacet
  facet normal 0.972322 5.05036e-06 -0.233643
    outer loop
      vertex 12.4297 0 -40.8124
      vertex 12.4298 -10 -40.8122
      vertex 12.3839 0 -41.003
    endloop
  endfacet
  facet normal 0.97229 2.33777e-06 -0.233777
    outer loop
      vertex 12.3839 -10 -41.0031
      vertex 12.3839 0 -41.003
      vertex 12.4298 -10 -40.8122
    endloop
  endfacet
  facet normal 1 0 0
    outer loop
      vertex 12.3839 0 -41.003
      vertex 12.3839 -10 -41.0031
      vertex 12.3839 0 -41.0031
    endloop
  endfacet
  facet normal 0.9808 0 -0.195017
    outer loop
      vertex 12.5731 -10 -40.0915
      vertex 12.4298 0 -40.8122
      vertex 12.5731 0 -40.0915
    endloop
  endfacet
  facet normal 0.9808 0 -0.195017
    outer loop
      vertex 12.4298 0 -40.8122
      vertex 12.5731 -10 -40.0915
      vertex 12.4298 -10 -40.8122
    endloop
  endfacet
  facet normal 1 -0 0
    outer loop
      vertex 12.6038 -10 -39.8976
      vertex 12.6038 0 -39.898
      vertex 12.6038 0 -39.8976
    endloop
  endfacet
  facet normal 0.987634 -6.27102e-06 -0.156775
    outer loop
      vertex 12.6038 0 -39.898
      vertex 12.6038 -10 -39.8976
      vertex 12.5731 0 -40.0914
    endloop
  endfacet
  facet normal 0.987697 1.56381e-06 -0.156381
    outer loop
      vertex 12.5731 -10 -40.0915
      vertex 12.5731 0 -40.0914
      vertex 12.6038 -10 -39.8976
    endloop
  endfacet
  facet normal 1 0 0
    outer loop
      vertex 12.5731 0 -40.0914
      vertex 12.5731 -10 -40.0915
      vertex 12.5731 0 -40.0915
    endloop
  endfacet
  facet normal 0.993059 0 -0.117615
    outer loop
      vertex 12.6902 -10 -39.1681
      vertex 12.6038 0 -39.8976
      vertex 12.6902 0 -39.1681
    endloop
  endfacet
  facet normal 0.993059 0 -0.117615
    outer loop
      vertex 12.6038 0 -39.8976
      vertex 12.6902 -10 -39.1681
      vertex 12.6038 -10 -39.8976
    endloop
  endfacet
  facet normal 0.996909 0 -0.0785691
    outer loop
      vertex 12.7056 -10 -38.9725
      vertex 12.6902 0 -39.1679
      vertex 12.7056 0 -38.9725
    endloop
  endfacet
  facet normal 0.996915 1.56978e-06 -0.0784892
    outer loop
      vertex 12.6902 -10 -39.1681
      vertex 12.6902 0 -39.1679
      vertex 12.7056 -10 -38.9725
    endloop
  endfacet
  facet normal 1 0 0
    outer loop
      vertex 12.6902 0 -39.1679
      vertex 12.6902 -10 -39.1681
      vertex 12.6902 0 -39.1681
    endloop
  endfacet
  facet normal 0.999216 0 -0.03959
    outer loop
      vertex 12.7364 -10 -38.1888
      vertex 12.7318 0 -38.3049
      vertex 12.7364 0 -38.1888
    endloop
  endfacet
  facet normal 0.999229 3.71539e-06 -0.0392704
    outer loop
      vertex 12.7056 -10 -38.9725
      vertex 12.7318 0 -38.3049
      vertex 12.7364 -10 -38.1888
    endloop
  endfacet
  facet normal 0.999231 0 -0.0392149
    outer loop
      vertex 12.7318 0 -38.3049
      vertex 12.7056 -10 -38.9725
      vertex 12.7056 0 -38.9725
    endloop
  endfacet
  facet normal 0.999813 0 -0.0193446
    outer loop
      vertex 12.7383 -10 -38.0906
      vertex 12.7364 0 -38.1888
      vertex 12.7383 0 -38.0906
    endloop
  endfacet
  facet normal 0.999813 0 -0.0193446
    outer loop
      vertex 12.7364 0 -38.1888
      vertex 12.7383 -10 -38.0906
      vertex 12.7364 -10 -38.1888
    endloop
  endfacet
  facet normal 0.999229 0 -0.0392617
    outer loop
      vertex 12.7938 -10 -28.4577
      vertex 12.7383 0 -29.8702
      vertex 12.7938 0 -28.4577
    endloop
  endfacet
  facet normal 0.999229 0 -0.0392617
    outer loop
      vertex 12.7383 0 -29.8702
      vertex 12.7938 -10 -28.4577
      vertex 12.7383 -10 -29.8702
    endloop
  endfacet
  facet normal 0.993069 0 -0.11753
    outer loop
      vertex 12.9599 -10 -27.0544
      vertex 12.8331 0 -28.1258
      vertex 12.9599 0 -27.0544
    endloop
  endfacet
  facet normal 0.993068 -1.49318e-06 -0.117543
    outer loop
      vertex 12.7938 -10 -28.4577
      vertex 12.8331 0 -28.1258
      vertex 12.9599 -10 -27.0544
    endloop
  endfacet
  facet normal 0.993063 0 -0.117588
    outer loop
      vertex 12.8331 0 -28.1258
      vertex 12.7938 -10 -28.4577
      vertex 12.7938 0 -28.4577
    endloop
  endfacet
  facet normal 0.980811 0 -0.194962
    outer loop
      vertex 13.2356 -10 -25.668
      vertex 13.1446 0 -26.1258
      vertex 13.2356 0 -25.668
    endloop
  endfacet
  facet normal 0.980795 -3.75368e-06 -0.195041
    outer loop
      vertex 12.9599 -10 -27.0544
      vertex 13.1446 0 -26.1258
      vertex 13.2356 -10 -25.668
    endloop
  endfacet
  facet normal 0.980787 0 -0.19508
    outer loop
      vertex 13.1446 0 -26.1258
      vertex 12.9599 -10 -27.0544
      vertex 12.9599 0 -27.0544
    endloop
  endfacet
  facet normal 0.962453 0 -0.271448
    outer loop
      vertex 13.6192 -10 -24.3079
      vertex 13.2356 0 -25.668
      vertex 13.6192 0 -24.3079
    endloop
  endfacet
  facet normal 0.962453 0 -0.271448
    outer loop
      vertex 13.2356 0 -25.668
      vertex 13.6192 -10 -24.3079
      vertex 13.2356 -10 -25.668
    endloop
  endfacet
  facet normal 1 -0 0
    outer loop
      vertex 14.1085 -10 -22.9817
      vertex 14.1085 0 -22.9818
      vertex 14.1085 0 -22.9817
    endloop
  endfacet
  facet normal 0.938183 -3.46141e-06 -0.346141
    outer loop
      vertex 14.1085 0 -22.9818
      vertex 14.1085 -10 -22.9817
      vertex 13.6703 0 -24.1695
    endloop
  endfacet
  facet normal 0.938182 -3.51588e-06 -0.346141
    outer loop
      vertex 13.6192 -10 -24.3079
      vertex 13.6703 0 -24.1695
      vertex 14.1085 -10 -22.9817
    endloop
  endfacet
  facet normal 0.9381 0 -0.346365
    outer loop
      vertex 13.6703 0 -24.1695
      vertex 13.6192 -10 -24.3079
      vertex 13.6192 0 -24.3079
    endloop
  endfacet
  facet normal 0.908158 0 -0.418627
    outer loop
      vertex 14.7001 -10 -21.6984
      vertex 14.4043 0 -22.3401
      vertex 14.7001 0 -21.6984
    endloop
  endfacet
  facet normal 0.908146 -2.09327e-06 -0.418654
    outer loop
      vertex 14.1085 -10 -22.9817
      vertex 14.4043 0 -22.3401
      vertex 14.7001 -10 -21.6984
    endloop
  endfacet
  facet normal 0.908133 0 -0.418681
    outer loop
      vertex 14.4043 0 -22.3401
      vertex 14.1085 -10 -22.9817
      vertex 14.1085 0 -22.9817
    endloop
  endfacet
  facet normal 0.87249 0 -0.488631
    outer loop
      vertex 15.3908 -10 -20.4651
      vertex 14.7001 0 -21.6984
      vertex 15.3908 0 -20.4651
    endloop
  endfacet
  facet normal 0.87249 0 -0.488631
    outer loop
      vertex 14.7001 0 -21.6984
      vertex 15.3908 -10 -20.4651
      vertex 14.7001 -10 -21.6984
    endloop
  endfacet
  facet normal 0.831462 0 -0.555582
    outer loop
      vertex 16.176 -10 -19.29
      vertex 15.3908 0 -20.4651
      vertex 16.176 0 -19.29
    endloop
  endfacet
  facet normal 0.831462 0 -0.555582
    outer loop
      vertex 15.3908 0 -20.4651
      vertex 16.176 -10 -19.29
      vertex 15.3908 -10 -20.4651
    endloop
  endfacet
  facet normal 0.785335 0 -0.619071
    outer loop
      vertex 17.051 -10 -18.18
      vertex 16.176 0 -19.29
      vertex 17.051 0 -18.18
    endloop
  endfacet
  facet normal 0.785335 0 -0.619071
    outer loop
      vertex 16.176 0 -19.29
      vertex 17.051 -10 -18.18
      vertex 16.176 -10 -19.29
    endloop
  endfacet
  facet normal 0.734334 0 -0.678788
    outer loop
      vertex 18.0103 -10 -17.1422
      vertex 17.051 0 -18.18
      vertex 18.0103 0 -17.1422
    endloop
  endfacet
  facet normal 0.734334 0 -0.678788
    outer loop
      vertex 17.051 0 -18.18
      vertex 18.0103 -10 -17.1422
      vertex 17.051 -10 -18.18
    endloop
  endfacet
  facet normal 0.678791 0 -0.734331
    outer loop
      vertex 18.0103 -10 -17.1422
      vertex 19.0482 0 -16.1828
      vertex 19.0482 -10 -16.1828
    endloop
  endfacet
  facet normal 0.678791 0 -0.734331
    outer loop
      vertex 19.0482 0 -16.1828
      vertex 18.0103 -10 -17.1422
      vertex 18.0103 0 -17.1422
    endloop
  endfacet
  facet normal 0.619265 0 -0.785182
    outer loop
      vertex 20.1582 -10 -15.3078
      vertex 20.0238 0 -15.4138
      vertex 20.1582 0 -15.3078
    endloop
  endfacet
  facet normal 0.619071 -4.24506e-06 -0.785335
    outer loop
      vertex 19.0482 -10 -16.1828
      vertex 20.0238 0 -15.4138
      vertex 20.1582 -10 -15.3078
    endloop
  endfacet
  facet normal 0.619044 0 -0.785356
    outer loop
      vertex 20.0238 0 -15.4138
      vertex 19.0482 -10 -16.1828
      vertex 19.0482 0 -16.1828
    endloop
  endfacet
  facet normal 0.555565 0 -0.831473
    outer loop
      vertex 20.1582 -10 -15.3078
      vertex 21.3332 0 -14.5227
      vertex 21.3332 -10 -14.5227
    endloop
  endfacet
  facet normal 0.555565 0 -0.831473
    outer loop
      vertex 21.3332 0 -14.5227
      vertex 20.1582 -10 -15.3078
      vertex 20.1582 0 -15.3078
    endloop
  endfacet
  facet normal 0.488547 0 -0.872537
    outer loop
      vertex 22.5666 -10 -13.832
      vertex 21.3332 0 -14.5226
      vertex 22.5666 0 -13.832
    endloop
  endfacet
  facet normal 0.488601 8.72507e-06 -0.872507
    outer loop
      vertex 21.3332 -10 -14.5227
      vertex 21.3332 0 -14.5226
      vertex 22.5666 -10 -13.832
    endloop
  endfacet
  facet normal 1 0 0
    outer loop
      vertex 21.3332 0 -14.5226
      vertex 21.3332 -10 -14.5227
      vertex 21.3332 0 -14.5227
    endloop
  endfacet
  facet normal 0.418698 0 -0.908126
    outer loop
      vertex 23.8499 -10 -13.2403
      vertex 23.1142 0 -13.5795
      vertex 23.8499 0 -13.2403
    endloop
  endfacet
  facet normal 0.418713 1.29711e-06 -0.908119
    outer loop
      vertex 22.5666 -10 -13.832
      vertex 23.1142 0 -13.5795
      vertex 23.8499 -10 -13.2403
    endloop
  endfacet
  facet normal 0.418732 0 -0.90811
    outer loop
      vertex 23.1142 0 -13.5795
      vertex 22.5666 -10 -13.832
      vertex 22.5666 0 -13.832
    endloop
  endfacet
  facet normal 0.346125 0 -0.938188
    outer loop
      vertex 25.176 -10 -12.7511
      vertex 23.85 0 -13.2403
      vertex 25.176 0 -12.7511
    endloop
  endfacet
  facet normal 0.346102 -3.46102e-06 -0.938197
    outer loop
      vertex 23.8499 -10 -13.2403
      vertex 23.85 0 -13.2403
      vertex 25.176 -10 -12.7511
    endloop
  endfacet
  facet normal -0 0 -1
    outer loop
      vertex 23.85 0 -13.2403
      vertex 23.8499 -10 -13.2403
      vertex 23.8499 0 -13.2403
    endloop
  endfacet
  facet normal 0.27143 0 -0.962458
    outer loop
      vertex 25.176 -10 -12.7511
      vertex 26.5362 0 -12.3675
      vertex 26.5362 -10 -12.3675
    endloop
  endfacet
  facet normal 0.27143 0 -0.962458
    outer loop
      vertex 26.5362 0 -12.3675
      vertex 25.176 -10 -12.7511
      vertex 25.176 0 -12.7511
    endloop
  endfacet
  facet normal 0.19517 0 -0.980769
    outer loop
      vertex 27.9226 -10 -12.0917
      vertex 27.3246 0 -12.2107
      vertex 27.9226 0 -12.0917
    endloop
  endfacet
  facet normal 0.195109 -3.76353e-06 -0.980782
    outer loop
      vertex 26.5362 -10 -12.3675
      vertex 27.3246 0 -12.2107
      vertex 27.9226 -10 -12.0917
    endloop
  endfacet
  facet normal 0.195063 0 -0.980791
    outer loop
      vertex 27.3246 0 -12.2107
      vertex 26.5362 -10 -12.3675
      vertex 26.5362 0 -12.3675
    endloop
  endfacet
  facet normal 0.117543 0 -0.993068
    outer loop
      vertex 27.9226 -10 -12.0917
      vertex 29.3259 0 -11.9256
      vertex 29.3259 -10 -11.9256
    endloop
  endfacet
  facet normal 0.117543 0 -0.993068
    outer loop
      vertex 29.3259 0 -11.9256
      vertex 27.9226 -10 -12.0917
      vertex 27.9226 0 -12.0917
    endloop
  endfacet
  facet normal 0.0392617 0 -0.999229
    outer loop
      vertex 30.7384 -10 -11.8701
      vertex 29.3259 0 -11.9256
      vertex 30.7384 0 -11.8701
    endloop
  endfacet
  facet normal 0.0392617 0 -0.999229
    outer loop
      vertex 29.3259 -10 -11.9256
      vertex 29.3259 0 -11.9256
      vertex 30.7384 -10 -11.8701
    endloop
  endfacet
  facet normal 0.0193644 0 -0.999812
    outer loop
      vertex 38.0907 -10 -11.8701
      vertex 38.1888 0 -11.8682
      vertex 38.1888 -10 -11.8682
    endloop
  endfacet
  facet normal 0.0193644 0 -0.999812
    outer loop
      vertex 38.1888 0 -11.8682
      vertex 38.0907 -10 -11.8701
      vertex 38.0907 0 -11.8701
    endloop
  endfacet
  facet normal 0.0392327 0 -0.99923
    outer loop
      vertex 38.9724 -10 -11.8374
      vertex 38.2669 0 -11.8651
      vertex 38.9724 0 -11.8374
    endloop
  endfacet
  facet normal 0.0392754 3.01962e-06 -0.999228
    outer loop
      vertex 38.1888 -10 -11.8682
      vertex 38.2669 0 -11.8651
      vertex 38.9724 -10 -11.8374
    endloop
  endfacet
  facet normal 0.0396615 0 -0.999213
    outer loop
      vertex 38.2669 0 -11.8651
      vertex 38.1888 -10 -11.8682
      vertex 38.1888 0 -11.8682
    endloop
  endfacet
  facet normal 0 0 -1
    outer loop
      vertex 39.168 -10 -11.822
      vertex 39.1679 0 -11.822
      vertex 39.168 0 -11.822
    endloop
  endfacet
  facet normal 0.0784892 7.84892e-07 -0.996915
    outer loop
      vertex 38.9724 -10 -11.8374
      vertex 39.1679 0 -11.822
      vertex 39.168 -10 -11.822
    endloop
  endfacet
  facet normal 0.0785291 0 -0.996912
    outer loop
      vertex 39.1679 0 -11.822
      vertex 38.9724 -10 -11.8374
      vertex 38.9724 0 -11.8374
    endloop
  endfacet
  facet normal 0.117497 0 -0.993073
    outer loop
      vertex 39.168 -10 -11.822
      vertex 39.8974 0 -11.7357
      vertex 39.8974 -10 -11.7357
    endloop
  endfacet
  facet normal 0.117497 0 -0.993073
    outer loop
      vertex 39.8974 0 -11.7357
      vertex 39.168 -10 -11.822
      vertex 39.168 0 -11.822
    endloop
  endfacet
  facet normal 0.15612 0 -0.987738
    outer loop
      vertex 40.0914 -10 -11.705
      vertex 39.8978 0 -11.7356
      vertex 40.0914 0 -11.705
    endloop
  endfacet
  facet normal 0.156302 3.62499e-06 -0.987709
    outer loop
      vertex 39.8974 -10 -11.7357
      vertex 39.8978 0 -11.7356
      vertex 40.0914 -10 -11.705
    endloop
  endfacet
  facet normal 0.242536 0 -0.970143
    outer loop
      vertex 39.8978 0 -11.7356
      vertex 39.8974 -10 -11.7357
      vertex 39.8974 0 -11.7357
    endloop
  endfacet
  facet normal 0.195053 0 -0.980793
    outer loop
      vertex 40.8122 -10 -11.5616
      vertex 40.1027 0 -11.7027
      vertex 40.8122 0 -11.5616
    endloop
  endfacet
  facet normal 0.195122 5.09167e-06 -0.980779
    outer loop
      vertex 40.0914 -10 -11.705
      vertex 40.1027 0 -11.7027
      vertex 40.8122 -10 -11.5616
    endloop
  endfacet
  facet normal 0.19945 0 -0.979908
    outer loop
      vertex 40.1027 0 -11.7027
      vertex 40.0914 -10 -11.705
      vertex 40.0914 0 -11.705
    endloop
  endfacet
  facet normal 0.233893 0 -0.972262
    outer loop
      vertex 41.0031 -10 -11.5157
      vertex 40.8123 0 -11.5616
      vertex 41.0031 0 -11.5157
    endloop
  endfacet
  facet normal 0.233777 -2.33777e-06 -0.97229
    outer loop
      vertex 40.8122 -10 -11.5616
      vertex 40.8123 0 -11.5616
      vertex 41.0031 -10 -11.5157
    endloop
  endfacet
  facet normal -0 0 -1
    outer loop
      vertex 40.8123 0 -11.5616
      vertex 40.8122 -10 -11.5616
      vertex 40.8122 0 -11.5616
    endloop
  endfacet
  facet normal 0.271376 0 -0.962474
    outer loop
      vertex 41.7104 -10 -11.3163
      vertex 41.0071 0 -11.5146
      vertex 41.7104 0 -11.3163
    endloop
  endfacet
  facet normal 0.271341 -2.66306e-06 -0.962483
    outer loop
      vertex 41.0031 -10 -11.5157
      vertex 41.0071 0 -11.5146
      vertex 41.7104 -10 -11.3163
    endloop
  endfacet
  facet normal 0.265156 0 -0.964205
    outer loop
      vertex 41.0071 0 -11.5146
      vertex 41.0031 -10 -11.5157
      vertex 41.0031 0 -11.5157
    endloop
  endfacet
  facet normal 0.30919 0 -0.951
    outer loop
      vertex 41.7104 -10 -11.3163
      vertex 41.8971 0 -11.2556
      vertex 41.8971 -10 -11.2556
    endloop
  endfacet
  facet normal 0.30919 0 -0.951
    outer loop
      vertex 41.8971 0 -11.2556
      vertex 41.7104 -10 -11.3163
      vertex 41.7104 0 -11.3163
    endloop
  endfacet
  facet normal 0.345958 0 -0.93825
    outer loop
      vertex 42.5863 -10 -11.0014
      vertex 42.122 0 -11.1726
      vertex 42.5863 0 -11.0014
    endloop
  endfacet
  facet normal 0.346046 4.63119e-06 -0.938218
    outer loop
      vertex 41.8971 -10 -11.2556
      vertex 42.122 0 -11.1726
      vertex 42.5863 -10 -11.0014
    endloop
  endfacet
  facet normal 0.346227 0 -0.938151
    outer loop
      vertex 42.122 0 -11.1726
      vertex 41.8971 -10 -11.2556
      vertex 41.8971 0 -11.2556
    endloop
  endfacet
  facet normal 0.707107 0 -0.707107
    outer loop
      vertex 42.7677 -10 -10.9262
      vertex 42.7676 0 -10.9263
      vertex 42.7677 0 -10.9262
    endloop
  endfacet
  facet normal 0.382622 -5.41283e-06 -0.923905
    outer loop
      vertex 42.7677 -10 -10.9262
      vertex 42.5865 0 -11.0013
      vertex 42.7676 0 -10.9263
    endloop
  endfacet
  facet normal 0.382951 1.57866e-06 -0.923768
    outer loop
      vertex 42.5863 -10 -11.0014
      vertex 42.5865 0 -11.0013
      vertex 42.7677 -10 -10.9262
    endloop
  endfacet
  facet normal 0.447214 0 -0.894427
    outer loop
      vertex 42.5865 0 -11.0013
      vertex 42.5863 -10 -11.0014
      vertex 42.5863 0 -11.0014
    endloop
  endfacet
  facet normal 0.41836 0 -0.908281
    outer loop
      vertex 43.435 -10 -10.6186
      vertex 43.2865 0 -10.687
      vertex 43.435 0 -10.6186
    endloop
  endfacet
  facet normal 0.418627 4.80141e-06 -0.908158
    outer loop
      vertex 42.7677 -10 -10.9262
      vertex 43.2865 0 -10.687
      vertex 43.435 -10 -10.6186
    endloop
  endfacet
  facet normal 0.418703 0 -0.908123
    outer loop
      vertex 43.2865 0 -10.687
      vertex 42.7677 -10 -10.9262
      vertex 42.7677 0 -10.9262
    endloop
  endfacet
  facet normal 0 0 -1
    outer loop
      vertex 43.6099 -10 -10.5295
      vertex 43.6098 0 -10.5295
      vertex 43.6099 0 -10.5295
    endloop
  endfacet
  facet normal 0.453926 4.53926e-06 -0.891039
    outer loop
      vertex 43.435 -10 -10.6186
      vertex 43.6098 0 -10.5295
      vertex 43.6099 -10 -10.5295
    endloop
  endfacet
  facet normal 0.454132 0 -0.890934
    outer loop
      vertex 43.6098 0 -10.5295
      vertex 43.435 -10 -10.6186
      vertex 43.435 0 -10.6186
    endloop
  endfacet
  facet normal 0.48869 0 -0.872457
    outer loop
      vertex 43.6099 -10 -10.5295
      vertex 44.251 0 -10.1704
      vertex 44.251 -10 -10.1704
    endloop
  endfacet
  facet normal 0.48869 0 -0.872457
    outer loop
      vertex 44.251 0 -10.1704
      vertex 43.6099 -10 -10.5295
      vertex 43.6099 0 -10.5295
    endloop
  endfacet
  facet normal 0 0 -1
    outer loop
      vertex 44.4185 -10 -10.0678
      vertex 44.4184 0 -10.0678
      vertex 44.4185 0 -10.0678
    endloop
  endfacet
  facet normal 0.522873 5.22873e-06 -0.852411
    outer loop
      vertex 44.4185 -10 -10.0678
      vertex 44.2513 0 -10.1703
      vertex 44.4184 0 -10.0678
    endloop
  endfacet
  facet normal 0.522335 -7.14265e-06 -0.85274
    outer loop
      vertex 44.251 -10 -10.1704
      vertex 44.2513 0 -10.1703
      vertex 44.4185 -10 -10.0678
    endloop
  endfacet
  facet normal 0.316228 0 -0.948683
    outer loop
      vertex 44.2513 0 -10.1703
      vertex 44.251 -10 -10.1704
      vertex 44.251 0 -10.1704
    endloop
  endfacet
  facet normal 0.555609 0 -0.831444
    outer loop
      vertex 45.0294 -10 -9.65961
      vertex 44.7296 0 -9.85995
      vertex 45.0294 0 -9.65961
    endloop
  endfacet
  facet normal 0.55557 -1.68009e-06 -0.83147
    outer loop
      vertex 44.4185 -10 -10.0678
      vertex 44.7296 0 -9.85995
      vertex 45.0294 -10 -9.65961
    endloop
  endfacet
  facet normal 0.555533 0 -0.831495
    outer loop
      vertex 44.7296 0 -9.85995
      vertex 44.4185 -10 -10.0678
      vertex 44.4185 0 -10.0678
    endloop
  endfacet
  facet normal 0.371391 0 -0.928477
    outer loop
      vertex 45.1882 -10 -9.54425
      vertex 45.1881 0 -9.54429
      vertex 45.1882 0 -9.54425
    endloop
  endfacet
  facet normal 0.587735 2.64114e-06 -0.809053
    outer loop
      vertex 45.0294 -10 -9.65961
      vertex 45.1881 0 -9.54429
      vertex 45.1882 -10 -9.54425
    endloop
  endfacet
  facet normal 0.587844 0 -0.808974
    outer loop
      vertex 45.1881 0 -9.54429
      vertex 45.0294 -10 -9.65961
      vertex 45.0294 0 -9.65961
    endloop
  endfacet
  facet normal 0.619112 0 -0.785303
    outer loop
      vertex 45.1882 -10 -9.54425
      vertex 45.7653 0 -9.08928
      vertex 45.7653 -10 -9.08928
    endloop
  endfacet
  facet normal 0.619112 0 -0.785303
    outer loop
      vertex 45.7653 0 -9.08928
      vertex 45.1882 -10 -9.54425
      vertex 45.1882 0 -9.54425
    endloop
  endfacet
  facet normal 0.371391 0 -0.928477
    outer loop
      vertex 45.9146 -10 -8.96178
      vertex 45.9145 0 -8.96182
      vertex 45.9146 0 -8.96178
    endloop
  endfacet
  facet normal 0.649585 3.4547e-06 -0.760289
    outer loop
      vertex 45.9146 -10 -8.96178
      vertex 45.7654 0 -9.08921
      vertex 45.9145 0 -8.96182
    endloop
  endfacet
  facet normal 0.649406 -1.17097e-06 -0.760442
    outer loop
      vertex 45.7653 -10 -9.08928
      vertex 45.7654 0 -9.08921
      vertex 45.9146 -10 -8.96178
    endloop
  endfacet
  facet normal 0.573462 0 -0.819232
    outer loop
      vertex 45.7654 0 -9.08921
      vertex 45.7653 -10 -9.08928
      vertex 45.7653 0 -9.08928
    endloop
  endfacet
  facet normal 0.678756 0 -0.734364
    outer loop
      vertex 46.4541 -10 -8.46306
      vertex 46.0978 0 -8.79238
      vertex 46.4541 0 -8.46306
    endloop
  endfacet
  facet normal 0.678809 3.5111e-06 -0.734315
    outer loop
      vertex 45.9146 -10 -8.96178
      vertex 46.0978 0 -8.79238
      vertex 46.4541 -10 -8.46306
    endloop
  endfacet
  facet normal 0.678912 0 -0.734219
    outer loop
      vertex 46.0978 0 -8.79238
      vertex 45.9146 -10 -8.96178
      vertex 45.9146 0 -8.96178
    endloop
  endfacet
  facet normal 0.707209 0 -0.707005
    outer loop
      vertex 46.5929 -10 -8.32422
      vertex 46.4541 0 -8.46306
      vertex 46.5929 0 -8.32422
    endloop
  endfacet
  facet normal 0.707209 0 -0.707005
    outer loop
      vertex 46.4541 0 -8.46306
      vertex 46.5929 -10 -8.32422
      vertex 46.4541 -10 -8.46306
    endloop
  endfacet
  facet normal 0.734311 0 -0.678813
    outer loop
      vertex 47.0917 -10 -7.78464
      vertex 46.5929 0 -8.32422
      vertex 47.0917 0 -7.78464
    endloop
  endfacet
  facet normal 0.734311 0 -0.678813
    outer loop
      vertex 46.5929 0 -8.32422
      vertex 47.0917 -10 -7.78464
      vertex 46.5929 -10 -8.32422
    endloop
  endfacet
  facet normal 0.76035 0 -0.649514
    outer loop
      vertex 47.2191 -10 -7.6355
      vertex 47.0917 0 -7.78464
      vertex 47.2191 0 -7.6355
    endloop
  endfacet
  facet normal 0.76035 0 -0.649514
    outer loop
      vertex 47.0917 0 -7.78464
      vertex 47.2191 -10 -7.6355
      vertex 47.0917 -10 -7.78464
    endloop
  endfacet
  facet normal 0.785479 0 -0.618888
    outer loop
      vertex 47.371 -10 -7.44281
      vertex 47.3418 0 -7.47987
      vertex 47.371 0 -7.44281
    endloop
  endfacet
  facet normal 0.785289 -1.44615e-06 -0.619129
    outer loop
      vertex 47.3418 0 -7.47987
      vertex 47.371 -10 -7.44281
      vertex 47.2191 0 -7.6355
    endloop
  endfacet
  facet normal 0.785326 0 -0.619083
    outer loop
      vertex 47.2191 0 -7.6355
      vertex 47.371 -10 -7.44281
      vertex 47.2191 -10 -7.6355
    endloop
  endfacet
  facet normal 0.814614 0 -0.580004
    outer loop
      vertex 47.5133 -10 -7.24292
      vertex 47.371 0 -7.44278
      vertex 47.5133 0 -7.24292
    endloop
  endfacet
  facet normal 0.814655 1.73984e-06 -0.579946
    outer loop
      vertex 47.371 -10 -7.44281
      vertex 47.371 0 -7.44278
      vertex 47.5133 -10 -7.24292
    endloop
  endfacet
  facet normal 1 0 0
    outer loop
      vertex 47.371 0 -7.44278
      vertex 47.371 -10 -7.44281
      vertex 47.371 0 -7.44281
    endloop
  endfacet
  facet normal 0.867776 0 -0.496955
    outer loop
      vertex 47.6352 -10 -7.03006
      vertex 47.5133 0 -7.24292
      vertex 47.6352 0 -7.03006
    endloop
  endfacet
  facet normal 0.867776 0 -0.496955
    outer loop
      vertex 47.5133 0 -7.24292
      vertex 47.6352 -10 -7.03006
      vertex 47.5133 -10 -7.24292
    endloop
  endfacet
  facet normal 0.912089 0 -0.409992
    outer loop
      vertex 47.7358 -10 -6.80626
      vertex 47.6352 0 -7.03006
      vertex 47.7358 0 -6.80626
    endloop
  endfacet
  facet normal 0.912089 0 -0.409992
    outer loop
      vertex 47.6352 0 -7.03006
      vertex 47.7358 -10 -6.80626
      vertex 47.6352 -10 -7.03006
    endloop
  endfacet
  facet normal 0.947972 0 -0.318355
    outer loop
      vertex 47.8139 -10 -6.5737
      vertex 47.7358 0 -6.80626
      vertex 47.8139 0 -6.5737
    endloop
  endfacet
  facet normal 0.947972 0 -0.318355
    outer loop
      vertex 47.7358 0 -6.80626
      vertex 47.8139 -10 -6.5737
      vertex 47.7358 -10 -6.80626
    endloop
  endfacet
  facet normal 0.974642 0 -0.22377
    outer loop
      vertex 47.8688 -10 -6.33458
      vertex 47.8139 0 -6.5737
      vertex 47.8688 0 -6.33458
    endloop
  endfacet
  facet normal 0.974642 0 -0.22377
    outer loop
      vertex 47.8139 0 -6.5737
      vertex 47.8688 -10 -6.33458
      vertex 47.8139 -10 -6.5737
    endloop
  endfacet
  facet normal 0.991828 0 -0.127581
    outer loop
      vertex 47.9001 -10 -6.09125
      vertex 47.8688 0 -6.33458
      vertex 47.9001 0 -6.09125
    endloop
  endfacet
  facet normal 0.991828 0 -0.127581
    outer loop
      vertex 47.8688 0 -6.33458
      vertex 47.9001 -10 -6.09125
      vertex 47.8688 -10 -6.33458
    endloop
  endfacet
  facet normal 0.999569 0 -0.0293464
    outer loop
      vertex 47.9073 -10 -5.84601
      vertex 47.9001 0 -6.09125
      vertex 47.9073 0 -5.84601
    endloop
  endfacet
  facet normal 0.999569 0 -0.0293464
    outer loop
      vertex 47.9001 0 -6.09125
      vertex 47.9073 -10 -5.84601
      vertex 47.9001 -10 -6.09125
    endloop
  endfacet
  facet normal 0.997652 -0 0.0684803
    outer loop
      vertex 47.8905 -10 -5.60126
      vertex 47.9073 0 -5.84601
      vertex 47.8905 0 -5.60126
    endloop
  endfacet
  facet normal 0.997652 0 0.0684803
    outer loop
      vertex 47.9073 0 -5.84601
      vertex 47.8905 -10 -5.60126
      vertex 47.9073 -10 -5.84601
    endloop
  endfacet
  facet normal 0.986076 -0 0.166296
    outer loop
      vertex 47.8497 -10 -5.35933
      vertex 47.8905 0 -5.60126
      vertex 47.8497 0 -5.35933
    endloop
  endfacet
  facet normal 0.986076 0 0.166296
    outer loop
      vertex 47.8905 0 -5.60126
      vertex 47.8497 -10 -5.35933
      vertex 47.8905 -10 -5.60126
    endloop
  endfacet
  facet normal 0.965052 -0 0.262059
    outer loop
      vertex 47.7854 -10 -5.12254
      vertex 47.8497 0 -5.35933
      vertex 47.7854 0 -5.12254
    endloop
  endfacet
  facet normal 0.965052 0 0.262059
    outer loop
      vertex 47.8497 0 -5.35933
      vertex 47.7854 -10 -5.12254
      vertex 47.8497 -10 -5.35933
    endloop
  endfacet
  facet normal 0.93484 -0 0.35507
    outer loop
      vertex 47.6983 -10 -4.89322
      vertex 47.7854 0 -5.12254
      vertex 47.6983 0 -4.89322
    endloop
  endfacet
  facet normal 0.93484 0 0.35507
    outer loop
      vertex 47.7854 0 -5.12254
      vertex 47.6983 -10 -4.89322
      vertex 47.7854 -10 -5.12254
    endloop
  endfacet
  facet normal 0.895484 -0 0.445093
    outer loop
      vertex 47.5891 -10 -4.67352
      vertex 47.6983 0 -4.89322
      vertex 47.5891 0 -4.67352
    endloop
  endfacet
  facet normal 0.895484 0 0.445093
    outer loop
      vertex 47.6983 0 -4.89322
      vertex 47.5891 -10 -4.67352
      vertex 47.6983 -10 -4.89322
    endloop
  endfacet
  facet normal 0.847345 -0 0.531043
    outer loop
      vertex 47.4588 -10 -4.46561
      vertex 47.5891 0 -4.67352
      vertex 47.4588 0 -4.46561
    endloop
  endfacet
  facet normal 0.847345 0 0.531043
    outer loop
      vertex 47.5891 0 -4.67352
      vertex 47.4588 -10 -4.46561
      vertex 47.5891 -10 -4.67352
    endloop
  endfacet
  facet normal 0.791547 -0 0.611109
    outer loop
      vertex 47.3089 -10 -4.27145
      vertex 47.4588 0 -4.46561
      vertex 47.3089 0 -4.27145
    endloop
  endfacet
  facet normal 0.791547 0 0.611109
    outer loop
      vertex 47.4588 0 -4.46561
      vertex 47.3089 -10 -4.27145
      vertex 47.4588 -10 -4.46561
    endloop
  endfacet
  facet normal 0.727628 -0 0.685972
    outer loop
      vertex 47.1406 -10 -4.09293
      vertex 47.3089 0 -4.27145
      vertex 47.1406 0 -4.09293
    endloop
  endfacet
  facet normal 0.727628 0 0.685972
    outer loop
      vertex 47.3089 0 -4.27145
      vertex 47.1406 -10 -4.09293
      vertex 47.3089 -10 -4.27145
    endloop
  endfacet
  facet normal 0.656876 0 0.753999
    outer loop
      vertex 46.9556 0 -3.93176
      vertex 47.1406 -10 -4.09293
      vertex 47.1406 0 -4.09293
    endloop
  endfacet
  facet normal 0.656876 0 0.753999
    outer loop
      vertex 47.1406 -10 -4.09293
      vertex 46.9556 0 -3.93176
      vertex 46.9556 -10 -3.93176
    endloop
  endfacet
  facet normal 0.579791 0 0.814765
    outer loop
      vertex 46.7557 0 -3.78951
      vertex 46.9556 -10 -3.93176
      vertex 46.9556 0 -3.93176
    endloop
  endfacet
  facet normal 0.579791 0 0.814765
    outer loop
      vertex 46.9556 -10 -3.93176
      vertex 46.7557 0 -3.78951
      vertex 46.7557 -10 -3.78951
    endloop
  endfacet
  facet normal 0.497131 0 0.867676
    outer loop
      vertex 46.5428 0 -3.66753
      vertex 46.7557 -10 -3.78951
      vertex 46.7557 0 -3.78951
    endloop
  endfacet
  facet normal 0.497131 0 0.867676
    outer loop
      vertex 46.7557 -10 -3.78951
      vertex 46.5428 0 -3.66753
      vertex 46.5428 -10 -3.66753
    endloop
  endfacet
  facet normal 0.409788 0 0.912181
    outer loop
      vertex 46.319 0 -3.56699
      vertex 46.5428 -10 -3.66753
      vertex 46.5428 0 -3.66753
    endloop
  endfacet
  facet normal 0.409788 0 0.912181
    outer loop
      vertex 46.5428 -10 -3.66753
      vertex 46.319 0 -3.56699
      vertex 46.319 -10 -3.56699
    endloop
  endfacet
  facet normal 0.318465 0 0.947935
    outer loop
      vertex 46.0865 0 -3.48888
      vertex 46.319 -10 -3.56699
      vertex 46.319 0 -3.56699
    endloop
  endfacet
  facet normal 0.318465 0 0.947935
    outer loop
      vertex 46.319 -10 -3.56699
      vertex 46.0865 0 -3.48888
      vertex 46.0865 -10 -3.48888
    endloop
  endfacet
  facet normal 0.223943 0 0.974602
    outer loop
      vertex 45.8474 0 -3.43394
      vertex 46.0865 -10 -3.48888
      vertex 46.0865 0 -3.48888
    endloop
  endfacet
  facet normal 0.223943 0 0.974602
    outer loop
      vertex 46.0865 -10 -3.48888
      vertex 45.8474 0 -3.43394
      vertex 45.8474 -10 -3.43394
    endloop
  endfacet
  facet normal 0.127264 0 0.991869
    outer loop
      vertex 45.604 0 -3.40271
      vertex 45.8474 -10 -3.43394
      vertex 45.8474 0 -3.43394
    endloop
  endfacet
  facet normal 0.127264 0 0.991869
    outer loop
      vertex 45.8474 -10 -3.43394
      vertex 45.604 0 -3.40271
      vertex 45.604 -10 -3.40271
    endloop
  endfacet
  facet normal 0.0393172 0 0.999227
    outer loop
      vertex 45.4078 0 -3.39499
      vertex 45.604 -10 -3.40271
      vertex 45.604 0 -3.40271
    endloop
  endfacet
  facet normal 0.0393172 0 0.999227
    outer loop
      vertex 45.604 -10 -3.40271
      vertex 45.4078 0 -3.39499
      vertex 45.4078 -10 -3.39499
    endloop
  endfacet
  facet normal -0 0 1
    outer loop
      vertex 7.64999 0 -3.39499
      vertex 45.4078 -10 -3.39499
      vertex 45.4078 0 -3.39499
    endloop
  endfacet
  facet normal 0 0 1
    outer loop
      vertex 45.4078 -10 -3.39499
      vertex 7.64999 0 -3.39499
      vertex 7.64999 -10 -3.39499
    endloop
  endfacet
  facet normal -0.0490756 0 0.998795
    outer loop
      vertex 7.40495 0 -3.40703
      vertex 7.64999 -10 -3.39499
      vertex 7.64999 0 -3.39499
    endloop
  endfacet
  facet normal -0.0490756 0 0.998795
    outer loop
      vertex 7.64999 -10 -3.39499
      vertex 7.40495 0 -3.40703
      vertex 7.40495 -10 -3.40703
    endloop
  endfacet
  facet normal -0.146692 0 0.989182
    outer loop
      vertex 7.16226 0 -3.44302
      vertex 7.40495 -10 -3.40703
      vertex 7.40495 0 -3.40703
    endloop
  endfacet
  facet normal -0.146692 0 0.989182
    outer loop
      vertex 7.40495 -10 -3.40703
      vertex 7.16226 0 -3.44302
      vertex 7.16226 -10 -3.44302
    endloop
  endfacet
  facet normal -0.243025 0 0.97002
    outer loop
      vertex 6.92429 0 -3.50264
      vertex 7.16226 -10 -3.44302
      vertex 7.16226 0 -3.44302
    endloop
  endfacet
  facet normal -0.243025 0 0.97002
    outer loop
      vertex 7.16226 -10 -3.44302
      vertex 6.92429 0 -3.50264
      vertex 6.92429 -10 -3.50264
    endloop
  endfacet
  facet normal -0.336902 0 0.94154
    outer loop
      vertex 6.69328 0 -3.5853
      vertex 6.92429 -10 -3.50264
      vertex 6.92429 0 -3.50264
    endloop
  endfacet
  facet normal -0.336902 0 0.94154
    outer loop
      vertex 6.92429 -10 -3.50264
      vertex 6.69328 0 -3.5853
      vertex 6.69328 -10 -3.5853
    endloop
  endfacet
  facet normal -0.427541 0 0.903996
    outer loop
      vertex 6.4715 0 -3.69019
      vertex 6.69328 -10 -3.5853
      vertex 6.69328 0 -3.5853
    endloop
  endfacet
  facet normal -0.427541 0 0.903996
    outer loop
      vertex 6.69328 -10 -3.5853
      vertex 6.4715 0 -3.69019
      vertex 6.4715 -10 -3.69019
    endloop
  endfacet
  facet normal -0.514064 0 0.857752
    outer loop
      vertex 6.26106 0 -3.81631
      vertex 6.4715 -10 -3.69019
      vertex 6.4715 0 -3.69019
    endloop
  endfacet
  facet normal -0.514064 0 0.857752
    outer loop
      vertex 6.4715 -10 -3.69019
      vertex 6.26106 0 -3.81631
      vertex 6.26106 -10 -3.81631
    endloop
  endfacet
  facet normal -0.59572 0 0.803192
    outer loop
      vertex 6.06401 0 -3.96246
      vertex 6.26106 -10 -3.81631
      vertex 6.26106 0 -3.81631
    endloop
  endfacet
  facet normal -0.59572 0 0.803192
    outer loop
      vertex 6.26106 -10 -3.81631
      vertex 6.06401 0 -3.96246
      vertex 6.06401 -10 -3.96246
    endloop
  endfacet
  facet normal -0.671591 0 0.740922
    outer loop
      vertex 5.88223 0 -4.12723
      vertex 6.06401 -10 -3.96246
      vertex 6.06401 0 -3.96246
    endloop
  endfacet
  facet normal -0.671591 0 0.740922
    outer loop
      vertex 6.06401 -10 -3.96246
      vertex 5.88223 0 -4.12723
      vertex 5.88223 -10 -4.12723
    endloop
  endfacet
  facet normal -0.740943 0 0.671568
    outer loop
      vertex 5.71747 -10 -4.30901
      vertex 5.88223 0 -4.12723
      vertex 5.71747 0 -4.30901
    endloop
  endfacet
  facet normal -0.740943 0 0.671568
    outer loop
      vertex 5.88223 0 -4.12723
      vertex 5.71747 -10 -4.30901
      vertex 5.88223 -10 -4.12723
    endloop
  endfacet
  facet normal -0.803192 0 0.59572
    outer loop
      vertex 5.57132 -10 -4.50606
      vertex 5.71747 0 -4.30901
      vertex 5.57132 0 -4.50606
    endloop
  endfacet
  facet normal -0.803192 0 0.59572
    outer loop
      vertex 5.71747 0 -4.30901
      vertex 5.57132 -10 -4.50606
      vertex 5.71747 -10 -4.30901
    endloop
  endfacet
  facet normal -0.857723 0 0.514112
    outer loop
      vertex 5.44519 -10 -4.71649
      vertex 5.57132 0 -4.50606
      vertex 5.44519 0 -4.71649
    endloop
  endfacet
  facet normal -0.857723 0 0.514112
    outer loop
      vertex 5.57132 0 -4.50606
      vertex 5.44519 -10 -4.71649
      vertex 5.57132 -10 -4.50606
    endloop
  endfacet
  facet normal -0.904003 0 0.427526
    outer loop
      vertex 5.3403 -10 -4.93828
      vertex 5.44519 0 -4.71649
      vertex 5.3403 0 -4.93828
    endloop
  endfacet
  facet normal -0.904003 0 0.427526
    outer loop
      vertex 5.44519 0 -4.71649
      vertex 5.3403 -10 -4.93828
      vertex 5.44519 -10 -4.71649
    endloop
  endfacet
  facet normal -0.941535 0 0.336915
    outer loop
      vertex 5.25764 -10 -5.16928
      vertex 5.3403 0 -4.93828
      vertex 5.25764 0 -5.16928
    endloop
  endfacet
  facet normal -0.941535 0 0.336915
    outer loop
      vertex 5.3403 0 -4.93828
      vertex 5.25764 -10 -5.16928
      vertex 5.3403 -10 -4.93828
    endloop
  endfacet
  facet normal -0.970032 0 0.242977
    outer loop
      vertex 5.19803 -10 -5.40726
      vertex 5.25764 0 -5.16928
      vertex 5.19803 0 -5.40726
    endloop
  endfacet
  facet normal -0.970032 0 0.242977
    outer loop
      vertex 5.25764 0 -5.16928
      vertex 5.19803 -10 -5.40726
      vertex 5.25764 -10 -5.16928
    endloop
  endfacet
  facet normal -0.989178 0 0.14672
    outer loop
      vertex 5.16385 -10 -5.6377
      vertex 5.19803 0 -5.40726
      vertex 5.16385 0 -5.6377
    endloop
  endfacet
  facet normal -0.989178 0 0.14672
    outer loop
      vertex 5.19803 0 -5.40726
      vertex 5.16385 -10 -5.6377
      vertex 5.19803 -10 -5.40726
    endloop
  endfacet
  facet normal -0.671552 0 -0.740957
    outer loop
      vertex 5.16385 -10 -5.6377
      vertex 5.26794 0 -5.73204
      vertex 5.26794 -10 -5.73204
    endloop
  endfacet
  facet normal -0.671552 0 -0.740957
    outer loop
      vertex 5.26794 0 -5.73204
      vertex 5.16385 -10 -5.6377
      vertex 5.16385 0 -5.6377
    endloop
  endfacet
  facet normal -0.740949 0 -0.671562
    outer loop
      vertex 5.75893 -10 -6.27376
      vertex 5.26794 0 -5.73204
      vertex 5.75893 0 -6.27376
    endloop
  endfacet
  facet normal -0.740949 -0 -0.671562
    outer loop
      vertex 5.26794 0 -5.73204
      vertex 5.75893 -10 -6.27376
      vertex 5.26794 -10 -5.73204
    endloop
  endfacet
  facet normal -0.803214 0 -0.595691
    outer loop
      vertex 6.19444 -10 -6.86099
      vertex 5.75893 0 -6.27376
      vertex 6.19444 0 -6.86099
    endloop
  endfacet
  facet normal -0.803214 -0 -0.595691
    outer loop
      vertex 5.75893 0 -6.27376
      vertex 6.19444 -10 -6.86099
      vertex 5.75893 -10 -6.27376
    endloop
  endfacet
  facet normal -0.857725 0 -0.51411
    outer loop
      vertex 6.57031 -10 -7.48808
      vertex 6.19444 0 -6.86099
      vertex 6.57031 0 -7.48808
    endloop
  endfacet
  facet normal -0.857725 -0 -0.51411
    outer loop
      vertex 6.19444 0 -6.86099
      vertex 6.57031 -10 -7.48808
      vertex 6.19444 -10 -6.86099
    endloop
  endfacet
  facet normal -0.903996 0 -0.427542
    outer loop
      vertex 6.88289 -10 -8.149
      vertex 6.57031 0 -7.48808
      vertex 6.88289 0 -8.149
    endloop
  endfacet
  facet normal -0.903996 -0 -0.427542
    outer loop
      vertex 6.57031 0 -7.48808
      vertex 6.88289 -10 -8.149
      vertex 6.57031 -10 -7.48808
    endloop
  endfacet
  facet normal -0.941541 0 -0.336899
    outer loop
      vertex 7.1292 -10 -8.83737
      vertex 6.88289 0 -8.149
      vertex 7.1292 0 -8.83737
    endloop
  endfacet
  facet normal -0.941541 -0 -0.336899
    outer loop
      vertex 6.88289 0 -8.149
      vertex 7.1292 -10 -8.83737
      vertex 6.88289 -10 -8.149
    endloop
  endfacet
  facet normal -0.970033 0 -0.242973
    outer loop
      vertex 7.30684 -10 -9.54657
      vertex 7.1292 0 -8.83737
      vertex 7.30684 0 -9.54657
    endloop
  endfacet
  facet normal -0.970033 -0 -0.242973
    outer loop
      vertex 7.1292 0 -8.83737
      vertex 7.30684 -10 -9.54657
      vertex 7.1292 -10 -8.83737
    endloop
  endfacet
  facet normal -0.989177 0 -0.146729
    outer loop
      vertex 7.41412 -10 -10.2698
      vertex 7.30684 0 -9.54657
      vertex 7.41412 0 -10.2698
    endloop
  endfacet
  facet normal -0.989177 -0 -0.146729
    outer loop
      vertex 7.30684 0 -9.54657
      vertex 7.41412 -10 -10.2698
      vertex 7.30684 -10 -9.54657
    endloop
  endfacet
  facet normal -0.998795 0 -0.049078
    outer loop
      vertex 7.45 -10 -11
      vertex 7.41412 0 -10.2698
      vertex 7.45 0 -11
    endloop
  endfacet
  facet normal -0.998795 -0 -0.049078
    outer loop
      vertex 7.41412 0 -10.2698
      vertex 7.45 -10 -11
      vertex 7.41412 -10 -10.2698
    endloop
  endfacet
  facet normal -0.998795 0 0.049078
    outer loop
      vertex 7.41412 -10 -11.7302
      vertex 7.45 0 -11
      vertex 7.41412 0 -11.7302
    endloop
  endfacet
  facet normal -0.998795 0 0.049078
    outer loop
      vertex 7.45 0 -11
      vertex 7.41412 -10 -11.7302
      vertex 7.45 -10 -11
    endloop
  endfacet
  facet normal -0.989176 0 0.146735
    outer loop
      vertex 7.30684 -10 -12.4534
      vertex 7.41412 0 -11.7302
      vertex 7.30684 0 -12.4534
    endloop
  endfacet
  facet normal -0.989176 0 0.146735
    outer loop
      vertex 7.41412 0 -11.7302
      vertex 7.30684 -10 -12.4534
      vertex 7.41412 -10 -11.7302
    endloop
  endfacet
  facet normal -0.970033 0 0.242973
    outer loop
      vertex 7.1292 -10 -13.1626
      vertex 7.30684 0 -12.4534
      vertex 7.1292 0 -13.1626
    endloop
  endfacet
  facet normal -0.970033 0 0.242973
    outer loop
      vertex 7.30684 0 -12.4534
      vertex 7.1292 -10 -13.1626
      vertex 7.30684 -10 -12.4534
    endloop
  endfacet
  facet normal -0.941546 0 0.336886
    outer loop
      vertex 6.88289 -10 -13.851
      vertex 7.1292 0 -13.1626
      vertex 6.88289 0 -13.851
    endloop
  endfacet
  facet normal -0.941546 0 0.336886
    outer loop
      vertex 7.1292 0 -13.1626
      vertex 6.88289 -10 -13.851
      vertex 7.1292 -10 -13.1626
    endloop
  endfacet
  facet normal -0.903991 0 0.427552
    outer loop
      vertex 6.57031 -10 -14.5119
      vertex 6.88289 0 -13.851
      vertex 6.57031 0 -14.5119
    endloop
  endfacet
  facet normal -0.903991 0 0.427552
    outer loop
      vertex 6.88289 0 -13.851
      vertex 6.57031 -10 -14.5119
      vertex 6.88289 -10 -13.851
    endloop
  endfacet
  facet normal -0.857728 0 0.514103
    outer loop
      vertex 6.19444 -10 -15.139
      vertex 6.57031 0 -14.5119
      vertex 6.19444 0 -15.139
    endloop
  endfacet
  facet normal -0.857728 0 0.514103
    outer loop
      vertex 6.57031 0 -14.5119
      vertex 6.19444 -10 -15.139
      vertex 6.57031 -10 -14.5119
    endloop
  endfacet
  facet normal -0.803199 0 0.595711
    outer loop
      vertex 5.75893 -10 -15.7262
      vertex 6.19444 0 -15.139
      vertex 5.75893 0 -15.7262
    endloop
  endfacet
  facet normal -0.803199 0 0.595711
    outer loop
      vertex 6.19444 0 -15.139
      vertex 5.75893 -10 -15.7262
      vertex 6.19444 -10 -15.139
    endloop
  endfacet
  facet normal -0.740936 0 0.671575
    outer loop
      vertex 5.26794 -10 -16.2679
      vertex 5.75893 0 -15.7262
      vertex 5.26794 0 -16.2679
    endloop
  endfacet
  facet normal -0.740936 0 0.671575
    outer loop
      vertex 5.75893 0 -15.7262
      vertex 5.26794 -10 -16.2679
      vertex 5.75893 -10 -15.7262
    endloop
  endfacet
  facet normal -0.671546 0 0.740963
    outer loop
      vertex 5.14999 0 -16.3748
      vertex 5.26794 -10 -16.2679
      vertex 5.26794 0 -16.2679
    endloop
  endfacet
  facet normal -0.671546 0 0.740963
    outer loop
      vertex 5.26794 -10 -16.2679
      vertex 5.14999 0 -16.3748
      vertex 5.14999 -10 -16.3748
    endloop
  endfacet
  facet normal -1 0 0
    outer loop
      vertex 5.14999 -10 -44.5899
      vertex 5.14999 0 -16.3748
      vertex 5.14999 0 -44.5899
    endloop
  endfacet
  facet normal -1 -0 0
    outer loop
      vertex 5.14999 0 -16.3748
      vertex 5.14999 -10 -44.5899
      vertex 5.14999 -10 -16.3748
    endloop
  endfacet
  facet normal -0.998795 0 -0.0490836
    outer loop
      vertex 5.16203 -10 -44.8349
      vertex 5.14999 0 -44.5899
      vertex 5.16203 0 -44.8349
    endloop
  endfacet
  facet normal -0.998795 -0 -0.0490836
    outer loop
      vertex 5.14999 0 -44.5899
      vertex 5.16203 -10 -44.8349
      vertex 5.14999 -10 -44.5899
    endloop
  endfacet
  facet normal -0.989177 0 -0.146726
    outer loop
      vertex 5.19803 -10 -45.0776
      vertex 5.16203 0 -44.8349
      vertex 5.19803 0 -45.0776
    endloop
  endfacet
  facet normal -0.989177 -0 -0.146726
    outer loop
      vertex 5.16203 0 -44.8349
      vertex 5.19803 -10 -45.0776
      vertex 5.16203 -10 -44.8349
    endloop
  endfacet
  facet normal -0.970037 0 -0.242958
    outer loop
      vertex 5.25764 -10 -45.3156
      vertex 5.19803 0 -45.0776
      vertex 5.25764 0 -45.3156
    endloop
  endfacet
  facet normal -0.970037 -0 -0.242958
    outer loop
      vertex 5.19803 0 -45.0776
      vertex 5.25764 -10 -45.3156
      vertex 5.19803 -10 -45.0776
    endloop
  endfacet
  facet normal -0.941535 0 -0.336915
    outer loop
      vertex 5.3403 -10 -45.5466
      vertex 5.25764 0 -45.3156
      vertex 5.3403 0 -45.5466
    endloop
  endfacet
  facet normal -0.941535 -0 -0.336915
    outer loop
      vertex 5.25764 0 -45.3156
      vertex 5.3403 -10 -45.5466
      vertex 5.25764 -10 -45.3156
    endloop
  endfacet
  facet normal -0.904011 0 -0.42751
    outer loop
      vertex 5.44519 -10 -45.7684
      vertex 5.3403 0 -45.5466
      vertex 5.44519 0 -45.7684
    endloop
  endfacet
  facet normal -0.904011 -0 -0.42751
    outer loop
      vertex 5.3403 0 -45.5466
      vertex 5.44519 -10 -45.7684
      vertex 5.3403 -10 -45.5466
    endloop
  endfacet
  facet normal -0.857691 0 -0.514166
    outer loop
      vertex 5.57132 -10 -45.9788
      vertex 5.44519 0 -45.7684
      vertex 5.57132 0 -45.9788
    endloop
  endfacet
  facet normal -0.857691 -0 -0.514166
    outer loop
      vertex 5.44519 0 -45.7684
      vertex 5.57132 -10 -45.9788
      vertex 5.44519 -10 -45.7684
    endloop
  endfacet
  facet normal -0.803265 0 -0.595622
    outer loop
      vertex 5.71747 -10 -46.1759
      vertex 5.57132 0 -45.9788
      vertex 5.71747 0 -46.1759
    endloop
  endfacet
  facet normal -0.803265 -0 -0.595622
    outer loop
      vertex 5.57132 0 -45.9788
      vertex 5.71747 -10 -46.1759
      vertex 5.57132 -10 -45.9788
    endloop
  endfacet
  facet normal -0.740795 0 -0.671731
    outer loop
      vertex 5.88223 -10 -46.3576
      vertex 5.71747 0 -46.1759
      vertex 5.88223 0 -46.3576
    endloop
  endfacet
  facet normal -0.740795 -0 -0.671731
    outer loop
      vertex 5.71747 0 -46.1759
      vertex 5.88223 -10 -46.3576
      vertex 5.71747 -10 -46.1759
    endloop
  endfacet
  facet normal -0.671658 0 -0.740861
    outer loop
      vertex 5.88223 -10 -46.3576
      vertex 6.06401 0 -46.5224
      vertex 6.06401 -10 -46.5224
    endloop
  endfacet
  facet normal -0.671658 0 -0.740861
    outer loop
      vertex 6.06401 0 -46.5224
      vertex 5.88223 -10 -46.3576
      vertex 5.88223 0 -46.3576
    endloop
  endfacet
  facet normal -0.595588 0 -0.80329
    outer loop
      vertex 6.06401 -10 -46.5224
      vertex 6.26106 0 -46.6685
      vertex 6.26106 -10 -46.6685
    endloop
  endfacet
  facet normal -0.595588 0 -0.80329
    outer loop
      vertex 6.26106 0 -46.6685
      vertex 6.06401 -10 -46.5224
      vertex 6.06401 0 -46.5224
    endloop
  endfacet
  facet normal -0.514304 0 -0.857608
    outer loop
      vertex 6.26106 -10 -46.6685
      vertex 6.4715 0 -46.7947
      vertex 6.4715 -10 -46.7947
    endloop
  endfacet
  facet normal -0.514304 0 -0.857608
    outer loop
      vertex 6.4715 0 -46.7947
      vertex 6.26106 -10 -46.6685
      vertex 6.26106 0 -46.6685
    endloop
  endfacet
  facet normal -0.427575 0 -0.90398
    outer loop
      vertex 6.4715 -10 -46.7947
      vertex 6.69328 0 -46.8996
      vertex 6.69328 -10 -46.8996
    endloop
  endfacet
  facet normal -0.427575 0 -0.90398
    outer loop
      vertex 6.69328 0 -46.8996
      vertex 6.4715 -10 -46.7947
      vertex 6.4715 0 -46.7947
    endloop
  endfacet
  facet normal -0.336685 0 -0.941617
    outer loop
      vertex 6.69328 -10 -46.8996
      vertex 6.92429 0 -46.9822
      vertex 6.92429 -10 -46.9822
    endloop
  endfacet
  facet normal -0.336685 0 -0.941617
    outer loop
      vertex 6.92429 0 -46.9822
      vertex 6.69328 -10 -46.8996
      vertex 6.69328 0 -46.8996
    endloop
  endfacet
  facet normal -0.242948 0 -0.970039
    outer loop
      vertex 6.92429 -10 -46.9822
      vertex 7.16226 0 -47.0418
      vertex 7.16226 -10 -47.0418
    endloop
  endfacet
  facet normal -0.242948 0 -0.970039
    outer loop
      vertex 7.16226 0 -47.0418
      vertex 6.92429 -10 -46.9822
      vertex 6.92429 0 -46.9822
    endloop
  endfacet
  facet normal -0.146732 0 -0.989176
    outer loop
      vertex 7.16226 -10 -47.0418
      vertex 7.40495 0 -47.0778
      vertex 7.40495 -10 -47.0778
    endloop
  endfacet
  facet normal -0.146732 0 -0.989176
    outer loop
      vertex 7.40495 0 -47.0778
      vertex 7.16226 -10 -47.0418
      vertex 7.16226 0 -47.0418
    endloop
  endfacet
  facet normal -0.0493196 0 -0.998783
    outer loop
      vertex 7.40495 -10 -47.0778
      vertex 7.64999 0 -47.0899
      vertex 7.64999 -10 -47.0899
    endloop
  endfacet
  facet normal -0.0493196 0 -0.998783
    outer loop
      vertex 7.64999 0 -47.0899
      vertex 7.40495 -10 -47.0778
      vertex 7.40495 0 -47.0778
    endloop
  endfacet
  facet normal 0.0493196 0 -0.998783
    outer loop
      vertex 7.64999 -10 -47.0899
      vertex 7.89503 0 -47.0778
      vertex 7.89503 -10 -47.0778
    endloop
  endfacet
  facet normal 0.0493196 0 -0.998783
    outer loop
      vertex 7.89503 0 -47.0778
      vertex 7.64999 -10 -47.0899
      vertex 7.64999 0 -47.0899
    endloop
  endfacet
  facet normal 0 -0.751805 0.659385
    outer loop
      vertex 7 -12.5882 20.6933
      vertex 17 -11.9154 21.4604
      vertex 7 -11.9154 21.4604
    endloop
  endfacet
  facet normal 0 -0.751805 0.659385
    outer loop
      vertex 17 -11.9154 21.4604
      vertex 7 -12.5882 20.6933
      vertex 17 -12.5882 20.6933
    endloop
  endfacet
  facet normal 0 -0.321386 0.946948
    outer loop
      vertex 7 -8.41879 23.4792
      vertex 17 -9.38493 23.1513
      vertex 17 -8.41879 23.4792
    endloop
  endfacet
  facet normal 0 -0.321386 0.946948
    outer loop
      vertex 17 -9.38493 23.1513
      vertex 7 -8.41879 23.4792
      vertex 7 -9.38493 23.1513
    endloop
  endfacet
  facet normal 0 -0.659363 -0.751825
    outer loop
      vertex 7 -11.9154 10.4296
      vertex 17 -11.1483 9.75684
      vertex 17 -11.9154 10.4296
    endloop
  endfacet
  facet normal -0 -0.659363 -0.751825
    outer loop
      vertex 17 -11.1483 9.75684
      vertex 7 -11.9154 10.4296
      vertex 7 -11.1483 9.75684
    endloop
  endfacet
  facet normal 0 -0.0654033 -0.997859
    outer loop
      vertex 7 -7.4181 8.21173
      vertex 17 -6.4 8.145
      vertex 17 -7.4181 8.21173
    endloop
  endfacet
  facet normal -0 -0.0654033 -0.997859
    outer loop
      vertex 17 -6.4 8.145
      vertex 7 -7.4181 8.21173
      vertex 7 -6.4 8.145
    endloop
  endfacet
  facet normal 0 0.0654041 -0.997859
    outer loop
      vertex 7 -6.4 8.145
      vertex 17 -5.5 8.20399
      vertex 17 -6.4 8.145
    endloop
  endfacet
  facet normal 0 0.0654041 -0.997859
    outer loop
      vertex 17 -5.5 8.20399
      vertex 7 -6.4 8.145
      vertex 7 -5.5 8.20399
    endloop
  endfacet
  facet normal 0 0.946928 0.321447
    outer loop
      vertex 17 1.03886 18.2447
      vertex 16.4598 0.80626 18.9299
      vertex 17 0.80626 18.9299
    endloop
  endfacet
  facet normal -0 0.195138 0.980776
    outer loop
      vertex 7 -4.38121 23.4792
      vertex 17 -5.3819 23.6783
      vertex 17 -4.38121 23.4792
    endloop
  endfacet
  facet normal 0 0.195138 0.980776
    outer loop
      vertex 17 -5.3819 23.6783
      vertex 7 -4.38121 23.4792
      vertex 7 -5.3819 23.6783
    endloop
  endfacet
  facet normal 0 -0.555587 -0.831459
    outer loop
      vertex 7 -11.1483 9.75684
      vertex 17 -10.3 9.19
      vertex 17 -11.1483 9.75684
    endloop
  endfacet
  facet normal -0 -0.555587 -0.831459
    outer loop
      vertex 17 -10.3 9.19
      vertex 7 -11.1483 9.75684
      vertex 7 -10.3 9.19
    endloop
  endfacet
  facet normal 1 -0 0
    outer loop
      vertex 17 -5.72126 10.7895
      vertex 17 -5.5 8.20399
      vertex 17 -5.5 10.8335
    endloop
  endfacet
  facet normal 1 -0 0
    outer loop
      vertex 17 -6.4 10.745
      vertex 17 -5.5 8.20399
      vertex 17 -5.72126 10.7895
    endloop
  endfacet
  facet normal 1 0 0
    outer loop
      vertex 17 -6.4 10.745
      vertex 17 -6.4 8.145
      vertex 17 -5.5 8.20399
    endloop
  endfacet
  facet normal 1 0 0
    outer loop
      vertex 17 -7.07874 10.7895
      vertex 17 -6.4 8.145
      vertex 17 -6.4 10.745
    endloop
  endfacet
  facet normal 1 0 0
    outer loop
      vertex 17 -7.07874 10.7895
      vertex 17 -7.4181 8.21173
      vertex 17 -6.4 8.145
    endloop
  endfacet
  facet normal 1 0 0
    outer loop
      vertex 17 -7.74586 10.9222
      vertex 17 -7.4181 8.21173
      vertex 17 -7.07874 10.7895
    endloop
  endfacet
  facet normal 1 0 0
    outer loop
      vertex 17 -8.41879 8.41078
      vertex 17 -7.74586 10.9222
      vertex 17 -8.38995 11.1408
    endloop
  endfacet
  facet normal 1 0 0
    outer loop
      vertex 17 -7.74586 10.9222
      vertex 17 -8.41879 8.41078
      vertex 17 -7.4181 8.21173
    endloop
  endfacet
  facet normal 1 0 0
    outer loop
      vertex 17 -9.38493 8.73874
      vertex 17 -8.38995 11.1408
      vertex 17 -9 11.4417
    endloop
  endfacet
  facet normal 1 0 0
    outer loop
      vertex 17 -8.38995 11.1408
      vertex 17 -9.38493 8.73874
      vertex 17 -8.41879 8.41078
    endloop
  endfacet
  facet normal 1 0 0
    outer loop
      vertex 17 -10.3 9.19
      vertex 17 -9 11.4417
      vertex 17 -9.56556 11.8196
    endloop
  endfacet
  facet normal 1 0 0
    outer loop
      vertex 17 -11.1483 9.75684
      vertex 17 -9.56556 11.8196
      vertex 17 -9.59457 11.845
    endloop
  endfacet
  facet normal 1 0 0
    outer loop
      vertex 17 -9 11.4417
      vertex 17 -10.3 9.19
      vertex 17 -9.38493 8.73874
    endloop
  endfacet
  facet normal 1 0 0
    outer loop
      vertex 17 -9.56556 11.8196
      vertex 17 -11.1483 9.75684
      vertex 17 -10.3 9.19
    endloop
  endfacet
  facet normal 1 0 0
    outer loop
      vertex 17 -9.59457 11.845
      vertex 17 -11.9154 10.4296
      vertex 17 -11.1483 9.75684
    endloop
  endfacet
  facet normal 1 0 0
    outer loop
      vertex 17 -9.59457 11.845
      vertex 17 -12.5882 11.1967
      vertex 17 -11.9154 10.4296
    endloop
  endfacet
  facet normal 1 0 -0
    outer loop
      vertex 17 -12.5882 11.1967
      vertex 17 -9.59457 11.845
      vertex 17 -13.0214 11.845
    endloop
  endfacet
  facet normal 1 0 0
    outer loop
      vertex 17 0 18.2447
      vertex 17 -1.24449 16.6237
      vertex 17 -1.2 15.945
    endloop
  endfacet
  facet normal 1 0 0
    outer loop
      vertex 17 0 18.2447
      vertex 17 -1.37718 17.2909
      vertex 17 -1.24449 16.6237
    endloop
  endfacet
  facet normal 1 0 0
    outer loop
      vertex 17 0 18.2447
      vertex 17 -1.59583 17.935
      vertex 17 -1.37718 17.2909
    endloop
  endfacet
  facet normal 1 0 0
    outer loop
      vertex 17 -2.72304 19.622
      vertex 17 -0.884566 21.4604
      vertex 17 -1.65166 22.1332
    endloop
  endfacet
  facet normal 1 0 0
    outer loop
      vertex 17 0 18.2447
      vertex 17 -1.89667 18.545
      vertex 17 -1.59583 17.935
    endloop
  endfacet
  facet normal 1 0 0
    outer loop
      vertex 17 0.354998 19.845
      vertex 17 -1.89667 18.545
      vertex 17 0 18.2447
    endloop
  endfacet
  facet normal 1 0 0
    outer loop
      vertex 17 -3.23444 20.0704
      vertex 17 -1.65166 22.1332
      vertex 17 -2.5 22.7
    endloop
  endfacet
  facet normal 1 0 0
    outer loop
      vertex 17 -0.884566 21.4604
      vertex 17 -2.72304 19.622
      vertex 17 -2.27456 19.1106
    endloop
  endfacet
  facet normal 1 0 0
    outer loop
      vertex 17 -1.65166 22.1332
      vertex 17 -3.23444 20.0704
      vertex 17 -2.72304 19.622
    endloop
  endfacet
  facet normal 1 0 0
    outer loop
      vertex 17 -3.8 20.4483
      vertex 17 -2.5 22.7
      vertex 17 -3.41507 23.1513
    endloop
  endfacet
  facet normal 1 0 0
    outer loop
      vertex 17 -2.5 22.7
      vertex 17 -3.8 20.4483
      vertex 17 -3.23444 20.0704
    endloop
  endfacet
  facet normal 1 0 0
    outer loop
      vertex 17 -4.41005 20.7492
      vertex 17 -3.41507 23.1513
      vertex 17 -4.38121 23.4792
    endloop
  endfacet
  facet normal 1 0 0
    outer loop
      vertex 17 -3.41507 23.1513
      vertex 17 -4.41005 20.7492
      vertex 17 -3.8 20.4483
    endloop
  endfacet
  facet normal 1 0 0
    outer loop
      vertex 17 -4.38121 23.4792
      vertex 17 -5.05414 20.9678
      vertex 17 -4.41005 20.7492
    endloop
  endfacet
  facet normal 1 0 0
    outer loop
      vertex 17 -5.3819 23.6783
      vertex 17 -5.05414 20.9678
      vertex 17 -4.38121 23.4792
    endloop
  endfacet
  facet normal 1 0 0
    outer loop
      vertex 17 -5.3819 23.6783
      vertex 17 -5.72126 21.1005
      vertex 17 -5.05414 20.9678
    endloop
  endfacet
  facet normal 1 0 0
    outer loop
      vertex 17 -6.4 23.745
      vertex 17 -5.72126 21.1005
      vertex 17 -5.3819 23.6783
    endloop
  endfacet
  facet normal 1 0 0
    outer loop
      vertex 17 -6.4 23.745
      vertex 17 -6.4 21.145
      vertex 17 -5.72126 21.1005
    endloop
  endfacet
  facet normal 1 0 0
    outer loop
      vertex 17 -6.4 23.745
      vertex 17 -7.07874 21.1005
      vertex 17 -6.4 21.145
    endloop
  endfacet
  facet normal 1 -0 0
    outer loop
      vertex 17 -7.4181 23.6783
      vertex 17 -7.07874 21.1005
      vertex 17 -6.4 23.745
    endloop
  endfacet
  facet normal 1 0 0
    outer loop
      vertex 17 -7.4181 23.6783
      vertex 17 -7.74586 20.9678
      vertex 17 -7.07874 21.1005
    endloop
  endfacet
  facet normal 1 -0 0
    outer loop
      vertex 17 -8.41879 23.4792
      vertex 17 -7.74586 20.9678
      vertex 17 -7.4181 23.6783
    endloop
  endfacet
  facet normal 1 0 0
    outer loop
      vertex 17 -7.74586 20.9678
      vertex 17 -8.41879 23.4792
      vertex 17 -8.38995 20.7492
    endloop
  endfacet
  facet normal 1 -0 0
    outer loop
      vertex 17 -9.38493 23.1513
      vertex 17 -8.38995 20.7492
      vertex 17 -8.41879 23.4792
    endloop
  endfacet
  facet normal 1 0 0
    outer loop
      vertex 17 -8.38995 20.7492
      vertex 17 -9.38493 23.1513
      vertex 17 -9 20.4483
    endloop
  endfacet
  facet normal 1 -0 0
    outer loop
      vertex 17 -10.3 22.7
      vertex 17 -9 20.4483
      vertex 17 -9.38493 23.1513
    endloop
  endfacet
  facet normal 1 0 0
    outer loop
      vertex 17 -9 20.4483
      vertex 17 -10.3 22.7
      vertex 17 -9.56556 20.0704
    endloop
  endfacet
  facet normal 1 -0 0
    outer loop
      vertex 17 -11.1483 22.1332
      vertex 17 -9.56556 20.0704
      vertex 17 -10.3 22.7
    endloop
  endfacet
  facet normal 1 0 0
    outer loop
      vertex 17 -9.56556 20.0704
      vertex 17 -11.1483 22.1332
      vertex 17 -9.59457 20.045
    endloop
  endfacet
  facet normal 1 -0 0
    outer loop
      vertex 17 -11.9154 21.4604
      vertex 17 -9.59457 20.045
      vertex 17 -11.1483 22.1332
    endloop
  endfacet
  facet normal 1 -0 0
    outer loop
      vertex 17 -12.5882 20.6933
      vertex 17 -9.59457 20.045
      vertex 17 -11.9154 21.4604
    endloop
  endfacet
  facet normal 1 0 0
    outer loop
      vertex 17 -9.59457 20.045
      vertex 17 -12.5882 20.6933
      vertex 17 -13.0214 20.045
    endloop
  endfacet
  facet normal 1 0 0
    outer loop
      vertex 17 0 18.2447
      vertex 17 0.80626 18.9299
      vertex 17 0.354998 19.845
    endloop
  endfacet
  facet normal 1 0 0
    outer loop
      vertex 17 0.80626 18.9299
      vertex 17 0 18.2447
      vertex 17 1.03886 18.2447
    endloop
  endfacet
  facet normal 1 0 0
    outer loop
      vertex 17 -2.27456 19.1106
      vertex 17 0.354998 19.845
      vertex 17 -0.211843 20.6933
    endloop
  endfacet
  facet normal 1 0 0
    outer loop
      vertex 17 -2.27456 19.1106
      vertex 17 -0.211843 20.6933
      vertex 17 -0.884566 21.4604
    endloop
  endfacet
  facet normal 1 0 -0
    outer loop
      vertex 17 -1.89667 18.545
      vertex 17 0.354998 19.845
      vertex 17 -2.27456 19.1106
    endloop
  endfacet
  facet normal 1 0 0
    outer loop
      vertex 17 -1.24449 15.2663
      vertex 17 0 18.2447
      vertex 17 -1.2 15.945
    endloop
  endfacet
  facet normal 1 0 0
    outer loop
      vertex 17 0 18.2447
      vertex 17 -1.24449 15.2663
      vertex 17 0 7.855
    endloop
  endfacet
  facet normal 1 -0 0
    outer loop
      vertex 17 -1.37718 14.5991
      vertex 17 0 7.855
      vertex 17 -1.24449 15.2663
    endloop
  endfacet
  facet normal 1 -0 0
    outer loop
      vertex 17 -1.59583 13.955
      vertex 17 0 7.855
      vertex 17 -1.37718 14.5991
    endloop
  endfacet
  facet normal 1 -0 0
    outer loop
      vertex 17 -1.64516 13.855
      vertex 17 0 7.855
      vertex 17 -1.59583 13.955
    endloop
  endfacet
  facet normal 1 0 0
    outer loop
      vertex 17 -5.5 10.8335
      vertex 17 -1.64516 13.855
      vertex 17 -5.5 13.855
    endloop
  endfacet
  facet normal 1 0 0
    outer loop
      vertex 17 -1.64516 13.855
      vertex 17 -5.5 10.8335
      vertex 17 0 7.855
    endloop
  endfacet
  facet normal 1 -0 0
    outer loop
      vertex 17 -5.5 8.20399
      vertex 17 0 7.855
      vertex 17 -5.5 10.8335
    endloop
  endfacet
  facet normal 1 0 0
    outer loop
      vertex 17 0 7.855
      vertex 17 -5.5 8.20399
      vertex 17 -5.5 7.855
    endloop
  endfacet
  facet normal 0 -0.065374 0.997861
    outer loop
      vertex 7 -6.4 23.745
      vertex 17 -7.4181 23.6783
      vertex 17 -6.4 23.745
    endloop
  endfacet
  facet normal 0 -0.065374 0.997861
    outer loop
      vertex 17 -7.4181 23.6783
      vertex 7 -6.4 23.745
      vertex 7 -7.4181 23.6783
    endloop
  endfacet
  facet normal 0 -0.195091 -0.980785
    outer loop
      vertex 7 -8.41879 8.41078
      vertex 17 -7.4181 8.21173
      vertex 17 -8.41879 8.41078
    endloop
  endfacet
  facet normal -0 -0.195091 -0.980785
    outer loop
      vertex 17 -7.4181 8.21173
      vertex 7 -8.41879 8.41078
      vertex 7 -7.4181 8.21173
    endloop
  endfacet
  facet normal 0 0.831433 0.555625
    outer loop
      vertex 17 -0.211843 20.6933
      vertex 15.4501 0 20.3763
      vertex 7 -0.211843 20.6933
    endloop
  endfacet
  facet normal -0 0.831458 0.555587
    outer loop
      vertex 15.8051 0.354998 19.845
      vertex 17 -0.211843 20.6933
      vertex 17 0.354998 19.845
    endloop
  endfacet
  facet normal 1.58298e-05 0.831469 0.555572
    outer loop
      vertex 17 -0.211843 20.6933
      vertex 15.8051 0.354998 19.845
      vertex 15.4501 0 20.3763
    endloop
  endfacet
  facet normal 0 0.831433 0.555625
    outer loop
      vertex 7 -0.211843 20.6933
      vertex 15.4501 0 20.3763
      vertex 7 0 20.3763
    endloop
  endfacet
  facet normal 0 0.751843 0.659343
    outer loop
      vertex 17 -0.211843 20.6933
      vertex 7 -0.884566 21.4604
      vertex 17 -0.884566 21.4604
    endloop
  endfacet
  facet normal 0 0.751843 0.659343
    outer loop
      vertex 7 -0.884566 21.4604
      vertex 17 -0.211843 20.6933
      vertex 7 -0.211843 20.6933
    endloop
  endfacet
  facet normal 0 -0.442287 -0.896874
    outer loop
      vertex 7 -10.3 9.19
      vertex 17 -9.38493 8.73874
      vertex 17 -10.3 9.19
    endloop
  endfacet
  facet normal -0 -0.442287 -0.896874
    outer loop
      vertex 17 -9.38493 8.73874
      vertex 7 -10.3 9.19
      vertex 7 -9.38493 8.73874
    endloop
  endfacet
  facet normal -0 0.321386 0.946948
    outer loop
      vertex 7 -3.41507 23.1513
      vertex 17 -4.38121 23.4792
      vertex 17 -3.41507 23.1513
    endloop
  endfacet
  facet normal 0 0.321386 0.946948
    outer loop
      vertex 17 -4.38121 23.4792
      vertex 7 -3.41507 23.1513
      vertex 7 -4.38121 23.4792
    endloop
  endfacet
  facet normal 0 -0.831458 -0.555588
    outer loop
      vertex 7 -12.5882 11.1967
      vertex 17 -13.0214 11.845
      vertex 7 -13.0214 11.845
    endloop
  endfacet
  facet normal 0 -0.831458 -0.555588
    outer loop
      vertex 17 -13.0214 11.845
      vertex 7 -12.5882 11.1967
      vertex 17 -12.5882 11.1967
    endloop
  endfacet
  facet normal 0 -0.659385 0.751805
    outer loop
      vertex 7 -11.1483 22.1332
      vertex 17 -11.9154 21.4604
      vertex 17 -11.1483 22.1332
    endloop
  endfacet
  facet normal 0 -0.659385 0.751805
    outer loop
      vertex 17 -11.9154 21.4604
      vertex 7 -11.1483 22.1332
      vertex 7 -11.9154 21.4604
    endloop
  endfacet
  facet normal 0 -0.751805 -0.659385
    outer loop
      vertex 7 -11.9154 10.4296
      vertex 17 -12.5882 11.1967
      vertex 7 -12.5882 11.1967
    endloop
  endfacet
  facet normal 0 -0.751805 -0.659385
    outer loop
      vertex 17 -12.5882 11.1967
      vertex 7 -11.9154 10.4296
      vertex 17 -11.9154 10.4296
    endloop
  endfacet
  facet normal 0 -0.321439 -0.94693
    outer loop
      vertex 7 -9.38493 8.73874
      vertex 17 -8.41879 8.41078
      vertex 17 -9.38493 8.73874
    endloop
  endfacet
  facet normal -0 -0.321439 -0.94693
    outer loop
      vertex 17 -8.41879 8.41078
      vertex 7 -9.38493 8.73874
      vertex 7 -8.41879 8.41078
    endloop
  endfacet
  facet normal 0 -0.195138 0.980776
    outer loop
      vertex 7 -7.4181 23.6783
      vertex 17 -8.41879 23.4792
      vertex 17 -7.4181 23.6783
    endloop
  endfacet
  facet normal 0 -0.195138 0.980776
    outer loop
      vertex 17 -8.41879 23.4792
      vertex 7 -7.4181 23.6783
      vertex 7 -8.41879 23.4792
    endloop
  endfacet
  facet normal -0 0.065374 0.997861
    outer loop
      vertex 7 -5.3819 23.6783
      vertex 17 -6.4 23.745
      vertex 17 -5.3819 23.6783
    endloop
  endfacet
  facet normal 0 0.065374 0.997861
    outer loop
      vertex 17 -6.4 23.745
      vertex 7 -5.3819 23.6783
      vertex 7 -6.4 23.745
    endloop
  endfacet
  facet normal -1 0 0
    outer loop
      vertex 7 -5.5 8.20399
      vertex 7 -5.72126 10.7895
      vertex 7 -5.5 10.8335
    endloop
  endfacet
  facet normal -1 0 0
    outer loop
      vertex 7 -6.4 10.745
      vertex 7 -5.5 8.20399
      vertex 7 -6.4 8.145
    endloop
  endfacet
  facet normal -1 0 0
    outer loop
      vertex 7 -5.5 8.20399
      vertex 7 -6.4 10.745
      vertex 7 -5.72126 10.7895
    endloop
  endfacet
  facet normal -1 0 0
    outer loop
      vertex 7 -6.4 8.145
      vertex 7 -7.07874 10.7895
      vertex 7 -6.4 10.745
    endloop
  endfacet
  facet normal -1 0 0
    outer loop
      vertex 7 -7.4181 8.21173
      vertex 7 -7.07874 10.7895
      vertex 7 -6.4 8.145
    endloop
  endfacet
  facet normal -1 0 0
    outer loop
      vertex 7 -7.4181 8.21173
      vertex 7 -7.74586 10.9222
      vertex 7 -7.07874 10.7895
    endloop
  endfacet
  facet normal -1 0 0
    outer loop
      vertex 7 -8.41879 8.41078
      vertex 7 -7.74586 10.9222
      vertex 7 -7.4181 8.21173
    endloop
  endfacet
  facet normal -1 -0 0
    outer loop
      vertex 7 -7.74586 10.9222
      vertex 7 -8.41879 8.41078
      vertex 7 -8.38995 11.1408
    endloop
  endfacet
  facet normal -1 0 0
    outer loop
      vertex 7 -9.38493 8.73874
      vertex 7 -8.38995 11.1408
      vertex 7 -8.41879 8.41078
    endloop
  endfacet
  facet normal -1 -0 0
    outer loop
      vertex 7 -8.38995 11.1408
      vertex 7 -9.38493 8.73874
      vertex 7 -9 11.4417
    endloop
  endfacet
  facet normal -1 0 0
    outer loop
      vertex 7 -10.3 9.19
      vertex 7 -9 11.4417
      vertex 7 -9.38493 8.73874
    endloop
  endfacet
  facet normal -1 -0 0
    outer loop
      vertex 7 -9 11.4417
      vertex 7 -10.3 9.19
      vertex 7 -9.56556 11.8196
    endloop
  endfacet
  facet normal -1 0 0
    outer loop
      vertex 7 -11.1483 9.75684
      vertex 7 -9.56556 11.8196
      vertex 7 -10.3 9.19
    endloop
  endfacet
  facet normal -1 -0 0
    outer loop
      vertex 7 -9.56556 11.8196
      vertex 7 -11.1483 9.75684
      vertex 7 -9.59457 11.845
    endloop
  endfacet
  facet normal -1 0 0
    outer loop
      vertex 7 -11.9154 10.4296
      vertex 7 -9.59457 11.845
      vertex 7 -11.1483 9.75684
    endloop
  endfacet
  facet normal -1 0 0
    outer loop
      vertex 7 -12.5882 11.1967
      vertex 7 -9.59457 11.845
      vertex 7 -11.9154 10.4296
    endloop
  endfacet
  facet normal -1 -0 0
    outer loop
      vertex 7 -9.59457 11.845
      vertex 7 -12.5882 11.1967
      vertex 7 -13.0214 11.845
    endloop
  endfacet
  facet normal -1 0 0
    outer loop
      vertex 7 -1.24449 15.2663
      vertex 7 0 20.3763
      vertex 7 0 7.855
    endloop
  endfacet
  facet normal -1 0 0
    outer loop
      vertex 7 -1.24449 16.6237
      vertex 7 0 20.3763
      vertex 7 -1.2 15.945
    endloop
  endfacet
  facet normal -1 0 0
    outer loop
      vertex 7 -1.37718 17.2909
      vertex 7 0 20.3763
      vertex 7 -1.24449 16.6237
    endloop
  endfacet
  facet normal -1 0 0
    outer loop
      vertex 7 0 20.3763
      vertex 7 -1.24449 15.2663
      vertex 7 -1.2 15.945
    endloop
  endfacet
  facet normal -1 0 0
    outer loop
      vertex 7 0 7.855
      vertex 7 -1.37718 14.5991
      vertex 7 -1.24449 15.2663
    endloop
  endfacet
  facet normal -1 0 0
    outer loop
      vertex 7 0 7.855
      vertex 7 -1.59583 13.955
      vertex 7 -1.37718 14.5991
    endloop
  endfacet
  facet normal -1 0 0
    outer loop
      vertex 7 0 7.855
      vertex 7 -1.64516 13.855
      vertex 7 -1.59583 13.955
    endloop
  endfacet
  facet normal -1 0 0
    outer loop
      vertex 7 -5.5 8.20399
      vertex 7 0 7.855
      vertex 7 -5.5 7.855
    endloop
  endfacet
  facet normal -1 0 0
    outer loop
      vertex 7 -5.5 10.8335
      vertex 7 0 7.855
      vertex 7 -5.5 8.20399
    endloop
  endfacet
  facet normal -1 0 0
    outer loop
      vertex 7 0 7.855
      vertex 7 -5.5 10.8335
      vertex 7 -1.64516 13.855
    endloop
  endfacet
  facet normal -1 -0 0
    outer loop
      vertex 7 -1.64516 13.855
      vertex 7 -5.5 10.8335
      vertex 7 -5.5 13.855
    endloop
  endfacet
  facet normal -1 0 0
    outer loop
      vertex 7 -1.59583 17.935
      vertex 7 0 20.3763
      vertex 7 -1.37718 17.2909
    endloop
  endfacet
  facet normal -1 0 0
    outer loop
      vertex 7 -1.89667 18.545
      vertex 7 0 20.3763
      vertex 7 -1.59583 17.935
    endloop
  endfacet
  facet normal -1 0 0
    outer loop
      vertex 7 -2.27456 19.1106
      vertex 7 0 20.3763
      vertex 7 -1.89667 18.545
    endloop
  endfacet
  facet normal -1 -0 0
    outer loop
      vertex 7 0 20.3763
      vertex 7 -2.27456 19.1106
      vertex 7 -0.211843 20.6933
    endloop
  endfacet
  facet normal -1 -0 0
    outer loop
      vertex 7 -0.211843 20.6933
      vertex 7 -2.27456 19.1106
      vertex 7 -0.884566 21.4604
    endloop
  endfacet
  facet normal -1 0 0
    outer loop
      vertex 7 -2.72304 19.622
      vertex 7 -0.884566 21.4604
      vertex 7 -2.27456 19.1106
    endloop
  endfacet
  facet normal -1 -0 0
    outer loop
      vertex 7 -0.884566 21.4604
      vertex 7 -2.72304 19.622
      vertex 7 -1.65166 22.1332
    endloop
  endfacet
  facet normal -1 0 0
    outer loop
      vertex 7 -3.23444 20.0704
      vertex 7 -1.65166 22.1332
      vertex 7 -2.72304 19.622
    endloop
  endfacet
  facet normal -1 -0 0
    outer loop
      vertex 7 -1.65166 22.1332
      vertex 7 -3.23444 20.0704
      vertex 7 -2.5 22.7
    endloop
  endfacet
  facet normal -1 0 0
    outer loop
      vertex 7 -3.8 20.4483
      vertex 7 -2.5 22.7
      vertex 7 -3.23444 20.0704
    endloop
  endfacet
  facet normal -1 -0 0
    outer loop
      vertex 7 -2.5 22.7
      vertex 7 -3.8 20.4483
      vertex 7 -3.41507 23.1513
    endloop
  endfacet
  facet normal -1 0 0
    outer loop
      vertex 7 -4.41005 20.7492
      vertex 7 -3.41507 23.1513
      vertex 7 -3.8 20.4483
    endloop
  endfacet
  facet normal -1 -0 0
    outer loop
      vertex 7 -3.41507 23.1513
      vertex 7 -4.41005 20.7492
      vertex 7 -4.38121 23.4792
    endloop
  endfacet
  facet normal -1 0 0
    outer loop
      vertex 7 -5.05414 20.9678
      vertex 7 -4.38121 23.4792
      vertex 7 -4.41005 20.7492
    endloop
  endfacet
  facet normal -1 0 0
    outer loop
      vertex 7 -5.05414 20.9678
      vertex 7 -5.3819 23.6783
      vertex 7 -4.38121 23.4792
    endloop
  endfacet
  facet normal -1 0 0
    outer loop
      vertex 7 -5.72126 21.1005
      vertex 7 -5.3819 23.6783
      vertex 7 -5.05414 20.9678
    endloop
  endfacet
  facet normal -1 0 0
    outer loop
      vertex 7 -6.4 21.145
      vertex 7 -5.3819 23.6783
      vertex 7 -5.72126 21.1005
    endloop
  endfacet
  facet normal -1 0 0
    outer loop
      vertex 7 -6.4 21.145
      vertex 7 -6.4 23.745
      vertex 7 -5.3819 23.6783
    endloop
  endfacet
  facet normal -1 0 0
    outer loop
      vertex 7 -7.07874 21.1005
      vertex 7 -6.4 23.745
      vertex 7 -6.4 21.145
    endloop
  endfacet
  facet normal -1 0 0
    outer loop
      vertex 7 -7.07874 21.1005
      vertex 7 -7.4181 23.6783
      vertex 7 -6.4 23.745
    endloop
  endfacet
  facet normal -1 0 0
    outer loop
      vertex 7 -7.74586 20.9678
      vertex 7 -7.4181 23.6783
      vertex 7 -7.07874 21.1005
    endloop
  endfacet
  facet normal -1 0 0
    outer loop
      vertex 7 -8.41879 23.4792
      vertex 7 -7.74586 20.9678
      vertex 7 -8.38995 20.7492
    endloop
  endfacet
  facet normal -1 0 0
    outer loop
      vertex 7 -7.74586 20.9678
      vertex 7 -8.41879 23.4792
      vertex 7 -7.4181 23.6783
    endloop
  endfacet
  facet normal -1 0 0
    outer loop
      vertex 7 -9.38493 23.1513
      vertex 7 -8.38995 20.7492
      vertex 7 -9 20.4483
    endloop
  endfacet
  facet normal -1 0 0
    outer loop
      vertex 7 -8.38995 20.7492
      vertex 7 -9.38493 23.1513
      vertex 7 -8.41879 23.4792
    endloop
  endfacet
  facet normal -1 0 0
    outer loop
      vertex 7 -10.3 22.7
      vertex 7 -9 20.4483
      vertex 7 -9.56556 20.0704
    endloop
  endfacet
  facet normal -1 0 0
    outer loop
      vertex 7 -11.1483 22.1332
      vertex 7 -9.56556 20.0704
      vertex 7 -9.59457 20.045
    endloop
  endfacet
  facet normal -1 0 0
    outer loop
      vertex 7 -9 20.4483
      vertex 7 -10.3 22.7
      vertex 7 -9.38493 23.1513
    endloop
  endfacet
  facet normal -1 0 0
    outer loop
      vertex 7 -9.56556 20.0704
      vertex 7 -11.1483 22.1332
      vertex 7 -10.3 22.7
    endloop
  endfacet
  facet normal -1 0 0
    outer loop
      vertex 7 -9.59457 20.045
      vertex 7 -11.9154 21.4604
      vertex 7 -11.1483 22.1332
    endloop
  endfacet
  facet normal -1 0 0
    outer loop
      vertex 7 -9.59457 20.045
      vertex 7 -12.5882 20.6933
      vertex 7 -11.9154 21.4604
    endloop
  endfacet
  facet normal -1 0 -0
    outer loop
      vertex 7 -12.5882 20.6933
      vertex 7 -9.59457 20.045
      vertex 7 -13.0214 20.045
    endloop
  endfacet
  facet normal -0 0.659388 0.751803
    outer loop
      vertex 7 -0.884566 21.4604
      vertex 17 -1.65166 22.1332
      vertex 17 -0.884566 21.4604
    endloop
  endfacet
  facet normal 0 0.659388 0.751803
    outer loop
      vertex 17 -1.65166 22.1332
      vertex 7 -0.884566 21.4604
      vertex 7 -1.65166 22.1332
    endloop
  endfacet
  facet normal 0 0.896871 0.442293
    outer loop
      vertex 17 0.354998 19.845
      vertex 16.176 0.628697 19.29
      vertex 15.8051 0.354998 19.845
    endloop
  endfacet
  facet normal -0 0.896879 0.442277
    outer loop
      vertex 16.4598 0.80626 18.9299
      vertex 17 0.354998 19.845
      vertex 17 0.80626 18.9299
    endloop
  endfacet
  facet normal 2.27955e-05 0.896884 0.442266
    outer loop
      vertex 17 0.354998 19.845
      vertex 16.4598 0.80626 18.9299
      vertex 16.176 0.628697 19.29
    endloop
  endfacet
  facet normal 0 -0.442318 0.896858
    outer loop
      vertex 7 -9.38493 23.1513
      vertex 17 -10.3 22.7
      vertex 17 -9.38493 23.1513
    endloop
  endfacet
  facet normal 0 -0.442318 0.896858
    outer loop
      vertex 17 -10.3 22.7
      vertex 7 -9.38493 23.1513
      vertex 7 -10.3 22.7
    endloop
  endfacet
  facet normal 0 -0.555559 0.831477
    outer loop
      vertex 7 -10.3 22.7
      vertex 17 -11.1483 22.1332
      vertex 17 -10.3 22.7
    endloop
  endfacet
  facet normal 0 -0.555559 0.831477
    outer loop
      vertex 17 -11.1483 22.1332
      vertex 7 -10.3 22.7
      vertex 7 -11.1483 22.1332
    endloop
  endfacet
  facet normal -0 0.442318 0.896858
    outer loop
      vertex 7 -2.5 22.7
      vertex 17 -3.41507 23.1513
      vertex 17 -2.5 22.7
    endloop
  endfacet
  facet normal 0 0.442318 0.896858
    outer loop
      vertex 17 -3.41507 23.1513
      vertex 7 -2.5 22.7
      vertex 7 -3.41507 23.1513
    endloop
  endfacet
  facet normal -0 0.555541 0.831489
    outer loop
      vertex 7 -1.65166 22.1332
      vertex 17 -2.5 22.7
      vertex 17 -1.65166 22.1332
    endloop
  endfacet
  facet normal 0 0.555541 0.831489
    outer loop
      vertex 17 -2.5 22.7
      vertex 7 -1.65166 22.1332
      vertex 7 -2.5 22.7
    endloop
  endfacet
  facet normal 0 -0.831458 0.555588
    outer loop
      vertex 7 -13.0214 20.045
      vertex 17 -12.5882 20.6933
      vertex 7 -12.5882 20.6933
    endloop
  endfacet
  facet normal 0 -0.831458 0.555588
    outer loop
      vertex 17 -12.5882 20.6933
      vertex 7 -13.0214 20.045
      vertex 17 -13.0214 20.045
    endloop
  endfacet
  facet normal 0 -0.831491 -0.555538
    outer loop
      vertex 7 -1.89667 18.545
      vertex 17 -2.27456 19.1106
      vertex 7 -2.27456 19.1106
    endloop
  endfacet
  facet normal 0 -0.831491 -0.555538
    outer loop
      vertex 17 -2.27456 19.1106
      vertex 7 -1.89667 18.545
      vertex 17 -1.89667 18.545
    endloop
  endfacet
  facet normal 0 -0.442356 -0.89684
    outer loop
      vertex 7 -4.41005 20.7492
      vertex 17 -3.8 20.4483
      vertex 17 -4.41005 20.7492
    endloop
  endfacet
  facet normal -0 -0.442356 -0.89684
    outer loop
      vertex 17 -3.8 20.4483
      vertex 7 -4.41005 20.7492
      vertex 7 -3.8 20.4483
    endloop
  endfacet
  facet normal 0 -0.0654222 0.997858
    outer loop
      vertex 7 -5.72126 10.7895
      vertex 17 -6.4 10.745
      vertex 17 -5.72126 10.7895
    endloop
  endfacet
  facet normal 0 -0.0654222 0.997858
    outer loop
      vertex 17 -6.4 10.745
      vertex 7 -5.72126 10.7895
      vertex 7 -6.4 10.745
    endloop
  endfacet
  facet normal -0 0.195093 0.980785
    outer loop
      vertex 7 -7.07874 10.7895
      vertex 17 -7.74586 10.9222
      vertex 17 -7.07874 10.7895
    endloop
  endfacet
  facet normal 0 0.195093 0.980785
    outer loop
      vertex 17 -7.74586 10.9222
      vertex 7 -7.07874 10.7895
      vertex 7 -7.74586 10.9222
    endloop
  endfacet
  facet normal 0 -0.751844 -0.659341
    outer loop
      vertex 7 -2.27456 19.1106
      vertex 17 -2.72304 19.622
      vertex 7 -2.72304 19.622
    endloop
  endfacet
  facet normal 0 -0.751844 -0.659341
    outer loop
      vertex 17 -2.72304 19.622
      vertex 7 -2.27456 19.1106
      vertex 17 -2.27456 19.1106
    endloop
  endfacet
  facet normal 0 -0.195093 -0.980785
    outer loop
      vertex 7 -5.72126 21.1005
      vertex 17 -5.05414 20.9678
      vertex 17 -5.72126 21.1005
    endloop
  endfacet
  facet normal -0 -0.195093 -0.980785
    outer loop
      vertex 17 -5.05414 20.9678
      vertex 7 -5.72126 21.1005
      vertex 7 -5.05414 20.9678
    endloop
  endfacet
  facet normal -0 0.555575 0.831466
    outer loop
      vertex 7 -9 11.4417
      vertex 17 -9.56556 11.8196
      vertex 17 -9 11.4417
    endloop
  endfacet
  facet normal 0 0.555575 0.831466
    outer loop
      vertex 17 -9.56556 11.8196
      vertex 7 -9 11.4417
      vertex 7 -9.56556 11.8196
    endloop
  endfacet
  facet normal 0 -0.896818 0.4424
    outer loop
      vertex 7 -1.64516 13.855
      vertex 17 -1.59583 13.955
      vertex 7 -1.59583 13.955
    endloop
  endfacet
  facet normal 0 -0.896818 0.4424
    outer loop
      vertex 17 -1.59583 13.955
      vertex 7 -1.64516 13.855
      vertex 17 -1.64516 13.855
    endloop
  endfacet
  facet normal 0 0.195093 -0.980785
    outer loop
      vertex 7 -7.74586 20.9678
      vertex 17 -7.07874 21.1005
      vertex 17 -7.74586 20.9678
    endloop
  endfacet
  facet normal 0 0.195093 -0.980785
    outer loop
      vertex 17 -7.07874 21.1005
      vertex 7 -7.74586 20.9678
      vertex 7 -7.07874 21.1005
    endloop
  endfacet
  facet normal 0 -0.946927 -0.321449
    outer loop
      vertex 7 -1.37718 17.2909
      vertex 17 -1.59583 17.935
      vertex 7 -1.59583 17.935
    endloop
  endfacet
  facet normal 0 -0.946927 -0.321449
    outer loop
      vertex 17 -1.59583 17.935
      vertex 7 -1.37718 17.2909
      vertex 17 -1.37718 17.2909
    endloop
  endfacet
  facet normal -0 0.321388 0.946948
    outer loop
      vertex 7 -7.74586 10.9222
      vertex 17 -8.38995 11.1408
      vertex 17 -7.74586 10.9222
    endloop
  endfacet
  facet normal 0 0.321388 0.946948
    outer loop
      vertex 17 -8.38995 11.1408
      vertex 7 -7.74586 10.9222
      vertex 7 -8.38995 11.1408
    endloop
  endfacet
  facet normal 0 -0.195042 0.980795
    outer loop
      vertex 7 -5.5 10.8335
      vertex 17 -5.72126 10.7895
      vertex 17 -5.5 10.8335
    endloop
  endfacet
  facet normal 0 -0.195042 0.980795
    outer loop
      vertex 17 -5.72126 10.7895
      vertex 7 -5.5 10.8335
      vertex 7 -5.72126 10.7895
    endloop
  endfacet
  facet normal 0 -0.980792 0.195056
    outer loop
      vertex 7 -1.37718 14.5991
      vertex 17 -1.24449 15.2663
      vertex 7 -1.24449 15.2663
    endloop
  endfacet
  facet normal 0 -0.980792 0.195056
    outer loop
      vertex 17 -1.24449 15.2663
      vertex 7 -1.37718 14.5991
      vertex 17 -1.37718 14.5991
    endloop
  endfacet
  facet normal -0 0.0654222 0.997858
    outer loop
      vertex 7 -6.4 10.745
      vertex 17 -7.07874 10.7895
      vertex 17 -6.4 10.745
    endloop
  endfacet
  facet normal 0 0.0654222 0.997858
    outer loop
      vertex 17 -7.07874 10.7895
      vertex 7 -6.4 10.745
      vertex 7 -7.07874 10.7895
    endloop
  endfacet
  facet normal 0 -0.997858 -0.0654114
    outer loop
      vertex 7 -1.2 15.945
      vertex 17 -1.24449 16.6237
      vertex 7 -1.24449 16.6237
    endloop
  endfacet
  facet normal 0 -0.997858 -0.0654114
    outer loop
      vertex 17 -1.24449 16.6237
      vertex 7 -1.2 15.945
      vertex 17 -1.2 15.945
    endloop
  endfacet
  facet normal 0 -0.946927 0.321449
    outer loop
      vertex 7 -1.59583 13.955
      vertex 17 -1.37718 14.5991
      vertex 7 -1.37718 14.5991
    endloop
  endfacet
  facet normal 0 -0.946927 0.321449
    outer loop
      vertex 17 -1.37718 14.5991
      vertex 7 -1.59583 13.955
      vertex 17 -1.59583 13.955
    endloop
  endfacet
  facet normal 0 -0.659275 -0.751902
    outer loop
      vertex 7 -3.23444 20.0704
      vertex 17 -2.72304 19.622
      vertex 17 -3.23444 20.0704
    endloop
  endfacet
  facet normal -0 -0.659275 -0.751902
    outer loop
      vertex 17 -2.72304 19.622
      vertex 7 -3.23444 20.0704
      vertex 7 -2.72304 19.622
    endloop
  endfacet
  facet normal 0 -0.980792 -0.195056
    outer loop
      vertex 7 -1.24449 16.6237
      vertex 17 -1.37718 17.2909
      vertex 7 -1.37718 17.2909
    endloop
  endfacet
  facet normal 0 -0.980792 -0.195056
    outer loop
      vertex 17 -1.37718 17.2909
      vertex 7 -1.24449 16.6237
      vertex 17 -1.24449 16.6237
    endloop
  endfacet
  facet normal 0 0.442356 -0.89684
    outer loop
      vertex 7 -9 20.4483
      vertex 17 -8.38995 20.7492
      vertex 17 -9 20.4483
    endloop
  endfacet
  facet normal 0 0.442356 -0.89684
    outer loop
      vertex 17 -8.38995 20.7492
      vertex 7 -9 20.4483
      vertex 7 -8.38995 20.7492
    endloop
  endfacet
  facet normal -0 0.442356 0.89684
    outer loop
      vertex 7 -8.38995 11.1408
      vertex 17 -9 11.4417
      vertex 17 -8.38995 11.1408
    endloop
  endfacet
  facet normal 0 0.442356 0.89684
    outer loop
      vertex 17 -9 11.4417
      vertex 7 -8.38995 11.1408
      vertex 7 -9 11.4417
    endloop
  endfacet
  facet normal 0 0.0654222 -0.997858
    outer loop
      vertex 7 -7.07874 21.1005
      vertex 17 -6.4 21.145
      vertex 17 -7.07874 21.1005
    endloop
  endfacet
  facet normal 0 0.0654222 -0.997858
    outer loop
      vertex 17 -6.4 21.145
      vertex 7 -7.07874 21.1005
      vertex 7 -6.4 21.145
    endloop
  endfacet
  facet normal 0 -0.0654222 -0.997858
    outer loop
      vertex 7 -6.4 21.145
      vertex 17 -5.72126 21.1005
      vertex 17 -6.4 21.145
    endloop
  endfacet
  facet normal -0 -0.0654222 -0.997858
    outer loop
      vertex 17 -5.72126 21.1005
      vertex 7 -6.4 21.145
      vertex 7 -5.72126 21.1005
    endloop
  endfacet
  facet normal 0 0.555575 -0.831466
    outer loop
      vertex 7 -9.56556 20.0704
      vertex 17 -9 20.4483
      vertex 17 -9.56556 20.0704
    endloop
  endfacet
  facet normal 0 0.555575 -0.831466
    outer loop
      vertex 17 -9 20.4483
      vertex 7 -9.56556 20.0704
      vertex 7 -9 20.4483
    endloop
  endfacet
  facet normal 0 -0.997858 0.0654114
    outer loop
      vertex 7 -1.24449 15.2663
      vertex 17 -1.2 15.945
      vertex 7 -1.2 15.945
    endloop
  endfacet
  facet normal 0 -0.997858 0.0654114
    outer loop
      vertex 17 -1.2 15.945
      vertex 7 -1.24449 15.2663
      vertex 17 -1.24449 15.2663
    endloop
  endfacet
  facet normal 0 0.321388 -0.946948
    outer loop
      vertex 7 -8.38995 20.7492
      vertex 17 -7.74586 20.9678
      vertex 17 -8.38995 20.7492
    endloop
  endfacet
  facet normal 0 0.321388 -0.946948
    outer loop
      vertex 17 -7.74586 20.9678
      vertex 7 -8.38995 20.7492
      vertex 7 -7.74586 20.9678
    endloop
  endfacet
  facet normal 0 -0.89686 -0.442314
    outer loop
      vertex 7 -1.59583 17.935
      vertex 17 -1.89667 18.545
      vertex 7 -1.89667 18.545
    endloop
  endfacet
  facet normal 0 -0.89686 -0.442314
    outer loop
      vertex 17 -1.89667 18.545
      vertex 7 -1.59583 17.935
      vertex 17 -1.59583 17.935
    endloop
  endfacet
  facet normal 0 0.658743 -0.752368
    outer loop
      vertex 7 -9.59457 20.045
      vertex 17 -9.56556 20.0704
      vertex 17 -9.59457 20.045
    endloop
  endfacet
  facet normal 0 0.658743 -0.752368
    outer loop
      vertex 17 -9.56556 20.0704
      vertex 7 -9.59457 20.045
      vertex 7 -9.56556 20.0704
    endloop
  endfacet
  facet normal 0 -0.321388 -0.946948
    outer loop
      vertex 7 -5.05414 20.9678
      vertex 17 -4.41005 20.7492
      vertex 17 -5.05414 20.9678
    endloop
  endfacet
  facet normal -0 -0.321388 -0.946948
    outer loop
      vertex 17 -4.41005 20.7492
      vertex 7 -5.05414 20.9678
      vertex 7 -4.41005 20.7492
    endloop
  endfacet
  facet normal 0 -0.555575 -0.831466
    outer loop
      vertex 7 -3.8 20.4483
      vertex 17 -3.23444 20.0704
      vertex 17 -3.8 20.4483
    endloop
  endfacet
  facet normal -0 -0.555575 -0.831466
    outer loop
      vertex 17 -3.23444 20.0704
      vertex 7 -3.8 20.4483
      vertex 7 -3.23444 20.0704
    endloop
  endfacet
  facet normal -0 0.658743 0.752368
    outer loop
      vertex 7 -9.56556 11.8196
      vertex 17 -9.59457 11.845
      vertex 17 -9.56556 11.8196
    endloop
  endfacet
  facet normal 0 0.658743 0.752368
    outer loop
      vertex 17 -9.59457 11.845
      vertex 7 -9.56556 11.8196
      vertex 7 -9.59457 11.845
    endloop
  endfacet
  facet normal 0 0 -1
    outer loop
      vertex 7 -13.0214 20.045
      vertex 17 -9.59457 20.045
      vertex 17 -13.0214 20.045
    endloop
  endfacet
  facet normal -0 0 -1
    outer loop
      vertex 17 -9.59457 20.045
      vertex 7 -13.0214 20.045
      vertex 7 -9.59457 20.045
    endloop
  endfacet
  facet normal -0 0 1
    outer loop
      vertex 7 -9.59457 11.845
      vertex 17 -13.0214 11.845
      vertex 17 -9.59457 11.845
    endloop
  endfacet
  facet normal 0 0 1
    outer loop
      vertex 17 -13.0214 11.845
      vertex 7 -9.59457 11.845
      vertex 7 -13.0214 11.845
    endloop
  endfacet
  facet normal 0 0.980786 0.195089
    outer loop
      vertex 33 1.33327 16.9631
      vertex 23 1.13422 17.9638
      vertex 33 1.13422 17.9638
    endloop
  endfacet
  facet normal 0 0.980786 0.195089
    outer loop
      vertex 23 1.13422 17.9638
      vertex 33 1.33327 16.9631
      vertex 23 1.33327 16.9631
    endloop
  endfacet
  facet normal 0 -0.751805 0.659385
    outer loop
      vertex 23 -12.5882 20.6933
      vertex 33 -11.9154 21.4604
      vertex 23 -11.9154 21.4604
    endloop
  endfacet
  facet normal 0 -0.751805 0.659385
    outer loop
      vertex 33 -11.9154 21.4604
      vertex 23 -12.5882 20.6933
      vertex 33 -12.5882 20.6933
    endloop
  endfacet
  facet normal 0 -0.321386 0.946948
    outer loop
      vertex 23 -8.41879 23.4792
      vertex 33 -9.38493 23.1513
      vertex 33 -8.41879 23.4792
    endloop
  endfacet
  facet normal 0 -0.321386 0.946948
    outer loop
      vertex 33 -9.38493 23.1513
      vertex 23 -8.41879 23.4792
      vertex 23 -9.38493 23.1513
    endloop
  endfacet
  facet normal 0 -0.659363 -0.751825
    outer loop
      vertex 23 -11.9154 10.4296
      vertex 33 -11.1483 9.75684
      vertex 33 -11.9154 10.4296
    endloop
  endfacet
  facet normal -0 -0.659363 -0.751825
    outer loop
      vertex 33 -11.1483 9.75684
      vertex 23 -11.9154 10.4296
      vertex 23 -11.1483 9.75684
    endloop
  endfacet
  facet normal 0 -0.0654033 -0.997859
    outer loop
      vertex 23 -7.4181 8.21173
      vertex 33 -6.4 8.145
      vertex 33 -7.4181 8.21173
    endloop
  endfacet
  facet normal -0 -0.0654033 -0.997859
    outer loop
      vertex 33 -6.4 8.145
      vertex 23 -7.4181 8.21173
      vertex 23 -6.4 8.145
    endloop
  endfacet
  facet normal 0 0.0654041 -0.997859
    outer loop
      vertex 23 -6.4 8.145
      vertex 33 -5.5 8.20399
      vertex 33 -6.4 8.145
    endloop
  endfacet
  facet normal 0 0.0654041 -0.997859
    outer loop
      vertex 33 -5.5 8.20399
      vertex 23 -6.4 8.145
      vertex 23 -5.5 8.20399
    endloop
  endfacet
  facet normal 0 -0.751805 -0.659385
    outer loop
      vertex 23 -11.9154 10.4296
      vertex 33 -12.5882 11.1967
      vertex 23 -12.5882 11.1967
    endloop
  endfacet
  facet normal 0 -0.751805 -0.659385
    outer loop
      vertex 33 -12.5882 11.1967
      vertex 23 -11.9154 10.4296
      vertex 33 -11.9154 10.4296
    endloop
  endfacet
  facet normal 0 0.946926 0.321451
    outer loop
      vertex 33 1.13422 17.9638
      vertex 23 0.80626 18.9299
      vertex 33 0.80626 18.9299
    endloop
  endfacet
  facet normal 0 0.946926 0.321451
    outer loop
      vertex 23 0.80626 18.9299
      vertex 33 1.13422 17.9638
      vertex 23 1.13422 17.9638
    endloop
  endfacet
  facet normal -0 0.195138 0.980776
    outer loop
      vertex 23 -4.38121 23.4792
      vertex 33 -5.3819 23.6783
      vertex 33 -4.38121 23.4792
    endloop
  endfacet
  facet normal 0 0.195138 0.980776
    outer loop
      vertex 33 -5.3819 23.6783
      vertex 23 -4.38121 23.4792
      vertex 23 -5.3819 23.6783
    endloop
  endfacet
  facet normal 0 -0.555587 -0.831459
    outer loop
      vertex 23 -11.1483 9.75684
      vertex 33 -10.3 9.19
      vertex 33 -11.1483 9.75684
    endloop
  endfacet
  facet normal -0 -0.555587 -0.831459
    outer loop
      vertex 33 -10.3 9.19
      vertex 23 -11.1483 9.75684
      vertex 23 -10.3 9.19
    endloop
  endfacet
  facet normal 1 0 0
    outer loop
      vertex 33 -1.2 15.945
      vertex 33 1.4 15.945
      vertex 33 1.33327 16.9631
    endloop
  endfacet
  facet normal 1 0 0
    outer loop
      vertex 33 -1.24449 16.6237
      vertex 33 1.33327 16.9631
      vertex 33 1.13422 17.9638
    endloop
  endfacet
  facet normal 1 0 0
    outer loop
      vertex 33 1.4 15.945
      vertex 33 -1.2 15.945
      vertex 33 1.33327 14.9269
    endloop
  endfacet
  facet normal 1 -0 0
    outer loop
      vertex 33 -1.24449 15.2663
      vertex 33 1.33327 14.9269
      vertex 33 -1.2 15.945
    endloop
  endfacet
  facet normal 1 0 0
    outer loop
      vertex 33 -1.37718 17.2909
      vertex 33 1.13422 17.9638
      vertex 33 0.80626 18.9299
    endloop
  endfacet
  facet normal 1 -0 0
    outer loop
      vertex 33 1.11005 13.855
      vertex 33 1.5 11.8701
      vertex 33 1.5 13.855
    endloop
  endfacet
  facet normal 1 0 0
    outer loop
      vertex 33 -1.59583 17.935
      vertex 33 0.80626 18.9299
      vertex 33 0.354998 19.845
    endloop
  endfacet
  facet normal 1 0 0
    outer loop
      vertex 33 1.11005 13.855
      vertex 33 0 11.8701
      vertex 33 1.5 11.8701
    endloop
  endfacet
  facet normal 1 0 0
    outer loop
      vertex 33 1.33327 16.9631
      vertex 33 -1.24449 16.6237
      vertex 33 -1.2 15.945
    endloop
  endfacet
  facet normal 1 0 0
    outer loop
      vertex 33 -1.89667 18.545
      vertex 33 0.354998 19.845
      vertex 33 -0.211843 20.6933
    endloop
  endfacet
  facet normal 1 -0 0
    outer loop
      vertex 33 -1.37718 14.5991
      vertex 33 1.13422 13.9262
      vertex 33 -1.24449 15.2663
    endloop
  endfacet
  facet normal 1 0 0
    outer loop
      vertex 33 -2.27456 19.1106
      vertex 33 -0.211843 20.6933
      vertex 33 -0.884566 21.4604
    endloop
  endfacet
  facet normal 1 0 0
    outer loop
      vertex 33 1.13422 13.9262
      vertex 33 -1.37718 14.5991
      vertex 33 1.11005 13.855
    endloop
  endfacet
  facet normal 1 -0 0
    outer loop
      vertex 33 -1.59583 13.955
      vertex 33 1.11005 13.855
      vertex 33 -1.37718 14.5991
    endloop
  endfacet
  facet normal 1 0 0
    outer loop
      vertex 33 1.11005 13.855
      vertex 33 -1.59583 13.955
      vertex 33 0 11.8701
    endloop
  endfacet
  facet normal 1 -0 0
    outer loop
      vertex 33 -1.64516 13.855
      vertex 33 0 11.8701
      vertex 33 -1.59583 13.955
    endloop
  endfacet
  facet normal 1 0 0
    outer loop
      vertex 33 -5.5 10.8335
      vertex 33 0 11.8701
      vertex 33 -1.64516 13.855
    endloop
  endfacet
  facet normal 1 0 0
    outer loop
      vertex 33 -5.5 10.8335
      vertex 33 -1.64516 13.855
      vertex 33 -5.5 13.855
    endloop
  endfacet
  facet normal 1 0 0
    outer loop
      vertex 33 0 11.8701
      vertex 33 -5.5 10.8335
      vertex 33 0 7.855
    endloop
  endfacet
  facet normal 1 -0 0
    outer loop
      vertex 33 -5.5 8.20399
      vertex 33 0 7.855
      vertex 33 -5.5 10.8335
    endloop
  endfacet
  facet normal 1 0 0
    outer loop
      vertex 33 0 7.855
      vertex 33 -5.5 8.20399
      vertex 33 -5.5 7.855
    endloop
  endfacet
  facet normal 1 -0 0
    outer loop
      vertex 33 -5.72126 10.7895
      vertex 33 -5.5 8.20399
      vertex 33 -5.5 10.8335
    endloop
  endfacet
  facet normal 1 -0 0
    outer loop
      vertex 33 -6.4 10.745
      vertex 33 -5.5 8.20399
      vertex 33 -5.72126 10.7895
    endloop
  endfacet
  facet normal 1 0 0
    outer loop
      vertex 33 -6.4 10.745
      vertex 33 -6.4 8.145
      vertex 33 -5.5 8.20399
    endloop
  endfacet
  facet normal 1 0 0
    outer loop
      vertex 33 -7.07874 10.7895
      vertex 33 -6.4 8.145
      vertex 33 -6.4 10.745
    endloop
  endfacet
  facet normal 1 0 0
    outer loop
      vertex 33 -7.07874 10.7895
      vertex 33 -7.4181 8.21173
      vertex 33 -6.4 8.145
    endloop
  endfacet
  facet normal 1 0 0
    outer loop
      vertex 33 -7.74586 10.9222
      vertex 33 -7.4181 8.21173
      vertex 33 -7.07874 10.7895
    endloop
  endfacet
  facet normal 1 0 0
    outer loop
      vertex 33 -8.41879 8.41078
      vertex 33 -7.74586 10.9222
      vertex 33 -8.38995 11.1408
    endloop
  endfacet
  facet normal 1 0 0
    outer loop
      vertex 33 -7.74586 10.9222
      vertex 33 -8.41879 8.41078
      vertex 33 -7.4181 8.21173
    endloop
  endfacet
  facet normal 1 0 0
    outer loop
      vertex 33 -9.38493 8.73874
      vertex 33 -8.38995 11.1408
      vertex 33 -9 11.4417
    endloop
  endfacet
  facet normal 1 0 0
    outer loop
      vertex 33 -8.38995 11.1408
      vertex 33 -9.38493 8.73874
      vertex 33 -8.41879 8.41078
    endloop
  endfacet
  facet normal 1 0 0
    outer loop
      vertex 33 -10.3 9.19
      vertex 33 -9 11.4417
      vertex 33 -9.56556 11.8196
    endloop
  endfacet
  facet normal 1 0 0
    outer loop
      vertex 33 -11.1483 9.75684
      vertex 33 -9.56556 11.8196
      vertex 33 -9.59457 11.845
    endloop
  endfacet
  facet normal 1 0 0
    outer loop
      vertex 33 -9 11.4417
      vertex 33 -10.3 9.19
      vertex 33 -9.38493 8.73874
    endloop
  endfacet
  facet normal 1 0 0
    outer loop
      vertex 33 -9.56556 11.8196
      vertex 33 -11.1483 9.75684
      vertex 33 -10.3 9.19
    endloop
  endfacet
  facet normal 1 0 0
    outer loop
      vertex 33 -9.59457 11.845
      vertex 33 -11.9154 10.4296
      vertex 33 -11.1483 9.75684
    endloop
  endfacet
  facet normal 1 0 0
    outer loop
      vertex 33 -9.59457 11.845
      vertex 33 -12.5882 11.1967
      vertex 33 -11.9154 10.4296
    endloop
  endfacet
  facet normal 1 0 -0
    outer loop
      vertex 33 -12.5882 11.1967
      vertex 33 -9.59457 11.845
      vertex 33 -13.0214 11.845
    endloop
  endfacet
  facet normal 1 0 0
    outer loop
      vertex 33 1.33327 14.9269
      vertex 33 -1.24449 15.2663
      vertex 33 1.13422 13.9262
    endloop
  endfacet
  facet normal 1 0 0
    outer loop
      vertex 33 1.13422 17.9638
      vertex 33 -1.37718 17.2909
      vertex 33 -1.24449 16.6237
    endloop
  endfacet
  facet normal 1 0 0
    outer loop
      vertex 33 0.80626 18.9299
      vertex 33 -1.59583 17.935
      vertex 33 -1.37718 17.2909
    endloop
  endfacet
  facet normal 1 0 0
    outer loop
      vertex 33 -2.72304 19.622
      vertex 33 -0.884566 21.4604
      vertex 33 -1.65166 22.1332
    endloop
  endfacet
  facet normal 1 0 0
    outer loop
      vertex 33 0.354998 19.845
      vertex 33 -1.89667 18.545
      vertex 33 -1.59583 17.935
    endloop
  endfacet
  facet normal 1 0 0
    outer loop
      vertex 33 -0.211843 20.6933
      vertex 33 -2.27456 19.1106
      vertex 33 -1.89667 18.545
    endloop
  endfacet
  facet normal 1 0 0
    outer loop
      vertex 33 -3.23444 20.0704
      vertex 33 -1.65166 22.1332
      vertex 33 -2.5 22.7
    endloop
  endfacet
  facet normal 1 0 0
    outer loop
      vertex 33 -0.884566 21.4604
      vertex 33 -2.72304 19.622
      vertex 33 -2.27456 19.1106
    endloop
  endfacet
  facet normal 1 0 0
    outer loop
      vertex 33 -1.65166 22.1332
      vertex 33 -3.23444 20.0704
      vertex 33 -2.72304 19.622
    endloop
  endfacet
  facet normal 1 0 0
    outer loop
      vertex 33 -3.8 20.4483
      vertex 33 -2.5 22.7
      vertex 33 -3.41507 23.1513
    endloop
  endfacet
  facet normal 1 0 0
    outer loop
      vertex 33 -2.5 22.7
      vertex 33 -3.8 20.4483
      vertex 33 -3.23444 20.0704
    endloop
  endfacet
  facet normal 1 0 0
    outer loop
      vertex 33 -4.41005 20.7492
      vertex 33 -3.41507 23.1513
      vertex 33 -4.38121 23.4792
    endloop
  endfacet
  facet normal 1 0 0
    outer loop
      vertex 33 -3.41507 23.1513
      vertex 33 -4.41005 20.7492
      vertex 33 -3.8 20.4483
    endloop
  endfacet
  facet normal 1 0 0
    outer loop
      vertex 33 -4.38121 23.4792
      vertex 33 -5.05414 20.9678
      vertex 33 -4.41005 20.7492
    endloop
  endfacet
  facet normal 1 0 0
    outer loop
      vertex 33 -5.3819 23.6783
      vertex 33 -5.05414 20.9678
      vertex 33 -4.38121 23.4792
    endloop
  endfacet
  facet normal 1 0 0
    outer loop
      vertex 33 -5.3819 23.6783
      vertex 33 -5.72126 21.1005
      vertex 33 -5.05414 20.9678
    endloop
  endfacet
  facet normal 1 0 0
    outer loop
      vertex 33 -6.4 23.745
      vertex 33 -5.72126 21.1005
      vertex 33 -5.3819 23.6783
    endloop
  endfacet
  facet normal 1 0 0
    outer loop
      vertex 33 -6.4 23.745
      vertex 33 -6.4 21.145
      vertex 33 -5.72126 21.1005
    endloop
  endfacet
  facet normal 1 0 0
    outer loop
      vertex 33 -6.4 23.745
      vertex 33 -7.07874 21.1005
      vertex 33 -6.4 21.145
    endloop
  endfacet
  facet normal 1 -0 0
    outer loop
      vertex 33 -7.4181 23.6783
      vertex 33 -7.07874 21.1005
      vertex 33 -6.4 23.745
    endloop
  endfacet
  facet normal 1 0 0
    outer loop
      vertex 33 -7.4181 23.6783
      vertex 33 -7.74586 20.9678
      vertex 33 -7.07874 21.1005
    endloop
  endfacet
  facet normal 1 -0 0
    outer loop
      vertex 33 -8.41879 23.4792
      vertex 33 -7.74586 20.9678
      vertex 33 -7.4181 23.6783
    endloop
  endfacet
  facet normal 1 0 0
    outer loop
      vertex 33 -7.74586 20.9678
      vertex 33 -8.41879 23.4792
      vertex 33 -8.38995 20.7492
    endloop
  endfacet
  facet normal 1 -0 0
    outer loop
      vertex 33 -9.38493 23.1513
      vertex 33 -8.38995 20.7492
      vertex 33 -8.41879 23.4792
    endloop
  endfacet
  facet normal 1 0 0
    outer loop
      vertex 33 -8.38995 20.7492
      vertex 33 -9.38493 23.1513
      vertex 33 -9 20.4483
    endloop
  endfacet
  facet normal 1 -0 0
    outer loop
      vertex 33 -10.3 22.7
      vertex 33 -9 20.4483
      vertex 33 -9.38493 23.1513
    endloop
  endfacet
  facet normal 1 0 0
    outer loop
      vertex 33 -9 20.4483
      vertex 33 -10.3 22.7
      vertex 33 -9.56556 20.0704
    endloop
  endfacet
  facet normal 1 -0 0
    outer loop
      vertex 33 -11.1483 22.1332
      vertex 33 -9.56556 20.0704
      vertex 33 -10.3 22.7
    endloop
  endfacet
  facet normal 1 0 0
    outer loop
      vertex 33 -9.56556 20.0704
      vertex 33 -11.1483 22.1332
      vertex 33 -9.59457 20.045
    endloop
  endfacet
  facet normal 1 -0 0
    outer loop
      vertex 33 -11.9154 21.4604
      vertex 33 -9.59457 20.045
      vertex 33 -11.1483 22.1332
    endloop
  endfacet
  facet normal 1 -0 0
    outer loop
      vertex 33 -12.5882 20.6933
      vertex 33 -9.59457 20.045
      vertex 33 -11.9154 21.4604
    endloop
  endfacet
  facet normal 1 0 0
    outer loop
      vertex 33 -9.59457 20.045
      vertex 33 -12.5882 20.6933
      vertex 33 -13.0214 20.045
    endloop
  endfacet
  facet normal 0 -0.065374 0.997861
    outer loop
      vertex 23 -6.4 23.745
      vertex 33 -7.4181 23.6783
      vertex 33 -6.4 23.745
    endloop
  endfacet
  facet normal 0 -0.065374 0.997861
    outer loop
      vertex 33 -7.4181 23.6783
      vertex 23 -6.4 23.745
      vertex 23 -7.4181 23.6783
    endloop
  endfacet
  facet normal 0 -0.195091 -0.980785
    outer loop
      vertex 23 -8.41879 8.41078
      vertex 33 -7.4181 8.21173
      vertex 33 -8.41879 8.41078
    endloop
  endfacet
  facet normal -0 -0.195091 -0.980785
    outer loop
      vertex 33 -7.4181 8.21173
      vertex 23 -8.41879 8.41078
      vertex 23 -7.4181 8.21173
    endloop
  endfacet
  facet normal 0 0.831458 0.555587
    outer loop
      vertex 33 0.354998 19.845
      vertex 23 -0.211843 20.6933
      vertex 33 -0.211843 20.6933
    endloop
  endfacet
  facet normal 0 0.831458 0.555587
    outer loop
      vertex 23 -0.211843 20.6933
      vertex 33 0.354998 19.845
      vertex 23 0.354998 19.845
    endloop
  endfacet
  facet normal 0 0.751843 0.659343
    outer loop
      vertex 33 -0.211843 20.6933
      vertex 23 -0.884566 21.4604
      vertex 33 -0.884566 21.4604
    endloop
  endfacet
  facet normal 0 0.751843 0.659343
    outer loop
      vertex 23 -0.884566 21.4604
      vertex 33 -0.211843 20.6933
      vertex 23 -0.211843 20.6933
    endloop
  endfacet
  facet normal 0 -0.442287 -0.896874
    outer loop
      vertex 23 -10.3 9.19
      vertex 33 -9.38493 8.73874
      vertex 33 -10.3 9.19
    endloop
  endfacet
  facet normal -0 -0.442287 -0.896874
    outer loop
      vertex 33 -9.38493 8.73874
      vertex 23 -10.3 9.19
      vertex 23 -9.38493 8.73874
    endloop
  endfacet
  facet normal -0 0.321386 0.946948
    outer loop
      vertex 23 -3.41507 23.1513
      vertex 33 -4.38121 23.4792
      vertex 33 -3.41507 23.1513
    endloop
  endfacet
  facet normal 0 0.321386 0.946948
    outer loop
      vertex 33 -4.38121 23.4792
      vertex 23 -3.41507 23.1513
      vertex 23 -4.38121 23.4792
    endloop
  endfacet
  facet normal 0 0.946927 -0.32145
    outer loop
      vertex 33 1.11005 13.855
      vertex 23 1.13422 13.9262
      vertex 33 1.13422 13.9262
    endloop
  endfacet
  facet normal 0 0.946927 -0.32145
    outer loop
      vertex 23 1.13422 13.9262
      vertex 33 1.11005 13.855
      vertex 23 1.11005 13.855
    endloop
  endfacet
  facet normal 0 -0.831458 -0.555588
    outer loop
      vertex 23 -12.5882 11.1967
      vertex 33 -13.0214 11.845
      vertex 23 -13.0214 11.845
    endloop
  endfacet
  facet normal 0 -0.831458 -0.555588
    outer loop
      vertex 33 -13.0214 11.845
      vertex 23 -12.5882 11.1967
      vertex 33 -12.5882 11.1967
    endloop
  endfacet
  facet normal 0 0.980786 -0.195089
    outer loop
      vertex 33 1.13422 13.9262
      vertex 23 1.33327 14.9269
      vertex 33 1.33327 14.9269
    endloop
  endfacet
  facet normal 0 0.980786 -0.195089
    outer loop
      vertex 23 1.33327 14.9269
      vertex 33 1.13422 13.9262
      vertex 23 1.13422 13.9262
    endloop
  endfacet
  facet normal 0 -0.659385 0.751805
    outer loop
      vertex 23 -11.1483 22.1332
      vertex 33 -11.9154 21.4604
      vertex 33 -11.1483 22.1332
    endloop
  endfacet
  facet normal 0 -0.659385 0.751805
    outer loop
      vertex 33 -11.9154 21.4604
      vertex 23 -11.1483 22.1332
      vertex 23 -11.9154 21.4604
    endloop
  endfacet
  facet normal 0 0.997859 -0.0654033
    outer loop
      vertex 33 1.33327 14.9269
      vertex 23 1.4 15.945
      vertex 33 1.4 15.945
    endloop
  endfacet
  facet normal 0 0.997859 -0.0654033
    outer loop
      vertex 23 1.4 15.945
      vertex 33 1.33327 14.9269
      vertex 23 1.33327 14.9269
    endloop
  endfacet
  facet normal 0 -0.321439 -0.94693
    outer loop
      vertex 23 -9.38493 8.73874
      vertex 33 -8.41879 8.41078
      vertex 33 -9.38493 8.73874
    endloop
  endfacet
  facet normal -0 -0.321439 -0.94693
    outer loop
      vertex 33 -8.41879 8.41078
      vertex 23 -9.38493 8.73874
      vertex 23 -8.41879 8.41078
    endloop
  endfacet
  facet normal 0 -0.195138 0.980776
    outer loop
      vertex 23 -7.4181 23.6783
      vertex 33 -8.41879 23.4792
      vertex 33 -7.4181 23.6783
    endloop
  endfacet
  facet normal 0 -0.195138 0.980776
    outer loop
      vertex 33 -8.41879 23.4792
      vertex 23 -7.4181 23.6783
      vertex 23 -8.41879 23.4792
    endloop
  endfacet
  facet normal -0 0.065374 0.997861
    outer loop
      vertex 23 -5.3819 23.6783
      vertex 33 -6.4 23.745
      vertex 33 -5.3819 23.6783
    endloop
  endfacet
  facet normal 0 0.065374 0.997861
    outer loop
      vertex 33 -6.4 23.745
      vertex 23 -5.3819 23.6783
      vertex 23 -6.4 23.745
    endloop
  endfacet
  facet normal 0 0.997859 0.0654033
    outer loop
      vertex 33 1.4 15.945
      vertex 23 1.33327 16.9631
      vertex 33 1.33327 16.9631
    endloop
  endfacet
  facet normal 0 0.997859 0.0654033
    outer loop
      vertex 23 1.33327 16.9631
      vertex 33 1.4 15.945
      vertex 23 1.4 15.945
    endloop
  endfacet
  facet normal -1 0 0
    outer loop
      vertex 23 -5.5 8.20399
      vertex 23 -5.72126 10.7895
      vertex 23 -5.5 10.8335
    endloop
  endfacet
  facet normal -1 0 0
    outer loop
      vertex 23 -6.4 10.745
      vertex 23 -5.5 8.20399
      vertex 23 -6.4 8.145
    endloop
  endfacet
  facet normal -1 0 0
    outer loop
      vertex 23 -5.5 8.20399
      vertex 23 -6.4 10.745
      vertex 23 -5.72126 10.7895
    endloop
  endfacet
  facet normal -1 0 0
    outer loop
      vertex 23 -6.4 8.145
      vertex 23 -7.07874 10.7895
      vertex 23 -6.4 10.745
    endloop
  endfacet
  facet normal -1 0 0
    outer loop
      vertex 23 -7.4181 8.21173
      vertex 23 -7.07874 10.7895
      vertex 23 -6.4 8.145
    endloop
  endfacet
  facet normal -1 0 0
    outer loop
      vertex 23 -7.4181 8.21173
      vertex 23 -7.74586 10.9222
      vertex 23 -7.07874 10.7895
    endloop
  endfacet
  facet normal -1 0 0
    outer loop
      vertex 23 -8.41879 8.41078
      vertex 23 -7.74586 10.9222
      vertex 23 -7.4181 8.21173
    endloop
  endfacet
  facet normal -1 -0 0
    outer loop
      vertex 23 -7.74586 10.9222
      vertex 23 -8.41879 8.41078
      vertex 23 -8.38995 11.1408
    endloop
  endfacet
  facet normal -1 0 0
    outer loop
      vertex 23 -9.38493 8.73874
      vertex 23 -8.38995 11.1408
      vertex 23 -8.41879 8.41078
    endloop
  endfacet
  facet normal -1 -0 0
    outer loop
      vertex 23 -8.38995 11.1408
      vertex 23 -9.38493 8.73874
      vertex 23 -9 11.4417
    endloop
  endfacet
  facet normal -1 0 0
    outer loop
      vertex 23 -10.3 9.19
      vertex 23 -9 11.4417
      vertex 23 -9.38493 8.73874
    endloop
  endfacet
  facet normal -1 -0 0
    outer loop
      vertex 23 -9 11.4417
      vertex 23 -10.3 9.19
      vertex 23 -9.56556 11.8196
    endloop
  endfacet
  facet normal -1 0 0
    outer loop
      vertex 23 -11.1483 9.75684
      vertex 23 -9.56556 11.8196
      vertex 23 -10.3 9.19
    endloop
  endfacet
  facet normal -1 -0 0
    outer loop
      vertex 23 -9.56556 11.8196
      vertex 23 -11.1483 9.75684
      vertex 23 -9.59457 11.845
    endloop
  endfacet
  facet normal -1 0 0
    outer loop
      vertex 23 -11.9154 10.4296
      vertex 23 -9.59457 11.845
      vertex 23 -11.1483 9.75684
    endloop
  endfacet
  facet normal -1 0 0
    outer loop
      vertex 23 -12.5882 11.1967
      vertex 23 -9.59457 11.845
      vertex 23 -11.9154 10.4296
    endloop
  endfacet
  facet normal -1 -0 0
    outer loop
      vertex 23 -9.59457 11.845
      vertex 23 -12.5882 11.1967
      vertex 23 -13.0214 11.845
    endloop
  endfacet
  facet normal -1 0 0
    outer loop
      vertex 23 -1.64516 13.855
      vertex 23 0 13.6321
      vertex 23 0 7.855
    endloop
  endfacet
  facet normal -1 0 0
    outer loop
      vertex 23 -1.24449 16.6237
      vertex 23 0 13.6321
      vertex 23 -1.2 15.945
    endloop
  endfacet
  facet normal -1 0 0
    outer loop
      vertex 23 0 13.6321
      vertex 23 -1.24449 16.6237
      vertex 23 -0.211843 20.6933
    endloop
  endfacet
  facet normal -1 0 0
    outer loop
      vertex 23 0 13.6321
      vertex 23 -1.24449 15.2663
      vertex 23 -1.2 15.945
    endloop
  endfacet
  facet normal -1 0 0
    outer loop
      vertex 23 0 13.6321
      vertex 23 -1.37718 14.5991
      vertex 23 -1.24449 15.2663
    endloop
  endfacet
  facet normal -1 0 0
    outer loop
      vertex 23 0 13.6321
      vertex 23 -1.59583 13.955
      vertex 23 -1.37718 14.5991
    endloop
  endfacet
  facet normal -1 0 0
    outer loop
      vertex 23 0 13.6321
      vertex 23 -1.64516 13.855
      vertex 23 -1.59583 13.955
    endloop
  endfacet
  facet normal -1 0 0
    outer loop
      vertex 23 -5.5 8.20399
      vertex 23 0 7.855
      vertex 23 -5.5 7.855
    endloop
  endfacet
  facet normal -1 0 0
    outer loop
      vertex 23 -5.5 10.8335
      vertex 23 0 7.855
      vertex 23 -5.5 8.20399
    endloop
  endfacet
  facet normal -1 0 0
    outer loop
      vertex 23 0 7.855
      vertex 23 -5.5 10.8335
      vertex 23 -1.64516 13.855
    endloop
  endfacet
  facet normal -1 -0 0
    outer loop
      vertex 23 -1.64516 13.855
      vertex 23 -5.5 10.8335
      vertex 23 -5.5 13.855
    endloop
  endfacet
  facet normal -1 0 0
    outer loop
      vertex 23 1.5 13.6321
      vertex 23 1.11005 13.855
      vertex 23 1.5 13.855
    endloop
  endfacet
  facet normal -1 -0 0
    outer loop
      vertex 23 1.13422 17.9638
      vertex 23 0 13.6321
      vertex 23 0.80626 18.9299
    endloop
  endfacet
  facet normal -1 0 0
    outer loop
      vertex 23 0 13.6321
      vertex 23 1.11005 13.855
      vertex 23 1.5 13.6321
    endloop
  endfacet
  facet normal -1 -0 0
    outer loop
      vertex 23 0.80626 18.9299
      vertex 23 0 13.6321
      vertex 23 0.354998 19.845
    endloop
  endfacet
  facet normal -1 -0 0
    outer loop
      vertex 23 0.354998 19.845
      vertex 23 0 13.6321
      vertex 23 -0.211843 20.6933
    endloop
  endfacet
  facet normal -1 0 0
    outer loop
      vertex 23 0 13.6321
      vertex 23 1.4 15.945
      vertex 23 1.33327 14.9269
    endloop
  endfacet
  facet normal -1 0 0
    outer loop
      vertex 23 0 13.6321
      vertex 23 1.13422 13.9262
      vertex 23 1.11005 13.855
    endloop
  endfacet
  facet normal -1 -0 0
    outer loop
      vertex 23 1.13422 13.9262
      vertex 23 0 13.6321
      vertex 23 1.33327 14.9269
    endloop
  endfacet
  facet normal -1 -0 0
    outer loop
      vertex 23 1.4 15.945
      vertex 23 0 13.6321
      vertex 23 1.33327 16.9631
    endloop
  endfacet
  facet normal -1 -0 0
    outer loop
      vertex 23 1.33327 16.9631
      vertex 23 0 13.6321
      vertex 23 1.13422 17.9638
    endloop
  endfacet
  facet normal -1 0 0
    outer loop
      vertex 23 -1.37718 17.2909
      vertex 23 -0.211843 20.6933
      vertex 23 -1.24449 16.6237
    endloop
  endfacet
  facet normal -1 0 0
    outer loop
      vertex 23 -1.59583 17.935
      vertex 23 -0.211843 20.6933
      vertex 23 -1.37718 17.2909
    endloop
  endfacet
  facet normal -1 0 0
    outer loop
      vertex 23 -1.89667 18.545
      vertex 23 -0.211843 20.6933
      vertex 23 -1.59583 17.935
    endloop
  endfacet
  facet normal -1 0 0
    outer loop
      vertex 23 -2.27456 19.1106
      vertex 23 -0.211843 20.6933
      vertex 23 -1.89667 18.545
    endloop
  endfacet
  facet normal -1 -0 0
    outer loop
      vertex 23 -0.211843 20.6933
      vertex 23 -2.27456 19.1106
      vertex 23 -0.884566 21.4604
    endloop
  endfacet
  facet normal -1 0 0
    outer loop
      vertex 23 -2.72304 19.622
      vertex 23 -0.884566 21.4604
      vertex 23 -2.27456 19.1106
    endloop
  endfacet
  facet normal -1 -0 0
    outer loop
      vertex 23 -0.884566 21.4604
      vertex 23 -2.72304 19.622
      vertex 23 -1.65166 22.1332
    endloop
  endfacet
  facet normal -1 0 0
    outer loop
      vertex 23 -3.23444 20.0704
      vertex 23 -1.65166 22.1332
      vertex 23 -2.72304 19.622
    endloop
  endfacet
  facet normal -1 -0 0
    outer loop
      vertex 23 -1.65166 22.1332
      vertex 23 -3.23444 20.0704
      vertex 23 -2.5 22.7
    endloop
  endfacet
  facet normal -1 0 0
    outer loop
      vertex 23 -3.8 20.4483
      vertex 23 -2.5 22.7
      vertex 23 -3.23444 20.0704
    endloop
  endfacet
  facet normal -1 -0 0
    outer loop
      vertex 23 -2.5 22.7
      vertex 23 -3.8 20.4483
      vertex 23 -3.41507 23.1513
    endloop
  endfacet
  facet normal -1 0 0
    outer loop
      vertex 23 -4.41005 20.7492
      vertex 23 -3.41507 23.1513
      vertex 23 -3.8 20.4483
    endloop
  endfacet
  facet normal -1 -0 0
    outer loop
      vertex 23 -3.41507 23.1513
      vertex 23 -4.41005 20.7492
      vertex 23 -4.38121 23.4792
    endloop
  endfacet
  facet normal -1 0 0
    outer loop
      vertex 23 -5.05414 20.9678
      vertex 23 -4.38121 23.4792
      vertex 23 -4.41005 20.7492
    endloop
  endfacet
  facet normal -1 0 0
    outer loop
      vertex 23 -5.05414 20.9678
      vertex 23 -5.3819 23.6783
      vertex 23 -4.38121 23.4792
    endloop
  endfacet
  facet normal -1 0 0
    outer loop
      vertex 23 -5.72126 21.1005
      vertex 23 -5.3819 23.6783
      vertex 23 -5.05414 20.9678
    endloop
  endfacet
  facet normal -1 0 0
    outer loop
      vertex 23 -6.4 21.145
      vertex 23 -5.3819 23.6783
      vertex 23 -5.72126 21.1005
    endloop
  endfacet
  facet normal -1 0 0
    outer loop
      vertex 23 -6.4 21.145
      vertex 23 -6.4 23.745
      vertex 23 -5.3819 23.6783
    endloop
  endfacet
  facet normal -1 0 0
    outer loop
      vertex 23 -7.07874 21.1005
      vertex 23 -6.4 23.745
      vertex 23 -6.4 21.145
    endloop
  endfacet
  facet normal -1 0 0
    outer loop
      vertex 23 -7.07874 21.1005
      vertex 23 -7.4181 23.6783
      vertex 23 -6.4 23.745
    endloop
  endfacet
  facet normal -1 0 0
    outer loop
      vertex 23 -7.74586 20.9678
      vertex 23 -7.4181 23.6783
      vertex 23 -7.07874 21.1005
    endloop
  endfacet
  facet normal -1 0 0
    outer loop
      vertex 23 -8.41879 23.4792
      vertex 23 -7.74586 20.9678
      vertex 23 -8.38995 20.7492
    endloop
  endfacet
  facet normal -1 0 0
    outer loop
      vertex 23 -7.74586 20.9678
      vertex 23 -8.41879 23.4792
      vertex 23 -7.4181 23.6783
    endloop
  endfacet
  facet normal -1 0 0
    outer loop
      vertex 23 -9.38493 23.1513
      vertex 23 -8.38995 20.7492
      vertex 23 -9 20.4483
    endloop
  endfacet
  facet normal -1 0 0
    outer loop
      vertex 23 -8.38995 20.7492
      vertex 23 -9.38493 23.1513
      vertex 23 -8.41879 23.4792
    endloop
  endfacet
  facet normal -1 0 0
    outer loop
      vertex 23 -10.3 22.7
      vertex 23 -9 20.4483
      vertex 23 -9.56556 20.0704
    endloop
  endfacet
  facet normal -1 0 0
    outer loop
      vertex 23 -11.1483 22.1332
      vertex 23 -9.56556 20.0704
      vertex 23 -9.59457 20.045
    endloop
  endfacet
  facet normal -1 0 0
    outer loop
      vertex 23 -9 20.4483
      vertex 23 -10.3 22.7
      vertex 23 -9.38493 23.1513
    endloop
  endfacet
  facet normal -1 0 0
    outer loop
      vertex 23 -9.56556 20.0704
      vertex 23 -11.1483 22.1332
      vertex 23 -10.3 22.7
    endloop
  endfacet
  facet normal -1 0 0
    outer loop
      vertex 23 -9.59457 20.045
      vertex 23 -11.9154 21.4604
      vertex 23 -11.1483 22.1332
    endloop
  endfacet
  facet normal -1 0 0
    outer loop
      vertex 23 -9.59457 20.045
      vertex 23 -12.5882 20.6933
      vertex 23 -11.9154 21.4604
    endloop
  endfacet
  facet normal -1 0 -0
    outer loop
      vertex 23 -12.5882 20.6933
      vertex 23 -9.59457 20.045
      vertex 23 -13.0214 20.045
    endloop
  endfacet
  facet normal -0 0.659388 0.751803
    outer loop
      vertex 23 -0.884566 21.4604
      vertex 33 -1.65166 22.1332
      vertex 33 -0.884566 21.4604
    endloop
  endfacet
  facet normal 0 0.659388 0.751803
    outer loop
      vertex 33 -1.65166 22.1332
      vertex 23 -0.884566 21.4604
      vertex 23 -1.65166 22.1332
    endloop
  endfacet
  facet normal 0 0.896879 0.442277
    outer loop
      vertex 33 0.80626 18.9299
      vertex 23 0.354998 19.845
      vertex 33 0.354998 19.845
    endloop
  endfacet
  facet normal 0 0.896879 0.442277
    outer loop
      vertex 23 0.354998 19.845
      vertex 33 0.80626 18.9299
      vertex 23 0.80626 18.9299
    endloop
  endfacet
  facet normal 0 -0.442318 0.896858
    outer loop
      vertex 23 -9.38493 23.1513
      vertex 33 -10.3 22.7
      vertex 33 -9.38493 23.1513
    endloop
  endfacet
  facet normal 0 -0.442318 0.896858
    outer loop
      vertex 33 -10.3 22.7
      vertex 23 -9.38493 23.1513
      vertex 23 -10.3 22.7
    endloop
  endfacet
  facet normal 0 -0.555559 0.831477
    outer loop
      vertex 23 -10.3 22.7
      vertex 33 -11.1483 22.1332
      vertex 33 -10.3 22.7
    endloop
  endfacet
  facet normal 0 -0.555559 0.831477
    outer loop
      vertex 33 -11.1483 22.1332
      vertex 23 -10.3 22.7
      vertex 23 -11.1483 22.1332
    endloop
  endfacet
  facet normal -0 0.442318 0.896858
    outer loop
      vertex 23 -2.5 22.7
      vertex 33 -3.41507 23.1513
      vertex 33 -2.5 22.7
    endloop
  endfacet
  facet normal 0 0.442318 0.896858
    outer loop
      vertex 33 -3.41507 23.1513
      vertex 23 -2.5 22.7
      vertex 23 -3.41507 23.1513
    endloop
  endfacet
  facet normal -0 0.555541 0.831489
    outer loop
      vertex 23 -1.65166 22.1332
      vertex 33 -2.5 22.7
      vertex 33 -1.65166 22.1332
    endloop
  endfacet
  facet normal 0 0.555541 0.831489
    outer loop
      vertex 33 -2.5 22.7
      vertex 23 -1.65166 22.1332
      vertex 23 -2.5 22.7
    endloop
  endfacet
  facet normal 0 -0.831458 0.555588
    outer loop
      vertex 23 -13.0214 20.045
      vertex 33 -12.5882 20.6933
      vertex 23 -12.5882 20.6933
    endloop
  endfacet
  facet normal 0 -0.831458 0.555588
    outer loop
      vertex 33 -12.5882 20.6933
      vertex 23 -13.0214 20.045
      vertex 33 -13.0214 20.045
    endloop
  endfacet
  facet normal 0 -0.831491 -0.555538
    outer loop
      vertex 23 -1.89667 18.545
      vertex 33 -2.27456 19.1106
      vertex 23 -2.27456 19.1106
    endloop
  endfacet
  facet normal 0 -0.831491 -0.555538
    outer loop
      vertex 33 -2.27456 19.1106
      vertex 23 -1.89667 18.545
      vertex 33 -1.89667 18.545
    endloop
  endfacet
  facet normal 0 -0.442356 -0.89684
    outer loop
      vertex 23 -4.41005 20.7492
      vertex 33 -3.8 20.4483
      vertex 33 -4.41005 20.7492
    endloop
  endfacet
  facet normal -0 -0.442356 -0.89684
    outer loop
      vertex 33 -3.8 20.4483
      vertex 23 -4.41005 20.7492
      vertex 23 -3.8 20.4483
    endloop
  endfacet
  facet normal 0 -0.0654222 0.997858
    outer loop
      vertex 23 -5.72126 10.7895
      vertex 33 -6.4 10.745
      vertex 33 -5.72126 10.7895
    endloop
  endfacet
  facet normal 0 -0.0654222 0.997858
    outer loop
      vertex 33 -6.4 10.745
      vertex 23 -5.72126 10.7895
      vertex 23 -6.4 10.745
    endloop
  endfacet
  facet normal -0 0.195093 0.980785
    outer loop
      vertex 23 -7.07874 10.7895
      vertex 33 -7.74586 10.9222
      vertex 33 -7.07874 10.7895
    endloop
  endfacet
  facet normal 0 0.195093 0.980785
    outer loop
      vertex 33 -7.74586 10.9222
      vertex 23 -7.07874 10.7895
      vertex 23 -7.74586 10.9222
    endloop
  endfacet
  facet normal 0 -0.751844 -0.659341
    outer loop
      vertex 23 -2.27456 19.1106
      vertex 33 -2.72304 19.622
      vertex 23 -2.72304 19.622
    endloop
  endfacet
  facet normal 0 -0.751844 -0.659341
    outer loop
      vertex 33 -2.72304 19.622
      vertex 23 -2.27456 19.1106
      vertex 33 -2.27456 19.1106
    endloop
  endfacet
  facet normal 0 -0.195093 -0.980785
    outer loop
      vertex 23 -5.72126 21.1005
      vertex 33 -5.05414 20.9678
      vertex 33 -5.72126 21.1005
    endloop
  endfacet
  facet normal -0 -0.195093 -0.980785
    outer loop
      vertex 33 -5.05414 20.9678
      vertex 23 -5.72126 21.1005
      vertex 23 -5.05414 20.9678
    endloop
  endfacet
  facet normal -0 0.555575 0.831466
    outer loop
      vertex 23 -9 11.4417
      vertex 33 -9.56556 11.8196
      vertex 33 -9 11.4417
    endloop
  endfacet
  facet normal 0 0.555575 0.831466
    outer loop
      vertex 33 -9.56556 11.8196
      vertex 23 -9 11.4417
      vertex 23 -9.56556 11.8196
    endloop
  endfacet
  facet normal 0 -0.896818 0.4424
    outer loop
      vertex 23 -1.64516 13.855
      vertex 33 -1.59583 13.955
      vertex 23 -1.59583 13.955
    endloop
  endfacet
  facet normal 0 -0.896818 0.4424
    outer loop
      vertex 33 -1.59583 13.955
      vertex 23 -1.64516 13.855
      vertex 33 -1.64516 13.855
    endloop
  endfacet
  facet normal 0 0.195093 -0.980785
    outer loop
      vertex 23 -7.74586 20.9678
      vertex 33 -7.07874 21.1005
      vertex 33 -7.74586 20.9678
    endloop
  endfacet
  facet normal 0 0.195093 -0.980785
    outer loop
      vertex 33 -7.07874 21.1005
      vertex 23 -7.74586 20.9678
      vertex 23 -7.07874 21.1005
    endloop
  endfacet
  facet normal 0 -0.946927 -0.321449
    outer loop
      vertex 23 -1.37718 17.2909
      vertex 33 -1.59583 17.935
      vertex 23 -1.59583 17.935
    endloop
  endfacet
  facet normal 0 -0.946927 -0.321449
    outer loop
      vertex 33 -1.59583 17.935
      vertex 23 -1.37718 17.2909
      vertex 33 -1.37718 17.2909
    endloop
  endfacet
  facet normal -0 0.321388 0.946948
    outer loop
      vertex 23 -7.74586 10.9222
      vertex 33 -8.38995 11.1408
      vertex 33 -7.74586 10.9222
    endloop
  endfacet
  facet normal 0 0.321388 0.946948
    outer loop
      vertex 33 -8.38995 11.1408
      vertex 23 -7.74586 10.9222
      vertex 23 -8.38995 11.1408
    endloop
  endfacet
  facet normal 0 -0.946927 0.321449
    outer loop
      vertex 23 -1.59583 13.955
      vertex 33 -1.37718 14.5991
      vertex 23 -1.37718 14.5991
    endloop
  endfacet
  facet normal 0 -0.946927 0.321449
    outer loop
      vertex 33 -1.37718 14.5991
      vertex 23 -1.59583 13.955
      vertex 33 -1.59583 13.955
    endloop
  endfacet
  facet normal 0 -0.195042 0.980795
    outer loop
      vertex 23 -5.5 10.8335
      vertex 33 -5.72126 10.7895
      vertex 33 -5.5 10.8335
    endloop
  endfacet
  facet normal 0 -0.195042 0.980795
    outer loop
      vertex 33 -5.72126 10.7895
      vertex 23 -5.5 10.8335
      vertex 23 -5.72126 10.7895
    endloop
  endfacet
  facet normal 0 -0.980792 0.195056
    outer loop
      vertex 23 -1.37718 14.5991
      vertex 33 -1.24449 15.2663
      vertex 23 -1.24449 15.2663
    endloop
  endfacet
  facet normal 0 -0.980792 0.195056
    outer loop
      vertex 33 -1.24449 15.2663
      vertex 23 -1.37718 14.5991
      vertex 33 -1.37718 14.5991
    endloop
  endfacet
  facet normal -0 0.0654222 0.997858
    outer loop
      vertex 23 -6.4 10.745
      vertex 33 -7.07874 10.7895
      vertex 33 -6.4 10.745
    endloop
  endfacet
  facet normal 0 0.0654222 0.997858
    outer loop
      vertex 33 -7.07874 10.7895
      vertex 23 -6.4 10.745
      vertex 23 -7.07874 10.7895
    endloop
  endfacet
  facet normal 0 -0.997858 -0.0654114
    outer loop
      vertex 23 -1.2 15.945
      vertex 33 -1.24449 16.6237
      vertex 23 -1.24449 16.6237
    endloop
  endfacet
  facet normal 0 -0.997858 -0.0654114
    outer loop
      vertex 33 -1.24449 16.6237
      vertex 23 -1.2 15.945
      vertex 33 -1.2 15.945
    endloop
  endfacet
  facet normal 0 -0.659275 -0.751902
    outer loop
      vertex 23 -3.23444 20.0704
      vertex 33 -2.72304 19.622
      vertex 33 -3.23444 20.0704
    endloop
  endfacet
  facet normal -0 -0.659275 -0.751902
    outer loop
      vertex 33 -2.72304 19.622
      vertex 23 -3.23444 20.0704
      vertex 23 -2.72304 19.622
    endloop
  endfacet
  facet normal 0 -0.980792 -0.195056
    outer loop
      vertex 23 -1.24449 16.6237
      vertex 33 -1.37718 17.2909
      vertex 23 -1.37718 17.2909
    endloop
  endfacet
  facet normal 0 -0.980792 -0.195056
    outer loop
      vertex 33 -1.37718 17.2909
      vertex 23 -1.24449 16.6237
      vertex 33 -1.24449 16.6237
    endloop
  endfacet
  facet normal 0 0.442356 -0.89684
    outer loop
      vertex 23 -9 20.4483
      vertex 33 -8.38995 20.7492
      vertex 33 -9 20.4483
    endloop
  endfacet
  facet normal 0 0.442356 -0.89684
    outer loop
      vertex 33 -8.38995 20.7492
      vertex 23 -9 20.4483
      vertex 23 -8.38995 20.7492
    endloop
  endfacet
  facet normal -0 0.442356 0.89684
    outer loop
      vertex 23 -8.38995 11.1408
      vertex 33 -9 11.4417
      vertex 33 -8.38995 11.1408
    endloop
  endfacet
  facet normal 0 0.442356 0.89684
    outer loop
      vertex 33 -9 11.4417
      vertex 23 -8.38995 11.1408
      vertex 23 -9 11.4417
    endloop
  endfacet
  facet normal 0 0.0654222 -0.997858
    outer loop
      vertex 23 -7.07874 21.1005
      vertex 33 -6.4 21.145
      vertex 33 -7.07874 21.1005
    endloop
  endfacet
  facet normal 0 0.0654222 -0.997858
    outer loop
      vertex 33 -6.4 21.145
      vertex 23 -7.07874 21.1005
      vertex 23 -6.4 21.145
    endloop
  endfacet
  facet normal 0 -0.0654222 -0.997858
    outer loop
      vertex 23 -6.4 21.145
      vertex 33 -5.72126 21.1005
      vertex 33 -6.4 21.145
    endloop
  endfacet
  facet normal -0 -0.0654222 -0.997858
    outer loop
      vertex 33 -5.72126 21.1005
      vertex 23 -6.4 21.145
      vertex 23 -5.72126 21.1005
    endloop
  endfacet
  facet normal 0 0.555575 -0.831466
    outer loop
      vertex 23 -9.56556 20.0704
      vertex 33 -9 20.4483
      vertex 33 -9.56556 20.0704
    endloop
  endfacet
  facet normal 0 0.555575 -0.831466
    outer loop
      vertex 33 -9 20.4483
      vertex 23 -9.56556 20.0704
      vertex 23 -9 20.4483
    endloop
  endfacet
  facet normal 0 -0.997858 0.0654114
    outer loop
      vertex 23 -1.24449 15.2663
      vertex 33 -1.2 15.945
      vertex 23 -1.2 15.945
    endloop
  endfacet
  facet normal 0 -0.997858 0.0654114
    outer loop
      vertex 33 -1.2 15.945
      vertex 23 -1.24449 15.2663
      vertex 33 -1.24449 15.2663
    endloop
  endfacet
  facet normal 0 0.321388 -0.946948
    outer loop
      vertex 23 -8.38995 20.7492
      vertex 33 -7.74586 20.9678
      vertex 33 -8.38995 20.7492
    endloop
  endfacet
  facet normal 0 0.321388 -0.946948
    outer loop
      vertex 33 -7.74586 20.9678
      vertex 23 -8.38995 20.7492
      vertex 23 -7.74586 20.9678
    endloop
  endfacet
  facet normal 0 -0.89686 -0.442314
    outer loop
      vertex 23 -1.59583 17.935
      vertex 33 -1.89667 18.545
      vertex 23 -1.89667 18.545
    endloop
  endfacet
  facet normal 0 -0.89686 -0.442314
    outer loop
      vertex 33 -1.89667 18.545
      vertex 23 -1.59583 17.935
      vertex 33 -1.59583 17.935
    endloop
  endfacet
  facet normal 0 0.658743 -0.752368
    outer loop
      vertex 23 -9.59457 20.045
      vertex 33 -9.56556 20.0704
      vertex 33 -9.59457 20.045
    endloop
  endfacet
  facet normal 0 0.658743 -0.752368
    outer loop
      vertex 33 -9.56556 20.0704
      vertex 23 -9.59457 20.045
      vertex 23 -9.56556 20.0704
    endloop
  endfacet
  facet normal 0 -0.321388 -0.946948
    outer loop
      vertex 23 -5.05414 20.9678
      vertex 33 -4.41005 20.7492
      vertex 33 -5.05414 20.9678
    endloop
  endfacet
  facet normal -0 -0.321388 -0.946948
    outer loop
      vertex 33 -4.41005 20.7492
      vertex 23 -5.05414 20.9678
      vertex 23 -4.41005 20.7492
    endloop
  endfacet
  facet normal 0 -0.555575 -0.831466
    outer loop
      vertex 23 -3.8 20.4483
      vertex 33 -3.23444 20.0704
      vertex 33 -3.8 20.4483
    endloop
  endfacet
  facet normal -0 -0.555575 -0.831466
    outer loop
      vertex 33 -3.23444 20.0704
      vertex 23 -3.8 20.4483
      vertex 23 -3.23444 20.0704
    endloop
  endfacet
  facet normal -0 0.658743 0.752368
    outer loop
      vertex 23 -9.56556 11.8196
      vertex 33 -9.59457 11.845
      vertex 33 -9.56556 11.8196
    endloop
  endfacet
  facet normal 0 0.658743 0.752368
    outer loop
      vertex 33 -9.59457 11.845
      vertex 23 -9.56556 11.8196
      vertex 23 -9.59457 11.845
    endloop
  endfacet
  facet normal 0 0 -1
    outer loop
      vertex 23 -13.0214 20.045
      vertex 33 -9.59457 20.045
      vertex 33 -13.0214 20.045
    endloop
  endfacet
  facet normal -0 0 -1
    outer loop
      vertex 33 -9.59457 20.045
      vertex 23 -13.0214 20.045
      vertex 23 -9.59457 20.045
    endloop
  endfacet
  facet normal -0 0 1
    outer loop
      vertex 23 -9.59457 11.845
      vertex 33 -13.0214 11.845
      vertex 33 -9.59457 11.845
    endloop
  endfacet
  facet normal 0 0 1
    outer loop
      vertex 33 -13.0214 11.845
      vertex 23 -9.59457 11.845
      vertex 23 -13.0214 11.845
    endloop
  endfacet
  facet normal -0 0 1
    outer loop
      vertex 7 -1.64516 13.855
      vertex 17 -5.5 13.855
      vertex 17 -1.64516 13.855
    endloop
  endfacet
  facet normal 0 0 1
    outer loop
      vertex 17 -5.5 13.855
      vertex 7 -1.64516 13.855
      vertex 7 -5.5 13.855
    endloop
  endfacet
  facet normal 0 0 -1
    outer loop
      vertex 7 -5.5 7.855
      vertex 17 0 7.855
      vertex 17 -5.5 7.855
    endloop
  endfacet
  facet normal -0 0 -1
    outer loop
      vertex 17 0 7.855
      vertex 7 -5.5 7.855
      vertex 7 0 7.855
    endloop
  endfacet
  facet normal 0 -1 0
    outer loop
      vertex 7 -5.5 10.8335
      vertex 17 -5.5 13.855
      vertex 7 -5.5 13.855
    endloop
  endfacet
  facet normal 0 -1 -0
    outer loop
      vertex 17 -5.5 13.855
      vertex 7 -5.5 10.8335
      vertex 17 -5.5 10.8335
    endloop
  endfacet
  facet normal 0 -1 0
    outer loop
      vertex 7 -5.5 7.855
      vertex 17 -5.5 8.20399
      vertex 7 -5.5 8.20399
    endloop
  endfacet
  facet normal 0 -1 -0
    outer loop
      vertex 17 -5.5 8.20399
      vertex 7 -5.5 7.855
      vertex 17 -5.5 7.855
    endloop
  endfacet
  facet normal -0 0 1
    outer loop
      vertex 23 1.5 13.855
      vertex 33 1.11005 13.855
      vertex 33 1.5 13.855
    endloop
  endfacet
  facet normal 0 0 1
    outer loop
      vertex 33 1.11005 13.855
      vertex 23 1.5 13.855
      vertex 23 1.11005 13.855
    endloop
  endfacet
  facet normal -0 0 1
    outer loop
      vertex 23 -1.64516 13.855
      vertex 33 -5.5 13.855
      vertex 33 -1.64516 13.855
    endloop
  endfacet
  facet normal 0 0 1
    outer loop
      vertex 33 -5.5 13.855
      vertex 23 -1.64516 13.855
      vertex 23 -5.5 13.855
    endloop
  endfacet
  facet normal 0 0 -1
    outer loop
      vertex 23 -5.5 7.855
      vertex 33 0 7.855
      vertex 33 -5.5 7.855
    endloop
  endfacet
  facet normal -0 0 -1
    outer loop
      vertex 33 0 7.855
      vertex 23 -5.5 7.855
      vertex 23 0 7.855
    endloop
  endfacet
  facet normal 0 1 -0
    outer loop
      vertex 25.176 1.5 12.7511
      vertex 23 1.5 13.855
      vertex 33 1.5 13.855
    endloop
  endfacet
  facet normal 0 1 0
    outer loop
      vertex 23 1.5 13.855
      vertex 23.85 1.5 13.2403
      vertex 23 1.5 13.6321
    endloop
  endfacet
  facet normal 0 1 0
    outer loop
      vertex 23 1.5 13.855
      vertex 25.176 1.5 12.7511
      vertex 23.85 1.5 13.2403
    endloop
  endfacet
  facet normal 0 1 0
    outer loop
      vertex 33 1.5 13.855
      vertex 26.5363 1.5 12.3675
      vertex 25.176 1.5 12.7511
    endloop
  endfacet
  facet normal 0 1 0
    outer loop
      vertex 33 1.5 13.855
      vertex 27.9225 1.5 12.0917
      vertex 26.5363 1.5 12.3675
    endloop
  endfacet
  facet normal 0 1 0
    outer loop
      vertex 33 1.5 13.855
      vertex 29.326 1.5 11.9256
      vertex 27.9225 1.5 12.0917
    endloop
  endfacet
  facet normal 0 1 0
    outer loop
      vertex 30.7383 1.5 11.8701
      vertex 33 1.5 13.855
      vertex 33 1.5 11.8701
    endloop
  endfacet
  facet normal 0 1 0
    outer loop
      vertex 33 1.5 13.855
      vertex 30.7383 1.5 11.8701
      vertex 29.326 1.5 11.9256
    endloop
  endfacet
  facet normal 0 -1 0
    outer loop
      vertex 23 -5.5 10.8335
      vertex 33 -5.5 13.855
      vertex 23 -5.5 13.855
    endloop
  endfacet
  facet normal 0 -1 -0
    outer loop
      vertex 33 -5.5 13.855
      vertex 23 -5.5 10.8335
      vertex 33 -5.5 10.8335
    endloop
  endfacet
  facet normal 0 -1 0
    outer loop
      vertex 23 -5.5 7.855
      vertex 33 -5.5 8.20399
      vertex 23 -5.5 8.20399
    endloop
  endfacet
  facet normal 0 -1 -0
    outer loop
      vertex 33 -5.5 8.20399
      vertex 23 -5.5 7.855
      vertex 33 -5.5 7.855
    endloop
  endfacet
endsolid OpenSCAD_Model
