solid OpenSCAD_Model
  facet normal -0.087167 0 -0.996194
    outer loop
      vertex -8.15 0 1.7
      vertex -7.8548 4 1.67417
      vertex -7.8548 0 1.67417
    endloop
  endfacet
  facet normal -0.087167 0 -0.996194
    outer loop
      vertex -7.8548 4 1.67417
      vertex -8.15 0 1.7
      vertex -8.15 4 1.7
    endloop
  endfacet
  facet normal -0.087167 0 0.996194
    outer loop
      vertex -8.15 4 -1.7
      vertex -7.8548 0 -1.67417
      vertex -7.8548 4 -1.67417
    endloop
  endfacet
  facet normal -0.087167 0 0.996194
    outer loop
      vertex -7.8548 0 -1.67417
      vertex -8.15 4 -1.7
      vertex -8.15 0 -1.7
    endloop
  endfacet
  facet normal -0.965931 0 -0.258801
    outer loop
      vertex -6.47583 0 0.295201
      vertex -6.55252 4 0.581433
      vertex -6.47583 4 0.295201
    endloop
  endfacet
  facet normal -0.965931 -0 -0.258801
    outer loop
      vertex -6.55252 4 0.581433
      vertex -6.47583 0 0.295201
      vertex -6.55252 0 0.581433
    endloop
  endfacet
  facet normal -0.996194 0 -0.0871667
    outer loop
      vertex -6.45 0 0
      vertex -6.47583 4 0.295201
      vertex -6.45 4 0
    endloop
  endfacet
  facet normal -0.996194 -0 -0.0871667
    outer loop
      vertex -6.47583 4 0.295201
      vertex -6.45 0 0
      vertex -6.47583 0 0.295201
    endloop
  endfacet
  facet normal -0.258803 0 -0.96593
    outer loop
      vertex -7.8548 0 1.67417
      vertex -7.56857 4 1.59748
      vertex -7.56857 0 1.59748
    endloop
  endfacet
  facet normal -0.258803 0 -0.96593
    outer loop
      vertex -7.56857 4 1.59748
      vertex -7.8548 0 1.67417
      vertex -7.8548 4 1.67417
    endloop
  endfacet
  facet normal -0.819166 0 -0.573556
    outer loop
      vertex -6.67776 0 0.849999
      vertex -6.84772 4 1.09274
      vertex -6.67776 4 0.849999
    endloop
  endfacet
  facet normal -0.819166 -0 -0.573556
    outer loop
      vertex -6.84772 4 1.09274
      vertex -6.67776 0 0.849999
      vertex -6.84772 0 1.09274
    endloop
  endfacet
  facet normal -0.906301 0 0.422634
    outer loop
      vertex -6.67776 0 -0.849999
      vertex -6.55252 4 -0.581433
      vertex -6.67776 4 -0.849999
    endloop
  endfacet
  facet normal -0.906301 0 0.422634
    outer loop
      vertex -6.55252 4 -0.581433
      vertex -6.67776 0 -0.849999
      vertex -6.55252 0 -0.581433
    endloop
  endfacet
  facet normal -0.965931 0 0.258801
    outer loop
      vertex -6.55252 0 -0.581433
      vertex -6.47583 4 -0.295201
      vertex -6.55252 4 -0.581433
    endloop
  endfacet
  facet normal -0.965931 0 0.258801
    outer loop
      vertex -6.47583 4 -0.295201
      vertex -6.55252 0 -0.581433
      vertex -6.47583 0 -0.295201
    endloop
  endfacet
  facet normal 0.57358 0 -0.819149
    outer loop
      vertex -9.24274 0 1.30227
      vertex -9 4 1.47224
      vertex -9 0 1.47224
    endloop
  endfacet
  facet normal 0.57358 0 -0.819149
    outer loop
      vertex -9 4 1.47224
      vertex -9.24274 0 1.30227
      vertex -9.24274 4 1.30227
    endloop
  endfacet
  facet normal -0.906301 0 -0.422634
    outer loop
      vertex -6.55252 0 0.581433
      vertex -6.67776 4 0.849999
      vertex -6.55252 4 0.581433
    endloop
  endfacet
  facet normal -0.906301 -0 -0.422634
    outer loop
      vertex -6.67776 4 0.849999
      vertex -6.55252 0 0.581433
      vertex -6.67776 0 0.849999
    endloop
  endfacet
  facet normal -0.70709 0 -0.707124
    outer loop
      vertex -6.84772 0 1.09274
      vertex -7.05726 4 1.30227
      vertex -6.84772 4 1.09274
    endloop
  endfacet
  facet normal -0.70709 -0 -0.707124
    outer loop
      vertex -7.05726 4 1.30227
      vertex -6.84772 0 1.09274
      vertex -7.05726 0 1.30227
    endloop
  endfacet
  facet normal -0.422629 0 0.906303
    outer loop
      vertex -7.56857 4 -1.59748
      vertex -7.3 0 -1.47224
      vertex -7.3 4 -1.47224
    endloop
  endfacet
  facet normal -0.422629 0 0.906303
    outer loop
      vertex -7.3 0 -1.47224
      vertex -7.56857 4 -1.59748
      vertex -7.56857 0 -1.59748
    endloop
  endfacet
  facet normal 0.906301 0 -0.422634
    outer loop
      vertex -9.62224 0 0.849999
      vertex -9.74748 4 0.581433
      vertex -9.62224 4 0.849999
    endloop
  endfacet
  facet normal 0.906301 0 -0.422634
    outer loop
      vertex -9.74748 4 0.581433
      vertex -9.62224 0 0.849999
      vertex -9.74748 0 0.581433
    endloop
  endfacet
  facet normal -0.258803 0 0.96593
    outer loop
      vertex -7.8548 4 -1.67417
      vertex -7.56857 0 -1.59748
      vertex -7.56857 4 -1.59748
    endloop
  endfacet
  facet normal -0.258803 0 0.96593
    outer loop
      vertex -7.56857 0 -1.59748
      vertex -7.8548 4 -1.67417
      vertex -7.8548 0 -1.67417
    endloop
  endfacet
  facet normal 0.819166 0 -0.573556
    outer loop
      vertex -9.45228 0 1.09274
      vertex -9.62224 4 0.849999
      vertex -9.45228 4 1.09274
    endloop
  endfacet
  facet normal 0.819166 0 -0.573556
    outer loop
      vertex -9.62224 4 0.849999
      vertex -9.45228 0 1.09274
      vertex -9.62224 0 0.849999
    endloop
  endfacet
  facet normal -0.819166 0 0.573556
    outer loop
      vertex -6.84772 0 -1.09274
      vertex -6.67776 4 -0.849999
      vertex -6.84772 4 -1.09274
    endloop
  endfacet
  facet normal -0.819166 0 0.573556
    outer loop
      vertex -6.67776 4 -0.849999
      vertex -6.84772 0 -1.09274
      vertex -6.67776 0 -0.849999
    endloop
  endfacet
  facet normal 0.965931 -0 0.258801
    outer loop
      vertex -9.82417 0 -0.295201
      vertex -9.74748 4 -0.581433
      vertex -9.82417 4 -0.295201
    endloop
  endfacet
  facet normal 0.965931 0 0.258801
    outer loop
      vertex -9.74748 4 -0.581433
      vertex -9.82417 0 -0.295201
      vertex -9.74748 0 -0.581433
    endloop
  endfacet
  facet normal 0.906301 -0 0.422634
    outer loop
      vertex -9.74748 0 -0.581433
      vertex -9.62224 4 -0.849999
      vertex -9.74748 4 -0.581433
    endloop
  endfacet
  facet normal 0.906301 0 0.422634
    outer loop
      vertex -9.62224 4 -0.849999
      vertex -9.74748 0 -0.581433
      vertex -9.62224 0 -0.849999
    endloop
  endfacet
  facet normal -0.422629 0 -0.906303
    outer loop
      vertex -7.56857 0 1.59748
      vertex -7.3 4 1.47224
      vertex -7.3 0 1.47224
    endloop
  endfacet
  facet normal -0.422629 0 -0.906303
    outer loop
      vertex -7.3 4 1.47224
      vertex -7.56857 0 1.59748
      vertex -7.56857 4 1.59748
    endloop
  endfacet
  facet normal 0.087167 0 -0.996194
    outer loop
      vertex -8.4452 0 1.67417
      vertex -8.15 4 1.7
      vertex -8.15 0 1.7
    endloop
  endfacet
  facet normal 0.087167 0 -0.996194
    outer loop
      vertex -8.15 4 1.7
      vertex -8.4452 0 1.67417
      vertex -8.4452 4 1.67417
    endloop
  endfacet
  facet normal 0.422629 0 0.906303
    outer loop
      vertex -9 4 -1.47224
      vertex -8.73143 0 -1.59748
      vertex -8.73143 4 -1.59748
    endloop
  endfacet
  facet normal 0.422629 0 0.906303
    outer loop
      vertex -8.73143 0 -1.59748
      vertex -9 4 -1.47224
      vertex -9 0 -1.47224
    endloop
  endfacet
  facet normal -0.57358 0 -0.819149
    outer loop
      vertex -7.3 0 1.47224
      vertex -7.05726 4 1.30227
      vertex -7.05726 0 1.30227
    endloop
  endfacet
  facet normal -0.57358 0 -0.819149
    outer loop
      vertex -7.05726 4 1.30227
      vertex -7.3 0 1.47224
      vertex -7.3 4 1.47224
    endloop
  endfacet
  facet normal 0.422629 0 -0.906303
    outer loop
      vertex -9 0 1.47224
      vertex -8.73143 4 1.59748
      vertex -8.73143 0 1.59748
    endloop
  endfacet
  facet normal 0.422629 0 -0.906303
    outer loop
      vertex -8.73143 4 1.59748
      vertex -9 0 1.47224
      vertex -9 4 1.47224
    endloop
  endfacet
  facet normal 0.70709 0 -0.707124
    outer loop
      vertex -9.24274 0 1.30227
      vertex -9.45228 4 1.09274
      vertex -9.24274 4 1.30227
    endloop
  endfacet
  facet normal 0.70709 0 -0.707124
    outer loop
      vertex -9.45228 4 1.09274
      vertex -9.24274 0 1.30227
      vertex -9.45228 0 1.09274
    endloop
  endfacet
  facet normal -0.70709 0 0.707124
    outer loop
      vertex -7.05726 0 -1.30227
      vertex -6.84772 4 -1.09274
      vertex -7.05726 4 -1.30227
    endloop
  endfacet
  facet normal -0.70709 0 0.707124
    outer loop
      vertex -6.84772 4 -1.09274
      vertex -7.05726 0 -1.30227
      vertex -6.84772 0 -1.09274
    endloop
  endfacet
  facet normal -0.996194 0 0.0871667
    outer loop
      vertex -6.47583 0 -0.295201
      vertex -6.45 4 0
      vertex -6.47583 4 -0.295201
    endloop
  endfacet
  facet normal -0.996194 0 0.0871667
    outer loop
      vertex -6.45 4 0
      vertex -6.47583 0 -0.295201
      vertex -6.45 0 0
    endloop
  endfacet
  facet normal 0.087167 0 0.996194
    outer loop
      vertex -8.4452 4 -1.67417
      vertex -8.15 0 -1.7
      vertex -8.15 4 -1.7
    endloop
  endfacet
  facet normal 0.087167 0 0.996194
    outer loop
      vertex -8.15 0 -1.7
      vertex -8.4452 4 -1.67417
      vertex -8.4452 0 -1.67417
    endloop
  endfacet
  facet normal 0.258803 0 -0.96593
    outer loop
      vertex -8.73143 0 1.59748
      vertex -8.4452 4 1.67417
      vertex -8.4452 0 1.67417
    endloop
  endfacet
  facet normal 0.258803 0 -0.96593
    outer loop
      vertex -8.4452 4 1.67417
      vertex -8.73143 0 1.59748
      vertex -8.73143 4 1.59748
    endloop
  endfacet
  facet normal 0.996194 -0 0.0871667
    outer loop
      vertex -9.85 0 0
      vertex -9.82417 4 -0.295201
      vertex -9.85 4 0
    endloop
  endfacet
  facet normal 0.996194 0 0.0871667
    outer loop
      vertex -9.82417 4 -0.295201
      vertex -9.85 0 0
      vertex -9.82417 0 -0.295201
    endloop
  endfacet
  facet normal 0.819166 -0 0.573556
    outer loop
      vertex -9.62224 0 -0.849999
      vertex -9.45228 4 -1.09274
      vertex -9.62224 4 -0.849999
    endloop
  endfacet
  facet normal 0.819166 0 0.573556
    outer loop
      vertex -9.45228 4 -1.09274
      vertex -9.62224 0 -0.849999
      vertex -9.45228 0 -1.09274
    endloop
  endfacet
  facet normal 0.70709 -0 0.707124
    outer loop
      vertex -9.45228 0 -1.09274
      vertex -9.24274 4 -1.30227
      vertex -9.45228 4 -1.09274
    endloop
  endfacet
  facet normal 0.70709 0 0.707124
    outer loop
      vertex -9.24274 4 -1.30227
      vertex -9.45228 0 -1.09274
      vertex -9.24274 0 -1.30227
    endloop
  endfacet
  facet normal 0.258803 0 0.96593
    outer loop
      vertex -8.73143 4 -1.59748
      vertex -8.4452 0 -1.67417
      vertex -8.4452 4 -1.67417
    endloop
  endfacet
  facet normal 0.258803 0 0.96593
    outer loop
      vertex -8.4452 0 -1.67417
      vertex -8.73143 4 -1.59748
      vertex -8.73143 0 -1.59748
    endloop
  endfacet
  facet normal 0.57358 0 0.819149
    outer loop
      vertex -9.24274 4 -1.30227
      vertex -9 0 -1.47224
      vertex -9 4 -1.47224
    endloop
  endfacet
  facet normal 0.57358 0 0.819149
    outer loop
      vertex -9 0 -1.47224
      vertex -9.24274 4 -1.30227
      vertex -9.24274 0 -1.30227
    endloop
  endfacet
  facet normal 0.965931 0 -0.258801
    outer loop
      vertex -9.74748 0 0.581433
      vertex -9.82417 4 0.295201
      vertex -9.74748 4 0.581433
    endloop
  endfacet
  facet normal 0.965931 0 -0.258801
    outer loop
      vertex -9.82417 4 0.295201
      vertex -9.74748 0 0.581433
      vertex -9.82417 0 0.295201
    endloop
  endfacet
  facet normal 0.996194 0 -0.0871667
    outer loop
      vertex -9.82417 0 0.295201
      vertex -9.85 4 0
      vertex -9.82417 4 0.295201
    endloop
  endfacet
  facet normal 0.996194 0 -0.0871667
    outer loop
      vertex -9.85 4 0
      vertex -9.82417 0 0.295201
      vertex -9.85 0 0
    endloop
  endfacet
  facet normal -0.57358 0 0.819149
    outer loop
      vertex -7.3 4 -1.47224
      vertex -7.05726 0 -1.30227
      vertex -7.05726 4 -1.30227
    endloop
  endfacet
  facet normal -0.57358 0 0.819149
    outer loop
      vertex -7.05726 0 -1.30227
      vertex -7.3 4 -1.47224
      vertex -7.3 0 -1.47224
    endloop
  endfacet
  facet normal -0.087167 0 -0.996194
    outer loop
      vertex 7.85 0 1.7
      vertex 8.1452 4 1.67417
      vertex 8.1452 0 1.67417
    endloop
  endfacet
  facet normal -0.087167 0 -0.996194
    outer loop
      vertex 8.1452 4 1.67417
      vertex 7.85 0 1.7
      vertex 7.85 4 1.7
    endloop
  endfacet
  facet normal -0.087167 0 0.996194
    outer loop
      vertex 7.85 4 -1.7
      vertex 8.1452 0 -1.67417
      vertex 8.1452 4 -1.67417
    endloop
  endfacet
  facet normal -0.087167 0 0.996194
    outer loop
      vertex 8.1452 0 -1.67417
      vertex 7.85 4 -1.7
      vertex 7.85 0 -1.7
    endloop
  endfacet
  facet normal -0.965931 0 -0.258801
    outer loop
      vertex 9.52417 0 0.295201
      vertex 9.44748 4 0.581433
      vertex 9.52417 4 0.295201
    endloop
  endfacet
  facet normal -0.965931 -0 -0.258801
    outer loop
      vertex 9.44748 4 0.581433
      vertex 9.52417 0 0.295201
      vertex 9.44748 0 0.581433
    endloop
  endfacet
  facet normal -0.996194 0 -0.0871667
    outer loop
      vertex 9.55 0 0
      vertex 9.52417 4 0.295201
      vertex 9.55 4 0
    endloop
  endfacet
  facet normal -0.996194 -0 -0.0871667
    outer loop
      vertex 9.52417 4 0.295201
      vertex 9.55 0 0
      vertex 9.52417 0 0.295201
    endloop
  endfacet
  facet normal -0.258803 0 -0.96593
    outer loop
      vertex 8.1452 0 1.67417
      vertex 8.43143 4 1.59748
      vertex 8.43143 0 1.59748
    endloop
  endfacet
  facet normal -0.258803 0 -0.96593
    outer loop
      vertex 8.43143 4 1.59748
      vertex 8.1452 0 1.67417
      vertex 8.1452 4 1.67417
    endloop
  endfacet
  facet normal -0.819166 0 -0.573556
    outer loop
      vertex 9.32224 0 0.849999
      vertex 9.15228 4 1.09274
      vertex 9.32224 4 0.849999
    endloop
  endfacet
  facet normal -0.819166 -0 -0.573556
    outer loop
      vertex 9.15228 4 1.09274
      vertex 9.32224 0 0.849999
      vertex 9.15228 0 1.09274
    endloop
  endfacet
  facet normal -0.906301 0 0.422634
    outer loop
      vertex 9.32224 0 -0.849999
      vertex 9.44748 4 -0.581433
      vertex 9.32224 4 -0.849999
    endloop
  endfacet
  facet normal -0.906301 0 0.422634
    outer loop
      vertex 9.44748 4 -0.581433
      vertex 9.32224 0 -0.849999
      vertex 9.44748 0 -0.581433
    endloop
  endfacet
  facet normal -0.965931 0 0.258801
    outer loop
      vertex 9.44748 0 -0.581433
      vertex 9.52417 4 -0.295201
      vertex 9.44748 4 -0.581433
    endloop
  endfacet
  facet normal -0.965931 0 0.258801
    outer loop
      vertex 9.52417 4 -0.295201
      vertex 9.44748 0 -0.581433
      vertex 9.52417 0 -0.295201
    endloop
  endfacet
  facet normal 0.57358 0 -0.819149
    outer loop
      vertex 6.75726 0 1.30227
      vertex 7 4 1.47224
      vertex 7 0 1.47224
    endloop
  endfacet
  facet normal 0.57358 0 -0.819149
    outer loop
      vertex 7 4 1.47224
      vertex 6.75726 0 1.30227
      vertex 6.75726 4 1.30227
    endloop
  endfacet
  facet normal -0.906301 0 -0.422634
    outer loop
      vertex 9.44748 0 0.581433
      vertex 9.32224 4 0.849999
      vertex 9.44748 4 0.581433
    endloop
  endfacet
  facet normal -0.906301 -0 -0.422634
    outer loop
      vertex 9.32224 4 0.849999
      vertex 9.44748 0 0.581433
      vertex 9.32224 0 0.849999
    endloop
  endfacet
  facet normal -0.70709 0 -0.707124
    outer loop
      vertex 9.15228 0 1.09274
      vertex 8.94274 4 1.30227
      vertex 9.15228 4 1.09274
    endloop
  endfacet
  facet normal -0.70709 -0 -0.707124
    outer loop
      vertex 8.94274 4 1.30227
      vertex 9.15228 0 1.09274
      vertex 8.94274 0 1.30227
    endloop
  endfacet
  facet normal 0.906301 0 -0.422634
    outer loop
      vertex 6.37776 0 0.849999
      vertex 6.25252 4 0.581433
      vertex 6.37776 4 0.849999
    endloop
  endfacet
  facet normal 0.906301 0 -0.422634
    outer loop
      vertex 6.25252 4 0.581433
      vertex 6.37776 0 0.849999
      vertex 6.25252 0 0.581433
    endloop
  endfacet
  facet normal 0.422629 0 0.906303
    outer loop
      vertex 7 4 -1.47224
      vertex 7.26857 0 -1.59748
      vertex 7.26857 4 -1.59748
    endloop
  endfacet
  facet normal 0.422629 0 0.906303
    outer loop
      vertex 7.26857 0 -1.59748
      vertex 7 4 -1.47224
      vertex 7 0 -1.47224
    endloop
  endfacet
  facet normal -0.819166 0 0.573556
    outer loop
      vertex 9.15228 0 -1.09274
      vertex 9.32224 4 -0.849999
      vertex 9.15228 4 -1.09274
    endloop
  endfacet
  facet normal -0.819166 0 0.573556
    outer loop
      vertex 9.32224 4 -0.849999
      vertex 9.15228 0 -1.09274
      vertex 9.32224 0 -0.849999
    endloop
  endfacet
  facet normal 0.965931 -0 0.258801
    outer loop
      vertex 6.17583 0 -0.295201
      vertex 6.25252 4 -0.581433
      vertex 6.17583 4 -0.295201
    endloop
  endfacet
  facet normal 0.965931 0 0.258801
    outer loop
      vertex 6.25252 4 -0.581433
      vertex 6.17583 0 -0.295201
      vertex 6.25252 0 -0.581433
    endloop
  endfacet
  facet normal -0.258803 0 0.96593
    outer loop
      vertex 8.1452 4 -1.67417
      vertex 8.43143 0 -1.59748
      vertex 8.43143 4 -1.59748
    endloop
  endfacet
  facet normal -0.258803 0 0.96593
    outer loop
      vertex 8.43143 0 -1.59748
      vertex 8.1452 4 -1.67417
      vertex 8.1452 0 -1.67417
    endloop
  endfacet
  facet normal 0.906301 -0 0.422634
    outer loop
      vertex 6.25252 0 -0.581433
      vertex 6.37776 4 -0.849999
      vertex 6.25252 4 -0.581433
    endloop
  endfacet
  facet normal 0.906301 0 0.422634
    outer loop
      vertex 6.37776 4 -0.849999
      vertex 6.25252 0 -0.581433
      vertex 6.37776 0 -0.849999
    endloop
  endfacet
  facet normal -0.422629 0 -0.906303
    outer loop
      vertex 8.43143 0 1.59748
      vertex 8.7 4 1.47224
      vertex 8.7 0 1.47224
    endloop
  endfacet
  facet normal -0.422629 0 -0.906303
    outer loop
      vertex 8.7 4 1.47224
      vertex 8.43143 0 1.59748
      vertex 8.43143 4 1.59748
    endloop
  endfacet
  facet normal 0.087167 0 -0.996194
    outer loop
      vertex 7.5548 0 1.67417
      vertex 7.85 4 1.7
      vertex 7.85 0 1.7
    endloop
  endfacet
  facet normal 0.087167 0 -0.996194
    outer loop
      vertex 7.85 4 1.7
      vertex 7.5548 0 1.67417
      vertex 7.5548 4 1.67417
    endloop
  endfacet
  facet normal -0.70709 0 0.707124
    outer loop
      vertex 8.94274 0 -1.30227
      vertex 9.15228 4 -1.09274
      vertex 8.94274 4 -1.30227
    endloop
  endfacet
  facet normal -0.70709 0 0.707124
    outer loop
      vertex 9.15228 4 -1.09274
      vertex 8.94274 0 -1.30227
      vertex 9.15228 0 -1.09274
    endloop
  endfacet
  facet normal -0.57358 0 -0.819149
    outer loop
      vertex 8.7 0 1.47224
      vertex 8.94274 4 1.30227
      vertex 8.94274 0 1.30227
    endloop
  endfacet
  facet normal -0.57358 0 -0.819149
    outer loop
      vertex 8.94274 4 1.30227
      vertex 8.7 0 1.47224
      vertex 8.7 4 1.47224
    endloop
  endfacet
  facet normal 0.422629 0 -0.906303
    outer loop
      vertex 7 0 1.47224
      vertex 7.26857 4 1.59748
      vertex 7.26857 0 1.59748
    endloop
  endfacet
  facet normal 0.422629 0 -0.906303
    outer loop
      vertex 7.26857 4 1.59748
      vertex 7 0 1.47224
      vertex 7 4 1.47224
    endloop
  endfacet
  facet normal 0.70709 0 -0.707124
    outer loop
      vertex 6.75726 0 1.30227
      vertex 6.54772 4 1.09274
      vertex 6.75726 4 1.30227
    endloop
  endfacet
  facet normal 0.70709 0 -0.707124
    outer loop
      vertex 6.54772 4 1.09274
      vertex 6.75726 0 1.30227
      vertex 6.54772 0 1.09274
    endloop
  endfacet
  facet normal 0.70709 -0 0.707124
    outer loop
      vertex 6.54772 0 -1.09274
      vertex 6.75726 4 -1.30227
      vertex 6.54772 4 -1.09274
    endloop
  endfacet
  facet normal 0.70709 0 0.707124
    outer loop
      vertex 6.75726 4 -1.30227
      vertex 6.54772 0 -1.09274
      vertex 6.75726 0 -1.30227
    endloop
  endfacet
  facet normal 0.57358 0 0.819149
    outer loop
      vertex 6.75726 4 -1.30227
      vertex 7 0 -1.47224
      vertex 7 4 -1.47224
    endloop
  endfacet
  facet normal 0.57358 0 0.819149
    outer loop
      vertex 7 0 -1.47224
      vertex 6.75726 4 -1.30227
      vertex 6.75726 0 -1.30227
    endloop
  endfacet
  facet normal -0.996194 0 0.0871667
    outer loop
      vertex 9.52417 0 -0.295201
      vertex 9.55 4 0
      vertex 9.52417 4 -0.295201
    endloop
  endfacet
  facet normal -0.996194 0 0.0871667
    outer loop
      vertex 9.55 4 0
      vertex 9.52417 0 -0.295201
      vertex 9.55 0 0
    endloop
  endfacet
  facet normal 0.087167 0 0.996194
    outer loop
      vertex 7.5548 4 -1.67417
      vertex 7.85 0 -1.7
      vertex 7.85 4 -1.7
    endloop
  endfacet
  facet normal 0.087167 0 0.996194
    outer loop
      vertex 7.85 0 -1.7
      vertex 7.5548 4 -1.67417
      vertex 7.5548 0 -1.67417
    endloop
  endfacet
  facet normal 0.258803 0 -0.96593
    outer loop
      vertex 7.26857 0 1.59748
      vertex 7.5548 4 1.67417
      vertex 7.5548 0 1.67417
    endloop
  endfacet
  facet normal 0.258803 0 -0.96593
    outer loop
      vertex 7.5548 4 1.67417
      vertex 7.26857 0 1.59748
      vertex 7.26857 4 1.59748
    endloop
  endfacet
  facet normal 0.996194 -0 0.0871667
    outer loop
      vertex 6.15 0 0
      vertex 6.17583 4 -0.295201
      vertex 6.15 4 0
    endloop
  endfacet
  facet normal 0.996194 0 0.0871667
    outer loop
      vertex 6.17583 4 -0.295201
      vertex 6.15 0 0
      vertex 6.17583 0 -0.295201
    endloop
  endfacet
  facet normal 0.819166 -0 0.573556
    outer loop
      vertex 6.37776 0 -0.849999
      vertex 6.54772 4 -1.09274
      vertex 6.37776 4 -0.849999
    endloop
  endfacet
  facet normal 0.819166 0 0.573556
    outer loop
      vertex 6.54772 4 -1.09274
      vertex 6.37776 0 -0.849999
      vertex 6.54772 0 -1.09274
    endloop
  endfacet
  facet normal -0.422629 0 0.906303
    outer loop
      vertex 8.43143 4 -1.59748
      vertex 8.7 0 -1.47224
      vertex 8.7 4 -1.47224
    endloop
  endfacet
  facet normal -0.422629 0 0.906303
    outer loop
      vertex 8.7 0 -1.47224
      vertex 8.43143 4 -1.59748
      vertex 8.43143 0 -1.59748
    endloop
  endfacet
  facet normal 0.258803 0 0.96593
    outer loop
      vertex 7.26857 4 -1.59748
      vertex 7.5548 0 -1.67417
      vertex 7.5548 4 -1.67417
    endloop
  endfacet
  facet normal 0.258803 0 0.96593
    outer loop
      vertex 7.5548 0 -1.67417
      vertex 7.26857 4 -1.59748
      vertex 7.26857 0 -1.59748
    endloop
  endfacet
  facet normal 0.819166 0 -0.573556
    outer loop
      vertex 6.54772 0 1.09274
      vertex 6.37776 4 0.849999
      vertex 6.54772 4 1.09274
    endloop
  endfacet
  facet normal 0.819166 0 -0.573556
    outer loop
      vertex 6.37776 4 0.849999
      vertex 6.54772 0 1.09274
      vertex 6.37776 0 0.849999
    endloop
  endfacet
  facet normal 0.965931 0 -0.258801
    outer loop
      vertex 6.25252 0 0.581433
      vertex 6.17583 4 0.295201
      vertex 6.25252 4 0.581433
    endloop
  endfacet
  facet normal 0.965931 0 -0.258801
    outer loop
      vertex 6.17583 4 0.295201
      vertex 6.25252 0 0.581433
      vertex 6.17583 0 0.295201
    endloop
  endfacet
  facet normal 0.996194 0 -0.0871667
    outer loop
      vertex 6.17583 0 0.295201
      vertex 6.15 4 0
      vertex 6.17583 4 0.295201
    endloop
  endfacet
  facet normal 0.996194 0 -0.0871667
    outer loop
      vertex 6.15 4 0
      vertex 6.17583 0 0.295201
      vertex 6.15 0 0
    endloop
  endfacet
  facet normal -0.57358 0 0.819149
    outer loop
      vertex 8.7 4 -1.47224
      vertex 8.94274 0 -1.30227
      vertex 8.94274 4 -1.30227
    endloop
  endfacet
  facet normal -0.57358 0 0.819149
    outer loop
      vertex 8.94274 0 -1.30227
      vertex 8.7 4 -1.47224
      vertex 8.7 0 -1.47224
    endloop
  endfacet
  facet normal 0 1 -0
    outer loop
      vertex -7.8548 4 1.67417
      vertex -31.0916 4 17.4909
      vertex 7.5548 4 1.67417
    endloop
  endfacet
  facet normal 0 1 0
    outer loop
      vertex -31.0916 4 17.4909
      vertex -7.8548 4 1.67417
      vertex -8.15 4 1.7
    endloop
  endfacet
  facet normal 0 1 -0
    outer loop
      vertex 7.26857 4 1.59748
      vertex -7.8548 4 1.67417
      vertex 7.5548 4 1.67417
    endloop
  endfacet
  facet normal 0 1 0
    outer loop
      vertex 7.26857 4 1.59748
      vertex -7.56857 4 1.59748
      vertex -7.8548 4 1.67417
    endloop
  endfacet
  facet normal 0 1 -0
    outer loop
      vertex 7 4 1.47224
      vertex -7.56857 4 1.59748
      vertex 7.26857 4 1.59748
    endloop
  endfacet
  facet normal 0 1 0
    outer loop
      vertex 7 4 1.47224
      vertex -7.3 4 1.47224
      vertex -7.56857 4 1.59748
    endloop
  endfacet
  facet normal 0 1 -0
    outer loop
      vertex 6.75726 4 1.30227
      vertex -7.3 4 1.47224
      vertex 7 4 1.47224
    endloop
  endfacet
  facet normal 0 1 0
    outer loop
      vertex 6.75726 4 1.30227
      vertex -7.05726 4 1.30227
      vertex -7.3 4 1.47224
    endloop
  endfacet
  facet normal 0 1 -0
    outer loop
      vertex 6.54772 4 1.09274
      vertex -7.05726 4 1.30227
      vertex 6.75726 4 1.30227
    endloop
  endfacet
  facet normal 0 1 0
    outer loop
      vertex 6.54772 4 1.09274
      vertex -6.84772 4 1.09274
      vertex -7.05726 4 1.30227
    endloop
  endfacet
  facet normal 0 1 -0
    outer loop
      vertex 6.37776 4 0.849999
      vertex -6.84772 4 1.09274
      vertex 6.54772 4 1.09274
    endloop
  endfacet
  facet normal 0 1 0
    outer loop
      vertex 6.37776 4 0.849999
      vertex -6.67776 4 0.849999
      vertex -6.84772 4 1.09274
    endloop
  endfacet
  facet normal 0 1 -0
    outer loop
      vertex 6.25252 4 0.581433
      vertex -6.67776 4 0.849999
      vertex 6.37776 4 0.849999
    endloop
  endfacet
  facet normal 0 1 0
    outer loop
      vertex 6.25252 4 0.581433
      vertex -6.55252 4 0.581433
      vertex -6.67776 4 0.849999
    endloop
  endfacet
  facet normal 0 1 -0
    outer loop
      vertex 6.17583 4 0.295201
      vertex -6.55252 4 0.581433
      vertex 6.25252 4 0.581433
    endloop
  endfacet
  facet normal 0 1 0
    outer loop
      vertex 6.17583 4 0.295201
      vertex -6.47583 4 0.295201
      vertex -6.55252 4 0.581433
    endloop
  endfacet
  facet normal 0 1 -0
    outer loop
      vertex 6.15 4 0
      vertex -6.47583 4 0.295201
      vertex 6.17583 4 0.295201
    endloop
  endfacet
  facet normal 0 1 0
    outer loop
      vertex 6.15 4 0
      vertex -6.45 4 0
      vertex -6.47583 4 0.295201
    endloop
  endfacet
  facet normal 0 1 0
    outer loop
      vertex 6.17583 4 -0.295201
      vertex -6.45 4 0
      vertex 6.15 4 0
    endloop
  endfacet
  facet normal 0 1 0
    outer loop
      vertex 6.17583 4 -0.295201
      vertex -6.47583 4 -0.295201
      vertex -6.45 4 0
    endloop
  endfacet
  facet normal 0 1 0
    outer loop
      vertex 6.25252 4 -0.581433
      vertex -6.47583 4 -0.295201
      vertex 6.17583 4 -0.295201
    endloop
  endfacet
  facet normal 0 1 0
    outer loop
      vertex 6.25252 4 -0.581433
      vertex -6.55252 4 -0.581433
      vertex -6.47583 4 -0.295201
    endloop
  endfacet
  facet normal 0 1 0
    outer loop
      vertex 6.37776 4 -0.849999
      vertex -6.55252 4 -0.581433
      vertex 6.25252 4 -0.581433
    endloop
  endfacet
  facet normal 0 1 0
    outer loop
      vertex 6.37776 4 -0.849999
      vertex -6.67776 4 -0.849999
      vertex -6.55252 4 -0.581433
    endloop
  endfacet
  facet normal 0 1 0
    outer loop
      vertex 6.54772 4 -1.09274
      vertex -6.67776 4 -0.849999
      vertex 6.37776 4 -0.849999
    endloop
  endfacet
  facet normal 0 1 0
    outer loop
      vertex 6.54772 4 -1.09274
      vertex -6.84772 4 -1.09274
      vertex -6.67776 4 -0.849999
    endloop
  endfacet
  facet normal 0 1 0
    outer loop
      vertex 6.75726 4 -1.30227
      vertex -6.84772 4 -1.09274
      vertex 6.54772 4 -1.09274
    endloop
  endfacet
  facet normal 0 1 0
    outer loop
      vertex 6.75726 4 -1.30227
      vertex -7.05726 4 -1.30227
      vertex -6.84772 4 -1.09274
    endloop
  endfacet
  facet normal 0 1 0
    outer loop
      vertex 4.56456 4 -16.5646
      vertex 6.75726 4 -1.30227
      vertex 7 4 -1.47224
    endloop
  endfacet
  facet normal 0 1 0
    outer loop
      vertex 6.75726 4 -1.30227
      vertex -4.29289 4 -16.6771
      vertex -7.05726 4 -1.30227
    endloop
  endfacet
  facet normal 0 1 0
    outer loop
      vertex 4.85297 4 -16.5072
      vertex 7 4 -1.47224
      vertex 7.26857 4 -1.59748
    endloop
  endfacet
  facet normal -0 1 -0
    outer loop
      vertex -4.42596 4 -16.6142
      vertex -7.05726 4 -1.30227
      vertex -4.29289 4 -16.6771
    endloop
  endfacet
  facet normal 0 1 0
    outer loop
      vertex 5 4 -16.5
      vertex 7.26857 4 -1.59748
      vertex 7.5548 4 -1.67417
    endloop
  endfacet
  facet normal -0 1 -0
    outer loop
      vertex -4.56456 4 -16.5646
      vertex -7.05726 4 -1.30227
      vertex -4.42596 4 -16.6142
    endloop
  endfacet
  facet normal 0 1 0
    outer loop
      vertex 5.29263 4 -16.5288
      vertex 7.5548 4 -1.67417
      vertex 7.85 4 -1.7
    endloop
  endfacet
  facet normal 0 1 0
    outer loop
      vertex -7.05726 4 -1.30227
      vertex -4.56456 4 -16.5646
      vertex -7.3 4 -1.47224
    endloop
  endfacet
  facet normal 0 1 -0
    outer loop
      vertex -24.4354 4 5.06342
      vertex -31.0916 4 17.4909
      vertex -24.2926 4 5.09918
    endloop
  endfacet
  facet normal 0 1 0
    outer loop
      vertex -31.4142 4 17.3719
      vertex -33.853 4 5.12077
      vertex -34 4 5.12801
    endloop
  endfacet
  facet normal 0 1 -0
    outer loop
      vertex -24.574 4 5.01382
      vertex -31.0916 4 17.4909
      vertex -24.4354 4 5.06342
    endloop
  endfacet
  facet normal 0 1 0
    outer loop
      vertex -31.4142 4 17.3719
      vertex -33.7074 4 5.09918
      vertex -33.853 4 5.12077
    endloop
  endfacet
  facet normal 0 1 -0
    outer loop
      vertex -24.7071 4 4.95088
      vertex -31.0916 4 17.4909
      vertex -24.574 4 5.01382
    endloop
  endfacet
  facet normal 0 1 0
    outer loop
      vertex -31.4142 4 17.3719
      vertex -33.5646 4 5.06342
      vertex -33.7074 4 5.09918
    endloop
  endfacet
  facet normal 0 1 -0
    outer loop
      vertex -24.8333 4 4.8752
      vertex -31.0916 4 17.4909
      vertex -24.7071 4 4.95088
    endloop
  endfacet
  facet normal 0 1 0
    outer loop
      vertex -31.4142 4 17.3719
      vertex -33.426 4 5.01382
      vertex -33.5646 4 5.06342
    endloop
  endfacet
  facet normal 0 1 0
    outer loop
      vertex -31.0916 4 17.4909
      vertex -24.8333 4 4.8752
      vertex -31.4142 4 17.3719
    endloop
  endfacet
  facet normal 0 1 0
    outer loop
      vertex -31.4142 4 17.3719
      vertex -33.2929 4 4.95088
      vertex -33.426 4 5.01382
    endloop
  endfacet
  facet normal 0 1 0
    outer loop
      vertex -33.1666 4 4.8752
      vertex -31.4142 4 17.3719
      vertex -24.8333 4 4.8752
    endloop
  endfacet
  facet normal 0 1 0
    outer loop
      vertex -31.4142 4 17.3719
      vertex -33.1666 4 4.8752
      vertex -33.2929 4 4.95088
    endloop
  endfacet
  facet normal 0 1 -0
    outer loop
      vertex -24.9516 4 4.78752
      vertex -33.1666 4 4.8752
      vertex -24.8333 4 4.8752
    endloop
  endfacet
  facet normal 0 1 0
    outer loop
      vertex -24.9516 4 4.78752
      vertex -33.0484 4 4.78752
      vertex -33.1666 4 4.8752
    endloop
  endfacet
  facet normal 0 1 -0
    outer loop
      vertex -25.0607 4 4.68866
      vertex -33.0484 4 4.78752
      vertex -24.9516 4 4.78752
    endloop
  endfacet
  facet normal 0 1 0
    outer loop
      vertex -25.0607 4 4.68866
      vertex -32.9393 4 4.68866
      vertex -33.0484 4 4.78752
    endloop
  endfacet
  facet normal 0 1 -0
    outer loop
      vertex -25.1595 4 4.57959
      vertex -32.9393 4 4.68866
      vertex -25.0607 4 4.68866
    endloop
  endfacet
  facet normal 0 1 0
    outer loop
      vertex -25.1595 4 4.57959
      vertex -32.8405 4 4.57959
      vertex -32.9393 4 4.68866
    endloop
  endfacet
  facet normal 0 1 -0
    outer loop
      vertex -25.2472 4 4.46135
      vertex -32.8405 4 4.57959
      vertex -25.1595 4 4.57959
    endloop
  endfacet
  facet normal 0 1 0
    outer loop
      vertex -25.2472 4 4.46135
      vertex -32.7528 4 4.46135
      vertex -32.8405 4 4.57959
    endloop
  endfacet
  facet normal 0 1 -0
    outer loop
      vertex -25.3229 4 4.3351
      vertex -32.7528 4 4.46135
      vertex -25.2472 4 4.46135
    endloop
  endfacet
  facet normal 0 1 0
    outer loop
      vertex -25.3229 4 4.3351
      vertex -32.6771 4 4.3351
      vertex -32.7528 4 4.46135
    endloop
  endfacet
  facet normal 0 1 -0
    outer loop
      vertex -25.3858 4 4.20203
      vertex -32.6771 4 4.3351
      vertex -25.3229 4 4.3351
    endloop
  endfacet
  facet normal 0 1 0
    outer loop
      vertex -25.3858 4 4.20203
      vertex -32.6142 4 4.20203
      vertex -32.6771 4 4.3351
    endloop
  endfacet
  facet normal 0 1 -0
    outer loop
      vertex -25.4354 4 4.06343
      vertex -32.6142 4 4.20203
      vertex -25.3858 4 4.20203
    endloop
  endfacet
  facet normal 0 1 0
    outer loop
      vertex -25.4354 4 4.06343
      vertex -32.5646 4 4.06343
      vertex -32.6142 4 4.20203
    endloop
  endfacet
  facet normal 0 1 -0
    outer loop
      vertex -25.4712 4 3.92064
      vertex -32.5646 4 4.06343
      vertex -25.4354 4 4.06343
    endloop
  endfacet
  facet normal 0 1 0
    outer loop
      vertex -25.4712 4 3.92064
      vertex -32.5288 4 3.92064
      vertex -32.5646 4 4.06343
    endloop
  endfacet
  facet normal 0 1 -0
    outer loop
      vertex -25.4928 4 3.77502
      vertex -32.5288 4 3.92064
      vertex -25.4712 4 3.92064
    endloop
  endfacet
  facet normal 0 1 0
    outer loop
      vertex -25.4928 4 3.77502
      vertex -32.5072 4 3.77502
      vertex -32.5288 4 3.92064
    endloop
  endfacet
  facet normal 0 1 -0
    outer loop
      vertex -25.5 4 3.62801
      vertex -32.5072 4 3.77502
      vertex -25.4928 4 3.77502
    endloop
  endfacet
  facet normal 0 1 0
    outer loop
      vertex -25.5 4 3.62801
      vertex -32.5 4 3.62801
      vertex -32.5072 4 3.77502
    endloop
  endfacet
  facet normal 0 1 0
    outer loop
      vertex -25.4928 4 3.48097
      vertex -32.5 4 3.62801
      vertex -25.5 4 3.62801
    endloop
  endfacet
  facet normal 0 1 0
    outer loop
      vertex -25.4928 4 3.48097
      vertex -32.5072 4 3.48097
      vertex -32.5 4 3.62801
    endloop
  endfacet
  facet normal 0 1 0
    outer loop
      vertex -25.4712 4 3.33536
      vertex -32.5072 4 3.48097
      vertex -25.4928 4 3.48097
    endloop
  endfacet
  facet normal 0 1 0
    outer loop
      vertex -25.4712 4 3.33536
      vertex -32.5288 4 3.33536
      vertex -32.5072 4 3.48097
    endloop
  endfacet
  facet normal 0 1 0
    outer loop
      vertex -25.4354 4 3.19257
      vertex -32.5288 4 3.33536
      vertex -25.4712 4 3.33536
    endloop
  endfacet
  facet normal 0 1 0
    outer loop
      vertex -25.4354 4 3.19257
      vertex -32.5646 4 3.19257
      vertex -32.5288 4 3.33536
    endloop
  endfacet
  facet normal 0 1 0
    outer loop
      vertex -25.3858 4 3.05397
      vertex -32.5646 4 3.19257
      vertex -25.4354 4 3.19257
    endloop
  endfacet
  facet normal 0 1 0
    outer loop
      vertex -25.3858 4 3.05397
      vertex -32.6142 4 3.05397
      vertex -32.5646 4 3.19257
    endloop
  endfacet
  facet normal 0 1 0
    outer loop
      vertex -25.3229 4 2.9209
      vertex -32.6142 4 3.05397
      vertex -25.3858 4 3.05397
    endloop
  endfacet
  facet normal 0 1 0
    outer loop
      vertex -25.3229 4 2.9209
      vertex -32.6771 4 2.9209
      vertex -32.6142 4 3.05397
    endloop
  endfacet
  facet normal 0 1 0
    outer loop
      vertex -25.2472 4 2.79465
      vertex -32.6771 4 2.9209
      vertex -25.3229 4 2.9209
    endloop
  endfacet
  facet normal 0 1 0
    outer loop
      vertex -25.2472 4 2.79465
      vertex -32.7528 4 2.79465
      vertex -32.6771 4 2.9209
    endloop
  endfacet
  facet normal 0 1 0
    outer loop
      vertex -25.1595 4 2.67641
      vertex -32.7528 4 2.79465
      vertex -25.2472 4 2.79465
    endloop
  endfacet
  facet normal 0 1 0
    outer loop
      vertex -25.1595 4 2.67641
      vertex -32.8405 4 2.67641
      vertex -32.7528 4 2.79465
    endloop
  endfacet
  facet normal 0 1 0
    outer loop
      vertex -25.0607 4 2.56734
      vertex -32.8405 4 2.67641
      vertex -25.1595 4 2.67641
    endloop
  endfacet
  facet normal 0 1 0
    outer loop
      vertex -25.0607 4 2.56734
      vertex -32.9393 4 2.56734
      vertex -32.8405 4 2.67641
    endloop
  endfacet
  facet normal 0 1 0
    outer loop
      vertex -24.9516 4 2.46848
      vertex -32.9393 4 2.56734
      vertex -25.0607 4 2.56734
    endloop
  endfacet
  facet normal 0 1 0
    outer loop
      vertex -24.9516 4 2.46848
      vertex -33.0484 4 2.46848
      vertex -32.9393 4 2.56734
    endloop
  endfacet
  facet normal 0 1 0
    outer loop
      vertex -24.8333 4 2.3808
      vertex -33.0484 4 2.46848
      vertex -24.9516 4 2.46848
    endloop
  endfacet
  facet normal 0 1 0
    outer loop
      vertex -24.8333 4 2.3808
      vertex -33.1666 4 2.3808
      vertex -33.0484 4 2.46848
    endloop
  endfacet
  facet normal 0 1 0
    outer loop
      vertex -24.7071 4 2.30511
      vertex -33.1666 4 2.3808
      vertex -24.8333 4 2.3808
    endloop
  endfacet
  facet normal 0 1 0
    outer loop
      vertex -24.7071 4 2.30511
      vertex -33.2929 4 2.30511
      vertex -33.1666 4 2.3808
    endloop
  endfacet
  facet normal 0 1 0
    outer loop
      vertex -24.574 4 2.24217
      vertex -33.2929 4 2.30511
      vertex -24.7071 4 2.30511
    endloop
  endfacet
  facet normal 0 1 0
    outer loop
      vertex -24.574 4 2.24217
      vertex -33.426 4 2.24217
      vertex -33.2929 4 2.30511
    endloop
  endfacet
  facet normal 0 1 0
    outer loop
      vertex -31.4142 4 -17.3719
      vertex -24.574 4 2.24217
      vertex -24.4354 4 2.19258
    endloop
  endfacet
  facet normal 0 1 0
    outer loop
      vertex -24.574 4 2.24217
      vertex -31.4142 4 -17.3719
      vertex -33.426 4 2.24217
    endloop
  endfacet
  facet normal 0 1 0
    outer loop
      vertex -30.0883 4 -17.8611
      vertex -24.4354 4 2.19258
      vertex -24.2926 4 2.15681
    endloop
  endfacet
  facet normal -0 1 -0
    outer loop
      vertex -32.7745 4 -16.9883
      vertex -33.426 4 2.24217
      vertex -31.4142 4 -17.3719
    endloop
  endfacet
  facet normal 0 1 0
    outer loop
      vertex -30.0883 4 -17.8611
      vertex -24.2926 4 2.15681
      vertex -24.147 4 2.13522
    endloop
  endfacet
  facet normal 0 1 0
    outer loop
      vertex -33.426 4 2.24217
      vertex -32.7745 4 -16.9883
      vertex -33.5646 4 2.19258
    endloop
  endfacet
  facet normal 0 1 0
    outer loop
      vertex -28.8047 4 -18.4528
      vertex -24.147 4 2.13522
      vertex -24 4 2.12801
    endloop
  endfacet
  facet normal 0 1 0
    outer loop
      vertex -33.5646 4 2.19258
      vertex -32.7745 4 -16.9883
      vertex -33.7074 4 2.15681
    endloop
  endfacet
  facet normal 0 1 0
    outer loop
      vertex -34.1607 4 16.7125
      vertex -34 4 5.12801
      vertex -35.5643 4 16.5464
    endloop
  endfacet
  facet normal 0 1 0
    outer loop
      vertex -31.0916 4 17.4909
      vertex -23.853 4 5.12077
      vertex -24 4 5.12801
    endloop
  endfacet
  facet normal 0 1 0
    outer loop
      vertex 23.426 4 5.01382
      vertex 31.0916 4 17.4909
      vertex 23.5646 4 5.06342
    endloop
  endfacet
  facet normal 0 1 0
    outer loop
      vertex -31.0916 4 17.4909
      vertex -23.7074 4 5.09918
      vertex -23.853 4 5.12077
    endloop
  endfacet
  facet normal 0 1 0
    outer loop
      vertex 23.2929 4 4.95088
      vertex 31.0916 4 17.4909
      vertex 23.426 4 5.01382
    endloop
  endfacet
  facet normal 0 1 0
    outer loop
      vertex -31.0916 4 17.4909
      vertex -23.5646 4 5.06342
      vertex -23.7074 4 5.09918
    endloop
  endfacet
  facet normal 0 1 0
    outer loop
      vertex 7.5548 4 1.67417
      vertex 31.0916 4 17.4909
      vertex 7.85 4 1.7
    endloop
  endfacet
  facet normal 0 1 0
    outer loop
      vertex 31.0916 4 17.4909
      vertex 7.5548 4 1.67417
      vertex -31.0916 4 17.4909
    endloop
  endfacet
  facet normal 0 1 0
    outer loop
      vertex 23.1666 4 4.8752
      vertex 31.0916 4 17.4909
      vertex 23.2929 4 4.95088
    endloop
  endfacet
  facet normal 0 1 -0
    outer loop
      vertex -8.4452 4 1.67417
      vertex -31.0916 4 17.4909
      vertex -8.15 4 1.7
    endloop
  endfacet
  facet normal 0 1 0
    outer loop
      vertex 31.0916 4 17.4909
      vertex 23.1666 4 4.8752
      vertex 8.1452 4 1.67417
    endloop
  endfacet
  facet normal 0 1 0
    outer loop
      vertex -31.0916 4 17.4909
      vertex -23.426 4 5.01382
      vertex -23.5646 4 5.06342
    endloop
  endfacet
  facet normal 0 1 0
    outer loop
      vertex 8.1452 4 1.67417
      vertex 23.1666 4 4.8752
      vertex 23.0484 4 4.78752
    endloop
  endfacet
  facet normal 0 1 0
    outer loop
      vertex -31.0916 4 17.4909
      vertex -23.2929 4 4.95088
      vertex -23.426 4 5.01382
    endloop
  endfacet
  facet normal 0 1 0
    outer loop
      vertex 8.43143 4 1.59748
      vertex 23.0484 4 4.78752
      vertex 22.9393 4 4.68866
    endloop
  endfacet
  facet normal -0 1 -0
    outer loop
      vertex -23.1666 4 4.8752
      vertex -31.0916 4 17.4909
      vertex -8.4452 4 1.67417
    endloop
  endfacet
  facet normal 0 1 0
    outer loop
      vertex 8.43143 4 1.59748
      vertex 22.9393 4 4.68866
      vertex 22.8405 4 4.57959
    endloop
  endfacet
  facet normal 0 1 0
    outer loop
      vertex -31.0916 4 17.4909
      vertex -23.1666 4 4.8752
      vertex -23.2929 4 4.95088
    endloop
  endfacet
  facet normal 0 1 0
    outer loop
      vertex 8.7 4 1.47224
      vertex 22.8405 4 4.57959
      vertex 22.7528 4 4.46135
    endloop
  endfacet
  facet normal 0 1 0
    outer loop
      vertex -23.1666 4 4.8752
      vertex -8.4452 4 1.67417
      vertex -23.0484 4 4.78752
    endloop
  endfacet
  facet normal 0 1 0
    outer loop
      vertex 8.7 4 1.47224
      vertex 22.7528 4 4.46135
      vertex 22.6771 4 4.3351
    endloop
  endfacet
  facet normal 0 1 -0
    outer loop
      vertex -8.73143 4 1.59748
      vertex -23.0484 4 4.78752
      vertex -8.4452 4 1.67417
    endloop
  endfacet
  facet normal 0 1 0
    outer loop
      vertex 8.94274 4 1.30227
      vertex 22.6771 4 4.3351
      vertex 22.6142 4 4.20203
    endloop
  endfacet
  facet normal 0 1 0
    outer loop
      vertex -23.0484 4 4.78752
      vertex -8.73143 4 1.59748
      vertex -22.9393 4 4.68866
    endloop
  endfacet
  facet normal 0 1 0
    outer loop
      vertex 9.15228 4 1.09274
      vertex 22.6142 4 4.20203
      vertex 22.5646 4 4.06343
    endloop
  endfacet
  facet normal 0 1 0
    outer loop
      vertex -22.9393 4 4.68866
      vertex -8.73143 4 1.59748
      vertex -22.8405 4 4.57959
    endloop
  endfacet
  facet normal 0 1 0
    outer loop
      vertex 9.15228 4 1.09274
      vertex 22.5646 4 4.06343
      vertex 22.5288 4 3.92064
    endloop
  endfacet
  facet normal 0 1 -0
    outer loop
      vertex -9 4 1.47224
      vertex -22.8405 4 4.57959
      vertex -8.73143 4 1.59748
    endloop
  endfacet
  facet normal 0 1 0
    outer loop
      vertex 9.32224 4 0.849999
      vertex 22.5288 4 3.92064
      vertex 22.5072 4 3.77502
    endloop
  endfacet
  facet normal 0 1 0
    outer loop
      vertex -22.8405 4 4.57959
      vertex -9 4 1.47224
      vertex -22.7528 4 4.46135
    endloop
  endfacet
  facet normal 0 1 0
    outer loop
      vertex 9.32224 4 0.849999
      vertex 22.5072 4 3.77502
      vertex 22.5 4 3.62801
    endloop
  endfacet
  facet normal 0 1 0
    outer loop
      vertex -22.7528 4 4.46135
      vertex -9 4 1.47224
      vertex -22.6771 4 4.3351
    endloop
  endfacet
  facet normal 0 1 0
    outer loop
      vertex 9.44748 4 0.581433
      vertex 22.5 4 3.62801
      vertex 22.5072 4 3.48097
    endloop
  endfacet
  facet normal 0 1 -0
    outer loop
      vertex -9.24274 4 1.30227
      vertex -22.6771 4 4.3351
      vertex -9 4 1.47224
    endloop
  endfacet
  facet normal 0 1 0
    outer loop
      vertex 9.44748 4 0.581433
      vertex 22.5072 4 3.48097
      vertex 22.5288 4 3.33536
    endloop
  endfacet
  facet normal 0 1 0
    outer loop
      vertex -22.6771 4 4.3351
      vertex -9.24274 4 1.30227
      vertex -22.6142 4 4.20203
    endloop
  endfacet
  facet normal 0 1 0
    outer loop
      vertex 9.52417 4 0.295201
      vertex 22.5288 4 3.33536
      vertex 22.5646 4 3.19257
    endloop
  endfacet
  facet normal 0 1 0
    outer loop
      vertex -22.6142 4 4.20203
      vertex -9.24274 4 1.30227
      vertex -22.5646 4 4.06343
    endloop
  endfacet
  facet normal 0 1 0
    outer loop
      vertex 9.52417 4 0.295201
      vertex 22.5646 4 3.19257
      vertex 22.6142 4 3.05397
    endloop
  endfacet
  facet normal 0 1 -0
    outer loop
      vertex -9.45228 4 1.09274
      vertex -22.5646 4 4.06343
      vertex -9.24274 4 1.30227
    endloop
  endfacet
  facet normal 0 1 0
    outer loop
      vertex 9.55 4 0
      vertex 22.6142 4 3.05397
      vertex 22.6771 4 2.9209
    endloop
  endfacet
  facet normal 0 1 0
    outer loop
      vertex -22.5646 4 4.06343
      vertex -9.45228 4 1.09274
      vertex -22.5288 4 3.92064
    endloop
  endfacet
  facet normal 0 1 0
    outer loop
      vertex 9.55 4 0
      vertex 22.6771 4 2.9209
      vertex 22.7528 4 2.79465
    endloop
  endfacet
  facet normal 0 1 -0
    outer loop
      vertex -9.62224 4 0.849999
      vertex -22.5288 4 3.92064
      vertex -9.45228 4 1.09274
    endloop
  endfacet
  facet normal 0 1 0
    outer loop
      vertex 9.52417 4 -0.295201
      vertex 22.7528 4 2.79465
      vertex 22.8405 4 2.67641
    endloop
  endfacet
  facet normal 0 1 0
    outer loop
      vertex -22.5288 4 3.92064
      vertex -9.62224 4 0.849999
      vertex -22.5072 4 3.77502
    endloop
  endfacet
  facet normal 0 1 0
    outer loop
      vertex 9.44748 4 -0.581433
      vertex 22.8405 4 2.67641
      vertex 22.9393 4 2.56734
    endloop
  endfacet
  facet normal 0 1 0
    outer loop
      vertex -22.5072 4 3.77502
      vertex -9.62224 4 0.849999
      vertex -22.5 4 3.62801
    endloop
  endfacet
  facet normal 0 1 0
    outer loop
      vertex 9.44748 4 -0.581433
      vertex 22.9393 4 2.56734
      vertex 23.0484 4 2.46848
    endloop
  endfacet
  facet normal 0 1 -0
    outer loop
      vertex -9.74748 4 0.581433
      vertex -22.5 4 3.62801
      vertex -9.62224 4 0.849999
    endloop
  endfacet
  facet normal 0 1 0
    outer loop
      vertex 9.32224 4 -0.849999
      vertex 23.0484 4 2.46848
      vertex 23.1666 4 2.3808
    endloop
  endfacet
  facet normal 0 1 0
    outer loop
      vertex -22.5 4 3.62801
      vertex -9.74748 4 0.581433
      vertex -22.5072 4 3.48097
    endloop
  endfacet
  facet normal 0 1 0
    outer loop
      vertex 9.32224 4 -0.849999
      vertex 23.1666 4 2.3808
      vertex 23.2929 4 2.30511
    endloop
  endfacet
  facet normal 0 1 0
    outer loop
      vertex -22.5072 4 3.48097
      vertex -9.74748 4 0.581433
      vertex -22.5288 4 3.33536
    endloop
  endfacet
  facet normal 0 1 0
    outer loop
      vertex 9.15228 4 -1.09274
      vertex 23.2929 4 2.30511
      vertex 23.426 4 2.24217
    endloop
  endfacet
  facet normal 0 1 -0
    outer loop
      vertex -9.82417 4 0.295201
      vertex -22.5288 4 3.33536
      vertex -9.74748 4 0.581433
    endloop
  endfacet
  facet normal 0 1 0
    outer loop
      vertex 26.3964 4 -19.9286
      vertex 23.426 4 2.24217
      vertex 23.5646 4 2.19258
    endloop
  endfacet
  facet normal 0 1 0
    outer loop
      vertex -22.5288 4 3.33536
      vertex -9.82417 4 0.295201
      vertex -22.5646 4 3.19257
    endloop
  endfacet
  facet normal 0 1 0
    outer loop
      vertex 27.5716 4 -19.1434
      vertex 23.5646 4 2.19258
      vertex 23.7074 4 2.15681
    endloop
  endfacet
  facet normal 0 1 0
    outer loop
      vertex -22.5646 4 3.19257
      vertex -9.82417 4 0.295201
      vertex -22.6142 4 3.05397
    endloop
  endfacet
  facet normal 0 1 0
    outer loop
      vertex 27.5716 4 -19.1434
      vertex 23.7074 4 2.15681
      vertex 23.853 4 2.13522
    endloop
  endfacet
  facet normal 0 1 -0
    outer loop
      vertex -9.85 4 0
      vertex -22.6142 4 3.05397
      vertex -9.82417 4 0.295201
    endloop
  endfacet
  facet normal 0 1 0
    outer loop
      vertex 28.8047 4 -18.4528
      vertex 23.853 4 2.13522
      vertex 24 4 2.12801
    endloop
  endfacet
  facet normal 0 1 0
    outer loop
      vertex -22.6142 4 3.05397
      vertex -9.85 4 0
      vertex -22.6771 4 2.9209
    endloop
  endfacet
  facet normal 0 1 0
    outer loop
      vertex 33.7074 4 5.09918
      vertex 36.9766 4 16.4909
      vertex 33.853 4 5.12077
    endloop
  endfacet
  facet normal 0 1 0
    outer loop
      vertex 36.9766 4 16.4909
      vertex 24.147 4 5.12077
      vertex 24 4 5.12801
    endloop
  endfacet
  facet normal 0 1 0
    outer loop
      vertex 33.5646 4 5.06342
      vertex 36.9766 4 16.4909
      vertex 33.7074 4 5.09918
    endloop
  endfacet
  facet normal 0 1 0
    outer loop
      vertex 36.9766 4 16.4909
      vertex 24.2926 4 5.09918
      vertex 24.147 4 5.12077
    endloop
  endfacet
  facet normal 0 1 0
    outer loop
      vertex 33.426 4 5.01382
      vertex 36.9766 4 16.4909
      vertex 33.5646 4 5.06342
    endloop
  endfacet
  facet normal 0 1 0
    outer loop
      vertex 36.9766 4 16.4909
      vertex 24.4354 4 5.06342
      vertex 24.2926 4 5.09918
    endloop
  endfacet
  facet normal 0 1 0
    outer loop
      vertex 33.2929 4 4.95088
      vertex 36.9766 4 16.4909
      vertex 33.426 4 5.01382
    endloop
  endfacet
  facet normal 0 1 0
    outer loop
      vertex 36.9766 4 16.4909
      vertex 24.574 4 5.01382
      vertex 24.4354 4 5.06342
    endloop
  endfacet
  facet normal 0 1 0
    outer loop
      vertex 24.7071 4 4.95088
      vertex 36.9766 4 16.4909
      vertex 33.2929 4 4.95088
    endloop
  endfacet
  facet normal 0 1 0
    outer loop
      vertex 36.9766 4 16.4909
      vertex 24.7071 4 4.95088
      vertex 24.574 4 5.01382
    endloop
  endfacet
  facet normal 0 1 -0
    outer loop
      vertex 33.1666 4 4.8752
      vertex 24.7071 4 4.95088
      vertex 33.2929 4 4.95088
    endloop
  endfacet
  facet normal 0 1 0
    outer loop
      vertex 33.1666 4 4.8752
      vertex 24.8333 4 4.8752
      vertex 24.7071 4 4.95088
    endloop
  endfacet
  facet normal 0 1 -0
    outer loop
      vertex 33.0484 4 4.78752
      vertex 24.8333 4 4.8752
      vertex 33.1666 4 4.8752
    endloop
  endfacet
  facet normal 0 1 0
    outer loop
      vertex 33.0484 4 4.78752
      vertex 24.9516 4 4.78752
      vertex 24.8333 4 4.8752
    endloop
  endfacet
  facet normal 0 1 -0
    outer loop
      vertex 32.9393 4 4.68866
      vertex 24.9516 4 4.78752
      vertex 33.0484 4 4.78752
    endloop
  endfacet
  facet normal 0 1 0
    outer loop
      vertex 32.9393 4 4.68866
      vertex 25.0607 4 4.68866
      vertex 24.9516 4 4.78752
    endloop
  endfacet
  facet normal 0 1 -0
    outer loop
      vertex 32.8405 4 4.57959
      vertex 25.0607 4 4.68866
      vertex 32.9393 4 4.68866
    endloop
  endfacet
  facet normal 0 1 0
    outer loop
      vertex 32.8405 4 4.57959
      vertex 25.1595 4 4.57959
      vertex 25.0607 4 4.68866
    endloop
  endfacet
  facet normal 0 1 -0
    outer loop
      vertex 32.7528 4 4.46135
      vertex 25.1595 4 4.57959
      vertex 32.8405 4 4.57959
    endloop
  endfacet
  facet normal 0 1 0
    outer loop
      vertex 32.7528 4 4.46135
      vertex 25.2472 4 4.46135
      vertex 25.1595 4 4.57959
    endloop
  endfacet
  facet normal 0 1 -0
    outer loop
      vertex 32.6771 4 4.3351
      vertex 25.2472 4 4.46135
      vertex 32.7528 4 4.46135
    endloop
  endfacet
  facet normal 0 1 0
    outer loop
      vertex 32.6771 4 4.3351
      vertex 25.3229 4 4.3351
      vertex 25.2472 4 4.46135
    endloop
  endfacet
  facet normal 0 1 -0
    outer loop
      vertex 32.6142 4 4.20203
      vertex 25.3229 4 4.3351
      vertex 32.6771 4 4.3351
    endloop
  endfacet
  facet normal 0 1 0
    outer loop
      vertex 32.6142 4 4.20203
      vertex 25.3858 4 4.20203
      vertex 25.3229 4 4.3351
    endloop
  endfacet
  facet normal 0 1 -0
    outer loop
      vertex 32.5646 4 4.06343
      vertex 25.3858 4 4.20203
      vertex 32.6142 4 4.20203
    endloop
  endfacet
  facet normal 0 1 0
    outer loop
      vertex 32.5646 4 4.06343
      vertex 25.4354 4 4.06343
      vertex 25.3858 4 4.20203
    endloop
  endfacet
  facet normal 0 1 -0
    outer loop
      vertex 32.5288 4 3.92064
      vertex 25.4354 4 4.06343
      vertex 32.5646 4 4.06343
    endloop
  endfacet
  facet normal 0 1 0
    outer loop
      vertex 32.5288 4 3.92064
      vertex 25.4712 4 3.92064
      vertex 25.4354 4 4.06343
    endloop
  endfacet
  facet normal 0 1 -0
    outer loop
      vertex 32.5072 4 3.77502
      vertex 25.4712 4 3.92064
      vertex 32.5288 4 3.92064
    endloop
  endfacet
  facet normal 0 1 0
    outer loop
      vertex 32.5072 4 3.77502
      vertex 25.4928 4 3.77502
      vertex 25.4712 4 3.92064
    endloop
  endfacet
  facet normal 0 1 -0
    outer loop
      vertex 32.5 4 3.62801
      vertex 25.4928 4 3.77502
      vertex 32.5072 4 3.77502
    endloop
  endfacet
  facet normal 0 1 0
    outer loop
      vertex 32.5 4 3.62801
      vertex 25.5 4 3.62801
      vertex 25.4928 4 3.77502
    endloop
  endfacet
  facet normal 0 1 0
    outer loop
      vertex 32.5072 4 3.48097
      vertex 25.5 4 3.62801
      vertex 32.5 4 3.62801
    endloop
  endfacet
  facet normal 0 1 0
    outer loop
      vertex 32.5072 4 3.48097
      vertex 25.4928 4 3.48097
      vertex 25.5 4 3.62801
    endloop
  endfacet
  facet normal 0 1 0
    outer loop
      vertex 32.5288 4 3.33536
      vertex 25.4928 4 3.48097
      vertex 32.5072 4 3.48097
    endloop
  endfacet
  facet normal 0 1 0
    outer loop
      vertex 32.5288 4 3.33536
      vertex 25.4712 4 3.33536
      vertex 25.4928 4 3.48097
    endloop
  endfacet
  facet normal 0 1 0
    outer loop
      vertex 32.5646 4 3.19257
      vertex 25.4712 4 3.33536
      vertex 32.5288 4 3.33536
    endloop
  endfacet
  facet normal 0 1 0
    outer loop
      vertex 32.5646 4 3.19257
      vertex 25.4354 4 3.19257
      vertex 25.4712 4 3.33536
    endloop
  endfacet
  facet normal 0 1 0
    outer loop
      vertex 32.6142 4 3.05397
      vertex 25.4354 4 3.19257
      vertex 32.5646 4 3.19257
    endloop
  endfacet
  facet normal 0 1 0
    outer loop
      vertex 32.6142 4 3.05397
      vertex 25.3858 4 3.05397
      vertex 25.4354 4 3.19257
    endloop
  endfacet
  facet normal 0 1 0
    outer loop
      vertex 32.6771 4 2.9209
      vertex 25.3858 4 3.05397
      vertex 32.6142 4 3.05397
    endloop
  endfacet
  facet normal 0 1 0
    outer loop
      vertex 32.6771 4 2.9209
      vertex 25.3229 4 2.9209
      vertex 25.3858 4 3.05397
    endloop
  endfacet
  facet normal 0 1 0
    outer loop
      vertex 32.7528 4 2.79465
      vertex 25.3229 4 2.9209
      vertex 32.6771 4 2.9209
    endloop
  endfacet
  facet normal 0 1 0
    outer loop
      vertex 32.7528 4 2.79465
      vertex 25.2472 4 2.79465
      vertex 25.3229 4 2.9209
    endloop
  endfacet
  facet normal 0 1 0
    outer loop
      vertex 32.8405 4 2.67641
      vertex 25.2472 4 2.79465
      vertex 32.7528 4 2.79465
    endloop
  endfacet
  facet normal 0 1 0
    outer loop
      vertex 32.8405 4 2.67641
      vertex 25.1595 4 2.67641
      vertex 25.2472 4 2.79465
    endloop
  endfacet
  facet normal 0 1 0
    outer loop
      vertex 32.9393 4 2.56734
      vertex 25.1595 4 2.67641
      vertex 32.8405 4 2.67641
    endloop
  endfacet
  facet normal 0 1 0
    outer loop
      vertex 32.9393 4 2.56734
      vertex 25.0607 4 2.56734
      vertex 25.1595 4 2.67641
    endloop
  endfacet
  facet normal 0 1 0
    outer loop
      vertex 33.0484 4 2.46848
      vertex 25.0607 4 2.56734
      vertex 32.9393 4 2.56734
    endloop
  endfacet
  facet normal 0 1 0
    outer loop
      vertex 33.0484 4 2.46848
      vertex 24.9516 4 2.46848
      vertex 25.0607 4 2.56734
    endloop
  endfacet
  facet normal 0 1 0
    outer loop
      vertex 33.1666 4 2.3808
      vertex 24.9516 4 2.46848
      vertex 33.0484 4 2.46848
    endloop
  endfacet
  facet normal 0 1 0
    outer loop
      vertex 33.1666 4 2.3808
      vertex 24.8333 4 2.3808
      vertex 24.9516 4 2.46848
    endloop
  endfacet
  facet normal 0 1 0
    outer loop
      vertex 33.2929 4 2.30511
      vertex 24.8333 4 2.3808
      vertex 33.1666 4 2.3808
    endloop
  endfacet
  facet normal 0 1 0
    outer loop
      vertex 33.2929 4 2.30511
      vertex 24.7071 4 2.30511
      vertex 24.8333 4 2.3808
    endloop
  endfacet
  facet normal 0 1 0
    outer loop
      vertex 33.426 4 2.24217
      vertex 24.7071 4 2.30511
      vertex 33.2929 4 2.30511
    endloop
  endfacet
  facet normal 0 1 0
    outer loop
      vertex 33.426 4 2.24217
      vertex 24.574 4 2.24217
      vertex 24.7071 4 2.30511
    endloop
  endfacet
  facet normal 0 1 0
    outer loop
      vertex 32.7745 4 -16.9883
      vertex 33.426 4 2.24217
      vertex 33.5646 4 2.19258
    endloop
  endfacet
  facet normal 0 1 0
    outer loop
      vertex 33.426 4 2.24217
      vertex 31.4142 4 -17.3719
      vertex 24.574 4 2.24217
    endloop
  endfacet
  facet normal 0 1 0
    outer loop
      vertex 32.7745 4 -16.9883
      vertex 33.5646 4 2.19258
      vertex 33.7074 4 2.15681
    endloop
  endfacet
  facet normal 0 1 0
    outer loop
      vertex 24.574 4 2.24217
      vertex 31.4142 4 -17.3719
      vertex 24.4354 4 2.19258
    endloop
  endfacet
  facet normal 0 1 0
    outer loop
      vertex 34.1607 4 -16.7125
      vertex 33.7074 4 2.15681
      vertex 33.853 4 2.13522
    endloop
  endfacet
  facet normal 0 1 -0
    outer loop
      vertex 30.0883 4 -17.8611
      vertex 24.4354 4 2.19258
      vertex 31.4142 4 -17.3719
    endloop
  endfacet
  facet normal 0 1 0
    outer loop
      vertex 34.1607 4 -16.7125
      vertex 33.853 4 2.13522
      vertex 34 4 2.12801
    endloop
  endfacet
  facet normal 0 1 0
    outer loop
      vertex 24.4354 4 2.19258
      vertex 30.0883 4 -17.8611
      vertex 24.2926 4 2.15681
    endloop
  endfacet
  facet normal 0 1 0
    outer loop
      vertex 34.7071 4 4.95088
      vertex 36.9766 4 16.4909
      vertex 38 4 16.4909
    endloop
  endfacet
  facet normal 0 1 0
    outer loop
      vertex 23.853 4 5.12077
      vertex 36.9766 4 16.4909
      vertex 24 4 5.12801
    endloop
  endfacet
  facet normal 0 1 0
    outer loop
      vertex 34.8333 4 4.8752
      vertex 38 4 16.4909
      vertex 38.9415 4 16.4539
    endloop
  endfacet
  facet normal 0 1 0
    outer loop
      vertex -32.7745 4 16.9883
      vertex -34 4 5.12801
      vertex -34.1607 4 16.7125
    endloop
  endfacet
  facet normal 0 1 0
    outer loop
      vertex 34.8333 4 4.8752
      vertex 38.9415 4 16.4539
      vertex 39.8772 4 16.3432
    endloop
  endfacet
  facet normal 0 1 -0
    outer loop
      vertex -34.147 4 5.12077
      vertex -35.5643 4 16.5464
      vertex -34 4 5.12801
    endloop
  endfacet
  facet normal 0 1 0
    outer loop
      vertex 34.9516 4 4.78752
      vertex 39.8772 4 16.3432
      vertex 40.8013 4 16.1594
    endloop
  endfacet
  facet normal 0 1 -0
    outer loop
      vertex -34.2926 4 5.09918
      vertex -35.5643 4 16.5464
      vertex -34.147 4 5.12077
    endloop
  endfacet
  facet normal 0 1 0
    outer loop
      vertex 34.9516 4 4.78752
      vertex 40.8013 4 16.1594
      vertex 41.7082 4 15.9036
    endloop
  endfacet
  facet normal 0 1 -0
    outer loop
      vertex -34.4354 4 5.06342
      vertex -35.5643 4 16.5464
      vertex -34.2926 4 5.09918
    endloop
  endfacet
  facet normal 0 1 0
    outer loop
      vertex 35.0607 4 4.68866
      vertex 41.7082 4 15.9036
      vertex 42.5922 4 15.5775
    endloop
  endfacet
  facet normal 0 1 0
    outer loop
      vertex -35.5643 4 16.5464
      vertex -34.4354 4 5.06342
      vertex -36.9766 4 16.4909
    endloop
  endfacet
  facet normal 0 1 0
    outer loop
      vertex 35.0607 4 4.68866
      vertex 42.5922 4 15.5775
      vertex 43.4479 4 15.183
    endloop
  endfacet
  facet normal 0 1 -0
    outer loop
      vertex -34.574 4 5.01382
      vertex -36.9766 4 16.4909
      vertex -34.4354 4 5.06342
    endloop
  endfacet
  facet normal 0 1 0
    outer loop
      vertex 35.1595 4 4.57959
      vertex 43.4479 4 15.183
      vertex 44.27 4 14.7226
    endloop
  endfacet
  facet normal 0 1 -0
    outer loop
      vertex -34.7071 4 4.95088
      vertex -36.9766 4 16.4909
      vertex -34.574 4 5.01382
    endloop
  endfacet
  facet normal 0 1 0
    outer loop
      vertex 35.1595 4 4.57959
      vertex 44.27 4 14.7226
      vertex 45.0534 4 14.1991
    endloop
  endfacet
  facet normal 0 1 0
    outer loop
      vertex -36.9766 4 16.4909
      vertex -34.7071 4 4.95088
      vertex -38 4 16.4909
    endloop
  endfacet
  facet normal 0 1 0
    outer loop
      vertex 35.2472 4 4.46135
      vertex 45.0534 4 14.1991
      vertex 45.7934 4 13.6158
    endloop
  endfacet
  facet normal 0 1 -0
    outer loop
      vertex -34.8333 4 4.8752
      vertex -38 4 16.4909
      vertex -34.7071 4 4.95088
    endloop
  endfacet
  facet normal 0 1 0
    outer loop
      vertex 35.2472 4 4.46135
      vertex 45.7934 4 13.6158
      vertex 46.4853 4 12.9762
    endloop
  endfacet
  facet normal 0 1 0
    outer loop
      vertex -38 4 16.4909
      vertex -34.8333 4 4.8752
      vertex -38.9415 4 16.4539
    endloop
  endfacet
  facet normal 0 1 0
    outer loop
      vertex 35.3229 4 4.3351
      vertex 46.4853 4 12.9762
      vertex 47.1249 4 12.2843
    endloop
  endfacet
  facet normal 0 1 0
    outer loop
      vertex -38.9415 4 16.4539
      vertex -34.8333 4 4.8752
      vertex -39.8772 4 16.3432
    endloop
  endfacet
  facet normal 0 1 0
    outer loop
      vertex 35.3229 4 4.3351
      vertex 47.1249 4 12.2843
      vertex 47.7082 4 11.5444
    endloop
  endfacet
  facet normal 0 1 -0
    outer loop
      vertex -34.9516 4 4.78752
      vertex -39.8772 4 16.3432
      vertex -34.8333 4 4.8752
    endloop
  endfacet
  facet normal 0 1 0
    outer loop
      vertex 35.3858 4 4.20203
      vertex 47.7082 4 11.5444
      vertex 48.2317 4 10.7609
    endloop
  endfacet
  facet normal 0 1 0
    outer loop
      vertex -39.8772 4 16.3432
      vertex -34.9516 4 4.78752
      vertex -40.8013 4 16.1594
    endloop
  endfacet
  facet normal 0 1 0
    outer loop
      vertex 35.3858 4 4.20203
      vertex 48.2317 4 10.7609
      vertex 48.6921 4 9.93881
    endloop
  endfacet
  facet normal 0 1 0
    outer loop
      vertex -40.8013 4 16.1594
      vertex -34.9516 4 4.78752
      vertex -41.7082 4 15.9036
    endloop
  endfacet
  facet normal 0 1 0
    outer loop
      vertex 35.4354 4 4.06343
      vertex 48.6921 4 9.93881
      vertex 49.0865 4 9.08313
    endloop
  endfacet
  facet normal 0 1 -0
    outer loop
      vertex -35.0607 4 4.68866
      vertex -41.7082 4 15.9036
      vertex -34.9516 4 4.78752
    endloop
  endfacet
  facet normal 0 1 0
    outer loop
      vertex 35.4354 4 4.06343
      vertex 49.0865 4 9.08313
      vertex 49.4127 4 8.19913
    endloop
  endfacet
  facet normal 0 1 0
    outer loop
      vertex -41.7082 4 15.9036
      vertex -35.0607 4 4.68866
      vertex -42.5922 4 15.5775
    endloop
  endfacet
  facet normal 0 1 0
    outer loop
      vertex 35.4354 4 4.06343
      vertex 49.4127 4 8.19913
      vertex 49.6684 4 7.29227
    endloop
  endfacet
  facet normal 0 1 0
    outer loop
      vertex -42.5922 4 15.5775
      vertex -35.0607 4 4.68866
      vertex -43.4479 4 15.183
    endloop
  endfacet
  facet normal 0 1 0
    outer loop
      vertex 35.4712 4 3.92064
      vertex 49.6684 4 7.29227
      vertex 49.8522 4 6.36815
    endloop
  endfacet
  facet normal 0 1 -0
    outer loop
      vertex -35.1595 4 4.57959
      vertex -43.4479 4 15.183
      vertex -35.0607 4 4.68866
    endloop
  endfacet
  facet normal 0 1 0
    outer loop
      vertex 35.4712 4 3.92064
      vertex 49.8522 4 6.36815
      vertex 49.963 4 5.43243
    endloop
  endfacet
  facet normal 0 1 0
    outer loop
      vertex -43.4479 4 15.183
      vertex -35.1595 4 4.57959
      vertex -44.27 4 14.7226
    endloop
  endfacet
  facet normal 0 1 0
    outer loop
      vertex 33.853 4 5.12077
      vertex 36.9766 4 16.4909
      vertex 34 4 5.12801
    endloop
  endfacet
  facet normal 0 1 0
    outer loop
      vertex 36.9766 4 16.4909
      vertex 34.147 4 5.12077
      vertex 34 4 5.12801
    endloop
  endfacet
  facet normal 0 1 0
    outer loop
      vertex 36.9766 4 16.4909
      vertex 34.2926 4 5.09918
      vertex 34.147 4 5.12077
    endloop
  endfacet
  facet normal 0 1 0
    outer loop
      vertex 36.9766 4 16.4909
      vertex 34.4354 4 5.06342
      vertex 34.2926 4 5.09918
    endloop
  endfacet
  facet normal 0 1 0
    outer loop
      vertex 36.9766 4 16.4909
      vertex 34.574 4 5.01382
      vertex 34.4354 4 5.06342
    endloop
  endfacet
  facet normal 0 1 0
    outer loop
      vertex 36.9766 4 16.4909
      vertex 34.7071 4 4.95088
      vertex 34.574 4 5.01382
    endloop
  endfacet
  facet normal 0 1 0
    outer loop
      vertex 38 4 16.4909
      vertex 34.8333 4 4.8752
      vertex 34.7071 4 4.95088
    endloop
  endfacet
  facet normal 0 1 0
    outer loop
      vertex 39.8772 4 16.3432
      vertex 34.9516 4 4.78752
      vertex 34.8333 4 4.8752
    endloop
  endfacet
  facet normal 0 1 0
    outer loop
      vertex 41.7082 4 15.9036
      vertex 35.0607 4 4.68866
      vertex 34.9516 4 4.78752
    endloop
  endfacet
  facet normal 0 1 0
    outer loop
      vertex 43.4479 4 15.183
      vertex 35.1595 4 4.57959
      vertex 35.0607 4 4.68866
    endloop
  endfacet
  facet normal 0 1 0
    outer loop
      vertex 35.4928 4 3.77502
      vertex 49.963 4 5.43243
      vertex 50 4 4.49094
    endloop
  endfacet
  facet normal 0 1 0
    outer loop
      vertex 45.0534 4 14.1991
      vertex 35.2472 4 4.46135
      vertex 35.1595 4 4.57959
    endloop
  endfacet
  facet normal 0 1 0
    outer loop
      vertex 46.4853 4 12.9762
      vertex 35.3229 4 4.3351
      vertex 35.2472 4 4.46135
    endloop
  endfacet
  facet normal 0 1 0
    outer loop
      vertex 47.7082 4 11.5444
      vertex 35.3858 4 4.20203
      vertex 35.3229 4 4.3351
    endloop
  endfacet
  facet normal 0 1 0
    outer loop
      vertex 48.6921 4 9.93881
      vertex 35.4354 4 4.06343
      vertex 35.3858 4 4.20203
    endloop
  endfacet
  facet normal 0 1 0
    outer loop
      vertex 49.6684 4 7.29227
      vertex 35.4712 4 3.92064
      vertex 35.4354 4 4.06343
    endloop
  endfacet
  facet normal 0 1 0
    outer loop
      vertex 49.963 4 5.43243
      vertex 35.4928 4 3.77502
      vertex 35.4712 4 3.92064
    endloop
  endfacet
  facet normal 0 1 0
    outer loop
      vertex 50 4 4.49094
      vertex 35.5 4 3.62801
      vertex 35.4928 4 3.77502
    endloop
  endfacet
  facet normal 0 1 0
    outer loop
      vertex 50 4 4.49094
      vertex 35.4928 4 3.48097
      vertex 35.5 4 3.62801
    endloop
  endfacet
  facet normal 0 1 0
    outer loop
      vertex 50 4 4.49094
      vertex 35.4712 4 3.33536
      vertex 35.4928 4 3.48097
    endloop
  endfacet
  facet normal 0 1 0
    outer loop
      vertex 50 4 4.49094
      vertex 35.4354 4 3.19257
      vertex 35.4712 4 3.33536
    endloop
  endfacet
  facet normal 0 1 0
    outer loop
      vertex 50 4 4.49094
      vertex 35.3858 4 3.05397
      vertex 35.4354 4 3.19257
    endloop
  endfacet
  facet normal 0 1 -0
    outer loop
      vertex 50 4 -4.49094
      vertex 35.3858 4 3.05397
      vertex 50 4 4.49094
    endloop
  endfacet
  facet normal 0 1 0
    outer loop
      vertex 35.3858 4 3.05397
      vertex 50 4 -4.49094
      vertex 35.3229 4 2.9209
    endloop
  endfacet
  facet normal 0 1 0
    outer loop
      vertex 35.3229 4 2.9209
      vertex 50 4 -4.49094
      vertex 35.2472 4 2.79465
    endloop
  endfacet
  facet normal 0 1 0
    outer loop
      vertex 35.2472 4 2.79465
      vertex 50 4 -4.49094
      vertex 35.1595 4 2.67641
    endloop
  endfacet
  facet normal 0 1 0
    outer loop
      vertex 35.1595 4 2.67641
      vertex 50 4 -4.49094
      vertex 35.0607 4 2.56734
    endloop
  endfacet
  facet normal 0 1 0
    outer loop
      vertex 35.0607 4 2.56734
      vertex 50 4 -4.49094
      vertex 34.9516 4 2.46848
    endloop
  endfacet
  facet normal 0 1 -0
    outer loop
      vertex 49.963 4 -5.43243
      vertex 34.9516 4 2.46848
      vertex 50 4 -4.49094
    endloop
  endfacet
  facet normal 0 1 -0
    outer loop
      vertex 49.8522 4 -6.36815
      vertex 34.9516 4 2.46848
      vertex 49.963 4 -5.43243
    endloop
  endfacet
  facet normal 0 1 -0
    outer loop
      vertex 49.6684 4 -7.29227
      vertex 34.9516 4 2.46848
      vertex 49.8522 4 -6.36815
    endloop
  endfacet
  facet normal 0 1 0
    outer loop
      vertex 34.9516 4 2.46848
      vertex 49.6684 4 -7.29227
      vertex 34.8333 4 2.3808
    endloop
  endfacet
  facet normal 0 1 0
    outer loop
      vertex 24.2926 4 2.15681
      vertex 30.0883 4 -17.8611
      vertex 24.147 4 2.13522
    endloop
  endfacet
  facet normal 0 1 0
    outer loop
      vertex -22.6771 4 2.9209
      vertex -9.85 4 0
      vertex -22.7528 4 2.79465
    endloop
  endfacet
  facet normal 0 1 0
    outer loop
      vertex -9.82417 4 -0.295201
      vertex -22.7528 4 2.79465
      vertex -9.85 4 0
    endloop
  endfacet
  facet normal 0 1 0
    outer loop
      vertex 31.0916 4 17.4909
      vertex 8.1452 4 1.67417
      vertex 7.85 4 1.7
    endloop
  endfacet
  facet normal 0 1 0
    outer loop
      vertex 23.0484 4 4.78752
      vertex 8.43143 4 1.59748
      vertex 8.1452 4 1.67417
    endloop
  endfacet
  facet normal 0 1 0
    outer loop
      vertex 22.8405 4 4.57959
      vertex 8.7 4 1.47224
      vertex 8.43143 4 1.59748
    endloop
  endfacet
  facet normal 0 1 0
    outer loop
      vertex 22.6771 4 4.3351
      vertex 8.94274 4 1.30227
      vertex 8.7 4 1.47224
    endloop
  endfacet
  facet normal 0 1 0
    outer loop
      vertex 22.6142 4 4.20203
      vertex 9.15228 4 1.09274
      vertex 8.94274 4 1.30227
    endloop
  endfacet
  facet normal 0 1 0
    outer loop
      vertex 22.5288 4 3.92064
      vertex 9.32224 4 0.849999
      vertex 9.15228 4 1.09274
    endloop
  endfacet
  facet normal 0 1 0
    outer loop
      vertex 34.1607 4 -16.7125
      vertex 34 4 2.12801
      vertex 34.147 4 2.13522
    endloop
  endfacet
  facet normal 0 1 0
    outer loop
      vertex 22.5 4 3.62801
      vertex 9.44748 4 0.581433
      vertex 9.32224 4 0.849999
    endloop
  endfacet
  facet normal 0 1 0
    outer loop
      vertex 22.5288 4 3.33536
      vertex 9.52417 4 0.295201
      vertex 9.44748 4 0.581433
    endloop
  endfacet
  facet normal 0 1 0
    outer loop
      vertex 22.6142 4 3.05397
      vertex 9.55 4 0
      vertex 9.52417 4 0.295201
    endloop
  endfacet
  facet normal 0 1 0
    outer loop
      vertex 22.7528 4 2.79465
      vertex 9.52417 4 -0.295201
      vertex 9.55 4 0
    endloop
  endfacet
  facet normal 0 1 0
    outer loop
      vertex 22.8405 4 2.67641
      vertex 9.44748 4 -0.581433
      vertex 9.52417 4 -0.295201
    endloop
  endfacet
  facet normal 0 1 0
    outer loop
      vertex 23.853 4 2.13522
      vertex 28.8047 4 -18.4528
      vertex 27.5716 4 -19.1434
    endloop
  endfacet
  facet normal 0 1 0
    outer loop
      vertex 23.0484 4 2.46848
      vertex 9.32224 4 -0.849999
      vertex 9.44748 4 -0.581433
    endloop
  endfacet
  facet normal 0 1 0
    outer loop
      vertex 23.5646 4 2.19258
      vertex 27.5716 4 -19.1434
      vertex 26.3964 4 -19.9286
    endloop
  endfacet
  facet normal 0 1 0
    outer loop
      vertex 23.2929 4 2.30511
      vertex 9.15228 4 -1.09274
      vertex 9.32224 4 -0.849999
    endloop
  endfacet
  facet normal 0 1 0
    outer loop
      vertex 23.426 4 2.24217
      vertex 26.3964 4 -19.9286
      vertex 9.15228 4 -1.09274
    endloop
  endfacet
  facet normal 0 1 0
    outer loop
      vertex 9.15228 4 -1.09274
      vertex 26.3964 4 -19.9286
      vertex 8.94274 4 -1.30227
    endloop
  endfacet
  facet normal 0 1 0
    outer loop
      vertex 33.426 4 2.24217
      vertex 32.7745 4 -16.9883
      vertex 31.4142 4 -17.3719
    endloop
  endfacet
  facet normal 0 1 0
    outer loop
      vertex 33.7074 4 2.15681
      vertex 34.1607 4 -16.7125
      vertex 32.7745 4 -16.9883
    endloop
  endfacet
  facet normal 0 1 0
    outer loop
      vertex 34.2926 4 2.15681
      vertex 34.1607 4 -16.7125
      vertex 34.147 4 2.13522
    endloop
  endfacet
  facet normal 0 1 0
    outer loop
      vertex 34.4354 4 2.19258
      vertex 34.1607 4 -16.7125
      vertex 34.2926 4 2.15681
    endloop
  endfacet
  facet normal 0 1 -0
    outer loop
      vertex 49.4127 4 -8.19913
      vertex 34.8333 4 2.3808
      vertex 49.6684 4 -7.29227
    endloop
  endfacet
  facet normal 0 1 0
    outer loop
      vertex 23.853 4 5.12077
      vertex 31.0916 4 17.4909
      vertex 31.4142 4 17.3719
    endloop
  endfacet
  facet normal 0 1 0
    outer loop
      vertex 23.7074 4 5.09918
      vertex 31.0916 4 17.4909
      vertex 23.853 4 5.12077
    endloop
  endfacet
  facet normal 0 1 0
    outer loop
      vertex 23.853 4 5.12077
      vertex 31.4142 4 17.3719
      vertex 32.7745 4 16.9883
    endloop
  endfacet
  facet normal 0 1 0
    outer loop
      vertex 23.5646 4 5.06342
      vertex 31.0916 4 17.4909
      vertex 23.7074 4 5.09918
    endloop
  endfacet
  facet normal 0 1 0
    outer loop
      vertex 23.853 4 5.12077
      vertex 32.7745 4 16.9883
      vertex 34.1607 4 16.7125
    endloop
  endfacet
  facet normal 0 1 -0
    outer loop
      vertex -24.147 4 5.12077
      vertex -31.0916 4 17.4909
      vertex -24 4 5.12801
    endloop
  endfacet
  facet normal 0 1 0
    outer loop
      vertex 23.853 4 5.12077
      vertex 34.1607 4 16.7125
      vertex 35.5643 4 16.5464
    endloop
  endfacet
  facet normal 0 1 -0
    outer loop
      vertex -24.2926 4 5.09918
      vertex -31.0916 4 17.4909
      vertex -24.147 4 5.12077
    endloop
  endfacet
  facet normal 0 1 0
    outer loop
      vertex 23.853 4 5.12077
      vertex 35.5643 4 16.5464
      vertex 36.9766 4 16.4909
    endloop
  endfacet
  facet normal 0 1 0
    outer loop
      vertex -31.4142 4 17.3719
      vertex -34 4 5.12801
      vertex -32.7745 4 16.9883
    endloop
  endfacet
  facet normal 0 1 0
    outer loop
      vertex -44.27 4 14.7226
      vertex -35.1595 4 4.57959
      vertex -45.0534 4 14.1991
    endloop
  endfacet
  facet normal 0 1 -0
    outer loop
      vertex -35.2472 4 4.46135
      vertex -45.0534 4 14.1991
      vertex -35.1595 4 4.57959
    endloop
  endfacet
  facet normal 0 1 0
    outer loop
      vertex -45.0534 4 14.1991
      vertex -35.2472 4 4.46135
      vertex -45.7934 4 13.6158
    endloop
  endfacet
  facet normal 0 1 0
    outer loop
      vertex -45.7934 4 13.6158
      vertex -35.2472 4 4.46135
      vertex -46.4853 4 12.9762
    endloop
  endfacet
  facet normal 0 1 -0
    outer loop
      vertex -35.3229 4 4.3351
      vertex -46.4853 4 12.9762
      vertex -35.2472 4 4.46135
    endloop
  endfacet
  facet normal 0 1 0
    outer loop
      vertex -46.4853 4 12.9762
      vertex -35.3229 4 4.3351
      vertex -47.1249 4 12.2843
    endloop
  endfacet
  facet normal 0 1 0
    outer loop
      vertex -47.1249 4 12.2843
      vertex -35.3229 4 4.3351
      vertex -47.7082 4 11.5444
    endloop
  endfacet
  facet normal 0 1 -0
    outer loop
      vertex -35.3858 4 4.20203
      vertex -47.7082 4 11.5444
      vertex -35.3229 4 4.3351
    endloop
  endfacet
  facet normal 0 1 0
    outer loop
      vertex -47.7082 4 11.5444
      vertex -35.3858 4 4.20203
      vertex -48.2317 4 10.7609
    endloop
  endfacet
  facet normal 0 1 0
    outer loop
      vertex -48.2317 4 10.7609
      vertex -35.3858 4 4.20203
      vertex -48.6921 4 9.93881
    endloop
  endfacet
  facet normal 0 1 -0
    outer loop
      vertex -35.4354 4 4.06343
      vertex -48.6921 4 9.93881
      vertex -35.3858 4 4.20203
    endloop
  endfacet
  facet normal 0 1 0
    outer loop
      vertex -48.6921 4 9.93881
      vertex -35.4354 4 4.06343
      vertex -49.0865 4 9.08313
    endloop
  endfacet
  facet normal 0 1 0
    outer loop
      vertex -49.0865 4 9.08313
      vertex -35.4354 4 4.06343
      vertex -49.4127 4 8.19913
    endloop
  endfacet
  facet normal 0 1 0
    outer loop
      vertex -49.4127 4 8.19913
      vertex -35.4354 4 4.06343
      vertex -49.6684 4 7.29227
    endloop
  endfacet
  facet normal 0 1 -0
    outer loop
      vertex -35.4712 4 3.92064
      vertex -49.6684 4 7.29227
      vertex -35.4354 4 4.06343
    endloop
  endfacet
  facet normal 0 1 0
    outer loop
      vertex -49.6684 4 7.29227
      vertex -35.4712 4 3.92064
      vertex -49.8522 4 6.36815
    endloop
  endfacet
  facet normal 0 1 0
    outer loop
      vertex -49.8522 4 6.36815
      vertex -35.4712 4 3.92064
      vertex -49.963 4 5.43243
    endloop
  endfacet
  facet normal 0 1 -0
    outer loop
      vertex -35.4928 4 3.77502
      vertex -49.963 4 5.43243
      vertex -35.4712 4 3.92064
    endloop
  endfacet
  facet normal 0 1 0
    outer loop
      vertex -49.963 4 5.43243
      vertex -35.4928 4 3.77502
      vertex -50 4 4.49094
    endloop
  endfacet
  facet normal 0 1 -0
    outer loop
      vertex -35.5 4 3.62801
      vertex -50 4 4.49094
      vertex -35.4928 4 3.77502
    endloop
  endfacet
  facet normal 0 1 0
    outer loop
      vertex -35.4928 4 3.48097
      vertex -50 4 4.49094
      vertex -35.5 4 3.62801
    endloop
  endfacet
  facet normal 0 1 0
    outer loop
      vertex -35.4712 4 3.33536
      vertex -50 4 4.49094
      vertex -35.4928 4 3.48097
    endloop
  endfacet
  facet normal 0 1 0
    outer loop
      vertex -35.4354 4 3.19257
      vertex -50 4 4.49094
      vertex -35.4712 4 3.33536
    endloop
  endfacet
  facet normal 0 1 0
    outer loop
      vertex -35.3858 4 3.05397
      vertex -50 4 4.49094
      vertex -35.4354 4 3.19257
    endloop
  endfacet
  facet normal 0 1 0
    outer loop
      vertex -50 4 -4.49094
      vertex -35.3858 4 3.05397
      vertex -35.3229 4 2.9209
    endloop
  endfacet
  facet normal 0 1 0
    outer loop
      vertex -50 4 -4.49094
      vertex -35.3229 4 2.9209
      vertex -35.2472 4 2.79465
    endloop
  endfacet
  facet normal 0 1 0
    outer loop
      vertex -50 4 -4.49094
      vertex -35.2472 4 2.79465
      vertex -35.1595 4 2.67641
    endloop
  endfacet
  facet normal 0 1 0
    outer loop
      vertex -50 4 -4.49094
      vertex -35.1595 4 2.67641
      vertex -35.0607 4 2.56734
    endloop
  endfacet
  facet normal 0 1 0
    outer loop
      vertex -50 4 -4.49094
      vertex -35.0607 4 2.56734
      vertex -34.9516 4 2.46848
    endloop
  endfacet
  facet normal 0 1 0
    outer loop
      vertex -49.6684 4 -7.29227
      vertex -34.9516 4 2.46848
      vertex -34.8333 4 2.3808
    endloop
  endfacet
  facet normal 0 1 0
    outer loop
      vertex -47.7082 4 -11.5444
      vertex -34.8333 4 2.3808
      vertex -34.7071 4 2.30511
    endloop
  endfacet
  facet normal 0 1 0
    outer loop
      vertex -42.5922 4 -15.5775
      vertex -34.7071 4 2.30511
      vertex -34.574 4 2.24217
    endloop
  endfacet
  facet normal 0 1 0
    outer loop
      vertex -38 4 -16.4909
      vertex -34.574 4 2.24217
      vertex -34.4354 4 2.19258
    endloop
  endfacet
  facet normal 0 1 0
    outer loop
      vertex -36.9766 4 -16.4909
      vertex -34.4354 4 2.19258
      vertex -34.2926 4 2.15681
    endloop
  endfacet
  facet normal 0 1 0
    outer loop
      vertex -22.7528 4 2.79465
      vertex -9.82417 4 -0.295201
      vertex -22.8405 4 2.67641
    endloop
  endfacet
  facet normal 0 1 0
    outer loop
      vertex -9.74748 4 -0.581433
      vertex -22.8405 4 2.67641
      vertex -9.82417 4 -0.295201
    endloop
  endfacet
  facet normal 0 1 0
    outer loop
      vertex -22.8405 4 2.67641
      vertex -9.74748 4 -0.581433
      vertex -22.9393 4 2.56734
    endloop
  endfacet
  facet normal 0 1 0
    outer loop
      vertex -22.9393 4 2.56734
      vertex -9.74748 4 -0.581433
      vertex -23.0484 4 2.46848
    endloop
  endfacet
  facet normal 0 1 0
    outer loop
      vertex -9.62224 4 -0.849999
      vertex -23.0484 4 2.46848
      vertex -9.74748 4 -0.581433
    endloop
  endfacet
  facet normal 0 1 0
    outer loop
      vertex -23.0484 4 2.46848
      vertex -9.62224 4 -0.849999
      vertex -23.1666 4 2.3808
    endloop
  endfacet
  facet normal 0 1 0
    outer loop
      vertex -23.1666 4 2.3808
      vertex -9.62224 4 -0.849999
      vertex -23.2929 4 2.30511
    endloop
  endfacet
  facet normal 0 1 0
    outer loop
      vertex -9.45228 4 -1.09274
      vertex -23.2929 4 2.30511
      vertex -9.62224 4 -0.849999
    endloop
  endfacet
  facet normal 0 1 0
    outer loop
      vertex -23.2929 4 2.30511
      vertex -9.45228 4 -1.09274
      vertex -23.426 4 2.24217
    endloop
  endfacet
  facet normal 0 1 0
    outer loop
      vertex -26.3964 4 -19.9286
      vertex -23.426 4 2.24217
      vertex -9.45228 4 -1.09274
    endloop
  endfacet
  facet normal 0 1 0
    outer loop
      vertex -23.426 4 2.24217
      vertex -26.3964 4 -19.9286
      vertex -23.5646 4 2.19258
    endloop
  endfacet
  facet normal -0 1 0
    outer loop
      vertex -27.5716 4 -19.1434
      vertex -23.5646 4 2.19258
      vertex -26.3964 4 -19.9286
    endloop
  endfacet
  facet normal 0 1 0
    outer loop
      vertex -24.147 4 2.13522
      vertex -28.8047 4 -18.4528
      vertex -30.0883 4 -17.8611
    endloop
  endfacet
  facet normal 0 1 0
    outer loop
      vertex -23.5646 4 2.19258
      vertex -27.5716 4 -19.1434
      vertex -23.7074 4 2.15681
    endloop
  endfacet
  facet normal 0 1 0
    outer loop
      vertex -23.7074 4 2.15681
      vertex -27.5716 4 -19.1434
      vertex -23.853 4 2.13522
    endloop
  endfacet
  facet normal 0 1 0
    outer loop
      vertex -26.3964 4 -19.9286
      vertex -9.45228 4 -1.09274
      vertex -9.24274 4 -1.30227
    endloop
  endfacet
  facet normal 0 1 0
    outer loop
      vertex -6.24719 4 -17.1666
      vertex -9.24274 4 -1.30227
      vertex -9 4 -1.47224
    endloop
  endfacet
  facet normal 0 1 0
    outer loop
      vertex -6.06065 4 -16.9393
      vertex -9 4 -1.47224
      vertex -8.73143 4 -1.59748
    endloop
  endfacet
  facet normal 0 1 0
    outer loop
      vertex -5.83334 4 -16.7528
      vertex -8.73143 4 -1.59748
      vertex -8.4452 4 -1.67417
    endloop
  endfacet
  facet normal 0 1 0
    outer loop
      vertex -35.3858 4 3.05397
      vertex -50 4 -4.49094
      vertex -50 4 4.49094
    endloop
  endfacet
  facet normal 0 1 0
    outer loop
      vertex -35.5643 4 -16.5464
      vertex -34.2926 4 2.15681
      vertex -34.147 4 2.13522
    endloop
  endfacet
  facet normal 0 1 0
    outer loop
      vertex -24.4354 4 2.19258
      vertex -30.0883 4 -17.8611
      vertex -31.4142 4 -17.3719
    endloop
  endfacet
  facet normal 0 1 0
    outer loop
      vertex -5.70709 4 -16.6771
      vertex -8.4452 4 -1.67417
      vertex -8.15 4 -1.7
    endloop
  endfacet
  facet normal 0 1 -0
    outer loop
      vertex 25.2865 4 -20.8036
      vertex 8.94274 4 -1.30227
      vertex 26.3964 4 -19.9286
    endloop
  endfacet
  facet normal 0 1 -0
    outer loop
      vertex 49.0865 4 -9.08313
      vertex 34.8333 4 2.3808
      vertex 49.4127 4 -8.19913
    endloop
  endfacet
  facet normal 0 1 0
    outer loop
      vertex 7 4 -1.47224
      vertex 4.85297 4 -16.5072
      vertex 4.70735 4 -16.5288
    endloop
  endfacet
  facet normal 0 1 -0
    outer loop
      vertex 48.6921 4 -9.93881
      vertex 34.8333 4 2.3808
      vertex 49.0865 4 -9.08313
    endloop
  endfacet
  facet normal 0 1 -0
    outer loop
      vertex -5.29263 4 -16.5288
      vertex -7.8548 4 -1.67417
      vertex -5.14702 4 -16.5072
    endloop
  endfacet
  facet normal 0 1 -0
    outer loop
      vertex 48.2317 4 -10.7609
      vertex 34.8333 4 2.3808
      vertex 48.6921 4 -9.93881
    endloop
  endfacet
  facet normal 0 1 -0
    outer loop
      vertex -5.43542 4 -16.5646
      vertex -7.8548 4 -1.67417
      vertex -5.29263 4 -16.5288
    endloop
  endfacet
  facet normal 0 1 -0
    outer loop
      vertex 47.7082 4 -11.5444
      vertex 34.8333 4 2.3808
      vertex 48.2317 4 -10.7609
    endloop
  endfacet
  facet normal 0 1 0
    outer loop
      vertex -7.8548 4 -1.67417
      vertex -5.43542 4 -16.5646
      vertex -8.15 4 -1.7
    endloop
  endfacet
  facet normal 0 1 0
    outer loop
      vertex 34.8333 4 2.3808
      vertex 47.7082 4 -11.5444
      vertex 34.7071 4 2.30511
    endloop
  endfacet
  facet normal 0 1 -0
    outer loop
      vertex -5.57402 4 -16.6142
      vertex -8.15 4 -1.7
      vertex -5.43542 4 -16.5646
    endloop
  endfacet
  facet normal 0 1 -0
    outer loop
      vertex 47.1249 4 -12.2843
      vertex 34.7071 4 2.30511
      vertex 47.7082 4 -11.5444
    endloop
  endfacet
  facet normal 0 1 -0
    outer loop
      vertex -5.70709 4 -16.6771
      vertex -8.15 4 -1.7
      vertex -5.57402 4 -16.6142
    endloop
  endfacet
  facet normal 0 1 -0
    outer loop
      vertex 46.4853 4 -12.9762
      vertex 34.7071 4 2.30511
      vertex 47.1249 4 -12.2843
    endloop
  endfacet
  facet normal 0 1 0
    outer loop
      vertex -33.853 4 2.13522
      vertex -34.1607 4 -16.7125
      vertex -34 4 2.12801
    endloop
  endfacet
  facet normal 0 1 -0
    outer loop
      vertex 45.7934 4 -13.6158
      vertex 34.7071 4 2.30511
      vertex 46.4853 4 -12.9762
    endloop
  endfacet
  facet normal 0 1 0
    outer loop
      vertex -34 4 2.12801
      vertex -35.5643 4 -16.5464
      vertex -34.147 4 2.13522
    endloop
  endfacet
  facet normal 0 1 -0
    outer loop
      vertex 45.0534 4 -14.1991
      vertex 34.7071 4 2.30511
      vertex 45.7934 4 -13.6158
    endloop
  endfacet
  facet normal 0 1 0
    outer loop
      vertex -34.4354 4 2.19258
      vertex -36.9766 4 -16.4909
      vertex -38 4 -16.4909
    endloop
  endfacet
  facet normal 0 1 -0
    outer loop
      vertex 44.27 4 -14.7226
      vertex 34.7071 4 2.30511
      vertex 45.0534 4 -14.1991
    endloop
  endfacet
  facet normal 0 1 0
    outer loop
      vertex -34.574 4 2.24217
      vertex -38 4 -16.4909
      vertex -38.9415 4 -16.4539
    endloop
  endfacet
  facet normal 0 1 -0
    outer loop
      vertex 43.4479 4 -15.183
      vertex 34.7071 4 2.30511
      vertex 44.27 4 -14.7226
    endloop
  endfacet
  facet normal 0 1 0
    outer loop
      vertex -34.9516 4 2.46848
      vertex -49.963 4 -5.43243
      vertex -50 4 -4.49094
    endloop
  endfacet
  facet normal 0 1 -0
    outer loop
      vertex 42.5922 4 -15.5775
      vertex 34.7071 4 2.30511
      vertex 43.4479 4 -15.183
    endloop
  endfacet
  facet normal 0 1 0
    outer loop
      vertex -34.9516 4 2.46848
      vertex -49.8522 4 -6.36815
      vertex -49.963 4 -5.43243
    endloop
  endfacet
  facet normal 0 1 0
    outer loop
      vertex 34.7071 4 2.30511
      vertex 42.5922 4 -15.5775
      vertex 34.574 4 2.24217
    endloop
  endfacet
  facet normal 0 1 0
    outer loop
      vertex -34.8333 4 2.3808
      vertex -49.4127 4 -8.19913
      vertex -49.6684 4 -7.29227
    endloop
  endfacet
  facet normal 0 1 -0
    outer loop
      vertex 41.7082 4 -15.9036
      vertex 34.574 4 2.24217
      vertex 42.5922 4 -15.5775
    endloop
  endfacet
  facet normal 0 1 0
    outer loop
      vertex -34.8333 4 2.3808
      vertex -49.0865 4 -9.08313
      vertex -49.4127 4 -8.19913
    endloop
  endfacet
  facet normal 0 1 -0
    outer loop
      vertex 40.8013 4 -16.1594
      vertex 34.574 4 2.24217
      vertex 41.7082 4 -15.9036
    endloop
  endfacet
  facet normal 0 1 0
    outer loop
      vertex -34.8333 4 2.3808
      vertex -48.2317 4 -10.7609
      vertex -48.6921 4 -9.93881
    endloop
  endfacet
  facet normal 0 1 -0
    outer loop
      vertex 39.8772 4 -16.3432
      vertex 34.574 4 2.24217
      vertex 40.8013 4 -16.1594
    endloop
  endfacet
  facet normal 0 1 0
    outer loop
      vertex -34.8333 4 2.3808
      vertex -47.7082 4 -11.5444
      vertex -48.2317 4 -10.7609
    endloop
  endfacet
  facet normal 0 1 -0
    outer loop
      vertex 38.9415 4 -16.4539
      vertex 34.574 4 2.24217
      vertex 39.8772 4 -16.3432
    endloop
  endfacet
  facet normal 0 1 0
    outer loop
      vertex -34.7071 4 2.30511
      vertex -46.4853 4 -12.9762
      vertex -47.1249 4 -12.2843
    endloop
  endfacet
  facet normal 0 1 -0
    outer loop
      vertex 38 4 -16.4909
      vertex 34.574 4 2.24217
      vertex 38.9415 4 -16.4539
    endloop
  endfacet
  facet normal 0 1 0
    outer loop
      vertex -34.7071 4 2.30511
      vertex -45.7934 4 -13.6158
      vertex -46.4853 4 -12.9762
    endloop
  endfacet
  facet normal 0 1 0
    outer loop
      vertex 34.574 4 2.24217
      vertex 38 4 -16.4909
      vertex 34.4354 4 2.19258
    endloop
  endfacet
  facet normal 0 1 0
    outer loop
      vertex -34.7071 4 2.30511
      vertex -44.27 4 -14.7226
      vertex -45.0534 4 -14.1991
    endloop
  endfacet
  facet normal 0 1 0
    outer loop
      vertex 34.4354 4 2.19258
      vertex 38 4 -16.4909
      vertex 36.9766 4 -16.4909
    endloop
  endfacet
  facet normal 0 1 0
    outer loop
      vertex 34.4354 4 2.19258
      vertex 36.9766 4 -16.4909
      vertex 35.5643 4 -16.5464
    endloop
  endfacet
  facet normal 0 1 0
    outer loop
      vertex -34.7071 4 2.30511
      vertex -43.4479 4 -15.183
      vertex -44.27 4 -14.7226
    endloop
  endfacet
  facet normal 0 1 0
    outer loop
      vertex -34.574 4 2.24217
      vertex -38.9415 4 -16.4539
      vertex -39.8772 4 -16.3432
    endloop
  endfacet
  facet normal 0 1 0
    outer loop
      vertex 4.29289 4 -19.3229
      vertex 4.29289 4 -26.6771
      vertex 4.16664 4 -19.2472
    endloop
  endfacet
  facet normal 0 1 0
    outer loop
      vertex -3.93933 4 -19.0607
      vertex -4.85297 4 -26.5072
      vertex -5 4 -26.5
    endloop
  endfacet
  facet normal 0 1 0
    outer loop
      vertex 4.16664 4 -26.7528
      vertex 4.16664 4 -19.2472
      vertex 4.29289 4 -26.6771
    endloop
  endfacet
  facet normal 0 1 0
    outer loop
      vertex -3.93933 4 -19.0607
      vertex -4.70735 4 -26.5288
      vertex -4.85297 4 -26.5072
    endloop
  endfacet
  facet normal 0 1 0
    outer loop
      vertex 4.16664 4 -19.2472
      vertex 4.16664 4 -26.7528
      vertex 4.0484 4 -19.1595
    endloop
  endfacet
  facet normal 0 1 0
    outer loop
      vertex -3.93933 4 -19.0607
      vertex -4.56456 4 -26.5646
      vertex -4.70735 4 -26.5288
    endloop
  endfacet
  facet normal 0 1 0
    outer loop
      vertex 4.0484 4 -26.8405
      vertex 4.0484 4 -19.1595
      vertex 4.16664 4 -26.7528
    endloop
  endfacet
  facet normal 0 1 0
    outer loop
      vertex -3.93933 4 -19.0607
      vertex -4.42596 4 -26.6142
      vertex -4.56456 4 -26.5646
    endloop
  endfacet
  facet normal 0 1 0
    outer loop
      vertex 4.0484 4 -19.1595
      vertex 4.0484 4 -26.8405
      vertex 3.93933 4 -19.0607
    endloop
  endfacet
  facet normal 0 1 0
    outer loop
      vertex -3.93933 4 -19.0607
      vertex -4.29289 4 -26.6771
      vertex -4.42596 4 -26.6142
    endloop
  endfacet
  facet normal 0 1 0
    outer loop
      vertex 3.93933 4 -26.9393
      vertex 3.93933 4 -19.0607
      vertex 4.0484 4 -26.8405
    endloop
  endfacet
  facet normal 0 1 0
    outer loop
      vertex -3.93933 4 -19.0607
      vertex -4.16664 4 -26.7528
      vertex -4.29289 4 -26.6771
    endloop
  endfacet
  facet normal 0 1 0
    outer loop
      vertex 3.93933 4 -19.0607
      vertex 3.93933 4 -26.9393
      vertex -3.93933 4 -19.0607
    endloop
  endfacet
  facet normal 0 1 0
    outer loop
      vertex -3.93933 4 -19.0607
      vertex -4.0484 4 -26.8405
      vertex -4.16664 4 -26.7528
    endloop
  endfacet
  facet normal 0 1 0
    outer loop
      vertex -3.93933 4 -26.9393
      vertex -3.93933 4 -19.0607
      vertex 3.93933 4 -26.9393
    endloop
  endfacet
  facet normal 0 1 0
    outer loop
      vertex -3.93933 4 -19.0607
      vertex -3.93933 4 -26.9393
      vertex -4.0484 4 -26.8405
    endloop
  endfacet
  facet normal 0 1 -0
    outer loop
      vertex 3.84047 4 -27.0484
      vertex -3.93933 4 -26.9393
      vertex 3.93933 4 -26.9393
    endloop
  endfacet
  facet normal 0 1 0
    outer loop
      vertex 3.84047 4 -27.0484
      vertex -3.84047 4 -27.0484
      vertex -3.93933 4 -26.9393
    endloop
  endfacet
  facet normal 0 1 -0
    outer loop
      vertex 3.75279 4 -27.1666
      vertex -3.84047 4 -27.0484
      vertex 3.84047 4 -27.0484
    endloop
  endfacet
  facet normal 0 1 0
    outer loop
      vertex 3.75279 4 -27.1666
      vertex -3.75279 4 -27.1666
      vertex -3.84047 4 -27.0484
    endloop
  endfacet
  facet normal 0 1 -0
    outer loop
      vertex 3.67711 4 -27.2929
      vertex -3.75279 4 -27.1666
      vertex 3.75279 4 -27.1666
    endloop
  endfacet
  facet normal 0 1 0
    outer loop
      vertex 3.67711 4 -27.2929
      vertex -3.67711 4 -27.2929
      vertex -3.75279 4 -27.1666
    endloop
  endfacet
  facet normal 0 1 -0
    outer loop
      vertex 3.61417 4 -27.426
      vertex -3.67711 4 -27.2929
      vertex 3.67711 4 -27.2929
    endloop
  endfacet
  facet normal 0 1 0
    outer loop
      vertex 3.61417 4 -27.426
      vertex -3.61417 4 -27.426
      vertex -3.67711 4 -27.2929
    endloop
  endfacet
  facet normal 0 1 -0
    outer loop
      vertex 3.56458 4 -27.5646
      vertex -3.61417 4 -27.426
      vertex 3.61417 4 -27.426
    endloop
  endfacet
  facet normal 0 1 0
    outer loop
      vertex 3.56458 4 -27.5646
      vertex -3.56458 4 -27.5646
      vertex -3.61417 4 -27.426
    endloop
  endfacet
  facet normal 0 1 -0
    outer loop
      vertex 3.52881 4 -27.7074
      vertex -3.56458 4 -27.5646
      vertex 3.56458 4 -27.5646
    endloop
  endfacet
  facet normal 0 1 0
    outer loop
      vertex 3.52881 4 -27.7074
      vertex -3.52881 4 -27.7074
      vertex -3.56458 4 -27.5646
    endloop
  endfacet
  facet normal 0 1 -0
    outer loop
      vertex 3.50722 4 -27.853
      vertex -3.52881 4 -27.7074
      vertex 3.52881 4 -27.7074
    endloop
  endfacet
  facet normal 0 1 0
    outer loop
      vertex 3.50722 4 -27.853
      vertex -3.50722 4 -27.853
      vertex -3.52881 4 -27.7074
    endloop
  endfacet
  facet normal 0 1 -0
    outer loop
      vertex 3.5 4 -28
      vertex -3.50722 4 -27.853
      vertex 3.50722 4 -27.853
    endloop
  endfacet
  facet normal 0 1 0
    outer loop
      vertex 3.5 4 -28
      vertex -3.5 4 -28
      vertex -3.50722 4 -27.853
    endloop
  endfacet
  facet normal 0 1 0
    outer loop
      vertex 3.50722 4 -28.147
      vertex -3.5 4 -28
      vertex 3.5 4 -28
    endloop
  endfacet
  facet normal 0 1 0
    outer loop
      vertex 3.50722 4 -28.147
      vertex -3.50722 4 -28.147
      vertex -3.5 4 -28
    endloop
  endfacet
  facet normal 0 1 0
    outer loop
      vertex 3.52881 4 -28.2926
      vertex -3.50722 4 -28.147
      vertex 3.50722 4 -28.147
    endloop
  endfacet
  facet normal 0 1 0
    outer loop
      vertex 3.52881 4 -28.2926
      vertex -3.52881 4 -28.2926
      vertex -3.50722 4 -28.147
    endloop
  endfacet
  facet normal 0 1 0
    outer loop
      vertex 3.56458 4 -28.4354
      vertex -3.52881 4 -28.2926
      vertex 3.52881 4 -28.2926
    endloop
  endfacet
  facet normal 0 1 0
    outer loop
      vertex 3.56458 4 -28.4354
      vertex -3.56458 4 -28.4354
      vertex -3.52881 4 -28.2926
    endloop
  endfacet
  facet normal 0 1 0
    outer loop
      vertex 3.61417 4 -28.574
      vertex -3.56458 4 -28.4354
      vertex 3.56458 4 -28.4354
    endloop
  endfacet
  facet normal 0 1 0
    outer loop
      vertex 3.61417 4 -28.574
      vertex -3.61417 4 -28.574
      vertex -3.56458 4 -28.4354
    endloop
  endfacet
  facet normal 0 1 0
    outer loop
      vertex 3.67711 4 -28.7071
      vertex -3.61417 4 -28.574
      vertex 3.61417 4 -28.574
    endloop
  endfacet
  facet normal 0 1 0
    outer loop
      vertex 3.67711 4 -28.7071
      vertex -3.67711 4 -28.7071
      vertex -3.61417 4 -28.574
    endloop
  endfacet
  facet normal 0 1 0
    outer loop
      vertex 3.75279 4 -28.8333
      vertex -3.67711 4 -28.7071
      vertex 3.67711 4 -28.7071
    endloop
  endfacet
  facet normal 0 1 0
    outer loop
      vertex 3.75279 4 -28.8333
      vertex -3.75279 4 -28.8333
      vertex -3.67711 4 -28.7071
    endloop
  endfacet
  facet normal 0 1 0
    outer loop
      vertex 3.84047 4 -28.9516
      vertex -3.75279 4 -28.8333
      vertex 3.75279 4 -28.8333
    endloop
  endfacet
  facet normal 0 1 0
    outer loop
      vertex 3.84047 4 -28.9516
      vertex -3.84047 4 -28.9516
      vertex -3.75279 4 -28.8333
    endloop
  endfacet
  facet normal 0 1 0
    outer loop
      vertex 3.93933 4 -29.0607
      vertex -3.84047 4 -28.9516
      vertex 3.84047 4 -28.9516
    endloop
  endfacet
  facet normal 0 1 0
    outer loop
      vertex 3.93933 4 -29.0607
      vertex -3.93933 4 -29.0607
      vertex -3.84047 4 -28.9516
    endloop
  endfacet
  facet normal 0 1 0
    outer loop
      vertex 4.0484 4 -29.1595
      vertex -3.93933 4 -29.0607
      vertex 3.93933 4 -29.0607
    endloop
  endfacet
  facet normal 0 1 0
    outer loop
      vertex 4.0484 4 -29.1595
      vertex -4.0484 4 -29.1595
      vertex -3.93933 4 -29.0607
    endloop
  endfacet
  facet normal 0 1 0
    outer loop
      vertex 4.16664 4 -29.2472
      vertex -4.0484 4 -29.1595
      vertex 4.0484 4 -29.1595
    endloop
  endfacet
  facet normal 0 1 0
    outer loop
      vertex 4.16664 4 -29.2472
      vertex -4.16664 4 -29.2472
      vertex -4.0484 4 -29.1595
    endloop
  endfacet
  facet normal 0 1 0
    outer loop
      vertex 4.29289 4 -29.3229
      vertex -4.16664 4 -29.2472
      vertex 4.16664 4 -29.2472
    endloop
  endfacet
  facet normal 0 1 0
    outer loop
      vertex 4.29289 4 -29.3229
      vertex -4.29289 4 -29.3229
      vertex -4.16664 4 -29.2472
    endloop
  endfacet
  facet normal 0 1 0
    outer loop
      vertex 4.42596 4 -29.3858
      vertex -4.29289 4 -29.3229
      vertex 4.29289 4 -29.3229
    endloop
  endfacet
  facet normal 0 1 0
    outer loop
      vertex 4.42596 4 -29.3858
      vertex -4.42596 4 -29.3858
      vertex -4.29289 4 -29.3229
    endloop
  endfacet
  facet normal 0 1 0
    outer loop
      vertex 6.97656 4 -50
      vertex 4.42596 4 -29.3858
      vertex 4.56456 4 -29.4354
    endloop
  endfacet
  facet normal 0 1 0
    outer loop
      vertex 4.42596 4 -29.3858
      vertex 6.97656 4 -50
      vertex -4.42596 4 -29.3858
    endloop
  endfacet
  facet normal 0 1 0
    outer loop
      vertex 6.97656 4 -50
      vertex 4.56456 4 -29.4354
      vertex 4.70735 4 -29.4712
    endloop
  endfacet
  facet normal 0 1 0
    outer loop
      vertex -6.97656 4 -50
      vertex -4.42596 4 -29.3858
      vertex 6.97656 4 -50
    endloop
  endfacet
  facet normal 0 1 0
    outer loop
      vertex 6.97656 4 -50
      vertex 4.70735 4 -29.4712
      vertex 4.85297 4 -29.4928
    endloop
  endfacet
  facet normal 0 1 0
    outer loop
      vertex -4.42596 4 -29.3858
      vertex -6.97656 4 -50
      vertex -4.56456 4 -29.4354
    endloop
  endfacet
  facet normal 0 1 0
    outer loop
      vertex 6.97656 4 -50
      vertex 4.85297 4 -29.4928
      vertex 5 4 -29.5
    endloop
  endfacet
  facet normal 0 1 0
    outer loop
      vertex -4.56456 4 -29.4354
      vertex -6.97656 4 -50
      vertex -4.70735 4 -29.4712
    endloop
  endfacet
  facet normal 0 1 0
    outer loop
      vertex -5.70709 4 -26.6771
      vertex -5.70709 4 -19.3229
      vertex -5.57402 4 -26.6142
    endloop
  endfacet
  facet normal 0 1 0
    outer loop
      vertex -5.70709 4 -19.3229
      vertex -5.70709 4 -26.6771
      vertex -5.83334 4 -19.2472
    endloop
  endfacet
  facet normal 0 1 0
    outer loop
      vertex -5.83334 4 -26.7528
      vertex -5.83334 4 -19.2472
      vertex -5.70709 4 -26.6771
    endloop
  endfacet
  facet normal 0 1 0
    outer loop
      vertex -5.83334 4 -19.2472
      vertex -5.83334 4 -26.7528
      vertex -5.95158 4 -19.1595
    endloop
  endfacet
  facet normal 0 1 0
    outer loop
      vertex -5.95158 4 -26.8405
      vertex -5.95158 4 -19.1595
      vertex -5.83334 4 -26.7528
    endloop
  endfacet
  facet normal 0 1 0
    outer loop
      vertex -5.95158 4 -19.1595
      vertex -5.95158 4 -26.8405
      vertex -6.06065 4 -19.0607
    endloop
  endfacet
  facet normal 0 1 0
    outer loop
      vertex -6.06065 4 -26.9393
      vertex -6.06065 4 -19.0607
      vertex -5.95158 4 -26.8405
    endloop
  endfacet
  facet normal 0 1 0
    outer loop
      vertex -6.06065 4 -19.0607
      vertex -6.06065 4 -26.9393
      vertex -6.15952 4 -18.9516
    endloop
  endfacet
  facet normal 0 1 0
    outer loop
      vertex -6.15952 4 -27.0484
      vertex -6.15952 4 -18.9516
      vertex -6.06065 4 -26.9393
    endloop
  endfacet
  facet normal 0 1 0
    outer loop
      vertex -6.24719 4 -27.1666
      vertex -6.15952 4 -18.9516
      vertex -6.15952 4 -27.0484
    endloop
  endfacet
  facet normal 0 1 0
    outer loop
      vertex -6.15952 4 -18.9516
      vertex -6.24719 4 -27.1666
      vertex -20.9384 4 -26.3191
    endloop
  endfacet
  facet normal 0 1 -0
    outer loop
      vertex -6.32288 4 -27.2929
      vertex -20.9384 4 -26.3191
      vertex -6.24719 4 -27.1666
    endloop
  endfacet
  facet normal 0 1 0
    outer loop
      vertex -20.3467 4 -27.6026
      vertex -6.32288 4 -27.2929
      vertex -6.38582 4 -27.426
    endloop
  endfacet
  facet normal 0 1 0
    outer loop
      vertex -20.3467 4 -27.6026
      vertex -6.38582 4 -27.426
      vertex -6.43541 4 -27.5646
    endloop
  endfacet
  facet normal 0 1 0
    outer loop
      vertex -6.32288 4 -27.2929
      vertex -20.3467 4 -27.6026
      vertex -20.9384 4 -26.3191
    endloop
  endfacet
  facet normal 0 1 0
    outer loop
      vertex -19.8575 4 -28.9286
      vertex -6.43541 4 -27.5646
      vertex -6.47118 4 -27.7074
    endloop
  endfacet
  facet normal 0 1 0
    outer loop
      vertex -19.8575 4 -28.9286
      vertex -6.47118 4 -27.7074
      vertex -6.49277 4 -27.853
    endloop
  endfacet
  facet normal 0 1 0
    outer loop
      vertex -19.8575 4 -28.9286
      vertex -6.49277 4 -27.853
      vertex -6.5 4 -28
    endloop
  endfacet
  facet normal 0 1 0
    outer loop
      vertex -19.4739 4 -30.2889
      vertex -6.5 4 -28
      vertex -6.49277 4 -28.147
    endloop
  endfacet
  facet normal 0 1 0
    outer loop
      vertex -19.4739 4 -30.2889
      vertex -6.49277 4 -28.147
      vertex -6.47118 4 -28.2926
    endloop
  endfacet
  facet normal 0 1 0
    outer loop
      vertex -19.1982 4 -31.6751
      vertex -6.47118 4 -28.2926
      vertex -6.43541 4 -28.4354
    endloop
  endfacet
  facet normal 0 1 0
    outer loop
      vertex -19.1982 4 -31.6751
      vertex -6.43541 4 -28.4354
      vertex -6.38582 4 -28.574
    endloop
  endfacet
  facet normal 0 1 0
    outer loop
      vertex -19.1982 4 -31.6751
      vertex -6.38582 4 -28.574
      vertex -6.32288 4 -28.7071
    endloop
  endfacet
  facet normal 0 1 0
    outer loop
      vertex -19.032 4 -33.0787
      vertex -6.32288 4 -28.7071
      vertex -6.24719 4 -28.8333
    endloop
  endfacet
  facet normal 0 1 0
    outer loop
      vertex -6.43541 4 -27.5646
      vertex -19.8575 4 -28.9286
      vertex -20.3467 4 -27.6026
    endloop
  endfacet
  facet normal 0 1 0
    outer loop
      vertex -19.032 4 -33.0787
      vertex -6.24719 4 -28.8333
      vertex -6.15952 4 -28.9516
    endloop
  endfacet
  facet normal 0 1 0
    outer loop
      vertex -18.9766 4 -34.4909
      vertex -6.15952 4 -28.9516
      vertex -6.06065 4 -29.0607
    endloop
  endfacet
  facet normal 0 1 0
    outer loop
      vertex -18.9766 4 -34.4909
      vertex -6.06065 4 -29.0607
      vertex -5.95158 4 -29.1595
    endloop
  endfacet
  facet normal 0 1 0
    outer loop
      vertex -18.9766 4 -34.4909
      vertex -5.95158 4 -29.1595
      vertex -5.83334 4 -29.2472
    endloop
  endfacet
  facet normal 0 1 0
    outer loop
      vertex -18.9766 4 -38
      vertex -5.83334 4 -29.2472
      vertex -5.70709 4 -29.3229
    endloop
  endfacet
  facet normal 0 1 0
    outer loop
      vertex -18.9766 4 -38
      vertex -5.70709 4 -29.3229
      vertex -5.57402 4 -29.3858
    endloop
  endfacet
  facet normal 0 1 0
    outer loop
      vertex -18.3892 4 -41.7082
      vertex -5.57402 4 -29.3858
      vertex -5.43542 4 -29.4354
    endloop
  endfacet
  facet normal 0 1 0
    outer loop
      vertex -14.03 4 -47.7082
      vertex -5.43542 4 -29.4354
      vertex -5.29263 4 -29.4712
    endloop
  endfacet
  facet normal 0 1 0
    outer loop
      vertex -6.97656 4 -50
      vertex -5.29263 4 -29.4712
      vertex -5.14702 4 -29.4928
    endloop
  endfacet
  facet normal 0 1 0
    outer loop
      vertex -6.97656 4 -50
      vertex -5.14702 4 -29.4928
      vertex -5 4 -29.5
    endloop
  endfacet
  facet normal 0 1 0
    outer loop
      vertex -6.5 4 -28
      vertex -19.4739 4 -30.2889
      vertex -19.8575 4 -28.9286
    endloop
  endfacet
  facet normal 0 1 -0
    outer loop
      vertex 18.8288 4 -39.8772
      vertex 5.57402 4 -29.3858
      vertex 18.9396 4 -38.9415
    endloop
  endfacet
  facet normal 0 1 -0
    outer loop
      vertex 18.645 4 -40.8013
      vertex 5.57402 4 -29.3858
      vertex 18.8288 4 -39.8772
    endloop
  endfacet
  facet normal 0 1 0
    outer loop
      vertex -6.47118 4 -28.2926
      vertex -19.1982 4 -31.6751
      vertex -19.4739 4 -30.2889
    endloop
  endfacet
  facet normal 0 1 -0
    outer loop
      vertex 18.3892 4 -41.7082
      vertex 5.57402 4 -29.3858
      vertex 18.645 4 -40.8013
    endloop
  endfacet
  facet normal 0 1 0
    outer loop
      vertex -6.32288 4 -28.7071
      vertex -19.032 4 -33.0787
      vertex -19.1982 4 -31.6751
    endloop
  endfacet
  facet normal 0 1 0
    outer loop
      vertex 5.57402 4 -29.3858
      vertex 18.3892 4 -41.7082
      vertex 5.43542 4 -29.4354
    endloop
  endfacet
  facet normal 0 1 0
    outer loop
      vertex -4.85297 4 -29.4928
      vertex -6.97656 4 -50
      vertex -5 4 -29.5
    endloop
  endfacet
  facet normal 0 1 0
    outer loop
      vertex -4.70735 4 -29.4712
      vertex -6.97656 4 -50
      vertex -4.85297 4 -29.4928
    endloop
  endfacet
  facet normal 0 1 0
    outer loop
      vertex -5.29263 4 -29.4712
      vertex -6.97656 4 -50
      vertex -7.91806 4 -49.963
    endloop
  endfacet
  facet normal 0 1 -0
    outer loop
      vertex 18.0631 4 -42.5922
      vertex 5.43542 4 -29.4354
      vertex 18.3892 4 -41.7082
    endloop
  endfacet
  facet normal 0 1 0
    outer loop
      vertex -6.15952 4 -28.9516
      vertex -18.9766 4 -34.4909
      vertex -19.032 4 -33.0787
    endloop
  endfacet
  facet normal 0 1 -0
    outer loop
      vertex 17.6686 4 -43.4479
      vertex 5.43542 4 -29.4354
      vertex 18.0631 4 -42.5922
    endloop
  endfacet
  facet normal 0 1 0
    outer loop
      vertex -5.83334 4 -29.2472
      vertex -18.9766 4 -38
      vertex -18.9766 4 -34.4909
    endloop
  endfacet
  facet normal 0 1 -0
    outer loop
      vertex 17.2082 4 -44.27
      vertex 5.43542 4 -29.4354
      vertex 17.6686 4 -43.4479
    endloop
  endfacet
  facet normal 0 1 0
    outer loop
      vertex -5.57402 4 -29.3858
      vertex -18.9396 4 -38.9415
      vertex -18.9766 4 -38
    endloop
  endfacet
  facet normal 0 1 -0
    outer loop
      vertex 16.6848 4 -45.0534
      vertex 5.43542 4 -29.4354
      vertex 17.2082 4 -44.27
    endloop
  endfacet
  facet normal 0 1 0
    outer loop
      vertex -5.57402 4 -29.3858
      vertex -18.8288 4 -39.8772
      vertex -18.9396 4 -38.9415
    endloop
  endfacet
  facet normal 0 1 -0
    outer loop
      vertex 16.1014 4 -45.7934
      vertex 5.43542 4 -29.4354
      vertex 16.6848 4 -45.0534
    endloop
  endfacet
  facet normal 0 1 0
    outer loop
      vertex -5.57402 4 -29.3858
      vertex -18.645 4 -40.8013
      vertex -18.8288 4 -39.8772
    endloop
  endfacet
  facet normal 0 1 -0
    outer loop
      vertex 15.4618 4 -46.4853
      vertex 5.43542 4 -29.4354
      vertex 16.1014 4 -45.7934
    endloop
  endfacet
  facet normal 0 1 0
    outer loop
      vertex -5.57402 4 -29.3858
      vertex -18.3892 4 -41.7082
      vertex -18.645 4 -40.8013
    endloop
  endfacet
  facet normal 0 1 -0
    outer loop
      vertex 14.7699 4 -47.1249
      vertex 5.43542 4 -29.4354
      vertex 15.4618 4 -46.4853
    endloop
  endfacet
  facet normal 0 1 0
    outer loop
      vertex -5.43542 4 -29.4354
      vertex -18.0631 4 -42.5922
      vertex -18.3892 4 -41.7082
    endloop
  endfacet
  facet normal 0 1 -0
    outer loop
      vertex 14.03 4 -47.7082
      vertex 5.43542 4 -29.4354
      vertex 14.7699 4 -47.1249
    endloop
  endfacet
  facet normal 0 1 0
    outer loop
      vertex -5.43542 4 -29.4354
      vertex -17.6686 4 -43.4479
      vertex -18.0631 4 -42.5922
    endloop
  endfacet
  facet normal 0 1 0
    outer loop
      vertex 5.43542 4 -29.4354
      vertex 14.03 4 -47.7082
      vertex 5.29263 4 -29.4712
    endloop
  endfacet
  facet normal 0 1 0
    outer loop
      vertex -5.43542 4 -29.4354
      vertex -17.2082 4 -44.27
      vertex -17.6686 4 -43.4479
    endloop
  endfacet
  facet normal 0 1 -0
    outer loop
      vertex 13.2465 4 -48.2317
      vertex 5.29263 4 -29.4712
      vertex 14.03 4 -47.7082
    endloop
  endfacet
  facet normal 0 1 0
    outer loop
      vertex -5.43542 4 -29.4354
      vertex -16.6848 4 -45.0534
      vertex -17.2082 4 -44.27
    endloop
  endfacet
  facet normal 0 1 -0
    outer loop
      vertex 12.4244 4 -48.6921
      vertex 5.29263 4 -29.4712
      vertex 13.2465 4 -48.2317
    endloop
  endfacet
  facet normal 0 1 0
    outer loop
      vertex -5.43542 4 -29.4354
      vertex -16.1014 4 -45.7934
      vertex -16.6848 4 -45.0534
    endloop
  endfacet
  facet normal 0 1 -0
    outer loop
      vertex 11.5688 4 -49.0865
      vertex 5.29263 4 -29.4712
      vertex 12.4244 4 -48.6921
    endloop
  endfacet
  facet normal 0 1 0
    outer loop
      vertex -5.43542 4 -29.4354
      vertex -15.4618 4 -46.4853
      vertex -16.1014 4 -45.7934
    endloop
  endfacet
  facet normal 0 1 -0
    outer loop
      vertex 10.6848 4 -49.4127
      vertex 5.29263 4 -29.4712
      vertex 11.5688 4 -49.0865
    endloop
  endfacet
  facet normal 0 1 0
    outer loop
      vertex -5.43542 4 -29.4354
      vertex -14.7699 4 -47.1249
      vertex -15.4618 4 -46.4853
    endloop
  endfacet
  facet normal 0 1 -0
    outer loop
      vertex 9.77789 4 -49.6684
      vertex 5.29263 4 -29.4712
      vertex 10.6848 4 -49.4127
    endloop
  endfacet
  facet normal 0 1 0
    outer loop
      vertex -5.43542 4 -29.4354
      vertex -14.03 4 -47.7082
      vertex -14.7699 4 -47.1249
    endloop
  endfacet
  facet normal 0 1 -0
    outer loop
      vertex 8.85378 4 -49.8522
      vertex 5.29263 4 -29.4712
      vertex 9.77789 4 -49.6684
    endloop
  endfacet
  facet normal 0 1 0
    outer loop
      vertex -5.29263 4 -29.4712
      vertex -13.2465 4 -48.2317
      vertex -14.03 4 -47.7082
    endloop
  endfacet
  facet normal 0 1 -0
    outer loop
      vertex 7.91806 4 -49.963
      vertex 5.29263 4 -29.4712
      vertex 8.85378 4 -49.8522
    endloop
  endfacet
  facet normal 0 1 0
    outer loop
      vertex -5.29263 4 -29.4712
      vertex -12.4244 4 -48.6921
      vertex -13.2465 4 -48.2317
    endloop
  endfacet
  facet normal 0 1 -0
    outer loop
      vertex 6.97656 4 -50
      vertex 5.29263 4 -29.4712
      vertex 7.91806 4 -49.963
    endloop
  endfacet
  facet normal 0 1 0
    outer loop
      vertex -5.29263 4 -29.4712
      vertex -11.5688 4 -49.0865
      vertex -12.4244 4 -48.6921
    endloop
  endfacet
  facet normal 0 1 0
    outer loop
      vertex 5.29263 4 -29.4712
      vertex 6.97656 4 -50
      vertex 5.14702 4 -29.4928
    endloop
  endfacet
  facet normal 0 1 0
    outer loop
      vertex -5.29263 4 -29.4712
      vertex -10.6848 4 -49.4127
      vertex -11.5688 4 -49.0865
    endloop
  endfacet
  facet normal 0 1 0
    outer loop
      vertex 5.14702 4 -29.4928
      vertex 6.97656 4 -50
      vertex 5 4 -29.5
    endloop
  endfacet
  facet normal 0 1 0
    outer loop
      vertex -5.29263 4 -29.4712
      vertex -9.77789 4 -49.6684
      vertex -10.6848 4 -49.4127
    endloop
  endfacet
  facet normal 0 1 0
    outer loop
      vertex -5.29263 4 -29.4712
      vertex -8.85378 4 -49.8522
      vertex -9.77789 4 -49.6684
    endloop
  endfacet
  facet normal 0 1 0
    outer loop
      vertex -5.29263 4 -29.4712
      vertex -7.91806 4 -49.963
      vertex -8.85378 4 -49.8522
    endloop
  endfacet
  facet normal 0 1 0
    outer loop
      vertex 7 4 -1.47224
      vertex 4.70735 4 -16.5288
      vertex 4.56456 4 -16.5646
    endloop
  endfacet
  facet normal 0 1 0
    outer loop
      vertex -7.56857 4 -1.59748
      vertex -5.14702 4 -16.5072
      vertex -7.8548 4 -1.67417
    endloop
  endfacet
  facet normal 0 1 0
    outer loop
      vertex 6.75726 4 -1.30227
      vertex 4.56456 4 -16.5646
      vertex 4.42596 4 -16.6142
    endloop
  endfacet
  facet normal 0 1 -0
    outer loop
      vertex -5.14702 4 -16.5072
      vertex -7.56857 4 -1.59748
      vertex -5 4 -16.5
    endloop
  endfacet
  facet normal 0 1 0
    outer loop
      vertex 6.75726 4 -1.30227
      vertex 4.42596 4 -16.6142
      vertex 4.29289 4 -16.6771
    endloop
  endfacet
  facet normal -0 1 -0
    outer loop
      vertex -5 4 -16.5
      vertex -7.56857 4 -1.59748
      vertex -4.85297 4 -16.5072
    endloop
  endfacet
  facet normal -0 1 -0
    outer loop
      vertex -4.85297 4 -16.5072
      vertex -7.3 4 -1.47224
      vertex -4.70735 4 -16.5288
    endloop
  endfacet
  facet normal 0 1 0
    outer loop
      vertex -7.3 4 -1.47224
      vertex -4.85297 4 -16.5072
      vertex -7.56857 4 -1.59748
    endloop
  endfacet
  facet normal 0 1 0
    outer loop
      vertex 6.75726 4 -1.30227
      vertex 4.29289 4 -16.6771
      vertex -4.29289 4 -16.6771
    endloop
  endfacet
  facet normal -0 1 -0
    outer loop
      vertex -4.70735 4 -16.5288
      vertex -7.3 4 -1.47224
      vertex -4.56456 4 -16.5646
    endloop
  endfacet
  facet normal 0 1 -0
    outer loop
      vertex 4.16664 4 -16.7528
      vertex -4.29289 4 -16.6771
      vertex 4.29289 4 -16.6771
    endloop
  endfacet
  facet normal 0 1 0
    outer loop
      vertex 4.16664 4 -16.7528
      vertex -4.16664 4 -16.7528
      vertex -4.29289 4 -16.6771
    endloop
  endfacet
  facet normal 0 1 -0
    outer loop
      vertex 4.0484 4 -16.8405
      vertex -4.16664 4 -16.7528
      vertex 4.16664 4 -16.7528
    endloop
  endfacet
  facet normal 0 1 0
    outer loop
      vertex 4.0484 4 -16.8405
      vertex -4.0484 4 -16.8405
      vertex -4.16664 4 -16.7528
    endloop
  endfacet
  facet normal 0 1 -0
    outer loop
      vertex 3.93933 4 -16.9393
      vertex -4.0484 4 -16.8405
      vertex 4.0484 4 -16.8405
    endloop
  endfacet
  facet normal 0 1 0
    outer loop
      vertex 3.93933 4 -16.9393
      vertex -3.93933 4 -16.9393
      vertex -4.0484 4 -16.8405
    endloop
  endfacet
  facet normal 0 1 -0
    outer loop
      vertex 3.84047 4 -17.0484
      vertex -3.93933 4 -16.9393
      vertex 3.93933 4 -16.9393
    endloop
  endfacet
  facet normal 0 1 0
    outer loop
      vertex 3.84047 4 -17.0484
      vertex -3.84047 4 -17.0484
      vertex -3.93933 4 -16.9393
    endloop
  endfacet
  facet normal 0 1 -0
    outer loop
      vertex 3.75279 4 -17.1666
      vertex -3.84047 4 -17.0484
      vertex 3.84047 4 -17.0484
    endloop
  endfacet
  facet normal 0 1 0
    outer loop
      vertex 3.75279 4 -17.1666
      vertex -3.75279 4 -17.1666
      vertex -3.84047 4 -17.0484
    endloop
  endfacet
  facet normal 0 1 -0
    outer loop
      vertex 3.67711 4 -17.2929
      vertex -3.75279 4 -17.1666
      vertex 3.75279 4 -17.1666
    endloop
  endfacet
  facet normal 0 1 0
    outer loop
      vertex 3.67711 4 -17.2929
      vertex -3.67711 4 -17.2929
      vertex -3.75279 4 -17.1666
    endloop
  endfacet
  facet normal 0 1 -0
    outer loop
      vertex 3.61417 4 -17.426
      vertex -3.67711 4 -17.2929
      vertex 3.67711 4 -17.2929
    endloop
  endfacet
  facet normal 0 1 0
    outer loop
      vertex 3.61417 4 -17.426
      vertex -3.61417 4 -17.426
      vertex -3.67711 4 -17.2929
    endloop
  endfacet
  facet normal 0 1 -0
    outer loop
      vertex 3.56458 4 -17.5646
      vertex -3.61417 4 -17.426
      vertex 3.61417 4 -17.426
    endloop
  endfacet
  facet normal 0 1 0
    outer loop
      vertex 3.56458 4 -17.5646
      vertex -3.56458 4 -17.5646
      vertex -3.61417 4 -17.426
    endloop
  endfacet
  facet normal 0 1 -0
    outer loop
      vertex 3.52881 4 -17.7074
      vertex -3.56458 4 -17.5646
      vertex 3.56458 4 -17.5646
    endloop
  endfacet
  facet normal 0 1 0
    outer loop
      vertex 3.52881 4 -17.7074
      vertex -3.52881 4 -17.7074
      vertex -3.56458 4 -17.5646
    endloop
  endfacet
  facet normal 0 1 -0
    outer loop
      vertex 3.50722 4 -17.853
      vertex -3.52881 4 -17.7074
      vertex 3.52881 4 -17.7074
    endloop
  endfacet
  facet normal 0 1 0
    outer loop
      vertex 3.50722 4 -17.853
      vertex -3.50722 4 -17.853
      vertex -3.52881 4 -17.7074
    endloop
  endfacet
  facet normal 0 1 -0
    outer loop
      vertex 3.5 4 -18
      vertex -3.50722 4 -17.853
      vertex 3.50722 4 -17.853
    endloop
  endfacet
  facet normal 0 1 0
    outer loop
      vertex 3.5 4 -18
      vertex -3.5 4 -18
      vertex -3.50722 4 -17.853
    endloop
  endfacet
  facet normal 0 1 0
    outer loop
      vertex 3.50722 4 -18.147
      vertex -3.5 4 -18
      vertex 3.5 4 -18
    endloop
  endfacet
  facet normal 0 1 0
    outer loop
      vertex 3.50722 4 -18.147
      vertex -3.50722 4 -18.147
      vertex -3.5 4 -18
    endloop
  endfacet
  facet normal 0 1 0
    outer loop
      vertex 3.52881 4 -18.2926
      vertex -3.50722 4 -18.147
      vertex 3.50722 4 -18.147
    endloop
  endfacet
  facet normal 0 1 0
    outer loop
      vertex 3.52881 4 -18.2926
      vertex -3.52881 4 -18.2926
      vertex -3.50722 4 -18.147
    endloop
  endfacet
  facet normal 0 1 0
    outer loop
      vertex 3.56458 4 -18.4354
      vertex -3.52881 4 -18.2926
      vertex 3.52881 4 -18.2926
    endloop
  endfacet
  facet normal 0 1 0
    outer loop
      vertex 3.56458 4 -18.4354
      vertex -3.56458 4 -18.4354
      vertex -3.52881 4 -18.2926
    endloop
  endfacet
  facet normal 0 1 0
    outer loop
      vertex 3.61417 4 -18.574
      vertex -3.56458 4 -18.4354
      vertex 3.56458 4 -18.4354
    endloop
  endfacet
  facet normal 0 1 0
    outer loop
      vertex 3.61417 4 -18.574
      vertex -3.61417 4 -18.574
      vertex -3.56458 4 -18.4354
    endloop
  endfacet
  facet normal 0 1 0
    outer loop
      vertex 3.67711 4 -18.7071
      vertex -3.61417 4 -18.574
      vertex 3.61417 4 -18.574
    endloop
  endfacet
  facet normal 0 1 0
    outer loop
      vertex 3.67711 4 -18.7071
      vertex -3.67711 4 -18.7071
      vertex -3.61417 4 -18.574
    endloop
  endfacet
  facet normal 0 1 0
    outer loop
      vertex 3.75279 4 -18.8333
      vertex -3.67711 4 -18.7071
      vertex 3.67711 4 -18.7071
    endloop
  endfacet
  facet normal 0 1 0
    outer loop
      vertex 3.75279 4 -18.8333
      vertex -3.75279 4 -18.8333
      vertex -3.67711 4 -18.7071
    endloop
  endfacet
  facet normal 0 1 0
    outer loop
      vertex 3.84047 4 -18.9516
      vertex -3.75279 4 -18.8333
      vertex 3.75279 4 -18.8333
    endloop
  endfacet
  facet normal 0 1 0
    outer loop
      vertex 3.84047 4 -18.9516
      vertex -3.84047 4 -18.9516
      vertex -3.75279 4 -18.8333
    endloop
  endfacet
  facet normal 0 1 0
    outer loop
      vertex 3.93933 4 -19.0607
      vertex -3.84047 4 -18.9516
      vertex 3.84047 4 -18.9516
    endloop
  endfacet
  facet normal 0 1 0
    outer loop
      vertex 3.93933 4 -19.0607
      vertex -3.93933 4 -19.0607
      vertex -3.84047 4 -18.9516
    endloop
  endfacet
  facet normal 0 1 0
    outer loop
      vertex 4.42596 4 -26.6142
      vertex 4.42596 4 -19.3858
      vertex 4.56456 4 -26.5646
    endloop
  endfacet
  facet normal 0 1 0
    outer loop
      vertex 4.42596 4 -19.3858
      vertex 4.42596 4 -26.6142
      vertex 4.29289 4 -19.3229
    endloop
  endfacet
  facet normal 0 1 0
    outer loop
      vertex 4.56456 4 -19.4354
      vertex 4.56456 4 -26.5646
      vertex 4.42596 4 -19.3858
    endloop
  endfacet
  facet normal 0 1 0
    outer loop
      vertex 4.29289 4 -26.6771
      vertex 4.29289 4 -19.3229
      vertex 4.42596 4 -26.6142
    endloop
  endfacet
  facet normal 0 1 0
    outer loop
      vertex 4.56456 4 -26.5646
      vertex 4.56456 4 -19.4354
      vertex 4.70735 4 -26.5288
    endloop
  endfacet
  facet normal 0 1 0
    outer loop
      vertex -3.93933 4 -19.0607
      vertex -5 4 -26.5
      vertex -4.0484 4 -19.1595
    endloop
  endfacet
  facet normal 0 1 0
    outer loop
      vertex 4.70735 4 -19.4712
      vertex 4.70735 4 -26.5288
      vertex 4.56456 4 -19.4354
    endloop
  endfacet
  facet normal 0 1 0
    outer loop
      vertex -4.0484 4 -19.1595
      vertex -5 4 -26.5
      vertex -4.16664 4 -19.2472
    endloop
  endfacet
  facet normal 0 1 0
    outer loop
      vertex 4.70735 4 -26.5288
      vertex 4.70735 4 -19.4712
      vertex 4.85297 4 -26.5072
    endloop
  endfacet
  facet normal 0 1 0
    outer loop
      vertex -4.16664 4 -19.2472
      vertex -5 4 -26.5
      vertex -4.29289 4 -19.3229
    endloop
  endfacet
  facet normal 0 1 0
    outer loop
      vertex 4.85297 4 -19.4928
      vertex 4.85297 4 -26.5072
      vertex 4.70735 4 -19.4712
    endloop
  endfacet
  facet normal 0 1 0
    outer loop
      vertex -4.29289 4 -19.3229
      vertex -5 4 -26.5
      vertex -4.42596 4 -19.3858
    endloop
  endfacet
  facet normal 0 1 0
    outer loop
      vertex 4.85297 4 -26.5072
      vertex 4.85297 4 -19.4928
      vertex 5 4 -26.5
    endloop
  endfacet
  facet normal 0 1 0
    outer loop
      vertex -4.42596 4 -19.3858
      vertex -5 4 -26.5
      vertex -4.56456 4 -19.4354
    endloop
  endfacet
  facet normal 0 1 -0
    outer loop
      vertex 5 4 -26.5
      vertex 4.85297 4 -19.4928
      vertex 5 4 -19.5
    endloop
  endfacet
  facet normal 0 1 0
    outer loop
      vertex -4.56456 4 -19.4354
      vertex -5 4 -26.5
      vertex -4.70735 4 -19.4712
    endloop
  endfacet
  facet normal 0 1 0
    outer loop
      vertex -34.574 4 2.24217
      vertex -40.8013 4 -16.1594
      vertex -41.7082 4 -15.9036
    endloop
  endfacet
  facet normal 0 1 0
    outer loop
      vertex 7.26857 4 -1.59748
      vertex 5 4 -16.5
      vertex 4.85297 4 -16.5072
    endloop
  endfacet
  facet normal 0 1 0
    outer loop
      vertex 34.4354 4 2.19258
      vertex 35.5643 4 -16.5464
      vertex 34.1607 4 -16.7125
    endloop
  endfacet
  facet normal 0 1 -0
    outer loop
      vertex 28.8047 4 -18.4528
      vertex 24.147 4 2.13522
      vertex 30.0883 4 -17.8611
    endloop
  endfacet
  facet normal 0 1 0
    outer loop
      vertex 7.5548 4 -1.67417
      vertex 5.14702 4 -16.5072
      vertex 5 4 -16.5
    endloop
  endfacet
  facet normal 0 1 0
    outer loop
      vertex 24.147 4 2.13522
      vertex 28.8047 4 -18.4528
      vertex 24 4 2.12801
    endloop
  endfacet
  facet normal 0 1 0
    outer loop
      vertex 7.5548 4 -1.67417
      vertex 5.29263 4 -16.5288
      vertex 5.14702 4 -16.5072
    endloop
  endfacet
  facet normal -0 1 0
    outer loop
      vertex 6.32288 4 -17.2929
      vertex 8.94274 4 -1.30227
      vertex 25.2865 4 -20.8036
    endloop
  endfacet
  facet normal -0 1 0
    outer loop
      vertex 5.29263 4 -16.5288
      vertex 7.85 4 -1.7
      vertex 5.43542 4 -16.5646
    endloop
  endfacet
  facet normal 0 1 0
    outer loop
      vertex 8.1452 4 -1.67417
      vertex 5.57402 4 -16.6142
      vertex 7.85 4 -1.7
    endloop
  endfacet
  facet normal -0 1 0
    outer loop
      vertex 5.43542 4 -16.5646
      vertex 7.85 4 -1.7
      vertex 5.57402 4 -16.6142
    endloop
  endfacet
  facet normal -0 1 0
    outer loop
      vertex 5.57402 4 -16.6142
      vertex 8.1452 4 -1.67417
      vertex 5.70709 4 -16.6771
    endloop
  endfacet
  facet normal -0 1 0
    outer loop
      vertex 6.24719 4 -17.1666
      vertex 8.94274 4 -1.30227
      vertex 6.32288 4 -17.2929
    endloop
  endfacet
  facet normal -0 1 0
    outer loop
      vertex 5.70709 4 -16.6771
      vertex 8.1452 4 -1.67417
      vertex 5.83334 4 -16.7528
    endloop
  endfacet
  facet normal 0 1 0
    outer loop
      vertex 8.94274 4 -1.30227
      vertex 6.24719 4 -17.1666
      vertex 8.7 4 -1.47224
    endloop
  endfacet
  facet normal 0 1 0
    outer loop
      vertex 8.43143 4 -1.59748
      vertex 5.83334 4 -16.7528
      vertex 8.1452 4 -1.67417
    endloop
  endfacet
  facet normal -0 1 0
    outer loop
      vertex 5.83334 4 -16.7528
      vertex 8.43143 4 -1.59748
      vertex 5.95158 4 -16.8405
    endloop
  endfacet
  facet normal -0 1 0
    outer loop
      vertex 6.06065 4 -16.9393
      vertex 8.7 4 -1.47224
      vertex 6.15952 4 -17.0484
    endloop
  endfacet
  facet normal -0 1 0
    outer loop
      vertex 5.95158 4 -16.8405
      vertex 8.43143 4 -1.59748
      vertex 6.06065 4 -16.9393
    endloop
  endfacet
  facet normal 0 1 0
    outer loop
      vertex 8.7 4 -1.47224
      vertex 6.06065 4 -16.9393
      vertex 8.43143 4 -1.59748
    endloop
  endfacet
  facet normal -0 1 0
    outer loop
      vertex 6.15952 4 -17.0484
      vertex 8.7 4 -1.47224
      vertex 6.24719 4 -17.1666
    endloop
  endfacet
  facet normal 0 1 0
    outer loop
      vertex 6.32288 4 -17.2929
      vertex 25.2865 4 -20.8036
      vertex 6.38582 4 -17.426
    endloop
  endfacet
  facet normal 0 1 -0
    outer loop
      vertex 24.2486 4 -21.763
      vertex 6.38582 4 -17.426
      vertex 25.2865 4 -20.8036
    endloop
  endfacet
  facet normal 0 1 0
    outer loop
      vertex 6.38582 4 -17.426
      vertex 24.2486 4 -21.763
      vertex 6.43541 4 -17.5646
    endloop
  endfacet
  facet normal 0 1 0
    outer loop
      vertex 6.43541 4 -17.5646
      vertex 24.2486 4 -21.763
      vertex 6.47118 4 -17.7074
    endloop
  endfacet
  facet normal 0 1 -0
    outer loop
      vertex 23.2892 4 -22.8009
      vertex 6.47118 4 -17.7074
      vertex 24.2486 4 -21.763
    endloop
  endfacet
  facet normal 0 1 0
    outer loop
      vertex 6.47118 4 -17.7074
      vertex 23.2892 4 -22.8009
      vertex 6.49277 4 -17.853
    endloop
  endfacet
  facet normal 0 1 0
    outer loop
      vertex 6.49277 4 -17.853
      vertex 23.2892 4 -22.8009
      vertex 6.5 4 -18
    endloop
  endfacet
  facet normal 0 1 -0
    outer loop
      vertex 22.4142 4 -23.9108
      vertex 6.5 4 -18
      vertex 23.2892 4 -22.8009
    endloop
  endfacet
  facet normal 0 1 0
    outer loop
      vertex 6.5 4 -18
      vertex 22.4142 4 -23.9108
      vertex 6.49277 4 -18.147
    endloop
  endfacet
  facet normal 0 1 0
    outer loop
      vertex 6.49277 4 -18.147
      vertex 22.4142 4 -23.9108
      vertex 6.47118 4 -18.2926
    endloop
  endfacet
  facet normal 0 1 -0
    outer loop
      vertex 21.629 4 -25.086
      vertex 6.47118 4 -18.2926
      vertex 22.4142 4 -23.9108
    endloop
  endfacet
  facet normal 0 1 0
    outer loop
      vertex 6.47118 4 -18.2926
      vertex 21.629 4 -25.086
      vertex 6.43541 4 -18.4354
    endloop
  endfacet
  facet normal 0 1 0
    outer loop
      vertex 6.43541 4 -18.4354
      vertex 21.629 4 -25.086
      vertex 6.38582 4 -18.574
    endloop
  endfacet
  facet normal 0 1 -0
    outer loop
      vertex 20.9384 4 -26.3191
      vertex 6.38582 4 -18.574
      vertex 21.629 4 -25.086
    endloop
  endfacet
  facet normal 0 1 0
    outer loop
      vertex 6.38582 4 -18.574
      vertex 20.9384 4 -26.3191
      vertex 6.32288 4 -18.7071
    endloop
  endfacet
  facet normal 0 1 0
    outer loop
      vertex 6.32288 4 -18.7071
      vertex 20.9384 4 -26.3191
      vertex 6.24719 4 -18.8333
    endloop
  endfacet
  facet normal 0 1 0
    outer loop
      vertex 6.24719 4 -27.1666
      vertex 6.24719 4 -18.8333
      vertex 20.9384 4 -26.3191
    endloop
  endfacet
  facet normal 0 1 0
    outer loop
      vertex 6.24719 4 -18.8333
      vertex 6.24719 4 -27.1666
      vertex 6.15952 4 -18.9516
    endloop
  endfacet
  facet normal -0 1 0
    outer loop
      vertex 6.15952 4 -27.0484
      vertex 6.15952 4 -18.9516
      vertex 6.24719 4 -27.1666
    endloop
  endfacet
  facet normal -0 1 0
    outer loop
      vertex 6.06065 4 -26.9393
      vertex 6.06065 4 -19.0607
      vertex 6.15952 4 -27.0484
    endloop
  endfacet
  facet normal 0 1 0
    outer loop
      vertex 6.15952 4 -18.9516
      vertex 6.15952 4 -27.0484
      vertex 6.06065 4 -19.0607
    endloop
  endfacet
  facet normal 0 1 0
    outer loop
      vertex -34.574 4 2.24217
      vertex -39.8772 4 -16.3432
      vertex -40.8013 4 -16.1594
    endloop
  endfacet
  facet normal 0 1 0
    outer loop
      vertex -34.7071 4 2.30511
      vertex -42.5922 4 -15.5775
      vertex -43.4479 4 -15.183
    endloop
  endfacet
  facet normal 0 1 0
    outer loop
      vertex -34.7071 4 2.30511
      vertex -47.1249 4 -12.2843
      vertex -47.7082 4 -11.5444
    endloop
  endfacet
  facet normal 0 1 0
    outer loop
      vertex -34.574 4 2.24217
      vertex -41.7082 4 -15.9036
      vertex -42.5922 4 -15.5775
    endloop
  endfacet
  facet normal 0 1 0
    outer loop
      vertex -34.9516 4 2.46848
      vertex -49.6684 4 -7.29227
      vertex -49.8522 4 -6.36815
    endloop
  endfacet
  facet normal -0 1 0
    outer loop
      vertex -35.5643 4 -16.5464
      vertex -34 4 2.12801
      vertex -34.1607 4 -16.7125
    endloop
  endfacet
  facet normal 0 1 0
    outer loop
      vertex -8.4452 4 -1.67417
      vertex -5.70709 4 -16.6771
      vertex -5.83334 4 -16.7528
    endloop
  endfacet
  facet normal 0 1 0
    outer loop
      vertex -34.7071 4 2.30511
      vertex -45.0534 4 -14.1991
      vertex -45.7934 4 -13.6158
    endloop
  endfacet
  facet normal 0 1 0
    outer loop
      vertex -8.73143 4 -1.59748
      vertex -5.83334 4 -16.7528
      vertex -5.95158 4 -16.8405
    endloop
  endfacet
  facet normal 0 1 0
    outer loop
      vertex -8.73143 4 -1.59748
      vertex -5.95158 4 -16.8405
      vertex -6.06065 4 -16.9393
    endloop
  endfacet
  facet normal 0 1 0
    outer loop
      vertex -9 4 -1.47224
      vertex -6.06065 4 -16.9393
      vertex -6.15952 4 -17.0484
    endloop
  endfacet
  facet normal 0 1 0
    outer loop
      vertex -34.8333 4 2.3808
      vertex -48.6921 4 -9.93881
      vertex -49.0865 4 -9.08313
    endloop
  endfacet
  facet normal 0 1 0
    outer loop
      vertex -9 4 -1.47224
      vertex -6.15952 4 -17.0484
      vertex -6.24719 4 -17.1666
    endloop
  endfacet
  facet normal 0 1 0
    outer loop
      vertex -9.24274 4 -1.30227
      vertex -6.24719 4 -17.1666
      vertex -6.32288 4 -17.2929
    endloop
  endfacet
  facet normal 0 1 0
    outer loop
      vertex -9.24274 4 -1.30227
      vertex -6.32288 4 -17.2929
      vertex -25.2865 4 -20.8036
    endloop
  endfacet
  facet normal 0 1 0
    outer loop
      vertex -34.2926 4 2.15681
      vertex -35.5643 4 -16.5464
      vertex -36.9766 4 -16.4909
    endloop
  endfacet
  facet normal 0 1 0
    outer loop
      vertex -25.2865 4 -20.8036
      vertex -6.32288 4 -17.2929
      vertex -6.38582 4 -17.426
    endloop
  endfacet
  facet normal 0 1 0
    outer loop
      vertex -24.2486 4 -21.763
      vertex -6.38582 4 -17.426
      vertex -6.43541 4 -17.5646
    endloop
  endfacet
  facet normal 0 1 0
    outer loop
      vertex -24.2486 4 -21.763
      vertex -6.43541 4 -17.5646
      vertex -6.47118 4 -17.7074
    endloop
  endfacet
  facet normal 0 1 0
    outer loop
      vertex -23.2892 4 -22.8009
      vertex -6.47118 4 -17.7074
      vertex -6.49277 4 -17.853
    endloop
  endfacet
  facet normal 0 1 0
    outer loop
      vertex -33.7074 4 2.15681
      vertex -34.1607 4 -16.7125
      vertex -33.853 4 2.13522
    endloop
  endfacet
  facet normal 0 1 0
    outer loop
      vertex -23.2892 4 -22.8009
      vertex -6.49277 4 -17.853
      vertex -6.5 4 -18
    endloop
  endfacet
  facet normal 0 1 0
    outer loop
      vertex -22.4142 4 -23.9108
      vertex -6.5 4 -18
      vertex -6.49277 4 -18.147
    endloop
  endfacet
  facet normal 0 1 0
    outer loop
      vertex -22.4142 4 -23.9108
      vertex -6.49277 4 -18.147
      vertex -6.47118 4 -18.2926
    endloop
  endfacet
  facet normal 0 1 0
    outer loop
      vertex -21.629 4 -25.086
      vertex -6.47118 4 -18.2926
      vertex -6.43541 4 -18.4354
    endloop
  endfacet
  facet normal -0 1 0
    outer loop
      vertex -34.1607 4 -16.7125
      vertex -33.7074 4 2.15681
      vertex -32.7745 4 -16.9883
    endloop
  endfacet
  facet normal 0 1 0
    outer loop
      vertex -21.629 4 -25.086
      vertex -6.43541 4 -18.4354
      vertex -6.38582 4 -18.574
    endloop
  endfacet
  facet normal 0 1 0
    outer loop
      vertex -20.9384 4 -26.3191
      vertex -6.38582 4 -18.574
      vertex -6.32288 4 -18.7071
    endloop
  endfacet
  facet normal 0 1 0
    outer loop
      vertex -20.9384 4 -26.3191
      vertex -6.32288 4 -18.7071
      vertex -6.24719 4 -18.8333
    endloop
  endfacet
  facet normal 0 1 0
    outer loop
      vertex -20.9384 4 -26.3191
      vertex -6.24719 4 -18.8333
      vertex -6.15952 4 -18.9516
    endloop
  endfacet
  facet normal 0 1 0
    outer loop
      vertex -5.57402 4 -19.3858
      vertex -5.57402 4 -26.6142
      vertex -5.70709 4 -19.3229
    endloop
  endfacet
  facet normal 0 1 0
    outer loop
      vertex -23.853 4 2.13522
      vertex -28.8047 4 -18.4528
      vertex -24 4 2.12801
    endloop
  endfacet
  facet normal 0 1 0
    outer loop
      vertex -5.57402 4 -26.6142
      vertex -5.57402 4 -19.3858
      vertex -5.43542 4 -26.5646
    endloop
  endfacet
  facet normal 0 1 0
    outer loop
      vertex -5.43542 4 -19.4354
      vertex -5.43542 4 -26.5646
      vertex -5.57402 4 -19.3858
    endloop
  endfacet
  facet normal 0 1 0
    outer loop
      vertex -5.43542 4 -26.5646
      vertex -5.43542 4 -19.4354
      vertex -5.29263 4 -26.5288
    endloop
  endfacet
  facet normal 0 1 0
    outer loop
      vertex -5.29263 4 -19.4712
      vertex -5.29263 4 -26.5288
      vertex -5.43542 4 -19.4354
    endloop
  endfacet
  facet normal 0 1 0
    outer loop
      vertex -5.29263 4 -26.5288
      vertex -5.29263 4 -19.4712
      vertex -5.14702 4 -26.5072
    endloop
  endfacet
  facet normal 0 1 0
    outer loop
      vertex -5.14702 4 -19.4928
      vertex -5.14702 4 -26.5072
      vertex -5.29263 4 -19.4712
    endloop
  endfacet
  facet normal 0 1 0
    outer loop
      vertex -5 4 -19.5
      vertex -5 4 -26.5
      vertex -5.14702 4 -19.4928
    endloop
  endfacet
  facet normal 0 1 0
    outer loop
      vertex -4.85297 4 -19.4928
      vertex -5 4 -26.5
      vertex -5 4 -19.5
    endloop
  endfacet
  facet normal -0 1 0
    outer loop
      vertex -28.8047 4 -18.4528
      vertex -23.853 4 2.13522
      vertex -27.5716 4 -19.1434
    endloop
  endfacet
  facet normal 0 1 0
    outer loop
      vertex 6.06065 4 -19.0607
      vertex 6.06065 4 -26.9393
      vertex 5.95158 4 -19.1595
    endloop
  endfacet
  facet normal -0 1 0
    outer loop
      vertex 5.95158 4 -26.8405
      vertex 5.95158 4 -19.1595
      vertex 6.06065 4 -26.9393
    endloop
  endfacet
  facet normal 0 1 0
    outer loop
      vertex -5.14702 4 -26.5072
      vertex -5.14702 4 -19.4928
      vertex -5 4 -26.5
    endloop
  endfacet
  facet normal -0 1 0
    outer loop
      vertex 5.14702 4 -26.5072
      vertex 5.14702 4 -19.4928
      vertex 5.29263 4 -26.5288
    endloop
  endfacet
  facet normal 0 1 0
    outer loop
      vertex -9.24274 4 -1.30227
      vertex -25.2865 4 -20.8036
      vertex -26.3964 4 -19.9286
    endloop
  endfacet
  facet normal 0 1 0
    outer loop
      vertex 5.95158 4 -19.1595
      vertex 5.95158 4 -26.8405
      vertex 5.83334 4 -19.2472
    endloop
  endfacet
  facet normal 0 1 0
    outer loop
      vertex -6.38582 4 -17.426
      vertex -24.2486 4 -21.763
      vertex -25.2865 4 -20.8036
    endloop
  endfacet
  facet normal -0 1 0
    outer loop
      vertex 5.83334 4 -26.7528
      vertex 5.83334 4 -19.2472
      vertex 5.95158 4 -26.8405
    endloop
  endfacet
  facet normal 0 1 0
    outer loop
      vertex -6.47118 4 -17.7074
      vertex -23.2892 4 -22.8009
      vertex -24.2486 4 -21.763
    endloop
  endfacet
  facet normal 0 1 0
    outer loop
      vertex 5.83334 4 -19.2472
      vertex 5.83334 4 -26.7528
      vertex 5.70709 4 -19.3229
    endloop
  endfacet
  facet normal 0 1 0
    outer loop
      vertex -6.5 4 -18
      vertex -22.4142 4 -23.9108
      vertex -23.2892 4 -22.8009
    endloop
  endfacet
  facet normal -0 1 0
    outer loop
      vertex 5.70709 4 -26.6771
      vertex 5.70709 4 -19.3229
      vertex 5.83334 4 -26.7528
    endloop
  endfacet
  facet normal 0 1 0
    outer loop
      vertex -6.47118 4 -18.2926
      vertex -21.629 4 -25.086
      vertex -22.4142 4 -23.9108
    endloop
  endfacet
  facet normal 0 1 0
    outer loop
      vertex -6.38582 4 -18.574
      vertex -20.9384 4 -26.3191
      vertex -21.629 4 -25.086
    endloop
  endfacet
  facet normal 0 1 0
    outer loop
      vertex -4.70735 4 -19.4712
      vertex -5 4 -26.5
      vertex -4.85297 4 -19.4928
    endloop
  endfacet
  facet normal -0 1 0
    outer loop
      vertex 5 4 -26.5
      vertex 5 4 -19.5
      vertex 5.14702 4 -26.5072
    endloop
  endfacet
  facet normal 0 1 0
    outer loop
      vertex 5.14702 4 -19.4928
      vertex 5.14702 4 -26.5072
      vertex 5 4 -19.5
    endloop
  endfacet
  facet normal 0 1 0
    outer loop
      vertex 5.29263 4 -19.4712
      vertex 5.29263 4 -26.5288
      vertex 5.14702 4 -19.4928
    endloop
  endfacet
  facet normal -0 1 0
    outer loop
      vertex 5.29263 4 -26.5288
      vertex 5.29263 4 -19.4712
      vertex 5.43542 4 -26.5646
    endloop
  endfacet
  facet normal 0 1 0
    outer loop
      vertex 5.43542 4 -19.4354
      vertex 5.43542 4 -26.5646
      vertex 5.29263 4 -19.4712
    endloop
  endfacet
  facet normal -0 1 0
    outer loop
      vertex 5.43542 4 -26.5646
      vertex 5.43542 4 -19.4354
      vertex 5.57402 4 -26.6142
    endloop
  endfacet
  facet normal 0 1 0
    outer loop
      vertex 5.57402 4 -19.3858
      vertex 5.57402 4 -26.6142
      vertex 5.43542 4 -19.4354
    endloop
  endfacet
  facet normal -0 1 0
    outer loop
      vertex 5.57402 4 -26.6142
      vertex 5.57402 4 -19.3858
      vertex 5.70709 4 -26.6771
    endloop
  endfacet
  facet normal 0 1 0
    outer loop
      vertex 5.70709 4 -19.3229
      vertex 5.70709 4 -26.6771
      vertex 5.57402 4 -19.3858
    endloop
  endfacet
  facet normal 0 1 0
    outer loop
      vertex 20.9384 4 -26.3191
      vertex 6.32288 4 -27.2929
      vertex 6.24719 4 -27.1666
    endloop
  endfacet
  facet normal 0 1 -0
    outer loop
      vertex 20.3467 4 -27.6026
      vertex 6.32288 4 -27.2929
      vertex 20.9384 4 -26.3191
    endloop
  endfacet
  facet normal 0 1 0
    outer loop
      vertex 6.32288 4 -27.2929
      vertex 20.3467 4 -27.6026
      vertex 6.38582 4 -27.426
    endloop
  endfacet
  facet normal 0 1 0
    outer loop
      vertex 6.38582 4 -27.426
      vertex 20.3467 4 -27.6026
      vertex 6.43541 4 -27.5646
    endloop
  endfacet
  facet normal 0 1 -0
    outer loop
      vertex 19.8575 4 -28.9286
      vertex 6.43541 4 -27.5646
      vertex 20.3467 4 -27.6026
    endloop
  endfacet
  facet normal 0 1 0
    outer loop
      vertex 6.43541 4 -27.5646
      vertex 19.8575 4 -28.9286
      vertex 6.47118 4 -27.7074
    endloop
  endfacet
  facet normal 0 1 0
    outer loop
      vertex 6.47118 4 -27.7074
      vertex 19.8575 4 -28.9286
      vertex 6.49277 4 -27.853
    endloop
  endfacet
  facet normal 0 1 0
    outer loop
      vertex 6.49277 4 -27.853
      vertex 19.8575 4 -28.9286
      vertex 6.5 4 -28
    endloop
  endfacet
  facet normal 0 1 -0
    outer loop
      vertex 19.4739 4 -30.2889
      vertex 6.5 4 -28
      vertex 19.8575 4 -28.9286
    endloop
  endfacet
  facet normal 0 1 0
    outer loop
      vertex 6.5 4 -28
      vertex 19.4739 4 -30.2889
      vertex 6.49277 4 -28.147
    endloop
  endfacet
  facet normal 0 1 0
    outer loop
      vertex 6.49277 4 -28.147
      vertex 19.4739 4 -30.2889
      vertex 6.47118 4 -28.2926
    endloop
  endfacet
  facet normal 0 1 -0
    outer loop
      vertex 19.1982 4 -31.6751
      vertex 6.47118 4 -28.2926
      vertex 19.4739 4 -30.2889
    endloop
  endfacet
  facet normal 0 1 0
    outer loop
      vertex 6.47118 4 -28.2926
      vertex 19.1982 4 -31.6751
      vertex 6.43541 4 -28.4354
    endloop
  endfacet
  facet normal 0 1 0
    outer loop
      vertex 6.43541 4 -28.4354
      vertex 19.1982 4 -31.6751
      vertex 6.38582 4 -28.574
    endloop
  endfacet
  facet normal 0 1 0
    outer loop
      vertex 6.38582 4 -28.574
      vertex 19.1982 4 -31.6751
      vertex 6.32288 4 -28.7071
    endloop
  endfacet
  facet normal 0 1 -0
    outer loop
      vertex 19.032 4 -33.0787
      vertex 6.32288 4 -28.7071
      vertex 19.1982 4 -31.6751
    endloop
  endfacet
  facet normal 0 1 0
    outer loop
      vertex 6.32288 4 -28.7071
      vertex 19.032 4 -33.0787
      vertex 6.24719 4 -28.8333
    endloop
  endfacet
  facet normal 0 1 0
    outer loop
      vertex 6.24719 4 -28.8333
      vertex 19.032 4 -33.0787
      vertex 6.15952 4 -28.9516
    endloop
  endfacet
  facet normal 0 1 -0
    outer loop
      vertex 18.9766 4 -34.4909
      vertex 6.15952 4 -28.9516
      vertex 19.032 4 -33.0787
    endloop
  endfacet
  facet normal 0 1 0
    outer loop
      vertex 6.15952 4 -28.9516
      vertex 18.9766 4 -34.4909
      vertex 6.06065 4 -29.0607
    endloop
  endfacet
  facet normal 0 1 0
    outer loop
      vertex 6.06065 4 -29.0607
      vertex 18.9766 4 -34.4909
      vertex 5.95158 4 -29.1595
    endloop
  endfacet
  facet normal 0 1 0
    outer loop
      vertex 5.95158 4 -29.1595
      vertex 18.9766 4 -34.4909
      vertex 5.83334 4 -29.2472
    endloop
  endfacet
  facet normal 0 1 -0
    outer loop
      vertex 18.9766 4 -38
      vertex 5.83334 4 -29.2472
      vertex 18.9766 4 -34.4909
    endloop
  endfacet
  facet normal 0 1 0
    outer loop
      vertex 5.83334 4 -29.2472
      vertex 18.9766 4 -38
      vertex 5.70709 4 -29.3229
    endloop
  endfacet
  facet normal 0 1 -0
    outer loop
      vertex 18.9396 4 -38.9415
      vertex 5.57402 4 -29.3858
      vertex 18.9766 4 -38
    endloop
  endfacet
  facet normal 0 1 0
    outer loop
      vertex 5.70709 4 -29.3229
      vertex 18.9766 4 -38
      vertex 5.57402 4 -29.3858
    endloop
  endfacet
  facet normal 0 -1 0
    outer loop
      vertex -17.6686 0 -43.4479
      vertex -17.6568 0 -43.4447
      vertex -17.7703 0 -43.2273
    endloop
  endfacet
  facet normal 0 -1 0
    outer loop
      vertex -17.6686 0 -43.4479
      vertex -17.5225 0 -43.6501
      vertex -17.6568 0 -43.4447
    endloop
  endfacet
  facet normal 0 -1 0
    outer loop
      vertex -17.2082 0 -44.27
      vertex -17.5225 0 -43.6501
      vertex -17.6686 0 -43.4479
    endloop
  endfacet
  facet normal 0 -1 0
    outer loop
      vertex -17.2082 0 -44.27
      vertex -17.3688 0 -43.8412
      vertex -17.5225 0 -43.6501
    endloop
  endfacet
  facet normal 0 -1 0
    outer loop
      vertex -17.2082 0 -44.27
      vertex -17.197 0 -44.0164
      vertex -17.3688 0 -43.8412
    endloop
  endfacet
  facet normal 0 -1 0
    outer loop
      vertex -17.2082 0 -44.27
      vertex -17.0089 0 -44.1739
      vertex -17.197 0 -44.0164
    endloop
  endfacet
  facet normal 0 -1 0
    outer loop
      vertex -17.2082 0 -44.27
      vertex -16.8062 0 -44.3122
      vertex -17.0089 0 -44.1739
    endloop
  endfacet
  facet normal 0 -1 0
    outer loop
      vertex -16.6848 0 -45.0534
      vertex -16.8062 0 -44.3122
      vertex -17.2082 0 -44.27
    endloop
  endfacet
  facet normal 0 -1 0
    outer loop
      vertex -16.8062 0 -44.3122
      vertex -16.6848 0 -45.0534
      vertex -16.591 0 -44.43
    endloop
  endfacet
  facet normal 0 -1 -0
    outer loop
      vertex -16.591 0 -44.43
      vertex -16.6848 0 -45.0534
      vertex -16.3653 0 -44.5261
    endloop
  endfacet
  facet normal -0 -1 0
    outer loop
      vertex 13.2465 0 -48.2317
      vertex 13.5675 0 -43.7666
      vertex 12.4244 0 -48.6921
    endloop
  endfacet
  facet normal 0 -1 -0
    outer loop
      vertex -15.6472 0 -44.6763
      vertex -16.6848 0 -45.0534
      vertex -15.4018 0 -44.6787
    endloop
  endfacet
  facet normal 0 -1 -0
    outer loop
      vertex -15.8911 0 -44.6498
      vertex -16.6848 0 -45.0534
      vertex -15.6472 0 -44.6763
    endloop
  endfacet
  facet normal 0 -1 -0
    outer loop
      vertex -16.1312 0 -44.5996
      vertex -16.6848 0 -45.0534
      vertex -15.8911 0 -44.6498
    endloop
  endfacet
  facet normal 0 -1 -0
    outer loop
      vertex -16.3653 0 -44.5261
      vertex -16.6848 0 -45.0534
      vertex -16.1312 0 -44.5996
    endloop
  endfacet
  facet normal 0 -1 -0
    outer loop
      vertex 17.7048 0 -43.3591
      vertex 17.6686 0 -43.4479
      vertex 17.7703 0 -43.2274
    endloop
  endfacet
  facet normal 0 -1 0
    outer loop
      vertex 17.5787 0 -43.5695
      vertex 17.6686 0 -43.4479
      vertex 17.7048 0 -43.3591
    endloop
  endfacet
  facet normal 0 -1 -0
    outer loop
      vertex 17.5787 0 -43.5695
      vertex 17.2082 0 -44.27
      vertex 17.6686 0 -43.4479
    endloop
  endfacet
  facet normal 0 -1 -0
    outer loop
      vertex 17.4325 0 -43.7666
      vertex 17.2082 0 -44.27
      vertex 17.5787 0 -43.5695
    endloop
  endfacet
  facet normal 0 -1 -0
    outer loop
      vertex 17.2678 0 -43.9483
      vertex 17.2082 0 -44.27
      vertex 17.4325 0 -43.7666
    endloop
  endfacet
  facet normal 0 -1 0
    outer loop
      vertex 17.086 0 -44.1131
      vertex 17.2082 0 -44.27
      vertex 17.2678 0 -43.9483
    endloop
  endfacet
  facet normal 0 -1 0
    outer loop
      vertex 16.8889 0 -44.2593
      vertex 17.2082 0 -44.27
      vertex 17.086 0 -44.1131
    endloop
  endfacet
  facet normal 0 -1 0
    outer loop
      vertex 16.6848 0 -45.0534
      vertex 16.8889 0 -44.2593
      vertex 16.6785 0 -44.3854
    endloop
  endfacet
  facet normal 0 -1 0
    outer loop
      vertex 16.6848 0 -45.0534
      vertex 16.6785 0 -44.3854
      vertex 16.4567 0 -44.4903
    endloop
  endfacet
  facet normal 0 -1 0
    outer loop
      vertex 16.6848 0 -45.0534
      vertex 16.4567 0 -44.4903
      vertex 16.2257 0 -44.5729
    endloop
  endfacet
  facet normal 0 -1 -0
    outer loop
      vertex 16.8889 0 -44.2593
      vertex 16.6848 0 -45.0534
      vertex 17.2082 0 -44.27
    endloop
  endfacet
  facet normal 0 -1 0
    outer loop
      vertex 15.9877 0 -44.6326
      vertex 16.6848 0 -45.0534
      vertex 16.2257 0 -44.5729
    endloop
  endfacet
  facet normal 0 -1 0
    outer loop
      vertex 16.1014 0 -45.7934
      vertex 15.9877 0 -44.6326
      vertex 15.745 0 -44.6685
    endloop
  endfacet
  facet normal 0 -1 0
    outer loop
      vertex 16.1014 0 -45.7934
      vertex 15.745 0 -44.6685
      vertex 15.5 0 -44.6806
    endloop
  endfacet
  facet normal 0 -1 -0
    outer loop
      vertex 13.5675 0 -43.7666
      vertex 13.2465 0 -48.2317
      vertex 13.7322 0 -43.9483
    endloop
  endfacet
  facet normal 0 -1 0
    outer loop
      vertex -6.97656 0 -50
      vertex -16.6848 0 -45.0534
      vertex -16.1014 0 -45.7934
    endloop
  endfacet
  facet normal 0 -1 -0
    outer loop
      vertex 13.7322 0 -43.9483
      vertex 13.2465 0 -48.2317
      vertex 13.914 0 -44.1131
    endloop
  endfacet
  facet normal 0 -1 0
    outer loop
      vertex -6.97656 0 -50
      vertex -16.1014 0 -45.7934
      vertex -15.4618 0 -46.4853
    endloop
  endfacet
  facet normal -0 -1 0
    outer loop
      vertex 14.03 0 -47.7082
      vertex 13.914 0 -44.1131
      vertex 13.2465 0 -48.2317
    endloop
  endfacet
  facet normal 0 -1 0
    outer loop
      vertex -6.97656 0 -50
      vertex -15.4618 0 -46.4853
      vertex -14.7699 0 -47.1249
    endloop
  endfacet
  facet normal 0 -1 0
    outer loop
      vertex 15.9877 0 -44.6326
      vertex 16.1014 0 -45.7934
      vertex 16.6848 0 -45.0534
    endloop
  endfacet
  facet normal 0 -1 0
    outer loop
      vertex -6.97656 0 -50
      vertex -14.7699 0 -47.1249
      vertex -14.03 0 -47.7082
    endloop
  endfacet
  facet normal 0 -1 0
    outer loop
      vertex 15.255 0 -44.6685
      vertex 16.1014 0 -45.7934
      vertex 15.5 0 -44.6806
    endloop
  endfacet
  facet normal 0 -1 0
    outer loop
      vertex -6.97656 0 -50
      vertex -14.03 0 -47.7082
      vertex -13.2465 0 -48.2317
    endloop
  endfacet
  facet normal -0 -1 0
    outer loop
      vertex 16.1014 0 -45.7934
      vertex 15.255 0 -44.6685
      vertex 15.4618 0 -46.4853
    endloop
  endfacet
  facet normal 0 -1 0
    outer loop
      vertex -6.97656 0 -50
      vertex -13.2465 0 -48.2317
      vertex -12.4244 0 -48.6921
    endloop
  endfacet
  facet normal 0 -1 0
    outer loop
      vertex 15.0123 0 -44.6326
      vertex 15.4618 0 -46.4853
      vertex 15.255 0 -44.6685
    endloop
  endfacet
  facet normal 0 -1 0
    outer loop
      vertex -6.97656 0 -50
      vertex -12.4244 0 -48.6921
      vertex -11.5688 0 -49.0865
    endloop
  endfacet
  facet normal 0 -1 0
    outer loop
      vertex 14.7743 0 -44.5729
      vertex 15.4618 0 -46.4853
      vertex 15.0123 0 -44.6326
    endloop
  endfacet
  facet normal 0 -1 0
    outer loop
      vertex -6.97656 0 -50
      vertex -11.5688 0 -49.0865
      vertex -10.6848 0 -49.4127
    endloop
  endfacet
  facet normal -0 -1 0
    outer loop
      vertex 15.4618 0 -46.4853
      vertex 14.7743 0 -44.5729
      vertex 14.7699 0 -47.1249
    endloop
  endfacet
  facet normal 0 -1 0
    outer loop
      vertex -6.97656 0 -50
      vertex -10.6848 0 -49.4127
      vertex -9.77789 0 -49.6684
    endloop
  endfacet
  facet normal 0 -1 0
    outer loop
      vertex 14.5433 0 -44.4903
      vertex 14.7699 0 -47.1249
      vertex 14.7743 0 -44.5729
    endloop
  endfacet
  facet normal 0 -1 0
    outer loop
      vertex -6.97656 0 -50
      vertex -9.77789 0 -49.6684
      vertex -8.85378 0 -49.8522
    endloop
  endfacet
  facet normal 0 -1 0
    outer loop
      vertex 14.3215 0 -44.3854
      vertex 14.7699 0 -47.1249
      vertex 14.5433 0 -44.4903
    endloop
  endfacet
  facet normal 0 -1 0
    outer loop
      vertex -6.97656 0 -50
      vertex -8.85378 0 -49.8522
      vertex -7.91806 0 -49.963
    endloop
  endfacet
  facet normal -0 -1 0
    outer loop
      vertex 14.7699 0 -47.1249
      vertex 14.3215 0 -44.3854
      vertex 14.03 0 -47.7082
    endloop
  endfacet
  facet normal 0 -1 -0
    outer loop
      vertex 14.1111 0 -44.2593
      vertex 14.03 0 -47.7082
      vertex 14.3215 0 -44.3854
    endloop
  endfacet
  facet normal 0 -1 0
    outer loop
      vertex 13.914 0 -44.1131
      vertex 14.03 0 -47.7082
      vertex 14.1111 0 -44.2593
    endloop
  endfacet
  facet normal 0 -1 0
    outer loop
      vertex -5 0 7.855
      vertex -8.4452 0 1.67417
      vertex -8.15 0 1.7
    endloop
  endfacet
  facet normal 0 -1 0
    outer loop
      vertex -35 0 7.855
      vertex -8.73143 0 1.59748
      vertex -8.4452 0 1.67417
    endloop
  endfacet
  facet normal 0 -1 0
    outer loop
      vertex -35 0 7.855
      vertex -9 0 1.47224
      vertex -8.73143 0 1.59748
    endloop
  endfacet
  facet normal 0 -1 0
    outer loop
      vertex -35 0 7.855
      vertex -9.24274 0 1.30227
      vertex -9 0 1.47224
    endloop
  endfacet
  facet normal -0 -1 0
    outer loop
      vertex -9.45228 0 1.09274
      vertex -35 0 7.855
      vertex -17.5737 0 -3.39499
    endloop
  endfacet
  facet normal 0 -1 0
    outer loop
      vertex -35 0 7.855
      vertex -9.45228 0 1.09274
      vertex -9.24274 0 1.30227
    endloop
  endfacet
  facet normal 0 -1 0
    outer loop
      vertex -9.45228 0 1.09274
      vertex -17.5737 0 -3.39499
      vertex -9.62224 0 0.849999
    endloop
  endfacet
  facet normal 0 -1 0
    outer loop
      vertex -17.4512 0 -3.39799
      vertex -9.62224 0 0.849999
      vertex -17.5737 0 -3.39499
    endloop
  endfacet
  facet normal 0 -1 0
    outer loop
      vertex -17.1817 0 -3.41122
      vertex -9.62224 0 0.849999
      vertex -17.4512 0 -3.39799
    endloop
  endfacet
  facet normal 0 -1 0
    outer loop
      vertex -16.9374 0 -3.43529
      vertex -9.62224 0 0.849999
      vertex -17.1817 0 -3.41122
    endloop
  endfacet
  facet normal 0 -1 0
    outer loop
      vertex -9.62224 0 0.849999
      vertex -16.9374 0 -3.43529
      vertex -9.74748 0 0.581433
    endloop
  endfacet
  facet normal 0 -1 0
    outer loop
      vertex -16.7436 0 -3.46404
      vertex -9.74748 0 0.581433
      vertex -16.9374 0 -3.43529
    endloop
  endfacet
  facet normal 0 -1 0
    outer loop
      vertex -16.5031 0 -3.51187
      vertex -9.74748 0 0.581433
      vertex -16.7436 0 -3.46404
    endloop
  endfacet
  facet normal 0 -1 0
    outer loop
      vertex -9.74748 0 0.581433
      vertex -16.5031 0 -3.51187
      vertex -9.82417 0 0.295201
    endloop
  endfacet
  facet normal 0 -1 0
    outer loop
      vertex -16.313 0 -3.55948
      vertex -9.82417 0 0.295201
      vertex -16.5031 0 -3.51187
    endloop
  endfacet
  facet normal 0 -1 0
    outer loop
      vertex -16.0782 0 -3.63071
      vertex -9.82417 0 0.295201
      vertex -16.313 0 -3.55948
    endloop
  endfacet
  facet normal 0 -1 0
    outer loop
      vertex -15.8938 0 -3.69667
      vertex -9.82417 0 0.295201
      vertex -16.0782 0 -3.63071
    endloop
  endfacet
  facet normal 0 -1 0
    outer loop
      vertex -9.82417 0 0.295201
      vertex -15.8938 0 -3.69667
      vertex -9.85 0 0
    endloop
  endfacet
  facet normal 0 -1 -0
    outer loop
      vertex -35 0 7.855
      vertex -47.3908 0 -3.39499
      vertex -17.5737 0 -3.39499
    endloop
  endfacet
  facet normal 0 -1 0
    outer loop
      vertex -50 0 4.49094
      vertex -47.6358 0 -3.40703
      vertex -47.3908 0 -3.39499
    endloop
  endfacet
  facet normal 0 -1 0
    outer loop
      vertex -50 0 4.49094
      vertex -47.8785 0 -3.44302
      vertex -47.6358 0 -3.40703
    endloop
  endfacet
  facet normal 0 -1 0
    outer loop
      vertex -50 0 4.49094
      vertex -48.1165 0 -3.50264
      vertex -47.8785 0 -3.44302
    endloop
  endfacet
  facet normal 0 -1 0
    outer loop
      vertex -50 0 4.49094
      vertex -48.3475 0 -3.5853
      vertex -48.1165 0 -3.50264
    endloop
  endfacet
  facet normal 0 -1 0
    outer loop
      vertex -50 0 4.49094
      vertex -48.5693 0 -3.69019
      vertex -48.3475 0 -3.5853
    endloop
  endfacet
  facet normal 0 -1 0
    outer loop
      vertex -50 0 4.49094
      vertex -48.7797 0 -3.81631
      vertex -48.5693 0 -3.69019
    endloop
  endfacet
  facet normal 0 -1 0
    outer loop
      vertex -50 0 -4.49094
      vertex -48.7797 0 -3.81631
      vertex -50 0 4.49094
    endloop
  endfacet
  facet normal 0 -1 0
    outer loop
      vertex -48.7797 0 -3.81631
      vertex -50 0 -4.49094
      vertex -48.9768 0 -3.96246
    endloop
  endfacet
  facet normal 0 -1 0
    outer loop
      vertex -48.9768 0 -3.96246
      vertex -50 0 -4.49094
      vertex -49.1586 0 -4.12723
    endloop
  endfacet
  facet normal 0 -1 0
    outer loop
      vertex -49.1586 0 -4.12723
      vertex -50 0 -4.49094
      vertex -49.3233 0 -4.30901
    endloop
  endfacet
  facet normal 0 -1 0
    outer loop
      vertex -50 0 -4.49094
      vertex -49.4695 0 -4.50606
      vertex -49.3233 0 -4.30901
    endloop
  endfacet
  facet normal 0 -1 0
    outer loop
      vertex -50 0 -4.49094
      vertex -49.5956 0 -4.71649
      vertex -49.4695 0 -4.50606
    endloop
  endfacet
  facet normal 0 -1 0
    outer loop
      vertex -50 0 -4.49094
      vertex -49.7005 0 -4.93828
      vertex -49.5956 0 -4.71649
    endloop
  endfacet
  facet normal 0 -1 0
    outer loop
      vertex -50 0 -4.49094
      vertex -49.7832 0 -5.16928
      vertex -49.7005 0 -4.93828
    endloop
  endfacet
  facet normal 0 -1 0
    outer loop
      vertex -49.963 0 -5.43243
      vertex -49.7832 0 -5.16928
      vertex -50 0 -4.49094
    endloop
  endfacet
  facet normal 0 -1 0
    outer loop
      vertex -49.7832 0 -5.16928
      vertex -49.963 0 -5.43243
      vertex -49.8428 0 -5.40726
    endloop
  endfacet
  facet normal 0 -1 0
    outer loop
      vertex -49.963 0 -5.43243
      vertex -49.8788 0 -5.64995
      vertex -49.8428 0 -5.40726
    endloop
  endfacet
  facet normal 0 -1 0
    outer loop
      vertex -49.963 0 -5.43243
      vertex -49.8908 0 -5.89499
      vertex -49.8788 0 -5.64995
    endloop
  endfacet
  facet normal -0 -1 -0
    outer loop
      vertex -49.8908 0 -5.89499
      vertex -49.963 0 -5.43243
      vertex -49.8735 0 -6.18845
    endloop
  endfacet
  facet normal 0 -1 0
    outer loop
      vertex -25 0 7.855
      vertex -15 0 17.4909
      vertex -25 0 17.4909
    endloop
  endfacet
  facet normal 0 -1 -0
    outer loop
      vertex -15 0 17.4909
      vertex -25 0 7.855
      vertex -15 0 7.855
    endloop
  endfacet
  facet normal 0 -1 0
    outer loop
      vertex -0.759201 0 7.76365
      vertex -5 0 17.4909
      vertex -5 0 7.855
    endloop
  endfacet
  facet normal -0 -1 0
    outer loop
      vertex -0.534103 0 7.83193
      vertex -5 0 17.4909
      vertex -0.648331 0 7.80332
    endloop
  endfacet
  facet normal 0 -1 0
    outer loop
      vertex 15 0 7.855
      vertex 25 0 17.4909
      vertex 15 0 17.4909
    endloop
  endfacet
  facet normal 0 -1 -0
    outer loop
      vertex 25 0 17.4909
      vertex 15 0 7.855
      vertex 25 0 7.855
    endloop
  endfacet
  facet normal 0 -1 0
    outer loop
      vertex -35 0 7.855
      vertex -38 0 16.4909
      vertex -38.9415 0 16.4539
    endloop
  endfacet
  facet normal 0 -1 0
    outer loop
      vertex -35 0 7.855
      vertex -38.9415 0 16.4539
      vertex -39.8772 0 16.3432
    endloop
  endfacet
  facet normal 0 -1 0
    outer loop
      vertex -38 0 16.4909
      vertex -35 0 7.855
      vertex -36.9766 0 16.4909
    endloop
  endfacet
  facet normal 0 -1 0
    outer loop
      vertex -35 0 7.855
      vertex -39.8772 0 16.3432
      vertex -40.8013 0 16.1594
    endloop
  endfacet
  facet normal 0 -1 0
    outer loop
      vertex -35 0 7.855
      vertex -40.8013 0 16.1594
      vertex -41.7082 0 15.9036
    endloop
  endfacet
  facet normal 0 -1 0
    outer loop
      vertex -35 0 7.855
      vertex -41.7082 0 15.9036
      vertex -42.5922 0 15.5775
    endloop
  endfacet
  facet normal 0 -1 0
    outer loop
      vertex -36.9766 0 16.4909
      vertex -35 0 7.855
      vertex -35.5643 0 16.5464
    endloop
  endfacet
  facet normal 0 -1 0
    outer loop
      vertex -35 0 7.855
      vertex -42.5922 0 15.5775
      vertex -43.4479 0 15.183
    endloop
  endfacet
  facet normal 0 -1 0
    outer loop
      vertex -35 0 7.855
      vertex -43.4479 0 15.183
      vertex -44.27 0 14.7226
    endloop
  endfacet
  facet normal 0 -1 0
    outer loop
      vertex -35 0 7.855
      vertex -44.27 0 14.7226
      vertex -45.0534 0 14.1991
    endloop
  endfacet
  facet normal 0 -1 0
    outer loop
      vertex -35 0 7.855
      vertex -45.0534 0 14.1991
      vertex -45.7934 0 13.6158
    endloop
  endfacet
  facet normal 0 -1 0
    outer loop
      vertex -35 0 7.855
      vertex -45.7934 0 13.6158
      vertex -46.4853 0 12.9762
    endloop
  endfacet
  facet normal 0 -1 0
    outer loop
      vertex -35 0 7.855
      vertex -46.4853 0 12.9762
      vertex -47.1249 0 12.2843
    endloop
  endfacet
  facet normal 0 -1 0
    outer loop
      vertex -35 0 7.855
      vertex -47.1249 0 12.2843
      vertex -47.7082 0 11.5444
    endloop
  endfacet
  facet normal 0 -1 0
    outer loop
      vertex -35 0 7.855
      vertex -47.7082 0 11.5444
      vertex -48.2317 0 10.7609
    endloop
  endfacet
  facet normal 0 -1 0
    outer loop
      vertex -35 0 7.855
      vertex -48.2317 0 10.7609
      vertex -48.6921 0 9.93881
    endloop
  endfacet
  facet normal 0 -1 0
    outer loop
      vertex -35 0 7.855
      vertex -48.6921 0 9.93881
      vertex -49.0865 0 9.08313
    endloop
  endfacet
  facet normal 0 -1 0
    outer loop
      vertex -35 0 7.855
      vertex -49.0865 0 9.08313
      vertex -49.4127 0 8.19913
    endloop
  endfacet
  facet normal 0 -1 0
    outer loop
      vertex -35.5643 0 16.5464
      vertex -35 0 7.855
      vertex -35 0 16.6132
    endloop
  endfacet
  facet normal 0 -1 0
    outer loop
      vertex -8.4452 0 1.67417
      vertex -25 0 7.855
      vertex -35 0 7.855
    endloop
  endfacet
  facet normal 0 -1 0
    outer loop
      vertex -8.4452 0 1.67417
      vertex -15 0 7.855
      vertex -25 0 7.855
    endloop
  endfacet
  facet normal 0 -1 0
    outer loop
      vertex -8.4452 0 1.67417
      vertex -5 0 7.855
      vertex -15 0 7.855
    endloop
  endfacet
  facet normal 0 -1 0
    outer loop
      vertex -5 0 17.4909
      vertex -0.299263 0 7.85498
      vertex 5 0 17.4909
    endloop
  endfacet
  facet normal 0 -1 0
    outer loop
      vertex 0.299263 0 7.85498
      vertex 5 0 17.4909
      vertex -0.299263 0 7.85498
    endloop
  endfacet
  facet normal 0 -1 0
    outer loop
      vertex 0.299988 0 7.85498
      vertex 5 0 17.4909
      vertex 0.299263 0 7.85498
    endloop
  endfacet
  facet normal 0 -1 0
    outer loop
      vertex 0.417603 0 7.84922
      vertex 5 0 17.4909
      vertex 0.299988 0 7.85498
    endloop
  endfacet
  facet normal 0 -1 0
    outer loop
      vertex -0.299263 0 7.85498
      vertex -5 0 17.4909
      vertex -0.299988 0 7.85498
    endloop
  endfacet
  facet normal -0 -1 0
    outer loop
      vertex -0.299988 0 7.85498
      vertex -5 0 17.4909
      vertex -0.417603 0 7.84922
    endloop
  endfacet
  facet normal -0 -1 0
    outer loop
      vertex -0.417603 0 7.84922
      vertex -5 0 17.4909
      vertex -0.534103 0 7.83193
    endloop
  endfacet
  facet normal 0 -1 0
    outer loop
      vertex -5 0 17.4909
      vertex -0.759201 0 7.76365
      vertex -0.648331 0 7.80332
    endloop
  endfacet
  facet normal 0 -1 0
    outer loop
      vertex -5 0 7.855
      vertex -0.865662 0 7.71329
      vertex -0.759201 0 7.76365
    endloop
  endfacet
  facet normal 0 -1 0
    outer loop
      vertex -5 0 7.855
      vertex -0.966675 0 7.65274
      vertex -0.865662 0 7.71329
    endloop
  endfacet
  facet normal 0 -1 0
    outer loop
      vertex -5 0 7.855
      vertex -1.06126 0 7.5826
      vertex -0.966675 0 7.65274
    endloop
  endfacet
  facet normal 0 -1 0
    outer loop
      vertex -5 0 7.855
      vertex -1.14851 0 7.50351
      vertex -1.06126 0 7.5826
    endloop
  endfacet
  facet normal 0 -1 0
    outer loop
      vertex -5 0 7.855
      vertex -1.2276 0 7.41626
      vertex -1.14851 0 7.50351
    endloop
  endfacet
  facet normal 0 -1 0
    outer loop
      vertex -7.8548 0 1.67417
      vertex -5 0 7.855
      vertex -8.15 0 1.7
    endloop
  endfacet
  facet normal 0 -1 0
    outer loop
      vertex -49.6684 0 7.29227
      vertex -35 0 7.855
      vertex -49.4127 0 8.19913
    endloop
  endfacet
  facet normal 0 -1 0
    outer loop
      vertex -49.8522 0 6.36815
      vertex -35 0 7.855
      vertex -49.6684 0 7.29227
    endloop
  endfacet
  facet normal 0 -1 0
    outer loop
      vertex -5 0 7.855
      vertex -1.29774 0 7.32167
      vertex -1.2276 0 7.41626
    endloop
  endfacet
  facet normal 0 -1 0
    outer loop
      vertex -5 0 7.855
      vertex -1.35829 0 7.22066
      vertex -1.29774 0 7.32167
    endloop
  endfacet
  facet normal 0 -1 0
    outer loop
      vertex -5 0 7.855
      vertex -1.40865 0 7.1142
      vertex -1.35829 0 7.22066
    endloop
  endfacet
  facet normal 0 -1 0
    outer loop
      vertex -5 0 7.855
      vertex -1.44832 0 7.00333
      vertex -1.40865 0 7.1142
    endloop
  endfacet
  facet normal 0 -1 0
    outer loop
      vertex -5 0 7.855
      vertex -1.47693 0 6.8891
      vertex -1.44832 0 7.00333
    endloop
  endfacet
  facet normal 0 -1 0
    outer loop
      vertex -5 0 7.855
      vertex -1.49422 0 6.7726
      vertex -1.47693 0 6.8891
    endloop
  endfacet
  facet normal 0 -1 0
    outer loop
      vertex -49.963 0 5.43243
      vertex -35 0 7.855
      vertex -49.8522 0 6.36815
    endloop
  endfacet
  facet normal 0 -1 0
    outer loop
      vertex -35 0 7.855
      vertex -49.963 0 5.43243
      vertex -50 0 4.49094
    endloop
  endfacet
  facet normal 0 -1 0
    outer loop
      vertex -47.3908 0 -3.39499
      vertex -35 0 7.855
      vertex -50 0 4.49094
    endloop
  endfacet
  facet normal 0 -1 0
    outer loop
      vertex -7.56857 0 1.59748
      vertex -5 0 7.855
      vertex -7.8548 0 1.67417
    endloop
  endfacet
  facet normal 0 -1 0
    outer loop
      vertex -5 0 7.855
      vertex -1.49998 0 6.65499
      vertex -1.49422 0 6.7726
    endloop
  endfacet
  facet normal 0 -1 0
    outer loop
      vertex -7.3 0 1.47224
      vertex -5 0 7.855
      vertex -7.56857 0 1.59748
    endloop
  endfacet
  facet normal 0 -1 0
    outer loop
      vertex -7.05726 0 1.30227
      vertex -5 0 7.855
      vertex -7.3 0 1.47224
    endloop
  endfacet
  facet normal 0 -1 -0
    outer loop
      vertex -5 0 7.855
      vertex -7.05726 0 1.30227
      vertex -1.49998 0 6.65499
    endloop
  endfacet
  facet normal 0 -1 0
    outer loop
      vertex -6.84772 0 1.09274
      vertex -1.49998 0 6.65499
      vertex -7.05726 0 1.30227
    endloop
  endfacet
  facet normal 0 -1 0
    outer loop
      vertex -6.67776 0 0.849999
      vertex -1.49998 0 6.65499
      vertex -6.84772 0 1.09274
    endloop
  endfacet
  facet normal 0 -1 0
    outer loop
      vertex -6.55252 0 0.581433
      vertex -1.49998 0 6.65499
      vertex -6.67776 0 0.849999
    endloop
  endfacet
  facet normal 0 -1 0
    outer loop
      vertex -6.47583 0 0.295201
      vertex -1.49998 0 6.65499
      vertex -6.55252 0 0.581433
    endloop
  endfacet
  facet normal 0 -1 0
    outer loop
      vertex -6.45 0 0
      vertex -1.49998 0 6.65499
      vertex -6.47583 0 0.295201
    endloop
  endfacet
  facet normal 0 -1 0
    outer loop
      vertex -6.47583 0 -0.295201
      vertex -1.49998 0 6.65499
      vertex -6.45 0 0
    endloop
  endfacet
  facet normal 0 -1 0
    outer loop
      vertex -6.55252 0 -0.581433
      vertex -1.49998 0 6.65499
      vertex -6.47583 0 -0.295201
    endloop
  endfacet
  facet normal 0 -1 0
    outer loop
      vertex -1.49998 0 -20.945
      vertex -6.55252 0 -0.581433
      vertex -6.67776 0 -0.849999
    endloop
  endfacet
  facet normal 0 -1 0
    outer loop
      vertex -15.6671 0 -3.7906
      vertex -9.85 0 0
      vertex -15.8938 0 -3.69667
    endloop
  endfacet
  facet normal 0 -1 0
    outer loop
      vertex -15.4899 0 -3.87442
      vertex -9.85 0 0
      vertex -15.6671 0 -3.7906
    endloop
  endfacet
  facet normal 0 -1 -0
    outer loop
      vertex -9.85 0 0
      vertex -15.4899 0 -3.87442
      vertex -9.82417 0 -0.295201
    endloop
  endfacet
  facet normal 0 -1 0
    outer loop
      vertex -15.2737 0 -3.98997
      vertex -9.82417 0 -0.295201
      vertex -15.4899 0 -3.87442
    endloop
  endfacet
  facet normal 0 -1 0
    outer loop
      vertex -15.1058 0 -4.09062
      vertex -9.82417 0 -0.295201
      vertex -15.2737 0 -3.98997
    endloop
  endfacet
  facet normal 0 -1 -0
    outer loop
      vertex -9.82417 0 -0.295201
      vertex -15.1058 0 -4.09062
      vertex -9.74748 0 -0.581433
    endloop
  endfacet
  facet normal 0 -1 0
    outer loop
      vertex -14.9016 0 -4.22702
      vertex -9.74748 0 -0.581433
      vertex -15.1058 0 -4.09062
    endloop
  endfacet
  facet normal 0 -1 0
    outer loop
      vertex -14.7441 0 -4.34387
      vertex -9.74748 0 -0.581433
      vertex -14.9016 0 -4.22702
    endloop
  endfacet
  facet normal 0 -1 0
    outer loop
      vertex -14.5545 0 -4.4995
      vertex -9.74748 0 -0.581433
      vertex -14.7441 0 -4.34387
    endloop
  endfacet
  facet normal 0 -1 -0
    outer loop
      vertex -9.74748 0 -0.581433
      vertex -14.5545 0 -4.4995
      vertex -9.62224 0 -0.849999
    endloop
  endfacet
  facet normal 0 -1 0
    outer loop
      vertex -14.4094 0 -4.63097
      vertex -9.62224 0 -0.849999
      vertex -14.5545 0 -4.4995
    endloop
  endfacet
  facet normal 0 -1 0
    outer loop
      vertex -14.236 0 -4.8044
      vertex -9.62224 0 -0.849999
      vertex -14.4094 0 -4.63097
    endloop
  endfacet
  facet normal 0 -1 -0
    outer loop
      vertex -9.62224 0 -0.849999
      vertex -14.236 0 -4.8044
      vertex -9.45228 0 -1.09274
    endloop
  endfacet
  facet normal 0 -1 0
    outer loop
      vertex -14.1045 0 -4.94945
      vertex -9.45228 0 -1.09274
      vertex -14.236 0 -4.8044
    endloop
  endfacet
  facet normal 0 -1 0
    outer loop
      vertex -13.9489 0 -5.13907
      vertex -9.45228 0 -1.09274
      vertex -14.1045 0 -4.94945
    endloop
  endfacet
  facet normal 0 -1 -0
    outer loop
      vertex -9.45228 0 -1.09274
      vertex -13.9489 0 -5.13907
      vertex -9.24274 0 -1.30227
    endloop
  endfacet
  facet normal 0 -1 0
    outer loop
      vertex -13.832 0 -5.29662
      vertex -9.24274 0 -1.30227
      vertex -13.9489 0 -5.13907
    endloop
  endfacet
  facet normal 0 -1 0
    outer loop
      vertex -13.6956 0 -5.50076
      vertex -9.24274 0 -1.30227
      vertex -13.832 0 -5.29662
    endloop
  endfacet
  facet normal 0 -1 -0
    outer loop
      vertex -9.24274 0 -1.30227
      vertex -13.6956 0 -5.50076
      vertex -9 0 -1.47224
    endloop
  endfacet
  facet normal 0 -1 0
    outer loop
      vertex -13.595 0 -5.6687
      vertex -9 0 -1.47224
      vertex -13.6956 0 -5.50076
    endloop
  endfacet
  facet normal 0 -1 0
    outer loop
      vertex -13.508 0 -5.83143
      vertex -9 0 -1.47224
      vertex -13.595 0 -5.6687
    endloop
  endfacet
  facet normal 0 -1 -0
    outer loop
      vertex -9 0 -1.47224
      vertex -13.508 0 -5.83143
      vertex -8.73143 0 -1.59748
    endloop
  endfacet
  facet normal 0 -1 -0
    outer loop
      vertex -8.73143 0 -1.59748
      vertex -13.508 0 -5.83143
      vertex -8.4452 0 -1.67417
    endloop
  endfacet
  facet normal 0 -1 -0
    outer loop
      vertex -8.4452 0 -1.67417
      vertex -13.508 0 -5.83143
      vertex -8.15 0 -1.7
    endloop
  endfacet
  facet normal 0 -1 -0
    outer loop
      vertex -8.15 0 -1.7
      vertex -13.508 0 -5.83143
      vertex -7.8548 0 -1.67417
    endloop
  endfacet
  facet normal 0 -1 0
    outer loop
      vertex -13 0 -16.6467
      vertex -7.8548 0 -1.67417
      vertex -13.508 0 -5.83143
    endloop
  endfacet
  facet normal 0 -1 -0
    outer loop
      vertex -7.8548 0 -1.67417
      vertex -13 0 -16.6467
      vertex -7.56857 0 -1.59748
    endloop
  endfacet
  facet normal 0 -1 0
    outer loop
      vertex -1.49998 0 -20.945
      vertex -7.56857 0 -1.59748
      vertex -13 0 -16.6467
    endloop
  endfacet
  facet normal 0 -1 0
    outer loop
      vertex -13 0 -16.6467
      vertex -13.508 0 -5.83143
      vertex -13.9089 0 -6.27377
    endloop
  endfacet
  facet normal 0 -1 0
    outer loop
      vertex -13 0 -16.6467
      vertex -13.9089 0 -6.27377
      vertex -14.3444 0 -6.861
    endloop
  endfacet
  facet normal 0 -1 0
    outer loop
      vertex -13 0 -16.6467
      vertex -14.3444 0 -6.861
      vertex -14.7203 0 -7.48809
    endloop
  endfacet
  facet normal 0 -1 0
    outer loop
      vertex -13 0 -16.6467
      vertex -14.7203 0 -7.48809
      vertex -15.0329 0 -8.14901
    endloop
  endfacet
  facet normal 0 -1 0
    outer loop
      vertex -13 0 -16.6467
      vertex -15.0329 0 -8.14901
      vertex -15.2792 0 -8.83738
    endloop
  endfacet
  facet normal 0 -1 0
    outer loop
      vertex -13 0 -16.6467
      vertex -15.2792 0 -8.83738
      vertex -15.4569 0 -9.54658
    endloop
  endfacet
  facet normal 0 -1 0
    outer loop
      vertex -13 0 -16.6467
      vertex -15.4569 0 -9.54658
      vertex -15.5641 0 -10.2698
    endloop
  endfacet
  facet normal 0 -1 0
    outer loop
      vertex -7.56857 0 -1.59748
      vertex -1.49998 0 -20.945
      vertex -7.3 0 -1.47224
    endloop
  endfacet
  facet normal 0 -1 0
    outer loop
      vertex -13 0 -16.6467
      vertex -15.5641 0 -10.2698
      vertex -15.6 0 -11
    endloop
  endfacet
  facet normal 0 -1 0
    outer loop
      vertex -13 0 -16.6467
      vertex -15.6 0 -11
      vertex -15.5641 0 -11.7302
    endloop
  endfacet
  facet normal 0 -1 0
    outer loop
      vertex -13 0 -16.6467
      vertex -15.5641 0 -11.7302
      vertex -15.4569 0 -12.4534
    endloop
  endfacet
  facet normal 0 -1 0
    outer loop
      vertex -13 0 -16.6467
      vertex -15.4569 0 -12.4534
      vertex -15.2792 0 -13.1626
    endloop
  endfacet
  facet normal 0 -1 0
    outer loop
      vertex -7.3 0 -1.47224
      vertex -1.49998 0 -20.945
      vertex -7.05726 0 -1.30227
    endloop
  endfacet
  facet normal 0 -1 0
    outer loop
      vertex -13 0 -16.6467
      vertex -15.2792 0 -13.1626
      vertex -15.0329 0 -13.851
    endloop
  endfacet
  facet normal 0 -1 0
    outer loop
      vertex -7.05726 0 -1.30227
      vertex -1.49998 0 -20.945
      vertex -6.84772 0 -1.09274
    endloop
  endfacet
  facet normal 0 -1 0
    outer loop
      vertex -13 0 -16.6467
      vertex -15.0329 0 -13.851
      vertex -14.7203 0 -14.5119
    endloop
  endfacet
  facet normal 0 -1 0
    outer loop
      vertex -13 0 -16.6467
      vertex -14.7203 0 -14.5119
      vertex -14.3444 0 -15.139
    endloop
  endfacet
  facet normal 0 -1 0
    outer loop
      vertex -13 0 -16.6467
      vertex -14.3444 0 -15.139
      vertex -13.9089 0 -15.7262
    endloop
  endfacet
  facet normal 0 -1 0
    outer loop
      vertex -13 0 -16.6467
      vertex -13.9089 0 -15.7262
      vertex -13.4179 0 -16.2679
    endloop
  endfacet
  facet normal 0 -1 0
    outer loop
      vertex -6.84772 0 -1.09274
      vertex -1.49998 0 -20.945
      vertex -6.67776 0 -0.849999
    endloop
  endfacet
  facet normal 0 -1 0
    outer loop
      vertex -6.55252 0 -0.581433
      vertex -1.49998 0 -20.945
      vertex -1.49998 0 6.65499
    endloop
  endfacet
  facet normal 0 -1 0
    outer loop
      vertex -13 0 -16.6467
      vertex -1.49422 0 -21.0626
      vertex -1.49998 0 -20.945
    endloop
  endfacet
  facet normal 0 -1 0
    outer loop
      vertex -13 0 -16.6467
      vertex -1.47693 0 -21.1791
      vertex -1.49422 0 -21.0626
    endloop
  endfacet
  facet normal 0 -1 0
    outer loop
      vertex -13 0 -16.6467
      vertex -1.44832 0 -21.2933
      vertex -1.47693 0 -21.1791
    endloop
  endfacet
  facet normal 0 -1 0
    outer loop
      vertex -13 0 -16.6467
      vertex -1.40865 0 -21.4042
      vertex -1.44832 0 -21.2933
    endloop
  endfacet
  facet normal 0 -1 0
    outer loop
      vertex -13 0 -16.6467
      vertex -1.35829 0 -21.5107
      vertex -1.40865 0 -21.4042
    endloop
  endfacet
  facet normal 0 -1 0
    outer loop
      vertex -13 0 -16.6467
      vertex -1.29774 0 -21.6117
      vertex -1.35829 0 -21.5107
    endloop
  endfacet
  facet normal 0 -1 0
    outer loop
      vertex -13 0 -16.6467
      vertex -1.2276 0 -21.7063
      vertex -1.29774 0 -21.6117
    endloop
  endfacet
  facet normal 0 -1 0
    outer loop
      vertex -13 0 -42.1806
      vertex -1.2276 0 -21.7063
      vertex -13 0 -16.6467
    endloop
  endfacet
  facet normal 0 -1 -0
    outer loop
      vertex -1.2276 0 -21.7063
      vertex -13 0 -42.1806
      vertex -1.14851 0 -21.7935
    endloop
  endfacet
  facet normal 0 -1 -0
    outer loop
      vertex -1.14851 0 -21.7935
      vertex -13 0 -42.1806
      vertex -1.06126 0 -21.8726
    endloop
  endfacet
  facet normal 0 -1 -0
    outer loop
      vertex -1.06126 0 -21.8726
      vertex -13 0 -42.1806
      vertex -0.966675 0 -21.9427
    endloop
  endfacet
  facet normal 0 -1 -0
    outer loop
      vertex -0.966675 0 -21.9427
      vertex -13 0 -42.1806
      vertex -0.865662 0 -22.0033
    endloop
  endfacet
  facet normal 0 -1 0
    outer loop
      vertex -13 0 -42.1806
      vertex -0.299263 0 -22.145
      vertex -0.299988 0 -22.145
    endloop
  endfacet
  facet normal 0 -1 -0
    outer loop
      vertex -0.299263 0 -22.145
      vertex -13 0 -42.1806
      vertex 0.299263 0 -22.145
    endloop
  endfacet
  facet normal 0 -1 0
    outer loop
      vertex 13 0 -42.1806
      vertex 0.299263 0 -22.145
      vertex -13 0 -42.1806
    endloop
  endfacet
  facet normal 0 -1 -0
    outer loop
      vertex -0.417603 0 -22.1392
      vertex -13 0 -42.1806
      vertex -0.299988 0 -22.145
    endloop
  endfacet
  facet normal 0 -1 -0
    outer loop
      vertex -0.534103 0 -22.1219
      vertex -13 0 -42.1806
      vertex -0.417603 0 -22.1392
    endloop
  endfacet
  facet normal 0 -1 -0
    outer loop
      vertex -0.648331 0 -22.0933
      vertex -13 0 -42.1806
      vertex -0.534103 0 -22.1219
    endloop
  endfacet
  facet normal 0 -1 -0
    outer loop
      vertex -0.759201 0 -22.0536
      vertex -13 0 -42.1806
      vertex -0.648331 0 -22.0933
    endloop
  endfacet
  facet normal 0 -1 -0
    outer loop
      vertex -0.865662 0 -22.0033
      vertex -13 0 -42.1806
      vertex -0.759201 0 -22.0536
    endloop
  endfacet
  facet normal 0 -1 0
    outer loop
      vertex 35 0 7.855
      vertex 38 0 16.4909
      vertex 36.9766 0 16.4909
    endloop
  endfacet
  facet normal 0 -1 -0
    outer loop
      vertex 38 0 16.4909
      vertex 35 0 7.855
      vertex 38.9415 0 16.4539
    endloop
  endfacet
  facet normal 0 -1 0
    outer loop
      vertex 35 0 7.855
      vertex 36.9766 0 16.4909
      vertex 35.5643 0 16.5464
    endloop
  endfacet
  facet normal 0 -1 -0
    outer loop
      vertex 38.9415 0 16.4539
      vertex 35 0 7.855
      vertex 39.8772 0 16.3432
    endloop
  endfacet
  facet normal 0 -1 -0
    outer loop
      vertex 39.8772 0 16.3432
      vertex 35 0 7.855
      vertex 40.8013 0 16.1594
    endloop
  endfacet
  facet normal 0 -1 -0
    outer loop
      vertex 40.8013 0 16.1594
      vertex 35 0 7.855
      vertex 41.7082 0 15.9036
    endloop
  endfacet
  facet normal 0 -1 0
    outer loop
      vertex 35 0 7.855
      vertex 35.5643 0 16.5464
      vertex 35 0 16.6132
    endloop
  endfacet
  facet normal 0 -1 -0
    outer loop
      vertex 41.7082 0 15.9036
      vertex 35 0 7.855
      vertex 42.5922 0 15.5775
    endloop
  endfacet
  facet normal 0 -1 -0
    outer loop
      vertex 42.5922 0 15.5775
      vertex 35 0 7.855
      vertex 43.4479 0 15.183
    endloop
  endfacet
  facet normal 0 -1 -0
    outer loop
      vertex 43.4479 0 15.183
      vertex 35 0 7.855
      vertex 44.27 0 14.7226
    endloop
  endfacet
  facet normal 0 -1 -0
    outer loop
      vertex 44.27 0 14.7226
      vertex 35 0 7.855
      vertex 45.0534 0 14.1991
    endloop
  endfacet
  facet normal 0 -1 -0
    outer loop
      vertex 45.0534 0 14.1991
      vertex 35 0 7.855
      vertex 45.7934 0 13.6158
    endloop
  endfacet
  facet normal 0 -1 -0
    outer loop
      vertex 45.7934 0 13.6158
      vertex 35 0 7.855
      vertex 46.4853 0 12.9762
    endloop
  endfacet
  facet normal 0 -1 -0
    outer loop
      vertex 46.4853 0 12.9762
      vertex 35 0 7.855
      vertex 47.1249 0 12.2843
    endloop
  endfacet
  facet normal 0 -1 -0
    outer loop
      vertex 47.1249 0 12.2843
      vertex 35 0 7.855
      vertex 47.7082 0 11.5444
    endloop
  endfacet
  facet normal 0 -1 -0
    outer loop
      vertex 47.7082 0 11.5444
      vertex 35 0 7.855
      vertex 48.2317 0 10.7609
    endloop
  endfacet
  facet normal 0 -1 -0
    outer loop
      vertex 48.2317 0 10.7609
      vertex 35 0 7.855
      vertex 48.6921 0 9.93881
    endloop
  endfacet
  facet normal 0 -1 -0
    outer loop
      vertex 48.6921 0 9.93881
      vertex 35 0 7.855
      vertex 49.0865 0 9.08313
    endloop
  endfacet
  facet normal 0 -1 -0
    outer loop
      vertex 49.0865 0 9.08313
      vertex 35 0 7.855
      vertex 49.4127 0 8.19913
    endloop
  endfacet
  facet normal 0 -1 0
    outer loop
      vertex 0.534103 0 7.83193
      vertex 5 0 17.4909
      vertex 0.417603 0 7.84922
    endloop
  endfacet
  facet normal 0 -1 0
    outer loop
      vertex 0.648331 0 7.80332
      vertex 5 0 17.4909
      vertex 0.534103 0 7.83193
    endloop
  endfacet
  facet normal 0 -1 0
    outer loop
      vertex 0.759201 0 7.76365
      vertex 5 0 17.4909
      vertex 0.648331 0 7.80332
    endloop
  endfacet
  facet normal 0 -1 -0
    outer loop
      vertex 5 0 17.4909
      vertex 0.759201 0 7.76365
      vertex 5 0 7.855
    endloop
  endfacet
  facet normal 0 -1 0
    outer loop
      vertex 0.865662 0 7.71329
      vertex 5 0 7.855
      vertex 0.759201 0 7.76365
    endloop
  endfacet
  facet normal 0 -1 0
    outer loop
      vertex 0.966675 0 7.65274
      vertex 5 0 7.855
      vertex 0.865662 0 7.71329
    endloop
  endfacet
  facet normal 0 -1 0
    outer loop
      vertex 1.06126 0 7.5826
      vertex 5 0 7.855
      vertex 0.966675 0 7.65274
    endloop
  endfacet
  facet normal 0 -1 0
    outer loop
      vertex 1.14851 0 7.50351
      vertex 5 0 7.855
      vertex 1.06126 0 7.5826
    endloop
  endfacet
  facet normal 0 -1 0
    outer loop
      vertex 1.2276 0 7.41626
      vertex 5 0 7.855
      vertex 1.14851 0 7.50351
    endloop
  endfacet
  facet normal 0 -1 0
    outer loop
      vertex 1.29774 0 7.32167
      vertex 5 0 7.855
      vertex 1.2276 0 7.41626
    endloop
  endfacet
  facet normal 0 -1 0
    outer loop
      vertex 1.35829 0 7.22066
      vertex 5 0 7.855
      vertex 1.29774 0 7.32167
    endloop
  endfacet
  facet normal 0 -1 0
    outer loop
      vertex 1.40865 0 7.1142
      vertex 5 0 7.855
      vertex 1.35829 0 7.22066
    endloop
  endfacet
  facet normal 0 -1 0
    outer loop
      vertex 8.7 0 1.47224
      vertex 15 0 7.855
      vertex 8.43143 0 1.59748
    endloop
  endfacet
  facet normal 0 -1 0
    outer loop
      vertex 35 0 7.855
      vertex 49.6684 0 7.29227
      vertex 49.4127 0 8.19913
    endloop
  endfacet
  facet normal 0 -1 0
    outer loop
      vertex 9.15228 0 1.09274
      vertex 15 0 7.855
      vertex 8.94274 0 1.30227
    endloop
  endfacet
  facet normal 0 -1 0
    outer loop
      vertex 1.44832 0 7.00333
      vertex 5 0 7.855
      vertex 1.40865 0 7.1142
    endloop
  endfacet
  facet normal 0 -1 0
    outer loop
      vertex 1.47693 0 6.8891
      vertex 5 0 7.855
      vertex 1.44832 0 7.00333
    endloop
  endfacet
  facet normal 0 -1 0
    outer loop
      vertex 8.1452 0 1.67417
      vertex 5 0 7.855
      vertex 7.85 0 1.7
    endloop
  endfacet
  facet normal 0 -1 0
    outer loop
      vertex 1.49422 0 6.7726
      vertex 5 0 7.855
      vertex 1.47693 0 6.8891
    endloop
  endfacet
  facet normal 0 -1 0
    outer loop
      vertex 1.49998 0 6.65499
      vertex 5 0 7.855
      vertex 1.49422 0 6.7726
    endloop
  endfacet
  facet normal 0 -1 0
    outer loop
      vertex 6.75726 0 1.30227
      vertex 5 0 7.855
      vertex 1.49998 0 6.65499
    endloop
  endfacet
  facet normal 0 -1 0
    outer loop
      vertex 9.32224 0 0.849999
      vertex 15 0 7.855
      vertex 9.15228 0 1.09274
    endloop
  endfacet
  facet normal 0 -1 0
    outer loop
      vertex 9.44748 0 0.581433
      vertex 15 0 7.855
      vertex 9.32224 0 0.849999
    endloop
  endfacet
  facet normal 0 -1 0
    outer loop
      vertex 47.3908 0 -3.39499
      vertex 35 0 7.855
      vertex 17.5737 0 -3.39499
    endloop
  endfacet
  facet normal 0 -1 0
    outer loop
      vertex 8.43143 0 1.59748
      vertex 5 0 7.855
      vertex 8.1452 0 1.67417
    endloop
  endfacet
  facet normal 0 -1 0
    outer loop
      vertex 5 0 7.855
      vertex 7.5548 0 1.67417
      vertex 7.85 0 1.7
    endloop
  endfacet
  facet normal 0 -1 0
    outer loop
      vertex 5 0 7.855
      vertex 7.26857 0 1.59748
      vertex 7.5548 0 1.67417
    endloop
  endfacet
  facet normal 0 -1 0
    outer loop
      vertex 5 0 7.855
      vertex 7 0 1.47224
      vertex 7.26857 0 1.59748
    endloop
  endfacet
  facet normal 0 -1 0
    outer loop
      vertex 5 0 7.855
      vertex 6.75726 0 1.30227
      vertex 7 0 1.47224
    endloop
  endfacet
  facet normal 0 -1 0
    outer loop
      vertex 1.49998 0 6.65499
      vertex 6.54772 0 1.09274
      vertex 6.75726 0 1.30227
    endloop
  endfacet
  facet normal 0 -1 0
    outer loop
      vertex 1.49998 0 6.65499
      vertex 6.37776 0 0.849999
      vertex 6.54772 0 1.09274
    endloop
  endfacet
  facet normal 0 -1 0
    outer loop
      vertex 1.49998 0 6.65499
      vertex 6.25252 0 0.581433
      vertex 6.37776 0 0.849999
    endloop
  endfacet
  facet normal 0 -1 0
    outer loop
      vertex 1.49998 0 6.65499
      vertex 6.17583 0 0.295201
      vertex 6.25252 0 0.581433
    endloop
  endfacet
  facet normal 0 -1 0
    outer loop
      vertex 1.49998 0 6.65499
      vertex 6.15 0 0
      vertex 6.17583 0 0.295201
    endloop
  endfacet
  facet normal 0 -1 0
    outer loop
      vertex 1.49998 0 6.65499
      vertex 6.17583 0 -0.295201
      vertex 6.15 0 0
    endloop
  endfacet
  facet normal 0 -1 0
    outer loop
      vertex 1.49998 0 6.65499
      vertex 6.25252 0 -0.581433
      vertex 6.17583 0 -0.295201
    endloop
  endfacet
  facet normal 0 -1 0
    outer loop
      vertex 1.49998 0 -20.945
      vertex 6.25252 0 -0.581433
      vertex 1.49998 0 6.65499
    endloop
  endfacet
  facet normal 0 -1 0
    outer loop
      vertex 13.403 0 -6.04654
      vertex 7.85 0 -1.7
      vertex 7.5548 0 -1.67417
    endloop
  endfacet
  facet normal 0 -1 0
    outer loop
      vertex 7.85 0 -1.7
      vertex 17.4512 0 -3.39799
      vertex 17.5737 0 -3.39499
    endloop
  endfacet
  facet normal 0 -1 0
    outer loop
      vertex 7.85 0 -1.7
      vertex 17.1817 0 -3.41122
      vertex 17.4512 0 -3.39799
    endloop
  endfacet
  facet normal 0 -1 0
    outer loop
      vertex 7.85 0 -1.7
      vertex 16.9374 0 -3.43529
      vertex 17.1817 0 -3.41122
    endloop
  endfacet
  facet normal 0 -1 0
    outer loop
      vertex 7.85 0 -1.7
      vertex 16.7436 0 -3.46404
      vertex 16.9374 0 -3.43529
    endloop
  endfacet
  facet normal 0 -1 0
    outer loop
      vertex 7.85 0 -1.7
      vertex 16.5031 0 -3.51187
      vertex 16.7436 0 -3.46404
    endloop
  endfacet
  facet normal 0 -1 0
    outer loop
      vertex 7.85 0 -1.7
      vertex 16.313 0 -3.55948
      vertex 16.5031 0 -3.51187
    endloop
  endfacet
  facet normal 0 -1 0
    outer loop
      vertex 7.85 0 -1.7
      vertex 16.0782 0 -3.63071
      vertex 16.313 0 -3.55948
    endloop
  endfacet
  facet normal 0 -1 0
    outer loop
      vertex 7.85 0 -1.7
      vertex 15.8938 0 -3.69667
      vertex 16.0782 0 -3.63071
    endloop
  endfacet
  facet normal 0 -1 0
    outer loop
      vertex 7.85 0 -1.7
      vertex 15.6671 0 -3.7906
      vertex 15.8938 0 -3.69667
    endloop
  endfacet
  facet normal 0 -1 0
    outer loop
      vertex 7.85 0 -1.7
      vertex 15.4899 0 -3.87442
      vertex 15.6671 0 -3.7906
    endloop
  endfacet
  facet normal 0 -1 0
    outer loop
      vertex 13 0 -16.3748
      vertex 7.5548 0 -1.67417
      vertex 7.26857 0 -1.59748
    endloop
  endfacet
  facet normal 0 -1 0
    outer loop
      vertex 7.85 0 -1.7
      vertex 15.2737 0 -3.98997
      vertex 15.4899 0 -3.87442
    endloop
  endfacet
  facet normal 0 -1 0
    outer loop
      vertex 7.85 0 -1.7
      vertex 15.1058 0 -4.09062
      vertex 15.2737 0 -3.98997
    endloop
  endfacet
  facet normal 0 -1 0
    outer loop
      vertex 7.85 0 -1.7
      vertex 14.9016 0 -4.22702
      vertex 15.1058 0 -4.09062
    endloop
  endfacet
  facet normal 0 -1 0
    outer loop
      vertex 7.85 0 -1.7
      vertex 14.7441 0 -4.34387
      vertex 14.9016 0 -4.22702
    endloop
  endfacet
  facet normal 0 -1 0
    outer loop
      vertex 7.85 0 -1.7
      vertex 14.5545 0 -4.4995
      vertex 14.7441 0 -4.34387
    endloop
  endfacet
  facet normal 0 -1 0
    outer loop
      vertex 7.85 0 -1.7
      vertex 14.4094 0 -4.63097
      vertex 14.5545 0 -4.4995
    endloop
  endfacet
  facet normal 0 -1 0
    outer loop
      vertex 7.85 0 -1.7
      vertex 14.236 0 -4.8044
      vertex 14.4094 0 -4.63097
    endloop
  endfacet
  facet normal 0 -1 0
    outer loop
      vertex 7.85 0 -1.7
      vertex 14.1045 0 -4.94945
      vertex 14.236 0 -4.8044
    endloop
  endfacet
  facet normal 0 -1 0
    outer loop
      vertex 1.49998 0 -20.945
      vertex 7.26857 0 -1.59748
      vertex 7 0 -1.47224
    endloop
  endfacet
  facet normal 0 -1 0
    outer loop
      vertex 7.85 0 -1.7
      vertex 13.9489 0 -5.13907
      vertex 14.1045 0 -4.94945
    endloop
  endfacet
  facet normal 0 -1 0
    outer loop
      vertex 7.85 0 -1.7
      vertex 13.832 0 -5.29662
      vertex 13.9489 0 -5.13907
    endloop
  endfacet
  facet normal 0 -1 0
    outer loop
      vertex 7.85 0 -1.7
      vertex 13.6956 0 -5.50076
      vertex 13.832 0 -5.29662
    endloop
  endfacet
  facet normal 0 -1 0
    outer loop
      vertex 7.85 0 -1.7
      vertex 13.595 0 -5.6687
      vertex 13.6956 0 -5.50076
    endloop
  endfacet
  facet normal 0 -1 0
    outer loop
      vertex 7.85 0 -1.7
      vertex 13.4794 0 -5.8849
      vertex 13.595 0 -5.6687
    endloop
  endfacet
  facet normal 0 -1 0
    outer loop
      vertex 7.85 0 -1.7
      vertex 13.403 0 -6.04654
      vertex 13.4794 0 -5.8849
    endloop
  endfacet
  facet normal 0 -1 0
    outer loop
      vertex 1.49998 0 -20.945
      vertex 7 0 -1.47224
      vertex 6.75726 0 -1.30227
    endloop
  endfacet
  facet normal 0 -1 0
    outer loop
      vertex 7.5548 0 -1.67417
      vertex 13 0 -16.3748
      vertex 13.403 0 -6.04654
    endloop
  endfacet
  facet normal -0 -1 0
    outer loop
      vertex 14.0444 0 -6.861
      vertex 13.403 0 -6.04654
      vertex 13 0 -16.3748
    endloop
  endfacet
  facet normal 0 -1 0
    outer loop
      vertex 13.403 0 -6.04654
      vertex 14.0444 0 -6.861
      vertex 13.6089 0 -6.27377
    endloop
  endfacet
  facet normal 0 -1 -0
    outer loop
      vertex 14.0444 0 -6.861
      vertex 13 0 -16.3748
      vertex 14.4203 0 -7.48809
    endloop
  endfacet
  facet normal 0 -1 -0
    outer loop
      vertex 14.4203 0 -7.48809
      vertex 13 0 -16.3748
      vertex 14.7329 0 -8.14901
    endloop
  endfacet
  facet normal 0 -1 -0
    outer loop
      vertex 14.7329 0 -8.14901
      vertex 13 0 -16.3748
      vertex 14.9792 0 -8.83738
    endloop
  endfacet
  facet normal 0 -1 -0
    outer loop
      vertex 14.9792 0 -8.83738
      vertex 13 0 -16.3748
      vertex 15.1568 0 -9.54658
    endloop
  endfacet
  facet normal 0 -1 0
    outer loop
      vertex 1.49998 0 -20.945
      vertex 6.75726 0 -1.30227
      vertex 6.54772 0 -1.09274
    endloop
  endfacet
  facet normal 0 -1 -0
    outer loop
      vertex 15.1568 0 -9.54658
      vertex 13 0 -16.3748
      vertex 15.2641 0 -10.2698
    endloop
  endfacet
  facet normal 0 -1 -0
    outer loop
      vertex 15.2641 0 -10.2698
      vertex 13 0 -16.3748
      vertex 15.3 0 -11
    endloop
  endfacet
  facet normal 0 -1 0
    outer loop
      vertex 15.3 0 -11
      vertex 13 0 -16.3748
      vertex 15.2641 0 -11.7302
    endloop
  endfacet
  facet normal 0 -1 0
    outer loop
      vertex 15.2641 0 -11.7302
      vertex 13 0 -16.3748
      vertex 15.1568 0 -12.4534
    endloop
  endfacet
  facet normal 0 -1 0
    outer loop
      vertex 1.49998 0 -20.945
      vertex 6.54772 0 -1.09274
      vertex 6.37776 0 -0.849999
    endloop
  endfacet
  facet normal 0 -1 0
    outer loop
      vertex 15.1568 0 -12.4534
      vertex 13 0 -16.3748
      vertex 14.9792 0 -13.1626
    endloop
  endfacet
  facet normal 0 -1 -0
    outer loop
      vertex 6.25252 0 -0.581433
      vertex 1.49998 0 -20.945
      vertex 6.37776 0 -0.849999
    endloop
  endfacet
  facet normal 0 -1 -0
    outer loop
      vertex 7.26857 0 -1.59748
      vertex 1.49998 0 -20.945
      vertex 13 0 -16.3748
    endloop
  endfacet
  facet normal 0 -1 0
    outer loop
      vertex 14.7329 0 -13.851
      vertex 13 0 -16.3748
      vertex 14.4203 0 -14.5119
    endloop
  endfacet
  facet normal 0 -1 0
    outer loop
      vertex 14.4203 0 -14.5119
      vertex 13 0 -16.3748
      vertex 14.0444 0 -15.139
    endloop
  endfacet
  facet normal 0 -1 0
    outer loop
      vertex 14.0444 0 -15.139
      vertex 13 0 -16.3748
      vertex 13.6089 0 -15.7262
    endloop
  endfacet
  facet normal 0 -1 0
    outer loop
      vertex 13.6089 0 -15.7262
      vertex 13 0 -16.3748
      vertex 13.1179 0 -16.2679
    endloop
  endfacet
  facet normal 0 -1 0
    outer loop
      vertex 14.9792 0 -13.1626
      vertex 13 0 -16.3748
      vertex 14.7329 0 -13.851
    endloop
  endfacet
  facet normal 0 -1 0
    outer loop
      vertex 1.49422 0 -21.0626
      vertex 13 0 -16.3748
      vertex 1.49998 0 -20.945
    endloop
  endfacet
  facet normal 0 -1 0
    outer loop
      vertex 1.47693 0 -21.1791
      vertex 13 0 -16.3748
      vertex 1.49422 0 -21.0626
    endloop
  endfacet
  facet normal 0 -1 0
    outer loop
      vertex 1.44832 0 -21.2933
      vertex 13 0 -16.3748
      vertex 1.47693 0 -21.1791
    endloop
  endfacet
  facet normal 0 -1 0
    outer loop
      vertex 1.40865 0 -21.4042
      vertex 13 0 -16.3748
      vertex 1.44832 0 -21.2933
    endloop
  endfacet
  facet normal 0 -1 0
    outer loop
      vertex 1.35829 0 -21.5107
      vertex 13 0 -16.3748
      vertex 1.40865 0 -21.4042
    endloop
  endfacet
  facet normal 0 -1 0
    outer loop
      vertex 1.29774 0 -21.6117
      vertex 13 0 -16.3748
      vertex 1.35829 0 -21.5107
    endloop
  endfacet
  facet normal 0 -1 0
    outer loop
      vertex 1.2276 0 -21.7063
      vertex 13 0 -16.3748
      vertex 1.29774 0 -21.6117
    endloop
  endfacet
  facet normal 0 -1 0
    outer loop
      vertex 13 0 -42.1806
      vertex 1.2276 0 -21.7063
      vertex 1.14851 0 -21.7935
    endloop
  endfacet
  facet normal 0 -1 0
    outer loop
      vertex 13 0 -42.1806
      vertex 1.14851 0 -21.7935
      vertex 1.06126 0 -21.8726
    endloop
  endfacet
  facet normal 0 -1 0
    outer loop
      vertex 13 0 -42.1806
      vertex 1.06126 0 -21.8726
      vertex 0.966675 0 -21.9427
    endloop
  endfacet
  facet normal 0 -1 0
    outer loop
      vertex 13 0 -42.1806
      vertex 0.966675 0 -21.9427
      vertex 0.865662 0 -22.0033
    endloop
  endfacet
  facet normal 0 -1 0
    outer loop
      vertex 13 0 -42.1806
      vertex 0.865662 0 -22.0033
      vertex 0.759201 0 -22.0536
    endloop
  endfacet
  facet normal 0 -1 0
    outer loop
      vertex 0.299263 0 -22.145
      vertex 13 0 -42.1806
      vertex 0.299988 0 -22.145
    endloop
  endfacet
  facet normal 0 -1 0
    outer loop
      vertex 0.299988 0 -22.145
      vertex 13 0 -42.1806
      vertex 0.417603 0 -22.1392
    endloop
  endfacet
  facet normal 0 -1 0
    outer loop
      vertex 0.417603 0 -22.1392
      vertex 13 0 -42.1806
      vertex 0.534103 0 -22.1219
    endloop
  endfacet
  facet normal 0 -1 0
    outer loop
      vertex 0.534103 0 -22.1219
      vertex 13 0 -42.1806
      vertex 0.648331 0 -22.0933
    endloop
  endfacet
  facet normal 0 -1 0
    outer loop
      vertex 0.648331 0 -22.0933
      vertex 13 0 -42.1806
      vertex 0.759201 0 -22.0536
    endloop
  endfacet
  facet normal 0 -1 0
    outer loop
      vertex 1.2276 0 -21.7063
      vertex 13 0 -42.1806
      vertex 13 0 -16.3748
    endloop
  endfacet
  facet normal 0 -1 0
    outer loop
      vertex -6.97656 0 -50
      vertex -13 0 -42.1806
      vertex -13.0043 0 -42.3277
    endloop
  endfacet
  facet normal 0 -1 0
    outer loop
      vertex -13 0 -42.1806
      vertex -6.97656 0 -50
      vertex 13 0 -42.1806
    endloop
  endfacet
  facet normal 0 -1 0
    outer loop
      vertex -6.97656 0 -50
      vertex -13.0043 0 -42.3277
      vertex -13.0308 0 -42.5717
    endloop
  endfacet
  facet normal 0 -1 0
    outer loop
      vertex 6.97656 0 -50
      vertex 13 0 -42.1806
      vertex -6.97656 0 -50
    endloop
  endfacet
  facet normal 0 -1 0
    outer loop
      vertex -6.97656 0 -50
      vertex -13.0308 0 -42.5717
      vertex -13.081 0 -42.8118
    endloop
  endfacet
  facet normal 0 -1 -0
    outer loop
      vertex 13 0 -42.1806
      vertex 6.97656 0 -50
      vertex 13.012 0 -42.4256
    endloop
  endfacet
  facet normal 0 -1 0
    outer loop
      vertex -6.97656 0 -50
      vertex -13.081 0 -42.8118
      vertex -13.1545 0 -43.0459
    endloop
  endfacet
  facet normal 0 -1 -0
    outer loop
      vertex 13.012 0 -42.4256
      vertex 6.97656 0 -50
      vertex 13.048 0 -42.6683
    endloop
  endfacet
  facet normal 0 -1 0
    outer loop
      vertex -6.97656 0 -50
      vertex -13.1545 0 -43.0459
      vertex -13.2506 0 -43.2716
    endloop
  endfacet
  facet normal -0 -1 0
    outer loop
      vertex 7.91806 0 -49.963
      vertex 13.048 0 -42.6683
      vertex 6.97656 0 -50
    endloop
  endfacet
  facet normal 0 -1 0
    outer loop
      vertex -6.97656 0 -50
      vertex -13.2506 0 -43.2716
      vertex -13.3684 0 -43.4868
    endloop
  endfacet
  facet normal 0 -1 -0
    outer loop
      vertex 13.048 0 -42.6683
      vertex 7.91806 0 -49.963
      vertex 13.1077 0 -42.9063
    endloop
  endfacet
  facet normal 0 -1 0
    outer loop
      vertex -6.97656 0 -50
      vertex -13.3684 0 -43.4868
      vertex -13.5067 0 -43.6895
    endloop
  endfacet
  facet normal -0 -1 0
    outer loop
      vertex 8.85378 0 -49.8522
      vertex 13.1077 0 -42.9063
      vertex 7.91806 0 -49.963
    endloop
  endfacet
  facet normal 0 -1 0
    outer loop
      vertex -6.97656 0 -50
      vertex -13.5067 0 -43.6895
      vertex -13.6642 0 -43.8776
    endloop
  endfacet
  facet normal 0 -1 -0
    outer loop
      vertex 13.1077 0 -42.9063
      vertex 8.85378 0 -49.8522
      vertex 13.1903 0 -43.1373
    endloop
  endfacet
  facet normal 0 -1 0
    outer loop
      vertex -6.97656 0 -50
      vertex -13.6642 0 -43.8776
      vertex -13.8394 0 -44.0493
    endloop
  endfacet
  facet normal -0 -1 0
    outer loop
      vertex 9.77789 0 -49.6684
      vertex 13.1903 0 -43.1373
      vertex 8.85378 0 -49.8522
    endloop
  endfacet
  facet normal 0 -1 0
    outer loop
      vertex -6.97656 0 -50
      vertex -13.8394 0 -44.0493
      vertex -14.0305 0 -44.2031
    endloop
  endfacet
  facet normal -0 -1 0
    outer loop
      vertex 10.6848 0 -49.4127
      vertex 13.1903 0 -43.1373
      vertex 9.77789 0 -49.6684
    endloop
  endfacet
  facet normal 0 -1 0
    outer loop
      vertex -6.97656 0 -50
      vertex -14.0305 0 -44.2031
      vertex -14.2358 0 -44.3374
    endloop
  endfacet
  facet normal 0 -1 -0
    outer loop
      vertex 13.1903 0 -43.1373
      vertex 10.6848 0 -49.4127
      vertex 13.2952 0 -43.3591
    endloop
  endfacet
  facet normal 0 -1 0
    outer loop
      vertex -6.97656 0 -50
      vertex -14.2358 0 -44.3374
      vertex -14.4533 0 -44.4509
    endloop
  endfacet
  facet normal -0 -1 0
    outer loop
      vertex 11.5688 0 -49.0865
      vertex 13.2952 0 -43.3591
      vertex 10.6848 0 -49.4127
    endloop
  endfacet
  facet normal 0 -1 0
    outer loop
      vertex -6.97656 0 -50
      vertex -14.4533 0 -44.4509
      vertex -14.6809 0 -44.5426
    endloop
  endfacet
  facet normal 0 -1 -0
    outer loop
      vertex 13.2952 0 -43.3591
      vertex 11.5688 0 -49.0865
      vertex 13.4213 0 -43.5695
    endloop
  endfacet
  facet normal 0 -1 0
    outer loop
      vertex -6.97656 0 -50
      vertex -14.6809 0 -44.5426
      vertex -14.9164 0 -44.6115
    endloop
  endfacet
  facet normal -0 -1 0
    outer loop
      vertex 12.4244 0 -48.6921
      vertex 13.4213 0 -43.5695
      vertex 11.5688 0 -49.0865
    endloop
  endfacet
  facet normal 0 -1 0
    outer loop
      vertex -6.97656 0 -50
      vertex -15.1575 0 -44.657
      vertex -16.6848 0 -45.0534
    endloop
  endfacet
  facet normal 0 -1 0
    outer loop
      vertex -15.1575 0 -44.657
      vertex -6.97656 0 -50
      vertex -14.9164 0 -44.6115
    endloop
  endfacet
  facet normal 0 -1 0
    outer loop
      vertex -16.6848 0 -45.0534
      vertex -15.1575 0 -44.657
      vertex -15.4018 0 -44.6787
    endloop
  endfacet
  facet normal 0 -1 -0
    outer loop
      vertex 13.4213 0 -43.5695
      vertex 12.4244 0 -48.6921
      vertex 13.5675 0 -43.7666
    endloop
  endfacet
  facet normal 0 -1 0
    outer loop
      vertex 5 0 7.855
      vertex 8.43143 0 1.59748
      vertex 15 0 7.855
    endloop
  endfacet
  facet normal 0 -1 0
    outer loop
      vertex 8.94274 0 1.30227
      vertex 15 0 7.855
      vertex 8.7 0 1.47224
    endloop
  endfacet
  facet normal -0 -1 0
    outer loop
      vertex 50 0 4.49094
      vertex 35 0 7.855
      vertex 47.3908 0 -3.39499
    endloop
  endfacet
  facet normal 0 -1 0
    outer loop
      vertex 35 0 7.855
      vertex 49.8522 0 6.36815
      vertex 49.6684 0 7.29227
    endloop
  endfacet
  facet normal 0 -1 -0
    outer loop
      vertex 25 0 7.855
      vertex 17.5737 0 -3.39499
      vertex 35 0 7.855
    endloop
  endfacet
  facet normal 0 -1 0
    outer loop
      vertex 15 0 7.855
      vertex 17.5737 0 -3.39499
      vertex 25 0 7.855
    endloop
  endfacet
  facet normal 0 -1 -0
    outer loop
      vertex 15 0 7.855
      vertex 9.44748 0 0.581433
      vertex 17.5737 0 -3.39499
    endloop
  endfacet
  facet normal 0 -1 0
    outer loop
      vertex 17.5737 0 -3.39499
      vertex 9.44748 0 0.581433
      vertex 9.52417 0 0.295201
    endloop
  endfacet
  facet normal 0 -1 0
    outer loop
      vertex 17.5737 0 -3.39499
      vertex 9.52417 0 0.295201
      vertex 9.55 0 0
    endloop
  endfacet
  facet normal 0 -1 0
    outer loop
      vertex 17.5737 0 -3.39499
      vertex 9.55 0 0
      vertex 9.52417 0 -0.295201
    endloop
  endfacet
  facet normal 0 -1 0
    outer loop
      vertex 17.5737 0 -3.39499
      vertex 9.52417 0 -0.295201
      vertex 9.44748 0 -0.581433
    endloop
  endfacet
  facet normal 0 -1 0
    outer loop
      vertex 17.5737 0 -3.39499
      vertex 9.44748 0 -0.581433
      vertex 9.32224 0 -0.849999
    endloop
  endfacet
  facet normal 0 -1 0
    outer loop
      vertex 17.5737 0 -3.39499
      vertex 9.32224 0 -0.849999
      vertex 9.15228 0 -1.09274
    endloop
  endfacet
  facet normal 0 -1 0
    outer loop
      vertex 17.5737 0 -3.39499
      vertex 9.15228 0 -1.09274
      vertex 8.94274 0 -1.30227
    endloop
  endfacet
  facet normal 0 -1 0
    outer loop
      vertex 17.5737 0 -3.39499
      vertex 8.94274 0 -1.30227
      vertex 8.7 0 -1.47224
    endloop
  endfacet
  facet normal 0 -1 0
    outer loop
      vertex 17.5737 0 -3.39499
      vertex 8.7 0 -1.47224
      vertex 8.43143 0 -1.59748
    endloop
  endfacet
  facet normal 0 -1 0
    outer loop
      vertex 17.5737 0 -3.39499
      vertex 8.43143 0 -1.59748
      vertex 8.1452 0 -1.67417
    endloop
  endfacet
  facet normal 0 -1 0
    outer loop
      vertex 17.5737 0 -3.39499
      vertex 8.1452 0 -1.67417
      vertex 7.85 0 -1.7
    endloop
  endfacet
  facet normal 0 -1 0
    outer loop
      vertex 35 0 7.855
      vertex 49.963 0 5.43243
      vertex 49.8522 0 6.36815
    endloop
  endfacet
  facet normal 0 -1 0
    outer loop
      vertex 35 0 7.855
      vertex 50 0 4.49094
      vertex 49.963 0 5.43243
    endloop
  endfacet
  facet normal 0 -1 0
    outer loop
      vertex 47.6845 0 -3.41229
      vertex 50 0 4.49094
      vertex 47.3908 0 -3.39499
    endloop
  endfacet
  facet normal 0 -1 0
    outer loop
      vertex 47.9264 0 -3.45305
      vertex 50 0 4.49094
      vertex 47.6845 0 -3.41229
    endloop
  endfacet
  facet normal 0 -1 0
    outer loop
      vertex 48.1632 0 -3.5173
      vertex 50 0 4.49094
      vertex 47.9264 0 -3.45305
    endloop
  endfacet
  facet normal 0 -1 0
    outer loop
      vertex 48.3925 0 -3.60446
      vertex 50 0 4.49094
      vertex 48.1632 0 -3.5173
    endloop
  endfacet
  facet normal 0 -1 0
    outer loop
      vertex 48.6122 0 -3.71367
      vertex 50 0 4.49094
      vertex 48.3925 0 -3.60446
    endloop
  endfacet
  facet normal 0 -1 0
    outer loop
      vertex 48.8202 0 -3.8439
      vertex 50 0 4.49094
      vertex 48.6122 0 -3.71367
    endloop
  endfacet
  facet normal 0 -1 0
    outer loop
      vertex 50 0 -4.49094
      vertex 48.8202 0 -3.8439
      vertex 49.0143 0 -3.99388
    endloop
  endfacet
  facet normal 0 -1 0
    outer loop
      vertex 50 0 -4.49094
      vertex 49.0143 0 -3.99388
      vertex 49.1928 0 -4.16216
    endloop
  endfacet
  facet normal 0 -1 0
    outer loop
      vertex 50 0 -4.49094
      vertex 49.1928 0 -4.16216
      vertex 49.354 0 -4.34714
    endloop
  endfacet
  facet normal 0 -1 0
    outer loop
      vertex 48.8202 0 -3.8439
      vertex 50 0 -4.49094
      vertex 50 0 4.49094
    endloop
  endfacet
  facet normal 0 -1 0
    outer loop
      vertex 49.4963 0 -4.54701
      vertex 50 0 -4.49094
      vertex 49.354 0 -4.34714
    endloop
  endfacet
  facet normal 0 -1 0
    outer loop
      vertex 49.6183 0 -4.75987
      vertex 50 0 -4.49094
      vertex 49.4963 0 -4.54701
    endloop
  endfacet
  facet normal 0 -1 0
    outer loop
      vertex 49.7188 0 -4.98367
      vertex 50 0 -4.49094
      vertex 49.6183 0 -4.75987
    endloop
  endfacet
  facet normal 0 -1 0
    outer loop
      vertex 49.7969 0 -5.21625
      vertex 50 0 -4.49094
      vertex 49.7188 0 -4.98367
    endloop
  endfacet
  facet normal 0 -1 0
    outer loop
      vertex 49.7969 0 -5.21625
      vertex 49.963 0 -5.43243
      vertex 50 0 -4.49094
    endloop
  endfacet
  facet normal 0 -1 0
    outer loop
      vertex 49.8519 0 -5.45535
      vertex 49.963 0 -5.43243
      vertex 49.7969 0 -5.21625
    endloop
  endfacet
  facet normal 0 -1 0
    outer loop
      vertex 49.8831 0 -5.69868
      vertex 49.963 0 -5.43243
      vertex 49.8519 0 -5.45535
    endloop
  endfacet
  facet normal 0 -1 0
    outer loop
      vertex 49.8903 0 -5.94392
      vertex 49.963 0 -5.43243
      vertex 49.8831 0 -5.69868
    endloop
  endfacet
  facet normal 0 -1 0
    outer loop
      vertex 49.963 0 -5.43243
      vertex 49.8903 0 -5.94392
      vertex 49.8735 0 -6.1884
    endloop
  endfacet
  facet normal 0 1 0
    outer loop
      vertex -18.0221 0 -42.6811
      vertex -17.7704 0 -43.2272
      vertex -18.022 0 -42.6814
    endloop
  endfacet
  facet normal -0 1 -0
    outer loop
      vertex -17.7704 0 -43.2272
      vertex -18.0221 0 -42.6811
      vertex -17.7703 0 -43.2273
    endloop
  endfacet
  facet normal 0 1 0
    outer loop
      vertex 17.7704 0 -43.2272
      vertex 18.0221 0 -42.6811
      vertex 18.022 0 -42.6814
    endloop
  endfacet
  facet normal 0 1 0
    outer loop
      vertex 18.0221 0 -42.6811
      vertex 17.7704 0 -43.2272
      vertex 17.7703 0 -43.2274
    endloop
  endfacet
  facet normal 0 1 0
    outer loop
      vertex 18.0971 0 -42.5001
      vertex 18.3553 0 -41.8001
      vertex 18.3552 0 -41.8004
    endloop
  endfacet
  facet normal 0 1 0
    outer loop
      vertex 18.3553 0 -41.8001
      vertex 18.0971 0 -42.5001
      vertex 18.097 0 -42.5002
    endloop
  endfacet
  facet normal 0 -1 0
    outer loop
      vertex 18.4159 0 -41.6136
      vertex 18.4159 0 -41.6137
      vertex 18.5954 0 -40.9773
    endloop
  endfacet
  facet normal 0 1 0
    outer loop
      vertex 28.8047 0 -18.4529
      vertex 28.8047 0 -18.4528
      vertex 29.6907 0 -18.0444
    endloop
  endfacet
  facet normal 0 1 0
    outer loop
      vertex 28.8047 0 -18.4528
      vertex 28.8047 0 -18.4529
      vertex 28.5478 0 -18.5967
    endloop
  endfacet
  facet normal 0 -1 0
    outer loop
      vertex 30.0883 0 -17.8611
      vertex 31.4142 0 -17.3719
      vertex 30.0884 0 -17.861
    endloop
  endfacet
  facet normal -0 -1 0
    outer loop
      vertex 30.0883 0 -17.8611
      vertex 30.0884 0 -17.861
      vertex 29.6907 0 -18.0444
    endloop
  endfacet
  facet normal 0 -1 0
    outer loop
      vertex 32.7744 0 -16.9883
      vertex 32.7745 0 -16.9883
      vertex 33.2323 0 -16.8972
    endloop
  endfacet
  facet normal -0 -1 0
    outer loop
      vertex 32.7745 0 -16.9883
      vertex 32.7744 0 -16.9883
      vertex 31.6616 0 -17.3022
    endloop
  endfacet
  facet normal 0 -1 0
    outer loop
      vertex 38.8435 0 -16.4578
      vertex 38.9415 0 -16.4539
      vertex 39.039 0 -16.4424
    endloop
  endfacet
  facet normal 0 1 0
    outer loop
      vertex 38.9415 0 -16.4539
      vertex 38.8435 0 -16.4578
      vertex 38.1306 0 -16.4858
    endloop
  endfacet
  facet normal 0 1 0
    outer loop
      vertex 39.0391 0 -16.4424
      vertex 39.78 0 -16.3547
      vertex 39.7795 0 -16.3548
    endloop
  endfacet
  facet normal 0 1 0
    outer loop
      vertex 39.78 0 -16.3547
      vertex 39.0391 0 -16.4424
      vertex 39.039 0 -16.4424
    endloop
  endfacet
  facet normal 0 -1 -0
    outer loop
      vertex 48.7332 0 -9.84959
      vertex 48.6921 0 -9.93881
      vertex 48.9034 0 -9.48044
    endloop
  endfacet
  facet normal 0 -1 0
    outer loop
      vertex 48.6441 0 -10.0245
      vertex 48.6921 0 -9.93881
      vertex 48.7332 0 -9.84959
    endloop
  endfacet
  facet normal 0 -1 0
    outer loop
      vertex 48.2797 0 -10.6752
      vertex 48.6921 0 -9.93881
      vertex 48.6441 0 -10.0245
    endloop
  endfacet
  facet normal 0 1 -0
    outer loop
      vertex 48.2797 0 -10.6752
      vertex 48.2317 0 -10.7609
      vertex 48.6921 0 -9.93881
    endloop
  endfacet
  facet normal 0 -1 0
    outer loop
      vertex 48.1771 0 -10.8425
      vertex 48.2317 0 -10.7609
      vertex 48.2797 0 -10.6752
    endloop
  endfacet
  facet normal 0 -1 0
    outer loop
      vertex 47.7628 0 -11.4627
      vertex 48.2317 0 -10.7609
      vertex 48.1771 0 -10.8425
    endloop
  endfacet
  facet normal 0 1 -0
    outer loop
      vertex 47.7628 0 -11.4627
      vertex 47.7082 0 -11.5444
      vertex 48.2317 0 -10.7609
    endloop
  endfacet
  facet normal 0 -1 0
    outer loop
      vertex 47.6474 0 -11.6215
      vertex 47.7082 0 -11.5444
      vertex 47.7628 0 -11.4627
    endloop
  endfacet
  facet normal 0 -1 0
    outer loop
      vertex 47.1856 0 -12.2072
      vertex 47.7082 0 -11.5444
      vertex 47.6474 0 -11.6215
    endloop
  endfacet
  facet normal 0 -1 -0
    outer loop
      vertex 47.1856 0 -12.2072
      vertex 47.1249 0 -12.2843
      vertex 47.7082 0 -11.5444
    endloop
  endfacet
  facet normal 0 -1 0
    outer loop
      vertex 47.0582 0 -12.3564
      vertex 47.1249 0 -12.2843
      vertex 47.1856 0 -12.2072
    endloop
  endfacet
  facet normal 0 -1 0
    outer loop
      vertex 46.552 0 -12.9041
      vertex 47.1249 0 -12.2843
      vertex 47.0582 0 -12.3564
    endloop
  endfacet
  facet normal 0 1 -0
    outer loop
      vertex 46.552 0 -12.9041
      vertex 46.4853 0 -12.9762
      vertex 47.1249 0 -12.2843
    endloop
  endfacet
  facet normal 0 -1 0
    outer loop
      vertex 46.4131 0 -13.0429
      vertex 46.4853 0 -12.9762
      vertex 46.552 0 -12.9041
    endloop
  endfacet
  facet normal 0 -1 0
    outer loop
      vertex 45.8655 0 -13.5491
      vertex 46.4853 0 -12.9762
      vertex 46.4131 0 -13.0429
    endloop
  endfacet
  facet normal 0 -1 -0
    outer loop
      vertex 45.8655 0 -13.5491
      vertex 45.7934 0 -13.6158
      vertex 46.4853 0 -12.9762
    endloop
  endfacet
  facet normal 0 -1 0
    outer loop
      vertex 45.7163 0 -13.6766
      vertex 45.7934 0 -13.6158
      vertex 45.8655 0 -13.5491
    endloop
  endfacet
  facet normal 0 1 0
    outer loop
      vertex 45.1306 0 -14.1383
      vertex 45.7934 0 -13.6158
      vertex 45.7163 0 -13.6766
    endloop
  endfacet
  facet normal 0 1 -0
    outer loop
      vertex 45.1306 0 -14.1383
      vertex 45.0534 0 -14.1991
      vertex 45.7934 0 -13.6158
    endloop
  endfacet
  facet normal 0 -1 0
    outer loop
      vertex 44.9717 0 -14.2537
      vertex 45.0534 0 -14.1991
      vertex 45.1306 0 -14.1383
    endloop
  endfacet
  facet normal 0 1 0
    outer loop
      vertex 44.3516 0 -14.6681
      vertex 45.0534 0 -14.1991
      vertex 44.9717 0 -14.2537
    endloop
  endfacet
  facet normal 0 1 -0
    outer loop
      vertex 44.3516 0 -14.6681
      vertex 44.27 0 -14.7226
      vertex 45.0534 0 -14.1991
    endloop
  endfacet
  facet normal 0 -1 0
    outer loop
      vertex 44.1842 0 -14.7706
      vertex 44.27 0 -14.7226
      vertex 44.3516 0 -14.6681
    endloop
  endfacet
  facet normal 0 -1 0
    outer loop
      vertex 43.5335 0 -15.135
      vertex 44.27 0 -14.7226
      vertex 44.1842 0 -14.7706
    endloop
  endfacet
  facet normal 0 -1 -0
    outer loop
      vertex 43.5335 0 -15.135
      vertex 43.4479 0 -15.183
      vertex 44.27 0 -14.7226
    endloop
  endfacet
  facet normal 0 -1 0
    outer loop
      vertex 43.3587 0 -15.2241
      vertex 43.4479 0 -15.183
      vertex 43.5335 0 -15.135
    endloop
  endfacet
  facet normal 0 -1 0
    outer loop
      vertex 43.4479 0 -15.183
      vertex 43.3587 0 -15.2241
      vertex 42.9895 0 -15.3943
    endloop
  endfacet
  facet normal 0 -1 0
    outer loop
      vertex 39.9734 0 -16.3241
      vertex 40.7053 0 -16.1785
      vertex 40.7051 0 -16.1785
    endloop
  endfacet
  facet normal 0 1 0
    outer loop
      vertex 40.7053 0 -16.1785
      vertex 39.9734 0 -16.3241
      vertex 39.9732 0 -16.3241
    endloop
  endfacet
  facet normal 0 1 0
    outer loop
      vertex -49.8735 0 -6.18845
      vertex -49.8638 0 -6.27032
      vertex -49.8735 0 -6.18867
    endloop
  endfacet
  facet normal -0 -1 -0
    outer loop
      vertex -49.8638 0 -6.27032
      vertex -49.8735 0 -6.18845
      vertex -49.8638 0 -6.27079
    endloop
  endfacet
  facet normal 0 1 0
    outer loop
      vertex -49.8331 0 -6.46417
      vertex -49.6876 0 -7.19603
      vertex -49.8331 0 -6.46439
    endloop
  endfacet
  facet normal -0 1 -0
    outer loop
      vertex -49.6876 0 -7.19603
      vertex -49.8331 0 -6.46417
      vertex -49.6875 0 -7.19619
    endloop
  endfacet
  facet normal 0 -1 0
    outer loop
      vertex -49.6875 0 -7.19619
      vertex -49.6684 0 -7.29227
      vertex -49.6188 0 -7.46823
    endloop
  endfacet
  facet normal 0 1 0
    outer loop
      vertex -49.6875 0 -7.19619
      vertex -49.6188 0 -7.46823
      vertex -49.6418 0 -7.38684
    endloop
  endfacet
  facet normal -0 -1 -0
    outer loop
      vertex -49.4393 0 -8.10457
      vertex -49.6188 0 -7.46823
      vertex -49.4393 0 -8.10468
    endloop
  endfacet
  facet normal 0 1 0
    outer loop
      vertex -49.3787 0 -8.29108
      vertex -49.1205 0 -8.991
      vertex -49.3787 0 -8.29131
    endloop
  endfacet
  facet normal -0 -1 -0
    outer loop
      vertex -49.1205 0 -8.991
      vertex -49.3787 0 -8.29108
      vertex -49.1205 0 -8.99115
    endloop
  endfacet
  facet normal -0 -1 -0
    outer loop
      vertex -49.0454 0 -9.17238
      vertex -49.0455 0 -9.17225
      vertex -48.9034 0 -9.48044
    endloop
  endfacet
  facet normal 0 -1 0
    outer loop
      vertex -48.6921 0 -9.93881
      vertex -48.7332 0 -9.84959
      vertex -48.9034 0 -9.48044
    endloop
  endfacet
  facet normal 0 -1 0
    outer loop
      vertex -48.6921 0 -9.93881
      vertex -48.6441 0 -10.0245
      vertex -48.7332 0 -9.84959
    endloop
  endfacet
  facet normal 0 -1 0
    outer loop
      vertex -48.6921 0 -9.93881
      vertex -48.2797 0 -10.6752
      vertex -48.6441 0 -10.0245
    endloop
  endfacet
  facet normal 0 1 0
    outer loop
      vertex -48.2317 0 -10.7609
      vertex -48.2797 0 -10.6752
      vertex -48.6921 0 -9.93881
    endloop
  endfacet
  facet normal 0 -1 0
    outer loop
      vertex -48.2317 0 -10.7609
      vertex -48.1771 0 -10.8425
      vertex -48.2797 0 -10.6752
    endloop
  endfacet
  facet normal 0 -1 0
    outer loop
      vertex -48.2317 0 -10.7609
      vertex -47.7628 0 -11.4627
      vertex -48.1771 0 -10.8425
    endloop
  endfacet
  facet normal 0 1 0
    outer loop
      vertex -47.7082 0 -11.5444
      vertex -47.7628 0 -11.4627
      vertex -48.2317 0 -10.7609
    endloop
  endfacet
  facet normal 0 -1 0
    outer loop
      vertex -47.7082 0 -11.5444
      vertex -47.6474 0 -11.6215
      vertex -47.7628 0 -11.4627
    endloop
  endfacet
  facet normal 0 -1 0
    outer loop
      vertex -47.7082 0 -11.5444
      vertex -47.1856 0 -12.2072
      vertex -47.6474 0 -11.6215
    endloop
  endfacet
  facet normal 0 -1 0
    outer loop
      vertex -47.1249 0 -12.2843
      vertex -47.1856 0 -12.2072
      vertex -47.7082 0 -11.5444
    endloop
  endfacet
  facet normal 0 -1 0
    outer loop
      vertex -47.1249 0 -12.2843
      vertex -47.0582 0 -12.3564
      vertex -47.1856 0 -12.2072
    endloop
  endfacet
  facet normal 0 -1 0
    outer loop
      vertex -47.1249 0 -12.2843
      vertex -46.552 0 -12.9041
      vertex -47.0582 0 -12.3564
    endloop
  endfacet
  facet normal 0 1 0
    outer loop
      vertex -46.4853 0 -12.9762
      vertex -46.552 0 -12.9041
      vertex -47.1249 0 -12.2843
    endloop
  endfacet
  facet normal 0 -1 0
    outer loop
      vertex -46.4853 0 -12.9762
      vertex -46.4131 0 -13.0429
      vertex -46.552 0 -12.9041
    endloop
  endfacet
  facet normal 0 -1 0
    outer loop
      vertex -46.4853 0 -12.9762
      vertex -45.8655 0 -13.5491
      vertex -46.4131 0 -13.0429
    endloop
  endfacet
  facet normal 0 -1 0
    outer loop
      vertex -45.7934 0 -13.6158
      vertex -45.8655 0 -13.5491
      vertex -46.4853 0 -12.9762
    endloop
  endfacet
  facet normal 0 -1 0
    outer loop
      vertex -45.7934 0 -13.6158
      vertex -45.7163 0 -13.6766
      vertex -45.8655 0 -13.5491
    endloop
  endfacet
  facet normal 0 1 0
    outer loop
      vertex -45.7934 0 -13.6158
      vertex -45.1306 0 -14.1383
      vertex -45.7163 0 -13.6766
    endloop
  endfacet
  facet normal 0 1 0
    outer loop
      vertex -45.0534 0 -14.1991
      vertex -45.1306 0 -14.1383
      vertex -45.7934 0 -13.6158
    endloop
  endfacet
  facet normal 0 -1 0
    outer loop
      vertex -45.0534 0 -14.1991
      vertex -44.9717 0 -14.2537
      vertex -45.1306 0 -14.1383
    endloop
  endfacet
  facet normal 0 1 0
    outer loop
      vertex -45.0534 0 -14.1991
      vertex -44.3516 0 -14.6681
      vertex -44.9717 0 -14.2537
    endloop
  endfacet
  facet normal 0 1 0
    outer loop
      vertex -44.27 0 -14.7226
      vertex -44.3516 0 -14.6681
      vertex -45.0534 0 -14.1991
    endloop
  endfacet
  facet normal 0 -1 0
    outer loop
      vertex -44.27 0 -14.7226
      vertex -44.1842 0 -14.7706
      vertex -44.3516 0 -14.6681
    endloop
  endfacet
  facet normal 0 -1 0
    outer loop
      vertex -44.27 0 -14.7226
      vertex -43.5335 0 -15.135
      vertex -44.1842 0 -14.7706
    endloop
  endfacet
  facet normal 0 -1 0
    outer loop
      vertex -43.4479 0 -15.183
      vertex -43.5335 0 -15.135
      vertex -44.27 0 -14.7226
    endloop
  endfacet
  facet normal 0 -1 0
    outer loop
      vertex -43.4479 0 -15.183
      vertex -43.3587 0 -15.2241
      vertex -43.5335 0 -15.135
    endloop
  endfacet
  facet normal -0 -1 -0
    outer loop
      vertex -43.3587 0 -15.2241
      vertex -43.4479 0 -15.183
      vertex -42.9895 0 -15.3943
    endloop
  endfacet
  facet normal 0 1 0
    outer loop
      vertex -19.8575 0 -28.9286
      vertex -20.3467 0 -27.6028
      vertex -20.3467 0 -27.6027
    endloop
  endfacet
  facet normal 0 -1 0
    outer loop
      vertex -19.4739 0 -30.2889
      vertex -19.4739 0 -30.2888
      vertex -19.8575 0 -28.9286
    endloop
  endfacet
  facet normal 0 -1 0
    outer loop
      vertex -19.4739 0 -30.2888
      vertex -19.4739 0 -30.2889
      vertex -19.3828 0 -30.7466
    endloop
  endfacet
  facet normal -0 -1 -0
    outer loop
      vertex -18.4159 0 -41.6136
      vertex -18.5954 0 -40.9773
      vertex -18.4159 0 -41.6137
    endloop
  endfacet
  facet normal 0 1 0
    outer loop
      vertex -18.3553 0 -41.8001
      vertex -18.0971 0 -42.5001
      vertex -18.3552 0 -41.8004
    endloop
  endfacet
  facet normal -0 1 -0
    outer loop
      vertex -18.0971 0 -42.5001
      vertex -18.3553 0 -41.8001
      vertex -18.097 0 -42.5002
    endloop
  endfacet
  facet normal -0 -1 -0
    outer loop
      vertex -42.6814 0 -15.5363
      vertex -42.9895 0 -15.3943
      vertex -42.6813 0 -15.5364
    endloop
  endfacet
  facet normal 0 1 0
    outer loop
      vertex -42.5002 0 -15.6114
      vertex -41.8004 0 -15.8696
      vertex -42.5001 0 -15.6115
    endloop
  endfacet
  facet normal -0 1 -0
    outer loop
      vertex -41.8004 0 -15.8696
      vertex -42.5002 0 -15.6114
      vertex -41.8001 0 -15.8697
    endloop
  endfacet
  facet normal -0 1 -0
    outer loop
      vertex -41.6136 0 -15.9303
      vertex -41.6137 0 -15.9302
      vertex -40.9773 0 -16.1097
    endloop
  endfacet
  facet normal 0 1 0
    outer loop
      vertex -40.8013 0 -16.1594
      vertex -40.8959 0 -16.1327
      vertex -40.9773 0 -16.1097
    endloop
  endfacet
  facet normal 0 -1 0
    outer loop
      vertex -40.8959 0 -16.1327
      vertex -40.8013 0 -16.1594
      vertex -40.7053 0 -16.1785
    endloop
  endfacet
  facet normal 0 -1 0
    outer loop
      vertex -40.7053 0 -16.1785
      vertex -39.9734 0 -16.3241
      vertex -40.7051 0 -16.1785
    endloop
  endfacet
  facet normal 0 1 -0
    outer loop
      vertex -39.9734 0 -16.3241
      vertex -40.7053 0 -16.1785
      vertex -39.9732 0 -16.3241
    endloop
  endfacet
  facet normal 0 1 0
    outer loop
      vertex -39.78 0 -16.3547
      vertex -39.0391 0 -16.4424
      vertex -39.7795 0 -16.3548
    endloop
  endfacet
  facet normal 0 1 -0
    outer loop
      vertex -39.0391 0 -16.4424
      vertex -39.78 0 -16.3547
      vertex -39.039 0 -16.4424
    endloop
  endfacet
  facet normal 0 -1 0
    outer loop
      vertex -38.9415 0 -16.4539
      vertex -38.8435 0 -16.4578
      vertex -39.039 0 -16.4424
    endloop
  endfacet
  facet normal -0 1 -0
    outer loop
      vertex -38.8435 0 -16.4578
      vertex -38.9415 0 -16.4539
      vertex -38.1306 0 -16.4858
    endloop
  endfacet
  facet normal 0 -1 0
    outer loop
      vertex -38 0 -16.4909
      vertex -37.9507 0 -16.4909
      vertex -38.0489 0 -16.489
    endloop
  endfacet
  facet normal 0 -1 0
    outer loop
      vertex -35.5642 0 -16.5464
      vertex -36.9766 0 -16.4909
      vertex -35.5643 0 -16.5464
    endloop
  endfacet
  facet normal 0 1 0
    outer loop
      vertex -36.9766 0 -16.4909
      vertex -35.5642 0 -16.5464
      vertex -36.9767 0 -16.4909
    endloop
  endfacet
  facet normal -0 -1 -0
    outer loop
      vertex -35.5642 0 -16.5464
      vertex -35.5643 0 -16.5464
      vertex -35.2322 0 -16.5857
    endloop
  endfacet
  facet normal 0 -1 0
    outer loop
      vertex -32.7745 0 -16.9883
      vertex -32.7744 0 -16.9883
      vertex -33.2323 0 -16.8972
    endloop
  endfacet
  facet normal -0 -1 -0
    outer loop
      vertex -32.7744 0 -16.9883
      vertex -32.7745 0 -16.9883
      vertex -31.6616 0 -17.3022
    endloop
  endfacet
  facet normal 0 -1 0
    outer loop
      vertex -31.4142 0 -17.3719
      vertex -30.0883 0 -17.8611
      vertex -30.0884 0 -17.861
    endloop
  endfacet
  facet normal 0 -1 0
    outer loop
      vertex -30.0884 0 -17.861
      vertex -30.0883 0 -17.8611
      vertex -29.6907 0 -18.0444
    endloop
  endfacet
  facet normal 0 1 0
    outer loop
      vertex -28.8047 0 -18.4528
      vertex -28.8047 0 -18.4529
      vertex -29.6907 0 -18.0444
    endloop
  endfacet
  facet normal -0 1 0
    outer loop
      vertex -28.8047 0 -18.4529
      vertex -28.8047 0 -18.4528
      vertex -28.5478 0 -18.5967
    endloop
  endfacet
  facet normal 0 1 0
    outer loop
      vertex -23.2892 0 -22.8009
      vertex -23.2893 0 -22.8008
      vertex -24.2486 0 -21.763
    endloop
  endfacet
  facet normal 0 1 0
    outer loop
      vertex -23.2893 0 -22.8008
      vertex -23.2892 0 -22.8009
      vertex -22.5202 0 -23.7764
    endloop
  endfacet
  facet normal 0 1 0
    outer loop
      vertex -22.4142 0 -23.9108
      vertex -22.4142 0 -23.9109
      vertex -22.5202 0 -23.7764
    endloop
  endfacet
  facet normal 0 1 0
    outer loop
      vertex -22.4142 0 -23.9108
      vertex -21.6291 0 -25.0858
      vertex -22.4142 0 -23.9109
    endloop
  endfacet
  facet normal -0 -1 -0
    outer loop
      vertex -21.6291 0 -25.0858
      vertex -22.4142 0 -23.9108
      vertex -21.6291 0 -25.0859
    endloop
  endfacet
  facet normal 0 1 0
    outer loop
      vertex -21.629 0 -25.086
      vertex -20.9385 0 -26.3191
      vertex -21.6291 0 -25.0859
    endloop
  endfacet
  facet normal 0 1 0
    outer loop
      vertex -20.9384 0 -26.3191
      vertex -20.9385 0 -26.3191
      vertex -21.629 0 -25.086
    endloop
  endfacet
  facet normal 0 1 0
    outer loop
      vertex -20.3467 0 -27.6026
      vertex -20.9385 0 -26.3191
      vertex -20.9384 0 -26.3191
    endloop
  endfacet
  facet normal 0 1 0
    outer loop
      vertex -20.9385 0 -26.3191
      vertex -20.3467 0 -27.6026
      vertex -20.3467 0 -27.6027
    endloop
  endfacet
  facet normal 0 1 0
    outer loop
      vertex -19.032 0 -33.0787
      vertex -19.0321 0 -33.0785
      vertex -19.0713 0 -32.7466
    endloop
  endfacet
  facet normal 0 1 0
    outer loop
      vertex -18.9766 0 -34.4909
      vertex -19.0321 0 -33.0785
      vertex -19.032 0 -33.0787
    endloop
  endfacet
  facet normal 0 1 0
    outer loop
      vertex -19.0321 0 -33.0785
      vertex -18.9766 0 -34.4909
      vertex -18.9766 0 -34.491
    endloop
  endfacet
  facet normal 0 -1 0
    outer loop
      vertex -18.9746 0 -38.0489
      vertex -18.9766 0 -37.9507
      vertex -18.9766 0 -38
    endloop
  endfacet
  facet normal 0 -1 0
    outer loop
      vertex -18.9396 0 -38.9415
      vertex -18.9434 0 -38.8435
      vertex -18.9714 0 -38.1306
    endloop
  endfacet
  facet normal 0 -1 0
    outer loop
      vertex -18.9434 0 -38.8435
      vertex -18.9396 0 -38.9415
      vertex -18.928 0 -39.039
    endloop
  endfacet
  facet normal 0 1 0
    outer loop
      vertex -18.928 0 -39.039
      vertex -18.8404 0 -39.7795
      vertex -18.928 0 -39.0391
    endloop
  endfacet
  facet normal -0 1 -0
    outer loop
      vertex -18.8404 0 -39.7795
      vertex -18.928 0 -39.039
      vertex -18.8403 0 -39.78
    endloop
  endfacet
  facet normal 0 1 0
    outer loop
      vertex -18.8097 0 -39.9732
      vertex -18.6641 0 -40.7051
      vertex -18.8097 0 -39.9734
    endloop
  endfacet
  facet normal -0 -1 -0
    outer loop
      vertex -18.6641 0 -40.7051
      vertex -18.8097 0 -39.9732
      vertex -18.6641 0 -40.7053
    endloop
  endfacet
  facet normal 0 -1 0
    outer loop
      vertex -18.645 0 -40.8013
      vertex -18.6183 0 -40.8959
      vertex -18.6641 0 -40.7053
    endloop
  endfacet
  facet normal -0 -1 -0
    outer loop
      vertex -18.6183 0 -40.8959
      vertex -18.645 0 -40.8013
      vertex -18.5954 0 -40.9773
    endloop
  endfacet
  facet normal 0 -1 0
    outer loop
      vertex 18.6183 0 -40.8959
      vertex 18.645 0 -40.8013
      vertex 18.6641 0 -40.7053
    endloop
  endfacet
  facet normal 0 -1 0
    outer loop
      vertex 18.645 0 -40.8013
      vertex 18.6183 0 -40.8959
      vertex 18.5954 0 -40.9773
    endloop
  endfacet
  facet normal 0 1 0
    outer loop
      vertex 18.6641 0 -40.7051
      vertex 18.8097 0 -39.9732
      vertex 18.8097 0 -39.9734
    endloop
  endfacet
  facet normal 0 -1 0
    outer loop
      vertex 18.8097 0 -39.9732
      vertex 18.6641 0 -40.7051
      vertex 18.6641 0 -40.7053
    endloop
  endfacet
  facet normal 0 1 0
    outer loop
      vertex 18.8404 0 -39.7795
      vertex 18.928 0 -39.039
      vertex 18.928 0 -39.0391
    endloop
  endfacet
  facet normal 0 1 0
    outer loop
      vertex 18.928 0 -39.039
      vertex 18.8404 0 -39.7795
      vertex 18.8403 0 -39.78
    endloop
  endfacet
  facet normal 0 -1 -0
    outer loop
      vertex 18.9434 0 -38.8435
      vertex 18.9396 0 -38.9415
      vertex 18.9714 0 -38.1306
    endloop
  endfacet
  facet normal -0 -1 0
    outer loop
      vertex 18.9396 0 -38.9415
      vertex 18.9434 0 -38.8435
      vertex 18.928 0 -39.039
    endloop
  endfacet
  facet normal -0 -1 0
    outer loop
      vertex 18.9766 0 -38
      vertex 18.9766 0 -37.9507
      vertex 18.9746 0 -38.0489
    endloop
  endfacet
  facet normal 0 1 -0
    outer loop
      vertex 19.0321 0 -33.0785
      vertex 19.032 0 -33.0787
      vertex 19.0713 0 -32.7466
    endloop
  endfacet
  facet normal 0 1 0
    outer loop
      vertex 19.0321 0 -33.0785
      vertex 18.9766 0 -34.4909
      vertex 19.032 0 -33.0787
    endloop
  endfacet
  facet normal -0 1 0
    outer loop
      vertex 18.9766 0 -34.4909
      vertex 19.0321 0 -33.0785
      vertex 18.9766 0 -34.491
    endloop
  endfacet
  facet normal 0 -1 0
    outer loop
      vertex 38 0 -16.4909
      vertex 38.0489 0 -16.489
      vertex 37.9507 0 -16.4909
    endloop
  endfacet
  facet normal 0 1 0
    outer loop
      vertex 41.8004 0 -15.8696
      vertex 42.5002 0 -15.6114
      vertex 42.5001 0 -15.6115
    endloop
  endfacet
  facet normal 0 1 0
    outer loop
      vertex 42.5002 0 -15.6114
      vertex 41.8004 0 -15.8696
      vertex 41.8001 0 -15.8697
    endloop
  endfacet
  facet normal 0 -1 -0
    outer loop
      vertex 42.6814 0 -15.5363
      vertex 42.6813 0 -15.5364
      vertex 42.9895 0 -15.3943
    endloop
  endfacet
  facet normal 0 -1 0
    outer loop
      vertex 49.6188 0 -7.46823
      vertex 49.6684 0 -7.29227
      vertex 49.6875 0 -7.19619
    endloop
  endfacet
  facet normal 0 1 0
    outer loop
      vertex 49.6188 0 -7.46823
      vertex 49.6875 0 -7.19619
      vertex 49.6418 0 -7.38684
    endloop
  endfacet
  facet normal 0 -1 0
    outer loop
      vertex 49.4393 0 -8.10457
      vertex 49.4393 0 -8.10468
      vertex 49.6188 0 -7.46823
    endloop
  endfacet
  facet normal 0 1 0
    outer loop
      vertex 49.1205 0 -8.991
      vertex 49.3787 0 -8.29108
      vertex 49.3787 0 -8.29131
    endloop
  endfacet
  facet normal 0 -1 0
    outer loop
      vertex 49.3787 0 -8.29108
      vertex 49.1205 0 -8.991
      vertex 49.1205 0 -8.99115
    endloop
  endfacet
  facet normal 0 -1 -0
    outer loop
      vertex 49.0454 0 -9.17238
      vertex 48.9034 0 -9.48044
      vertex 49.0455 0 -9.17225
    endloop
  endfacet
  facet normal 0 1 0
    outer loop
      vertex 49.8638 0 -6.27032
      vertex 49.8735 0 -6.1884
      vertex 49.8735 0 -6.18867
    endloop
  endfacet
  facet normal 0 -1 0
    outer loop
      vertex 49.8735 0 -6.1884
      vertex 49.8638 0 -6.27032
      vertex 49.8638 0 -6.27079
    endloop
  endfacet
  facet normal 0 1 0
    outer loop
      vertex 49.6876 0 -7.19603
      vertex 49.8331 0 -6.46417
      vertex 49.8331 0 -6.46439
    endloop
  endfacet
  facet normal 0 1 0
    outer loop
      vertex 49.8331 0 -6.46417
      vertex 49.6876 0 -7.19603
      vertex 49.6875 0 -7.19619
    endloop
  endfacet
  facet normal 0 1 -0
    outer loop
      vertex 41.6136 0 -15.9303
      vertex 40.9773 0 -16.1097
      vertex 41.6137 0 -15.9302
    endloop
  endfacet
  facet normal 0 1 -0
    outer loop
      vertex 40.8959 0 -16.1327
      vertex 40.8013 0 -16.1594
      vertex 40.9773 0 -16.1097
    endloop
  endfacet
  facet normal -0 -1 0
    outer loop
      vertex 40.8013 0 -16.1594
      vertex 40.8959 0 -16.1327
      vertex 40.7053 0 -16.1785
    endloop
  endfacet
  facet normal 0 1 0
    outer loop
      vertex 35.5642 0 -16.5464
      vertex 36.9766 0 -16.4909
      vertex 36.9767 0 -16.4909
    endloop
  endfacet
  facet normal 0 -1 0
    outer loop
      vertex 36.9766 0 -16.4909
      vertex 35.5642 0 -16.5464
      vertex 35.5643 0 -16.5464
    endloop
  endfacet
  facet normal -0 -1 0
    outer loop
      vertex 35.5643 0 -16.5464
      vertex 35.5642 0 -16.5464
      vertex 35.2322 0 -16.5857
    endloop
  endfacet
  facet normal 0 1 -0
    outer loop
      vertex 23.2893 0 -22.8008
      vertex 23.2892 0 -22.8009
      vertex 24.2486 0 -21.763
    endloop
  endfacet
  facet normal -0 1 0
    outer loop
      vertex 23.2892 0 -22.8009
      vertex 23.2893 0 -22.8008
      vertex 22.5202 0 -23.7764
    endloop
  endfacet
  facet normal 0 1 0
    outer loop
      vertex 22.4142 0 -23.9109
      vertex 22.4142 0 -23.9108
      vertex 22.5202 0 -23.7764
    endloop
  endfacet
  facet normal 0 1 0
    outer loop
      vertex 21.6291 0 -25.0858
      vertex 22.4142 0 -23.9108
      vertex 22.4142 0 -23.9109
    endloop
  endfacet
  facet normal 0 -1 0
    outer loop
      vertex 22.4142 0 -23.9108
      vertex 21.6291 0 -25.0858
      vertex 21.6291 0 -25.0859
    endloop
  endfacet
  facet normal 0 1 0
    outer loop
      vertex 20.9385 0 -26.3191
      vertex 21.629 0 -25.086
      vertex 21.6291 0 -25.0859
    endloop
  endfacet
  facet normal 0 1 -0
    outer loop
      vertex 20.9385 0 -26.3191
      vertex 20.9384 0 -26.3191
      vertex 21.629 0 -25.086
    endloop
  endfacet
  facet normal 0 1 0
    outer loop
      vertex 20.9385 0 -26.3191
      vertex 20.3467 0 -27.6026
      vertex 20.9384 0 -26.3191
    endloop
  endfacet
  facet normal -0 1 0
    outer loop
      vertex 20.3467 0 -27.6026
      vertex 20.9385 0 -26.3191
      vertex 20.3467 0 -27.6027
    endloop
  endfacet
  facet normal 0 1 -0
    outer loop
      vertex 20.3467 0 -27.6028
      vertex 19.8575 0 -28.9286
      vertex 20.3467 0 -27.6027
    endloop
  endfacet
  facet normal 0 -1 0
    outer loop
      vertex 19.4739 0 -30.2888
      vertex 19.4739 0 -30.2889
      vertex 19.8575 0 -28.9286
    endloop
  endfacet
  facet normal -0 -1 0
    outer loop
      vertex 19.4739 0 -30.2889
      vertex 19.4739 0 -30.2888
      vertex 19.3828 0 -30.7466
    endloop
  endfacet
  facet normal -0 -1 0
    outer loop
      vertex 18.3892 0 -41.7082
      vertex 18.4159 0 -41.6137
      vertex 18.3553 0 -41.8001
    endloop
  endfacet
  facet normal -0 -1 0
    outer loop
      vertex 18.0631 0 -42.5922
      vertex 18.097 0 -42.5002
      vertex 18.0221 0 -42.6811
    endloop
  endfacet
  facet normal -0 -1 0
    outer loop
      vertex 18.8288 0 -39.8772
      vertex 18.8403 0 -39.78
      vertex 18.8097 0 -39.9732
    endloop
  endfacet
  facet normal 0 -1 0
    outer loop
      vertex -49.0865 0 -9.08313
      vertex -49.0455 0 -9.17225
      vertex -49.1205 0 -8.99115
    endloop
  endfacet
  facet normal 0 1 0
    outer loop
      vertex 34.1608 0 -16.7125
      vertex 33.2323 0 -16.8972
      vertex 34.1607 0 -16.7125
    endloop
  endfacet
  facet normal -0 -1 0
    outer loop
      vertex 49.0865 0 -9.08313
      vertex 49.1205 0 -8.99115
      vertex 49.0455 0 -9.17225
    endloop
  endfacet
  facet normal -0 -1 0
    outer loop
      vertex 42.5922 0 -15.5775
      vertex 42.6813 0 -15.5364
      vertex 42.5002 0 -15.6114
    endloop
  endfacet
  facet normal -0 -1 0
    outer loop
      vertex 39.8772 0 -16.3432
      vertex 39.9732 0 -16.3241
      vertex 39.78 0 -16.3547
    endloop
  endfacet
  facet normal -0 -1 0
    outer loop
      vertex 41.7082 0 -15.9036
      vertex 41.8001 0 -15.8697
      vertex 41.6137 0 -15.9302
    endloop
  endfacet
  facet normal -0 -1 0
    outer loop
      vertex 49.4127 0 -8.19913
      vertex 49.4393 0 -8.10468
      vertex 49.3787 0 -8.29108
    endloop
  endfacet
  facet normal -0 -1 0
    outer loop
      vertex 49.8522 0 -6.36815
      vertex 49.8638 0 -6.27079
      vertex 49.8331 0 -6.46417
    endloop
  endfacet
  facet normal 0 -1 0
    outer loop
      vertex -49.4127 0 -8.19913
      vertex -49.3787 0 -8.29108
      vertex -49.4393 0 -8.10468
    endloop
  endfacet
  facet normal 0 -1 0
    outer loop
      vertex -39.8772 0 -16.3432
      vertex -39.78 0 -16.3547
      vertex -39.9732 0 -16.3241
    endloop
  endfacet
  facet normal 0 -1 0
    outer loop
      vertex -49.8522 0 -6.36815
      vertex -49.8331 0 -6.46417
      vertex -49.8638 0 -6.27079
    endloop
  endfacet
  facet normal 0 -1 0
    outer loop
      vertex -42.5922 0 -15.5775
      vertex -42.5002 0 -15.6114
      vertex -42.6813 0 -15.5364
    endloop
  endfacet
  facet normal 0 -1 0
    outer loop
      vertex -41.7082 0 -15.9036
      vertex -41.6137 0 -15.9302
      vertex -41.8001 0 -15.8697
    endloop
  endfacet
  facet normal 0 1 0
    outer loop
      vertex -33.2323 0 -16.8972
      vertex -34.1608 0 -16.7125
      vertex -34.1607 0 -16.7125
    endloop
  endfacet
  facet normal 0 1 -0
    outer loop
      vertex -19.1982 0 -31.6752
      vertex -19.3828 0 -30.7466
      vertex -19.1982 0 -31.6751
    endloop
  endfacet
  facet normal 0 1 0
    outer loop
      vertex 19.3828 0 -30.7466
      vertex 19.1982 0 -31.6752
      vertex 19.1982 0 -31.6751
    endloop
  endfacet
  facet normal 0 -1 0
    outer loop
      vertex -18.8288 0 -39.8772
      vertex -18.8097 0 -39.9732
      vertex -18.8403 0 -39.78
    endloop
  endfacet
  facet normal 0 -1 0
    outer loop
      vertex -18.3892 0 -41.7082
      vertex -18.3553 0 -41.8001
      vertex -18.4159 0 -41.6137
    endloop
  endfacet
  facet normal 0 -1 0
    outer loop
      vertex -18.0631 0 -42.5922
      vertex -18.0221 0 -42.6811
      vertex -18.097 0 -42.5002
    endloop
  endfacet
  facet normal 0.11759 0 -0.993062
    outer loop
      vertex 7.91806 0 -49.963
      vertex 8.85378 4 -49.8522
      vertex 8.85378 0 -49.8522
    endloop
  endfacet
  facet normal 0.11759 0 -0.993062
    outer loop
      vertex 8.85378 4 -49.8522
      vertex 7.91806 0 -49.963
      vertex 7.91806 4 -49.963
    endloop
  endfacet
  facet normal 0.195073 0 -0.980789
    outer loop
      vertex 8.85378 0 -49.8522
      vertex 9.77789 4 -49.6684
      vertex 9.77789 0 -49.6684
    endloop
  endfacet
  facet normal 0.195073 0 -0.980789
    outer loop
      vertex 9.77789 4 -49.6684
      vertex 8.85378 0 -49.8522
      vertex 8.85378 4 -49.8522
    endloop
  endfacet
  facet normal 0.271367 0 -0.962476
    outer loop
      vertex 9.77789 0 -49.6684
      vertex 10.6848 4 -49.4127
      vertex 10.6848 0 -49.4127
    endloop
  endfacet
  facet normal 0.271367 0 -0.962476
    outer loop
      vertex 10.6848 4 -49.4127
      vertex 9.77789 0 -49.6684
      vertex 9.77789 4 -49.6684
    endloop
  endfacet
  facet normal 0.346187 0 -0.938165
    outer loop
      vertex 10.6848 0 -49.4127
      vertex 11.5688 4 -49.0865
      vertex 11.5688 0 -49.0865
    endloop
  endfacet
  facet normal 0.346187 0 -0.938165
    outer loop
      vertex 11.5688 4 -49.0865
      vertex 10.6848 0 -49.4127
      vertex 10.6848 4 -49.4127
    endloop
  endfacet
  facet normal 0.418627 0 -0.908158
    outer loop
      vertex 11.5688 0 -49.0865
      vertex 12.4244 4 -48.6921
      vertex 12.4244 0 -48.6921
    endloop
  endfacet
  facet normal 0.418627 0 -0.908158
    outer loop
      vertex 12.4244 4 -48.6921
      vertex 11.5688 0 -49.0865
      vertex 11.5688 4 -49.0865
    endloop
  endfacet
  facet normal 0.488623 0 -0.872495
    outer loop
      vertex 12.4244 0 -48.6921
      vertex 13.2465 4 -48.2317
      vertex 13.2465 0 -48.2317
    endloop
  endfacet
  facet normal 0.488623 0 -0.872495
    outer loop
      vertex 13.2465 4 -48.2317
      vertex 12.4244 0 -48.6921
      vertex 12.4244 4 -48.6921
    endloop
  endfacet
  facet normal 0.555557 0 -0.831478
    outer loop
      vertex 13.2465 0 -48.2317
      vertex 14.03 4 -47.7082
      vertex 14.03 0 -47.7082
    endloop
  endfacet
  facet normal 0.555557 0 -0.831478
    outer loop
      vertex 14.03 4 -47.7082
      vertex 13.2465 0 -48.2317
      vertex 13.2465 4 -48.2317
    endloop
  endfacet
  facet normal 0.6191 0 -0.785312
    outer loop
      vertex 14.03 0 -47.7082
      vertex 14.7699 4 -47.1249
      vertex 14.7699 0 -47.1249
    endloop
  endfacet
  facet normal 0.6191 0 -0.785312
    outer loop
      vertex 14.7699 4 -47.1249
      vertex 14.03 0 -47.7082
      vertex 14.03 4 -47.7082
    endloop
  endfacet
  facet normal 0.678809 0 -0.734315
    outer loop
      vertex 14.7699 0 -47.1249
      vertex 15.4618 4 -46.4853
      vertex 15.4618 0 -46.4853
    endloop
  endfacet
  facet normal 0.678809 0 -0.734315
    outer loop
      vertex 15.4618 4 -46.4853
      vertex 14.7699 0 -47.1249
      vertex 14.7699 4 -47.1249
    endloop
  endfacet
  facet normal 0.734315 0 -0.678809
    outer loop
      vertex 16.1014 0 -45.7934
      vertex 15.4618 4 -46.4853
      vertex 16.1014 4 -45.7934
    endloop
  endfacet
  facet normal 0.734315 0 -0.678809
    outer loop
      vertex 15.4618 4 -46.4853
      vertex 16.1014 0 -45.7934
      vertex 15.4618 0 -46.4853
    endloop
  endfacet
  facet normal 0.785301 0 -0.619114
    outer loop
      vertex 16.6848 0 -45.0534
      vertex 16.1014 4 -45.7934
      vertex 16.6848 4 -45.0534
    endloop
  endfacet
  facet normal 0.785301 0 -0.619114
    outer loop
      vertex 16.1014 4 -45.7934
      vertex 16.6848 0 -45.0534
      vertex 16.1014 0 -45.7934
    endloop
  endfacet
  facet normal 0.831495 0 -0.555533
    outer loop
      vertex 17.2082 0 -44.27
      vertex 16.6848 4 -45.0534
      vertex 17.2082 4 -44.27
    endloop
  endfacet
  facet normal 0.831495 0 -0.555533
    outer loop
      vertex 16.6848 4 -45.0534
      vertex 17.2082 0 -44.27
      vertex 16.6848 0 -45.0534
    endloop
  endfacet
  facet normal 0.872495 0 -0.488623
    outer loop
      vertex 17.6686 0 -43.4479
      vertex 17.2082 4 -44.27
      vertex 17.6686 4 -43.4479
    endloop
  endfacet
  facet normal 0.872495 0 -0.488623
    outer loop
      vertex 17.2082 4 -44.27
      vertex 17.6686 0 -43.4479
      vertex 17.2082 0 -44.27
    endloop
  endfacet
  facet normal 0.908079 0 -0.418799
    outer loop
      vertex 18.0221 0 -42.6811
      vertex 18.0631 4 -42.5922
      vertex 18.0631 0 -42.5922
    endloop
  endfacet
  facet normal 0.908173 -5.51919e-06 -0.418594
    outer loop
      vertex 17.7703 0 -43.2274
      vertex 18.0631 4 -42.5922
      vertex 18.0221 0 -42.6811
    endloop
  endfacet
  facet normal 0.908136 9.93357e-06 -0.418675
    outer loop
      vertex 18.0631 4 -42.5922
      vertex 17.7703 0 -43.2274
      vertex 17.6686 4 -43.4479
    endloop
  endfacet
  facet normal 0.908068 0 -0.418823
    outer loop
      vertex 17.6686 4 -43.4479
      vertex 17.7703 0 -43.2274
      vertex 17.6686 0 -43.4479
    endloop
  endfacet
  facet normal 0.938204 0 -0.346084
    outer loop
      vertex 18.3553 0 -41.8001
      vertex 18.3892 4 -41.7082
      vertex 18.3892 0 -41.7082
    endloop
  endfacet
  facet normal 0.9382 2.62675e-07 -0.346094
    outer loop
      vertex 18.3892 4 -41.7082
      vertex 18.3553 0 -41.8001
      vertex 18.0631 4 -42.5922
    endloop
  endfacet
  facet normal 0.938183 -1.01209e-05 -0.34614
    outer loop
      vertex 18.097 0 -42.5002
      vertex 18.0631 4 -42.5922
      vertex 18.3553 0 -41.8001
    endloop
  endfacet
  facet normal 0.938326 0 -0.345753
    outer loop
      vertex 18.0631 4 -42.5922
      vertex 18.097 0 -42.5002
      vertex 18.0631 0 -42.5922
    endloop
  endfacet
  facet normal 0.962508 0 -0.271252
    outer loop
      vertex 18.5954 0 -40.9773
      vertex 18.645 4 -40.8013
      vertex 18.645 0 -40.8013
    endloop
  endfacet
  facet normal 0.962448 1.02304e-05 -0.271468
    outer loop
      vertex 18.645 4 -40.8013
      vertex 18.5954 0 -40.9773
      vertex 18.3892 4 -41.7082
    endloop
  endfacet
  facet normal 0.962449 1.10136e-05 -0.271464
    outer loop
      vertex 18.4159 0 -41.6137
      vertex 18.3892 4 -41.7082
      vertex 18.5954 0 -40.9773
    endloop
  endfacet
  facet normal 0.962327 0 -0.271896
    outer loop
      vertex 18.3892 4 -41.7082
      vertex 18.4159 0 -41.6137
      vertex 18.3892 0 -41.7082
    endloop
  endfacet
  facet normal 0.980777 0 -0.195134
    outer loop
      vertex 18.8097 0 -39.9732
      vertex 18.8288 4 -39.8772
      vertex 18.8288 0 -39.8772
    endloop
  endfacet
  facet normal 0.980788 -1.462e-06 -0.195075
    outer loop
      vertex 18.8288 4 -39.8772
      vertex 18.8097 0 -39.9732
      vertex 18.645 4 -40.8013
    endloop
  endfacet
  facet normal 0.980791 1.84543e-06 -0.19506
    outer loop
      vertex 18.6641 0 -40.7053
      vertex 18.645 4 -40.8013
      vertex 18.8097 0 -39.9732
    endloop
  endfacet
  facet normal 0.980777 0 -0.195134
    outer loop
      vertex 18.645 4 -40.8013
      vertex 18.6641 0 -40.7053
      vertex 18.645 0 -40.8013
    endloop
  endfacet
  facet normal 0.992997 0 -0.118141
    outer loop
      vertex 18.928 0 -39.039
      vertex 18.9396 4 -38.9415
      vertex 18.9396 0 -38.9415
    endloop
  endfacet
  facet normal 0.993062 -1.35635e-05 -0.117592
    outer loop
      vertex 18.9396 4 -38.9415
      vertex 18.928 0 -39.039
      vertex 18.8288 4 -39.8772
    endloop
  endfacet
  facet normal 0.993069 -9.85028e-07 -0.117533
    outer loop
      vertex 18.8403 0 -39.78
      vertex 18.8288 4 -39.8772
      vertex 18.928 0 -39.039
    endloop
  endfacet
  facet normal 0.993074 0 -0.117493
    outer loop
      vertex 18.8288 4 -39.8772
      vertex 18.8403 0 -39.78
      vertex 18.8288 0 -39.8772
    endloop
  endfacet
  facet normal 0.999165 0 -0.0408656
    outer loop
      vertex 18.9746 0 -38.0489
      vertex 18.9766 4 -38
      vertex 18.9766 0 -38
    endloop
  endfacet
  facet normal 0.999234 -2.11588e-05 -0.0391377
    outer loop
      vertex 18.9714 0 -38.1306
      vertex 18.9766 4 -38
      vertex 18.9746 0 -38.0489
    endloop
  endfacet
  facet normal 0.999229 -1.68749e-05 -0.0392687
    outer loop
      vertex 18.9766 4 -38
      vertex 18.9714 0 -38.1306
      vertex 18.9396 4 -38.9415
    endloop
  endfacet
  facet normal 0.999232 0 -0.0391856
    outer loop
      vertex 18.9396 4 -38.9415
      vertex 18.9714 0 -38.1306
      vertex 18.9396 0 -38.9415
    endloop
  endfacet
  facet normal 1 -0 0
    outer loop
      vertex 18.9766 -10 -34.491
      vertex 18.9766 0 -37.9507
      vertex 18.9766 0 -34.491
    endloop
  endfacet
  facet normal 1 0 0
    outer loop
      vertex 18.9766 0 -37.9507
      vertex 18.9766 -10 -34.491
      vertex 18.9766 -10 -37.9507
    endloop
  endfacet
  facet normal 1 0 0
    outer loop
      vertex 18.9766 0 -34.491
      vertex 18.9766 4 -34.4909
      vertex 18.9766 0 -34.4909
    endloop
  endfacet
  facet normal 1 0 0
    outer loop
      vertex 18.9766 0 -37.9507
      vertex 18.9766 4 -34.4909
      vertex 18.9766 0 -34.491
    endloop
  endfacet
  facet normal 1 0 0
    outer loop
      vertex 18.9766 4 -34.4909
      vertex 18.9766 0 -37.9507
      vertex 18.9766 4 -38
    endloop
  endfacet
  facet normal 1 0 0
    outer loop
      vertex 18.9766 4 -38
      vertex 18.9766 0 -37.9507
      vertex 18.9766 0 -38
    endloop
  endfacet
  facet normal 0.999231 0 -0.0391994
    outer loop
      vertex 19.032 0 -33.0787
      vertex 18.9766 4 -34.4909
      vertex 19.032 4 -33.0787
    endloop
  endfacet
  facet normal 0.999231 0 -0.0391994
    outer loop
      vertex 18.9766 4 -34.4909
      vertex 19.032 0 -33.0787
      vertex 18.9766 0 -34.4909
    endloop
  endfacet
  facet normal 1 0 0
    outer loop
      vertex 19.1982 0 -31.6752
      vertex 19.1982 4 -31.6751
      vertex 19.1982 0 -31.6751
    endloop
  endfacet
  facet normal 0.993059 2.94052e-06 -0.117621
    outer loop
      vertex 19.0713 0 -32.7466
      vertex 19.1982 4 -31.6751
      vertex 19.1982 0 -31.6752
    endloop
  endfacet
  facet normal 0.993062 -5.93248e-06 -0.117588
    outer loop
      vertex 19.1982 4 -31.6751
      vertex 19.0713 0 -32.7466
      vertex 19.032 4 -33.0787
    endloop
  endfacet
  facet normal 0.993071 0 -0.117518
    outer loop
      vertex 19.032 4 -33.0787
      vertex 19.0713 0 -32.7466
      vertex 19.032 0 -33.0787
    endloop
  endfacet
  facet normal 0.980762 0 -0.195209
    outer loop
      vertex 19.3828 0 -30.7466
      vertex 19.4739 4 -30.2889
      vertex 19.4739 0 -30.2889
    endloop
  endfacet
  facet normal 0.98079 -1.67917e-05 -0.195068
    outer loop
      vertex 19.4739 4 -30.2889
      vertex 19.3828 0 -30.7466
      vertex 19.1982 4 -31.6751
    endloop
  endfacet
  facet normal 0.980803 0 -0.194999
    outer loop
      vertex 19.1982 4 -31.6751
      vertex 19.3828 0 -30.7466
      vertex 19.1982 0 -31.6751
    endloop
  endfacet
  facet normal 0.962463 0 -0.271411
    outer loop
      vertex 19.8575 0 -28.9286
      vertex 19.4739 4 -30.2889
      vertex 19.8575 4 -28.9286
    endloop
  endfacet
  facet normal 0.962463 0 -0.271411
    outer loop
      vertex 19.4739 4 -30.2889
      vertex 19.8575 0 -28.9286
      vertex 19.4739 0 -30.2889
    endloop
  endfacet
  facet normal 1 0 0
    outer loop
      vertex 20.3467 0 -27.6027
      vertex 20.3467 4 -27.6026
      vertex 20.3467 0 -27.6026
    endloop
  endfacet
  facet normal 0.938188 8.65313e-06 -0.346125
    outer loop
      vertex 20.3467 4 -27.6026
      vertex 20.3467 0 -27.6027
      vertex 19.8575 4 -28.9286
    endloop
  endfacet
  facet normal 0.93818 0 -0.346148
    outer loop
      vertex 19.8575 4 -28.9286
      vertex 20.3467 0 -27.6027
      vertex 19.8575 0 -28.9286
    endloop
  endfacet
  facet normal 0.908144 0 -0.418659
    outer loop
      vertex 20.9384 0 -26.3191
      vertex 20.3467 4 -27.6026
      vertex 20.9384 4 -26.3191
    endloop
  endfacet
  facet normal 0.908144 0 -0.418659
    outer loop
      vertex 20.3467 4 -27.6026
      vertex 20.9384 0 -26.3191
      vertex 20.3467 0 -27.6026
    endloop
  endfacet
  facet normal 0.872487 0 -0.488638
    outer loop
      vertex 21.629 0 -25.086
      vertex 20.9384 4 -26.3191
      vertex 21.629 4 -25.086
    endloop
  endfacet
  facet normal 0.872487 0 -0.488638
    outer loop
      vertex 20.9384 4 -26.3191
      vertex 21.629 0 -25.086
      vertex 20.9384 0 -26.3191
    endloop
  endfacet
  facet normal 0.831484 0 -0.555549
    outer loop
      vertex 22.4142 0 -23.9108
      vertex 21.629 4 -25.086
      vertex 22.4142 4 -23.9108
    endloop
  endfacet
  facet normal 0.831495 6.89905e-06 -0.555533
    outer loop
      vertex 21.6291 0 -25.0859
      vertex 21.629 4 -25.086
      vertex 22.4142 0 -23.9108
    endloop
  endfacet
  facet normal 0.707107 0 -0.707107
    outer loop
      vertex 21.629 4 -25.086
      vertex 21.6291 0 -25.0859
      vertex 21.629 0 -25.086
    endloop
  endfacet
  facet normal 0.785326 0 -0.619083
    outer loop
      vertex 22.5202 0 -23.7764
      vertex 23.2892 4 -22.8009
      vertex 23.2892 0 -22.8009
    endloop
  endfacet
  facet normal 0.785308 8.73823e-06 -0.619105
    outer loop
      vertex 23.2892 4 -22.8009
      vertex 22.5202 0 -23.7764
      vertex 22.4142 4 -23.9108
    endloop
  endfacet
  facet normal 0.785182 0 -0.619265
    outer loop
      vertex 22.4142 4 -23.9108
      vertex 22.5202 0 -23.7764
      vertex 22.4142 0 -23.9108
    endloop
  endfacet
  facet normal 0.734331 0 -0.678791
    outer loop
      vertex 24.2486 0 -21.763
      vertex 23.2892 4 -22.8009
      vertex 24.2486 4 -21.763
    endloop
  endfacet
  facet normal 0.734331 0 -0.678791
    outer loop
      vertex 23.2892 4 -22.8009
      vertex 24.2486 0 -21.763
      vertex 23.2892 0 -22.8009
    endloop
  endfacet
  facet normal 0.678791 0 -0.734331
    outer loop
      vertex 24.2486 0 -21.763
      vertex 25.2865 4 -20.8036
      vertex 25.2865 0 -20.8036
    endloop
  endfacet
  facet normal 0.678791 0 -0.734331
    outer loop
      vertex 25.2865 4 -20.8036
      vertex 24.2486 0 -21.763
      vertex 24.2486 4 -21.763
    endloop
  endfacet
  facet normal 0.619105 0 -0.785308
    outer loop
      vertex 25.2865 0 -20.8036
      vertex 26.3964 4 -19.9286
      vertex 26.3964 0 -19.9286
    endloop
  endfacet
  facet normal 0.619105 0 -0.785308
    outer loop
      vertex 26.3964 4 -19.9286
      vertex 25.2865 0 -20.8036
      vertex 25.2865 4 -20.8036
    endloop
  endfacet
  facet normal 0.555549 0 -0.831484
    outer loop
      vertex 26.3964 0 -19.9286
      vertex 27.5716 4 -19.1434
      vertex 27.5716 0 -19.1434
    endloop
  endfacet
  facet normal 0.555549 0 -0.831484
    outer loop
      vertex 27.5716 4 -19.1434
      vertex 26.3964 0 -19.9286
      vertex 26.3964 4 -19.9286
    endloop
  endfacet
  facet normal 0.488696 0 -0.872454
    outer loop
      vertex 28.5478 0 -18.5967
      vertex 28.8047 4 -18.4528
      vertex 28.8047 0 -18.4528
    endloop
  endfacet
  facet normal 0.488622 0 -0.872495
    outer loop
      vertex 27.5716 4 -19.1434
      vertex 28.5478 0 -18.5967
      vertex 27.5716 0 -19.1434
    endloop
  endfacet
  facet normal 0.488638 4.94404e-06 -0.872487
    outer loop
      vertex 28.5478 0 -18.5967
      vertex 27.5716 4 -19.1434
      vertex 28.8047 4 -18.4528
    endloop
  endfacet
  facet normal 0.418667 0 -0.90814
    outer loop
      vertex 29.6907 0 -18.0444
      vertex 30.0883 4 -17.8611
      vertex 30.0883 0 -17.8611
    endloop
  endfacet
  facet normal 0.418616 0 -0.908163
    outer loop
      vertex 28.8047 4 -18.4528
      vertex 29.6907 0 -18.0444
      vertex 28.8047 0 -18.4528
    endloop
  endfacet
  facet normal 0.418632 4.23797e-06 -0.908156
    outer loop
      vertex 29.6907 0 -18.0444
      vertex 28.8047 4 -18.4528
      vertex 30.0883 4 -17.8611
    endloop
  endfacet
  facet normal 0.346148 0 -0.93818
    outer loop
      vertex 30.0883 0 -17.8611
      vertex 31.4142 4 -17.3719
      vertex 31.4142 0 -17.3719
    endloop
  endfacet
  facet normal 0.346148 0 -0.93818
    outer loop
      vertex 31.4142 4 -17.3719
      vertex 30.0883 0 -17.8611
      vertex 30.0883 4 -17.8611
    endloop
  endfacet
  facet normal 0.271464 0 -0.962449
    outer loop
      vertex 31.6616 0 -17.3022
      vertex 32.7745 4 -16.9883
      vertex 32.7745 0 -16.9883
    endloop
  endfacet
  facet normal 0.271174 0 -0.96253
    outer loop
      vertex 31.4142 4 -17.3719
      vertex 31.6616 0 -17.3022
      vertex 31.4142 0 -17.3719
    endloop
  endfacet
  facet normal 0.271411 1.58718e-05 -0.962463
    outer loop
      vertex 31.6616 0 -17.3022
      vertex 31.4142 4 -17.3719
      vertex 32.7745 4 -16.9883
    endloop
  endfacet
  facet normal 0.195121 0 -0.980779
    outer loop
      vertex 33.2323 0 -16.8972
      vertex 34.1607 4 -16.7125
      vertex 34.1607 0 -16.7125
    endloop
  endfacet
  facet normal 0.195168 0 -0.98077
    outer loop
      vertex 32.7745 4 -16.9883
      vertex 33.2323 0 -16.8972
      vertex 32.7745 0 -16.9883
    endloop
  endfacet
  facet normal 0.195136 -3.81712e-06 -0.980776
    outer loop
      vertex 33.2323 0 -16.8972
      vertex 32.7745 4 -16.9883
      vertex 34.1607 4 -16.7125
    endloop
  endfacet
  facet normal 0.117518 0 -0.993071
    outer loop
      vertex 35.2322 0 -16.5857
      vertex 35.5643 4 -16.5464
      vertex 35.5643 0 -16.5464
    endloop
  endfacet
  facet normal 0.11753 2.93824e-06 -0.993069
    outer loop
      vertex 34.1607 4 -16.7125
      vertex 35.2322 0 -16.5857
      vertex 34.1608 0 -16.7125
    endloop
  endfacet
  facet normal 0 0 -1
    outer loop
      vertex 34.1607 4 -16.7125
      vertex 34.1608 0 -16.7125
      vertex 34.1607 0 -16.7125
    endloop
  endfacet
  facet normal 0.117519 -5.83701e-08 -0.993071
    outer loop
      vertex 35.2322 0 -16.5857
      vertex 34.1607 4 -16.7125
      vertex 35.5643 4 -16.5464
    endloop
  endfacet
  facet normal 0.0392673 0 -0.999229
    outer loop
      vertex 35.5643 0 -16.5464
      vertex 36.9766 4 -16.4909
      vertex 36.9766 0 -16.4909
    endloop
  endfacet
  facet normal 0.0392673 0 -0.999229
    outer loop
      vertex 36.9766 4 -16.4909
      vertex 35.5643 0 -16.5464
      vertex 35.5643 4 -16.5464
    endloop
  endfacet
  facet normal 0 0 -1
    outer loop
      vertex 37.9507 -10 -16.4909
      vertex 36.9767 -10 -16.4909
      vertex 37.9507 0 -16.4909
    endloop
  endfacet
  facet normal 0 0 -1
    outer loop
      vertex 37.9507 0 -16.4909
      vertex 38 4 -16.4909
      vertex 38 0 -16.4909
    endloop
  endfacet
  facet normal 0 0 -1
    outer loop
      vertex 36.9767 0 -16.4909
      vertex 37.9507 0 -16.4909
      vertex 36.9767 -10 -16.4909
    endloop
  endfacet
  facet normal 0 0 -1
    outer loop
      vertex 36.9766 4 -16.4909
      vertex 37.9507 0 -16.4909
      vertex 36.9767 0 -16.4909
    endloop
  endfacet
  facet normal 0 0 -1
    outer loop
      vertex 36.9766 4 -16.4909
      vertex 36.9767 0 -16.4909
      vertex 36.9766 0 -16.4909
    endloop
  endfacet
  facet normal 0 0 -1
    outer loop
      vertex 37.9507 0 -16.4909
      vertex 36.9766 4 -16.4909
      vertex 38 4 -16.4909
    endloop
  endfacet
  facet normal 0.0393086 0 -0.999227
    outer loop
      vertex 38.1306 0 -16.4858
      vertex 38.9415 4 -16.4539
      vertex 38.9415 0 -16.4539
    endloop
  endfacet
  facet normal 0.0391377 3.82204e-06 -0.999234
    outer loop
      vertex 38 4 -16.4909
      vertex 38.1306 0 -16.4858
      vertex 38.0489 0 -16.489
    endloop
  endfacet
  facet normal 0.0388255 0 -0.999246
    outer loop
      vertex 38 4 -16.4909
      vertex 38.0489 0 -16.489
      vertex 38 0 -16.4909
    endloop
  endfacet
  facet normal 0.0392687 8.1058e-06 -0.999229
    outer loop
      vertex 38.1306 0 -16.4858
      vertex 38 4 -16.4909
      vertex 38.9415 4 -16.4539
    endloop
  endfacet
  facet normal 0.117493 0 -0.993074
    outer loop
      vertex 39.78 0 -16.3547
      vertex 39.8772 4 -16.3432
      vertex 39.8772 0 -16.3432
    endloop
  endfacet
  facet normal 0.117533 -9.85028e-07 -0.993069
    outer loop
      vertex 39.039 0 -16.4424
      vertex 39.8772 4 -16.3432
      vertex 39.78 0 -16.3547
    endloop
  endfacet
  facet normal 0.117137 0 -0.993116
    outer loop
      vertex 38.9415 4 -16.4539
      vertex 39.039 0 -16.4424
      vertex 38.9415 0 -16.4539
    endloop
  endfacet
  facet normal 0.117488 8.67627e-06 -0.993074
    outer loop
      vertex 39.039 0 -16.4424
      vertex 38.9415 4 -16.4539
      vertex 39.8772 4 -16.3432
    endloop
  endfacet
  facet normal 0.195134 0 -0.980777
    outer loop
      vertex 40.7053 0 -16.1785
      vertex 40.8013 4 -16.1594
      vertex 40.8013 0 -16.1594
    endloop
  endfacet
  facet normal 0.19506 1.84543e-06 -0.980791
    outer loop
      vertex 39.9732 0 -16.3241
      vertex 40.8013 4 -16.1594
      vertex 40.7053 0 -16.1785
    endloop
  endfacet
  facet normal 0.195134 0 -0.980777
    outer loop
      vertex 39.8772 4 -16.3432
      vertex 39.9732 0 -16.3241
      vertex 39.8772 0 -16.3432
    endloop
  endfacet
  facet normal 0.195075 -1.462e-06 -0.980788
    outer loop
      vertex 39.9732 0 -16.3241
      vertex 39.8772 4 -16.3432
      vertex 40.8013 4 -16.1594
    endloop
  endfacet
  facet normal 0.270952 0 -0.962593
    outer loop
      vertex 41.6137 0 -15.9302
      vertex 41.7082 4 -15.9036
      vertex 41.7082 0 -15.9036
    endloop
  endfacet
  facet normal 0.271464 -1.30477e-05 -0.962449
    outer loop
      vertex 40.9773 0 -16.1097
      vertex 41.7082 4 -15.9036
      vertex 41.6137 0 -15.9302
    endloop
  endfacet
  facet normal 0.271759 0 -0.962365
    outer loop
      vertex 40.8013 4 -16.1594
      vertex 40.9773 0 -16.1097
      vertex 40.8013 0 -16.1594
    endloop
  endfacet
  facet normal 0.271468 -1.38307e-05 -0.962448
    outer loop
      vertex 40.9773 0 -16.1097
      vertex 40.8013 4 -16.1594
      vertex 41.7082 4 -15.9036
    endloop
  endfacet
  facet normal 0.345753 0 -0.938326
    outer loop
      vertex 42.5002 0 -15.6114
      vertex 42.5922 4 -15.5775
      vertex 42.5922 0 -15.5775
    endloop
  endfacet
  facet normal 0.34614 -1.01209e-05 -0.938183
    outer loop
      vertex 41.8001 0 -15.8697
      vertex 42.5922 4 -15.5775
      vertex 42.5002 0 -15.6114
    endloop
  endfacet
  facet normal 0.346084 0 -0.938204
    outer loop
      vertex 41.7082 4 -15.9036
      vertex 41.8001 0 -15.8697
      vertex 41.7082 0 -15.9036
    endloop
  endfacet
  facet normal 0.346094 2.62675e-07 -0.9382
    outer loop
      vertex 41.8001 0 -15.8697
      vertex 41.7082 4 -15.9036
      vertex 42.5922 4 -15.5775
    endloop
  endfacet
  facet normal 0.418618 0 -0.908162
    outer loop
      vertex 42.9895 0 -15.3943
      vertex 43.4479 4 -15.183
      vertex 43.4479 0 -15.183
    endloop
  endfacet
  facet normal 0.418703 -4.35351e-06 -0.908123
    outer loop
      vertex 42.5922 4 -15.5775
      vertex 42.9895 0 -15.3943
      vertex 42.6813 0 -15.5364
    endloop
  endfacet
  facet normal 0.418864 0 -0.908049
    outer loop
      vertex 42.5922 4 -15.5775
      vertex 42.6813 0 -15.5364
      vertex 42.5922 0 -15.5775
    endloop
  endfacet
  facet normal 0.418675 -7.79775e-06 -0.908136
    outer loop
      vertex 42.9895 0 -15.3943
      vertex 42.5922 4 -15.5775
      vertex 43.4479 4 -15.183
    endloop
  endfacet
  facet normal 0.488623 0 -0.872495
    outer loop
      vertex 43.4479 0 -15.183
      vertex 44.27 4 -14.7226
      vertex 44.27 0 -14.7226
    endloop
  endfacet
  facet normal 0.488623 0 -0.872495
    outer loop
      vertex 44.27 4 -14.7226
      vertex 43.4479 0 -15.183
      vertex 43.4479 4 -15.183
    endloop
  endfacet
  facet normal 0.555606 0 -0.831446
    outer loop
      vertex 44.27 0 -14.7226
      vertex 45.0534 4 -14.1991
      vertex 45.0534 0 -14.1991
    endloop
  endfacet
  facet normal 0.555606 0 -0.831446
    outer loop
      vertex 45.0534 4 -14.1991
      vertex 44.27 0 -14.7226
      vertex 44.27 4 -14.7226
    endloop
  endfacet
  facet normal 0.619049 0 -0.785353
    outer loop
      vertex 45.0534 0 -14.1991
      vertex 45.7934 4 -13.6158
      vertex 45.7934 0 -13.6158
    endloop
  endfacet
  facet normal 0.619049 0 -0.785353
    outer loop
      vertex 45.7934 4 -13.6158
      vertex 45.0534 0 -14.1991
      vertex 45.0534 4 -14.1991
    endloop
  endfacet
  facet normal 0.678809 0 -0.734315
    outer loop
      vertex 45.7934 0 -13.6158
      vertex 46.4853 4 -12.9762
      vertex 46.4853 0 -12.9762
    endloop
  endfacet
  facet normal 0.678809 0 -0.734315
    outer loop
      vertex 46.4853 4 -12.9762
      vertex 45.7934 0 -13.6158
      vertex 45.7934 4 -13.6158
    endloop
  endfacet
  facet normal 0.734315 0 -0.678809
    outer loop
      vertex 47.1249 0 -12.2843
      vertex 46.4853 4 -12.9762
      vertex 47.1249 4 -12.2843
    endloop
  endfacet
  facet normal 0.734315 0 -0.678809
    outer loop
      vertex 46.4853 4 -12.9762
      vertex 47.1249 0 -12.2843
      vertex 46.4853 0 -12.9762
    endloop
  endfacet
  facet normal 0.785312 0 -0.6191
    outer loop
      vertex 47.7082 0 -11.5444
      vertex 47.1249 4 -12.2843
      vertex 47.7082 4 -11.5444
    endloop
  endfacet
  facet normal 0.785312 0 -0.6191
    outer loop
      vertex 47.1249 4 -12.2843
      vertex 47.7082 0 -11.5444
      vertex 47.1249 0 -12.2843
    endloop
  endfacet
  facet normal 0.831478 0 -0.555557
    outer loop
      vertex 48.2317 0 -10.7609
      vertex 47.7082 4 -11.5444
      vertex 48.2317 4 -10.7609
    endloop
  endfacet
  facet normal 0.831478 0 -0.555557
    outer loop
      vertex 47.7082 4 -11.5444
      vertex 48.2317 0 -10.7609
      vertex 47.7082 0 -11.5444
    endloop
  endfacet
  facet normal 0.872493 0 -0.488627
    outer loop
      vertex 48.6921 0 -9.93881
      vertex 48.2317 4 -10.7609
      vertex 48.6921 4 -9.93881
    endloop
  endfacet
  facet normal 0.872493 0 -0.488627
    outer loop
      vertex 48.2317 4 -10.7609
      vertex 48.6921 0 -9.93881
      vertex 48.2317 0 -10.7609
    endloop
  endfacet
  facet normal 0.908472 0 -0.417946
    outer loop
      vertex 49.0455 0 -9.17225
      vertex 49.0865 4 -9.08313
      vertex 49.0865 0 -9.08313
    endloop
  endfacet
  facet normal 0.908118 2.07457e-05 -0.418714
    outer loop
      vertex 48.9034 0 -9.48044
      vertex 49.0865 4 -9.08313
      vertex 49.0455 0 -9.17225
    endloop
  endfacet
  facet normal 0.908173 6.38294e-06 -0.418595
    outer loop
      vertex 49.0865 4 -9.08313
      vertex 48.9034 0 -9.48044
      vertex 48.6921 4 -9.93881
    endloop
  endfacet
  facet normal 0.908152 0 -0.418641
    outer loop
      vertex 48.6921 4 -9.93881
      vertex 48.9034 0 -9.48044
      vertex 48.6921 0 -9.93881
    endloop
  endfacet
  facet normal 0.937933 0 -0.346816
    outer loop
      vertex 49.3787 0 -8.29108
      vertex 49.4127 4 -8.19913
      vertex 49.4127 0 -8.19913
    endloop
  endfacet
  facet normal 0.938165 -1.64259e-05 -0.346187
    outer loop
      vertex 49.4127 4 -8.19913
      vertex 49.3787 0 -8.29108
      vertex 49.0865 4 -9.08313
    endloop
  endfacet
  facet normal 0.938222 1.78057e-05 -0.346035
    outer loop
      vertex 49.1205 0 -8.99115
      vertex 49.0865 4 -9.08313
      vertex 49.3787 0 -8.29108
    endloop
  endfacet
  facet normal 0.93797 0 -0.346716
    outer loop
      vertex 49.0865 4 -9.08313
      vertex 49.1205 0 -8.99115
      vertex 49.0865 0 -9.08313
    endloop
  endfacet
  facet normal 0.962492 0 -0.271309
    outer loop
      vertex 49.6188 0 -7.46823
      vertex 49.6684 4 -7.29227
      vertex 49.6684 0 -7.29227
    endloop
  endfacet
  facet normal 0.962472 3.37395e-06 -0.271381
    outer loop
      vertex 49.6684 4 -7.29227
      vertex 49.6188 0 -7.46823
      vertex 49.4127 4 -8.19913
    endloop
  endfacet
  facet normal 0.962454 -9.15084e-06 -0.271444
    outer loop
      vertex 49.4393 0 -8.10468
      vertex 49.4127 4 -8.19913
      vertex 49.6188 0 -7.46823
    endloop
  endfacet
  facet normal 0.962555 0 -0.271085
    outer loop
      vertex 49.4127 4 -8.19913
      vertex 49.4393 0 -8.10468
      vertex 49.4127 0 -8.19913
    endloop
  endfacet
  facet normal 0.980784 0 -0.195095
    outer loop
      vertex 49.8331 0 -6.46417
      vertex 49.8522 4 -6.36815
      vertex 49.8522 0 -6.36815
    endloop
  endfacet
  facet normal 0.980789 -5.87973e-07 -0.195071
    outer loop
      vertex 49.8522 4 -6.36815
      vertex 49.8331 0 -6.46417
      vertex 49.6684 4 -7.29227
    endloop
  endfacet
  facet normal 0.980787 -2.5678e-06 -0.19508
    outer loop
      vertex 49.6875 0 -7.19619
      vertex 49.6684 4 -7.29227
      vertex 49.8331 0 -6.46417
    endloop
  endfacet
  facet normal 0.980808 0 -0.194977
    outer loop
      vertex 49.6684 4 -7.29227
      vertex 49.6875 0 -7.19619
      vertex 49.6684 0 -7.29227
    endloop
  endfacet
  facet normal 0.993065 0 -0.11757
    outer loop
      vertex 49.8735 0 -6.1884
      vertex 49.963 4 -5.43243
      vertex 49.963 0 -5.43243
    endloop
  endfacet
  facet normal 0.993062 3.8567e-06 -0.11759
    outer loop
      vertex 49.963 4 -5.43243
      vertex 49.8735 0 -6.1884
      vertex 49.8522 4 -6.36815
    endloop
  endfacet
  facet normal 0.993141 3.41494e-05 -0.116925
    outer loop
      vertex 49.8638 0 -6.27079
      vertex 49.8522 4 -6.36815
      vertex 49.8735 0 -6.1884
    endloop
  endfacet
  facet normal 0.992977 0 -0.118309
    outer loop
      vertex 49.8522 4 -6.36815
      vertex 49.8638 0 -6.27079
      vertex 49.8522 0 -6.36815
    endloop
  endfacet
  facet normal 0.999229 0 -0.0392691
    outer loop
      vertex 50 0 -4.49094
      vertex 49.963 4 -5.43243
      vertex 50 4 -4.49094
    endloop
  endfacet
  facet normal 0.999229 0 -0.0392691
    outer loop
      vertex 49.963 4 -5.43243
      vertex 50 0 -4.49094
      vertex 49.963 0 -5.43243
    endloop
  endfacet
  facet normal 1 -0 0
    outer loop
      vertex 50 0 4.49094
      vertex 50 4 -4.49094
      vertex 50 4 4.49094
    endloop
  endfacet
  facet normal 1 0 0
    outer loop
      vertex 50 4 -4.49094
      vertex 50 0 4.49094
      vertex 50 0 -4.49094
    endloop
  endfacet
  facet normal 0.999229 -0 0.0392691
    outer loop
      vertex 49.963 0 5.43243
      vertex 50 4 4.49094
      vertex 49.963 4 5.43243
    endloop
  endfacet
  facet normal 0.999229 0 0.0392691
    outer loop
      vertex 50 4 4.49094
      vertex 49.963 0 5.43243
      vertex 50 0 4.49094
    endloop
  endfacet
  facet normal 0.993062 -0 0.11759
    outer loop
      vertex 49.8522 0 6.36815
      vertex 49.963 4 5.43243
      vertex 49.8522 4 6.36815
    endloop
  endfacet
  facet normal 0.993062 0 0.11759
    outer loop
      vertex 49.963 4 5.43243
      vertex 49.8522 0 6.36815
      vertex 49.963 0 5.43243
    endloop
  endfacet
  facet normal 0.980789 -0 0.195071
    outer loop
      vertex 49.6684 0 7.29227
      vertex 49.8522 4 6.36815
      vertex 49.6684 4 7.29227
    endloop
  endfacet
  facet normal 0.980789 0 0.195071
    outer loop
      vertex 49.8522 4 6.36815
      vertex 49.6684 0 7.29227
      vertex 49.8522 0 6.36815
    endloop
  endfacet
  facet normal 0.962472 -0 0.271381
    outer loop
      vertex 49.4127 0 8.19913
      vertex 49.6684 4 7.29227
      vertex 49.4127 4 8.19913
    endloop
  endfacet
  facet normal 0.962472 0 0.271381
    outer loop
      vertex 49.6684 4 7.29227
      vertex 49.4127 0 8.19913
      vertex 49.6684 0 7.29227
    endloop
  endfacet
  facet normal 0.938165 -0 0.346187
    outer loop
      vertex 49.0865 0 9.08313
      vertex 49.4127 4 8.19913
      vertex 49.0865 4 9.08313
    endloop
  endfacet
  facet normal 0.938165 0 0.346187
    outer loop
      vertex 49.4127 4 8.19913
      vertex 49.0865 0 9.08313
      vertex 49.4127 0 8.19913
    endloop
  endfacet
  facet normal 0.908173 -0 0.418595
    outer loop
      vertex 48.6921 0 9.93881
      vertex 49.0865 4 9.08313
      vertex 48.6921 4 9.93881
    endloop
  endfacet
  facet normal 0.908173 0 0.418595
    outer loop
      vertex 49.0865 4 9.08313
      vertex 48.6921 0 9.93881
      vertex 49.0865 0 9.08313
    endloop
  endfacet
  facet normal 0.872493 -0 0.488627
    outer loop
      vertex 48.2317 0 10.7609
      vertex 48.6921 4 9.93881
      vertex 48.2317 4 10.7609
    endloop
  endfacet
  facet normal 0.872493 0 0.488627
    outer loop
      vertex 48.6921 4 9.93881
      vertex 48.2317 0 10.7609
      vertex 48.6921 0 9.93881
    endloop
  endfacet
  facet normal 0.831478 -0 0.555557
    outer loop
      vertex 47.7082 0 11.5444
      vertex 48.2317 4 10.7609
      vertex 47.7082 4 11.5444
    endloop
  endfacet
  facet normal 0.831478 0 0.555557
    outer loop
      vertex 48.2317 4 10.7609
      vertex 47.7082 0 11.5444
      vertex 48.2317 0 10.7609
    endloop
  endfacet
  facet normal 0.785312 -0 0.6191
    outer loop
      vertex 47.1249 0 12.2843
      vertex 47.7082 4 11.5444
      vertex 47.1249 4 12.2843
    endloop
  endfacet
  facet normal 0.785312 0 0.6191
    outer loop
      vertex 47.7082 4 11.5444
      vertex 47.1249 0 12.2843
      vertex 47.7082 0 11.5444
    endloop
  endfacet
  facet normal 0.734315 -0 0.678809
    outer loop
      vertex 46.4853 0 12.9762
      vertex 47.1249 4 12.2843
      vertex 46.4853 4 12.9762
    endloop
  endfacet
  facet normal 0.734315 0 0.678809
    outer loop
      vertex 47.1249 4 12.2843
      vertex 46.4853 0 12.9762
      vertex 47.1249 0 12.2843
    endloop
  endfacet
  facet normal 0.678809 0 0.734315
    outer loop
      vertex 45.7934 4 13.6158
      vertex 46.4853 0 12.9762
      vertex 46.4853 4 12.9762
    endloop
  endfacet
  facet normal 0.678809 0 0.734315
    outer loop
      vertex 46.4853 0 12.9762
      vertex 45.7934 4 13.6158
      vertex 45.7934 0 13.6158
    endloop
  endfacet
  facet normal 0.619049 0 0.785353
    outer loop
      vertex 45.0534 4 14.1991
      vertex 45.7934 0 13.6158
      vertex 45.7934 4 13.6158
    endloop
  endfacet
  facet normal 0.619049 0 0.785353
    outer loop
      vertex 45.7934 0 13.6158
      vertex 45.0534 4 14.1991
      vertex 45.0534 0 14.1991
    endloop
  endfacet
  facet normal 0.555606 0 0.831446
    outer loop
      vertex 44.27 4 14.7226
      vertex 45.0534 0 14.1991
      vertex 45.0534 4 14.1991
    endloop
  endfacet
  facet normal 0.555606 0 0.831446
    outer loop
      vertex 45.0534 0 14.1991
      vertex 44.27 4 14.7226
      vertex 44.27 0 14.7226
    endloop
  endfacet
  facet normal 0.488623 0 0.872495
    outer loop
      vertex 43.4479 4 15.183
      vertex 44.27 0 14.7226
      vertex 44.27 4 14.7226
    endloop
  endfacet
  facet normal 0.488623 0 0.872495
    outer loop
      vertex 44.27 0 14.7226
      vertex 43.4479 4 15.183
      vertex 43.4479 0 15.183
    endloop
  endfacet
  facet normal 0.418675 0 0.908136
    outer loop
      vertex 42.5922 4 15.5775
      vertex 43.4479 0 15.183
      vertex 43.4479 4 15.183
    endloop
  endfacet
  facet normal 0.418675 0 0.908136
    outer loop
      vertex 43.4479 0 15.183
      vertex 42.5922 4 15.5775
      vertex 42.5922 0 15.5775
    endloop
  endfacet
  facet normal 0.346094 0 0.9382
    outer loop
      vertex 41.7082 4 15.9036
      vertex 42.5922 0 15.5775
      vertex 42.5922 4 15.5775
    endloop
  endfacet
  facet normal 0.346094 0 0.9382
    outer loop
      vertex 42.5922 0 15.5775
      vertex 41.7082 4 15.9036
      vertex 41.7082 0 15.9036
    endloop
  endfacet
  facet normal 0.271468 0 0.962448
    outer loop
      vertex 40.8013 4 16.1594
      vertex 41.7082 0 15.9036
      vertex 41.7082 4 15.9036
    endloop
  endfacet
  facet normal 0.271468 0 0.962448
    outer loop
      vertex 41.7082 0 15.9036
      vertex 40.8013 4 16.1594
      vertex 40.8013 0 16.1594
    endloop
  endfacet
  facet normal 0.195075 0 0.980788
    outer loop
      vertex 39.8772 4 16.3432
      vertex 40.8013 0 16.1594
      vertex 40.8013 4 16.1594
    endloop
  endfacet
  facet normal 0.195075 0 0.980788
    outer loop
      vertex 40.8013 0 16.1594
      vertex 39.8772 4 16.3432
      vertex 39.8772 0 16.3432
    endloop
  endfacet
  facet normal 0.117488 0 0.993074
    outer loop
      vertex 38.9415 4 16.4539
      vertex 39.8772 0 16.3432
      vertex 39.8772 4 16.3432
    endloop
  endfacet
  facet normal 0.117488 0 0.993074
    outer loop
      vertex 39.8772 0 16.3432
      vertex 38.9415 4 16.4539
      vertex 38.9415 0 16.4539
    endloop
  endfacet
  facet normal 0.0392687 0 0.999229
    outer loop
      vertex 38 4 16.4909
      vertex 38.9415 0 16.4539
      vertex 38.9415 4 16.4539
    endloop
  endfacet
  facet normal 0.0392687 0 0.999229
    outer loop
      vertex 38.9415 0 16.4539
      vertex 38 4 16.4909
      vertex 38 0 16.4909
    endloop
  endfacet
  facet normal -0 0 1
    outer loop
      vertex 36.9766 4 16.4909
      vertex 38 0 16.4909
      vertex 38 4 16.4909
    endloop
  endfacet
  facet normal 0 0 1
    outer loop
      vertex 38 0 16.4909
      vertex 36.9766 4 16.4909
      vertex 36.9766 0 16.4909
    endloop
  endfacet
  facet normal 0.0392673 0 0.999229
    outer loop
      vertex 35.5643 4 16.5464
      vertex 36.9766 0 16.4909
      vertex 36.9766 4 16.4909
    endloop
  endfacet
  facet normal 0.0392673 0 0.999229
    outer loop
      vertex 36.9766 0 16.4909
      vertex 35.5643 4 16.5464
      vertex 35.5643 0 16.5464
    endloop
  endfacet
  facet normal 0.117556 0 0.993066
    outer loop
      vertex 35.5643 4 16.5464
      vertex 35 1.3562 16.6132
      vertex 35.5643 0 16.5464
    endloop
  endfacet
  facet normal 0.117519 8.09531e-06 0.993071
    outer loop
      vertex 34.1607 4 16.7125
      vertex 35 1.3562 16.6132
      vertex 35.5643 4 16.5464
    endloop
  endfacet
  facet normal 0.117493 0 0.993074
    outer loop
      vertex 35 1.3562 16.6132
      vertex 34.1607 4 16.7125
      vertex 34.1607 1.34969 16.7125
    endloop
  endfacet
  facet normal 0.117556 0 0.993066
    outer loop
      vertex 35.5643 0 16.5464
      vertex 35 1.3562 16.6132
      vertex 35 0 16.6132
    endloop
  endfacet
  facet normal 0.195113 0 0.980781
    outer loop
      vertex 34.1607 4 16.7125
      vertex 32.901 1.33327 16.9631
      vertex 34.1607 1.34969 16.7125
    endloop
  endfacet
  facet normal 0.195136 -1.15519e-05 0.980776
    outer loop
      vertex 32.7745 4 16.9883
      vertex 32.901 1.33327 16.9631
      vertex 34.1607 4 16.7125
    endloop
  endfacet
  facet normal 0.195371 0 0.980729
    outer loop
      vertex 32.901 1.33327 16.9631
      vertex 32.7745 4 16.9883
      vertex 32.7745 1.32826 16.9883
    endloop
  endfacet
  facet normal 0.271411 0 0.962463
    outer loop
      vertex 31.4142 4 17.3719
      vertex 32.7745 1.32826 16.9883
      vertex 32.7745 4 16.9883
    endloop
  endfacet
  facet normal 0.271411 0 0.962463
    outer loop
      vertex 32.7745 1.32826 16.9883
      vertex 31.4142 4 17.3719
      vertex 31.4142 1.25195 17.3719
    endloop
  endfacet
  facet normal 0.346083 0 0.938204
    outer loop
      vertex 31.0916 4 17.4909
      vertex 31.4142 1.25195 17.3719
      vertex 31.4142 4 17.3719
    endloop
  endfacet
  facet normal 0.346083 0 0.938204
    outer loop
      vertex 31.4142 1.25195 17.3719
      vertex 31.0916 4 17.4909
      vertex 31.0916 1.22828 17.4909
    endloop
  endfacet
  facet normal 0 0 1
    outer loop
      vertex 31.0916 4 17.4909
      vertex 25 1.22828 17.4909
      vertex 31.0916 1.22828 17.4909
    endloop
  endfacet
  facet normal 0 0 1
    outer loop
      vertex 25 1.22828 17.4909
      vertex 15 1.22828 17.4909
      vertex 25 0 17.4909
    endloop
  endfacet
  facet normal 0 0 1
    outer loop
      vertex 31.0916 4 17.4909
      vertex 15 1.22828 17.4909
      vertex 25 1.22828 17.4909
    endloop
  endfacet
  facet normal 0 0 1
    outer loop
      vertex 31.0916 4 17.4909
      vertex 5 1.22828 17.4909
      vertex 15 1.22828 17.4909
    endloop
  endfacet
  facet normal 0 0 1
    outer loop
      vertex 5 1.22828 17.4909
      vertex -5 1.22828 17.4909
      vertex 5 0 17.4909
    endloop
  endfacet
  facet normal 0 0 1
    outer loop
      vertex 31.0916 4 17.4909
      vertex -5 1.22828 17.4909
      vertex 5 1.22828 17.4909
    endloop
  endfacet
  facet normal -0 0 1
    outer loop
      vertex -31.0916 4 17.4909
      vertex -5 1.22828 17.4909
      vertex 31.0916 4 17.4909
    endloop
  endfacet
  facet normal 0 0 1
    outer loop
      vertex -15 1.22828 17.4909
      vertex -25 1.22828 17.4909
      vertex -15 0 17.4909
    endloop
  endfacet
  facet normal 0 0 1
    outer loop
      vertex -5 1.22828 17.4909
      vertex -31.0916 4 17.4909
      vertex -15 1.22828 17.4909
    endloop
  endfacet
  facet normal 0 0 1
    outer loop
      vertex -15 1.22828 17.4909
      vertex -31.0916 4 17.4909
      vertex -25 1.22828 17.4909
    endloop
  endfacet
  facet normal 0 0 1
    outer loop
      vertex -25 1.22828 17.4909
      vertex -31.0916 4 17.4909
      vertex -31.0916 1.22828 17.4909
    endloop
  endfacet
  facet normal 0 0 1
    outer loop
      vertex 25 0 17.4909
      vertex 15 1.22828 17.4909
      vertex 15 0 17.4909
    endloop
  endfacet
  facet normal 0 0 1
    outer loop
      vertex 5 0 17.4909
      vertex -5 1.22828 17.4909
      vertex -5 0 17.4909
    endloop
  endfacet
  facet normal 0 0 1
    outer loop
      vertex -15 0 17.4909
      vertex -25 1.22828 17.4909
      vertex -25 0 17.4909
    endloop
  endfacet
  facet normal -0.346083 0 0.938204
    outer loop
      vertex -31.4142 1.25195 17.3719
      vertex -31.0916 4 17.4909
      vertex -31.4142 4 17.3719
    endloop
  endfacet
  facet normal -0.346083 0 0.938204
    outer loop
      vertex -31.0916 4 17.4909
      vertex -31.4142 1.25195 17.3719
      vertex -31.0916 1.22828 17.4909
    endloop
  endfacet
  facet normal -0.271411 0 0.962463
    outer loop
      vertex -32.7745 1.32826 16.9883
      vertex -31.4142 4 17.3719
      vertex -32.7745 4 16.9883
    endloop
  endfacet
  facet normal -0.271411 0 0.962463
    outer loop
      vertex -31.4142 4 17.3719
      vertex -32.7745 1.32826 16.9883
      vertex -31.4142 1.25195 17.3719
    endloop
  endfacet
  facet normal -0.195371 0 0.980729
    outer loop
      vertex -32.7745 4 16.9883
      vertex -32.901 1.33327 16.9631
      vertex -32.7745 1.32826 16.9883
    endloop
  endfacet
  facet normal -0.195136 -1.15519e-05 0.980776
    outer loop
      vertex -34.1607 4 16.7125
      vertex -32.901 1.33327 16.9631
      vertex -32.7745 4 16.9883
    endloop
  endfacet
  facet normal -0.195113 0 0.980781
    outer loop
      vertex -32.901 1.33327 16.9631
      vertex -34.1607 4 16.7125
      vertex -34.1607 1.34969 16.7125
    endloop
  endfacet
  facet normal -0.117493 0 0.993074
    outer loop
      vertex -34.1607 4 16.7125
      vertex -35 1.3562 16.6132
      vertex -34.1607 1.34969 16.7125
    endloop
  endfacet
  facet normal -0.117519 8.09531e-06 0.993071
    outer loop
      vertex -35.5643 4 16.5464
      vertex -35 1.3562 16.6132
      vertex -34.1607 4 16.7125
    endloop
  endfacet
  facet normal -0.117556 0 0.993066
    outer loop
      vertex -35.5643 0 16.5464
      vertex -35 1.3562 16.6132
      vertex -35.5643 4 16.5464
    endloop
  endfacet
  facet normal -0.117556 0 0.993066
    outer loop
      vertex -35 1.3562 16.6132
      vertex -35.5643 0 16.5464
      vertex -35 0 16.6132
    endloop
  endfacet
  facet normal -0.0392673 0 0.999229
    outer loop
      vertex -36.9766 4 16.4909
      vertex -35.5643 0 16.5464
      vertex -35.5643 4 16.5464
    endloop
  endfacet
  facet normal -0.0392673 0 0.999229
    outer loop
      vertex -35.5643 0 16.5464
      vertex -36.9766 4 16.4909
      vertex -36.9766 0 16.4909
    endloop
  endfacet
  facet normal -0 0 1
    outer loop
      vertex -38 4 16.4909
      vertex -36.9766 0 16.4909
      vertex -36.9766 4 16.4909
    endloop
  endfacet
  facet normal 0 0 1
    outer loop
      vertex -36.9766 0 16.4909
      vertex -38 4 16.4909
      vertex -38 0 16.4909
    endloop
  endfacet
  facet normal -0.0392687 0 0.999229
    outer loop
      vertex -38.9415 4 16.4539
      vertex -38 0 16.4909
      vertex -38 4 16.4909
    endloop
  endfacet
  facet normal -0.0392687 0 0.999229
    outer loop
      vertex -38 0 16.4909
      vertex -38.9415 4 16.4539
      vertex -38.9415 0 16.4539
    endloop
  endfacet
  facet normal -0.117488 0 0.993074
    outer loop
      vertex -39.8772 4 16.3432
      vertex -38.9415 0 16.4539
      vertex -38.9415 4 16.4539
    endloop
  endfacet
  facet normal -0.117488 0 0.993074
    outer loop
      vertex -38.9415 0 16.4539
      vertex -39.8772 4 16.3432
      vertex -39.8772 0 16.3432
    endloop
  endfacet
  facet normal -0.195075 0 0.980788
    outer loop
      vertex -40.8013 4 16.1594
      vertex -39.8772 0 16.3432
      vertex -39.8772 4 16.3432
    endloop
  endfacet
  facet normal -0.195075 0 0.980788
    outer loop
      vertex -39.8772 0 16.3432
      vertex -40.8013 4 16.1594
      vertex -40.8013 0 16.1594
    endloop
  endfacet
  facet normal -0.271468 0 0.962448
    outer loop
      vertex -41.7082 4 15.9036
      vertex -40.8013 0 16.1594
      vertex -40.8013 4 16.1594
    endloop
  endfacet
  facet normal -0.271468 0 0.962448
    outer loop
      vertex -40.8013 0 16.1594
      vertex -41.7082 4 15.9036
      vertex -41.7082 0 15.9036
    endloop
  endfacet
  facet normal -0.346094 0 0.9382
    outer loop
      vertex -42.5922 4 15.5775
      vertex -41.7082 0 15.9036
      vertex -41.7082 4 15.9036
    endloop
  endfacet
  facet normal -0.346094 0 0.9382
    outer loop
      vertex -41.7082 0 15.9036
      vertex -42.5922 4 15.5775
      vertex -42.5922 0 15.5775
    endloop
  endfacet
  facet normal -0.418675 0 0.908136
    outer loop
      vertex -43.4479 4 15.183
      vertex -42.5922 0 15.5775
      vertex -42.5922 4 15.5775
    endloop
  endfacet
  facet normal -0.418675 0 0.908136
    outer loop
      vertex -42.5922 0 15.5775
      vertex -43.4479 4 15.183
      vertex -43.4479 0 15.183
    endloop
  endfacet
  facet normal -0.488623 0 0.872495
    outer loop
      vertex -44.27 4 14.7226
      vertex -43.4479 0 15.183
      vertex -43.4479 4 15.183
    endloop
  endfacet
  facet normal -0.488623 0 0.872495
    outer loop
      vertex -43.4479 0 15.183
      vertex -44.27 4 14.7226
      vertex -44.27 0 14.7226
    endloop
  endfacet
  facet normal -0.555606 0 0.831446
    outer loop
      vertex -45.0534 4 14.1991
      vertex -44.27 0 14.7226
      vertex -44.27 4 14.7226
    endloop
  endfacet
  facet normal -0.555606 0 0.831446
    outer loop
      vertex -44.27 0 14.7226
      vertex -45.0534 4 14.1991
      vertex -45.0534 0 14.1991
    endloop
  endfacet
  facet normal -0.619049 0 0.785353
    outer loop
      vertex -45.7934 4 13.6158
      vertex -45.0534 0 14.1991
      vertex -45.0534 4 14.1991
    endloop
  endfacet
  facet normal -0.619049 0 0.785353
    outer loop
      vertex -45.0534 0 14.1991
      vertex -45.7934 4 13.6158
      vertex -45.7934 0 13.6158
    endloop
  endfacet
  facet normal -0.678809 0 0.734315
    outer loop
      vertex -46.4853 4 12.9762
      vertex -45.7934 0 13.6158
      vertex -45.7934 4 13.6158
    endloop
  endfacet
  facet normal -0.678809 0 0.734315
    outer loop
      vertex -45.7934 0 13.6158
      vertex -46.4853 4 12.9762
      vertex -46.4853 0 12.9762
    endloop
  endfacet
  facet normal -0.734315 0 0.678809
    outer loop
      vertex -47.1249 0 12.2843
      vertex -46.4853 4 12.9762
      vertex -47.1249 4 12.2843
    endloop
  endfacet
  facet normal -0.734315 0 0.678809
    outer loop
      vertex -46.4853 4 12.9762
      vertex -47.1249 0 12.2843
      vertex -46.4853 0 12.9762
    endloop
  endfacet
  facet normal -0.785312 0 0.6191
    outer loop
      vertex -47.7082 0 11.5444
      vertex -47.1249 4 12.2843
      vertex -47.7082 4 11.5444
    endloop
  endfacet
  facet normal -0.785312 0 0.6191
    outer loop
      vertex -47.1249 4 12.2843
      vertex -47.7082 0 11.5444
      vertex -47.1249 0 12.2843
    endloop
  endfacet
  facet normal -0.831478 0 0.555557
    outer loop
      vertex -48.2317 0 10.7609
      vertex -47.7082 4 11.5444
      vertex -48.2317 4 10.7609
    endloop
  endfacet
  facet normal -0.831478 0 0.555557
    outer loop
      vertex -47.7082 4 11.5444
      vertex -48.2317 0 10.7609
      vertex -47.7082 0 11.5444
    endloop
  endfacet
  facet normal -0.872493 0 0.488627
    outer loop
      vertex -48.6921 0 9.93881
      vertex -48.2317 4 10.7609
      vertex -48.6921 4 9.93881
    endloop
  endfacet
  facet normal -0.872493 0 0.488627
    outer loop
      vertex -48.2317 4 10.7609
      vertex -48.6921 0 9.93881
      vertex -48.2317 0 10.7609
    endloop
  endfacet
  facet normal -0.908173 0 0.418595
    outer loop
      vertex -49.0865 0 9.08313
      vertex -48.6921 4 9.93881
      vertex -49.0865 4 9.08313
    endloop
  endfacet
  facet normal -0.908173 0 0.418595
    outer loop
      vertex -48.6921 4 9.93881
      vertex -49.0865 0 9.08313
      vertex -48.6921 0 9.93881
    endloop
  endfacet
  facet normal -0.938165 0 0.346187
    outer loop
      vertex -49.4127 0 8.19913
      vertex -49.0865 4 9.08313
      vertex -49.4127 4 8.19913
    endloop
  endfacet
  facet normal -0.938165 0 0.346187
    outer loop
      vertex -49.0865 4 9.08313
      vertex -49.4127 0 8.19913
      vertex -49.0865 0 9.08313
    endloop
  endfacet
  facet normal -0.962472 0 0.271381
    outer loop
      vertex -49.6684 0 7.29227
      vertex -49.4127 4 8.19913
      vertex -49.6684 4 7.29227
    endloop
  endfacet
  facet normal -0.962472 0 0.271381
    outer loop
      vertex -49.4127 4 8.19913
      vertex -49.6684 0 7.29227
      vertex -49.4127 0 8.19913
    endloop
  endfacet
  facet normal -0.980789 0 0.195071
    outer loop
      vertex -49.8522 0 6.36815
      vertex -49.6684 4 7.29227
      vertex -49.8522 4 6.36815
    endloop
  endfacet
  facet normal -0.980789 0 0.195071
    outer loop
      vertex -49.6684 4 7.29227
      vertex -49.8522 0 6.36815
      vertex -49.6684 0 7.29227
    endloop
  endfacet
  facet normal -0.993062 0 0.11759
    outer loop
      vertex -49.963 0 5.43243
      vertex -49.8522 4 6.36815
      vertex -49.963 4 5.43243
    endloop
  endfacet
  facet normal -0.993062 0 0.11759
    outer loop
      vertex -49.8522 4 6.36815
      vertex -49.963 0 5.43243
      vertex -49.8522 0 6.36815
    endloop
  endfacet
  facet normal -0.999229 0 0.0392691
    outer loop
      vertex -50 0 4.49094
      vertex -49.963 4 5.43243
      vertex -50 4 4.49094
    endloop
  endfacet
  facet normal -0.999229 0 0.0392691
    outer loop
      vertex -49.963 4 5.43243
      vertex -50 0 4.49094
      vertex -49.963 0 5.43243
    endloop
  endfacet
  facet normal -1 0 0
    outer loop
      vertex -50 0 -4.49094
      vertex -50 4 4.49094
      vertex -50 4 -4.49094
    endloop
  endfacet
  facet normal -1 -0 0
    outer loop
      vertex -50 4 4.49094
      vertex -50 0 -4.49094
      vertex -50 0 4.49094
    endloop
  endfacet
  facet normal -0.999229 0 -0.0392691
    outer loop
      vertex -49.963 0 -5.43243
      vertex -50 4 -4.49094
      vertex -49.963 4 -5.43243
    endloop
  endfacet
  facet normal -0.999229 -0 -0.0392691
    outer loop
      vertex -50 4 -4.49094
      vertex -49.963 0 -5.43243
      vertex -50 0 -4.49094
    endloop
  endfacet
  facet normal -0.992977 0 -0.118309
    outer loop
      vertex -49.8638 0 -6.27079
      vertex -49.8522 4 -6.36815
      vertex -49.8522 0 -6.36815
    endloop
  endfacet
  facet normal -0.993132 3.24209e-05 -0.116995
    outer loop
      vertex -49.8735 0 -6.18845
      vertex -49.8522 4 -6.36815
      vertex -49.8638 0 -6.27079
    endloop
  endfacet
  facet normal -0.993062 5.32657e-06 -0.11759
    outer loop
      vertex -49.8522 4 -6.36815
      vertex -49.8735 0 -6.18845
      vertex -49.963 4 -5.43243
    endloop
  endfacet
  facet normal -0.993066 -0 -0.117562
    outer loop
      vertex -49.963 4 -5.43243
      vertex -49.8735 0 -6.18845
      vertex -49.963 0 -5.43243
    endloop
  endfacet
  facet normal -0.980808 0 -0.194977
    outer loop
      vertex -49.6875 0 -7.19619
      vertex -49.6684 4 -7.29227
      vertex -49.6684 0 -7.29227
    endloop
  endfacet
  facet normal -0.980789 -2.33809e-06 -0.195071
    outer loop
      vertex -49.6684 4 -7.29227
      vertex -49.6875 0 -7.19619
      vertex -49.8522 4 -6.36815
    endloop
  endfacet
  facet normal -0.980787 -3.58406e-07 -0.19508
    outer loop
      vertex -49.8331 0 -6.46417
      vertex -49.8522 4 -6.36815
      vertex -49.6875 0 -7.19619
    endloop
  endfacet
  facet normal -0.980784 -0 -0.195095
    outer loop
      vertex -49.8522 4 -6.36815
      vertex -49.8331 0 -6.46417
      vertex -49.8522 0 -6.36815
    endloop
  endfacet
  facet normal -0.962555 0 -0.271085
    outer loop
      vertex -49.4393 0 -8.10468
      vertex -49.4127 4 -8.19913
      vertex -49.4127 0 -8.19913
    endloop
  endfacet
  facet normal -0.962454 -9.15084e-06 -0.271444
    outer loop
      vertex -49.6188 0 -7.46823
      vertex -49.4127 4 -8.19913
      vertex -49.4393 0 -8.10468
    endloop
  endfacet
  facet normal -0.962472 3.37395e-06 -0.271381
    outer loop
      vertex -49.4127 4 -8.19913
      vertex -49.6188 0 -7.46823
      vertex -49.6684 4 -7.29227
    endloop
  endfacet
  facet normal -0.962492 -0 -0.271309
    outer loop
      vertex -49.6684 4 -7.29227
      vertex -49.6188 0 -7.46823
      vertex -49.6684 0 -7.29227
    endloop
  endfacet
  facet normal -0.93797 0 -0.346716
    outer loop
      vertex -49.1205 0 -8.99115
      vertex -49.0865 4 -9.08313
      vertex -49.0865 0 -9.08313
    endloop
  endfacet
  facet normal -0.938165 1.38294e-05 -0.346187
    outer loop
      vertex -49.0865 4 -9.08313
      vertex -49.1205 0 -8.99115
      vertex -49.4127 4 -8.19913
    endloop
  endfacet
  facet normal -0.938222 -2.04009e-05 -0.346035
    outer loop
      vertex -49.3787 0 -8.29108
      vertex -49.4127 4 -8.19913
      vertex -49.1205 0 -8.99115
    endloop
  endfacet
  facet normal -0.937933 -0 -0.346816
    outer loop
      vertex -49.4127 4 -8.19913
      vertex -49.3787 0 -8.29108
      vertex -49.4127 0 -8.19913
    endloop
  endfacet
  facet normal -0.908152 0 -0.418641
    outer loop
      vertex -48.9034 0 -9.48044
      vertex -48.6921 4 -9.93881
      vertex -48.6921 0 -9.93881
    endloop
  endfacet
  facet normal -0.908173 6.38294e-06 -0.418595
    outer loop
      vertex -48.6921 4 -9.93881
      vertex -48.9034 0 -9.48044
      vertex -49.0865 4 -9.08313
    endloop
  endfacet
  facet normal -0.908118 2.07457e-05 -0.418714
    outer loop
      vertex -49.0455 0 -9.17225
      vertex -49.0865 4 -9.08313
      vertex -48.9034 0 -9.48044
    endloop
  endfacet
  facet normal -0.908472 -0 -0.417946
    outer loop
      vertex -49.0865 4 -9.08313
      vertex -49.0455 0 -9.17225
      vertex -49.0865 0 -9.08313
    endloop
  endfacet
  facet normal -0.872493 0 -0.488627
    outer loop
      vertex -48.2317 0 -10.7609
      vertex -48.6921 4 -9.93881
      vertex -48.2317 4 -10.7609
    endloop
  endfacet
  facet normal -0.872493 -0 -0.488627
    outer loop
      vertex -48.6921 4 -9.93881
      vertex -48.2317 0 -10.7609
      vertex -48.6921 0 -9.93881
    endloop
  endfacet
  facet normal -0.831478 0 -0.555557
    outer loop
      vertex -47.7082 0 -11.5444
      vertex -48.2317 4 -10.7609
      vertex -47.7082 4 -11.5444
    endloop
  endfacet
  facet normal -0.831478 -0 -0.555557
    outer loop
      vertex -48.2317 4 -10.7609
      vertex -47.7082 0 -11.5444
      vertex -48.2317 0 -10.7609
    endloop
  endfacet
  facet normal -0.785312 0 -0.6191
    outer loop
      vertex -47.1249 0 -12.2843
      vertex -47.7082 4 -11.5444
      vertex -47.1249 4 -12.2843
    endloop
  endfacet
  facet normal -0.785312 -0 -0.6191
    outer loop
      vertex -47.7082 4 -11.5444
      vertex -47.1249 0 -12.2843
      vertex -47.7082 0 -11.5444
    endloop
  endfacet
  facet normal -0.734315 0 -0.678809
    outer loop
      vertex -46.4853 0 -12.9762
      vertex -47.1249 4 -12.2843
      vertex -46.4853 4 -12.9762
    endloop
  endfacet
  facet normal -0.734315 -0 -0.678809
    outer loop
      vertex -47.1249 4 -12.2843
      vertex -46.4853 0 -12.9762
      vertex -47.1249 0 -12.2843
    endloop
  endfacet
  facet normal -0.678809 0 -0.734315
    outer loop
      vertex -46.4853 0 -12.9762
      vertex -45.7934 4 -13.6158
      vertex -45.7934 0 -13.6158
    endloop
  endfacet
  facet normal -0.678809 0 -0.734315
    outer loop
      vertex -45.7934 4 -13.6158
      vertex -46.4853 0 -12.9762
      vertex -46.4853 4 -12.9762
    endloop
  endfacet
  facet normal -0.619049 0 -0.785353
    outer loop
      vertex -45.7934 0 -13.6158
      vertex -45.0534 4 -14.1991
      vertex -45.0534 0 -14.1991
    endloop
  endfacet
  facet normal -0.619049 0 -0.785353
    outer loop
      vertex -45.0534 4 -14.1991
      vertex -45.7934 0 -13.6158
      vertex -45.7934 4 -13.6158
    endloop
  endfacet
  facet normal -0.555606 0 -0.831446
    outer loop
      vertex -45.0534 0 -14.1991
      vertex -44.27 4 -14.7226
      vertex -44.27 0 -14.7226
    endloop
  endfacet
  facet normal -0.555606 0 -0.831446
    outer loop
      vertex -44.27 4 -14.7226
      vertex -45.0534 0 -14.1991
      vertex -45.0534 4 -14.1991
    endloop
  endfacet
  facet normal -0.488623 0 -0.872495
    outer loop
      vertex -44.27 0 -14.7226
      vertex -43.4479 4 -15.183
      vertex -43.4479 0 -15.183
    endloop
  endfacet
  facet normal -0.488623 0 -0.872495
    outer loop
      vertex -43.4479 4 -15.183
      vertex -44.27 0 -14.7226
      vertex -44.27 4 -14.7226
    endloop
  endfacet
  facet normal -0.418864 0 -0.908049
    outer loop
      vertex -42.6813 0 -15.5364
      vertex -42.5922 4 -15.5775
      vertex -42.5922 0 -15.5775
    endloop
  endfacet
  facet normal -0.418703 -4.35351e-06 -0.908123
    outer loop
      vertex -42.9895 0 -15.3943
      vertex -42.5922 4 -15.5775
      vertex -42.6813 0 -15.5364
    endloop
  endfacet
  facet normal -0.418618 -0 -0.908162
    outer loop
      vertex -43.4479 4 -15.183
      vertex -42.9895 0 -15.3943
      vertex -43.4479 0 -15.183
    endloop
  endfacet
  facet normal -0.418675 -7.79775e-06 -0.908136
    outer loop
      vertex -42.9895 0 -15.3943
      vertex -43.4479 4 -15.183
      vertex -42.5922 4 -15.5775
    endloop
  endfacet
  facet normal -0.346084 0 -0.938204
    outer loop
      vertex -41.8001 0 -15.8697
      vertex -41.7082 4 -15.9036
      vertex -41.7082 0 -15.9036
    endloop
  endfacet
  facet normal -0.34614 1.46738e-06 -0.938183
    outer loop
      vertex -42.5002 0 -15.6114
      vertex -41.7082 4 -15.9036
      vertex -41.8001 0 -15.8697
    endloop
  endfacet
  facet normal -0.345753 -0 -0.938326
    outer loop
      vertex -42.5922 4 -15.5775
      vertex -42.5002 0 -15.6114
      vertex -42.5922 0 -15.5775
    endloop
  endfacet
  facet normal -0.346094 -8.91502e-06 -0.9382
    outer loop
      vertex -42.5002 0 -15.6114
      vertex -42.5922 4 -15.5775
      vertex -41.7082 4 -15.9036
    endloop
  endfacet
  facet normal -0.271759 0 -0.962365
    outer loop
      vertex -40.9773 0 -16.1097
      vertex -40.8013 4 -16.1594
      vertex -40.8013 0 -16.1594
    endloop
  endfacet
  facet normal -0.271464 -1.30477e-05 -0.962449
    outer loop
      vertex -41.7082 4 -15.9036
      vertex -40.9773 0 -16.1097
      vertex -41.6137 0 -15.9302
    endloop
  endfacet
  facet normal -0.270952 -0 -0.962593
    outer loop
      vertex -41.7082 4 -15.9036
      vertex -41.6137 0 -15.9302
      vertex -41.7082 0 -15.9036
    endloop
  endfacet
  facet normal -0.271468 -1.38307e-05 -0.962448
    outer loop
      vertex -40.9773 0 -16.1097
      vertex -41.7082 4 -15.9036
      vertex -40.8013 4 -16.1594
    endloop
  endfacet
  facet normal -0.195134 0 -0.980777
    outer loop
      vertex -39.9732 0 -16.3241
      vertex -39.8772 4 -16.3432
      vertex -39.8772 0 -16.3432
    endloop
  endfacet
  facet normal -0.19506 -1.84543e-06 -0.980791
    outer loop
      vertex -40.7053 0 -16.1785
      vertex -39.8772 4 -16.3432
      vertex -39.9732 0 -16.3241
    endloop
  endfacet
  facet normal -0.195134 -0 -0.980777
    outer loop
      vertex -40.8013 4 -16.1594
      vertex -40.7053 0 -16.1785
      vertex -40.8013 0 -16.1594
    endloop
  endfacet
  facet normal -0.195075 1.462e-06 -0.980788
    outer loop
      vertex -40.7053 0 -16.1785
      vertex -40.8013 4 -16.1594
      vertex -39.8772 4 -16.3432
    endloop
  endfacet
  facet normal -0.117137 0 -0.993116
    outer loop
      vertex -39.039 0 -16.4424
      vertex -38.9415 4 -16.4539
      vertex -38.9415 0 -16.4539
    endloop
  endfacet
  facet normal -0.117533 9.80002e-06 -0.993069
    outer loop
      vertex -39.78 0 -16.3547
      vertex -38.9415 4 -16.4539
      vertex -39.039 0 -16.4424
    endloop
  endfacet
  facet normal -0.117493 -0 -0.993074
    outer loop
      vertex -39.8772 4 -16.3432
      vertex -39.78 0 -16.3547
      vertex -39.8772 0 -16.3432
    endloop
  endfacet
  facet normal -0.117488 1.35318e-07 -0.993074
    outer loop
      vertex -39.78 0 -16.3547
      vertex -39.8772 4 -16.3432
      vertex -38.9415 4 -16.4539
    endloop
  endfacet
  facet normal -0.0388255 0 -0.999246
    outer loop
      vertex -38.0489 0 -16.489
      vertex -38 4 -16.4909
      vertex -38 0 -16.4909
    endloop
  endfacet
  facet normal -0.0391377 3.82204e-06 -0.999234
    outer loop
      vertex -38.1306 0 -16.4858
      vertex -38 4 -16.4909
      vertex -38.0489 0 -16.489
    endloop
  endfacet
  facet normal -0.0393086 -0 -0.999227
    outer loop
      vertex -38.9415 4 -16.4539
      vertex -38.1306 0 -16.4858
      vertex -38.9415 0 -16.4539
    endloop
  endfacet
  facet normal -0.0392687 8.1058e-06 -0.999229
    outer loop
      vertex -38.1306 0 -16.4858
      vertex -38.9415 4 -16.4539
      vertex -38 4 -16.4909
    endloop
  endfacet
  facet normal 0 0 -1
    outer loop
      vertex -36.9767 -10 -16.4909
      vertex -37.9507 -10 -16.4909
      vertex -36.9767 0 -16.4909
    endloop
  endfacet
  facet normal 0 0 -1
    outer loop
      vertex -36.9767 0 -16.4909
      vertex -36.9766 4 -16.4909
      vertex -36.9766 0 -16.4909
    endloop
  endfacet
  facet normal 0 0 -1
    outer loop
      vertex -37.9507 0 -16.4909
      vertex -36.9767 0 -16.4909
      vertex -37.9507 -10 -16.4909
    endloop
  endfacet
  facet normal 0 0 -1
    outer loop
      vertex -36.9767 0 -16.4909
      vertex -37.9507 0 -16.4909
      vertex -36.9766 4 -16.4909
    endloop
  endfacet
  facet normal 0 0 -1
    outer loop
      vertex -38 4 -16.4909
      vertex -37.9507 0 -16.4909
      vertex -38 0 -16.4909
    endloop
  endfacet
  facet normal 0 0 -1
    outer loop
      vertex -37.9507 0 -16.4909
      vertex -38 4 -16.4909
      vertex -36.9766 4 -16.4909
    endloop
  endfacet
  facet normal -0.0392673 0 -0.999229
    outer loop
      vertex -36.9766 0 -16.4909
      vertex -35.5643 4 -16.5464
      vertex -35.5643 0 -16.5464
    endloop
  endfacet
  facet normal -0.0392673 0 -0.999229
    outer loop
      vertex -35.5643 4 -16.5464
      vertex -36.9766 0 -16.4909
      vertex -36.9766 4 -16.4909
    endloop
  endfacet
  facet normal 0 0 -1
    outer loop
      vertex -34.1608 0 -16.7125
      vertex -34.1607 4 -16.7125
      vertex -34.1607 0 -16.7125
    endloop
  endfacet
  facet normal -0.11753 2.93824e-06 -0.993069
    outer loop
      vertex -35.2322 0 -16.5857
      vertex -34.1607 4 -16.7125
      vertex -34.1608 0 -16.7125
    endloop
  endfacet
  facet normal -0.117518 -0 -0.993071
    outer loop
      vertex -35.5643 4 -16.5464
      vertex -35.2322 0 -16.5857
      vertex -35.5643 0 -16.5464
    endloop
  endfacet
  facet normal -0.117519 -5.83701e-08 -0.993071
    outer loop
      vertex -35.2322 0 -16.5857
      vertex -35.5643 4 -16.5464
      vertex -34.1607 4 -16.7125
    endloop
  endfacet
  facet normal -0.195168 0 -0.98077
    outer loop
      vertex -33.2323 0 -16.8972
      vertex -32.7745 4 -16.9883
      vertex -32.7745 0 -16.9883
    endloop
  endfacet
  facet normal -0.195121 -0 -0.980779
    outer loop
      vertex -34.1607 4 -16.7125
      vertex -33.2323 0 -16.8972
      vertex -34.1607 0 -16.7125
    endloop
  endfacet
  facet normal -0.195136 -3.81712e-06 -0.980776
    outer loop
      vertex -33.2323 0 -16.8972
      vertex -34.1607 4 -16.7125
      vertex -32.7745 4 -16.9883
    endloop
  endfacet
  facet normal -0.271174 0 -0.96253
    outer loop
      vertex -31.6616 0 -17.3022
      vertex -31.4142 4 -17.3719
      vertex -31.4142 0 -17.3719
    endloop
  endfacet
  facet normal -0.271464 -0 -0.962449
    outer loop
      vertex -32.7745 4 -16.9883
      vertex -31.6616 0 -17.3022
      vertex -32.7745 0 -16.9883
    endloop
  endfacet
  facet normal -0.271411 1.58718e-05 -0.962463
    outer loop
      vertex -31.6616 0 -17.3022
      vertex -32.7745 4 -16.9883
      vertex -31.4142 4 -17.3719
    endloop
  endfacet
  facet normal -0.346148 0 -0.93818
    outer loop
      vertex -31.4142 0 -17.3719
      vertex -30.0883 4 -17.8611
      vertex -30.0883 0 -17.8611
    endloop
  endfacet
  facet normal -0.346148 0 -0.93818
    outer loop
      vertex -31.4142 0 -17.3719
      vertex -31.4142 4 -17.3719
      vertex -30.0883 4 -17.8611
    endloop
  endfacet
  facet normal -0.418616 0 -0.908163
    outer loop
      vertex -29.6907 0 -18.0444
      vertex -28.8047 4 -18.4528
      vertex -28.8047 0 -18.4528
    endloop
  endfacet
  facet normal -0.418667 -0 -0.90814
    outer loop
      vertex -30.0883 4 -17.8611
      vertex -29.6907 0 -18.0444
      vertex -30.0883 0 -17.8611
    endloop
  endfacet
  facet normal -0.418632 4.23797e-06 -0.908156
    outer loop
      vertex -29.6907 0 -18.0444
      vertex -30.0883 4 -17.8611
      vertex -28.8047 4 -18.4528
    endloop
  endfacet
  facet normal -0.488622 0 -0.872495
    outer loop
      vertex -28.5478 0 -18.5967
      vertex -27.5716 4 -19.1434
      vertex -27.5716 0 -19.1434
    endloop
  endfacet
  facet normal -0.488696 -0 -0.872454
    outer loop
      vertex -28.8047 4 -18.4528
      vertex -28.5478 0 -18.5967
      vertex -28.8047 0 -18.4528
    endloop
  endfacet
  facet normal -0.488638 4.94404e-06 -0.872487
    outer loop
      vertex -28.5478 0 -18.5967
      vertex -28.8047 4 -18.4528
      vertex -27.5716 4 -19.1434
    endloop
  endfacet
  facet normal -0.555549 0 -0.831484
    outer loop
      vertex -27.5716 0 -19.1434
      vertex -26.3964 4 -19.9286
      vertex -26.3964 0 -19.9286
    endloop
  endfacet
  facet normal -0.555549 0 -0.831484
    outer loop
      vertex -26.3964 4 -19.9286
      vertex -27.5716 0 -19.1434
      vertex -27.5716 4 -19.1434
    endloop
  endfacet
  facet normal -0.619105 0 -0.785308
    outer loop
      vertex -26.3964 0 -19.9286
      vertex -25.2865 4 -20.8036
      vertex -25.2865 0 -20.8036
    endloop
  endfacet
  facet normal -0.619105 0 -0.785308
    outer loop
      vertex -25.2865 4 -20.8036
      vertex -26.3964 0 -19.9286
      vertex -26.3964 4 -19.9286
    endloop
  endfacet
  facet normal -0.678791 0 -0.734331
    outer loop
      vertex -25.2865 0 -20.8036
      vertex -24.2486 4 -21.763
      vertex -24.2486 0 -21.763
    endloop
  endfacet
  facet normal -0.678791 0 -0.734331
    outer loop
      vertex -24.2486 4 -21.763
      vertex -25.2865 0 -20.8036
      vertex -25.2865 4 -20.8036
    endloop
  endfacet
  facet normal -0.734331 0 -0.678791
    outer loop
      vertex -23.2892 0 -22.8009
      vertex -24.2486 4 -21.763
      vertex -23.2892 4 -22.8009
    endloop
  endfacet
  facet normal -0.734331 -0 -0.678791
    outer loop
      vertex -24.2486 4 -21.763
      vertex -23.2892 0 -22.8009
      vertex -24.2486 0 -21.763
    endloop
  endfacet
  facet normal -0.785182 0 -0.619265
    outer loop
      vertex -22.5202 0 -23.7764
      vertex -22.4142 4 -23.9108
      vertex -22.4142 0 -23.9108
    endloop
  endfacet
  facet normal -0.785308 8.73823e-06 -0.619105
    outer loop
      vertex -22.4142 4 -23.9108
      vertex -22.5202 0 -23.7764
      vertex -23.2892 4 -22.8009
    endloop
  endfacet
  facet normal -0.785326 -0 -0.619083
    outer loop
      vertex -23.2892 4 -22.8009
      vertex -22.5202 0 -23.7764
      vertex -23.2892 0 -22.8009
    endloop
  endfacet
  facet normal -0.707107 0 -0.707107
    outer loop
      vertex -21.6291 0 -25.0859
      vertex -21.629 4 -25.086
      vertex -21.629 0 -25.086
    endloop
  endfacet
  facet normal -0.831484 6.89837e-06 -0.555549
    outer loop
      vertex -21.629 4 -25.086
      vertex -21.6291 0 -25.0859
      vertex -22.4142 4 -23.9108
    endloop
  endfacet
  facet normal -0.831495 -0 -0.555533
    outer loop
      vertex -22.4142 4 -23.9108
      vertex -21.6291 0 -25.0859
      vertex -22.4142 0 -23.9108
    endloop
  endfacet
  facet normal -0.872487 0 -0.488638
    outer loop
      vertex -20.9384 0 -26.3191
      vertex -21.629 4 -25.086
      vertex -20.9384 4 -26.3191
    endloop
  endfacet
  facet normal -0.872487 -0 -0.488638
    outer loop
      vertex -21.629 4 -25.086
      vertex -20.9384 0 -26.3191
      vertex -21.629 0 -25.086
    endloop
  endfacet
  facet normal -0.908144 0 -0.418659
    outer loop
      vertex -20.3467 0 -27.6026
      vertex -20.9384 4 -26.3191
      vertex -20.3467 4 -27.6026
    endloop
  endfacet
  facet normal -0.908144 -0 -0.418659
    outer loop
      vertex -20.9384 4 -26.3191
      vertex -20.3467 0 -27.6026
      vertex -20.9384 0 -26.3191
    endloop
  endfacet
  facet normal -0.938188 0 -0.346125
    outer loop
      vertex -19.8575 0 -28.9286
      vertex -20.3467 4 -27.6026
      vertex -19.8575 4 -28.9286
    endloop
  endfacet
  facet normal -0.93818 8.6537e-06 -0.346148
    outer loop
      vertex -20.3467 0 -27.6027
      vertex -20.3467 4 -27.6026
      vertex -19.8575 0 -28.9286
    endloop
  endfacet
  facet normal -1 -0 0
    outer loop
      vertex -20.3467 4 -27.6026
      vertex -20.3467 0 -27.6027
      vertex -20.3467 0 -27.6026
    endloop
  endfacet
  facet normal -0.962463 0 -0.271411
    outer loop
      vertex -19.4739 0 -30.2889
      vertex -19.8575 4 -28.9286
      vertex -19.4739 4 -30.2889
    endloop
  endfacet
  facet normal -0.962463 -0 -0.271411
    outer loop
      vertex -19.8575 4 -28.9286
      vertex -19.4739 0 -30.2889
      vertex -19.8575 0 -28.9286
    endloop
  endfacet
  facet normal -0.980803 0 -0.194999
    outer loop
      vertex -19.3828 0 -30.7466
      vertex -19.1982 4 -31.6751
      vertex -19.1982 0 -31.6751
    endloop
  endfacet
  facet normal -0.98079 -1.67917e-05 -0.195068
    outer loop
      vertex -19.1982 4 -31.6751
      vertex -19.3828 0 -30.7466
      vertex -19.4739 4 -30.2889
    endloop
  endfacet
  facet normal -0.980762 -0 -0.195209
    outer loop
      vertex -19.4739 4 -30.2889
      vertex -19.3828 0 -30.7466
      vertex -19.4739 0 -30.2889
    endloop
  endfacet
  facet normal -0.993071 0 -0.117518
    outer loop
      vertex -19.0713 0 -32.7466
      vertex -19.032 4 -33.0787
      vertex -19.032 0 -33.0787
    endloop
  endfacet
  facet normal -0.993062 -5.93248e-06 -0.117588
    outer loop
      vertex -19.032 4 -33.0787
      vertex -19.0713 0 -32.7466
      vertex -19.1982 4 -31.6751
    endloop
  endfacet
  facet normal -0.993059 2.94052e-06 -0.117621
    outer loop
      vertex -19.1982 0 -31.6752
      vertex -19.1982 4 -31.6751
      vertex -19.0713 0 -32.7466
    endloop
  endfacet
  facet normal -1 -0 0
    outer loop
      vertex -19.1982 4 -31.6751
      vertex -19.1982 0 -31.6752
      vertex -19.1982 0 -31.6751
    endloop
  endfacet
  facet normal -0.999231 0 -0.0391994
    outer loop
      vertex -18.9766 0 -34.4909
      vertex -19.032 4 -33.0787
      vertex -18.9766 4 -34.4909
    endloop
  endfacet
  facet normal -0.999231 -0 -0.0391994
    outer loop
      vertex -19.032 4 -33.0787
      vertex -18.9766 0 -34.4909
      vertex -19.032 0 -33.0787
    endloop
  endfacet
  facet normal -1 0 0
    outer loop
      vertex -18.9766 -10 -37.9507
      vertex -18.9766 0 -34.491
      vertex -18.9766 0 -37.9507
    endloop
  endfacet
  facet normal -1 -0 0
    outer loop
      vertex -18.9766 0 -34.491
      vertex -18.9766 -10 -37.9507
      vertex -18.9766 -10 -34.491
    endloop
  endfacet
  facet normal -1 0 0
    outer loop
      vertex -18.9766 0 -37.9507
      vertex -18.9766 4 -38
      vertex -18.9766 0 -38
    endloop
  endfacet
  facet normal -1 0 0
    outer loop
      vertex -18.9766 4 -38
      vertex -18.9766 0 -37.9507
      vertex -18.9766 4 -34.4909
    endloop
  endfacet
  facet normal -1 0 0
    outer loop
      vertex -18.9766 0 -34.491
      vertex -18.9766 4 -34.4909
      vertex -18.9766 0 -37.9507
    endloop
  endfacet
  facet normal -1 -0 0
    outer loop
      vertex -18.9766 4 -34.4909
      vertex -18.9766 0 -34.491
      vertex -18.9766 0 -34.4909
    endloop
  endfacet
  facet normal -0.999232 0 -0.0391856
    outer loop
      vertex -18.9714 0 -38.1306
      vertex -18.9396 4 -38.9415
      vertex -18.9396 0 -38.9415
    endloop
  endfacet
  facet normal -0.999229 -1.68749e-05 -0.0392687
    outer loop
      vertex -18.9396 4 -38.9415
      vertex -18.9714 0 -38.1306
      vertex -18.9766 4 -38
    endloop
  endfacet
  facet normal -0.999234 -2.11588e-05 -0.0391377
    outer loop
      vertex -18.9746 0 -38.0489
      vertex -18.9766 4 -38
      vertex -18.9714 0 -38.1306
    endloop
  endfacet
  facet normal -0.999165 -0 -0.0408656
    outer loop
      vertex -18.9766 4 -38
      vertex -18.9746 0 -38.0489
      vertex -18.9766 0 -38
    endloop
  endfacet
  facet normal -0.993074 0 -0.117493
    outer loop
      vertex -18.8403 0 -39.78
      vertex -18.8288 4 -39.8772
      vertex -18.8288 0 -39.8772
    endloop
  endfacet
  facet normal -0.993062 -2.44365e-06 -0.117592
    outer loop
      vertex -18.8288 4 -39.8772
      vertex -18.8403 0 -39.78
      vertex -18.9396 4 -38.9415
    endloop
  endfacet
  facet normal -0.993069 -1.50267e-05 -0.117533
    outer loop
      vertex -18.928 0 -39.039
      vertex -18.9396 4 -38.9415
      vertex -18.8403 0 -39.78
    endloop
  endfacet
  facet normal -0.992997 -0 -0.118141
    outer loop
      vertex -18.9396 4 -38.9415
      vertex -18.928 0 -39.039
      vertex -18.9396 0 -38.9415
    endloop
  endfacet
  facet normal -0.980777 0 -0.195134
    outer loop
      vertex -18.6641 0 -40.7053
      vertex -18.645 4 -40.8013
      vertex -18.645 0 -40.8013
    endloop
  endfacet
  facet normal -0.980788 1.462e-06 -0.195075
    outer loop
      vertex -18.645 4 -40.8013
      vertex -18.6641 0 -40.7053
      vertex -18.8288 4 -39.8772
    endloop
  endfacet
  facet normal -0.980791 -1.84543e-06 -0.19506
    outer loop
      vertex -18.8097 0 -39.9732
      vertex -18.8288 4 -39.8772
      vertex -18.6641 0 -40.7053
    endloop
  endfacet
  facet normal -0.980777 -0 -0.195134
    outer loop
      vertex -18.8288 4 -39.8772
      vertex -18.8097 0 -39.9732
      vertex -18.8288 0 -39.8772
    endloop
  endfacet
  facet normal -0.962327 0 -0.271896
    outer loop
      vertex -18.4159 0 -41.6137
      vertex -18.3892 4 -41.7082
      vertex -18.3892 0 -41.7082
    endloop
  endfacet
  facet normal -0.962449 1.10136e-05 -0.271464
    outer loop
      vertex -18.5954 0 -40.9773
      vertex -18.3892 4 -41.7082
      vertex -18.4159 0 -41.6137
    endloop
  endfacet
  facet normal -0.962448 1.02304e-05 -0.271468
    outer loop
      vertex -18.3892 4 -41.7082
      vertex -18.5954 0 -40.9773
      vertex -18.645 4 -40.8013
    endloop
  endfacet
  facet normal -0.962508 -0 -0.271252
    outer loop
      vertex -18.645 4 -40.8013
      vertex -18.5954 0 -40.9773
      vertex -18.645 0 -40.8013
    endloop
  endfacet
  facet normal -0.938326 0 -0.345753
    outer loop
      vertex -18.097 0 -42.5002
      vertex -18.0631 4 -42.5922
      vertex -18.0631 0 -42.5922
    endloop
  endfacet
  facet normal -0.9382 -8.91502e-06 -0.346094
    outer loop
      vertex -18.0631 4 -42.5922
      vertex -18.097 0 -42.5002
      vertex -18.3892 4 -41.7082
    endloop
  endfacet
  facet normal -0.938183 1.46738e-06 -0.34614
    outer loop
      vertex -18.3553 0 -41.8001
      vertex -18.3892 4 -41.7082
      vertex -18.097 0 -42.5002
    endloop
  endfacet
  facet normal -0.938204 -0 -0.346084
    outer loop
      vertex -18.3892 4 -41.7082
      vertex -18.3553 0 -41.8001
      vertex -18.3892 0 -41.7082
    endloop
  endfacet
  facet normal -0.90814 0 -0.418667
    outer loop
      vertex -17.7703 0 -43.2273
      vertex -17.6686 4 -43.4479
      vertex -17.6686 0 -43.4479
    endloop
  endfacet
  facet normal -0.908136 -5.33293e-07 -0.418675
    outer loop
      vertex -17.6686 4 -43.4479
      vertex -17.7703 0 -43.2273
      vertex -18.0631 4 -42.5922
    endloop
  endfacet
  facet normal -0.908144 -3.8158e-06 -0.418657
    outer loop
      vertex -18.0221 0 -42.6811
      vertex -18.0631 4 -42.5922
      vertex -17.7703 0 -43.2273
    endloop
  endfacet
  facet normal -0.908079 -0 -0.418799
    outer loop
      vertex -18.0631 4 -42.5922
      vertex -18.0221 0 -42.6811
      vertex -18.0631 0 -42.5922
    endloop
  endfacet
  facet normal -0.872495 0 -0.488623
    outer loop
      vertex -17.2082 0 -44.27
      vertex -17.6686 4 -43.4479
      vertex -17.2082 4 -44.27
    endloop
  endfacet
  facet normal -0.872495 -0 -0.488623
    outer loop
      vertex -17.6686 4 -43.4479
      vertex -17.2082 0 -44.27
      vertex -17.6686 0 -43.4479
    endloop
  endfacet
  facet normal -0.831495 0 -0.555533
    outer loop
      vertex -16.6848 0 -45.0534
      vertex -17.2082 4 -44.27
      vertex -16.6848 4 -45.0534
    endloop
  endfacet
  facet normal -0.831495 -0 -0.555533
    outer loop
      vertex -17.2082 4 -44.27
      vertex -16.6848 0 -45.0534
      vertex -17.2082 0 -44.27
    endloop
  endfacet
  facet normal -0.785301 0 -0.619114
    outer loop
      vertex -16.1014 0 -45.7934
      vertex -16.6848 4 -45.0534
      vertex -16.1014 4 -45.7934
    endloop
  endfacet
  facet normal -0.785301 -0 -0.619114
    outer loop
      vertex -16.6848 4 -45.0534
      vertex -16.1014 0 -45.7934
      vertex -16.6848 0 -45.0534
    endloop
  endfacet
  facet normal -0.734315 0 -0.678809
    outer loop
      vertex -15.4618 0 -46.4853
      vertex -16.1014 4 -45.7934
      vertex -15.4618 4 -46.4853
    endloop
  endfacet
  facet normal -0.734315 -0 -0.678809
    outer loop
      vertex -16.1014 4 -45.7934
      vertex -15.4618 0 -46.4853
      vertex -16.1014 0 -45.7934
    endloop
  endfacet
  facet normal -0.678809 0 -0.734315
    outer loop
      vertex -15.4618 0 -46.4853
      vertex -14.7699 4 -47.1249
      vertex -14.7699 0 -47.1249
    endloop
  endfacet
  facet normal -0.678809 0 -0.734315
    outer loop
      vertex -14.7699 4 -47.1249
      vertex -15.4618 0 -46.4853
      vertex -15.4618 4 -46.4853
    endloop
  endfacet
  facet normal -0.6191 0 -0.785312
    outer loop
      vertex -14.7699 0 -47.1249
      vertex -14.03 4 -47.7082
      vertex -14.03 0 -47.7082
    endloop
  endfacet
  facet normal -0.6191 0 -0.785312
    outer loop
      vertex -14.03 4 -47.7082
      vertex -14.7699 0 -47.1249
      vertex -14.7699 4 -47.1249
    endloop
  endfacet
  facet normal -0.555557 0 -0.831478
    outer loop
      vertex -14.03 0 -47.7082
      vertex -13.2465 4 -48.2317
      vertex -13.2465 0 -48.2317
    endloop
  endfacet
  facet normal -0.555557 0 -0.831478
    outer loop
      vertex -13.2465 4 -48.2317
      vertex -14.03 0 -47.7082
      vertex -14.03 4 -47.7082
    endloop
  endfacet
  facet normal -0.488623 0 -0.872495
    outer loop
      vertex -13.2465 0 -48.2317
      vertex -12.4244 4 -48.6921
      vertex -12.4244 0 -48.6921
    endloop
  endfacet
  facet normal -0.488623 0 -0.872495
    outer loop
      vertex -12.4244 4 -48.6921
      vertex -13.2465 0 -48.2317
      vertex -13.2465 4 -48.2317
    endloop
  endfacet
  facet normal -0.418627 0 -0.908158
    outer loop
      vertex -12.4244 0 -48.6921
      vertex -11.5688 4 -49.0865
      vertex -11.5688 0 -49.0865
    endloop
  endfacet
  facet normal -0.418627 0 -0.908158
    outer loop
      vertex -11.5688 4 -49.0865
      vertex -12.4244 0 -48.6921
      vertex -12.4244 4 -48.6921
    endloop
  endfacet
  facet normal -0.346187 0 -0.938165
    outer loop
      vertex -11.5688 0 -49.0865
      vertex -10.6848 4 -49.4127
      vertex -10.6848 0 -49.4127
    endloop
  endfacet
  facet normal -0.346187 0 -0.938165
    outer loop
      vertex -10.6848 4 -49.4127
      vertex -11.5688 0 -49.0865
      vertex -11.5688 4 -49.0865
    endloop
  endfacet
  facet normal -0.271367 0 -0.962476
    outer loop
      vertex -10.6848 0 -49.4127
      vertex -9.77789 4 -49.6684
      vertex -9.77789 0 -49.6684
    endloop
  endfacet
  facet normal -0.271367 0 -0.962476
    outer loop
      vertex -9.77789 4 -49.6684
      vertex -10.6848 0 -49.4127
      vertex -10.6848 4 -49.4127
    endloop
  endfacet
  facet normal -0.195073 0 -0.980789
    outer loop
      vertex -9.77789 0 -49.6684
      vertex -8.85378 4 -49.8522
      vertex -8.85378 0 -49.8522
    endloop
  endfacet
  facet normal -0.195073 0 -0.980789
    outer loop
      vertex -8.85378 4 -49.8522
      vertex -9.77789 0 -49.6684
      vertex -9.77789 4 -49.6684
    endloop
  endfacet
  facet normal -0.11759 0 -0.993062
    outer loop
      vertex -8.85378 0 -49.8522
      vertex -7.91806 4 -49.963
      vertex -7.91806 0 -49.963
    endloop
  endfacet
  facet normal -0.11759 0 -0.993062
    outer loop
      vertex -7.91806 4 -49.963
      vertex -8.85378 0 -49.8522
      vertex -8.85378 4 -49.8522
    endloop
  endfacet
  facet normal -0.0392687 0 -0.999229
    outer loop
      vertex -7.91806 0 -49.963
      vertex -6.97656 4 -50
      vertex -6.97656 0 -50
    endloop
  endfacet
  facet normal -0.0392687 0 -0.999229
    outer loop
      vertex -6.97656 4 -50
      vertex -7.91806 0 -49.963
      vertex -7.91806 4 -49.963
    endloop
  endfacet
  facet normal 0 0 -1
    outer loop
      vertex -6.97656 0 -50
      vertex 6.97656 4 -50
      vertex 6.97656 0 -50
    endloop
  endfacet
  facet normal -0 0 -1
    outer loop
      vertex 6.97656 4 -50
      vertex -6.97656 0 -50
      vertex -6.97656 4 -50
    endloop
  endfacet
  facet normal 0.0392687 0 -0.999229
    outer loop
      vertex 6.97656 0 -50
      vertex 7.91806 4 -49.963
      vertex 7.91806 0 -49.963
    endloop
  endfacet
  facet normal 0.0392687 0 -0.999229
    outer loop
      vertex 7.91806 4 -49.963
      vertex 6.97656 0 -50
      vertex 6.97656 4 -50
    endloop
  endfacet
  facet normal 0 1 0
    outer loop
      vertex -23.853 1.5 5.12077
      vertex -24.147 1.5 5.12077
      vertex -24 1.5 5.12801
    endloop
  endfacet
  facet normal 0 1 0
    outer loop
      vertex -23.7074 1.5 5.09918
      vertex -24.147 1.5 5.12077
      vertex -23.853 1.5 5.12077
    endloop
  endfacet
  facet normal 0 1 0
    outer loop
      vertex -23.7074 1.5 5.09918
      vertex -24.2926 1.5 5.09918
      vertex -24.147 1.5 5.12077
    endloop
  endfacet
  facet normal 0 1 0
    outer loop
      vertex -23.5646 1.5 5.06342
      vertex -24.2926 1.5 5.09918
      vertex -23.7074 1.5 5.09918
    endloop
  endfacet
  facet normal 0 1 0
    outer loop
      vertex -23.5646 1.5 5.06342
      vertex -24.4354 1.5 5.06342
      vertex -24.2926 1.5 5.09918
    endloop
  endfacet
  facet normal 0 1 0
    outer loop
      vertex -23.426 1.5 5.01382
      vertex -24.4354 1.5 5.06342
      vertex -23.5646 1.5 5.06342
    endloop
  endfacet
  facet normal 0 1 0
    outer loop
      vertex -23.426 1.5 5.01382
      vertex -24.574 1.5 5.01382
      vertex -24.4354 1.5 5.06342
    endloop
  endfacet
  facet normal 0 1 0
    outer loop
      vertex -23.2929 1.5 4.95088
      vertex -24.574 1.5 5.01382
      vertex -23.426 1.5 5.01382
    endloop
  endfacet
  facet normal 0 1 0
    outer loop
      vertex -23.2929 1.5 4.95088
      vertex -24.7071 1.5 4.95088
      vertex -24.574 1.5 5.01382
    endloop
  endfacet
  facet normal 0 1 0
    outer loop
      vertex -23.1666 1.5 4.8752
      vertex -24.7071 1.5 4.95088
      vertex -23.2929 1.5 4.95088
    endloop
  endfacet
  facet normal 0 1 0
    outer loop
      vertex -23.1666 1.5 4.8752
      vertex -24.8333 1.5 4.8752
      vertex -24.7071 1.5 4.95088
    endloop
  endfacet
  facet normal 0 1 0
    outer loop
      vertex -23.0484 1.5 4.78752
      vertex -24.8333 1.5 4.8752
      vertex -23.1666 1.5 4.8752
    endloop
  endfacet
  facet normal 0 1 0
    outer loop
      vertex -23.0484 1.5 4.78752
      vertex -24.9516 1.5 4.78752
      vertex -24.8333 1.5 4.8752
    endloop
  endfacet
  facet normal 0 1 0
    outer loop
      vertex -22.9393 1.5 4.68866
      vertex -24.9516 1.5 4.78752
      vertex -23.0484 1.5 4.78752
    endloop
  endfacet
  facet normal 0 1 0
    outer loop
      vertex -22.9393 1.5 4.68866
      vertex -25.0607 1.5 4.68866
      vertex -24.9516 1.5 4.78752
    endloop
  endfacet
  facet normal 0 1 0
    outer loop
      vertex -22.8405 1.5 4.57959
      vertex -25.0607 1.5 4.68866
      vertex -22.9393 1.5 4.68866
    endloop
  endfacet
  facet normal 0 1 0
    outer loop
      vertex -22.8405 1.5 4.57959
      vertex -25.1595 1.5 4.57959
      vertex -25.0607 1.5 4.68866
    endloop
  endfacet
  facet normal 0 1 0
    outer loop
      vertex -22.7528 1.5 4.46135
      vertex -25.1595 1.5 4.57959
      vertex -22.8405 1.5 4.57959
    endloop
  endfacet
  facet normal 0 1 0
    outer loop
      vertex -22.7528 1.5 4.46135
      vertex -25.2472 1.5 4.46135
      vertex -25.1595 1.5 4.57959
    endloop
  endfacet
  facet normal 0 1 0
    outer loop
      vertex -22.6771 1.5 4.3351
      vertex -25.2472 1.5 4.46135
      vertex -22.7528 1.5 4.46135
    endloop
  endfacet
  facet normal 0 1 0
    outer loop
      vertex -22.6771 1.5 4.3351
      vertex -25.3229 1.5 4.3351
      vertex -25.2472 1.5 4.46135
    endloop
  endfacet
  facet normal 0 1 0
    outer loop
      vertex -22.6142 1.5 4.20203
      vertex -25.3229 1.5 4.3351
      vertex -22.6771 1.5 4.3351
    endloop
  endfacet
  facet normal 0 1 0
    outer loop
      vertex -22.6142 1.5 4.20203
      vertex -25.3858 1.5 4.20203
      vertex -25.3229 1.5 4.3351
    endloop
  endfacet
  facet normal 0 1 0
    outer loop
      vertex -22.5646 1.5 4.06343
      vertex -25.3858 1.5 4.20203
      vertex -22.6142 1.5 4.20203
    endloop
  endfacet
  facet normal 0 1 0
    outer loop
      vertex -22.5646 1.5 4.06343
      vertex -25.4354 1.5 4.06343
      vertex -25.3858 1.5 4.20203
    endloop
  endfacet
  facet normal 0 1 0
    outer loop
      vertex -22.5288 1.5 3.92064
      vertex -25.4354 1.5 4.06343
      vertex -22.5646 1.5 4.06343
    endloop
  endfacet
  facet normal 0 1 0
    outer loop
      vertex -22.5288 1.5 3.92064
      vertex -25.4712 1.5 3.92064
      vertex -25.4354 1.5 4.06343
    endloop
  endfacet
  facet normal 0 1 0
    outer loop
      vertex -22.5072 1.5 3.77502
      vertex -25.4712 1.5 3.92064
      vertex -22.5288 1.5 3.92064
    endloop
  endfacet
  facet normal 0 1 0
    outer loop
      vertex -22.5072 1.5 3.77502
      vertex -25.4928 1.5 3.77502
      vertex -25.4712 1.5 3.92064
    endloop
  endfacet
  facet normal 0 1 0
    outer loop
      vertex -22.5 1.5 3.62801
      vertex -25.4928 1.5 3.77502
      vertex -22.5072 1.5 3.77502
    endloop
  endfacet
  facet normal 0 1 0
    outer loop
      vertex -22.5 1.5 3.62801
      vertex -25.5 1.5 3.62801
      vertex -25.4928 1.5 3.77502
    endloop
  endfacet
  facet normal 0 1 -0
    outer loop
      vertex -22.5072 1.5 3.48097
      vertex -25.5 1.5 3.62801
      vertex -22.5 1.5 3.62801
    endloop
  endfacet
  facet normal 0 1 0
    outer loop
      vertex -22.5072 1.5 3.48097
      vertex -25.4928 1.5 3.48097
      vertex -25.5 1.5 3.62801
    endloop
  endfacet
  facet normal 0 1 -0
    outer loop
      vertex -22.5288 1.5 3.33536
      vertex -25.4928 1.5 3.48097
      vertex -22.5072 1.5 3.48097
    endloop
  endfacet
  facet normal 0 1 0
    outer loop
      vertex -22.5288 1.5 3.33536
      vertex -25.4712 1.5 3.33536
      vertex -25.4928 1.5 3.48097
    endloop
  endfacet
  facet normal 0 1 -0
    outer loop
      vertex -22.5646 1.5 3.19257
      vertex -25.4712 1.5 3.33536
      vertex -22.5288 1.5 3.33536
    endloop
  endfacet
  facet normal 0 1 0
    outer loop
      vertex -22.5646 1.5 3.19257
      vertex -25.4354 1.5 3.19257
      vertex -25.4712 1.5 3.33536
    endloop
  endfacet
  facet normal 0 1 -0
    outer loop
      vertex -22.6142 1.5 3.05397
      vertex -25.4354 1.5 3.19257
      vertex -22.5646 1.5 3.19257
    endloop
  endfacet
  facet normal 0 1 0
    outer loop
      vertex -22.6142 1.5 3.05397
      vertex -25.3858 1.5 3.05397
      vertex -25.4354 1.5 3.19257
    endloop
  endfacet
  facet normal 0 1 -0
    outer loop
      vertex -22.6771 1.5 2.9209
      vertex -25.3858 1.5 3.05397
      vertex -22.6142 1.5 3.05397
    endloop
  endfacet
  facet normal 0 1 0
    outer loop
      vertex -22.6771 1.5 2.9209
      vertex -25.3229 1.5 2.9209
      vertex -25.3858 1.5 3.05397
    endloop
  endfacet
  facet normal 0 1 -0
    outer loop
      vertex -22.7528 1.5 2.79465
      vertex -25.3229 1.5 2.9209
      vertex -22.6771 1.5 2.9209
    endloop
  endfacet
  facet normal 0 1 0
    outer loop
      vertex -22.7528 1.5 2.79465
      vertex -25.2472 1.5 2.79465
      vertex -25.3229 1.5 2.9209
    endloop
  endfacet
  facet normal 0 1 -0
    outer loop
      vertex -22.8405 1.5 2.67641
      vertex -25.2472 1.5 2.79465
      vertex -22.7528 1.5 2.79465
    endloop
  endfacet
  facet normal 0 1 0
    outer loop
      vertex -22.8405 1.5 2.67641
      vertex -25.1595 1.5 2.67641
      vertex -25.2472 1.5 2.79465
    endloop
  endfacet
  facet normal 0 1 -0
    outer loop
      vertex -22.9393 1.5 2.56734
      vertex -25.1595 1.5 2.67641
      vertex -22.8405 1.5 2.67641
    endloop
  endfacet
  facet normal 0 1 0
    outer loop
      vertex -22.9393 1.5 2.56734
      vertex -25.0607 1.5 2.56734
      vertex -25.1595 1.5 2.67641
    endloop
  endfacet
  facet normal 0 1 -0
    outer loop
      vertex -23.0484 1.5 2.46848
      vertex -25.0607 1.5 2.56734
      vertex -22.9393 1.5 2.56734
    endloop
  endfacet
  facet normal 0 1 0
    outer loop
      vertex -23.0484 1.5 2.46848
      vertex -24.9516 1.5 2.46848
      vertex -25.0607 1.5 2.56734
    endloop
  endfacet
  facet normal 0 1 -0
    outer loop
      vertex -23.1666 1.5 2.3808
      vertex -24.9516 1.5 2.46848
      vertex -23.0484 1.5 2.46848
    endloop
  endfacet
  facet normal 0 1 0
    outer loop
      vertex -23.1666 1.5 2.3808
      vertex -24.8333 1.5 2.3808
      vertex -24.9516 1.5 2.46848
    endloop
  endfacet
  facet normal 0 1 -0
    outer loop
      vertex -23.2929 1.5 2.30511
      vertex -24.8333 1.5 2.3808
      vertex -23.1666 1.5 2.3808
    endloop
  endfacet
  facet normal 0 1 0
    outer loop
      vertex -23.2929 1.5 2.30511
      vertex -24.7071 1.5 2.30511
      vertex -24.8333 1.5 2.3808
    endloop
  endfacet
  facet normal 0 1 -0
    outer loop
      vertex -23.426 1.5 2.24217
      vertex -24.7071 1.5 2.30511
      vertex -23.2929 1.5 2.30511
    endloop
  endfacet
  facet normal 0 1 0
    outer loop
      vertex -23.426 1.5 2.24217
      vertex -24.574 1.5 2.24217
      vertex -24.7071 1.5 2.30511
    endloop
  endfacet
  facet normal 0 1 -0
    outer loop
      vertex -23.5646 1.5 2.19258
      vertex -24.574 1.5 2.24217
      vertex -23.426 1.5 2.24217
    endloop
  endfacet
  facet normal 0 1 0
    outer loop
      vertex -23.5646 1.5 2.19258
      vertex -24.4354 1.5 2.19258
      vertex -24.574 1.5 2.24217
    endloop
  endfacet
  facet normal 0 1 -0
    outer loop
      vertex -23.7074 1.5 2.15681
      vertex -24.4354 1.5 2.19258
      vertex -23.5646 1.5 2.19258
    endloop
  endfacet
  facet normal 0 1 0
    outer loop
      vertex -23.7074 1.5 2.15681
      vertex -24.2926 1.5 2.15681
      vertex -24.4354 1.5 2.19258
    endloop
  endfacet
  facet normal 0 1 -0
    outer loop
      vertex -23.853 1.5 2.13522
      vertex -24.2926 1.5 2.15681
      vertex -23.7074 1.5 2.15681
    endloop
  endfacet
  facet normal 0 1 0
    outer loop
      vertex -23.853 1.5 2.13522
      vertex -24.147 1.5 2.13522
      vertex -24.2926 1.5 2.15681
    endloop
  endfacet
  facet normal -0 1 0
    outer loop
      vertex -24.147 1.5 2.13522
      vertex -23.853 1.5 2.13522
      vertex -24 1.5 2.12801
    endloop
  endfacet
  facet normal 0 1 0
    outer loop
      vertex -33.853 1.5 5.12077
      vertex -34.147 1.5 5.12077
      vertex -34 1.5 5.12801
    endloop
  endfacet
  facet normal 0 1 0
    outer loop
      vertex -33.7074 1.5 5.09918
      vertex -34.147 1.5 5.12077
      vertex -33.853 1.5 5.12077
    endloop
  endfacet
  facet normal 0 1 0
    outer loop
      vertex -33.7074 1.5 5.09918
      vertex -34.2926 1.5 5.09918
      vertex -34.147 1.5 5.12077
    endloop
  endfacet
  facet normal 0 1 0
    outer loop
      vertex -33.5646 1.5 5.06342
      vertex -34.2926 1.5 5.09918
      vertex -33.7074 1.5 5.09918
    endloop
  endfacet
  facet normal 0 1 0
    outer loop
      vertex -33.5646 1.5 5.06342
      vertex -34.4354 1.5 5.06342
      vertex -34.2926 1.5 5.09918
    endloop
  endfacet
  facet normal 0 1 0
    outer loop
      vertex -33.426 1.5 5.01382
      vertex -34.4354 1.5 5.06342
      vertex -33.5646 1.5 5.06342
    endloop
  endfacet
  facet normal 0 1 0
    outer loop
      vertex -33.426 1.5 5.01382
      vertex -34.574 1.5 5.01382
      vertex -34.4354 1.5 5.06342
    endloop
  endfacet
  facet normal 0 1 0
    outer loop
      vertex -33.2929 1.5 4.95088
      vertex -34.574 1.5 5.01382
      vertex -33.426 1.5 5.01382
    endloop
  endfacet
  facet normal 0 1 0
    outer loop
      vertex -33.2929 1.5 4.95088
      vertex -34.7071 1.5 4.95088
      vertex -34.574 1.5 5.01382
    endloop
  endfacet
  facet normal 0 1 0
    outer loop
      vertex -33.1666 1.5 4.8752
      vertex -34.7071 1.5 4.95088
      vertex -33.2929 1.5 4.95088
    endloop
  endfacet
  facet normal 0 1 0
    outer loop
      vertex -33.1666 1.5 4.8752
      vertex -34.8333 1.5 4.8752
      vertex -34.7071 1.5 4.95088
    endloop
  endfacet
  facet normal 0 1 0
    outer loop
      vertex -33.0484 1.5 4.78752
      vertex -34.8333 1.5 4.8752
      vertex -33.1666 1.5 4.8752
    endloop
  endfacet
  facet normal 0 1 0
    outer loop
      vertex -33.0484 1.5 4.78752
      vertex -34.9516 1.5 4.78752
      vertex -34.8333 1.5 4.8752
    endloop
  endfacet
  facet normal 0 1 0
    outer loop
      vertex -32.9393 1.5 4.68866
      vertex -34.9516 1.5 4.78752
      vertex -33.0484 1.5 4.78752
    endloop
  endfacet
  facet normal 0 1 0
    outer loop
      vertex -32.9393 1.5 4.68866
      vertex -35.0607 1.5 4.68866
      vertex -34.9516 1.5 4.78752
    endloop
  endfacet
  facet normal 0 1 0
    outer loop
      vertex -32.8405 1.5 4.57959
      vertex -35.0607 1.5 4.68866
      vertex -32.9393 1.5 4.68866
    endloop
  endfacet
  facet normal 0 1 0
    outer loop
      vertex -32.8405 1.5 4.57959
      vertex -35.1595 1.5 4.57959
      vertex -35.0607 1.5 4.68866
    endloop
  endfacet
  facet normal 0 1 0
    outer loop
      vertex -32.7528 1.5 4.46135
      vertex -35.1595 1.5 4.57959
      vertex -32.8405 1.5 4.57959
    endloop
  endfacet
  facet normal 0 1 0
    outer loop
      vertex -32.7528 1.5 4.46135
      vertex -35.2472 1.5 4.46135
      vertex -35.1595 1.5 4.57959
    endloop
  endfacet
  facet normal 0 1 0
    outer loop
      vertex -32.6771 1.5 4.3351
      vertex -35.2472 1.5 4.46135
      vertex -32.7528 1.5 4.46135
    endloop
  endfacet
  facet normal 0 1 0
    outer loop
      vertex -32.6771 1.5 4.3351
      vertex -35.3229 1.5 4.3351
      vertex -35.2472 1.5 4.46135
    endloop
  endfacet
  facet normal 0 1 0
    outer loop
      vertex -32.6142 1.5 4.20203
      vertex -35.3229 1.5 4.3351
      vertex -32.6771 1.5 4.3351
    endloop
  endfacet
  facet normal 0 1 0
    outer loop
      vertex -32.6142 1.5 4.20203
      vertex -35.3858 1.5 4.20203
      vertex -35.3229 1.5 4.3351
    endloop
  endfacet
  facet normal 0 1 0
    outer loop
      vertex -32.5646 1.5 4.06343
      vertex -35.3858 1.5 4.20203
      vertex -32.6142 1.5 4.20203
    endloop
  endfacet
  facet normal 0 1 0
    outer loop
      vertex -32.5646 1.5 4.06343
      vertex -35.4354 1.5 4.06343
      vertex -35.3858 1.5 4.20203
    endloop
  endfacet
  facet normal 0 1 0
    outer loop
      vertex -32.5288 1.5 3.92064
      vertex -35.4354 1.5 4.06343
      vertex -32.5646 1.5 4.06343
    endloop
  endfacet
  facet normal 0 1 0
    outer loop
      vertex -32.5288 1.5 3.92064
      vertex -35.4712 1.5 3.92064
      vertex -35.4354 1.5 4.06343
    endloop
  endfacet
  facet normal 0 1 0
    outer loop
      vertex -32.5072 1.5 3.77502
      vertex -35.4712 1.5 3.92064
      vertex -32.5288 1.5 3.92064
    endloop
  endfacet
  facet normal 0 1 0
    outer loop
      vertex -32.5072 1.5 3.77502
      vertex -35.4928 1.5 3.77502
      vertex -35.4712 1.5 3.92064
    endloop
  endfacet
  facet normal 0 1 0
    outer loop
      vertex -32.5 1.5 3.62801
      vertex -35.4928 1.5 3.77502
      vertex -32.5072 1.5 3.77502
    endloop
  endfacet
  facet normal 0 1 0
    outer loop
      vertex -32.5 1.5 3.62801
      vertex -35.5 1.5 3.62801
      vertex -35.4928 1.5 3.77502
    endloop
  endfacet
  facet normal 0 1 -0
    outer loop
      vertex -32.5072 1.5 3.48097
      vertex -35.5 1.5 3.62801
      vertex -32.5 1.5 3.62801
    endloop
  endfacet
  facet normal 0 1 0
    outer loop
      vertex -32.5072 1.5 3.48097
      vertex -35.4928 1.5 3.48097
      vertex -35.5 1.5 3.62801
    endloop
  endfacet
  facet normal 0 1 -0
    outer loop
      vertex -32.5288 1.5 3.33536
      vertex -35.4928 1.5 3.48097
      vertex -32.5072 1.5 3.48097
    endloop
  endfacet
  facet normal 0 1 0
    outer loop
      vertex -32.5288 1.5 3.33536
      vertex -35.4712 1.5 3.33536
      vertex -35.4928 1.5 3.48097
    endloop
  endfacet
  facet normal 0 1 -0
    outer loop
      vertex -32.5646 1.5 3.19257
      vertex -35.4712 1.5 3.33536
      vertex -32.5288 1.5 3.33536
    endloop
  endfacet
  facet normal 0 1 0
    outer loop
      vertex -32.5646 1.5 3.19257
      vertex -35.4354 1.5 3.19257
      vertex -35.4712 1.5 3.33536
    endloop
  endfacet
  facet normal 0 1 -0
    outer loop
      vertex -32.6142 1.5 3.05397
      vertex -35.4354 1.5 3.19257
      vertex -32.5646 1.5 3.19257
    endloop
  endfacet
  facet normal 0 1 0
    outer loop
      vertex -32.6142 1.5 3.05397
      vertex -35.3858 1.5 3.05397
      vertex -35.4354 1.5 3.19257
    endloop
  endfacet
  facet normal 0 1 -0
    outer loop
      vertex -32.6771 1.5 2.9209
      vertex -35.3858 1.5 3.05397
      vertex -32.6142 1.5 3.05397
    endloop
  endfacet
  facet normal 0 1 0
    outer loop
      vertex -32.6771 1.5 2.9209
      vertex -35.3229 1.5 2.9209
      vertex -35.3858 1.5 3.05397
    endloop
  endfacet
  facet normal 0 1 -0
    outer loop
      vertex -32.7528 1.5 2.79465
      vertex -35.3229 1.5 2.9209
      vertex -32.6771 1.5 2.9209
    endloop
  endfacet
  facet normal 0 1 0
    outer loop
      vertex -32.7528 1.5 2.79465
      vertex -35.2472 1.5 2.79465
      vertex -35.3229 1.5 2.9209
    endloop
  endfacet
  facet normal 0 1 -0
    outer loop
      vertex -32.8405 1.5 2.67641
      vertex -35.2472 1.5 2.79465
      vertex -32.7528 1.5 2.79465
    endloop
  endfacet
  facet normal 0 1 0
    outer loop
      vertex -32.8405 1.5 2.67641
      vertex -35.1595 1.5 2.67641
      vertex -35.2472 1.5 2.79465
    endloop
  endfacet
  facet normal 0 1 -0
    outer loop
      vertex -32.9393 1.5 2.56734
      vertex -35.1595 1.5 2.67641
      vertex -32.8405 1.5 2.67641
    endloop
  endfacet
  facet normal 0 1 0
    outer loop
      vertex -32.9393 1.5 2.56734
      vertex -35.0607 1.5 2.56734
      vertex -35.1595 1.5 2.67641
    endloop
  endfacet
  facet normal 0 1 -0
    outer loop
      vertex -33.0484 1.5 2.46848
      vertex -35.0607 1.5 2.56734
      vertex -32.9393 1.5 2.56734
    endloop
  endfacet
  facet normal 0 1 0
    outer loop
      vertex -33.0484 1.5 2.46848
      vertex -34.9516 1.5 2.46848
      vertex -35.0607 1.5 2.56734
    endloop
  endfacet
  facet normal 0 1 -0
    outer loop
      vertex -33.1666 1.5 2.3808
      vertex -34.9516 1.5 2.46848
      vertex -33.0484 1.5 2.46848
    endloop
  endfacet
  facet normal 0 1 0
    outer loop
      vertex -33.1666 1.5 2.3808
      vertex -34.8333 1.5 2.3808
      vertex -34.9516 1.5 2.46848
    endloop
  endfacet
  facet normal 0 1 -0
    outer loop
      vertex -33.2929 1.5 2.30511
      vertex -34.8333 1.5 2.3808
      vertex -33.1666 1.5 2.3808
    endloop
  endfacet
  facet normal 0 1 0
    outer loop
      vertex -33.2929 1.5 2.30511
      vertex -34.7071 1.5 2.30511
      vertex -34.8333 1.5 2.3808
    endloop
  endfacet
  facet normal 0 1 -0
    outer loop
      vertex -33.426 1.5 2.24217
      vertex -34.7071 1.5 2.30511
      vertex -33.2929 1.5 2.30511
    endloop
  endfacet
  facet normal 0 1 0
    outer loop
      vertex -33.426 1.5 2.24217
      vertex -34.574 1.5 2.24217
      vertex -34.7071 1.5 2.30511
    endloop
  endfacet
  facet normal 0 1 -0
    outer loop
      vertex -33.5646 1.5 2.19258
      vertex -34.574 1.5 2.24217
      vertex -33.426 1.5 2.24217
    endloop
  endfacet
  facet normal 0 1 0
    outer loop
      vertex -33.5646 1.5 2.19258
      vertex -34.4354 1.5 2.19258
      vertex -34.574 1.5 2.24217
    endloop
  endfacet
  facet normal 0 1 -0
    outer loop
      vertex -33.7074 1.5 2.15681
      vertex -34.4354 1.5 2.19258
      vertex -33.5646 1.5 2.19258
    endloop
  endfacet
  facet normal 0 1 0
    outer loop
      vertex -33.7074 1.5 2.15681
      vertex -34.2926 1.5 2.15681
      vertex -34.4354 1.5 2.19258
    endloop
  endfacet
  facet normal 0 1 -0
    outer loop
      vertex -33.853 1.5 2.13522
      vertex -34.2926 1.5 2.15681
      vertex -33.7074 1.5 2.15681
    endloop
  endfacet
  facet normal 0 1 0
    outer loop
      vertex -33.853 1.5 2.13522
      vertex -34.147 1.5 2.13522
      vertex -34.2926 1.5 2.15681
    endloop
  endfacet
  facet normal -0 1 0
    outer loop
      vertex -34.147 1.5 2.13522
      vertex -33.853 1.5 2.13522
      vertex -34 1.5 2.12801
    endloop
  endfacet
  facet normal 0 1 0
    outer loop
      vertex -4.85297 1.5 -26.5072
      vertex -5.14702 1.5 -26.5072
      vertex -5 1.5 -26.5
    endloop
  endfacet
  facet normal 0 1 0
    outer loop
      vertex -4.70735 1.5 -26.5288
      vertex -5.14702 1.5 -26.5072
      vertex -4.85297 1.5 -26.5072
    endloop
  endfacet
  facet normal 0 1 0
    outer loop
      vertex -4.70735 1.5 -26.5288
      vertex -5.29263 1.5 -26.5288
      vertex -5.14702 1.5 -26.5072
    endloop
  endfacet
  facet normal 0 1 0
    outer loop
      vertex -4.56456 1.5 -26.5646
      vertex -5.29263 1.5 -26.5288
      vertex -4.70735 1.5 -26.5288
    endloop
  endfacet
  facet normal 0 1 0
    outer loop
      vertex -4.56456 1.5 -26.5646
      vertex -5.43542 1.5 -26.5646
      vertex -5.29263 1.5 -26.5288
    endloop
  endfacet
  facet normal 0 1 0
    outer loop
      vertex -4.42596 1.5 -26.6142
      vertex -5.43542 1.5 -26.5646
      vertex -4.56456 1.5 -26.5646
    endloop
  endfacet
  facet normal 0 1 0
    outer loop
      vertex -4.42596 1.5 -26.6142
      vertex -5.57402 1.5 -26.6142
      vertex -5.43542 1.5 -26.5646
    endloop
  endfacet
  facet normal 0 1 0
    outer loop
      vertex -4.29289 1.5 -26.6771
      vertex -5.57402 1.5 -26.6142
      vertex -4.42596 1.5 -26.6142
    endloop
  endfacet
  facet normal 0 1 0
    outer loop
      vertex -4.29289 1.5 -26.6771
      vertex -5.70709 1.5 -26.6771
      vertex -5.57402 1.5 -26.6142
    endloop
  endfacet
  facet normal 0 1 0
    outer loop
      vertex -4.16664 1.5 -26.7528
      vertex -5.70709 1.5 -26.6771
      vertex -4.29289 1.5 -26.6771
    endloop
  endfacet
  facet normal 0 1 0
    outer loop
      vertex -4.16664 1.5 -26.7528
      vertex -5.83334 1.5 -26.7528
      vertex -5.70709 1.5 -26.6771
    endloop
  endfacet
  facet normal 0 1 0
    outer loop
      vertex -4.0484 1.5 -26.8405
      vertex -5.83334 1.5 -26.7528
      vertex -4.16664 1.5 -26.7528
    endloop
  endfacet
  facet normal 0 1 0
    outer loop
      vertex -4.0484 1.5 -26.8405
      vertex -5.95158 1.5 -26.8405
      vertex -5.83334 1.5 -26.7528
    endloop
  endfacet
  facet normal 0 1 0
    outer loop
      vertex -3.93933 1.5 -26.9393
      vertex -5.95158 1.5 -26.8405
      vertex -4.0484 1.5 -26.8405
    endloop
  endfacet
  facet normal 0 1 0
    outer loop
      vertex -3.93933 1.5 -26.9393
      vertex -6.06065 1.5 -26.9393
      vertex -5.95158 1.5 -26.8405
    endloop
  endfacet
  facet normal 0 1 0
    outer loop
      vertex -3.84047 1.5 -27.0484
      vertex -6.06065 1.5 -26.9393
      vertex -3.93933 1.5 -26.9393
    endloop
  endfacet
  facet normal 0 1 0
    outer loop
      vertex -3.84047 1.5 -27.0484
      vertex -6.15952 1.5 -27.0484
      vertex -6.06065 1.5 -26.9393
    endloop
  endfacet
  facet normal 0 1 0
    outer loop
      vertex -3.75279 1.5 -27.1666
      vertex -6.15952 1.5 -27.0484
      vertex -3.84047 1.5 -27.0484
    endloop
  endfacet
  facet normal 0 1 0
    outer loop
      vertex -3.75279 1.5 -27.1666
      vertex -6.24719 1.5 -27.1666
      vertex -6.15952 1.5 -27.0484
    endloop
  endfacet
  facet normal 0 1 0
    outer loop
      vertex -3.67711 1.5 -27.2929
      vertex -6.24719 1.5 -27.1666
      vertex -3.75279 1.5 -27.1666
    endloop
  endfacet
  facet normal 0 1 0
    outer loop
      vertex -3.67711 1.5 -27.2929
      vertex -6.32288 1.5 -27.2929
      vertex -6.24719 1.5 -27.1666
    endloop
  endfacet
  facet normal 0 1 0
    outer loop
      vertex -3.61417 1.5 -27.426
      vertex -6.32288 1.5 -27.2929
      vertex -3.67711 1.5 -27.2929
    endloop
  endfacet
  facet normal 0 1 0
    outer loop
      vertex -3.61417 1.5 -27.426
      vertex -6.38582 1.5 -27.426
      vertex -6.32288 1.5 -27.2929
    endloop
  endfacet
  facet normal 0 1 0
    outer loop
      vertex -3.56458 1.5 -27.5646
      vertex -6.38582 1.5 -27.426
      vertex -3.61417 1.5 -27.426
    endloop
  endfacet
  facet normal 0 1 0
    outer loop
      vertex -3.56458 1.5 -27.5646
      vertex -6.43541 1.5 -27.5646
      vertex -6.38582 1.5 -27.426
    endloop
  endfacet
  facet normal 0 1 0
    outer loop
      vertex -3.52881 1.5 -27.7074
      vertex -6.43541 1.5 -27.5646
      vertex -3.56458 1.5 -27.5646
    endloop
  endfacet
  facet normal 0 1 0
    outer loop
      vertex -3.52881 1.5 -27.7074
      vertex -6.47118 1.5 -27.7074
      vertex -6.43541 1.5 -27.5646
    endloop
  endfacet
  facet normal 0 1 0
    outer loop
      vertex -3.50722 1.5 -27.853
      vertex -6.47118 1.5 -27.7074
      vertex -3.52881 1.5 -27.7074
    endloop
  endfacet
  facet normal 0 1 0
    outer loop
      vertex -3.50722 1.5 -27.853
      vertex -6.49277 1.5 -27.853
      vertex -6.47118 1.5 -27.7074
    endloop
  endfacet
  facet normal 0 1 0
    outer loop
      vertex -3.5 1.5 -28
      vertex -6.49277 1.5 -27.853
      vertex -3.50722 1.5 -27.853
    endloop
  endfacet
  facet normal 0 1 0
    outer loop
      vertex -3.5 1.5 -28
      vertex -6.5 1.5 -28
      vertex -6.49277 1.5 -27.853
    endloop
  endfacet
  facet normal 0 1 -0
    outer loop
      vertex -3.50722 1.5 -28.147
      vertex -6.5 1.5 -28
      vertex -3.5 1.5 -28
    endloop
  endfacet
  facet normal 0 1 0
    outer loop
      vertex -3.50722 1.5 -28.147
      vertex -6.49277 1.5 -28.147
      vertex -6.5 1.5 -28
    endloop
  endfacet
  facet normal 0 1 -0
    outer loop
      vertex -3.52881 1.5 -28.2926
      vertex -6.49277 1.5 -28.147
      vertex -3.50722 1.5 -28.147
    endloop
  endfacet
  facet normal 0 1 0
    outer loop
      vertex -3.52881 1.5 -28.2926
      vertex -6.47118 1.5 -28.2926
      vertex -6.49277 1.5 -28.147
    endloop
  endfacet
  facet normal 0 1 -0
    outer loop
      vertex -3.56458 1.5 -28.4354
      vertex -6.47118 1.5 -28.2926
      vertex -3.52881 1.5 -28.2926
    endloop
  endfacet
  facet normal 0 1 0
    outer loop
      vertex -3.56458 1.5 -28.4354
      vertex -6.43541 1.5 -28.4354
      vertex -6.47118 1.5 -28.2926
    endloop
  endfacet
  facet normal 0 1 -0
    outer loop
      vertex -3.61417 1.5 -28.574
      vertex -6.43541 1.5 -28.4354
      vertex -3.56458 1.5 -28.4354
    endloop
  endfacet
  facet normal 0 1 0
    outer loop
      vertex -3.61417 1.5 -28.574
      vertex -6.38582 1.5 -28.574
      vertex -6.43541 1.5 -28.4354
    endloop
  endfacet
  facet normal 0 1 -0
    outer loop
      vertex -3.67711 1.5 -28.7071
      vertex -6.38582 1.5 -28.574
      vertex -3.61417 1.5 -28.574
    endloop
  endfacet
  facet normal 0 1 0
    outer loop
      vertex -3.67711 1.5 -28.7071
      vertex -6.32288 1.5 -28.7071
      vertex -6.38582 1.5 -28.574
    endloop
  endfacet
  facet normal 0 1 -0
    outer loop
      vertex -3.75279 1.5 -28.8333
      vertex -6.32288 1.5 -28.7071
      vertex -3.67711 1.5 -28.7071
    endloop
  endfacet
  facet normal 0 1 0
    outer loop
      vertex -3.75279 1.5 -28.8333
      vertex -6.24719 1.5 -28.8333
      vertex -6.32288 1.5 -28.7071
    endloop
  endfacet
  facet normal 0 1 -0
    outer loop
      vertex -3.84047 1.5 -28.9516
      vertex -6.24719 1.5 -28.8333
      vertex -3.75279 1.5 -28.8333
    endloop
  endfacet
  facet normal 0 1 0
    outer loop
      vertex -3.84047 1.5 -28.9516
      vertex -6.15952 1.5 -28.9516
      vertex -6.24719 1.5 -28.8333
    endloop
  endfacet
  facet normal 0 1 -0
    outer loop
      vertex -3.93933 1.5 -29.0607
      vertex -6.15952 1.5 -28.9516
      vertex -3.84047 1.5 -28.9516
    endloop
  endfacet
  facet normal 0 1 0
    outer loop
      vertex -3.93933 1.5 -29.0607
      vertex -6.06065 1.5 -29.0607
      vertex -6.15952 1.5 -28.9516
    endloop
  endfacet
  facet normal 0 1 -0
    outer loop
      vertex -4.0484 1.5 -29.1595
      vertex -6.06065 1.5 -29.0607
      vertex -3.93933 1.5 -29.0607
    endloop
  endfacet
  facet normal 0 1 0
    outer loop
      vertex -4.0484 1.5 -29.1595
      vertex -5.95158 1.5 -29.1595
      vertex -6.06065 1.5 -29.0607
    endloop
  endfacet
  facet normal 0 1 -0
    outer loop
      vertex -4.16664 1.5 -29.2472
      vertex -5.95158 1.5 -29.1595
      vertex -4.0484 1.5 -29.1595
    endloop
  endfacet
  facet normal 0 1 0
    outer loop
      vertex -4.16664 1.5 -29.2472
      vertex -5.83334 1.5 -29.2472
      vertex -5.95158 1.5 -29.1595
    endloop
  endfacet
  facet normal 0 1 -0
    outer loop
      vertex -4.29289 1.5 -29.3229
      vertex -5.83334 1.5 -29.2472
      vertex -4.16664 1.5 -29.2472
    endloop
  endfacet
  facet normal 0 1 0
    outer loop
      vertex -4.29289 1.5 -29.3229
      vertex -5.70709 1.5 -29.3229
      vertex -5.83334 1.5 -29.2472
    endloop
  endfacet
  facet normal 0 1 -0
    outer loop
      vertex -4.42596 1.5 -29.3858
      vertex -5.70709 1.5 -29.3229
      vertex -4.29289 1.5 -29.3229
    endloop
  endfacet
  facet normal 0 1 0
    outer loop
      vertex -4.42596 1.5 -29.3858
      vertex -5.57402 1.5 -29.3858
      vertex -5.70709 1.5 -29.3229
    endloop
  endfacet
  facet normal 0 1 -0
    outer loop
      vertex -4.56456 1.5 -29.4354
      vertex -5.57402 1.5 -29.3858
      vertex -4.42596 1.5 -29.3858
    endloop
  endfacet
  facet normal 0 1 0
    outer loop
      vertex -4.56456 1.5 -29.4354
      vertex -5.43542 1.5 -29.4354
      vertex -5.57402 1.5 -29.3858
    endloop
  endfacet
  facet normal 0 1 -0
    outer loop
      vertex -4.70735 1.5 -29.4712
      vertex -5.43542 1.5 -29.4354
      vertex -4.56456 1.5 -29.4354
    endloop
  endfacet
  facet normal 0 1 0
    outer loop
      vertex -4.70735 1.5 -29.4712
      vertex -5.29263 1.5 -29.4712
      vertex -5.43542 1.5 -29.4354
    endloop
  endfacet
  facet normal 0 1 -0
    outer loop
      vertex -4.85297 1.5 -29.4928
      vertex -5.29263 1.5 -29.4712
      vertex -4.70735 1.5 -29.4712
    endloop
  endfacet
  facet normal 0 1 0
    outer loop
      vertex -4.85297 1.5 -29.4928
      vertex -5.14702 1.5 -29.4928
      vertex -5.29263 1.5 -29.4712
    endloop
  endfacet
  facet normal -0 1 0
    outer loop
      vertex -5.14702 1.5 -29.4928
      vertex -4.85297 1.5 -29.4928
      vertex -5 1.5 -29.5
    endloop
  endfacet
  facet normal 0 1 0
    outer loop
      vertex 24.147 1.5 5.12077
      vertex 23.853 1.5 5.12077
      vertex 24 1.5 5.12801
    endloop
  endfacet
  facet normal 0 1 0
    outer loop
      vertex 24.2926 1.5 5.09918
      vertex 23.853 1.5 5.12077
      vertex 24.147 1.5 5.12077
    endloop
  endfacet
  facet normal 0 1 0
    outer loop
      vertex 24.2926 1.5 5.09918
      vertex 23.7074 1.5 5.09918
      vertex 23.853 1.5 5.12077
    endloop
  endfacet
  facet normal 0 1 0
    outer loop
      vertex 24.4354 1.5 5.06342
      vertex 23.7074 1.5 5.09918
      vertex 24.2926 1.5 5.09918
    endloop
  endfacet
  facet normal 0 1 0
    outer loop
      vertex 24.4354 1.5 5.06342
      vertex 23.5646 1.5 5.06342
      vertex 23.7074 1.5 5.09918
    endloop
  endfacet
  facet normal 0 1 0
    outer loop
      vertex 24.574 1.5 5.01382
      vertex 23.5646 1.5 5.06342
      vertex 24.4354 1.5 5.06342
    endloop
  endfacet
  facet normal 0 1 0
    outer loop
      vertex 24.574 1.5 5.01382
      vertex 23.426 1.5 5.01382
      vertex 23.5646 1.5 5.06342
    endloop
  endfacet
  facet normal 0 1 0
    outer loop
      vertex 24.7071 1.5 4.95088
      vertex 23.426 1.5 5.01382
      vertex 24.574 1.5 5.01382
    endloop
  endfacet
  facet normal 0 1 0
    outer loop
      vertex 24.7071 1.5 4.95088
      vertex 23.2929 1.5 4.95088
      vertex 23.426 1.5 5.01382
    endloop
  endfacet
  facet normal 0 1 0
    outer loop
      vertex 24.8333 1.5 4.8752
      vertex 23.2929 1.5 4.95088
      vertex 24.7071 1.5 4.95088
    endloop
  endfacet
  facet normal 0 1 0
    outer loop
      vertex 24.8333 1.5 4.8752
      vertex 23.1666 1.5 4.8752
      vertex 23.2929 1.5 4.95088
    endloop
  endfacet
  facet normal 0 1 0
    outer loop
      vertex 24.9516 1.5 4.78752
      vertex 23.1666 1.5 4.8752
      vertex 24.8333 1.5 4.8752
    endloop
  endfacet
  facet normal 0 1 0
    outer loop
      vertex 24.9516 1.5 4.78752
      vertex 23.0484 1.5 4.78752
      vertex 23.1666 1.5 4.8752
    endloop
  endfacet
  facet normal 0 1 0
    outer loop
      vertex 25.0607 1.5 4.68866
      vertex 23.0484 1.5 4.78752
      vertex 24.9516 1.5 4.78752
    endloop
  endfacet
  facet normal 0 1 0
    outer loop
      vertex 25.0607 1.5 4.68866
      vertex 22.9393 1.5 4.68866
      vertex 23.0484 1.5 4.78752
    endloop
  endfacet
  facet normal 0 1 0
    outer loop
      vertex 25.1595 1.5 4.57959
      vertex 22.9393 1.5 4.68866
      vertex 25.0607 1.5 4.68866
    endloop
  endfacet
  facet normal 0 1 0
    outer loop
      vertex 25.1595 1.5 4.57959
      vertex 22.8405 1.5 4.57959
      vertex 22.9393 1.5 4.68866
    endloop
  endfacet
  facet normal 0 1 0
    outer loop
      vertex 25.2472 1.5 4.46135
      vertex 22.8405 1.5 4.57959
      vertex 25.1595 1.5 4.57959
    endloop
  endfacet
  facet normal 0 1 0
    outer loop
      vertex 25.2472 1.5 4.46135
      vertex 22.7528 1.5 4.46135
      vertex 22.8405 1.5 4.57959
    endloop
  endfacet
  facet normal 0 1 0
    outer loop
      vertex 25.3229 1.5 4.3351
      vertex 22.7528 1.5 4.46135
      vertex 25.2472 1.5 4.46135
    endloop
  endfacet
  facet normal 0 1 0
    outer loop
      vertex 25.3229 1.5 4.3351
      vertex 22.6771 1.5 4.3351
      vertex 22.7528 1.5 4.46135
    endloop
  endfacet
  facet normal 0 1 0
    outer loop
      vertex 25.3858 1.5 4.20203
      vertex 22.6771 1.5 4.3351
      vertex 25.3229 1.5 4.3351
    endloop
  endfacet
  facet normal 0 1 0
    outer loop
      vertex 25.3858 1.5 4.20203
      vertex 22.6142 1.5 4.20203
      vertex 22.6771 1.5 4.3351
    endloop
  endfacet
  facet normal 0 1 0
    outer loop
      vertex 25.4354 1.5 4.06343
      vertex 22.6142 1.5 4.20203
      vertex 25.3858 1.5 4.20203
    endloop
  endfacet
  facet normal 0 1 0
    outer loop
      vertex 25.4354 1.5 4.06343
      vertex 22.5646 1.5 4.06343
      vertex 22.6142 1.5 4.20203
    endloop
  endfacet
  facet normal 0 1 0
    outer loop
      vertex 25.4712 1.5 3.92064
      vertex 22.5646 1.5 4.06343
      vertex 25.4354 1.5 4.06343
    endloop
  endfacet
  facet normal 0 1 0
    outer loop
      vertex 25.4712 1.5 3.92064
      vertex 22.5288 1.5 3.92064
      vertex 22.5646 1.5 4.06343
    endloop
  endfacet
  facet normal 0 1 0
    outer loop
      vertex 25.4928 1.5 3.77502
      vertex 22.5288 1.5 3.92064
      vertex 25.4712 1.5 3.92064
    endloop
  endfacet
  facet normal 0 1 0
    outer loop
      vertex 25.4928 1.5 3.77502
      vertex 22.5072 1.5 3.77502
      vertex 22.5288 1.5 3.92064
    endloop
  endfacet
  facet normal 0 1 0
    outer loop
      vertex 25.5 1.5 3.62801
      vertex 22.5072 1.5 3.77502
      vertex 25.4928 1.5 3.77502
    endloop
  endfacet
  facet normal 0 1 0
    outer loop
      vertex 25.5 1.5 3.62801
      vertex 22.5 1.5 3.62801
      vertex 22.5072 1.5 3.77502
    endloop
  endfacet
  facet normal 0 1 -0
    outer loop
      vertex 25.4928 1.5 3.48097
      vertex 22.5 1.5 3.62801
      vertex 25.5 1.5 3.62801
    endloop
  endfacet
  facet normal 0 1 0
    outer loop
      vertex 25.4928 1.5 3.48097
      vertex 22.5072 1.5 3.48097
      vertex 22.5 1.5 3.62801
    endloop
  endfacet
  facet normal 0 1 -0
    outer loop
      vertex 25.4712 1.5 3.33536
      vertex 22.5072 1.5 3.48097
      vertex 25.4928 1.5 3.48097
    endloop
  endfacet
  facet normal 0 1 0
    outer loop
      vertex 25.4712 1.5 3.33536
      vertex 22.5288 1.5 3.33536
      vertex 22.5072 1.5 3.48097
    endloop
  endfacet
  facet normal 0 1 -0
    outer loop
      vertex 25.4354 1.5 3.19257
      vertex 22.5288 1.5 3.33536
      vertex 25.4712 1.5 3.33536
    endloop
  endfacet
  facet normal 0 1 0
    outer loop
      vertex 25.4354 1.5 3.19257
      vertex 22.5646 1.5 3.19257
      vertex 22.5288 1.5 3.33536
    endloop
  endfacet
  facet normal 0 1 -0
    outer loop
      vertex 25.3858 1.5 3.05397
      vertex 22.5646 1.5 3.19257
      vertex 25.4354 1.5 3.19257
    endloop
  endfacet
  facet normal 0 1 0
    outer loop
      vertex 25.3858 1.5 3.05397
      vertex 22.6142 1.5 3.05397
      vertex 22.5646 1.5 3.19257
    endloop
  endfacet
  facet normal 0 1 -0
    outer loop
      vertex 25.3229 1.5 2.9209
      vertex 22.6142 1.5 3.05397
      vertex 25.3858 1.5 3.05397
    endloop
  endfacet
  facet normal 0 1 0
    outer loop
      vertex 25.3229 1.5 2.9209
      vertex 22.6771 1.5 2.9209
      vertex 22.6142 1.5 3.05397
    endloop
  endfacet
  facet normal 0 1 -0
    outer loop
      vertex 25.2472 1.5 2.79465
      vertex 22.6771 1.5 2.9209
      vertex 25.3229 1.5 2.9209
    endloop
  endfacet
  facet normal 0 1 0
    outer loop
      vertex 25.2472 1.5 2.79465
      vertex 22.7528 1.5 2.79465
      vertex 22.6771 1.5 2.9209
    endloop
  endfacet
  facet normal 0 1 -0
    outer loop
      vertex 25.1595 1.5 2.67641
      vertex 22.7528 1.5 2.79465
      vertex 25.2472 1.5 2.79465
    endloop
  endfacet
  facet normal 0 1 0
    outer loop
      vertex 25.1595 1.5 2.67641
      vertex 22.8405 1.5 2.67641
      vertex 22.7528 1.5 2.79465
    endloop
  endfacet
  facet normal 0 1 -0
    outer loop
      vertex 25.0607 1.5 2.56734
      vertex 22.8405 1.5 2.67641
      vertex 25.1595 1.5 2.67641
    endloop
  endfacet
  facet normal 0 1 0
    outer loop
      vertex 25.0607 1.5 2.56734
      vertex 22.9393 1.5 2.56734
      vertex 22.8405 1.5 2.67641
    endloop
  endfacet
  facet normal 0 1 -0
    outer loop
      vertex 24.9516 1.5 2.46848
      vertex 22.9393 1.5 2.56734
      vertex 25.0607 1.5 2.56734
    endloop
  endfacet
  facet normal 0 1 0
    outer loop
      vertex 24.9516 1.5 2.46848
      vertex 23.0484 1.5 2.46848
      vertex 22.9393 1.5 2.56734
    endloop
  endfacet
  facet normal 0 1 -0
    outer loop
      vertex 24.8333 1.5 2.3808
      vertex 23.0484 1.5 2.46848
      vertex 24.9516 1.5 2.46848
    endloop
  endfacet
  facet normal 0 1 0
    outer loop
      vertex 24.8333 1.5 2.3808
      vertex 23.1666 1.5 2.3808
      vertex 23.0484 1.5 2.46848
    endloop
  endfacet
  facet normal 0 1 -0
    outer loop
      vertex 24.7071 1.5 2.30511
      vertex 23.1666 1.5 2.3808
      vertex 24.8333 1.5 2.3808
    endloop
  endfacet
  facet normal 0 1 0
    outer loop
      vertex 24.7071 1.5 2.30511
      vertex 23.2929 1.5 2.30511
      vertex 23.1666 1.5 2.3808
    endloop
  endfacet
  facet normal 0 1 -0
    outer loop
      vertex 24.574 1.5 2.24217
      vertex 23.2929 1.5 2.30511
      vertex 24.7071 1.5 2.30511
    endloop
  endfacet
  facet normal 0 1 0
    outer loop
      vertex 24.574 1.5 2.24217
      vertex 23.426 1.5 2.24217
      vertex 23.2929 1.5 2.30511
    endloop
  endfacet
  facet normal 0 1 -0
    outer loop
      vertex 24.4354 1.5 2.19258
      vertex 23.426 1.5 2.24217
      vertex 24.574 1.5 2.24217
    endloop
  endfacet
  facet normal 0 1 0
    outer loop
      vertex 24.4354 1.5 2.19258
      vertex 23.5646 1.5 2.19258
      vertex 23.426 1.5 2.24217
    endloop
  endfacet
  facet normal 0 1 -0
    outer loop
      vertex 24.2926 1.5 2.15681
      vertex 23.5646 1.5 2.19258
      vertex 24.4354 1.5 2.19258
    endloop
  endfacet
  facet normal 0 1 0
    outer loop
      vertex 24.2926 1.5 2.15681
      vertex 23.7074 1.5 2.15681
      vertex 23.5646 1.5 2.19258
    endloop
  endfacet
  facet normal 0 1 -0
    outer loop
      vertex 24.147 1.5 2.13522
      vertex 23.7074 1.5 2.15681
      vertex 24.2926 1.5 2.15681
    endloop
  endfacet
  facet normal 0 1 0
    outer loop
      vertex 24.147 1.5 2.13522
      vertex 23.853 1.5 2.13522
      vertex 23.7074 1.5 2.15681
    endloop
  endfacet
  facet normal -0 1 0
    outer loop
      vertex 23.853 1.5 2.13522
      vertex 24.147 1.5 2.13522
      vertex 24 1.5 2.12801
    endloop
  endfacet
  facet normal 0 1 0
    outer loop
      vertex 34.147 1.5 5.12077
      vertex 33.853 1.5 5.12077
      vertex 34 1.5 5.12801
    endloop
  endfacet
  facet normal 0 1 0
    outer loop
      vertex 34.2926 1.5 5.09918
      vertex 33.853 1.5 5.12077
      vertex 34.147 1.5 5.12077
    endloop
  endfacet
  facet normal 0 1 0
    outer loop
      vertex 34.2926 1.5 5.09918
      vertex 33.7074 1.5 5.09918
      vertex 33.853 1.5 5.12077
    endloop
  endfacet
  facet normal 0 1 0
    outer loop
      vertex 34.4354 1.5 5.06342
      vertex 33.7074 1.5 5.09918
      vertex 34.2926 1.5 5.09918
    endloop
  endfacet
  facet normal 0 1 0
    outer loop
      vertex 34.4354 1.5 5.06342
      vertex 33.5646 1.5 5.06342
      vertex 33.7074 1.5 5.09918
    endloop
  endfacet
  facet normal 0 1 0
    outer loop
      vertex 34.574 1.5 5.01382
      vertex 33.5646 1.5 5.06342
      vertex 34.4354 1.5 5.06342
    endloop
  endfacet
  facet normal 0 1 0
    outer loop
      vertex 34.574 1.5 5.01382
      vertex 33.426 1.5 5.01382
      vertex 33.5646 1.5 5.06342
    endloop
  endfacet
  facet normal 0 1 0
    outer loop
      vertex 34.7071 1.5 4.95088
      vertex 33.426 1.5 5.01382
      vertex 34.574 1.5 5.01382
    endloop
  endfacet
  facet normal 0 1 0
    outer loop
      vertex 34.7071 1.5 4.95088
      vertex 33.2929 1.5 4.95088
      vertex 33.426 1.5 5.01382
    endloop
  endfacet
  facet normal 0 1 0
    outer loop
      vertex 34.8333 1.5 4.8752
      vertex 33.2929 1.5 4.95088
      vertex 34.7071 1.5 4.95088
    endloop
  endfacet
  facet normal 0 1 0
    outer loop
      vertex 34.8333 1.5 4.8752
      vertex 33.1666 1.5 4.8752
      vertex 33.2929 1.5 4.95088
    endloop
  endfacet
  facet normal 0 1 0
    outer loop
      vertex 34.9516 1.5 4.78752
      vertex 33.1666 1.5 4.8752
      vertex 34.8333 1.5 4.8752
    endloop
  endfacet
  facet normal 0 1 0
    outer loop
      vertex 34.9516 1.5 4.78752
      vertex 33.0484 1.5 4.78752
      vertex 33.1666 1.5 4.8752
    endloop
  endfacet
  facet normal 0 1 0
    outer loop
      vertex 35.0607 1.5 4.68866
      vertex 33.0484 1.5 4.78752
      vertex 34.9516 1.5 4.78752
    endloop
  endfacet
  facet normal 0 1 0
    outer loop
      vertex 35.0607 1.5 4.68866
      vertex 32.9393 1.5 4.68866
      vertex 33.0484 1.5 4.78752
    endloop
  endfacet
  facet normal 0 1 0
    outer loop
      vertex 35.1595 1.5 4.57959
      vertex 32.9393 1.5 4.68866
      vertex 35.0607 1.5 4.68866
    endloop
  endfacet
  facet normal 0 1 0
    outer loop
      vertex 35.1595 1.5 4.57959
      vertex 32.8405 1.5 4.57959
      vertex 32.9393 1.5 4.68866
    endloop
  endfacet
  facet normal 0 1 0
    outer loop
      vertex 35.2472 1.5 4.46135
      vertex 32.8405 1.5 4.57959
      vertex 35.1595 1.5 4.57959
    endloop
  endfacet
  facet normal 0 1 0
    outer loop
      vertex 35.2472 1.5 4.46135
      vertex 32.7528 1.5 4.46135
      vertex 32.8405 1.5 4.57959
    endloop
  endfacet
  facet normal 0 1 0
    outer loop
      vertex 35.3229 1.5 4.3351
      vertex 32.7528 1.5 4.46135
      vertex 35.2472 1.5 4.46135
    endloop
  endfacet
  facet normal 0 1 0
    outer loop
      vertex 35.3229 1.5 4.3351
      vertex 32.6771 1.5 4.3351
      vertex 32.7528 1.5 4.46135
    endloop
  endfacet
  facet normal 0 1 0
    outer loop
      vertex 35.3858 1.5 4.20203
      vertex 32.6771 1.5 4.3351
      vertex 35.3229 1.5 4.3351
    endloop
  endfacet
  facet normal 0 1 0
    outer loop
      vertex 35.3858 1.5 4.20203
      vertex 32.6142 1.5 4.20203
      vertex 32.6771 1.5 4.3351
    endloop
  endfacet
  facet normal 0 1 0
    outer loop
      vertex 35.4354 1.5 4.06343
      vertex 32.6142 1.5 4.20203
      vertex 35.3858 1.5 4.20203
    endloop
  endfacet
  facet normal 0 1 0
    outer loop
      vertex 35.4354 1.5 4.06343
      vertex 32.5646 1.5 4.06343
      vertex 32.6142 1.5 4.20203
    endloop
  endfacet
  facet normal 0 1 0
    outer loop
      vertex 35.4712 1.5 3.92064
      vertex 32.5646 1.5 4.06343
      vertex 35.4354 1.5 4.06343
    endloop
  endfacet
  facet normal 0 1 0
    outer loop
      vertex 35.4712 1.5 3.92064
      vertex 32.5288 1.5 3.92064
      vertex 32.5646 1.5 4.06343
    endloop
  endfacet
  facet normal 0 1 0
    outer loop
      vertex 35.4928 1.5 3.77502
      vertex 32.5288 1.5 3.92064
      vertex 35.4712 1.5 3.92064
    endloop
  endfacet
  facet normal 0 1 0
    outer loop
      vertex 35.4928 1.5 3.77502
      vertex 32.5072 1.5 3.77502
      vertex 32.5288 1.5 3.92064
    endloop
  endfacet
  facet normal 0 1 0
    outer loop
      vertex 35.5 1.5 3.62801
      vertex 32.5072 1.5 3.77502
      vertex 35.4928 1.5 3.77502
    endloop
  endfacet
  facet normal 0 1 0
    outer loop
      vertex 35.5 1.5 3.62801
      vertex 32.5 1.5 3.62801
      vertex 32.5072 1.5 3.77502
    endloop
  endfacet
  facet normal 0 1 -0
    outer loop
      vertex 35.4928 1.5 3.48097
      vertex 32.5 1.5 3.62801
      vertex 35.5 1.5 3.62801
    endloop
  endfacet
  facet normal 0 1 0
    outer loop
      vertex 35.4928 1.5 3.48097
      vertex 32.5072 1.5 3.48097
      vertex 32.5 1.5 3.62801
    endloop
  endfacet
  facet normal 0 1 -0
    outer loop
      vertex 35.4712 1.5 3.33536
      vertex 32.5072 1.5 3.48097
      vertex 35.4928 1.5 3.48097
    endloop
  endfacet
  facet normal 0 1 0
    outer loop
      vertex 35.4712 1.5 3.33536
      vertex 32.5288 1.5 3.33536
      vertex 32.5072 1.5 3.48097
    endloop
  endfacet
  facet normal 0 1 -0
    outer loop
      vertex 35.4354 1.5 3.19257
      vertex 32.5288 1.5 3.33536
      vertex 35.4712 1.5 3.33536
    endloop
  endfacet
  facet normal 0 1 0
    outer loop
      vertex 35.4354 1.5 3.19257
      vertex 32.5646 1.5 3.19257
      vertex 32.5288 1.5 3.33536
    endloop
  endfacet
  facet normal 0 1 -0
    outer loop
      vertex 35.3858 1.5 3.05397
      vertex 32.5646 1.5 3.19257
      vertex 35.4354 1.5 3.19257
    endloop
  endfacet
  facet normal 0 1 0
    outer loop
      vertex 35.3858 1.5 3.05397
      vertex 32.6142 1.5 3.05397
      vertex 32.5646 1.5 3.19257
    endloop
  endfacet
  facet normal 0 1 -0
    outer loop
      vertex 35.3229 1.5 2.9209
      vertex 32.6142 1.5 3.05397
      vertex 35.3858 1.5 3.05397
    endloop
  endfacet
  facet normal 0 1 0
    outer loop
      vertex 35.3229 1.5 2.9209
      vertex 32.6771 1.5 2.9209
      vertex 32.6142 1.5 3.05397
    endloop
  endfacet
  facet normal 0 1 -0
    outer loop
      vertex 35.2472 1.5 2.79465
      vertex 32.6771 1.5 2.9209
      vertex 35.3229 1.5 2.9209
    endloop
  endfacet
  facet normal 0 1 0
    outer loop
      vertex 35.2472 1.5 2.79465
      vertex 32.7528 1.5 2.79465
      vertex 32.6771 1.5 2.9209
    endloop
  endfacet
  facet normal 0 1 -0
    outer loop
      vertex 35.1595 1.5 2.67641
      vertex 32.7528 1.5 2.79465
      vertex 35.2472 1.5 2.79465
    endloop
  endfacet
  facet normal 0 1 0
    outer loop
      vertex 35.1595 1.5 2.67641
      vertex 32.8405 1.5 2.67641
      vertex 32.7528 1.5 2.79465
    endloop
  endfacet
  facet normal 0 1 -0
    outer loop
      vertex 35.0607 1.5 2.56734
      vertex 32.8405 1.5 2.67641
      vertex 35.1595 1.5 2.67641
    endloop
  endfacet
  facet normal 0 1 0
    outer loop
      vertex 35.0607 1.5 2.56734
      vertex 32.9393 1.5 2.56734
      vertex 32.8405 1.5 2.67641
    endloop
  endfacet
  facet normal 0 1 -0
    outer loop
      vertex 34.9516 1.5 2.46848
      vertex 32.9393 1.5 2.56734
      vertex 35.0607 1.5 2.56734
    endloop
  endfacet
  facet normal 0 1 0
    outer loop
      vertex 34.9516 1.5 2.46848
      vertex 33.0484 1.5 2.46848
      vertex 32.9393 1.5 2.56734
    endloop
  endfacet
  facet normal 0 1 -0
    outer loop
      vertex 34.8333 1.5 2.3808
      vertex 33.0484 1.5 2.46848
      vertex 34.9516 1.5 2.46848
    endloop
  endfacet
  facet normal 0 1 0
    outer loop
      vertex 34.8333 1.5 2.3808
      vertex 33.1666 1.5 2.3808
      vertex 33.0484 1.5 2.46848
    endloop
  endfacet
  facet normal 0 1 -0
    outer loop
      vertex 34.7071 1.5 2.30511
      vertex 33.1666 1.5 2.3808
      vertex 34.8333 1.5 2.3808
    endloop
  endfacet
  facet normal 0 1 0
    outer loop
      vertex 34.7071 1.5 2.30511
      vertex 33.2929 1.5 2.30511
      vertex 33.1666 1.5 2.3808
    endloop
  endfacet
  facet normal 0 1 -0
    outer loop
      vertex 34.574 1.5 2.24217
      vertex 33.2929 1.5 2.30511
      vertex 34.7071 1.5 2.30511
    endloop
  endfacet
  facet normal 0 1 0
    outer loop
      vertex 34.574 1.5 2.24217
      vertex 33.426 1.5 2.24217
      vertex 33.2929 1.5 2.30511
    endloop
  endfacet
  facet normal 0 1 -0
    outer loop
      vertex 34.4354 1.5 2.19258
      vertex 33.426 1.5 2.24217
      vertex 34.574 1.5 2.24217
    endloop
  endfacet
  facet normal 0 1 0
    outer loop
      vertex 34.4354 1.5 2.19258
      vertex 33.5646 1.5 2.19258
      vertex 33.426 1.5 2.24217
    endloop
  endfacet
  facet normal 0 1 -0
    outer loop
      vertex 34.2926 1.5 2.15681
      vertex 33.5646 1.5 2.19258
      vertex 34.4354 1.5 2.19258
    endloop
  endfacet
  facet normal 0 1 0
    outer loop
      vertex 34.2926 1.5 2.15681
      vertex 33.7074 1.5 2.15681
      vertex 33.5646 1.5 2.19258
    endloop
  endfacet
  facet normal 0 1 -0
    outer loop
      vertex 34.147 1.5 2.13522
      vertex 33.7074 1.5 2.15681
      vertex 34.2926 1.5 2.15681
    endloop
  endfacet
  facet normal 0 1 0
    outer loop
      vertex 34.147 1.5 2.13522
      vertex 33.853 1.5 2.13522
      vertex 33.7074 1.5 2.15681
    endloop
  endfacet
  facet normal -0 1 0
    outer loop
      vertex 33.853 1.5 2.13522
      vertex 34.147 1.5 2.13522
      vertex 34 1.5 2.12801
    endloop
  endfacet
  facet normal 0 1 0
    outer loop
      vertex -4.85297 1.5 -16.5072
      vertex -5.14702 1.5 -16.5072
      vertex -5 1.5 -16.5
    endloop
  endfacet
  facet normal 0 1 0
    outer loop
      vertex -4.70735 1.5 -16.5288
      vertex -5.14702 1.5 -16.5072
      vertex -4.85297 1.5 -16.5072
    endloop
  endfacet
  facet normal 0 1 0
    outer loop
      vertex -4.70735 1.5 -16.5288
      vertex -5.29263 1.5 -16.5288
      vertex -5.14702 1.5 -16.5072
    endloop
  endfacet
  facet normal 0 1 0
    outer loop
      vertex -4.56456 1.5 -16.5646
      vertex -5.29263 1.5 -16.5288
      vertex -4.70735 1.5 -16.5288
    endloop
  endfacet
  facet normal 0 1 0
    outer loop
      vertex -4.56456 1.5 -16.5646
      vertex -5.43542 1.5 -16.5646
      vertex -5.29263 1.5 -16.5288
    endloop
  endfacet
  facet normal 0 1 0
    outer loop
      vertex -4.42596 1.5 -16.6142
      vertex -5.43542 1.5 -16.5646
      vertex -4.56456 1.5 -16.5646
    endloop
  endfacet
  facet normal 0 1 0
    outer loop
      vertex -4.42596 1.5 -16.6142
      vertex -5.57402 1.5 -16.6142
      vertex -5.43542 1.5 -16.5646
    endloop
  endfacet
  facet normal 0 1 0
    outer loop
      vertex -4.29289 1.5 -16.6771
      vertex -5.57402 1.5 -16.6142
      vertex -4.42596 1.5 -16.6142
    endloop
  endfacet
  facet normal 0 1 0
    outer loop
      vertex -4.29289 1.5 -16.6771
      vertex -5.70709 1.5 -16.6771
      vertex -5.57402 1.5 -16.6142
    endloop
  endfacet
  facet normal 0 1 0
    outer loop
      vertex -4.16664 1.5 -16.7528
      vertex -5.70709 1.5 -16.6771
      vertex -4.29289 1.5 -16.6771
    endloop
  endfacet
  facet normal 0 1 0
    outer loop
      vertex -4.16664 1.5 -16.7528
      vertex -5.83334 1.5 -16.7528
      vertex -5.70709 1.5 -16.6771
    endloop
  endfacet
  facet normal 0 1 0
    outer loop
      vertex -4.0484 1.5 -16.8405
      vertex -5.83334 1.5 -16.7528
      vertex -4.16664 1.5 -16.7528
    endloop
  endfacet
  facet normal 0 1 0
    outer loop
      vertex -4.0484 1.5 -16.8405
      vertex -5.95158 1.5 -16.8405
      vertex -5.83334 1.5 -16.7528
    endloop
  endfacet
  facet normal 0 1 0
    outer loop
      vertex -3.93933 1.5 -16.9393
      vertex -5.95158 1.5 -16.8405
      vertex -4.0484 1.5 -16.8405
    endloop
  endfacet
  facet normal 0 1 0
    outer loop
      vertex -3.93933 1.5 -16.9393
      vertex -6.06065 1.5 -16.9393
      vertex -5.95158 1.5 -16.8405
    endloop
  endfacet
  facet normal 0 1 0
    outer loop
      vertex -3.84047 1.5 -17.0484
      vertex -6.06065 1.5 -16.9393
      vertex -3.93933 1.5 -16.9393
    endloop
  endfacet
  facet normal 0 1 0
    outer loop
      vertex -3.84047 1.5 -17.0484
      vertex -6.15952 1.5 -17.0484
      vertex -6.06065 1.5 -16.9393
    endloop
  endfacet
  facet normal 0 1 0
    outer loop
      vertex -3.75279 1.5 -17.1666
      vertex -6.15952 1.5 -17.0484
      vertex -3.84047 1.5 -17.0484
    endloop
  endfacet
  facet normal 0 1 0
    outer loop
      vertex -3.75279 1.5 -17.1666
      vertex -6.24719 1.5 -17.1666
      vertex -6.15952 1.5 -17.0484
    endloop
  endfacet
  facet normal 0 1 0
    outer loop
      vertex -3.67711 1.5 -17.2929
      vertex -6.24719 1.5 -17.1666
      vertex -3.75279 1.5 -17.1666
    endloop
  endfacet
  facet normal 0 1 0
    outer loop
      vertex -3.67711 1.5 -17.2929
      vertex -6.32288 1.5 -17.2929
      vertex -6.24719 1.5 -17.1666
    endloop
  endfacet
  facet normal 0 1 0
    outer loop
      vertex -3.61417 1.5 -17.426
      vertex -6.32288 1.5 -17.2929
      vertex -3.67711 1.5 -17.2929
    endloop
  endfacet
  facet normal 0 1 0
    outer loop
      vertex -3.61417 1.5 -17.426
      vertex -6.38582 1.5 -17.426
      vertex -6.32288 1.5 -17.2929
    endloop
  endfacet
  facet normal 0 1 0
    outer loop
      vertex -3.56458 1.5 -17.5646
      vertex -6.38582 1.5 -17.426
      vertex -3.61417 1.5 -17.426
    endloop
  endfacet
  facet normal 0 1 0
    outer loop
      vertex -3.56458 1.5 -17.5646
      vertex -6.43541 1.5 -17.5646
      vertex -6.38582 1.5 -17.426
    endloop
  endfacet
  facet normal 0 1 0
    outer loop
      vertex -3.52881 1.5 -17.7074
      vertex -6.43541 1.5 -17.5646
      vertex -3.56458 1.5 -17.5646
    endloop
  endfacet
  facet normal 0 1 0
    outer loop
      vertex -3.52881 1.5 -17.7074
      vertex -6.47118 1.5 -17.7074
      vertex -6.43541 1.5 -17.5646
    endloop
  endfacet
  facet normal 0 1 0
    outer loop
      vertex -3.50722 1.5 -17.853
      vertex -6.47118 1.5 -17.7074
      vertex -3.52881 1.5 -17.7074
    endloop
  endfacet
  facet normal 0 1 0
    outer loop
      vertex -3.50722 1.5 -17.853
      vertex -6.49277 1.5 -17.853
      vertex -6.47118 1.5 -17.7074
    endloop
  endfacet
  facet normal 0 1 0
    outer loop
      vertex -3.5 1.5 -18
      vertex -6.49277 1.5 -17.853
      vertex -3.50722 1.5 -17.853
    endloop
  endfacet
  facet normal 0 1 0
    outer loop
      vertex -3.5 1.5 -18
      vertex -6.5 1.5 -18
      vertex -6.49277 1.5 -17.853
    endloop
  endfacet
  facet normal 0 1 -0
    outer loop
      vertex -3.50722 1.5 -18.147
      vertex -6.5 1.5 -18
      vertex -3.5 1.5 -18
    endloop
  endfacet
  facet normal 0 1 0
    outer loop
      vertex -3.50722 1.5 -18.147
      vertex -6.49277 1.5 -18.147
      vertex -6.5 1.5 -18
    endloop
  endfacet
  facet normal 0 1 -0
    outer loop
      vertex -3.52881 1.5 -18.2926
      vertex -6.49277 1.5 -18.147
      vertex -3.50722 1.5 -18.147
    endloop
  endfacet
  facet normal 0 1 0
    outer loop
      vertex -3.52881 1.5 -18.2926
      vertex -6.47118 1.5 -18.2926
      vertex -6.49277 1.5 -18.147
    endloop
  endfacet
  facet normal 0 1 -0
    outer loop
      vertex -3.56458 1.5 -18.4354
      vertex -6.47118 1.5 -18.2926
      vertex -3.52881 1.5 -18.2926
    endloop
  endfacet
  facet normal 0 1 0
    outer loop
      vertex -3.56458 1.5 -18.4354
      vertex -6.43541 1.5 -18.4354
      vertex -6.47118 1.5 -18.2926
    endloop
  endfacet
  facet normal 0 1 -0
    outer loop
      vertex -3.61417 1.5 -18.574
      vertex -6.43541 1.5 -18.4354
      vertex -3.56458 1.5 -18.4354
    endloop
  endfacet
  facet normal 0 1 0
    outer loop
      vertex -3.61417 1.5 -18.574
      vertex -6.38582 1.5 -18.574
      vertex -6.43541 1.5 -18.4354
    endloop
  endfacet
  facet normal 0 1 -0
    outer loop
      vertex -3.67711 1.5 -18.7071
      vertex -6.38582 1.5 -18.574
      vertex -3.61417 1.5 -18.574
    endloop
  endfacet
  facet normal 0 1 0
    outer loop
      vertex -3.67711 1.5 -18.7071
      vertex -6.32288 1.5 -18.7071
      vertex -6.38582 1.5 -18.574
    endloop
  endfacet
  facet normal 0 1 -0
    outer loop
      vertex -3.75279 1.5 -18.8333
      vertex -6.32288 1.5 -18.7071
      vertex -3.67711 1.5 -18.7071
    endloop
  endfacet
  facet normal 0 1 0
    outer loop
      vertex -3.75279 1.5 -18.8333
      vertex -6.24719 1.5 -18.8333
      vertex -6.32288 1.5 -18.7071
    endloop
  endfacet
  facet normal 0 1 -0
    outer loop
      vertex -3.84047 1.5 -18.9516
      vertex -6.24719 1.5 -18.8333
      vertex -3.75279 1.5 -18.8333
    endloop
  endfacet
  facet normal 0 1 0
    outer loop
      vertex -3.84047 1.5 -18.9516
      vertex -6.15952 1.5 -18.9516
      vertex -6.24719 1.5 -18.8333
    endloop
  endfacet
  facet normal 0 1 -0
    outer loop
      vertex -3.93933 1.5 -19.0607
      vertex -6.15952 1.5 -18.9516
      vertex -3.84047 1.5 -18.9516
    endloop
  endfacet
  facet normal 0 1 0
    outer loop
      vertex -3.93933 1.5 -19.0607
      vertex -6.06065 1.5 -19.0607
      vertex -6.15952 1.5 -18.9516
    endloop
  endfacet
  facet normal 0 1 -0
    outer loop
      vertex -4.0484 1.5 -19.1595
      vertex -6.06065 1.5 -19.0607
      vertex -3.93933 1.5 -19.0607
    endloop
  endfacet
  facet normal 0 1 0
    outer loop
      vertex -4.0484 1.5 -19.1595
      vertex -5.95158 1.5 -19.1595
      vertex -6.06065 1.5 -19.0607
    endloop
  endfacet
  facet normal 0 1 -0
    outer loop
      vertex -4.16664 1.5 -19.2472
      vertex -5.95158 1.5 -19.1595
      vertex -4.0484 1.5 -19.1595
    endloop
  endfacet
  facet normal 0 1 0
    outer loop
      vertex -4.16664 1.5 -19.2472
      vertex -5.83334 1.5 -19.2472
      vertex -5.95158 1.5 -19.1595
    endloop
  endfacet
  facet normal 0 1 -0
    outer loop
      vertex -4.29289 1.5 -19.3229
      vertex -5.83334 1.5 -19.2472
      vertex -4.16664 1.5 -19.2472
    endloop
  endfacet
  facet normal 0 1 0
    outer loop
      vertex -4.29289 1.5 -19.3229
      vertex -5.70709 1.5 -19.3229
      vertex -5.83334 1.5 -19.2472
    endloop
  endfacet
  facet normal 0 1 -0
    outer loop
      vertex -4.42596 1.5 -19.3858
      vertex -5.70709 1.5 -19.3229
      vertex -4.29289 1.5 -19.3229
    endloop
  endfacet
  facet normal 0 1 0
    outer loop
      vertex -4.42596 1.5 -19.3858
      vertex -5.57402 1.5 -19.3858
      vertex -5.70709 1.5 -19.3229
    endloop
  endfacet
  facet normal 0 1 -0
    outer loop
      vertex -4.56456 1.5 -19.4354
      vertex -5.57402 1.5 -19.3858
      vertex -4.42596 1.5 -19.3858
    endloop
  endfacet
  facet normal 0 1 0
    outer loop
      vertex -4.56456 1.5 -19.4354
      vertex -5.43542 1.5 -19.4354
      vertex -5.57402 1.5 -19.3858
    endloop
  endfacet
  facet normal 0 1 -0
    outer loop
      vertex -4.70735 1.5 -19.4712
      vertex -5.43542 1.5 -19.4354
      vertex -4.56456 1.5 -19.4354
    endloop
  endfacet
  facet normal 0 1 0
    outer loop
      vertex -4.70735 1.5 -19.4712
      vertex -5.29263 1.5 -19.4712
      vertex -5.43542 1.5 -19.4354
    endloop
  endfacet
  facet normal 0 1 -0
    outer loop
      vertex -4.85297 1.5 -19.4928
      vertex -5.29263 1.5 -19.4712
      vertex -4.70735 1.5 -19.4712
    endloop
  endfacet
  facet normal 0 1 0
    outer loop
      vertex -4.85297 1.5 -19.4928
      vertex -5.14702 1.5 -19.4928
      vertex -5.29263 1.5 -19.4712
    endloop
  endfacet
  facet normal -0 1 0
    outer loop
      vertex -5.14702 1.5 -19.4928
      vertex -4.85297 1.5 -19.4928
      vertex -5 1.5 -19.5
    endloop
  endfacet
  facet normal 0 1 0
    outer loop
      vertex 5.14702 1.5 -16.5072
      vertex 4.85297 1.5 -16.5072
      vertex 5 1.5 -16.5
    endloop
  endfacet
  facet normal 0 1 0
    outer loop
      vertex 5.29263 1.5 -16.5288
      vertex 4.85297 1.5 -16.5072
      vertex 5.14702 1.5 -16.5072
    endloop
  endfacet
  facet normal 0 1 0
    outer loop
      vertex 5.29263 1.5 -16.5288
      vertex 4.70735 1.5 -16.5288
      vertex 4.85297 1.5 -16.5072
    endloop
  endfacet
  facet normal 0 1 0
    outer loop
      vertex 5.43542 1.5 -16.5646
      vertex 4.70735 1.5 -16.5288
      vertex 5.29263 1.5 -16.5288
    endloop
  endfacet
  facet normal 0 1 0
    outer loop
      vertex 5.43542 1.5 -16.5646
      vertex 4.56456 1.5 -16.5646
      vertex 4.70735 1.5 -16.5288
    endloop
  endfacet
  facet normal 0 1 0
    outer loop
      vertex 5.57402 1.5 -16.6142
      vertex 4.56456 1.5 -16.5646
      vertex 5.43542 1.5 -16.5646
    endloop
  endfacet
  facet normal 0 1 0
    outer loop
      vertex 5.57402 1.5 -16.6142
      vertex 4.42596 1.5 -16.6142
      vertex 4.56456 1.5 -16.5646
    endloop
  endfacet
  facet normal 0 1 0
    outer loop
      vertex 5.70709 1.5 -16.6771
      vertex 4.42596 1.5 -16.6142
      vertex 5.57402 1.5 -16.6142
    endloop
  endfacet
  facet normal 0 1 0
    outer loop
      vertex 5.70709 1.5 -16.6771
      vertex 4.29289 1.5 -16.6771
      vertex 4.42596 1.5 -16.6142
    endloop
  endfacet
  facet normal 0 1 0
    outer loop
      vertex 5.83334 1.5 -16.7528
      vertex 4.29289 1.5 -16.6771
      vertex 5.70709 1.5 -16.6771
    endloop
  endfacet
  facet normal 0 1 0
    outer loop
      vertex 5.83334 1.5 -16.7528
      vertex 4.16664 1.5 -16.7528
      vertex 4.29289 1.5 -16.6771
    endloop
  endfacet
  facet normal 0 1 0
    outer loop
      vertex 5.95158 1.5 -16.8405
      vertex 4.16664 1.5 -16.7528
      vertex 5.83334 1.5 -16.7528
    endloop
  endfacet
  facet normal 0 1 0
    outer loop
      vertex 5.95158 1.5 -16.8405
      vertex 4.0484 1.5 -16.8405
      vertex 4.16664 1.5 -16.7528
    endloop
  endfacet
  facet normal 0 1 0
    outer loop
      vertex 6.06065 1.5 -16.9393
      vertex 4.0484 1.5 -16.8405
      vertex 5.95158 1.5 -16.8405
    endloop
  endfacet
  facet normal 0 1 0
    outer loop
      vertex 6.06065 1.5 -16.9393
      vertex 3.93933 1.5 -16.9393
      vertex 4.0484 1.5 -16.8405
    endloop
  endfacet
  facet normal 0 1 0
    outer loop
      vertex 6.15952 1.5 -17.0484
      vertex 3.93933 1.5 -16.9393
      vertex 6.06065 1.5 -16.9393
    endloop
  endfacet
  facet normal 0 1 0
    outer loop
      vertex 6.15952 1.5 -17.0484
      vertex 3.84047 1.5 -17.0484
      vertex 3.93933 1.5 -16.9393
    endloop
  endfacet
  facet normal 0 1 0
    outer loop
      vertex 6.24719 1.5 -17.1666
      vertex 3.84047 1.5 -17.0484
      vertex 6.15952 1.5 -17.0484
    endloop
  endfacet
  facet normal 0 1 0
    outer loop
      vertex 6.24719 1.5 -17.1666
      vertex 3.75279 1.5 -17.1666
      vertex 3.84047 1.5 -17.0484
    endloop
  endfacet
  facet normal 0 1 0
    outer loop
      vertex 6.32288 1.5 -17.2929
      vertex 3.75279 1.5 -17.1666
      vertex 6.24719 1.5 -17.1666
    endloop
  endfacet
  facet normal 0 1 0
    outer loop
      vertex 6.32288 1.5 -17.2929
      vertex 3.67711 1.5 -17.2929
      vertex 3.75279 1.5 -17.1666
    endloop
  endfacet
  facet normal 0 1 0
    outer loop
      vertex 6.38582 1.5 -17.426
      vertex 3.67711 1.5 -17.2929
      vertex 6.32288 1.5 -17.2929
    endloop
  endfacet
  facet normal 0 1 0
    outer loop
      vertex 6.38582 1.5 -17.426
      vertex 3.61417 1.5 -17.426
      vertex 3.67711 1.5 -17.2929
    endloop
  endfacet
  facet normal 0 1 0
    outer loop
      vertex 6.43541 1.5 -17.5646
      vertex 3.61417 1.5 -17.426
      vertex 6.38582 1.5 -17.426
    endloop
  endfacet
  facet normal 0 1 0
    outer loop
      vertex 6.43541 1.5 -17.5646
      vertex 3.56458 1.5 -17.5646
      vertex 3.61417 1.5 -17.426
    endloop
  endfacet
  facet normal 0 1 0
    outer loop
      vertex 6.47118 1.5 -17.7074
      vertex 3.56458 1.5 -17.5646
      vertex 6.43541 1.5 -17.5646
    endloop
  endfacet
  facet normal 0 1 0
    outer loop
      vertex 6.47118 1.5 -17.7074
      vertex 3.52881 1.5 -17.7074
      vertex 3.56458 1.5 -17.5646
    endloop
  endfacet
  facet normal 0 1 0
    outer loop
      vertex 6.49277 1.5 -17.853
      vertex 3.52881 1.5 -17.7074
      vertex 6.47118 1.5 -17.7074
    endloop
  endfacet
  facet normal 0 1 0
    outer loop
      vertex 6.49277 1.5 -17.853
      vertex 3.50722 1.5 -17.853
      vertex 3.52881 1.5 -17.7074
    endloop
  endfacet
  facet normal 0 1 0
    outer loop
      vertex 6.5 1.5 -18
      vertex 3.50722 1.5 -17.853
      vertex 6.49277 1.5 -17.853
    endloop
  endfacet
  facet normal 0 1 0
    outer loop
      vertex 6.5 1.5 -18
      vertex 3.5 1.5 -18
      vertex 3.50722 1.5 -17.853
    endloop
  endfacet
  facet normal 0 1 -0
    outer loop
      vertex 6.49277 1.5 -18.147
      vertex 3.5 1.5 -18
      vertex 6.5 1.5 -18
    endloop
  endfacet
  facet normal 0 1 0
    outer loop
      vertex 6.49277 1.5 -18.147
      vertex 3.50722 1.5 -18.147
      vertex 3.5 1.5 -18
    endloop
  endfacet
  facet normal 0 1 -0
    outer loop
      vertex 6.47118 1.5 -18.2926
      vertex 3.50722 1.5 -18.147
      vertex 6.49277 1.5 -18.147
    endloop
  endfacet
  facet normal 0 1 0
    outer loop
      vertex 6.47118 1.5 -18.2926
      vertex 3.52881 1.5 -18.2926
      vertex 3.50722 1.5 -18.147
    endloop
  endfacet
  facet normal 0 1 -0
    outer loop
      vertex 6.43541 1.5 -18.4354
      vertex 3.52881 1.5 -18.2926
      vertex 6.47118 1.5 -18.2926
    endloop
  endfacet
  facet normal 0 1 0
    outer loop
      vertex 6.43541 1.5 -18.4354
      vertex 3.56458 1.5 -18.4354
      vertex 3.52881 1.5 -18.2926
    endloop
  endfacet
  facet normal 0 1 -0
    outer loop
      vertex 6.38582 1.5 -18.574
      vertex 3.56458 1.5 -18.4354
      vertex 6.43541 1.5 -18.4354
    endloop
  endfacet
  facet normal 0 1 0
    outer loop
      vertex 6.38582 1.5 -18.574
      vertex 3.61417 1.5 -18.574
      vertex 3.56458 1.5 -18.4354
    endloop
  endfacet
  facet normal 0 1 -0
    outer loop
      vertex 6.32288 1.5 -18.7071
      vertex 3.61417 1.5 -18.574
      vertex 6.38582 1.5 -18.574
    endloop
  endfacet
  facet normal 0 1 0
    outer loop
      vertex 6.32288 1.5 -18.7071
      vertex 3.67711 1.5 -18.7071
      vertex 3.61417 1.5 -18.574
    endloop
  endfacet
  facet normal 0 1 -0
    outer loop
      vertex 6.24719 1.5 -18.8333
      vertex 3.67711 1.5 -18.7071
      vertex 6.32288 1.5 -18.7071
    endloop
  endfacet
  facet normal 0 1 0
    outer loop
      vertex 6.24719 1.5 -18.8333
      vertex 3.75279 1.5 -18.8333
      vertex 3.67711 1.5 -18.7071
    endloop
  endfacet
  facet normal 0 1 -0
    outer loop
      vertex 6.15952 1.5 -18.9516
      vertex 3.75279 1.5 -18.8333
      vertex 6.24719 1.5 -18.8333
    endloop
  endfacet
  facet normal 0 1 0
    outer loop
      vertex 6.15952 1.5 -18.9516
      vertex 3.84047 1.5 -18.9516
      vertex 3.75279 1.5 -18.8333
    endloop
  endfacet
  facet normal 0 1 -0
    outer loop
      vertex 6.06065 1.5 -19.0607
      vertex 3.84047 1.5 -18.9516
      vertex 6.15952 1.5 -18.9516
    endloop
  endfacet
  facet normal 0 1 0
    outer loop
      vertex 6.06065 1.5 -19.0607
      vertex 3.93933 1.5 -19.0607
      vertex 3.84047 1.5 -18.9516
    endloop
  endfacet
  facet normal 0 1 -0
    outer loop
      vertex 5.95158 1.5 -19.1595
      vertex 3.93933 1.5 -19.0607
      vertex 6.06065 1.5 -19.0607
    endloop
  endfacet
  facet normal 0 1 0
    outer loop
      vertex 5.95158 1.5 -19.1595
      vertex 4.0484 1.5 -19.1595
      vertex 3.93933 1.5 -19.0607
    endloop
  endfacet
  facet normal 0 1 -0
    outer loop
      vertex 5.83334 1.5 -19.2472
      vertex 4.0484 1.5 -19.1595
      vertex 5.95158 1.5 -19.1595
    endloop
  endfacet
  facet normal 0 1 0
    outer loop
      vertex 5.83334 1.5 -19.2472
      vertex 4.16664 1.5 -19.2472
      vertex 4.0484 1.5 -19.1595
    endloop
  endfacet
  facet normal 0 1 -0
    outer loop
      vertex 5.70709 1.5 -19.3229
      vertex 4.16664 1.5 -19.2472
      vertex 5.83334 1.5 -19.2472
    endloop
  endfacet
  facet normal 0 1 0
    outer loop
      vertex 5.70709 1.5 -19.3229
      vertex 4.29289 1.5 -19.3229
      vertex 4.16664 1.5 -19.2472
    endloop
  endfacet
  facet normal 0 1 -0
    outer loop
      vertex 5.57402 1.5 -19.3858
      vertex 4.29289 1.5 -19.3229
      vertex 5.70709 1.5 -19.3229
    endloop
  endfacet
  facet normal 0 1 0
    outer loop
      vertex 5.57402 1.5 -19.3858
      vertex 4.42596 1.5 -19.3858
      vertex 4.29289 1.5 -19.3229
    endloop
  endfacet
  facet normal 0 1 -0
    outer loop
      vertex 5.43542 1.5 -19.4354
      vertex 4.42596 1.5 -19.3858
      vertex 5.57402 1.5 -19.3858
    endloop
  endfacet
  facet normal 0 1 0
    outer loop
      vertex 5.43542 1.5 -19.4354
      vertex 4.56456 1.5 -19.4354
      vertex 4.42596 1.5 -19.3858
    endloop
  endfacet
  facet normal 0 1 -0
    outer loop
      vertex 5.29263 1.5 -19.4712
      vertex 4.56456 1.5 -19.4354
      vertex 5.43542 1.5 -19.4354
    endloop
  endfacet
  facet normal 0 1 0
    outer loop
      vertex 5.29263 1.5 -19.4712
      vertex 4.70735 1.5 -19.4712
      vertex 4.56456 1.5 -19.4354
    endloop
  endfacet
  facet normal 0 1 -0
    outer loop
      vertex 5.14702 1.5 -19.4928
      vertex 4.70735 1.5 -19.4712
      vertex 5.29263 1.5 -19.4712
    endloop
  endfacet
  facet normal 0 1 0
    outer loop
      vertex 5.14702 1.5 -19.4928
      vertex 4.85297 1.5 -19.4928
      vertex 4.70735 1.5 -19.4712
    endloop
  endfacet
  facet normal -0 1 0
    outer loop
      vertex 4.85297 1.5 -19.4928
      vertex 5.14702 1.5 -19.4928
      vertex 5 1.5 -19.5
    endloop
  endfacet
  facet normal 0 1 0
    outer loop
      vertex 5.14702 1.5 -26.5072
      vertex 4.85297 1.5 -26.5072
      vertex 5 1.5 -26.5
    endloop
  endfacet
  facet normal 0 1 0
    outer loop
      vertex 5.29263 1.5 -26.5288
      vertex 4.85297 1.5 -26.5072
      vertex 5.14702 1.5 -26.5072
    endloop
  endfacet
  facet normal 0 1 0
    outer loop
      vertex 5.29263 1.5 -26.5288
      vertex 4.70735 1.5 -26.5288
      vertex 4.85297 1.5 -26.5072
    endloop
  endfacet
  facet normal 0 1 0
    outer loop
      vertex 5.43542 1.5 -26.5646
      vertex 4.70735 1.5 -26.5288
      vertex 5.29263 1.5 -26.5288
    endloop
  endfacet
  facet normal 0 1 0
    outer loop
      vertex 5.43542 1.5 -26.5646
      vertex 4.56456 1.5 -26.5646
      vertex 4.70735 1.5 -26.5288
    endloop
  endfacet
  facet normal 0 1 0
    outer loop
      vertex 5.57402 1.5 -26.6142
      vertex 4.56456 1.5 -26.5646
      vertex 5.43542 1.5 -26.5646
    endloop
  endfacet
  facet normal 0 1 0
    outer loop
      vertex 5.57402 1.5 -26.6142
      vertex 4.42596 1.5 -26.6142
      vertex 4.56456 1.5 -26.5646
    endloop
  endfacet
  facet normal 0 1 0
    outer loop
      vertex 5.70709 1.5 -26.6771
      vertex 4.42596 1.5 -26.6142
      vertex 5.57402 1.5 -26.6142
    endloop
  endfacet
  facet normal 0 1 0
    outer loop
      vertex 5.70709 1.5 -26.6771
      vertex 4.29289 1.5 -26.6771
      vertex 4.42596 1.5 -26.6142
    endloop
  endfacet
  facet normal 0 1 0
    outer loop
      vertex 5.83334 1.5 -26.7528
      vertex 4.29289 1.5 -26.6771
      vertex 5.70709 1.5 -26.6771
    endloop
  endfacet
  facet normal 0 1 0
    outer loop
      vertex 5.83334 1.5 -26.7528
      vertex 4.16664 1.5 -26.7528
      vertex 4.29289 1.5 -26.6771
    endloop
  endfacet
  facet normal 0 1 0
    outer loop
      vertex 5.95158 1.5 -26.8405
      vertex 4.16664 1.5 -26.7528
      vertex 5.83334 1.5 -26.7528
    endloop
  endfacet
  facet normal 0 1 0
    outer loop
      vertex 5.95158 1.5 -26.8405
      vertex 4.0484 1.5 -26.8405
      vertex 4.16664 1.5 -26.7528
    endloop
  endfacet
  facet normal 0 1 0
    outer loop
      vertex 6.06065 1.5 -26.9393
      vertex 4.0484 1.5 -26.8405
      vertex 5.95158 1.5 -26.8405
    endloop
  endfacet
  facet normal 0 1 0
    outer loop
      vertex 6.06065 1.5 -26.9393
      vertex 3.93933 1.5 -26.9393
      vertex 4.0484 1.5 -26.8405
    endloop
  endfacet
  facet normal 0 1 0
    outer loop
      vertex 6.15952 1.5 -27.0484
      vertex 3.93933 1.5 -26.9393
      vertex 6.06065 1.5 -26.9393
    endloop
  endfacet
  facet normal 0 1 0
    outer loop
      vertex 6.15952 1.5 -27.0484
      vertex 3.84047 1.5 -27.0484
      vertex 3.93933 1.5 -26.9393
    endloop
  endfacet
  facet normal 0 1 0
    outer loop
      vertex 6.24719 1.5 -27.1666
      vertex 3.84047 1.5 -27.0484
      vertex 6.15952 1.5 -27.0484
    endloop
  endfacet
  facet normal 0 1 0
    outer loop
      vertex 6.24719 1.5 -27.1666
      vertex 3.75279 1.5 -27.1666
      vertex 3.84047 1.5 -27.0484
    endloop
  endfacet
  facet normal 0 1 0
    outer loop
      vertex 6.32288 1.5 -27.2929
      vertex 3.75279 1.5 -27.1666
      vertex 6.24719 1.5 -27.1666
    endloop
  endfacet
  facet normal 0 1 0
    outer loop
      vertex 6.32288 1.5 -27.2929
      vertex 3.67711 1.5 -27.2929
      vertex 3.75279 1.5 -27.1666
    endloop
  endfacet
  facet normal 0 1 0
    outer loop
      vertex 6.38582 1.5 -27.426
      vertex 3.67711 1.5 -27.2929
      vertex 6.32288 1.5 -27.2929
    endloop
  endfacet
  facet normal 0 1 0
    outer loop
      vertex 6.38582 1.5 -27.426
      vertex 3.61417 1.5 -27.426
      vertex 3.67711 1.5 -27.2929
    endloop
  endfacet
  facet normal 0 1 0
    outer loop
      vertex 6.43541 1.5 -27.5646
      vertex 3.61417 1.5 -27.426
      vertex 6.38582 1.5 -27.426
    endloop
  endfacet
  facet normal 0 1 0
    outer loop
      vertex 6.43541 1.5 -27.5646
      vertex 3.56458 1.5 -27.5646
      vertex 3.61417 1.5 -27.426
    endloop
  endfacet
  facet normal 0 1 0
    outer loop
      vertex 6.47118 1.5 -27.7074
      vertex 3.56458 1.5 -27.5646
      vertex 6.43541 1.5 -27.5646
    endloop
  endfacet
  facet normal 0 1 0
    outer loop
      vertex 6.47118 1.5 -27.7074
      vertex 3.52881 1.5 -27.7074
      vertex 3.56458 1.5 -27.5646
    endloop
  endfacet
  facet normal 0 1 0
    outer loop
      vertex 6.49277 1.5 -27.853
      vertex 3.52881 1.5 -27.7074
      vertex 6.47118 1.5 -27.7074
    endloop
  endfacet
  facet normal 0 1 0
    outer loop
      vertex 6.49277 1.5 -27.853
      vertex 3.50722 1.5 -27.853
      vertex 3.52881 1.5 -27.7074
    endloop
  endfacet
  facet normal 0 1 0
    outer loop
      vertex 6.5 1.5 -28
      vertex 3.50722 1.5 -27.853
      vertex 6.49277 1.5 -27.853
    endloop
  endfacet
  facet normal 0 1 0
    outer loop
      vertex 6.5 1.5 -28
      vertex 3.5 1.5 -28
      vertex 3.50722 1.5 -27.853
    endloop
  endfacet
  facet normal 0 1 -0
    outer loop
      vertex 6.49277 1.5 -28.147
      vertex 3.5 1.5 -28
      vertex 6.5 1.5 -28
    endloop
  endfacet
  facet normal 0 1 0
    outer loop
      vertex 6.49277 1.5 -28.147
      vertex 3.50722 1.5 -28.147
      vertex 3.5 1.5 -28
    endloop
  endfacet
  facet normal 0 1 -0
    outer loop
      vertex 6.47118 1.5 -28.2926
      vertex 3.50722 1.5 -28.147
      vertex 6.49277 1.5 -28.147
    endloop
  endfacet
  facet normal 0 1 0
    outer loop
      vertex 6.47118 1.5 -28.2926
      vertex 3.52881 1.5 -28.2926
      vertex 3.50722 1.5 -28.147
    endloop
  endfacet
  facet normal 0 1 -0
    outer loop
      vertex 6.43541 1.5 -28.4354
      vertex 3.52881 1.5 -28.2926
      vertex 6.47118 1.5 -28.2926
    endloop
  endfacet
  facet normal 0 1 0
    outer loop
      vertex 6.43541 1.5 -28.4354
      vertex 3.56458 1.5 -28.4354
      vertex 3.52881 1.5 -28.2926
    endloop
  endfacet
  facet normal 0 1 -0
    outer loop
      vertex 6.38582 1.5 -28.574
      vertex 3.56458 1.5 -28.4354
      vertex 6.43541 1.5 -28.4354
    endloop
  endfacet
  facet normal 0 1 0
    outer loop
      vertex 6.38582 1.5 -28.574
      vertex 3.61417 1.5 -28.574
      vertex 3.56458 1.5 -28.4354
    endloop
  endfacet
  facet normal 0 1 -0
    outer loop
      vertex 6.32288 1.5 -28.7071
      vertex 3.61417 1.5 -28.574
      vertex 6.38582 1.5 -28.574
    endloop
  endfacet
  facet normal 0 1 0
    outer loop
      vertex 6.32288 1.5 -28.7071
      vertex 3.67711 1.5 -28.7071
      vertex 3.61417 1.5 -28.574
    endloop
  endfacet
  facet normal 0 1 -0
    outer loop
      vertex 6.24719 1.5 -28.8333
      vertex 3.67711 1.5 -28.7071
      vertex 6.32288 1.5 -28.7071
    endloop
  endfacet
  facet normal 0 1 0
    outer loop
      vertex 6.24719 1.5 -28.8333
      vertex 3.75279 1.5 -28.8333
      vertex 3.67711 1.5 -28.7071
    endloop
  endfacet
  facet normal 0 1 -0
    outer loop
      vertex 6.15952 1.5 -28.9516
      vertex 3.75279 1.5 -28.8333
      vertex 6.24719 1.5 -28.8333
    endloop
  endfacet
  facet normal 0 1 0
    outer loop
      vertex 6.15952 1.5 -28.9516
      vertex 3.84047 1.5 -28.9516
      vertex 3.75279 1.5 -28.8333
    endloop
  endfacet
  facet normal 0 1 -0
    outer loop
      vertex 6.06065 1.5 -29.0607
      vertex 3.84047 1.5 -28.9516
      vertex 6.15952 1.5 -28.9516
    endloop
  endfacet
  facet normal 0 1 0
    outer loop
      vertex 6.06065 1.5 -29.0607
      vertex 3.93933 1.5 -29.0607
      vertex 3.84047 1.5 -28.9516
    endloop
  endfacet
  facet normal 0 1 -0
    outer loop
      vertex 5.95158 1.5 -29.1595
      vertex 3.93933 1.5 -29.0607
      vertex 6.06065 1.5 -29.0607
    endloop
  endfacet
  facet normal 0 1 0
    outer loop
      vertex 5.95158 1.5 -29.1595
      vertex 4.0484 1.5 -29.1595
      vertex 3.93933 1.5 -29.0607
    endloop
  endfacet
  facet normal 0 1 -0
    outer loop
      vertex 5.83334 1.5 -29.2472
      vertex 4.0484 1.5 -29.1595
      vertex 5.95158 1.5 -29.1595
    endloop
  endfacet
  facet normal 0 1 0
    outer loop
      vertex 5.83334 1.5 -29.2472
      vertex 4.16664 1.5 -29.2472
      vertex 4.0484 1.5 -29.1595
    endloop
  endfacet
  facet normal 0 1 -0
    outer loop
      vertex 5.70709 1.5 -29.3229
      vertex 4.16664 1.5 -29.2472
      vertex 5.83334 1.5 -29.2472
    endloop
  endfacet
  facet normal 0 1 0
    outer loop
      vertex 5.70709 1.5 -29.3229
      vertex 4.29289 1.5 -29.3229
      vertex 4.16664 1.5 -29.2472
    endloop
  endfacet
  facet normal 0 1 -0
    outer loop
      vertex 5.57402 1.5 -29.3858
      vertex 4.29289 1.5 -29.3229
      vertex 5.70709 1.5 -29.3229
    endloop
  endfacet
  facet normal 0 1 0
    outer loop
      vertex 5.57402 1.5 -29.3858
      vertex 4.42596 1.5 -29.3858
      vertex 4.29289 1.5 -29.3229
    endloop
  endfacet
  facet normal 0 1 -0
    outer loop
      vertex 5.43542 1.5 -29.4354
      vertex 4.42596 1.5 -29.3858
      vertex 5.57402 1.5 -29.3858
    endloop
  endfacet
  facet normal 0 1 0
    outer loop
      vertex 5.43542 1.5 -29.4354
      vertex 4.56456 1.5 -29.4354
      vertex 4.42596 1.5 -29.3858
    endloop
  endfacet
  facet normal 0 1 -0
    outer loop
      vertex 5.29263 1.5 -29.4712
      vertex 4.56456 1.5 -29.4354
      vertex 5.43542 1.5 -29.4354
    endloop
  endfacet
  facet normal 0 1 0
    outer loop
      vertex 5.29263 1.5 -29.4712
      vertex 4.70735 1.5 -29.4712
      vertex 4.56456 1.5 -29.4354
    endloop
  endfacet
  facet normal 0 1 -0
    outer loop
      vertex 5.14702 1.5 -29.4928
      vertex 4.70735 1.5 -29.4712
      vertex 5.29263 1.5 -29.4712
    endloop
  endfacet
  facet normal 0 1 0
    outer loop
      vertex 5.14702 1.5 -29.4928
      vertex 4.85297 1.5 -29.4928
      vertex 4.70735 1.5 -29.4712
    endloop
  endfacet
  facet normal -0 1 0
    outer loop
      vertex 4.85297 1.5 -29.4928
      vertex 5.14702 1.5 -29.4928
      vertex 5 1.5 -29.5
    endloop
  endfacet
  facet normal -0.146679 0 0.989184
    outer loop
      vertex -33.853 4 2.13522
      vertex -33.7074 1.5 2.15681
      vertex -33.7074 4 2.15681
    endloop
  endfacet
  facet normal -0.146679 0 0.989184
    outer loop
      vertex -33.7074 1.5 2.15681
      vertex -33.853 4 2.13522
      vertex -33.853 1.5 2.13522
    endloop
  endfacet
  facet normal -0.242983 0 0.970031
    outer loop
      vertex -33.7074 4 2.15681
      vertex -33.5646 1.5 2.19258
      vertex -33.5646 4 2.19258
    endloop
  endfacet
  facet normal -0.242983 0 0.970031
    outer loop
      vertex -33.5646 1.5 2.19258
      vertex -33.7074 4 2.15681
      vertex -33.7074 1.5 2.15681
    endloop
  endfacet
  facet normal -0.336879 0 0.941548
    outer loop
      vertex -33.5646 4 2.19258
      vertex -33.426 1.5 2.24217
      vertex -33.426 4 2.24217
    endloop
  endfacet
  facet normal -0.336879 0 0.941548
    outer loop
      vertex -33.426 1.5 2.24217
      vertex -33.5646 4 2.19258
      vertex -33.5646 1.5 2.19258
    endloop
  endfacet
  facet normal -0.427491 0 0.90402
    outer loop
      vertex -33.426 4 2.24217
      vertex -33.2929 1.5 2.30511
      vertex -33.2929 4 2.30511
    endloop
  endfacet
  facet normal -0.427491 0 0.90402
    outer loop
      vertex -33.2929 1.5 2.30511
      vertex -33.426 4 2.24217
      vertex -33.426 1.5 2.24217
    endloop
  endfacet
  facet normal -0.514046 0 0.857762
    outer loop
      vertex -33.2929 4 2.30511
      vertex -33.1666 1.5 2.3808
      vertex -33.1666 4 2.3808
    endloop
  endfacet
  facet normal -0.514046 0 0.857762
    outer loop
      vertex -33.1666 1.5 2.3808
      vertex -33.2929 4 2.30511
      vertex -33.2929 1.5 2.30511
    endloop
  endfacet
  facet normal -0.595773 0 0.803153
    outer loop
      vertex -33.1666 4 2.3808
      vertex -33.0484 1.5 2.46848
      vertex -33.0484 4 2.46848
    endloop
  endfacet
  facet normal -0.595773 0 0.803153
    outer loop
      vertex -33.0484 1.5 2.46848
      vertex -33.1666 4 2.3808
      vertex -33.1666 1.5 2.3808
    endloop
  endfacet
  facet normal -0.671475 0 0.741027
    outer loop
      vertex -33.0484 4 2.46848
      vertex -32.9393 1.5 2.56734
      vertex -32.9393 4 2.56734
    endloop
  endfacet
  facet normal -0.671475 0 0.741027
    outer loop
      vertex -32.9393 1.5 2.56734
      vertex -33.0484 4 2.46848
      vertex -33.0484 1.5 2.46848
    endloop
  endfacet
  facet normal -0.741138 0 0.671353
    outer loop
      vertex -32.9393 1.5 2.56734
      vertex -32.8405 4 2.67641
      vertex -32.9393 4 2.56734
    endloop
  endfacet
  facet normal -0.741138 0 0.671353
    outer loop
      vertex -32.8405 4 2.67641
      vertex -32.9393 1.5 2.56734
      vertex -32.8405 1.5 2.67641
    endloop
  endfacet
  facet normal -0.803184 0 0.595731
    outer loop
      vertex -32.8405 1.5 2.67641
      vertex -32.7528 4 2.79465
      vertex -32.8405 4 2.67641
    endloop
  endfacet
  facet normal -0.803184 0 0.595731
    outer loop
      vertex -32.7528 4 2.79465
      vertex -32.8405 1.5 2.67641
      vertex -32.7528 1.5 2.79465
    endloop
  endfacet
  facet normal -0.857643 0 0.514246
    outer loop
      vertex -32.7528 1.5 2.79465
      vertex -32.6771 4 2.9209
      vertex -32.7528 4 2.79465
    endloop
  endfacet
  facet normal -0.857643 0 0.514246
    outer loop
      vertex -32.6771 4 2.9209
      vertex -32.7528 1.5 2.79465
      vertex -32.6771 1.5 2.9209
    endloop
  endfacet
  facet normal -0.904088 0 0.427347
    outer loop
      vertex -32.6771 1.5 2.9209
      vertex -32.6142 4 3.05397
      vertex -32.6771 4 2.9209
    endloop
  endfacet
  facet normal -0.904088 0 0.427347
    outer loop
      vertex -32.6142 4 3.05397
      vertex -32.6771 1.5 2.9209
      vertex -32.6142 1.5 3.05397
    endloop
  endfacet
  facet normal -0.941527 0 0.336939
    outer loop
      vertex -32.6142 1.5 3.05397
      vertex -32.5646 4 3.19257
      vertex -32.6142 4 3.05397
    endloop
  endfacet
  facet normal -0.941527 0 0.336939
    outer loop
      vertex -32.5646 4 3.19257
      vertex -32.6142 1.5 3.05397
      vertex -32.5646 1.5 3.19257
    endloop
  endfacet
  facet normal -0.969978 0 0.243191
    outer loop
      vertex -32.5646 1.5 3.19257
      vertex -32.5288 4 3.33536
      vertex -32.5646 4 3.19257
    endloop
  endfacet
  facet normal -0.969978 0 0.243191
    outer loop
      vertex -32.5288 4 3.33536
      vertex -32.5646 1.5 3.19257
      vertex -32.5288 1.5 3.33536
    endloop
  endfacet
  facet normal -0.989176 0 0.146736
    outer loop
      vertex -32.5288 1.5 3.33536
      vertex -32.5072 4 3.48097
      vertex -32.5288 4 3.33536
    endloop
  endfacet
  facet normal -0.989176 0 0.146736
    outer loop
      vertex -32.5072 4 3.48097
      vertex -32.5288 1.5 3.33536
      vertex -32.5072 1.5 3.48097
    endloop
  endfacet
  facet normal -0.998803 0 0.0489077
    outer loop
      vertex -32.5072 1.5 3.48097
      vertex -32.5 4 3.62801
      vertex -32.5072 4 3.48097
    endloop
  endfacet
  facet normal -0.998803 0 0.0489077
    outer loop
      vertex -32.5 4 3.62801
      vertex -32.5072 1.5 3.48097
      vertex -32.5 1.5 3.62801
    endloop
  endfacet
  facet normal -0.998803 0 -0.0489176
    outer loop
      vertex -32.5 1.5 3.62801
      vertex -32.5072 4 3.77502
      vertex -32.5 4 3.62801
    endloop
  endfacet
  facet normal -0.998803 -0 -0.0489176
    outer loop
      vertex -32.5072 4 3.77502
      vertex -32.5 1.5 3.62801
      vertex -32.5072 1.5 3.77502
    endloop
  endfacet
  facet normal -0.989177 0 -0.146726
    outer loop
      vertex -32.5072 1.5 3.77502
      vertex -32.5288 4 3.92064
      vertex -32.5072 4 3.77502
    endloop
  endfacet
  facet normal -0.989177 -0 -0.146726
    outer loop
      vertex -32.5288 4 3.92064
      vertex -32.5072 1.5 3.77502
      vertex -32.5288 1.5 3.92064
    endloop
  endfacet
  facet normal -0.969978 0 -0.243191
    outer loop
      vertex -32.5288 1.5 3.92064
      vertex -32.5646 4 4.06343
      vertex -32.5288 4 3.92064
    endloop
  endfacet
  facet normal -0.969978 -0 -0.243191
    outer loop
      vertex -32.5646 4 4.06343
      vertex -32.5288 1.5 3.92064
      vertex -32.5646 1.5 4.06343
    endloop
  endfacet
  facet normal -0.941527 0 -0.336939
    outer loop
      vertex -32.5646 1.5 4.06343
      vertex -32.6142 4 4.20203
      vertex -32.5646 4 4.06343
    endloop
  endfacet
  facet normal -0.941527 -0 -0.336939
    outer loop
      vertex -32.6142 4 4.20203
      vertex -32.5646 1.5 4.06343
      vertex -32.6142 1.5 4.20203
    endloop
  endfacet
  facet normal -0.904088 0 -0.427347
    outer loop
      vertex -32.6142 1.5 4.20203
      vertex -32.6771 4 4.3351
      vertex -32.6142 4 4.20203
    endloop
  endfacet
  facet normal -0.904088 -0 -0.427347
    outer loop
      vertex -32.6771 4 4.3351
      vertex -32.6142 1.5 4.20203
      vertex -32.6771 1.5 4.3351
    endloop
  endfacet
  facet normal -0.857643 0 -0.514246
    outer loop
      vertex -32.6771 1.5 4.3351
      vertex -32.7528 4 4.46135
      vertex -32.6771 4 4.3351
    endloop
  endfacet
  facet normal -0.857643 -0 -0.514246
    outer loop
      vertex -32.7528 4 4.46135
      vertex -32.6771 1.5 4.3351
      vertex -32.7528 1.5 4.46135
    endloop
  endfacet
  facet normal -0.803184 0 -0.595731
    outer loop
      vertex -32.7528 1.5 4.46135
      vertex -32.8405 4 4.57959
      vertex -32.7528 4 4.46135
    endloop
  endfacet
  facet normal -0.803184 -0 -0.595731
    outer loop
      vertex -32.8405 4 4.57959
      vertex -32.7528 1.5 4.46135
      vertex -32.8405 1.5 4.57959
    endloop
  endfacet
  facet normal -0.741138 0 -0.671353
    outer loop
      vertex -32.8405 1.5 4.57959
      vertex -32.9393 4 4.68866
      vertex -32.8405 4 4.57959
    endloop
  endfacet
  facet normal -0.741138 -0 -0.671353
    outer loop
      vertex -32.9393 4 4.68866
      vertex -32.8405 1.5 4.57959
      vertex -32.9393 1.5 4.68866
    endloop
  endfacet
  facet normal -0.671475 0 -0.741027
    outer loop
      vertex -33.0484 1.5 4.78752
      vertex -32.9393 4 4.68866
      vertex -32.9393 1.5 4.68866
    endloop
  endfacet
  facet normal -0.671475 0 -0.741027
    outer loop
      vertex -32.9393 4 4.68866
      vertex -33.0484 1.5 4.78752
      vertex -33.0484 4 4.78752
    endloop
  endfacet
  facet normal -0.595773 0 -0.803153
    outer loop
      vertex -33.1666 1.5 4.8752
      vertex -33.0484 4 4.78752
      vertex -33.0484 1.5 4.78752
    endloop
  endfacet
  facet normal -0.595773 0 -0.803153
    outer loop
      vertex -33.0484 4 4.78752
      vertex -33.1666 1.5 4.8752
      vertex -33.1666 4 4.8752
    endloop
  endfacet
  facet normal -0.513996 0 -0.857792
    outer loop
      vertex -33.2929 1.5 4.95088
      vertex -33.1666 4 4.8752
      vertex -33.1666 1.5 4.8752
    endloop
  endfacet
  facet normal -0.513996 0 -0.857792
    outer loop
      vertex -33.1666 4 4.8752
      vertex -33.2929 1.5 4.95088
      vertex -33.2929 4 4.95088
    endloop
  endfacet
  facet normal -0.427491 0 -0.90402
    outer loop
      vertex -33.426 1.5 5.01382
      vertex -33.2929 4 4.95088
      vertex -33.2929 1.5 4.95088
    endloop
  endfacet
  facet normal -0.427491 0 -0.90402
    outer loop
      vertex -33.2929 4 4.95088
      vertex -33.426 1.5 5.01382
      vertex -33.426 4 5.01382
    endloop
  endfacet
  facet normal -0.336939 0 -0.941527
    outer loop
      vertex -33.5646 1.5 5.06342
      vertex -33.426 4 5.01382
      vertex -33.426 1.5 5.01382
    endloop
  endfacet
  facet normal -0.336939 0 -0.941527
    outer loop
      vertex -33.426 4 5.01382
      vertex -33.5646 1.5 5.06342
      vertex -33.5646 4 5.06342
    endloop
  endfacet
  facet normal -0.242919 0 -0.970047
    outer loop
      vertex -33.7074 1.5 5.09918
      vertex -33.5646 4 5.06342
      vertex -33.5646 1.5 5.06342
    endloop
  endfacet
  facet normal -0.242919 0 -0.970047
    outer loop
      vertex -33.5646 4 5.06342
      vertex -33.7074 1.5 5.09918
      vertex -33.7074 4 5.09918
    endloop
  endfacet
  facet normal -0.146679 0 -0.989184
    outer loop
      vertex -33.853 1.5 5.12077
      vertex -33.7074 4 5.09918
      vertex -33.7074 1.5 5.09918
    endloop
  endfacet
  facet normal -0.146679 0 -0.989184
    outer loop
      vertex -33.7074 4 5.09918
      vertex -33.853 1.5 5.12077
      vertex -33.853 4 5.12077
    endloop
  endfacet
  facet normal -0.0491921 0 -0.998789
    outer loop
      vertex -34 1.5 5.12801
      vertex -33.853 4 5.12077
      vertex -33.853 1.5 5.12077
    endloop
  endfacet
  facet normal -0.0491921 0 -0.998789
    outer loop
      vertex -33.853 4 5.12077
      vertex -34 1.5 5.12801
      vertex -34 4 5.12801
    endloop
  endfacet
  facet normal 0.0491921 0 -0.998789
    outer loop
      vertex -34.147 1.5 5.12077
      vertex -34 4 5.12801
      vertex -34 1.5 5.12801
    endloop
  endfacet
  facet normal 0.0491921 0 -0.998789
    outer loop
      vertex -34 4 5.12801
      vertex -34.147 1.5 5.12077
      vertex -34.147 4 5.12077
    endloop
  endfacet
  facet normal 0.146679 0 -0.989184
    outer loop
      vertex -34.2926 1.5 5.09918
      vertex -34.147 4 5.12077
      vertex -34.147 1.5 5.12077
    endloop
  endfacet
  facet normal 0.146679 0 -0.989184
    outer loop
      vertex -34.147 4 5.12077
      vertex -34.2926 1.5 5.09918
      vertex -34.2926 4 5.09918
    endloop
  endfacet
  facet normal 0.242919 0 -0.970047
    outer loop
      vertex -34.4354 1.5 5.06342
      vertex -34.2926 4 5.09918
      vertex -34.2926 1.5 5.09918
    endloop
  endfacet
  facet normal 0.242919 0 -0.970047
    outer loop
      vertex -34.2926 4 5.09918
      vertex -34.4354 1.5 5.06342
      vertex -34.4354 4 5.06342
    endloop
  endfacet
  facet normal 0.336939 0 -0.941527
    outer loop
      vertex -34.574 1.5 5.01382
      vertex -34.4354 4 5.06342
      vertex -34.4354 1.5 5.06342
    endloop
  endfacet
  facet normal 0.336939 0 -0.941527
    outer loop
      vertex -34.4354 4 5.06342
      vertex -34.574 1.5 5.01382
      vertex -34.574 4 5.01382
    endloop
  endfacet
  facet normal 0.427491 0 -0.90402
    outer loop
      vertex -34.7071 1.5 4.95088
      vertex -34.574 4 5.01382
      vertex -34.574 1.5 5.01382
    endloop
  endfacet
  facet normal 0.427491 0 -0.90402
    outer loop
      vertex -34.574 4 5.01382
      vertex -34.7071 1.5 4.95088
      vertex -34.7071 4 4.95088
    endloop
  endfacet
  facet normal 0.514296 0 -0.857613
    outer loop
      vertex -34.8333 1.5 4.8752
      vertex -34.7071 4 4.95088
      vertex -34.7071 1.5 4.95088
    endloop
  endfacet
  facet normal 0.514296 0 -0.857613
    outer loop
      vertex -34.7071 4 4.95088
      vertex -34.8333 1.5 4.8752
      vertex -34.8333 4 4.8752
    endloop
  endfacet
  facet normal 0.595448 0 -0.803394
    outer loop
      vertex -34.9516 1.5 4.78752
      vertex -34.8333 4 4.8752
      vertex -34.8333 1.5 4.8752
    endloop
  endfacet
  facet normal 0.595448 0 -0.803394
    outer loop
      vertex -34.8333 4 4.8752
      vertex -34.9516 1.5 4.78752
      vertex -34.9516 4 4.78752
    endloop
  endfacet
  facet normal 0.671475 0 -0.741027
    outer loop
      vertex -35.0607 1.5 4.68866
      vertex -34.9516 4 4.78752
      vertex -34.9516 1.5 4.78752
    endloop
  endfacet
  facet normal 0.671475 0 -0.741027
    outer loop
      vertex -34.9516 4 4.78752
      vertex -35.0607 1.5 4.68866
      vertex -35.0607 4 4.68866
    endloop
  endfacet
  facet normal 0.741138 0 -0.671353
    outer loop
      vertex -35.0607 1.5 4.68866
      vertex -35.1595 4 4.57959
      vertex -35.0607 4 4.68866
    endloop
  endfacet
  facet normal 0.741138 0 -0.671353
    outer loop
      vertex -35.1595 4 4.57959
      vertex -35.0607 1.5 4.68866
      vertex -35.1595 1.5 4.57959
    endloop
  endfacet
  facet normal 0.803184 0 -0.595731
    outer loop
      vertex -35.1595 1.5 4.57959
      vertex -35.2472 4 4.46135
      vertex -35.1595 4 4.57959
    endloop
  endfacet
  facet normal 0.803184 0 -0.595731
    outer loop
      vertex -35.2472 4 4.46135
      vertex -35.1595 1.5 4.57959
      vertex -35.2472 1.5 4.46135
    endloop
  endfacet
  facet normal 0.857643 0 -0.514246
    outer loop
      vertex -35.2472 1.5 4.46135
      vertex -35.3229 4 4.3351
      vertex -35.2472 4 4.46135
    endloop
  endfacet
  facet normal 0.857643 0 -0.514246
    outer loop
      vertex -35.3229 4 4.3351
      vertex -35.2472 1.5 4.46135
      vertex -35.3229 1.5 4.3351
    endloop
  endfacet
  facet normal 0.904088 0 -0.427347
    outer loop
      vertex -35.3229 1.5 4.3351
      vertex -35.3858 4 4.20203
      vertex -35.3229 4 4.3351
    endloop
  endfacet
  facet normal 0.904088 0 -0.427347
    outer loop
      vertex -35.3858 4 4.20203
      vertex -35.3229 1.5 4.3351
      vertex -35.3858 1.5 4.20203
    endloop
  endfacet
  facet normal 0.941527 0 -0.336939
    outer loop
      vertex -35.3858 1.5 4.20203
      vertex -35.4354 4 4.06343
      vertex -35.3858 4 4.20203
    endloop
  endfacet
  facet normal 0.941527 0 -0.336939
    outer loop
      vertex -35.4354 4 4.06343
      vertex -35.3858 1.5 4.20203
      vertex -35.4354 1.5 4.06343
    endloop
  endfacet
  facet normal 0.969978 0 -0.243191
    outer loop
      vertex -35.4354 1.5 4.06343
      vertex -35.4712 4 3.92064
      vertex -35.4354 4 4.06343
    endloop
  endfacet
  facet normal 0.969978 0 -0.243191
    outer loop
      vertex -35.4712 4 3.92064
      vertex -35.4354 1.5 4.06343
      vertex -35.4712 1.5 3.92064
    endloop
  endfacet
  facet normal 0.989177 0 -0.146726
    outer loop
      vertex -35.4712 1.5 3.92064
      vertex -35.4928 4 3.77502
      vertex -35.4712 4 3.92064
    endloop
  endfacet
  facet normal 0.989177 0 -0.146726
    outer loop
      vertex -35.4928 4 3.77502
      vertex -35.4712 1.5 3.92064
      vertex -35.4928 1.5 3.77502
    endloop
  endfacet
  facet normal 0.998803 0 -0.0489176
    outer loop
      vertex -35.4928 1.5 3.77502
      vertex -35.5 4 3.62801
      vertex -35.4928 4 3.77502
    endloop
  endfacet
  facet normal 0.998803 0 -0.0489176
    outer loop
      vertex -35.5 4 3.62801
      vertex -35.4928 1.5 3.77502
      vertex -35.5 1.5 3.62801
    endloop
  endfacet
  facet normal 0.998803 -0 0.0489077
    outer loop
      vertex -35.5 1.5 3.62801
      vertex -35.4928 4 3.48097
      vertex -35.5 4 3.62801
    endloop
  endfacet
  facet normal 0.998803 0 0.0489077
    outer loop
      vertex -35.4928 4 3.48097
      vertex -35.5 1.5 3.62801
      vertex -35.4928 1.5 3.48097
    endloop
  endfacet
  facet normal 0.989176 -0 0.146736
    outer loop
      vertex -35.4928 1.5 3.48097
      vertex -35.4712 4 3.33536
      vertex -35.4928 4 3.48097
    endloop
  endfacet
  facet normal 0.989176 0 0.146736
    outer loop
      vertex -35.4712 4 3.33536
      vertex -35.4928 1.5 3.48097
      vertex -35.4712 1.5 3.33536
    endloop
  endfacet
  facet normal 0.969978 -0 0.243191
    outer loop
      vertex -35.4712 1.5 3.33536
      vertex -35.4354 4 3.19257
      vertex -35.4712 4 3.33536
    endloop
  endfacet
  facet normal 0.969978 0 0.243191
    outer loop
      vertex -35.4354 4 3.19257
      vertex -35.4712 1.5 3.33536
      vertex -35.4354 1.5 3.19257
    endloop
  endfacet
  facet normal 0.941527 -0 0.336939
    outer loop
      vertex -35.4354 1.5 3.19257
      vertex -35.3858 4 3.05397
      vertex -35.4354 4 3.19257
    endloop
  endfacet
  facet normal 0.941527 0 0.336939
    outer loop
      vertex -35.3858 4 3.05397
      vertex -35.4354 1.5 3.19257
      vertex -35.3858 1.5 3.05397
    endloop
  endfacet
  facet normal 0.904088 -0 0.427347
    outer loop
      vertex -35.3858 1.5 3.05397
      vertex -35.3229 4 2.9209
      vertex -35.3858 4 3.05397
    endloop
  endfacet
  facet normal 0.904088 0 0.427347
    outer loop
      vertex -35.3229 4 2.9209
      vertex -35.3858 1.5 3.05397
      vertex -35.3229 1.5 2.9209
    endloop
  endfacet
  facet normal 0.857643 -0 0.514246
    outer loop
      vertex -35.3229 1.5 2.9209
      vertex -35.2472 4 2.79465
      vertex -35.3229 4 2.9209
    endloop
  endfacet
  facet normal 0.857643 0 0.514246
    outer loop
      vertex -35.2472 4 2.79465
      vertex -35.3229 1.5 2.9209
      vertex -35.2472 1.5 2.79465
    endloop
  endfacet
  facet normal 0.803184 -0 0.595731
    outer loop
      vertex -35.2472 1.5 2.79465
      vertex -35.1595 4 2.67641
      vertex -35.2472 4 2.79465
    endloop
  endfacet
  facet normal 0.803184 0 0.595731
    outer loop
      vertex -35.1595 4 2.67641
      vertex -35.2472 1.5 2.79465
      vertex -35.1595 1.5 2.67641
    endloop
  endfacet
  facet normal 0.741138 -0 0.671353
    outer loop
      vertex -35.1595 1.5 2.67641
      vertex -35.0607 4 2.56734
      vertex -35.1595 4 2.67641
    endloop
  endfacet
  facet normal 0.741138 0 0.671353
    outer loop
      vertex -35.0607 4 2.56734
      vertex -35.1595 1.5 2.67641
      vertex -35.0607 1.5 2.56734
    endloop
  endfacet
  facet normal 0.671475 0 0.741027
    outer loop
      vertex -35.0607 4 2.56734
      vertex -34.9516 1.5 2.46848
      vertex -34.9516 4 2.46848
    endloop
  endfacet
  facet normal 0.671475 0 0.741027
    outer loop
      vertex -34.9516 1.5 2.46848
      vertex -35.0607 4 2.56734
      vertex -35.0607 1.5 2.56734
    endloop
  endfacet
  facet normal 0.595448 0 0.803394
    outer loop
      vertex -34.9516 4 2.46848
      vertex -34.8333 1.5 2.3808
      vertex -34.8333 4 2.3808
    endloop
  endfacet
  facet normal 0.595448 0 0.803394
    outer loop
      vertex -34.8333 1.5 2.3808
      vertex -34.9516 4 2.46848
      vertex -34.9516 1.5 2.46848
    endloop
  endfacet
  facet normal 0.514346 0 0.857583
    outer loop
      vertex -34.8333 4 2.3808
      vertex -34.7071 1.5 2.30511
      vertex -34.7071 4 2.30511
    endloop
  endfacet
  facet normal 0.514346 0 0.857583
    outer loop
      vertex -34.7071 1.5 2.30511
      vertex -34.8333 4 2.3808
      vertex -34.8333 1.5 2.3808
    endloop
  endfacet
  facet normal 0.427491 0 0.90402
    outer loop
      vertex -34.7071 4 2.30511
      vertex -34.574 1.5 2.24217
      vertex -34.574 4 2.24217
    endloop
  endfacet
  facet normal 0.427491 0 0.90402
    outer loop
      vertex -34.574 1.5 2.24217
      vertex -34.7071 4 2.30511
      vertex -34.7071 1.5 2.30511
    endloop
  endfacet
  facet normal 0.336879 0 0.941548
    outer loop
      vertex -34.574 4 2.24217
      vertex -34.4354 1.5 2.19258
      vertex -34.4354 4 2.19258
    endloop
  endfacet
  facet normal 0.336879 0 0.941548
    outer loop
      vertex -34.4354 1.5 2.19258
      vertex -34.574 4 2.24217
      vertex -34.574 1.5 2.24217
    endloop
  endfacet
  facet normal 0.242983 0 0.970031
    outer loop
      vertex -34.4354 4 2.19258
      vertex -34.2926 1.5 2.15681
      vertex -34.2926 4 2.15681
    endloop
  endfacet
  facet normal 0.242983 0 0.970031
    outer loop
      vertex -34.2926 1.5 2.15681
      vertex -34.4354 4 2.19258
      vertex -34.4354 1.5 2.19258
    endloop
  endfacet
  facet normal 0.146679 0 0.989184
    outer loop
      vertex -34.2926 4 2.15681
      vertex -34.147 1.5 2.13522
      vertex -34.147 4 2.13522
    endloop
  endfacet
  facet normal 0.146679 0 0.989184
    outer loop
      vertex -34.147 1.5 2.13522
      vertex -34.2926 4 2.15681
      vertex -34.2926 1.5 2.15681
    endloop
  endfacet
  facet normal 0.0489887 0 0.998799
    outer loop
      vertex -34.147 4 2.13522
      vertex -34 1.5 2.12801
      vertex -34 4 2.12801
    endloop
  endfacet
  facet normal 0.0489887 0 0.998799
    outer loop
      vertex -34 1.5 2.12801
      vertex -34.147 4 2.13522
      vertex -34.147 1.5 2.13522
    endloop
  endfacet
  facet normal -0.0489887 0 0.998799
    outer loop
      vertex -34 4 2.12801
      vertex -33.853 1.5 2.13522
      vertex -33.853 4 2.13522
    endloop
  endfacet
  facet normal -0.0489887 0 0.998799
    outer loop
      vertex -33.853 1.5 2.13522
      vertex -34 4 2.12801
      vertex -34 1.5 2.12801
    endloop
  endfacet
  facet normal -0.146679 0 0.989184
    outer loop
      vertex -23.853 4 2.13522
      vertex -23.7074 1.5 2.15681
      vertex -23.7074 4 2.15681
    endloop
  endfacet
  facet normal -0.146679 0 0.989184
    outer loop
      vertex -23.7074 1.5 2.15681
      vertex -23.853 4 2.13522
      vertex -23.853 1.5 2.13522
    endloop
  endfacet
  facet normal -0.242983 0 0.970031
    outer loop
      vertex -23.7074 4 2.15681
      vertex -23.5646 1.5 2.19258
      vertex -23.5646 4 2.19258
    endloop
  endfacet
  facet normal -0.242983 0 0.970031
    outer loop
      vertex -23.5646 1.5 2.19258
      vertex -23.7074 4 2.15681
      vertex -23.7074 1.5 2.15681
    endloop
  endfacet
  facet normal -0.336879 0 0.941548
    outer loop
      vertex -23.5646 4 2.19258
      vertex -23.426 1.5 2.24217
      vertex -23.426 4 2.24217
    endloop
  endfacet
  facet normal -0.336879 0 0.941548
    outer loop
      vertex -23.426 1.5 2.24217
      vertex -23.5646 4 2.19258
      vertex -23.5646 1.5 2.19258
    endloop
  endfacet
  facet normal -0.427491 0 0.90402
    outer loop
      vertex -23.426 4 2.24217
      vertex -23.2929 1.5 2.30511
      vertex -23.2929 4 2.30511
    endloop
  endfacet
  facet normal -0.427491 0 0.90402
    outer loop
      vertex -23.2929 1.5 2.30511
      vertex -23.426 4 2.24217
      vertex -23.426 1.5 2.24217
    endloop
  endfacet
  facet normal -0.514046 0 0.857762
    outer loop
      vertex -23.2929 4 2.30511
      vertex -23.1666 1.5 2.3808
      vertex -23.1666 4 2.3808
    endloop
  endfacet
  facet normal -0.514046 0 0.857762
    outer loop
      vertex -23.1666 1.5 2.3808
      vertex -23.2929 4 2.30511
      vertex -23.2929 1.5 2.30511
    endloop
  endfacet
  facet normal -0.595773 0 0.803153
    outer loop
      vertex -23.1666 4 2.3808
      vertex -23.0484 1.5 2.46848
      vertex -23.0484 4 2.46848
    endloop
  endfacet
  facet normal -0.595773 0 0.803153
    outer loop
      vertex -23.0484 1.5 2.46848
      vertex -23.1666 4 2.3808
      vertex -23.1666 1.5 2.3808
    endloop
  endfacet
  facet normal -0.671475 0 0.741027
    outer loop
      vertex -23.0484 4 2.46848
      vertex -22.9393 1.5 2.56734
      vertex -22.9393 4 2.56734
    endloop
  endfacet
  facet normal -0.671475 0 0.741027
    outer loop
      vertex -22.9393 1.5 2.56734
      vertex -23.0484 4 2.46848
      vertex -23.0484 1.5 2.46848
    endloop
  endfacet
  facet normal -0.741138 0 0.671353
    outer loop
      vertex -22.9393 1.5 2.56734
      vertex -22.8405 4 2.67641
      vertex -22.9393 4 2.56734
    endloop
  endfacet
  facet normal -0.741138 0 0.671353
    outer loop
      vertex -22.8405 4 2.67641
      vertex -22.9393 1.5 2.56734
      vertex -22.8405 1.5 2.67641
    endloop
  endfacet
  facet normal -0.803184 0 0.595731
    outer loop
      vertex -22.8405 1.5 2.67641
      vertex -22.7528 4 2.79465
      vertex -22.8405 4 2.67641
    endloop
  endfacet
  facet normal -0.803184 0 0.595731
    outer loop
      vertex -22.7528 4 2.79465
      vertex -22.8405 1.5 2.67641
      vertex -22.7528 1.5 2.79465
    endloop
  endfacet
  facet normal -0.857643 0 0.514246
    outer loop
      vertex -22.7528 1.5 2.79465
      vertex -22.6771 4 2.9209
      vertex -22.7528 4 2.79465
    endloop
  endfacet
  facet normal -0.857643 0 0.514246
    outer loop
      vertex -22.6771 4 2.9209
      vertex -22.7528 1.5 2.79465
      vertex -22.6771 1.5 2.9209
    endloop
  endfacet
  facet normal -0.904088 0 0.427347
    outer loop
      vertex -22.6771 1.5 2.9209
      vertex -22.6142 4 3.05397
      vertex -22.6771 4 2.9209
    endloop
  endfacet
  facet normal -0.904088 0 0.427347
    outer loop
      vertex -22.6142 4 3.05397
      vertex -22.6771 1.5 2.9209
      vertex -22.6142 1.5 3.05397
    endloop
  endfacet
  facet normal -0.941527 0 0.336939
    outer loop
      vertex -22.6142 1.5 3.05397
      vertex -22.5646 4 3.19257
      vertex -22.6142 4 3.05397
    endloop
  endfacet
  facet normal -0.941527 0 0.336939
    outer loop
      vertex -22.5646 4 3.19257
      vertex -22.6142 1.5 3.05397
      vertex -22.5646 1.5 3.19257
    endloop
  endfacet
  facet normal -0.969978 0 0.243191
    outer loop
      vertex -22.5646 1.5 3.19257
      vertex -22.5288 4 3.33536
      vertex -22.5646 4 3.19257
    endloop
  endfacet
  facet normal -0.969978 0 0.243191
    outer loop
      vertex -22.5288 4 3.33536
      vertex -22.5646 1.5 3.19257
      vertex -22.5288 1.5 3.33536
    endloop
  endfacet
  facet normal -0.989176 0 0.146736
    outer loop
      vertex -22.5288 1.5 3.33536
      vertex -22.5072 4 3.48097
      vertex -22.5288 4 3.33536
    endloop
  endfacet
  facet normal -0.989176 0 0.146736
    outer loop
      vertex -22.5072 4 3.48097
      vertex -22.5288 1.5 3.33536
      vertex -22.5072 1.5 3.48097
    endloop
  endfacet
  facet normal -0.998803 0 0.0489077
    outer loop
      vertex -22.5072 1.5 3.48097
      vertex -22.5 4 3.62801
      vertex -22.5072 4 3.48097
    endloop
  endfacet
  facet normal -0.998803 0 0.0489077
    outer loop
      vertex -22.5 4 3.62801
      vertex -22.5072 1.5 3.48097
      vertex -22.5 1.5 3.62801
    endloop
  endfacet
  facet normal -0.998803 0 -0.0489176
    outer loop
      vertex -22.5 1.5 3.62801
      vertex -22.5072 4 3.77502
      vertex -22.5 4 3.62801
    endloop
  endfacet
  facet normal -0.998803 -0 -0.0489176
    outer loop
      vertex -22.5072 4 3.77502
      vertex -22.5 1.5 3.62801
      vertex -22.5072 1.5 3.77502
    endloop
  endfacet
  facet normal -0.989177 0 -0.146726
    outer loop
      vertex -22.5072 1.5 3.77502
      vertex -22.5288 4 3.92064
      vertex -22.5072 4 3.77502
    endloop
  endfacet
  facet normal -0.989177 -0 -0.146726
    outer loop
      vertex -22.5288 4 3.92064
      vertex -22.5072 1.5 3.77502
      vertex -22.5288 1.5 3.92064
    endloop
  endfacet
  facet normal -0.969978 0 -0.243191
    outer loop
      vertex -22.5288 1.5 3.92064
      vertex -22.5646 4 4.06343
      vertex -22.5288 4 3.92064
    endloop
  endfacet
  facet normal -0.969978 -0 -0.243191
    outer loop
      vertex -22.5646 4 4.06343
      vertex -22.5288 1.5 3.92064
      vertex -22.5646 1.5 4.06343
    endloop
  endfacet
  facet normal -0.941527 0 -0.336939
    outer loop
      vertex -22.5646 1.5 4.06343
      vertex -22.6142 4 4.20203
      vertex -22.5646 4 4.06343
    endloop
  endfacet
  facet normal -0.941527 -0 -0.336939
    outer loop
      vertex -22.6142 4 4.20203
      vertex -22.5646 1.5 4.06343
      vertex -22.6142 1.5 4.20203
    endloop
  endfacet
  facet normal -0.904088 0 -0.427347
    outer loop
      vertex -22.6142 1.5 4.20203
      vertex -22.6771 4 4.3351
      vertex -22.6142 4 4.20203
    endloop
  endfacet
  facet normal -0.904088 -0 -0.427347
    outer loop
      vertex -22.6771 4 4.3351
      vertex -22.6142 1.5 4.20203
      vertex -22.6771 1.5 4.3351
    endloop
  endfacet
  facet normal -0.857643 0 -0.514246
    outer loop
      vertex -22.6771 1.5 4.3351
      vertex -22.7528 4 4.46135
      vertex -22.6771 4 4.3351
    endloop
  endfacet
  facet normal -0.857643 -0 -0.514246
    outer loop
      vertex -22.7528 4 4.46135
      vertex -22.6771 1.5 4.3351
      vertex -22.7528 1.5 4.46135
    endloop
  endfacet
  facet normal -0.803184 0 -0.595731
    outer loop
      vertex -22.7528 1.5 4.46135
      vertex -22.8405 4 4.57959
      vertex -22.7528 4 4.46135
    endloop
  endfacet
  facet normal -0.803184 -0 -0.595731
    outer loop
      vertex -22.8405 4 4.57959
      vertex -22.7528 1.5 4.46135
      vertex -22.8405 1.5 4.57959
    endloop
  endfacet
  facet normal -0.741138 0 -0.671353
    outer loop
      vertex -22.8405 1.5 4.57959
      vertex -22.9393 4 4.68866
      vertex -22.8405 4 4.57959
    endloop
  endfacet
  facet normal -0.741138 -0 -0.671353
    outer loop
      vertex -22.9393 4 4.68866
      vertex -22.8405 1.5 4.57959
      vertex -22.9393 1.5 4.68866
    endloop
  endfacet
  facet normal -0.671475 0 -0.741027
    outer loop
      vertex -23.0484 1.5 4.78752
      vertex -22.9393 4 4.68866
      vertex -22.9393 1.5 4.68866
    endloop
  endfacet
  facet normal -0.671475 0 -0.741027
    outer loop
      vertex -22.9393 4 4.68866
      vertex -23.0484 1.5 4.78752
      vertex -23.0484 4 4.78752
    endloop
  endfacet
  facet normal -0.595773 0 -0.803153
    outer loop
      vertex -23.1666 1.5 4.8752
      vertex -23.0484 4 4.78752
      vertex -23.0484 1.5 4.78752
    endloop
  endfacet
  facet normal -0.595773 0 -0.803153
    outer loop
      vertex -23.0484 4 4.78752
      vertex -23.1666 1.5 4.8752
      vertex -23.1666 4 4.8752
    endloop
  endfacet
  facet normal -0.513996 0 -0.857792
    outer loop
      vertex -23.2929 1.5 4.95088
      vertex -23.1666 4 4.8752
      vertex -23.1666 1.5 4.8752
    endloop
  endfacet
  facet normal -0.513996 0 -0.857792
    outer loop
      vertex -23.1666 4 4.8752
      vertex -23.2929 1.5 4.95088
      vertex -23.2929 4 4.95088
    endloop
  endfacet
  facet normal -0.427491 0 -0.90402
    outer loop
      vertex -23.426 1.5 5.01382
      vertex -23.2929 4 4.95088
      vertex -23.2929 1.5 4.95088
    endloop
  endfacet
  facet normal -0.427491 0 -0.90402
    outer loop
      vertex -23.2929 4 4.95088
      vertex -23.426 1.5 5.01382
      vertex -23.426 4 5.01382
    endloop
  endfacet
  facet normal -0.336939 0 -0.941527
    outer loop
      vertex -23.5646 1.5 5.06342
      vertex -23.426 4 5.01382
      vertex -23.426 1.5 5.01382
    endloop
  endfacet
  facet normal -0.336939 0 -0.941527
    outer loop
      vertex -23.426 4 5.01382
      vertex -23.5646 1.5 5.06342
      vertex -23.5646 4 5.06342
    endloop
  endfacet
  facet normal -0.242919 0 -0.970047
    outer loop
      vertex -23.7074 1.5 5.09918
      vertex -23.5646 4 5.06342
      vertex -23.5646 1.5 5.06342
    endloop
  endfacet
  facet normal -0.242919 0 -0.970047
    outer loop
      vertex -23.5646 4 5.06342
      vertex -23.7074 1.5 5.09918
      vertex -23.7074 4 5.09918
    endloop
  endfacet
  facet normal -0.146679 0 -0.989184
    outer loop
      vertex -23.853 1.5 5.12077
      vertex -23.7074 4 5.09918
      vertex -23.7074 1.5 5.09918
    endloop
  endfacet
  facet normal -0.146679 0 -0.989184
    outer loop
      vertex -23.7074 4 5.09918
      vertex -23.853 1.5 5.12077
      vertex -23.853 4 5.12077
    endloop
  endfacet
  facet normal -0.0491921 0 -0.998789
    outer loop
      vertex -24 1.5 5.12801
      vertex -23.853 4 5.12077
      vertex -23.853 1.5 5.12077
    endloop
  endfacet
  facet normal -0.0491921 0 -0.998789
    outer loop
      vertex -23.853 4 5.12077
      vertex -24 1.5 5.12801
      vertex -24 4 5.12801
    endloop
  endfacet
  facet normal 0.0491921 0 -0.998789
    outer loop
      vertex -24.147 1.5 5.12077
      vertex -24 4 5.12801
      vertex -24 1.5 5.12801
    endloop
  endfacet
  facet normal 0.0491921 0 -0.998789
    outer loop
      vertex -24 4 5.12801
      vertex -24.147 1.5 5.12077
      vertex -24.147 4 5.12077
    endloop
  endfacet
  facet normal 0.146679 0 -0.989184
    outer loop
      vertex -24.2926 1.5 5.09918
      vertex -24.147 4 5.12077
      vertex -24.147 1.5 5.12077
    endloop
  endfacet
  facet normal 0.146679 0 -0.989184
    outer loop
      vertex -24.147 4 5.12077
      vertex -24.2926 1.5 5.09918
      vertex -24.2926 4 5.09918
    endloop
  endfacet
  facet normal 0.242919 0 -0.970047
    outer loop
      vertex -24.4354 1.5 5.06342
      vertex -24.2926 4 5.09918
      vertex -24.2926 1.5 5.09918
    endloop
  endfacet
  facet normal 0.242919 0 -0.970047
    outer loop
      vertex -24.2926 4 5.09918
      vertex -24.4354 1.5 5.06342
      vertex -24.4354 4 5.06342
    endloop
  endfacet
  facet normal 0.336939 0 -0.941527
    outer loop
      vertex -24.574 1.5 5.01382
      vertex -24.4354 4 5.06342
      vertex -24.4354 1.5 5.06342
    endloop
  endfacet
  facet normal 0.336939 0 -0.941527
    outer loop
      vertex -24.4354 4 5.06342
      vertex -24.574 1.5 5.01382
      vertex -24.574 4 5.01382
    endloop
  endfacet
  facet normal 0.427491 0 -0.90402
    outer loop
      vertex -24.7071 1.5 4.95088
      vertex -24.574 4 5.01382
      vertex -24.574 1.5 5.01382
    endloop
  endfacet
  facet normal 0.427491 0 -0.90402
    outer loop
      vertex -24.574 4 5.01382
      vertex -24.7071 1.5 4.95088
      vertex -24.7071 4 4.95088
    endloop
  endfacet
  facet normal 0.514296 0 -0.857613
    outer loop
      vertex -24.8333 1.5 4.8752
      vertex -24.7071 4 4.95088
      vertex -24.7071 1.5 4.95088
    endloop
  endfacet
  facet normal 0.514296 0 -0.857613
    outer loop
      vertex -24.7071 4 4.95088
      vertex -24.8333 1.5 4.8752
      vertex -24.8333 4 4.8752
    endloop
  endfacet
  facet normal 0.595448 0 -0.803394
    outer loop
      vertex -24.9516 1.5 4.78752
      vertex -24.8333 4 4.8752
      vertex -24.8333 1.5 4.8752
    endloop
  endfacet
  facet normal 0.595448 0 -0.803394
    outer loop
      vertex -24.8333 4 4.8752
      vertex -24.9516 1.5 4.78752
      vertex -24.9516 4 4.78752
    endloop
  endfacet
  facet normal 0.671475 0 -0.741027
    outer loop
      vertex -25.0607 1.5 4.68866
      vertex -24.9516 4 4.78752
      vertex -24.9516 1.5 4.78752
    endloop
  endfacet
  facet normal 0.671475 0 -0.741027
    outer loop
      vertex -24.9516 4 4.78752
      vertex -25.0607 1.5 4.68866
      vertex -25.0607 4 4.68866
    endloop
  endfacet
  facet normal 0.741138 0 -0.671353
    outer loop
      vertex -25.0607 1.5 4.68866
      vertex -25.1595 4 4.57959
      vertex -25.0607 4 4.68866
    endloop
  endfacet
  facet normal 0.741138 0 -0.671353
    outer loop
      vertex -25.1595 4 4.57959
      vertex -25.0607 1.5 4.68866
      vertex -25.1595 1.5 4.57959
    endloop
  endfacet
  facet normal 0.803184 0 -0.595731
    outer loop
      vertex -25.1595 1.5 4.57959
      vertex -25.2472 4 4.46135
      vertex -25.1595 4 4.57959
    endloop
  endfacet
  facet normal 0.803184 0 -0.595731
    outer loop
      vertex -25.2472 4 4.46135
      vertex -25.1595 1.5 4.57959
      vertex -25.2472 1.5 4.46135
    endloop
  endfacet
  facet normal 0.857643 0 -0.514246
    outer loop
      vertex -25.2472 1.5 4.46135
      vertex -25.3229 4 4.3351
      vertex -25.2472 4 4.46135
    endloop
  endfacet
  facet normal 0.857643 0 -0.514246
    outer loop
      vertex -25.3229 4 4.3351
      vertex -25.2472 1.5 4.46135
      vertex -25.3229 1.5 4.3351
    endloop
  endfacet
  facet normal 0.904088 0 -0.427347
    outer loop
      vertex -25.3229 1.5 4.3351
      vertex -25.3858 4 4.20203
      vertex -25.3229 4 4.3351
    endloop
  endfacet
  facet normal 0.904088 0 -0.427347
    outer loop
      vertex -25.3858 4 4.20203
      vertex -25.3229 1.5 4.3351
      vertex -25.3858 1.5 4.20203
    endloop
  endfacet
  facet normal 0.941527 0 -0.336939
    outer loop
      vertex -25.3858 1.5 4.20203
      vertex -25.4354 4 4.06343
      vertex -25.3858 4 4.20203
    endloop
  endfacet
  facet normal 0.941527 0 -0.336939
    outer loop
      vertex -25.4354 4 4.06343
      vertex -25.3858 1.5 4.20203
      vertex -25.4354 1.5 4.06343
    endloop
  endfacet
  facet normal 0.969978 0 -0.243191
    outer loop
      vertex -25.4354 1.5 4.06343
      vertex -25.4712 4 3.92064
      vertex -25.4354 4 4.06343
    endloop
  endfacet
  facet normal 0.969978 0 -0.243191
    outer loop
      vertex -25.4712 4 3.92064
      vertex -25.4354 1.5 4.06343
      vertex -25.4712 1.5 3.92064
    endloop
  endfacet
  facet normal 0.989177 0 -0.146726
    outer loop
      vertex -25.4712 1.5 3.92064
      vertex -25.4928 4 3.77502
      vertex -25.4712 4 3.92064
    endloop
  endfacet
  facet normal 0.989177 0 -0.146726
    outer loop
      vertex -25.4928 4 3.77502
      vertex -25.4712 1.5 3.92064
      vertex -25.4928 1.5 3.77502
    endloop
  endfacet
  facet normal 0.998803 0 -0.0489176
    outer loop
      vertex -25.4928 1.5 3.77502
      vertex -25.5 4 3.62801
      vertex -25.4928 4 3.77502
    endloop
  endfacet
  facet normal 0.998803 0 -0.0489176
    outer loop
      vertex -25.5 4 3.62801
      vertex -25.4928 1.5 3.77502
      vertex -25.5 1.5 3.62801
    endloop
  endfacet
  facet normal 0.998803 -0 0.0489077
    outer loop
      vertex -25.5 1.5 3.62801
      vertex -25.4928 4 3.48097
      vertex -25.5 4 3.62801
    endloop
  endfacet
  facet normal 0.998803 0 0.0489077
    outer loop
      vertex -25.4928 4 3.48097
      vertex -25.5 1.5 3.62801
      vertex -25.4928 1.5 3.48097
    endloop
  endfacet
  facet normal 0.989176 -0 0.146736
    outer loop
      vertex -25.4928 1.5 3.48097
      vertex -25.4712 4 3.33536
      vertex -25.4928 4 3.48097
    endloop
  endfacet
  facet normal 0.989176 0 0.146736
    outer loop
      vertex -25.4712 4 3.33536
      vertex -25.4928 1.5 3.48097
      vertex -25.4712 1.5 3.33536
    endloop
  endfacet
  facet normal 0.969978 -0 0.243191
    outer loop
      vertex -25.4712 1.5 3.33536
      vertex -25.4354 4 3.19257
      vertex -25.4712 4 3.33536
    endloop
  endfacet
  facet normal 0.969978 0 0.243191
    outer loop
      vertex -25.4354 4 3.19257
      vertex -25.4712 1.5 3.33536
      vertex -25.4354 1.5 3.19257
    endloop
  endfacet
  facet normal 0.941527 -0 0.336939
    outer loop
      vertex -25.4354 1.5 3.19257
      vertex -25.3858 4 3.05397
      vertex -25.4354 4 3.19257
    endloop
  endfacet
  facet normal 0.941527 0 0.336939
    outer loop
      vertex -25.3858 4 3.05397
      vertex -25.4354 1.5 3.19257
      vertex -25.3858 1.5 3.05397
    endloop
  endfacet
  facet normal 0.904088 -0 0.427347
    outer loop
      vertex -25.3858 1.5 3.05397
      vertex -25.3229 4 2.9209
      vertex -25.3858 4 3.05397
    endloop
  endfacet
  facet normal 0.904088 0 0.427347
    outer loop
      vertex -25.3229 4 2.9209
      vertex -25.3858 1.5 3.05397
      vertex -25.3229 1.5 2.9209
    endloop
  endfacet
  facet normal 0.857643 -0 0.514246
    outer loop
      vertex -25.3229 1.5 2.9209
      vertex -25.2472 4 2.79465
      vertex -25.3229 4 2.9209
    endloop
  endfacet
  facet normal 0.857643 0 0.514246
    outer loop
      vertex -25.2472 4 2.79465
      vertex -25.3229 1.5 2.9209
      vertex -25.2472 1.5 2.79465
    endloop
  endfacet
  facet normal 0.803184 -0 0.595731
    outer loop
      vertex -25.2472 1.5 2.79465
      vertex -25.1595 4 2.67641
      vertex -25.2472 4 2.79465
    endloop
  endfacet
  facet normal 0.803184 0 0.595731
    outer loop
      vertex -25.1595 4 2.67641
      vertex -25.2472 1.5 2.79465
      vertex -25.1595 1.5 2.67641
    endloop
  endfacet
  facet normal 0.741138 -0 0.671353
    outer loop
      vertex -25.1595 1.5 2.67641
      vertex -25.0607 4 2.56734
      vertex -25.1595 4 2.67641
    endloop
  endfacet
  facet normal 0.741138 0 0.671353
    outer loop
      vertex -25.0607 4 2.56734
      vertex -25.1595 1.5 2.67641
      vertex -25.0607 1.5 2.56734
    endloop
  endfacet
  facet normal 0.671475 0 0.741027
    outer loop
      vertex -25.0607 4 2.56734
      vertex -24.9516 1.5 2.46848
      vertex -24.9516 4 2.46848
    endloop
  endfacet
  facet normal 0.671475 0 0.741027
    outer loop
      vertex -24.9516 1.5 2.46848
      vertex -25.0607 4 2.56734
      vertex -25.0607 1.5 2.56734
    endloop
  endfacet
  facet normal 0.595448 0 0.803394
    outer loop
      vertex -24.9516 4 2.46848
      vertex -24.8333 1.5 2.3808
      vertex -24.8333 4 2.3808
    endloop
  endfacet
  facet normal 0.595448 0 0.803394
    outer loop
      vertex -24.8333 1.5 2.3808
      vertex -24.9516 4 2.46848
      vertex -24.9516 1.5 2.46848
    endloop
  endfacet
  facet normal 0.514346 0 0.857583
    outer loop
      vertex -24.8333 4 2.3808
      vertex -24.7071 1.5 2.30511
      vertex -24.7071 4 2.30511
    endloop
  endfacet
  facet normal 0.514346 0 0.857583
    outer loop
      vertex -24.7071 1.5 2.30511
      vertex -24.8333 4 2.3808
      vertex -24.8333 1.5 2.3808
    endloop
  endfacet
  facet normal 0.427491 0 0.90402
    outer loop
      vertex -24.7071 4 2.30511
      vertex -24.574 1.5 2.24217
      vertex -24.574 4 2.24217
    endloop
  endfacet
  facet normal 0.427491 0 0.90402
    outer loop
      vertex -24.574 1.5 2.24217
      vertex -24.7071 4 2.30511
      vertex -24.7071 1.5 2.30511
    endloop
  endfacet
  facet normal 0.336879 0 0.941548
    outer loop
      vertex -24.574 4 2.24217
      vertex -24.4354 1.5 2.19258
      vertex -24.4354 4 2.19258
    endloop
  endfacet
  facet normal 0.336879 0 0.941548
    outer loop
      vertex -24.4354 1.5 2.19258
      vertex -24.574 4 2.24217
      vertex -24.574 1.5 2.24217
    endloop
  endfacet
  facet normal 0.242983 0 0.970031
    outer loop
      vertex -24.4354 4 2.19258
      vertex -24.2926 1.5 2.15681
      vertex -24.2926 4 2.15681
    endloop
  endfacet
  facet normal 0.242983 0 0.970031
    outer loop
      vertex -24.2926 1.5 2.15681
      vertex -24.4354 4 2.19258
      vertex -24.4354 1.5 2.19258
    endloop
  endfacet
  facet normal 0.146679 0 0.989184
    outer loop
      vertex -24.2926 4 2.15681
      vertex -24.147 1.5 2.13522
      vertex -24.147 4 2.13522
    endloop
  endfacet
  facet normal 0.146679 0 0.989184
    outer loop
      vertex -24.147 1.5 2.13522
      vertex -24.2926 4 2.15681
      vertex -24.2926 1.5 2.15681
    endloop
  endfacet
  facet normal 0.0489887 0 0.998799
    outer loop
      vertex -24.147 4 2.13522
      vertex -24 1.5 2.12801
      vertex -24 4 2.12801
    endloop
  endfacet
  facet normal 0.0489887 0 0.998799
    outer loop
      vertex -24 1.5 2.12801
      vertex -24.147 4 2.13522
      vertex -24.147 1.5 2.13522
    endloop
  endfacet
  facet normal -0.0489887 0 0.998799
    outer loop
      vertex -24 4 2.12801
      vertex -23.853 1.5 2.13522
      vertex -23.853 4 2.13522
    endloop
  endfacet
  facet normal -0.0489887 0 0.998799
    outer loop
      vertex -23.853 1.5 2.13522
      vertex -24 4 2.12801
      vertex -24 1.5 2.12801
    endloop
  endfacet
  facet normal -0.146679 0 0.989184
    outer loop
      vertex 24.147 4 2.13522
      vertex 24.2926 1.5 2.15681
      vertex 24.2926 4 2.15681
    endloop
  endfacet
  facet normal -0.146679 0 0.989184
    outer loop
      vertex 24.2926 1.5 2.15681
      vertex 24.147 4 2.13522
      vertex 24.147 1.5 2.13522
    endloop
  endfacet
  facet normal -0.242983 0 0.970031
    outer loop
      vertex 24.2926 4 2.15681
      vertex 24.4354 1.5 2.19258
      vertex 24.4354 4 2.19258
    endloop
  endfacet
  facet normal -0.242983 0 0.970031
    outer loop
      vertex 24.4354 1.5 2.19258
      vertex 24.2926 4 2.15681
      vertex 24.2926 1.5 2.15681
    endloop
  endfacet
  facet normal -0.336879 0 0.941548
    outer loop
      vertex 24.4354 4 2.19258
      vertex 24.574 1.5 2.24217
      vertex 24.574 4 2.24217
    endloop
  endfacet
  facet normal -0.336879 0 0.941548
    outer loop
      vertex 24.574 1.5 2.24217
      vertex 24.4354 4 2.19258
      vertex 24.4354 1.5 2.19258
    endloop
  endfacet
  facet normal -0.427491 0 0.90402
    outer loop
      vertex 24.574 4 2.24217
      vertex 24.7071 1.5 2.30511
      vertex 24.7071 4 2.30511
    endloop
  endfacet
  facet normal -0.427491 0 0.90402
    outer loop
      vertex 24.7071 1.5 2.30511
      vertex 24.574 4 2.24217
      vertex 24.574 1.5 2.24217
    endloop
  endfacet
  facet normal -0.514346 0 0.857583
    outer loop
      vertex 24.7071 4 2.30511
      vertex 24.8333 1.5 2.3808
      vertex 24.8333 4 2.3808
    endloop
  endfacet
  facet normal -0.514346 0 0.857583
    outer loop
      vertex 24.8333 1.5 2.3808
      vertex 24.7071 4 2.30511
      vertex 24.7071 1.5 2.30511
    endloop
  endfacet
  facet normal -0.595448 0 0.803394
    outer loop
      vertex 24.8333 4 2.3808
      vertex 24.9516 1.5 2.46848
      vertex 24.9516 4 2.46848
    endloop
  endfacet
  facet normal -0.595448 0 0.803394
    outer loop
      vertex 24.9516 1.5 2.46848
      vertex 24.8333 4 2.3808
      vertex 24.8333 1.5 2.3808
    endloop
  endfacet
  facet normal -0.671475 0 0.741027
    outer loop
      vertex 24.9516 4 2.46848
      vertex 25.0607 1.5 2.56734
      vertex 25.0607 4 2.56734
    endloop
  endfacet
  facet normal -0.671475 0 0.741027
    outer loop
      vertex 25.0607 1.5 2.56734
      vertex 24.9516 4 2.46848
      vertex 24.9516 1.5 2.46848
    endloop
  endfacet
  facet normal -0.741138 0 0.671353
    outer loop
      vertex 25.0607 1.5 2.56734
      vertex 25.1595 4 2.67641
      vertex 25.0607 4 2.56734
    endloop
  endfacet
  facet normal -0.741138 0 0.671353
    outer loop
      vertex 25.1595 4 2.67641
      vertex 25.0607 1.5 2.56734
      vertex 25.1595 1.5 2.67641
    endloop
  endfacet
  facet normal -0.803184 0 0.595731
    outer loop
      vertex 25.1595 1.5 2.67641
      vertex 25.2472 4 2.79465
      vertex 25.1595 4 2.67641
    endloop
  endfacet
  facet normal -0.803184 0 0.595731
    outer loop
      vertex 25.2472 4 2.79465
      vertex 25.1595 1.5 2.67641
      vertex 25.2472 1.5 2.79465
    endloop
  endfacet
  facet normal -0.857643 0 0.514246
    outer loop
      vertex 25.2472 1.5 2.79465
      vertex 25.3229 4 2.9209
      vertex 25.2472 4 2.79465
    endloop
  endfacet
  facet normal -0.857643 0 0.514246
    outer loop
      vertex 25.3229 4 2.9209
      vertex 25.2472 1.5 2.79465
      vertex 25.3229 1.5 2.9209
    endloop
  endfacet
  facet normal -0.904088 0 0.427347
    outer loop
      vertex 25.3229 1.5 2.9209
      vertex 25.3858 4 3.05397
      vertex 25.3229 4 2.9209
    endloop
  endfacet
  facet normal -0.904088 0 0.427347
    outer loop
      vertex 25.3858 4 3.05397
      vertex 25.3229 1.5 2.9209
      vertex 25.3858 1.5 3.05397
    endloop
  endfacet
  facet normal -0.941527 0 0.336939
    outer loop
      vertex 25.3858 1.5 3.05397
      vertex 25.4354 4 3.19257
      vertex 25.3858 4 3.05397
    endloop
  endfacet
  facet normal -0.941527 0 0.336939
    outer loop
      vertex 25.4354 4 3.19257
      vertex 25.3858 1.5 3.05397
      vertex 25.4354 1.5 3.19257
    endloop
  endfacet
  facet normal -0.969978 0 0.243191
    outer loop
      vertex 25.4354 1.5 3.19257
      vertex 25.4712 4 3.33536
      vertex 25.4354 4 3.19257
    endloop
  endfacet
  facet normal -0.969978 0 0.243191
    outer loop
      vertex 25.4712 4 3.33536
      vertex 25.4354 1.5 3.19257
      vertex 25.4712 1.5 3.33536
    endloop
  endfacet
  facet normal -0.989176 0 0.146736
    outer loop
      vertex 25.4712 1.5 3.33536
      vertex 25.4928 4 3.48097
      vertex 25.4712 4 3.33536
    endloop
  endfacet
  facet normal -0.989176 0 0.146736
    outer loop
      vertex 25.4928 4 3.48097
      vertex 25.4712 1.5 3.33536
      vertex 25.4928 1.5 3.48097
    endloop
  endfacet
  facet normal -0.998803 0 0.0489077
    outer loop
      vertex 25.4928 1.5 3.48097
      vertex 25.5 4 3.62801
      vertex 25.4928 4 3.48097
    endloop
  endfacet
  facet normal -0.998803 0 0.0489077
    outer loop
      vertex 25.5 4 3.62801
      vertex 25.4928 1.5 3.48097
      vertex 25.5 1.5 3.62801
    endloop
  endfacet
  facet normal -0.998803 0 -0.0489176
    outer loop
      vertex 25.5 1.5 3.62801
      vertex 25.4928 4 3.77502
      vertex 25.5 4 3.62801
    endloop
  endfacet
  facet normal -0.998803 -0 -0.0489176
    outer loop
      vertex 25.4928 4 3.77502
      vertex 25.5 1.5 3.62801
      vertex 25.4928 1.5 3.77502
    endloop
  endfacet
  facet normal -0.989177 0 -0.146726
    outer loop
      vertex 25.4928 1.5 3.77502
      vertex 25.4712 4 3.92064
      vertex 25.4928 4 3.77502
    endloop
  endfacet
  facet normal -0.989177 -0 -0.146726
    outer loop
      vertex 25.4712 4 3.92064
      vertex 25.4928 1.5 3.77502
      vertex 25.4712 1.5 3.92064
    endloop
  endfacet
  facet normal -0.969978 0 -0.243191
    outer loop
      vertex 25.4712 1.5 3.92064
      vertex 25.4354 4 4.06343
      vertex 25.4712 4 3.92064
    endloop
  endfacet
  facet normal -0.969978 -0 -0.243191
    outer loop
      vertex 25.4354 4 4.06343
      vertex 25.4712 1.5 3.92064
      vertex 25.4354 1.5 4.06343
    endloop
  endfacet
  facet normal -0.941527 0 -0.336939
    outer loop
      vertex 25.4354 1.5 4.06343
      vertex 25.3858 4 4.20203
      vertex 25.4354 4 4.06343
    endloop
  endfacet
  facet normal -0.941527 -0 -0.336939
    outer loop
      vertex 25.3858 4 4.20203
      vertex 25.4354 1.5 4.06343
      vertex 25.3858 1.5 4.20203
    endloop
  endfacet
  facet normal -0.904088 0 -0.427347
    outer loop
      vertex 25.3858 1.5 4.20203
      vertex 25.3229 4 4.3351
      vertex 25.3858 4 4.20203
    endloop
  endfacet
  facet normal -0.904088 -0 -0.427347
    outer loop
      vertex 25.3229 4 4.3351
      vertex 25.3858 1.5 4.20203
      vertex 25.3229 1.5 4.3351
    endloop
  endfacet
  facet normal -0.857643 0 -0.514246
    outer loop
      vertex 25.3229 1.5 4.3351
      vertex 25.2472 4 4.46135
      vertex 25.3229 4 4.3351
    endloop
  endfacet
  facet normal -0.857643 -0 -0.514246
    outer loop
      vertex 25.2472 4 4.46135
      vertex 25.3229 1.5 4.3351
      vertex 25.2472 1.5 4.46135
    endloop
  endfacet
  facet normal -0.803184 0 -0.595731
    outer loop
      vertex 25.2472 1.5 4.46135
      vertex 25.1595 4 4.57959
      vertex 25.2472 4 4.46135
    endloop
  endfacet
  facet normal -0.803184 -0 -0.595731
    outer loop
      vertex 25.1595 4 4.57959
      vertex 25.2472 1.5 4.46135
      vertex 25.1595 1.5 4.57959
    endloop
  endfacet
  facet normal -0.741138 0 -0.671353
    outer loop
      vertex 25.1595 1.5 4.57959
      vertex 25.0607 4 4.68866
      vertex 25.1595 4 4.57959
    endloop
  endfacet
  facet normal -0.741138 -0 -0.671353
    outer loop
      vertex 25.0607 4 4.68866
      vertex 25.1595 1.5 4.57959
      vertex 25.0607 1.5 4.68866
    endloop
  endfacet
  facet normal -0.671475 0 -0.741027
    outer loop
      vertex 24.9516 1.5 4.78752
      vertex 25.0607 4 4.68866
      vertex 25.0607 1.5 4.68866
    endloop
  endfacet
  facet normal -0.671475 0 -0.741027
    outer loop
      vertex 25.0607 4 4.68866
      vertex 24.9516 1.5 4.78752
      vertex 24.9516 4 4.78752
    endloop
  endfacet
  facet normal -0.595448 0 -0.803394
    outer loop
      vertex 24.8333 1.5 4.8752
      vertex 24.9516 4 4.78752
      vertex 24.9516 1.5 4.78752
    endloop
  endfacet
  facet normal -0.595448 0 -0.803394
    outer loop
      vertex 24.9516 4 4.78752
      vertex 24.8333 1.5 4.8752
      vertex 24.8333 4 4.8752
    endloop
  endfacet
  facet normal -0.514296 0 -0.857613
    outer loop
      vertex 24.7071 1.5 4.95088
      vertex 24.8333 4 4.8752
      vertex 24.8333 1.5 4.8752
    endloop
  endfacet
  facet normal -0.514296 0 -0.857613
    outer loop
      vertex 24.8333 4 4.8752
      vertex 24.7071 1.5 4.95088
      vertex 24.7071 4 4.95088
    endloop
  endfacet
  facet normal -0.427491 0 -0.90402
    outer loop
      vertex 24.574 1.5 5.01382
      vertex 24.7071 4 4.95088
      vertex 24.7071 1.5 4.95088
    endloop
  endfacet
  facet normal -0.427491 0 -0.90402
    outer loop
      vertex 24.7071 4 4.95088
      vertex 24.574 1.5 5.01382
      vertex 24.574 4 5.01382
    endloop
  endfacet
  facet normal -0.336939 0 -0.941527
    outer loop
      vertex 24.4354 1.5 5.06342
      vertex 24.574 4 5.01382
      vertex 24.574 1.5 5.01382
    endloop
  endfacet
  facet normal -0.336939 0 -0.941527
    outer loop
      vertex 24.574 4 5.01382
      vertex 24.4354 1.5 5.06342
      vertex 24.4354 4 5.06342
    endloop
  endfacet
  facet normal -0.242919 0 -0.970047
    outer loop
      vertex 24.2926 1.5 5.09918
      vertex 24.4354 4 5.06342
      vertex 24.4354 1.5 5.06342
    endloop
  endfacet
  facet normal -0.242919 0 -0.970047
    outer loop
      vertex 24.4354 4 5.06342
      vertex 24.2926 1.5 5.09918
      vertex 24.2926 4 5.09918
    endloop
  endfacet
  facet normal -0.146679 0 -0.989184
    outer loop
      vertex 24.147 1.5 5.12077
      vertex 24.2926 4 5.09918
      vertex 24.2926 1.5 5.09918
    endloop
  endfacet
  facet normal -0.146679 0 -0.989184
    outer loop
      vertex 24.2926 4 5.09918
      vertex 24.147 1.5 5.12077
      vertex 24.147 4 5.12077
    endloop
  endfacet
  facet normal -0.0491921 0 -0.998789
    outer loop
      vertex 24 1.5 5.12801
      vertex 24.147 4 5.12077
      vertex 24.147 1.5 5.12077
    endloop
  endfacet
  facet normal -0.0491921 0 -0.998789
    outer loop
      vertex 24.147 4 5.12077
      vertex 24 1.5 5.12801
      vertex 24 4 5.12801
    endloop
  endfacet
  facet normal 0.0491921 0 -0.998789
    outer loop
      vertex 23.853 1.5 5.12077
      vertex 24 4 5.12801
      vertex 24 1.5 5.12801
    endloop
  endfacet
  facet normal 0.0491921 0 -0.998789
    outer loop
      vertex 24 4 5.12801
      vertex 23.853 1.5 5.12077
      vertex 23.853 4 5.12077
    endloop
  endfacet
  facet normal 0.146679 0 -0.989184
    outer loop
      vertex 23.7074 1.5 5.09918
      vertex 23.853 4 5.12077
      vertex 23.853 1.5 5.12077
    endloop
  endfacet
  facet normal 0.146679 0 -0.989184
    outer loop
      vertex 23.853 4 5.12077
      vertex 23.7074 1.5 5.09918
      vertex 23.7074 4 5.09918
    endloop
  endfacet
  facet normal 0.242919 0 -0.970047
    outer loop
      vertex 23.5646 1.5 5.06342
      vertex 23.7074 4 5.09918
      vertex 23.7074 1.5 5.09918
    endloop
  endfacet
  facet normal 0.242919 0 -0.970047
    outer loop
      vertex 23.7074 4 5.09918
      vertex 23.5646 1.5 5.06342
      vertex 23.5646 4 5.06342
    endloop
  endfacet
  facet normal 0.336939 0 -0.941527
    outer loop
      vertex 23.426 1.5 5.01382
      vertex 23.5646 4 5.06342
      vertex 23.5646 1.5 5.06342
    endloop
  endfacet
  facet normal 0.336939 0 -0.941527
    outer loop
      vertex 23.5646 4 5.06342
      vertex 23.426 1.5 5.01382
      vertex 23.426 4 5.01382
    endloop
  endfacet
  facet normal 0.427491 0 -0.90402
    outer loop
      vertex 23.2929 1.5 4.95088
      vertex 23.426 4 5.01382
      vertex 23.426 1.5 5.01382
    endloop
  endfacet
  facet normal 0.427491 0 -0.90402
    outer loop
      vertex 23.426 4 5.01382
      vertex 23.2929 1.5 4.95088
      vertex 23.2929 4 4.95088
    endloop
  endfacet
  facet normal 0.513996 0 -0.857792
    outer loop
      vertex 23.1666 1.5 4.8752
      vertex 23.2929 4 4.95088
      vertex 23.2929 1.5 4.95088
    endloop
  endfacet
  facet normal 0.513996 0 -0.857792
    outer loop
      vertex 23.2929 4 4.95088
      vertex 23.1666 1.5 4.8752
      vertex 23.1666 4 4.8752
    endloop
  endfacet
  facet normal 0.595773 0 -0.803153
    outer loop
      vertex 23.0484 1.5 4.78752
      vertex 23.1666 4 4.8752
      vertex 23.1666 1.5 4.8752
    endloop
  endfacet
  facet normal 0.595773 0 -0.803153
    outer loop
      vertex 23.1666 4 4.8752
      vertex 23.0484 1.5 4.78752
      vertex 23.0484 4 4.78752
    endloop
  endfacet
  facet normal 0.671475 0 -0.741027
    outer loop
      vertex 22.9393 1.5 4.68866
      vertex 23.0484 4 4.78752
      vertex 23.0484 1.5 4.78752
    endloop
  endfacet
  facet normal 0.671475 0 -0.741027
    outer loop
      vertex 23.0484 4 4.78752
      vertex 22.9393 1.5 4.68866
      vertex 22.9393 4 4.68866
    endloop
  endfacet
  facet normal 0.741138 0 -0.671353
    outer loop
      vertex 22.9393 1.5 4.68866
      vertex 22.8405 4 4.57959
      vertex 22.9393 4 4.68866
    endloop
  endfacet
  facet normal 0.741138 0 -0.671353
    outer loop
      vertex 22.8405 4 4.57959
      vertex 22.9393 1.5 4.68866
      vertex 22.8405 1.5 4.57959
    endloop
  endfacet
  facet normal 0.803184 0 -0.595731
    outer loop
      vertex 22.8405 1.5 4.57959
      vertex 22.7528 4 4.46135
      vertex 22.8405 4 4.57959
    endloop
  endfacet
  facet normal 0.803184 0 -0.595731
    outer loop
      vertex 22.7528 4 4.46135
      vertex 22.8405 1.5 4.57959
      vertex 22.7528 1.5 4.46135
    endloop
  endfacet
  facet normal 0.857643 0 -0.514246
    outer loop
      vertex 22.7528 1.5 4.46135
      vertex 22.6771 4 4.3351
      vertex 22.7528 4 4.46135
    endloop
  endfacet
  facet normal 0.857643 0 -0.514246
    outer loop
      vertex 22.6771 4 4.3351
      vertex 22.7528 1.5 4.46135
      vertex 22.6771 1.5 4.3351
    endloop
  endfacet
  facet normal 0.904088 0 -0.427347
    outer loop
      vertex 22.6771 1.5 4.3351
      vertex 22.6142 4 4.20203
      vertex 22.6771 4 4.3351
    endloop
  endfacet
  facet normal 0.904088 0 -0.427347
    outer loop
      vertex 22.6142 4 4.20203
      vertex 22.6771 1.5 4.3351
      vertex 22.6142 1.5 4.20203
    endloop
  endfacet
  facet normal 0.941527 0 -0.336939
    outer loop
      vertex 22.6142 1.5 4.20203
      vertex 22.5646 4 4.06343
      vertex 22.6142 4 4.20203
    endloop
  endfacet
  facet normal 0.941527 0 -0.336939
    outer loop
      vertex 22.5646 4 4.06343
      vertex 22.6142 1.5 4.20203
      vertex 22.5646 1.5 4.06343
    endloop
  endfacet
  facet normal 0.969978 0 -0.243191
    outer loop
      vertex 22.5646 1.5 4.06343
      vertex 22.5288 4 3.92064
      vertex 22.5646 4 4.06343
    endloop
  endfacet
  facet normal 0.969978 0 -0.243191
    outer loop
      vertex 22.5288 4 3.92064
      vertex 22.5646 1.5 4.06343
      vertex 22.5288 1.5 3.92064
    endloop
  endfacet
  facet normal 0.989177 0 -0.146726
    outer loop
      vertex 22.5288 1.5 3.92064
      vertex 22.5072 4 3.77502
      vertex 22.5288 4 3.92064
    endloop
  endfacet
  facet normal 0.989177 0 -0.146726
    outer loop
      vertex 22.5072 4 3.77502
      vertex 22.5288 1.5 3.92064
      vertex 22.5072 1.5 3.77502
    endloop
  endfacet
  facet normal 0.998803 0 -0.0489176
    outer loop
      vertex 22.5072 1.5 3.77502
      vertex 22.5 4 3.62801
      vertex 22.5072 4 3.77502
    endloop
  endfacet
  facet normal 0.998803 0 -0.0489176
    outer loop
      vertex 22.5 4 3.62801
      vertex 22.5072 1.5 3.77502
      vertex 22.5 1.5 3.62801
    endloop
  endfacet
  facet normal 0.998803 -0 0.0489077
    outer loop
      vertex 22.5 1.5 3.62801
      vertex 22.5072 4 3.48097
      vertex 22.5 4 3.62801
    endloop
  endfacet
  facet normal 0.998803 0 0.0489077
    outer loop
      vertex 22.5072 4 3.48097
      vertex 22.5 1.5 3.62801
      vertex 22.5072 1.5 3.48097
    endloop
  endfacet
  facet normal 0.989176 -0 0.146736
    outer loop
      vertex 22.5072 1.5 3.48097
      vertex 22.5288 4 3.33536
      vertex 22.5072 4 3.48097
    endloop
  endfacet
  facet normal 0.989176 0 0.146736
    outer loop
      vertex 22.5288 4 3.33536
      vertex 22.5072 1.5 3.48097
      vertex 22.5288 1.5 3.33536
    endloop
  endfacet
  facet normal 0.969978 -0 0.243191
    outer loop
      vertex 22.5288 1.5 3.33536
      vertex 22.5646 4 3.19257
      vertex 22.5288 4 3.33536
    endloop
  endfacet
  facet normal 0.969978 0 0.243191
    outer loop
      vertex 22.5646 4 3.19257
      vertex 22.5288 1.5 3.33536
      vertex 22.5646 1.5 3.19257
    endloop
  endfacet
  facet normal 0.941527 -0 0.336939
    outer loop
      vertex 22.5646 1.5 3.19257
      vertex 22.6142 4 3.05397
      vertex 22.5646 4 3.19257
    endloop
  endfacet
  facet normal 0.941527 0 0.336939
    outer loop
      vertex 22.6142 4 3.05397
      vertex 22.5646 1.5 3.19257
      vertex 22.6142 1.5 3.05397
    endloop
  endfacet
  facet normal 0.904088 -0 0.427347
    outer loop
      vertex 22.6142 1.5 3.05397
      vertex 22.6771 4 2.9209
      vertex 22.6142 4 3.05397
    endloop
  endfacet
  facet normal 0.904088 0 0.427347
    outer loop
      vertex 22.6771 4 2.9209
      vertex 22.6142 1.5 3.05397
      vertex 22.6771 1.5 2.9209
    endloop
  endfacet
  facet normal 0.857643 -0 0.514246
    outer loop
      vertex 22.6771 1.5 2.9209
      vertex 22.7528 4 2.79465
      vertex 22.6771 4 2.9209
    endloop
  endfacet
  facet normal 0.857643 0 0.514246
    outer loop
      vertex 22.7528 4 2.79465
      vertex 22.6771 1.5 2.9209
      vertex 22.7528 1.5 2.79465
    endloop
  endfacet
  facet normal 0.803184 -0 0.595731
    outer loop
      vertex 22.7528 1.5 2.79465
      vertex 22.8405 4 2.67641
      vertex 22.7528 4 2.79465
    endloop
  endfacet
  facet normal 0.803184 0 0.595731
    outer loop
      vertex 22.8405 4 2.67641
      vertex 22.7528 1.5 2.79465
      vertex 22.8405 1.5 2.67641
    endloop
  endfacet
  facet normal 0.741138 -0 0.671353
    outer loop
      vertex 22.8405 1.5 2.67641
      vertex 22.9393 4 2.56734
      vertex 22.8405 4 2.67641
    endloop
  endfacet
  facet normal 0.741138 0 0.671353
    outer loop
      vertex 22.9393 4 2.56734
      vertex 22.8405 1.5 2.67641
      vertex 22.9393 1.5 2.56734
    endloop
  endfacet
  facet normal 0.671475 0 0.741027
    outer loop
      vertex 22.9393 4 2.56734
      vertex 23.0484 1.5 2.46848
      vertex 23.0484 4 2.46848
    endloop
  endfacet
  facet normal 0.671475 0 0.741027
    outer loop
      vertex 23.0484 1.5 2.46848
      vertex 22.9393 4 2.56734
      vertex 22.9393 1.5 2.56734
    endloop
  endfacet
  facet normal 0.595773 0 0.803153
    outer loop
      vertex 23.0484 4 2.46848
      vertex 23.1666 1.5 2.3808
      vertex 23.1666 4 2.3808
    endloop
  endfacet
  facet normal 0.595773 0 0.803153
    outer loop
      vertex 23.1666 1.5 2.3808
      vertex 23.0484 4 2.46848
      vertex 23.0484 1.5 2.46848
    endloop
  endfacet
  facet normal 0.514046 0 0.857762
    outer loop
      vertex 23.1666 4 2.3808
      vertex 23.2929 1.5 2.30511
      vertex 23.2929 4 2.30511
    endloop
  endfacet
  facet normal 0.514046 0 0.857762
    outer loop
      vertex 23.2929 1.5 2.30511
      vertex 23.1666 4 2.3808
      vertex 23.1666 1.5 2.3808
    endloop
  endfacet
  facet normal 0.427491 0 0.90402
    outer loop
      vertex 23.2929 4 2.30511
      vertex 23.426 1.5 2.24217
      vertex 23.426 4 2.24217
    endloop
  endfacet
  facet normal 0.427491 0 0.90402
    outer loop
      vertex 23.426 1.5 2.24217
      vertex 23.2929 4 2.30511
      vertex 23.2929 1.5 2.30511
    endloop
  endfacet
  facet normal 0.336879 0 0.941548
    outer loop
      vertex 23.426 4 2.24217
      vertex 23.5646 1.5 2.19258
      vertex 23.5646 4 2.19258
    endloop
  endfacet
  facet normal 0.336879 0 0.941548
    outer loop
      vertex 23.5646 1.5 2.19258
      vertex 23.426 4 2.24217
      vertex 23.426 1.5 2.24217
    endloop
  endfacet
  facet normal 0.242983 0 0.970031
    outer loop
      vertex 23.5646 4 2.19258
      vertex 23.7074 1.5 2.15681
      vertex 23.7074 4 2.15681
    endloop
  endfacet
  facet normal 0.242983 0 0.970031
    outer loop
      vertex 23.7074 1.5 2.15681
      vertex 23.5646 4 2.19258
      vertex 23.5646 1.5 2.19258
    endloop
  endfacet
  facet normal 0.146679 0 0.989184
    outer loop
      vertex 23.7074 4 2.15681
      vertex 23.853 1.5 2.13522
      vertex 23.853 4 2.13522
    endloop
  endfacet
  facet normal 0.146679 0 0.989184
    outer loop
      vertex 23.853 1.5 2.13522
      vertex 23.7074 4 2.15681
      vertex 23.7074 1.5 2.15681
    endloop
  endfacet
  facet normal 0.0489887 0 0.998799
    outer loop
      vertex 23.853 4 2.13522
      vertex 24 1.5 2.12801
      vertex 24 4 2.12801
    endloop
  endfacet
  facet normal 0.0489887 0 0.998799
    outer loop
      vertex 24 1.5 2.12801
      vertex 23.853 4 2.13522
      vertex 23.853 1.5 2.13522
    endloop
  endfacet
  facet normal -0.0489887 0 0.998799
    outer loop
      vertex 24 4 2.12801
      vertex 24.147 1.5 2.13522
      vertex 24.147 4 2.13522
    endloop
  endfacet
  facet normal -0.0489887 0 0.998799
    outer loop
      vertex 24.147 1.5 2.13522
      vertex 24 4 2.12801
      vertex 24 1.5 2.12801
    endloop
  endfacet
  facet normal -0.146679 0 0.989184
    outer loop
      vertex 34.147 4 2.13522
      vertex 34.2926 1.5 2.15681
      vertex 34.2926 4 2.15681
    endloop
  endfacet
  facet normal -0.146679 0 0.989184
    outer loop
      vertex 34.2926 1.5 2.15681
      vertex 34.147 4 2.13522
      vertex 34.147 1.5 2.13522
    endloop
  endfacet
  facet normal -0.242983 0 0.970031
    outer loop
      vertex 34.2926 4 2.15681
      vertex 34.4354 1.5 2.19258
      vertex 34.4354 4 2.19258
    endloop
  endfacet
  facet normal -0.242983 0 0.970031
    outer loop
      vertex 34.4354 1.5 2.19258
      vertex 34.2926 4 2.15681
      vertex 34.2926 1.5 2.15681
    endloop
  endfacet
  facet normal -0.336879 0 0.941548
    outer loop
      vertex 34.4354 4 2.19258
      vertex 34.574 1.5 2.24217
      vertex 34.574 4 2.24217
    endloop
  endfacet
  facet normal -0.336879 0 0.941548
    outer loop
      vertex 34.574 1.5 2.24217
      vertex 34.4354 4 2.19258
      vertex 34.4354 1.5 2.19258
    endloop
  endfacet
  facet normal -0.427491 0 0.90402
    outer loop
      vertex 34.574 4 2.24217
      vertex 34.7071 1.5 2.30511
      vertex 34.7071 4 2.30511
    endloop
  endfacet
  facet normal -0.427491 0 0.90402
    outer loop
      vertex 34.7071 1.5 2.30511
      vertex 34.574 4 2.24217
      vertex 34.574 1.5 2.24217
    endloop
  endfacet
  facet normal -0.514346 0 0.857583
    outer loop
      vertex 34.7071 4 2.30511
      vertex 34.8333 1.5 2.3808
      vertex 34.8333 4 2.3808
    endloop
  endfacet
  facet normal -0.514346 0 0.857583
    outer loop
      vertex 34.8333 1.5 2.3808
      vertex 34.7071 4 2.30511
      vertex 34.7071 1.5 2.30511
    endloop
  endfacet
  facet normal -0.595448 0 0.803394
    outer loop
      vertex 34.8333 4 2.3808
      vertex 34.9516 1.5 2.46848
      vertex 34.9516 4 2.46848
    endloop
  endfacet
  facet normal -0.595448 0 0.803394
    outer loop
      vertex 34.9516 1.5 2.46848
      vertex 34.8333 4 2.3808
      vertex 34.8333 1.5 2.3808
    endloop
  endfacet
  facet normal -0.671475 0 0.741027
    outer loop
      vertex 34.9516 4 2.46848
      vertex 35.0607 1.5 2.56734
      vertex 35.0607 4 2.56734
    endloop
  endfacet
  facet normal -0.671475 0 0.741027
    outer loop
      vertex 35.0607 1.5 2.56734
      vertex 34.9516 4 2.46848
      vertex 34.9516 1.5 2.46848
    endloop
  endfacet
  facet normal -0.741138 0 0.671353
    outer loop
      vertex 35.0607 1.5 2.56734
      vertex 35.1595 4 2.67641
      vertex 35.0607 4 2.56734
    endloop
  endfacet
  facet normal -0.741138 0 0.671353
    outer loop
      vertex 35.1595 4 2.67641
      vertex 35.0607 1.5 2.56734
      vertex 35.1595 1.5 2.67641
    endloop
  endfacet
  facet normal -0.803184 0 0.595731
    outer loop
      vertex 35.1595 1.5 2.67641
      vertex 35.2472 4 2.79465
      vertex 35.1595 4 2.67641
    endloop
  endfacet
  facet normal -0.803184 0 0.595731
    outer loop
      vertex 35.2472 4 2.79465
      vertex 35.1595 1.5 2.67641
      vertex 35.2472 1.5 2.79465
    endloop
  endfacet
  facet normal -0.857643 0 0.514246
    outer loop
      vertex 35.2472 1.5 2.79465
      vertex 35.3229 4 2.9209
      vertex 35.2472 4 2.79465
    endloop
  endfacet
  facet normal -0.857643 0 0.514246
    outer loop
      vertex 35.3229 4 2.9209
      vertex 35.2472 1.5 2.79465
      vertex 35.3229 1.5 2.9209
    endloop
  endfacet
  facet normal -0.904088 0 0.427347
    outer loop
      vertex 35.3229 1.5 2.9209
      vertex 35.3858 4 3.05397
      vertex 35.3229 4 2.9209
    endloop
  endfacet
  facet normal -0.904088 0 0.427347
    outer loop
      vertex 35.3858 4 3.05397
      vertex 35.3229 1.5 2.9209
      vertex 35.3858 1.5 3.05397
    endloop
  endfacet
  facet normal -0.941527 0 0.336939
    outer loop
      vertex 35.3858 1.5 3.05397
      vertex 35.4354 4 3.19257
      vertex 35.3858 4 3.05397
    endloop
  endfacet
  facet normal -0.941527 0 0.336939
    outer loop
      vertex 35.4354 4 3.19257
      vertex 35.3858 1.5 3.05397
      vertex 35.4354 1.5 3.19257
    endloop
  endfacet
  facet normal -0.969978 0 0.243191
    outer loop
      vertex 35.4354 1.5 3.19257
      vertex 35.4712 4 3.33536
      vertex 35.4354 4 3.19257
    endloop
  endfacet
  facet normal -0.969978 0 0.243191
    outer loop
      vertex 35.4712 4 3.33536
      vertex 35.4354 1.5 3.19257
      vertex 35.4712 1.5 3.33536
    endloop
  endfacet
  facet normal -0.989176 0 0.146736
    outer loop
      vertex 35.4712 1.5 3.33536
      vertex 35.4928 4 3.48097
      vertex 35.4712 4 3.33536
    endloop
  endfacet
  facet normal -0.989176 0 0.146736
    outer loop
      vertex 35.4928 4 3.48097
      vertex 35.4712 1.5 3.33536
      vertex 35.4928 1.5 3.48097
    endloop
  endfacet
  facet normal -0.998803 0 0.0489077
    outer loop
      vertex 35.4928 1.5 3.48097
      vertex 35.5 4 3.62801
      vertex 35.4928 4 3.48097
    endloop
  endfacet
  facet normal -0.998803 0 0.0489077
    outer loop
      vertex 35.5 4 3.62801
      vertex 35.4928 1.5 3.48097
      vertex 35.5 1.5 3.62801
    endloop
  endfacet
  facet normal -0.998803 0 -0.0489176
    outer loop
      vertex 35.5 1.5 3.62801
      vertex 35.4928 4 3.77502
      vertex 35.5 4 3.62801
    endloop
  endfacet
  facet normal -0.998803 -0 -0.0489176
    outer loop
      vertex 35.4928 4 3.77502
      vertex 35.5 1.5 3.62801
      vertex 35.4928 1.5 3.77502
    endloop
  endfacet
  facet normal -0.989177 0 -0.146726
    outer loop
      vertex 35.4928 1.5 3.77502
      vertex 35.4712 4 3.92064
      vertex 35.4928 4 3.77502
    endloop
  endfacet
  facet normal -0.989177 -0 -0.146726
    outer loop
      vertex 35.4712 4 3.92064
      vertex 35.4928 1.5 3.77502
      vertex 35.4712 1.5 3.92064
    endloop
  endfacet
  facet normal -0.969978 0 -0.243191
    outer loop
      vertex 35.4712 1.5 3.92064
      vertex 35.4354 4 4.06343
      vertex 35.4712 4 3.92064
    endloop
  endfacet
  facet normal -0.969978 -0 -0.243191
    outer loop
      vertex 35.4354 4 4.06343
      vertex 35.4712 1.5 3.92064
      vertex 35.4354 1.5 4.06343
    endloop
  endfacet
  facet normal -0.941527 0 -0.336939
    outer loop
      vertex 35.4354 1.5 4.06343
      vertex 35.3858 4 4.20203
      vertex 35.4354 4 4.06343
    endloop
  endfacet
  facet normal -0.941527 -0 -0.336939
    outer loop
      vertex 35.3858 4 4.20203
      vertex 35.4354 1.5 4.06343
      vertex 35.3858 1.5 4.20203
    endloop
  endfacet
  facet normal -0.904088 0 -0.427347
    outer loop
      vertex 35.3858 1.5 4.20203
      vertex 35.3229 4 4.3351
      vertex 35.3858 4 4.20203
    endloop
  endfacet
  facet normal -0.904088 -0 -0.427347
    outer loop
      vertex 35.3229 4 4.3351
      vertex 35.3858 1.5 4.20203
      vertex 35.3229 1.5 4.3351
    endloop
  endfacet
  facet normal -0.857643 0 -0.514246
    outer loop
      vertex 35.3229 1.5 4.3351
      vertex 35.2472 4 4.46135
      vertex 35.3229 4 4.3351
    endloop
  endfacet
  facet normal -0.857643 -0 -0.514246
    outer loop
      vertex 35.2472 4 4.46135
      vertex 35.3229 1.5 4.3351
      vertex 35.2472 1.5 4.46135
    endloop
  endfacet
  facet normal -0.803184 0 -0.595731
    outer loop
      vertex 35.2472 1.5 4.46135
      vertex 35.1595 4 4.57959
      vertex 35.2472 4 4.46135
    endloop
  endfacet
  facet normal -0.803184 -0 -0.595731
    outer loop
      vertex 35.1595 4 4.57959
      vertex 35.2472 1.5 4.46135
      vertex 35.1595 1.5 4.57959
    endloop
  endfacet
  facet normal -0.741138 0 -0.671353
    outer loop
      vertex 35.1595 1.5 4.57959
      vertex 35.0607 4 4.68866
      vertex 35.1595 4 4.57959
    endloop
  endfacet
  facet normal -0.741138 -0 -0.671353
    outer loop
      vertex 35.0607 4 4.68866
      vertex 35.1595 1.5 4.57959
      vertex 35.0607 1.5 4.68866
    endloop
  endfacet
  facet normal -0.671475 0 -0.741027
    outer loop
      vertex 34.9516 1.5 4.78752
      vertex 35.0607 4 4.68866
      vertex 35.0607 1.5 4.68866
    endloop
  endfacet
  facet normal -0.671475 0 -0.741027
    outer loop
      vertex 35.0607 4 4.68866
      vertex 34.9516 1.5 4.78752
      vertex 34.9516 4 4.78752
    endloop
  endfacet
  facet normal -0.595448 0 -0.803394
    outer loop
      vertex 34.8333 1.5 4.8752
      vertex 34.9516 4 4.78752
      vertex 34.9516 1.5 4.78752
    endloop
  endfacet
  facet normal -0.595448 0 -0.803394
    outer loop
      vertex 34.9516 4 4.78752
      vertex 34.8333 1.5 4.8752
      vertex 34.8333 4 4.8752
    endloop
  endfacet
  facet normal -0.514296 0 -0.857613
    outer loop
      vertex 34.7071 1.5 4.95088
      vertex 34.8333 4 4.8752
      vertex 34.8333 1.5 4.8752
    endloop
  endfacet
  facet normal -0.514296 0 -0.857613
    outer loop
      vertex 34.8333 4 4.8752
      vertex 34.7071 1.5 4.95088
      vertex 34.7071 4 4.95088
    endloop
  endfacet
  facet normal -0.427491 0 -0.90402
    outer loop
      vertex 34.574 1.5 5.01382
      vertex 34.7071 4 4.95088
      vertex 34.7071 1.5 4.95088
    endloop
  endfacet
  facet normal -0.427491 0 -0.90402
    outer loop
      vertex 34.7071 4 4.95088
      vertex 34.574 1.5 5.01382
      vertex 34.574 4 5.01382
    endloop
  endfacet
  facet normal -0.336939 0 -0.941527
    outer loop
      vertex 34.4354 1.5 5.06342
      vertex 34.574 4 5.01382
      vertex 34.574 1.5 5.01382
    endloop
  endfacet
  facet normal -0.336939 0 -0.941527
    outer loop
      vertex 34.574 4 5.01382
      vertex 34.4354 1.5 5.06342
      vertex 34.4354 4 5.06342
    endloop
  endfacet
  facet normal -0.242919 0 -0.970047
    outer loop
      vertex 34.2926 1.5 5.09918
      vertex 34.4354 4 5.06342
      vertex 34.4354 1.5 5.06342
    endloop
  endfacet
  facet normal -0.242919 0 -0.970047
    outer loop
      vertex 34.4354 4 5.06342
      vertex 34.2926 1.5 5.09918
      vertex 34.2926 4 5.09918
    endloop
  endfacet
  facet normal -0.146679 0 -0.989184
    outer loop
      vertex 34.147 1.5 5.12077
      vertex 34.2926 4 5.09918
      vertex 34.2926 1.5 5.09918
    endloop
  endfacet
  facet normal -0.146679 0 -0.989184
    outer loop
      vertex 34.2926 4 5.09918
      vertex 34.147 1.5 5.12077
      vertex 34.147 4 5.12077
    endloop
  endfacet
  facet normal -0.0491921 0 -0.998789
    outer loop
      vertex 34 1.5 5.12801
      vertex 34.147 4 5.12077
      vertex 34.147 1.5 5.12077
    endloop
  endfacet
  facet normal -0.0491921 0 -0.998789
    outer loop
      vertex 34.147 4 5.12077
      vertex 34 1.5 5.12801
      vertex 34 4 5.12801
    endloop
  endfacet
  facet normal 0.0491921 0 -0.998789
    outer loop
      vertex 33.853 1.5 5.12077
      vertex 34 4 5.12801
      vertex 34 1.5 5.12801
    endloop
  endfacet
  facet normal 0.0491921 0 -0.998789
    outer loop
      vertex 34 4 5.12801
      vertex 33.853 1.5 5.12077
      vertex 33.853 4 5.12077
    endloop
  endfacet
  facet normal 0.146679 0 -0.989184
    outer loop
      vertex 33.7074 1.5 5.09918
      vertex 33.853 4 5.12077
      vertex 33.853 1.5 5.12077
    endloop
  endfacet
  facet normal 0.146679 0 -0.989184
    outer loop
      vertex 33.853 4 5.12077
      vertex 33.7074 1.5 5.09918
      vertex 33.7074 4 5.09918
    endloop
  endfacet
  facet normal 0.242919 0 -0.970047
    outer loop
      vertex 33.5646 1.5 5.06342
      vertex 33.7074 4 5.09918
      vertex 33.7074 1.5 5.09918
    endloop
  endfacet
  facet normal 0.242919 0 -0.970047
    outer loop
      vertex 33.7074 4 5.09918
      vertex 33.5646 1.5 5.06342
      vertex 33.5646 4 5.06342
    endloop
  endfacet
  facet normal 0.336939 0 -0.941527
    outer loop
      vertex 33.426 1.5 5.01382
      vertex 33.5646 4 5.06342
      vertex 33.5646 1.5 5.06342
    endloop
  endfacet
  facet normal 0.336939 0 -0.941527
    outer loop
      vertex 33.5646 4 5.06342
      vertex 33.426 1.5 5.01382
      vertex 33.426 4 5.01382
    endloop
  endfacet
  facet normal 0.427491 0 -0.90402
    outer loop
      vertex 33.2929 1.5 4.95088
      vertex 33.426 4 5.01382
      vertex 33.426 1.5 5.01382
    endloop
  endfacet
  facet normal 0.427491 0 -0.90402
    outer loop
      vertex 33.426 4 5.01382
      vertex 33.2929 1.5 4.95088
      vertex 33.2929 4 4.95088
    endloop
  endfacet
  facet normal 0.513996 0 -0.857792
    outer loop
      vertex 33.1666 1.5 4.8752
      vertex 33.2929 4 4.95088
      vertex 33.2929 1.5 4.95088
    endloop
  endfacet
  facet normal 0.513996 0 -0.857792
    outer loop
      vertex 33.2929 4 4.95088
      vertex 33.1666 1.5 4.8752
      vertex 33.1666 4 4.8752
    endloop
  endfacet
  facet normal 0.595773 0 -0.803153
    outer loop
      vertex 33.0484 1.5 4.78752
      vertex 33.1666 4 4.8752
      vertex 33.1666 1.5 4.8752
    endloop
  endfacet
  facet normal 0.595773 0 -0.803153
    outer loop
      vertex 33.1666 4 4.8752
      vertex 33.0484 1.5 4.78752
      vertex 33.0484 4 4.78752
    endloop
  endfacet
  facet normal 0.671475 0 -0.741027
    outer loop
      vertex 32.9393 1.5 4.68866
      vertex 33.0484 4 4.78752
      vertex 33.0484 1.5 4.78752
    endloop
  endfacet
  facet normal 0.671475 0 -0.741027
    outer loop
      vertex 33.0484 4 4.78752
      vertex 32.9393 1.5 4.68866
      vertex 32.9393 4 4.68866
    endloop
  endfacet
  facet normal 0.741138 0 -0.671353
    outer loop
      vertex 32.9393 1.5 4.68866
      vertex 32.8405 4 4.57959
      vertex 32.9393 4 4.68866
    endloop
  endfacet
  facet normal 0.741138 0 -0.671353
    outer loop
      vertex 32.8405 4 4.57959
      vertex 32.9393 1.5 4.68866
      vertex 32.8405 1.5 4.57959
    endloop
  endfacet
  facet normal 0.803184 0 -0.595731
    outer loop
      vertex 32.8405 1.5 4.57959
      vertex 32.7528 4 4.46135
      vertex 32.8405 4 4.57959
    endloop
  endfacet
  facet normal 0.803184 0 -0.595731
    outer loop
      vertex 32.7528 4 4.46135
      vertex 32.8405 1.5 4.57959
      vertex 32.7528 1.5 4.46135
    endloop
  endfacet
  facet normal 0.857643 0 -0.514246
    outer loop
      vertex 32.7528 1.5 4.46135
      vertex 32.6771 4 4.3351
      vertex 32.7528 4 4.46135
    endloop
  endfacet
  facet normal 0.857643 0 -0.514246
    outer loop
      vertex 32.6771 4 4.3351
      vertex 32.7528 1.5 4.46135
      vertex 32.6771 1.5 4.3351
    endloop
  endfacet
  facet normal 0.904088 0 -0.427347
    outer loop
      vertex 32.6771 1.5 4.3351
      vertex 32.6142 4 4.20203
      vertex 32.6771 4 4.3351
    endloop
  endfacet
  facet normal 0.904088 0 -0.427347
    outer loop
      vertex 32.6142 4 4.20203
      vertex 32.6771 1.5 4.3351
      vertex 32.6142 1.5 4.20203
    endloop
  endfacet
  facet normal 0.941527 0 -0.336939
    outer loop
      vertex 32.6142 1.5 4.20203
      vertex 32.5646 4 4.06343
      vertex 32.6142 4 4.20203
    endloop
  endfacet
  facet normal 0.941527 0 -0.336939
    outer loop
      vertex 32.5646 4 4.06343
      vertex 32.6142 1.5 4.20203
      vertex 32.5646 1.5 4.06343
    endloop
  endfacet
  facet normal 0.969978 0 -0.243191
    outer loop
      vertex 32.5646 1.5 4.06343
      vertex 32.5288 4 3.92064
      vertex 32.5646 4 4.06343
    endloop
  endfacet
  facet normal 0.969978 0 -0.243191
    outer loop
      vertex 32.5288 4 3.92064
      vertex 32.5646 1.5 4.06343
      vertex 32.5288 1.5 3.92064
    endloop
  endfacet
  facet normal 0.989177 0 -0.146726
    outer loop
      vertex 32.5288 1.5 3.92064
      vertex 32.5072 4 3.77502
      vertex 32.5288 4 3.92064
    endloop
  endfacet
  facet normal 0.989177 0 -0.146726
    outer loop
      vertex 32.5072 4 3.77502
      vertex 32.5288 1.5 3.92064
      vertex 32.5072 1.5 3.77502
    endloop
  endfacet
  facet normal 0.998803 0 -0.0489176
    outer loop
      vertex 32.5072 1.5 3.77502
      vertex 32.5 4 3.62801
      vertex 32.5072 4 3.77502
    endloop
  endfacet
  facet normal 0.998803 0 -0.0489176
    outer loop
      vertex 32.5 4 3.62801
      vertex 32.5072 1.5 3.77502
      vertex 32.5 1.5 3.62801
    endloop
  endfacet
  facet normal 0.998803 -0 0.0489077
    outer loop
      vertex 32.5 1.5 3.62801
      vertex 32.5072 4 3.48097
      vertex 32.5 4 3.62801
    endloop
  endfacet
  facet normal 0.998803 0 0.0489077
    outer loop
      vertex 32.5072 4 3.48097
      vertex 32.5 1.5 3.62801
      vertex 32.5072 1.5 3.48097
    endloop
  endfacet
  facet normal 0.989176 -0 0.146736
    outer loop
      vertex 32.5072 1.5 3.48097
      vertex 32.5288 4 3.33536
      vertex 32.5072 4 3.48097
    endloop
  endfacet
  facet normal 0.989176 0 0.146736
    outer loop
      vertex 32.5288 4 3.33536
      vertex 32.5072 1.5 3.48097
      vertex 32.5288 1.5 3.33536
    endloop
  endfacet
  facet normal 0.969978 -0 0.243191
    outer loop
      vertex 32.5288 1.5 3.33536
      vertex 32.5646 4 3.19257
      vertex 32.5288 4 3.33536
    endloop
  endfacet
  facet normal 0.969978 0 0.243191
    outer loop
      vertex 32.5646 4 3.19257
      vertex 32.5288 1.5 3.33536
      vertex 32.5646 1.5 3.19257
    endloop
  endfacet
  facet normal 0.941527 -0 0.336939
    outer loop
      vertex 32.5646 1.5 3.19257
      vertex 32.6142 4 3.05397
      vertex 32.5646 4 3.19257
    endloop
  endfacet
  facet normal 0.941527 0 0.336939
    outer loop
      vertex 32.6142 4 3.05397
      vertex 32.5646 1.5 3.19257
      vertex 32.6142 1.5 3.05397
    endloop
  endfacet
  facet normal 0.904088 -0 0.427347
    outer loop
      vertex 32.6142 1.5 3.05397
      vertex 32.6771 4 2.9209
      vertex 32.6142 4 3.05397
    endloop
  endfacet
  facet normal 0.904088 0 0.427347
    outer loop
      vertex 32.6771 4 2.9209
      vertex 32.6142 1.5 3.05397
      vertex 32.6771 1.5 2.9209
    endloop
  endfacet
  facet normal 0.857643 -0 0.514246
    outer loop
      vertex 32.6771 1.5 2.9209
      vertex 32.7528 4 2.79465
      vertex 32.6771 4 2.9209
    endloop
  endfacet
  facet normal 0.857643 0 0.514246
    outer loop
      vertex 32.7528 4 2.79465
      vertex 32.6771 1.5 2.9209
      vertex 32.7528 1.5 2.79465
    endloop
  endfacet
  facet normal 0.803184 -0 0.595731
    outer loop
      vertex 32.7528 1.5 2.79465
      vertex 32.8405 4 2.67641
      vertex 32.7528 4 2.79465
    endloop
  endfacet
  facet normal 0.803184 0 0.595731
    outer loop
      vertex 32.8405 4 2.67641
      vertex 32.7528 1.5 2.79465
      vertex 32.8405 1.5 2.67641
    endloop
  endfacet
  facet normal 0.741138 -0 0.671353
    outer loop
      vertex 32.8405 1.5 2.67641
      vertex 32.9393 4 2.56734
      vertex 32.8405 4 2.67641
    endloop
  endfacet
  facet normal 0.741138 0 0.671353
    outer loop
      vertex 32.9393 4 2.56734
      vertex 32.8405 1.5 2.67641
      vertex 32.9393 1.5 2.56734
    endloop
  endfacet
  facet normal 0.671475 0 0.741027
    outer loop
      vertex 32.9393 4 2.56734
      vertex 33.0484 1.5 2.46848
      vertex 33.0484 4 2.46848
    endloop
  endfacet
  facet normal 0.671475 0 0.741027
    outer loop
      vertex 33.0484 1.5 2.46848
      vertex 32.9393 4 2.56734
      vertex 32.9393 1.5 2.56734
    endloop
  endfacet
  facet normal 0.595773 0 0.803153
    outer loop
      vertex 33.0484 4 2.46848
      vertex 33.1666 1.5 2.3808
      vertex 33.1666 4 2.3808
    endloop
  endfacet
  facet normal 0.595773 0 0.803153
    outer loop
      vertex 33.1666 1.5 2.3808
      vertex 33.0484 4 2.46848
      vertex 33.0484 1.5 2.46848
    endloop
  endfacet
  facet normal 0.514046 0 0.857762
    outer loop
      vertex 33.1666 4 2.3808
      vertex 33.2929 1.5 2.30511
      vertex 33.2929 4 2.30511
    endloop
  endfacet
  facet normal 0.514046 0 0.857762
    outer loop
      vertex 33.2929 1.5 2.30511
      vertex 33.1666 4 2.3808
      vertex 33.1666 1.5 2.3808
    endloop
  endfacet
  facet normal 0.427491 0 0.90402
    outer loop
      vertex 33.2929 4 2.30511
      vertex 33.426 1.5 2.24217
      vertex 33.426 4 2.24217
    endloop
  endfacet
  facet normal 0.427491 0 0.90402
    outer loop
      vertex 33.426 1.5 2.24217
      vertex 33.2929 4 2.30511
      vertex 33.2929 1.5 2.30511
    endloop
  endfacet
  facet normal 0.336879 0 0.941548
    outer loop
      vertex 33.426 4 2.24217
      vertex 33.5646 1.5 2.19258
      vertex 33.5646 4 2.19258
    endloop
  endfacet
  facet normal 0.336879 0 0.941548
    outer loop
      vertex 33.5646 1.5 2.19258
      vertex 33.426 4 2.24217
      vertex 33.426 1.5 2.24217
    endloop
  endfacet
  facet normal 0.242983 0 0.970031
    outer loop
      vertex 33.5646 4 2.19258
      vertex 33.7074 1.5 2.15681
      vertex 33.7074 4 2.15681
    endloop
  endfacet
  facet normal 0.242983 0 0.970031
    outer loop
      vertex 33.7074 1.5 2.15681
      vertex 33.5646 4 2.19258
      vertex 33.5646 1.5 2.19258
    endloop
  endfacet
  facet normal 0.146679 0 0.989184
    outer loop
      vertex 33.7074 4 2.15681
      vertex 33.853 1.5 2.13522
      vertex 33.853 4 2.13522
    endloop
  endfacet
  facet normal 0.146679 0 0.989184
    outer loop
      vertex 33.853 1.5 2.13522
      vertex 33.7074 4 2.15681
      vertex 33.7074 1.5 2.15681
    endloop
  endfacet
  facet normal 0.0489887 0 0.998799
    outer loop
      vertex 33.853 4 2.13522
      vertex 34 1.5 2.12801
      vertex 34 4 2.12801
    endloop
  endfacet
  facet normal 0.0489887 0 0.998799
    outer loop
      vertex 34 1.5 2.12801
      vertex 33.853 4 2.13522
      vertex 33.853 1.5 2.13522
    endloop
  endfacet
  facet normal -0.0489887 0 0.998799
    outer loop
      vertex 34 4 2.12801
      vertex 34.147 1.5 2.13522
      vertex 34.147 4 2.13522
    endloop
  endfacet
  facet normal -0.0489887 0 0.998799
    outer loop
      vertex 34.147 1.5 2.13522
      vertex 34 4 2.12801
      vertex 34 1.5 2.12801
    endloop
  endfacet
  facet normal -0.146726 0 0.989177
    outer loop
      vertex -4.85297 4 -19.4928
      vertex -4.70735 1.5 -19.4712
      vertex -4.70735 4 -19.4712
    endloop
  endfacet
  facet normal -0.146726 0 0.989177
    outer loop
      vertex -4.70735 1.5 -19.4712
      vertex -4.85297 4 -19.4928
      vertex -4.85297 1.5 -19.4928
    endloop
  endfacet
  facet normal -0.243191 0 0.969978
    outer loop
      vertex -4.70735 4 -19.4712
      vertex -4.56456 1.5 -19.4354
      vertex -4.56456 4 -19.4354
    endloop
  endfacet
  facet normal -0.243191 0 0.969978
    outer loop
      vertex -4.56456 1.5 -19.4354
      vertex -4.70735 4 -19.4712
      vertex -4.70735 1.5 -19.4712
    endloop
  endfacet
  facet normal -0.336939 0 0.941527
    outer loop
      vertex -4.56456 4 -19.4354
      vertex -4.42596 1.5 -19.3858
      vertex -4.42596 4 -19.3858
    endloop
  endfacet
  facet normal -0.336939 0 0.941527
    outer loop
      vertex -4.42596 1.5 -19.3858
      vertex -4.56456 4 -19.4354
      vertex -4.56456 1.5 -19.4354
    endloop
  endfacet
  facet normal -0.427347 0 0.904088
    outer loop
      vertex -4.42596 4 -19.3858
      vertex -4.29289 1.5 -19.3229
      vertex -4.29289 4 -19.3229
    endloop
  endfacet
  facet normal -0.427347 0 0.904088
    outer loop
      vertex -4.29289 1.5 -19.3229
      vertex -4.42596 4 -19.3858
      vertex -4.42596 1.5 -19.3858
    endloop
  endfacet
  facet normal -0.514246 0 0.857643
    outer loop
      vertex -4.29289 4 -19.3229
      vertex -4.16664 1.5 -19.2472
      vertex -4.16664 4 -19.2472
    endloop
  endfacet
  facet normal -0.514246 0 0.857643
    outer loop
      vertex -4.16664 1.5 -19.2472
      vertex -4.29289 4 -19.3229
      vertex -4.29289 1.5 -19.3229
    endloop
  endfacet
  facet normal -0.595731 0 0.803184
    outer loop
      vertex -4.16664 4 -19.2472
      vertex -4.0484 1.5 -19.1595
      vertex -4.0484 4 -19.1595
    endloop
  endfacet
  facet normal -0.595731 0 0.803184
    outer loop
      vertex -4.0484 1.5 -19.1595
      vertex -4.16664 4 -19.2472
      vertex -4.16664 1.5 -19.2472
    endloop
  endfacet
  facet normal -0.671353 0 0.741138
    outer loop
      vertex -4.0484 4 -19.1595
      vertex -3.93933 1.5 -19.0607
      vertex -3.93933 4 -19.0607
    endloop
  endfacet
  facet normal -0.671353 0 0.741138
    outer loop
      vertex -3.93933 1.5 -19.0607
      vertex -4.0484 4 -19.1595
      vertex -4.0484 1.5 -19.1595
    endloop
  endfacet
  facet normal -0.741027 0 0.671475
    outer loop
      vertex -3.93933 1.5 -19.0607
      vertex -3.84047 4 -18.9516
      vertex -3.93933 4 -19.0607
    endloop
  endfacet
  facet normal -0.741027 0 0.671475
    outer loop
      vertex -3.84047 4 -18.9516
      vertex -3.93933 1.5 -19.0607
      vertex -3.84047 1.5 -18.9516
    endloop
  endfacet
  facet normal -0.803394 0 0.595448
    outer loop
      vertex -3.84047 1.5 -18.9516
      vertex -3.75279 4 -18.8333
      vertex -3.84047 4 -18.9516
    endloop
  endfacet
  facet normal -0.803394 0 0.595448
    outer loop
      vertex -3.75279 4 -18.8333
      vertex -3.84047 1.5 -18.9516
      vertex -3.75279 1.5 -18.8333
    endloop
  endfacet
  facet normal -0.857613 0 0.514296
    outer loop
      vertex -3.75279 1.5 -18.8333
      vertex -3.67711 4 -18.7071
      vertex -3.75279 4 -18.8333
    endloop
  endfacet
  facet normal -0.857613 0 0.514296
    outer loop
      vertex -3.67711 4 -18.7071
      vertex -3.75279 1.5 -18.8333
      vertex -3.67711 1.5 -18.7071
    endloop
  endfacet
  facet normal -0.90402 0 0.427491
    outer loop
      vertex -3.67711 1.5 -18.7071
      vertex -3.61417 4 -18.574
      vertex -3.67711 4 -18.7071
    endloop
  endfacet
  facet normal -0.90402 0 0.427491
    outer loop
      vertex -3.61417 4 -18.574
      vertex -3.67711 1.5 -18.7071
      vertex -3.61417 1.5 -18.574
    endloop
  endfacet
  facet normal -0.941548 0 0.336879
    outer loop
      vertex -3.61417 1.5 -18.574
      vertex -3.56458 4 -18.4354
      vertex -3.61417 4 -18.574
    endloop
  endfacet
  facet normal -0.941548 0 0.336879
    outer loop
      vertex -3.56458 4 -18.4354
      vertex -3.61417 1.5 -18.574
      vertex -3.56458 1.5 -18.4354
    endloop
  endfacet
  facet normal -0.970031 0 0.242983
    outer loop
      vertex -3.56458 1.5 -18.4354
      vertex -3.52881 4 -18.2926
      vertex -3.56458 4 -18.4354
    endloop
  endfacet
  facet normal -0.970031 0 0.242983
    outer loop
      vertex -3.52881 4 -18.2926
      vertex -3.56458 1.5 -18.4354
      vertex -3.52881 1.5 -18.2926
    endloop
  endfacet
  facet normal -0.989184 0 0.146679
    outer loop
      vertex -3.52881 1.5 -18.2926
      vertex -3.50722 4 -18.147
      vertex -3.52881 4 -18.2926
    endloop
  endfacet
  facet normal -0.989184 0 0.146679
    outer loop
      vertex -3.50722 4 -18.147
      vertex -3.52881 1.5 -18.2926
      vertex -3.50722 1.5 -18.147
    endloop
  endfacet
  facet normal -0.998796 0 0.0490565
    outer loop
      vertex -3.50722 1.5 -18.147
      vertex -3.5 4 -18
      vertex -3.50722 4 -18.147
    endloop
  endfacet
  facet normal -0.998796 0 0.0490565
    outer loop
      vertex -3.5 4 -18
      vertex -3.50722 1.5 -18.147
      vertex -3.5 1.5 -18
    endloop
  endfacet
  facet normal -0.998796 0 -0.0490565
    outer loop
      vertex -3.5 1.5 -18
      vertex -3.50722 4 -17.853
      vertex -3.5 4 -18
    endloop
  endfacet
  facet normal -0.998796 -0 -0.0490565
    outer loop
      vertex -3.50722 4 -17.853
      vertex -3.5 1.5 -18
      vertex -3.50722 1.5 -17.853
    endloop
  endfacet
  facet normal -0.989184 0 -0.146679
    outer loop
      vertex -3.50722 1.5 -17.853
      vertex -3.52881 4 -17.7074
      vertex -3.50722 4 -17.853
    endloop
  endfacet
  facet normal -0.989184 -0 -0.146679
    outer loop
      vertex -3.52881 4 -17.7074
      vertex -3.50722 1.5 -17.853
      vertex -3.52881 1.5 -17.7074
    endloop
  endfacet
  facet normal -0.970031 0 -0.242983
    outer loop
      vertex -3.52881 1.5 -17.7074
      vertex -3.56458 4 -17.5646
      vertex -3.52881 4 -17.7074
    endloop
  endfacet
  facet normal -0.970031 -0 -0.242983
    outer loop
      vertex -3.56458 4 -17.5646
      vertex -3.52881 1.5 -17.7074
      vertex -3.56458 1.5 -17.5646
    endloop
  endfacet
  facet normal -0.941548 0 -0.336879
    outer loop
      vertex -3.56458 1.5 -17.5646
      vertex -3.61417 4 -17.426
      vertex -3.56458 4 -17.5646
    endloop
  endfacet
  facet normal -0.941548 -0 -0.336879
    outer loop
      vertex -3.61417 4 -17.426
      vertex -3.56458 1.5 -17.5646
      vertex -3.61417 1.5 -17.426
    endloop
  endfacet
  facet normal -0.90402 0 -0.427491
    outer loop
      vertex -3.61417 1.5 -17.426
      vertex -3.67711 4 -17.2929
      vertex -3.61417 4 -17.426
    endloop
  endfacet
  facet normal -0.90402 -0 -0.427491
    outer loop
      vertex -3.67711 4 -17.2929
      vertex -3.61417 1.5 -17.426
      vertex -3.67711 1.5 -17.2929
    endloop
  endfacet
  facet normal -0.857792 0 -0.513996
    outer loop
      vertex -3.67711 1.5 -17.2929
      vertex -3.75279 4 -17.1666
      vertex -3.67711 4 -17.2929
    endloop
  endfacet
  facet normal -0.857792 -0 -0.513996
    outer loop
      vertex -3.75279 4 -17.1666
      vertex -3.67711 1.5 -17.2929
      vertex -3.75279 1.5 -17.1666
    endloop
  endfacet
  facet normal -0.803153 0 -0.595773
    outer loop
      vertex -3.75279 1.5 -17.1666
      vertex -3.84047 4 -17.0484
      vertex -3.75279 4 -17.1666
    endloop
  endfacet
  facet normal -0.803153 -0 -0.595773
    outer loop
      vertex -3.84047 4 -17.0484
      vertex -3.75279 1.5 -17.1666
      vertex -3.84047 1.5 -17.0484
    endloop
  endfacet
  facet normal -0.741027 0 -0.671475
    outer loop
      vertex -3.84047 1.5 -17.0484
      vertex -3.93933 4 -16.9393
      vertex -3.84047 4 -17.0484
    endloop
  endfacet
  facet normal -0.741027 -0 -0.671475
    outer loop
      vertex -3.93933 4 -16.9393
      vertex -3.84047 1.5 -17.0484
      vertex -3.93933 1.5 -16.9393
    endloop
  endfacet
  facet normal -0.671353 0 -0.741138
    outer loop
      vertex -4.0484 1.5 -16.8405
      vertex -3.93933 4 -16.9393
      vertex -3.93933 1.5 -16.9393
    endloop
  endfacet
  facet normal -0.671353 0 -0.741138
    outer loop
      vertex -3.93933 4 -16.9393
      vertex -4.0484 1.5 -16.8405
      vertex -4.0484 4 -16.8405
    endloop
  endfacet
  facet normal -0.595731 0 -0.803184
    outer loop
      vertex -4.16664 1.5 -16.7528
      vertex -4.0484 4 -16.8405
      vertex -4.0484 1.5 -16.8405
    endloop
  endfacet
  facet normal -0.595731 0 -0.803184
    outer loop
      vertex -4.0484 4 -16.8405
      vertex -4.16664 1.5 -16.7528
      vertex -4.16664 4 -16.7528
    endloop
  endfacet
  facet normal -0.514246 0 -0.857643
    outer loop
      vertex -4.29289 1.5 -16.6771
      vertex -4.16664 4 -16.7528
      vertex -4.16664 1.5 -16.7528
    endloop
  endfacet
  facet normal -0.514246 0 -0.857643
    outer loop
      vertex -4.16664 4 -16.7528
      vertex -4.29289 1.5 -16.6771
      vertex -4.29289 4 -16.6771
    endloop
  endfacet
  facet normal -0.427347 0 -0.904088
    outer loop
      vertex -4.42596 1.5 -16.6142
      vertex -4.29289 4 -16.6771
      vertex -4.29289 1.5 -16.6771
    endloop
  endfacet
  facet normal -0.427347 0 -0.904088
    outer loop
      vertex -4.29289 4 -16.6771
      vertex -4.42596 1.5 -16.6142
      vertex -4.42596 4 -16.6142
    endloop
  endfacet
  facet normal -0.336939 0 -0.941527
    outer loop
      vertex -4.56456 1.5 -16.5646
      vertex -4.42596 4 -16.6142
      vertex -4.42596 1.5 -16.6142
    endloop
  endfacet
  facet normal -0.336939 0 -0.941527
    outer loop
      vertex -4.42596 4 -16.6142
      vertex -4.56456 1.5 -16.5646
      vertex -4.56456 4 -16.5646
    endloop
  endfacet
  facet normal -0.243191 0 -0.969978
    outer loop
      vertex -4.70735 1.5 -16.5288
      vertex -4.56456 4 -16.5646
      vertex -4.56456 1.5 -16.5646
    endloop
  endfacet
  facet normal -0.243191 0 -0.969978
    outer loop
      vertex -4.56456 4 -16.5646
      vertex -4.70735 1.5 -16.5288
      vertex -4.70735 4 -16.5288
    endloop
  endfacet
  facet normal -0.146726 0 -0.989177
    outer loop
      vertex -4.85297 1.5 -16.5072
      vertex -4.70735 4 -16.5288
      vertex -4.70735 1.5 -16.5288
    endloop
  endfacet
  facet normal -0.146726 0 -0.989177
    outer loop
      vertex -4.70735 4 -16.5288
      vertex -4.85297 1.5 -16.5072
      vertex -4.85297 4 -16.5072
    endloop
  endfacet
  facet normal -0.048911 0 -0.998803
    outer loop
      vertex -5 1.5 -16.5
      vertex -4.85297 4 -16.5072
      vertex -4.85297 1.5 -16.5072
    endloop
  endfacet
  facet normal -0.048911 0 -0.998803
    outer loop
      vertex -4.85297 4 -16.5072
      vertex -5 1.5 -16.5
      vertex -5 4 -16.5
    endloop
  endfacet
  facet normal 0.0489143 0 -0.998803
    outer loop
      vertex -5.14702 1.5 -16.5072
      vertex -5 4 -16.5
      vertex -5 1.5 -16.5
    endloop
  endfacet
  facet normal 0.0489143 0 -0.998803
    outer loop
      vertex -5 4 -16.5
      vertex -5.14702 1.5 -16.5072
      vertex -5.14702 4 -16.5072
    endloop
  endfacet
  facet normal 0.146736 0 -0.989176
    outer loop
      vertex -5.29263 1.5 -16.5288
      vertex -5.14702 4 -16.5072
      vertex -5.14702 1.5 -16.5072
    endloop
  endfacet
  facet normal 0.146736 0 -0.989176
    outer loop
      vertex -5.14702 4 -16.5072
      vertex -5.29263 1.5 -16.5288
      vertex -5.29263 4 -16.5288
    endloop
  endfacet
  facet normal 0.243191 0 -0.969978
    outer loop
      vertex -5.43542 1.5 -16.5646
      vertex -5.29263 4 -16.5288
      vertex -5.29263 1.5 -16.5288
    endloop
  endfacet
  facet normal 0.243191 0 -0.969978
    outer loop
      vertex -5.29263 4 -16.5288
      vertex -5.43542 1.5 -16.5646
      vertex -5.43542 4 -16.5646
    endloop
  endfacet
  facet normal 0.336939 0 -0.941527
    outer loop
      vertex -5.57402 1.5 -16.6142
      vertex -5.43542 4 -16.5646
      vertex -5.43542 1.5 -16.5646
    endloop
  endfacet
  facet normal 0.336939 0 -0.941527
    outer loop
      vertex -5.43542 4 -16.5646
      vertex -5.57402 1.5 -16.6142
      vertex -5.57402 4 -16.6142
    endloop
  endfacet
  facet normal 0.427347 0 -0.904088
    outer loop
      vertex -5.70709 1.5 -16.6771
      vertex -5.57402 4 -16.6142
      vertex -5.57402 1.5 -16.6142
    endloop
  endfacet
  facet normal 0.427347 0 -0.904088
    outer loop
      vertex -5.57402 4 -16.6142
      vertex -5.70709 1.5 -16.6771
      vertex -5.70709 4 -16.6771
    endloop
  endfacet
  facet normal 0.514246 0 -0.857643
    outer loop
      vertex -5.83334 1.5 -16.7528
      vertex -5.70709 4 -16.6771
      vertex -5.70709 1.5 -16.6771
    endloop
  endfacet
  facet normal 0.514246 0 -0.857643
    outer loop
      vertex -5.70709 4 -16.6771
      vertex -5.83334 1.5 -16.7528
      vertex -5.83334 4 -16.7528
    endloop
  endfacet
  facet normal 0.595731 0 -0.803184
    outer loop
      vertex -5.95158 1.5 -16.8405
      vertex -5.83334 4 -16.7528
      vertex -5.83334 1.5 -16.7528
    endloop
  endfacet
  facet normal 0.595731 0 -0.803184
    outer loop
      vertex -5.83334 4 -16.7528
      vertex -5.95158 1.5 -16.8405
      vertex -5.95158 4 -16.8405
    endloop
  endfacet
  facet normal 0.671353 0 -0.741138
    outer loop
      vertex -6.06065 1.5 -16.9393
      vertex -5.95158 4 -16.8405
      vertex -5.95158 1.5 -16.8405
    endloop
  endfacet
  facet normal 0.671353 0 -0.741138
    outer loop
      vertex -5.95158 4 -16.8405
      vertex -6.06065 1.5 -16.9393
      vertex -6.06065 4 -16.9393
    endloop
  endfacet
  facet normal 0.740993 0 -0.671512
    outer loop
      vertex -6.06065 1.5 -16.9393
      vertex -6.15952 4 -17.0484
      vertex -6.06065 4 -16.9393
    endloop
  endfacet
  facet normal 0.740993 0 -0.671512
    outer loop
      vertex -6.15952 4 -17.0484
      vertex -6.06065 1.5 -16.9393
      vertex -6.15952 1.5 -17.0484
    endloop
  endfacet
  facet normal 0.803185 0 -0.59573
    outer loop
      vertex -6.15952 1.5 -17.0484
      vertex -6.24719 4 -17.1666
      vertex -6.15952 4 -17.0484
    endloop
  endfacet
  facet normal 0.803185 0 -0.59573
    outer loop
      vertex -6.24719 4 -17.1666
      vertex -6.15952 1.5 -17.0484
      vertex -6.24719 1.5 -17.1666
    endloop
  endfacet
  facet normal 0.857762 0 -0.514046
    outer loop
      vertex -6.24719 1.5 -17.1666
      vertex -6.32288 4 -17.2929
      vertex -6.24719 4 -17.1666
    endloop
  endfacet
  facet normal 0.857762 0 -0.514046
    outer loop
      vertex -6.32288 4 -17.2929
      vertex -6.24719 1.5 -17.1666
      vertex -6.32288 1.5 -17.2929
    endloop
  endfacet
  facet normal 0.90402 0 -0.427491
    outer loop
      vertex -6.32288 1.5 -17.2929
      vertex -6.38582 4 -17.426
      vertex -6.32288 4 -17.2929
    endloop
  endfacet
  facet normal 0.90402 0 -0.427491
    outer loop
      vertex -6.38582 4 -17.426
      vertex -6.32288 1.5 -17.2929
      vertex -6.38582 1.5 -17.426
    endloop
  endfacet
  facet normal 0.941548 0 -0.336879
    outer loop
      vertex -6.38582 1.5 -17.426
      vertex -6.43541 4 -17.5646
      vertex -6.38582 4 -17.426
    endloop
  endfacet
  facet normal 0.941548 0 -0.336879
    outer loop
      vertex -6.43541 4 -17.5646
      vertex -6.38582 1.5 -17.426
      vertex -6.43541 1.5 -17.5646
    endloop
  endfacet
  facet normal 0.970031 0 -0.242983
    outer loop
      vertex -6.43541 1.5 -17.5646
      vertex -6.47118 4 -17.7074
      vertex -6.43541 4 -17.5646
    endloop
  endfacet
  facet normal 0.970031 0 -0.242983
    outer loop
      vertex -6.47118 4 -17.7074
      vertex -6.43541 1.5 -17.5646
      vertex -6.47118 1.5 -17.7074
    endloop
  endfacet
  facet normal 0.989184 0 -0.146679
    outer loop
      vertex -6.47118 1.5 -17.7074
      vertex -6.49277 4 -17.853
      vertex -6.47118 4 -17.7074
    endloop
  endfacet
  facet normal 0.989184 0 -0.146679
    outer loop
      vertex -6.49277 4 -17.853
      vertex -6.47118 1.5 -17.7074
      vertex -6.49277 1.5 -17.853
    endloop
  endfacet
  facet normal 0.998793 0 -0.0491243
    outer loop
      vertex -6.49277 1.5 -17.853
      vertex -6.5 4 -18
      vertex -6.49277 4 -17.853
    endloop
  endfacet
  facet normal 0.998793 0 -0.0491243
    outer loop
      vertex -6.5 4 -18
      vertex -6.49277 1.5 -17.853
      vertex -6.5 1.5 -18
    endloop
  endfacet
  facet normal 0.998793 -0 0.0491243
    outer loop
      vertex -6.5 1.5 -18
      vertex -6.49277 4 -18.147
      vertex -6.5 4 -18
    endloop
  endfacet
  facet normal 0.998793 0 0.0491243
    outer loop
      vertex -6.49277 4 -18.147
      vertex -6.5 1.5 -18
      vertex -6.49277 1.5 -18.147
    endloop
  endfacet
  facet normal 0.989184 -0 0.146679
    outer loop
      vertex -6.49277 1.5 -18.147
      vertex -6.47118 4 -18.2926
      vertex -6.49277 4 -18.147
    endloop
  endfacet
  facet normal 0.989184 0 0.146679
    outer loop
      vertex -6.47118 4 -18.2926
      vertex -6.49277 1.5 -18.147
      vertex -6.47118 1.5 -18.2926
    endloop
  endfacet
  facet normal 0.970031 -0 0.242983
    outer loop
      vertex -6.47118 1.5 -18.2926
      vertex -6.43541 4 -18.4354
      vertex -6.47118 4 -18.2926
    endloop
  endfacet
  facet normal 0.970031 0 0.242983
    outer loop
      vertex -6.43541 4 -18.4354
      vertex -6.47118 1.5 -18.2926
      vertex -6.43541 1.5 -18.4354
    endloop
  endfacet
  facet normal 0.941548 -0 0.336879
    outer loop
      vertex -6.43541 1.5 -18.4354
      vertex -6.38582 4 -18.574
      vertex -6.43541 4 -18.4354
    endloop
  endfacet
  facet normal 0.941548 0 0.336879
    outer loop
      vertex -6.38582 4 -18.574
      vertex -6.43541 1.5 -18.4354
      vertex -6.38582 1.5 -18.574
    endloop
  endfacet
  facet normal 0.90402 -0 0.427491
    outer loop
      vertex -6.38582 1.5 -18.574
      vertex -6.32288 4 -18.7071
      vertex -6.38582 4 -18.574
    endloop
  endfacet
  facet normal 0.90402 0 0.427491
    outer loop
      vertex -6.32288 4 -18.7071
      vertex -6.38582 1.5 -18.574
      vertex -6.32288 1.5 -18.7071
    endloop
  endfacet
  facet normal 0.857583 -0 0.514346
    outer loop
      vertex -6.32288 1.5 -18.7071
      vertex -6.24719 4 -18.8333
      vertex -6.32288 4 -18.7071
    endloop
  endfacet
  facet normal 0.857583 0 0.514346
    outer loop
      vertex -6.24719 4 -18.8333
      vertex -6.32288 1.5 -18.7071
      vertex -6.24719 1.5 -18.8333
    endloop
  endfacet
  facet normal 0.803426 -0 0.595405
    outer loop
      vertex -6.24719 1.5 -18.8333
      vertex -6.15952 4 -18.9516
      vertex -6.24719 4 -18.8333
    endloop
  endfacet
  facet normal 0.803426 0 0.595405
    outer loop
      vertex -6.15952 4 -18.9516
      vertex -6.24719 1.5 -18.8333
      vertex -6.15952 1.5 -18.9516
    endloop
  endfacet
  facet normal 0.740993 -0 0.671512
    outer loop
      vertex -6.15952 1.5 -18.9516
      vertex -6.06065 4 -19.0607
      vertex -6.15952 4 -18.9516
    endloop
  endfacet
  facet normal 0.740993 0 0.671512
    outer loop
      vertex -6.06065 4 -19.0607
      vertex -6.15952 1.5 -18.9516
      vertex -6.06065 1.5 -19.0607
    endloop
  endfacet
  facet normal 0.671353 0 0.741138
    outer loop
      vertex -6.06065 4 -19.0607
      vertex -5.95158 1.5 -19.1595
      vertex -5.95158 4 -19.1595
    endloop
  endfacet
  facet normal 0.671353 0 0.741138
    outer loop
      vertex -5.95158 1.5 -19.1595
      vertex -6.06065 4 -19.0607
      vertex -6.06065 1.5 -19.0607
    endloop
  endfacet
  facet normal 0.595731 0 0.803184
    outer loop
      vertex -5.95158 4 -19.1595
      vertex -5.83334 1.5 -19.2472
      vertex -5.83334 4 -19.2472
    endloop
  endfacet
  facet normal 0.595731 0 0.803184
    outer loop
      vertex -5.83334 1.5 -19.2472
      vertex -5.95158 4 -19.1595
      vertex -5.95158 1.5 -19.1595
    endloop
  endfacet
  facet normal 0.514246 0 0.857643
    outer loop
      vertex -5.83334 4 -19.2472
      vertex -5.70709 1.5 -19.3229
      vertex -5.70709 4 -19.3229
    endloop
  endfacet
  facet normal 0.514246 0 0.857643
    outer loop
      vertex -5.70709 1.5 -19.3229
      vertex -5.83334 4 -19.2472
      vertex -5.83334 1.5 -19.2472
    endloop
  endfacet
  facet normal 0.427347 0 0.904088
    outer loop
      vertex -5.70709 4 -19.3229
      vertex -5.57402 1.5 -19.3858
      vertex -5.57402 4 -19.3858
    endloop
  endfacet
  facet normal 0.427347 0 0.904088
    outer loop
      vertex -5.57402 1.5 -19.3858
      vertex -5.70709 4 -19.3229
      vertex -5.70709 1.5 -19.3229
    endloop
  endfacet
  facet normal 0.336939 0 0.941527
    outer loop
      vertex -5.57402 4 -19.3858
      vertex -5.43542 1.5 -19.4354
      vertex -5.43542 4 -19.4354
    endloop
  endfacet
  facet normal 0.336939 0 0.941527
    outer loop
      vertex -5.43542 1.5 -19.4354
      vertex -5.57402 4 -19.3858
      vertex -5.57402 1.5 -19.3858
    endloop
  endfacet
  facet normal 0.243191 0 0.969978
    outer loop
      vertex -5.43542 4 -19.4354
      vertex -5.29263 1.5 -19.4712
      vertex -5.29263 4 -19.4712
    endloop
  endfacet
  facet normal 0.243191 0 0.969978
    outer loop
      vertex -5.29263 1.5 -19.4712
      vertex -5.43542 4 -19.4354
      vertex -5.43542 1.5 -19.4354
    endloop
  endfacet
  facet normal 0.146736 0 0.989176
    outer loop
      vertex -5.29263 4 -19.4712
      vertex -5.14702 1.5 -19.4928
      vertex -5.14702 4 -19.4928
    endloop
  endfacet
  facet normal 0.146736 0 0.989176
    outer loop
      vertex -5.14702 1.5 -19.4928
      vertex -5.29263 4 -19.4712
      vertex -5.29263 1.5 -19.4712
    endloop
  endfacet
  facet normal 0.0489143 0 0.998803
    outer loop
      vertex -5.14702 4 -19.4928
      vertex -5 1.5 -19.5
      vertex -5 4 -19.5
    endloop
  endfacet
  facet normal 0.0489143 0 0.998803
    outer loop
      vertex -5 1.5 -19.5
      vertex -5.14702 4 -19.4928
      vertex -5.14702 1.5 -19.4928
    endloop
  endfacet
  facet normal -0.048911 0 0.998803
    outer loop
      vertex -5 4 -19.5
      vertex -4.85297 1.5 -19.4928
      vertex -4.85297 4 -19.4928
    endloop
  endfacet
  facet normal -0.048911 0 0.998803
    outer loop
      vertex -4.85297 1.5 -19.4928
      vertex -5 4 -19.5
      vertex -5 1.5 -19.5
    endloop
  endfacet
  facet normal -0.146736 0 0.989176
    outer loop
      vertex 5.14702 4 -19.4928
      vertex 5.29263 1.5 -19.4712
      vertex 5.29263 4 -19.4712
    endloop
  endfacet
  facet normal -0.146736 0 0.989176
    outer loop
      vertex 5.29263 1.5 -19.4712
      vertex 5.14702 4 -19.4928
      vertex 5.14702 1.5 -19.4928
    endloop
  endfacet
  facet normal -0.243191 0 0.969978
    outer loop
      vertex 5.29263 4 -19.4712
      vertex 5.43542 1.5 -19.4354
      vertex 5.43542 4 -19.4354
    endloop
  endfacet
  facet normal -0.243191 0 0.969978
    outer loop
      vertex 5.43542 1.5 -19.4354
      vertex 5.29263 4 -19.4712
      vertex 5.29263 1.5 -19.4712
    endloop
  endfacet
  facet normal -0.336939 0 0.941527
    outer loop
      vertex 5.43542 4 -19.4354
      vertex 5.57402 1.5 -19.3858
      vertex 5.57402 4 -19.3858
    endloop
  endfacet
  facet normal -0.336939 0 0.941527
    outer loop
      vertex 5.57402 1.5 -19.3858
      vertex 5.43542 4 -19.4354
      vertex 5.43542 1.5 -19.4354
    endloop
  endfacet
  facet normal -0.427347 0 0.904088
    outer loop
      vertex 5.57402 4 -19.3858
      vertex 5.70709 1.5 -19.3229
      vertex 5.70709 4 -19.3229
    endloop
  endfacet
  facet normal -0.427347 0 0.904088
    outer loop
      vertex 5.70709 1.5 -19.3229
      vertex 5.57402 4 -19.3858
      vertex 5.57402 1.5 -19.3858
    endloop
  endfacet
  facet normal -0.514246 0 0.857643
    outer loop
      vertex 5.70709 4 -19.3229
      vertex 5.83334 1.5 -19.2472
      vertex 5.83334 4 -19.2472
    endloop
  endfacet
  facet normal -0.514246 0 0.857643
    outer loop
      vertex 5.83334 1.5 -19.2472
      vertex 5.70709 4 -19.3229
      vertex 5.70709 1.5 -19.3229
    endloop
  endfacet
  facet normal -0.595731 0 0.803184
    outer loop
      vertex 5.83334 4 -19.2472
      vertex 5.95158 1.5 -19.1595
      vertex 5.95158 4 -19.1595
    endloop
  endfacet
  facet normal -0.595731 0 0.803184
    outer loop
      vertex 5.95158 1.5 -19.1595
      vertex 5.83334 4 -19.2472
      vertex 5.83334 1.5 -19.2472
    endloop
  endfacet
  facet normal -0.671353 0 0.741138
    outer loop
      vertex 5.95158 4 -19.1595
      vertex 6.06065 1.5 -19.0607
      vertex 6.06065 4 -19.0607
    endloop
  endfacet
  facet normal -0.671353 0 0.741138
    outer loop
      vertex 6.06065 1.5 -19.0607
      vertex 5.95158 4 -19.1595
      vertex 5.95158 1.5 -19.1595
    endloop
  endfacet
  facet normal -0.740993 0 0.671512
    outer loop
      vertex 6.06065 1.5 -19.0607
      vertex 6.15952 4 -18.9516
      vertex 6.06065 4 -19.0607
    endloop
  endfacet
  facet normal -0.740993 0 0.671512
    outer loop
      vertex 6.15952 4 -18.9516
      vertex 6.06065 1.5 -19.0607
      vertex 6.15952 1.5 -18.9516
    endloop
  endfacet
  facet normal -0.803426 0 0.595405
    outer loop
      vertex 6.15952 1.5 -18.9516
      vertex 6.24719 4 -18.8333
      vertex 6.15952 4 -18.9516
    endloop
  endfacet
  facet normal -0.803426 0 0.595405
    outer loop
      vertex 6.24719 4 -18.8333
      vertex 6.15952 1.5 -18.9516
      vertex 6.24719 1.5 -18.8333
    endloop
  endfacet
  facet normal -0.857583 0 0.514346
    outer loop
      vertex 6.24719 1.5 -18.8333
      vertex 6.32288 4 -18.7071
      vertex 6.24719 4 -18.8333
    endloop
  endfacet
  facet normal -0.857583 0 0.514346
    outer loop
      vertex 6.32288 4 -18.7071
      vertex 6.24719 1.5 -18.8333
      vertex 6.32288 1.5 -18.7071
    endloop
  endfacet
  facet normal -0.90402 0 0.427491
    outer loop
      vertex 6.32288 1.5 -18.7071
      vertex 6.38582 4 -18.574
      vertex 6.32288 4 -18.7071
    endloop
  endfacet
  facet normal -0.90402 0 0.427491
    outer loop
      vertex 6.38582 4 -18.574
      vertex 6.32288 1.5 -18.7071
      vertex 6.38582 1.5 -18.574
    endloop
  endfacet
  facet normal -0.941548 0 0.336879
    outer loop
      vertex 6.38582 1.5 -18.574
      vertex 6.43541 4 -18.4354
      vertex 6.38582 4 -18.574
    endloop
  endfacet
  facet normal -0.941548 0 0.336879
    outer loop
      vertex 6.43541 4 -18.4354
      vertex 6.38582 1.5 -18.574
      vertex 6.43541 1.5 -18.4354
    endloop
  endfacet
  facet normal -0.970031 0 0.242983
    outer loop
      vertex 6.43541 1.5 -18.4354
      vertex 6.47118 4 -18.2926
      vertex 6.43541 4 -18.4354
    endloop
  endfacet
  facet normal -0.970031 0 0.242983
    outer loop
      vertex 6.47118 4 -18.2926
      vertex 6.43541 1.5 -18.4354
      vertex 6.47118 1.5 -18.2926
    endloop
  endfacet
  facet normal -0.989184 0 0.146679
    outer loop
      vertex 6.47118 1.5 -18.2926
      vertex 6.49277 4 -18.147
      vertex 6.47118 4 -18.2926
    endloop
  endfacet
  facet normal -0.989184 0 0.146679
    outer loop
      vertex 6.49277 4 -18.147
      vertex 6.47118 1.5 -18.2926
      vertex 6.49277 1.5 -18.147
    endloop
  endfacet
  facet normal -0.998793 0 0.0491243
    outer loop
      vertex 6.49277 1.5 -18.147
      vertex 6.5 4 -18
      vertex 6.49277 4 -18.147
    endloop
  endfacet
  facet normal -0.998793 0 0.0491243
    outer loop
      vertex 6.5 4 -18
      vertex 6.49277 1.5 -18.147
      vertex 6.5 1.5 -18
    endloop
  endfacet
  facet normal -0.998793 0 -0.0491243
    outer loop
      vertex 6.5 1.5 -18
      vertex 6.49277 4 -17.853
      vertex 6.5 4 -18
    endloop
  endfacet
  facet normal -0.998793 -0 -0.0491243
    outer loop
      vertex 6.49277 4 -17.853
      vertex 6.5 1.5 -18
      vertex 6.49277 1.5 -17.853
    endloop
  endfacet
  facet normal -0.989184 0 -0.146679
    outer loop
      vertex 6.49277 1.5 -17.853
      vertex 6.47118 4 -17.7074
      vertex 6.49277 4 -17.853
    endloop
  endfacet
  facet normal -0.989184 -0 -0.146679
    outer loop
      vertex 6.47118 4 -17.7074
      vertex 6.49277 1.5 -17.853
      vertex 6.47118 1.5 -17.7074
    endloop
  endfacet
  facet normal -0.970031 0 -0.242983
    outer loop
      vertex 6.47118 1.5 -17.7074
      vertex 6.43541 4 -17.5646
      vertex 6.47118 4 -17.7074
    endloop
  endfacet
  facet normal -0.970031 -0 -0.242983
    outer loop
      vertex 6.43541 4 -17.5646
      vertex 6.47118 1.5 -17.7074
      vertex 6.43541 1.5 -17.5646
    endloop
  endfacet
  facet normal -0.941548 0 -0.336879
    outer loop
      vertex 6.43541 1.5 -17.5646
      vertex 6.38582 4 -17.426
      vertex 6.43541 4 -17.5646
    endloop
  endfacet
  facet normal -0.941548 -0 -0.336879
    outer loop
      vertex 6.38582 4 -17.426
      vertex 6.43541 1.5 -17.5646
      vertex 6.38582 1.5 -17.426
    endloop
  endfacet
  facet normal -0.90402 0 -0.427491
    outer loop
      vertex 6.38582 1.5 -17.426
      vertex 6.32288 4 -17.2929
      vertex 6.38582 4 -17.426
    endloop
  endfacet
  facet normal -0.90402 -0 -0.427491
    outer loop
      vertex 6.32288 4 -17.2929
      vertex 6.38582 1.5 -17.426
      vertex 6.32288 1.5 -17.2929
    endloop
  endfacet
  facet normal -0.857762 0 -0.514046
    outer loop
      vertex 6.32288 1.5 -17.2929
      vertex 6.24719 4 -17.1666
      vertex 6.32288 4 -17.2929
    endloop
  endfacet
  facet normal -0.857762 -0 -0.514046
    outer loop
      vertex 6.24719 4 -17.1666
      vertex 6.32288 1.5 -17.2929
      vertex 6.24719 1.5 -17.1666
    endloop
  endfacet
  facet normal -0.803185 0 -0.59573
    outer loop
      vertex 6.24719 1.5 -17.1666
      vertex 6.15952 4 -17.0484
      vertex 6.24719 4 -17.1666
    endloop
  endfacet
  facet normal -0.803185 -0 -0.59573
    outer loop
      vertex 6.15952 4 -17.0484
      vertex 6.24719 1.5 -17.1666
      vertex 6.15952 1.5 -17.0484
    endloop
  endfacet
  facet normal -0.740993 0 -0.671512
    outer loop
      vertex 6.15952 1.5 -17.0484
      vertex 6.06065 4 -16.9393
      vertex 6.15952 4 -17.0484
    endloop
  endfacet
  facet normal -0.740993 -0 -0.671512
    outer loop
      vertex 6.06065 4 -16.9393
      vertex 6.15952 1.5 -17.0484
      vertex 6.06065 1.5 -16.9393
    endloop
  endfacet
  facet normal -0.671353 0 -0.741138
    outer loop
      vertex 5.95158 1.5 -16.8405
      vertex 6.06065 4 -16.9393
      vertex 6.06065 1.5 -16.9393
    endloop
  endfacet
  facet normal -0.671353 0 -0.741138
    outer loop
      vertex 6.06065 4 -16.9393
      vertex 5.95158 1.5 -16.8405
      vertex 5.95158 4 -16.8405
    endloop
  endfacet
  facet normal -0.595731 0 -0.803184
    outer loop
      vertex 5.83334 1.5 -16.7528
      vertex 5.95158 4 -16.8405
      vertex 5.95158 1.5 -16.8405
    endloop
  endfacet
  facet normal -0.595731 0 -0.803184
    outer loop
      vertex 5.95158 4 -16.8405
      vertex 5.83334 1.5 -16.7528
      vertex 5.83334 4 -16.7528
    endloop
  endfacet
  facet normal -0.514246 0 -0.857643
    outer loop
      vertex 5.70709 1.5 -16.6771
      vertex 5.83334 4 -16.7528
      vertex 5.83334 1.5 -16.7528
    endloop
  endfacet
  facet normal -0.514246 0 -0.857643
    outer loop
      vertex 5.83334 4 -16.7528
      vertex 5.70709 1.5 -16.6771
      vertex 5.70709 4 -16.6771
    endloop
  endfacet
  facet normal -0.427347 0 -0.904088
    outer loop
      vertex 5.57402 1.5 -16.6142
      vertex 5.70709 4 -16.6771
      vertex 5.70709 1.5 -16.6771
    endloop
  endfacet
  facet normal -0.427347 0 -0.904088
    outer loop
      vertex 5.70709 4 -16.6771
      vertex 5.57402 1.5 -16.6142
      vertex 5.57402 4 -16.6142
    endloop
  endfacet
  facet normal -0.336939 0 -0.941527
    outer loop
      vertex 5.43542 1.5 -16.5646
      vertex 5.57402 4 -16.6142
      vertex 5.57402 1.5 -16.6142
    endloop
  endfacet
  facet normal -0.336939 0 -0.941527
    outer loop
      vertex 5.57402 4 -16.6142
      vertex 5.43542 1.5 -16.5646
      vertex 5.43542 4 -16.5646
    endloop
  endfacet
  facet normal -0.243191 0 -0.969978
    outer loop
      vertex 5.29263 1.5 -16.5288
      vertex 5.43542 4 -16.5646
      vertex 5.43542 1.5 -16.5646
    endloop
  endfacet
  facet normal -0.243191 0 -0.969978
    outer loop
      vertex 5.43542 4 -16.5646
      vertex 5.29263 1.5 -16.5288
      vertex 5.29263 4 -16.5288
    endloop
  endfacet
  facet normal -0.146736 0 -0.989176
    outer loop
      vertex 5.14702 1.5 -16.5072
      vertex 5.29263 4 -16.5288
      vertex 5.29263 1.5 -16.5288
    endloop
  endfacet
  facet normal -0.146736 0 -0.989176
    outer loop
      vertex 5.29263 4 -16.5288
      vertex 5.14702 1.5 -16.5072
      vertex 5.14702 4 -16.5072
    endloop
  endfacet
  facet normal -0.0489143 0 -0.998803
    outer loop
      vertex 5 1.5 -16.5
      vertex 5.14702 4 -16.5072
      vertex 5.14702 1.5 -16.5072
    endloop
  endfacet
  facet normal -0.0489143 0 -0.998803
    outer loop
      vertex 5.14702 4 -16.5072
      vertex 5 1.5 -16.5
      vertex 5 4 -16.5
    endloop
  endfacet
  facet normal 0.048911 0 -0.998803
    outer loop
      vertex 4.85297 1.5 -16.5072
      vertex 5 4 -16.5
      vertex 5 1.5 -16.5
    endloop
  endfacet
  facet normal 0.048911 0 -0.998803
    outer loop
      vertex 5 4 -16.5
      vertex 4.85297 1.5 -16.5072
      vertex 4.85297 4 -16.5072
    endloop
  endfacet
  facet normal 0.146726 0 -0.989177
    outer loop
      vertex 4.70735 1.5 -16.5288
      vertex 4.85297 4 -16.5072
      vertex 4.85297 1.5 -16.5072
    endloop
  endfacet
  facet normal 0.146726 0 -0.989177
    outer loop
      vertex 4.85297 4 -16.5072
      vertex 4.70735 1.5 -16.5288
      vertex 4.70735 4 -16.5288
    endloop
  endfacet
  facet normal 0.243191 0 -0.969978
    outer loop
      vertex 4.56456 1.5 -16.5646
      vertex 4.70735 4 -16.5288
      vertex 4.70735 1.5 -16.5288
    endloop
  endfacet
  facet normal 0.243191 0 -0.969978
    outer loop
      vertex 4.70735 4 -16.5288
      vertex 4.56456 1.5 -16.5646
      vertex 4.56456 4 -16.5646
    endloop
  endfacet
  facet normal 0.336939 0 -0.941527
    outer loop
      vertex 4.42596 1.5 -16.6142
      vertex 4.56456 4 -16.5646
      vertex 4.56456 1.5 -16.5646
    endloop
  endfacet
  facet normal 0.336939 0 -0.941527
    outer loop
      vertex 4.56456 4 -16.5646
      vertex 4.42596 1.5 -16.6142
      vertex 4.42596 4 -16.6142
    endloop
  endfacet
  facet normal 0.427347 0 -0.904088
    outer loop
      vertex 4.29289 1.5 -16.6771
      vertex 4.42596 4 -16.6142
      vertex 4.42596 1.5 -16.6142
    endloop
  endfacet
  facet normal 0.427347 0 -0.904088
    outer loop
      vertex 4.42596 4 -16.6142
      vertex 4.29289 1.5 -16.6771
      vertex 4.29289 4 -16.6771
    endloop
  endfacet
  facet normal 0.514246 0 -0.857643
    outer loop
      vertex 4.16664 1.5 -16.7528
      vertex 4.29289 4 -16.6771
      vertex 4.29289 1.5 -16.6771
    endloop
  endfacet
  facet normal 0.514246 0 -0.857643
    outer loop
      vertex 4.29289 4 -16.6771
      vertex 4.16664 1.5 -16.7528
      vertex 4.16664 4 -16.7528
    endloop
  endfacet
  facet normal 0.595731 0 -0.803184
    outer loop
      vertex 4.0484 1.5 -16.8405
      vertex 4.16664 4 -16.7528
      vertex 4.16664 1.5 -16.7528
    endloop
  endfacet
  facet normal 0.595731 0 -0.803184
    outer loop
      vertex 4.16664 4 -16.7528
      vertex 4.0484 1.5 -16.8405
      vertex 4.0484 4 -16.8405
    endloop
  endfacet
  facet normal 0.671353 0 -0.741138
    outer loop
      vertex 3.93933 1.5 -16.9393
      vertex 4.0484 4 -16.8405
      vertex 4.0484 1.5 -16.8405
    endloop
  endfacet
  facet normal 0.671353 0 -0.741138
    outer loop
      vertex 4.0484 4 -16.8405
      vertex 3.93933 1.5 -16.9393
      vertex 3.93933 4 -16.9393
    endloop
  endfacet
  facet normal 0.741027 0 -0.671475
    outer loop
      vertex 3.93933 1.5 -16.9393
      vertex 3.84047 4 -17.0484
      vertex 3.93933 4 -16.9393
    endloop
  endfacet
  facet normal 0.741027 0 -0.671475
    outer loop
      vertex 3.84047 4 -17.0484
      vertex 3.93933 1.5 -16.9393
      vertex 3.84047 1.5 -17.0484
    endloop
  endfacet
  facet normal 0.803153 0 -0.595773
    outer loop
      vertex 3.84047 1.5 -17.0484
      vertex 3.75279 4 -17.1666
      vertex 3.84047 4 -17.0484
    endloop
  endfacet
  facet normal 0.803153 0 -0.595773
    outer loop
      vertex 3.75279 4 -17.1666
      vertex 3.84047 1.5 -17.0484
      vertex 3.75279 1.5 -17.1666
    endloop
  endfacet
  facet normal 0.857792 0 -0.513996
    outer loop
      vertex 3.75279 1.5 -17.1666
      vertex 3.67711 4 -17.2929
      vertex 3.75279 4 -17.1666
    endloop
  endfacet
  facet normal 0.857792 0 -0.513996
    outer loop
      vertex 3.67711 4 -17.2929
      vertex 3.75279 1.5 -17.1666
      vertex 3.67711 1.5 -17.2929
    endloop
  endfacet
  facet normal 0.90402 0 -0.427491
    outer loop
      vertex 3.67711 1.5 -17.2929
      vertex 3.61417 4 -17.426
      vertex 3.67711 4 -17.2929
    endloop
  endfacet
  facet normal 0.90402 0 -0.427491
    outer loop
      vertex 3.61417 4 -17.426
      vertex 3.67711 1.5 -17.2929
      vertex 3.61417 1.5 -17.426
    endloop
  endfacet
  facet normal 0.941548 0 -0.336879
    outer loop
      vertex 3.61417 1.5 -17.426
      vertex 3.56458 4 -17.5646
      vertex 3.61417 4 -17.426
    endloop
  endfacet
  facet normal 0.941548 0 -0.336879
    outer loop
      vertex 3.56458 4 -17.5646
      vertex 3.61417 1.5 -17.426
      vertex 3.56458 1.5 -17.5646
    endloop
  endfacet
  facet normal 0.970031 0 -0.242983
    outer loop
      vertex 3.56458 1.5 -17.5646
      vertex 3.52881 4 -17.7074
      vertex 3.56458 4 -17.5646
    endloop
  endfacet
  facet normal 0.970031 0 -0.242983
    outer loop
      vertex 3.52881 4 -17.7074
      vertex 3.56458 1.5 -17.5646
      vertex 3.52881 1.5 -17.7074
    endloop
  endfacet
  facet normal 0.989184 0 -0.146679
    outer loop
      vertex 3.52881 1.5 -17.7074
      vertex 3.50722 4 -17.853
      vertex 3.52881 4 -17.7074
    endloop
  endfacet
  facet normal 0.989184 0 -0.146679
    outer loop
      vertex 3.50722 4 -17.853
      vertex 3.52881 1.5 -17.7074
      vertex 3.50722 1.5 -17.853
    endloop
  endfacet
  facet normal 0.998796 0 -0.0490565
    outer loop
      vertex 3.50722 1.5 -17.853
      vertex 3.5 4 -18
      vertex 3.50722 4 -17.853
    endloop
  endfacet
  facet normal 0.998796 0 -0.0490565
    outer loop
      vertex 3.5 4 -18
      vertex 3.50722 1.5 -17.853
      vertex 3.5 1.5 -18
    endloop
  endfacet
  facet normal 0.998796 -0 0.0490565
    outer loop
      vertex 3.5 1.5 -18
      vertex 3.50722 4 -18.147
      vertex 3.5 4 -18
    endloop
  endfacet
  facet normal 0.998796 0 0.0490565
    outer loop
      vertex 3.50722 4 -18.147
      vertex 3.5 1.5 -18
      vertex 3.50722 1.5 -18.147
    endloop
  endfacet
  facet normal 0.989184 -0 0.146679
    outer loop
      vertex 3.50722 1.5 -18.147
      vertex 3.52881 4 -18.2926
      vertex 3.50722 4 -18.147
    endloop
  endfacet
  facet normal 0.989184 0 0.146679
    outer loop
      vertex 3.52881 4 -18.2926
      vertex 3.50722 1.5 -18.147
      vertex 3.52881 1.5 -18.2926
    endloop
  endfacet
  facet normal 0.970031 -0 0.242983
    outer loop
      vertex 3.52881 1.5 -18.2926
      vertex 3.56458 4 -18.4354
      vertex 3.52881 4 -18.2926
    endloop
  endfacet
  facet normal 0.970031 0 0.242983
    outer loop
      vertex 3.56458 4 -18.4354
      vertex 3.52881 1.5 -18.2926
      vertex 3.56458 1.5 -18.4354
    endloop
  endfacet
  facet normal 0.941548 -0 0.336879
    outer loop
      vertex 3.56458 1.5 -18.4354
      vertex 3.61417 4 -18.574
      vertex 3.56458 4 -18.4354
    endloop
  endfacet
  facet normal 0.941548 0 0.336879
    outer loop
      vertex 3.61417 4 -18.574
      vertex 3.56458 1.5 -18.4354
      vertex 3.61417 1.5 -18.574
    endloop
  endfacet
  facet normal 0.90402 -0 0.427491
    outer loop
      vertex 3.61417 1.5 -18.574
      vertex 3.67711 4 -18.7071
      vertex 3.61417 4 -18.574
    endloop
  endfacet
  facet normal 0.90402 0 0.427491
    outer loop
      vertex 3.67711 4 -18.7071
      vertex 3.61417 1.5 -18.574
      vertex 3.67711 1.5 -18.7071
    endloop
  endfacet
  facet normal 0.857613 -0 0.514296
    outer loop
      vertex 3.67711 1.5 -18.7071
      vertex 3.75279 4 -18.8333
      vertex 3.67711 4 -18.7071
    endloop
  endfacet
  facet normal 0.857613 0 0.514296
    outer loop
      vertex 3.75279 4 -18.8333
      vertex 3.67711 1.5 -18.7071
      vertex 3.75279 1.5 -18.8333
    endloop
  endfacet
  facet normal 0.803394 -0 0.595448
    outer loop
      vertex 3.75279 1.5 -18.8333
      vertex 3.84047 4 -18.9516
      vertex 3.75279 4 -18.8333
    endloop
  endfacet
  facet normal 0.803394 0 0.595448
    outer loop
      vertex 3.84047 4 -18.9516
      vertex 3.75279 1.5 -18.8333
      vertex 3.84047 1.5 -18.9516
    endloop
  endfacet
  facet normal 0.741027 -0 0.671475
    outer loop
      vertex 3.84047 1.5 -18.9516
      vertex 3.93933 4 -19.0607
      vertex 3.84047 4 -18.9516
    endloop
  endfacet
  facet normal 0.741027 0 0.671475
    outer loop
      vertex 3.93933 4 -19.0607
      vertex 3.84047 1.5 -18.9516
      vertex 3.93933 1.5 -19.0607
    endloop
  endfacet
  facet normal 0.671353 0 0.741138
    outer loop
      vertex 3.93933 4 -19.0607
      vertex 4.0484 1.5 -19.1595
      vertex 4.0484 4 -19.1595
    endloop
  endfacet
  facet normal 0.671353 0 0.741138
    outer loop
      vertex 4.0484 1.5 -19.1595
      vertex 3.93933 4 -19.0607
      vertex 3.93933 1.5 -19.0607
    endloop
  endfacet
  facet normal 0.595731 0 0.803184
    outer loop
      vertex 4.0484 4 -19.1595
      vertex 4.16664 1.5 -19.2472
      vertex 4.16664 4 -19.2472
    endloop
  endfacet
  facet normal 0.595731 0 0.803184
    outer loop
      vertex 4.16664 1.5 -19.2472
      vertex 4.0484 4 -19.1595
      vertex 4.0484 1.5 -19.1595
    endloop
  endfacet
  facet normal 0.514246 0 0.857643
    outer loop
      vertex 4.16664 4 -19.2472
      vertex 4.29289 1.5 -19.3229
      vertex 4.29289 4 -19.3229
    endloop
  endfacet
  facet normal 0.514246 0 0.857643
    outer loop
      vertex 4.29289 1.5 -19.3229
      vertex 4.16664 4 -19.2472
      vertex 4.16664 1.5 -19.2472
    endloop
  endfacet
  facet normal 0.427347 0 0.904088
    outer loop
      vertex 4.29289 4 -19.3229
      vertex 4.42596 1.5 -19.3858
      vertex 4.42596 4 -19.3858
    endloop
  endfacet
  facet normal 0.427347 0 0.904088
    outer loop
      vertex 4.42596 1.5 -19.3858
      vertex 4.29289 4 -19.3229
      vertex 4.29289 1.5 -19.3229
    endloop
  endfacet
  facet normal 0.336939 0 0.941527
    outer loop
      vertex 4.42596 4 -19.3858
      vertex 4.56456 1.5 -19.4354
      vertex 4.56456 4 -19.4354
    endloop
  endfacet
  facet normal 0.336939 0 0.941527
    outer loop
      vertex 4.56456 1.5 -19.4354
      vertex 4.42596 4 -19.3858
      vertex 4.42596 1.5 -19.3858
    endloop
  endfacet
  facet normal 0.243191 0 0.969978
    outer loop
      vertex 4.56456 4 -19.4354
      vertex 4.70735 1.5 -19.4712
      vertex 4.70735 4 -19.4712
    endloop
  endfacet
  facet normal 0.243191 0 0.969978
    outer loop
      vertex 4.70735 1.5 -19.4712
      vertex 4.56456 4 -19.4354
      vertex 4.56456 1.5 -19.4354
    endloop
  endfacet
  facet normal 0.146726 0 0.989177
    outer loop
      vertex 4.70735 4 -19.4712
      vertex 4.85297 1.5 -19.4928
      vertex 4.85297 4 -19.4928
    endloop
  endfacet
  facet normal 0.146726 0 0.989177
    outer loop
      vertex 4.85297 1.5 -19.4928
      vertex 4.70735 4 -19.4712
      vertex 4.70735 1.5 -19.4712
    endloop
  endfacet
  facet normal 0.048911 0 0.998803
    outer loop
      vertex 4.85297 4 -19.4928
      vertex 5 1.5 -19.5
      vertex 5 4 -19.5
    endloop
  endfacet
  facet normal 0.048911 0 0.998803
    outer loop
      vertex 5 1.5 -19.5
      vertex 4.85297 4 -19.4928
      vertex 4.85297 1.5 -19.4928
    endloop
  endfacet
  facet normal -0.0489143 0 0.998803
    outer loop
      vertex 5 4 -19.5
      vertex 5.14702 1.5 -19.4928
      vertex 5.14702 4 -19.4928
    endloop
  endfacet
  facet normal -0.0489143 0 0.998803
    outer loop
      vertex 5.14702 1.5 -19.4928
      vertex 5 4 -19.5
      vertex 5 1.5 -19.5
    endloop
  endfacet
  facet normal -0.146726 0 0.989177
    outer loop
      vertex -4.85297 4 -29.4928
      vertex -4.70735 1.5 -29.4712
      vertex -4.70735 4 -29.4712
    endloop
  endfacet
  facet normal -0.146726 0 0.989177
    outer loop
      vertex -4.70735 1.5 -29.4712
      vertex -4.85297 4 -29.4928
      vertex -4.85297 1.5 -29.4928
    endloop
  endfacet
  facet normal -0.243191 0 0.969978
    outer loop
      vertex -4.70735 4 -29.4712
      vertex -4.56456 1.5 -29.4354
      vertex -4.56456 4 -29.4354
    endloop
  endfacet
  facet normal -0.243191 0 0.969978
    outer loop
      vertex -4.56456 1.5 -29.4354
      vertex -4.70735 4 -29.4712
      vertex -4.70735 1.5 -29.4712
    endloop
  endfacet
  facet normal -0.336939 0 0.941527
    outer loop
      vertex -4.56456 4 -29.4354
      vertex -4.42596 1.5 -29.3858
      vertex -4.42596 4 -29.3858
    endloop
  endfacet
  facet normal -0.336939 0 0.941527
    outer loop
      vertex -4.42596 1.5 -29.3858
      vertex -4.56456 4 -29.4354
      vertex -4.56456 1.5 -29.4354
    endloop
  endfacet
  facet normal -0.427347 0 0.904088
    outer loop
      vertex -4.42596 4 -29.3858
      vertex -4.29289 1.5 -29.3229
      vertex -4.29289 4 -29.3229
    endloop
  endfacet
  facet normal -0.427347 0 0.904088
    outer loop
      vertex -4.29289 1.5 -29.3229
      vertex -4.42596 4 -29.3858
      vertex -4.42596 1.5 -29.3858
    endloop
  endfacet
  facet normal -0.514246 0 0.857643
    outer loop
      vertex -4.29289 4 -29.3229
      vertex -4.16664 1.5 -29.2472
      vertex -4.16664 4 -29.2472
    endloop
  endfacet
  facet normal -0.514246 0 0.857643
    outer loop
      vertex -4.16664 1.5 -29.2472
      vertex -4.29289 4 -29.3229
      vertex -4.29289 1.5 -29.3229
    endloop
  endfacet
  facet normal -0.595731 0 0.803184
    outer loop
      vertex -4.16664 4 -29.2472
      vertex -4.0484 1.5 -29.1595
      vertex -4.0484 4 -29.1595
    endloop
  endfacet
  facet normal -0.595731 0 0.803184
    outer loop
      vertex -4.0484 1.5 -29.1595
      vertex -4.16664 4 -29.2472
      vertex -4.16664 1.5 -29.2472
    endloop
  endfacet
  facet normal -0.671353 0 0.741138
    outer loop
      vertex -4.0484 4 -29.1595
      vertex -3.93933 1.5 -29.0607
      vertex -3.93933 4 -29.0607
    endloop
  endfacet
  facet normal -0.671353 0 0.741138
    outer loop
      vertex -3.93933 1.5 -29.0607
      vertex -4.0484 4 -29.1595
      vertex -4.0484 1.5 -29.1595
    endloop
  endfacet
  facet normal -0.741027 0 0.671475
    outer loop
      vertex -3.93933 1.5 -29.0607
      vertex -3.84047 4 -28.9516
      vertex -3.93933 4 -29.0607
    endloop
  endfacet
  facet normal -0.741027 0 0.671475
    outer loop
      vertex -3.84047 4 -28.9516
      vertex -3.93933 1.5 -29.0607
      vertex -3.84047 1.5 -28.9516
    endloop
  endfacet
  facet normal -0.803394 0 0.595448
    outer loop
      vertex -3.84047 1.5 -28.9516
      vertex -3.75279 4 -28.8333
      vertex -3.84047 4 -28.9516
    endloop
  endfacet
  facet normal -0.803394 0 0.595448
    outer loop
      vertex -3.75279 4 -28.8333
      vertex -3.84047 1.5 -28.9516
      vertex -3.75279 1.5 -28.8333
    endloop
  endfacet
  facet normal -0.857613 0 0.514296
    outer loop
      vertex -3.75279 1.5 -28.8333
      vertex -3.67711 4 -28.7071
      vertex -3.75279 4 -28.8333
    endloop
  endfacet
  facet normal -0.857613 0 0.514296
    outer loop
      vertex -3.67711 4 -28.7071
      vertex -3.75279 1.5 -28.8333
      vertex -3.67711 1.5 -28.7071
    endloop
  endfacet
  facet normal -0.90402 0 0.427491
    outer loop
      vertex -3.67711 1.5 -28.7071
      vertex -3.61417 4 -28.574
      vertex -3.67711 4 -28.7071
    endloop
  endfacet
  facet normal -0.90402 0 0.427491
    outer loop
      vertex -3.61417 4 -28.574
      vertex -3.67711 1.5 -28.7071
      vertex -3.61417 1.5 -28.574
    endloop
  endfacet
  facet normal -0.941548 0 0.336879
    outer loop
      vertex -3.61417 1.5 -28.574
      vertex -3.56458 4 -28.4354
      vertex -3.61417 4 -28.574
    endloop
  endfacet
  facet normal -0.941548 0 0.336879
    outer loop
      vertex -3.56458 4 -28.4354
      vertex -3.61417 1.5 -28.574
      vertex -3.56458 1.5 -28.4354
    endloop
  endfacet
  facet normal -0.970031 0 0.242983
    outer loop
      vertex -3.56458 1.5 -28.4354
      vertex -3.52881 4 -28.2926
      vertex -3.56458 4 -28.4354
    endloop
  endfacet
  facet normal -0.970031 0 0.242983
    outer loop
      vertex -3.52881 4 -28.2926
      vertex -3.56458 1.5 -28.4354
      vertex -3.52881 1.5 -28.2926
    endloop
  endfacet
  facet normal -0.989184 0 0.146679
    outer loop
      vertex -3.52881 1.5 -28.2926
      vertex -3.50722 4 -28.147
      vertex -3.52881 4 -28.2926
    endloop
  endfacet
  facet normal -0.989184 0 0.146679
    outer loop
      vertex -3.50722 4 -28.147
      vertex -3.52881 1.5 -28.2926
      vertex -3.50722 1.5 -28.147
    endloop
  endfacet
  facet normal -0.998796 0 0.0490565
    outer loop
      vertex -3.50722 1.5 -28.147
      vertex -3.5 4 -28
      vertex -3.50722 4 -28.147
    endloop
  endfacet
  facet normal -0.998796 0 0.0490565
    outer loop
      vertex -3.5 4 -28
      vertex -3.50722 1.5 -28.147
      vertex -3.5 1.5 -28
    endloop
  endfacet
  facet normal -0.998796 0 -0.0490565
    outer loop
      vertex -3.5 1.5 -28
      vertex -3.50722 4 -27.853
      vertex -3.5 4 -28
    endloop
  endfacet
  facet normal -0.998796 -0 -0.0490565
    outer loop
      vertex -3.50722 4 -27.853
      vertex -3.5 1.5 -28
      vertex -3.50722 1.5 -27.853
    endloop
  endfacet
  facet normal -0.989184 0 -0.146679
    outer loop
      vertex -3.50722 1.5 -27.853
      vertex -3.52881 4 -27.7074
      vertex -3.50722 4 -27.853
    endloop
  endfacet
  facet normal -0.989184 -0 -0.146679
    outer loop
      vertex -3.52881 4 -27.7074
      vertex -3.50722 1.5 -27.853
      vertex -3.52881 1.5 -27.7074
    endloop
  endfacet
  facet normal -0.970031 0 -0.242983
    outer loop
      vertex -3.52881 1.5 -27.7074
      vertex -3.56458 4 -27.5646
      vertex -3.52881 4 -27.7074
    endloop
  endfacet
  facet normal -0.970031 -0 -0.242983
    outer loop
      vertex -3.56458 4 -27.5646
      vertex -3.52881 1.5 -27.7074
      vertex -3.56458 1.5 -27.5646
    endloop
  endfacet
  facet normal -0.941548 0 -0.336879
    outer loop
      vertex -3.56458 1.5 -27.5646
      vertex -3.61417 4 -27.426
      vertex -3.56458 4 -27.5646
    endloop
  endfacet
  facet normal -0.941548 -0 -0.336879
    outer loop
      vertex -3.61417 4 -27.426
      vertex -3.56458 1.5 -27.5646
      vertex -3.61417 1.5 -27.426
    endloop
  endfacet
  facet normal -0.90402 0 -0.427491
    outer loop
      vertex -3.61417 1.5 -27.426
      vertex -3.67711 4 -27.2929
      vertex -3.61417 4 -27.426
    endloop
  endfacet
  facet normal -0.90402 -0 -0.427491
    outer loop
      vertex -3.67711 4 -27.2929
      vertex -3.61417 1.5 -27.426
      vertex -3.67711 1.5 -27.2929
    endloop
  endfacet
  facet normal -0.857792 0 -0.513996
    outer loop
      vertex -3.67711 1.5 -27.2929
      vertex -3.75279 4 -27.1666
      vertex -3.67711 4 -27.2929
    endloop
  endfacet
  facet normal -0.857792 -0 -0.513996
    outer loop
      vertex -3.75279 4 -27.1666
      vertex -3.67711 1.5 -27.2929
      vertex -3.75279 1.5 -27.1666
    endloop
  endfacet
  facet normal -0.803153 0 -0.595773
    outer loop
      vertex -3.75279 1.5 -27.1666
      vertex -3.84047 4 -27.0484
      vertex -3.75279 4 -27.1666
    endloop
  endfacet
  facet normal -0.803153 -0 -0.595773
    outer loop
      vertex -3.84047 4 -27.0484
      vertex -3.75279 1.5 -27.1666
      vertex -3.84047 1.5 -27.0484
    endloop
  endfacet
  facet normal -0.741027 0 -0.671475
    outer loop
      vertex -3.84047 1.5 -27.0484
      vertex -3.93933 4 -26.9393
      vertex -3.84047 4 -27.0484
    endloop
  endfacet
  facet normal -0.741027 -0 -0.671475
    outer loop
      vertex -3.93933 4 -26.9393
      vertex -3.84047 1.5 -27.0484
      vertex -3.93933 1.5 -26.9393
    endloop
  endfacet
  facet normal -0.671353 0 -0.741138
    outer loop
      vertex -4.0484 1.5 -26.8405
      vertex -3.93933 4 -26.9393
      vertex -3.93933 1.5 -26.9393
    endloop
  endfacet
  facet normal -0.671353 0 -0.741138
    outer loop
      vertex -3.93933 4 -26.9393
      vertex -4.0484 1.5 -26.8405
      vertex -4.0484 4 -26.8405
    endloop
  endfacet
  facet normal -0.595731 0 -0.803184
    outer loop
      vertex -4.16664 1.5 -26.7528
      vertex -4.0484 4 -26.8405
      vertex -4.0484 1.5 -26.8405
    endloop
  endfacet
  facet normal -0.595731 0 -0.803184
    outer loop
      vertex -4.0484 4 -26.8405
      vertex -4.16664 1.5 -26.7528
      vertex -4.16664 4 -26.7528
    endloop
  endfacet
  facet normal -0.514246 0 -0.857643
    outer loop
      vertex -4.29289 1.5 -26.6771
      vertex -4.16664 4 -26.7528
      vertex -4.16664 1.5 -26.7528
    endloop
  endfacet
  facet normal -0.514246 0 -0.857643
    outer loop
      vertex -4.16664 4 -26.7528
      vertex -4.29289 1.5 -26.6771
      vertex -4.29289 4 -26.6771
    endloop
  endfacet
  facet normal -0.427347 0 -0.904088
    outer loop
      vertex -4.42596 1.5 -26.6142
      vertex -4.29289 4 -26.6771
      vertex -4.29289 1.5 -26.6771
    endloop
  endfacet
  facet normal -0.427347 0 -0.904088
    outer loop
      vertex -4.29289 4 -26.6771
      vertex -4.42596 1.5 -26.6142
      vertex -4.42596 4 -26.6142
    endloop
  endfacet
  facet normal -0.336939 0 -0.941527
    outer loop
      vertex -4.56456 1.5 -26.5646
      vertex -4.42596 4 -26.6142
      vertex -4.42596 1.5 -26.6142
    endloop
  endfacet
  facet normal -0.336939 0 -0.941527
    outer loop
      vertex -4.42596 4 -26.6142
      vertex -4.56456 1.5 -26.5646
      vertex -4.56456 4 -26.5646
    endloop
  endfacet
  facet normal -0.243191 0 -0.969978
    outer loop
      vertex -4.70735 1.5 -26.5288
      vertex -4.56456 4 -26.5646
      vertex -4.56456 1.5 -26.5646
    endloop
  endfacet
  facet normal -0.243191 0 -0.969978
    outer loop
      vertex -4.56456 4 -26.5646
      vertex -4.70735 1.5 -26.5288
      vertex -4.70735 4 -26.5288
    endloop
  endfacet
  facet normal -0.146726 0 -0.989177
    outer loop
      vertex -4.85297 1.5 -26.5072
      vertex -4.70735 4 -26.5288
      vertex -4.70735 1.5 -26.5288
    endloop
  endfacet
  facet normal -0.146726 0 -0.989177
    outer loop
      vertex -4.70735 4 -26.5288
      vertex -4.85297 1.5 -26.5072
      vertex -4.85297 4 -26.5072
    endloop
  endfacet
  facet normal -0.048911 0 -0.998803
    outer loop
      vertex -5 1.5 -26.5
      vertex -4.85297 4 -26.5072
      vertex -4.85297 1.5 -26.5072
    endloop
  endfacet
  facet normal -0.048911 0 -0.998803
    outer loop
      vertex -4.85297 4 -26.5072
      vertex -5 1.5 -26.5
      vertex -5 4 -26.5
    endloop
  endfacet
  facet normal 0.0489143 0 -0.998803
    outer loop
      vertex -5.14702 1.5 -26.5072
      vertex -5 4 -26.5
      vertex -5 1.5 -26.5
    endloop
  endfacet
  facet normal 0.0489143 0 -0.998803
    outer loop
      vertex -5 4 -26.5
      vertex -5.14702 1.5 -26.5072
      vertex -5.14702 4 -26.5072
    endloop
  endfacet
  facet normal 0.146736 0 -0.989176
    outer loop
      vertex -5.29263 1.5 -26.5288
      vertex -5.14702 4 -26.5072
      vertex -5.14702 1.5 -26.5072
    endloop
  endfacet
  facet normal 0.146736 0 -0.989176
    outer loop
      vertex -5.14702 4 -26.5072
      vertex -5.29263 1.5 -26.5288
      vertex -5.29263 4 -26.5288
    endloop
  endfacet
  facet normal 0.243191 0 -0.969978
    outer loop
      vertex -5.43542 1.5 -26.5646
      vertex -5.29263 4 -26.5288
      vertex -5.29263 1.5 -26.5288
    endloop
  endfacet
  facet normal 0.243191 0 -0.969978
    outer loop
      vertex -5.29263 4 -26.5288
      vertex -5.43542 1.5 -26.5646
      vertex -5.43542 4 -26.5646
    endloop
  endfacet
  facet normal 0.336939 0 -0.941527
    outer loop
      vertex -5.57402 1.5 -26.6142
      vertex -5.43542 4 -26.5646
      vertex -5.43542 1.5 -26.5646
    endloop
  endfacet
  facet normal 0.336939 0 -0.941527
    outer loop
      vertex -5.43542 4 -26.5646
      vertex -5.57402 1.5 -26.6142
      vertex -5.57402 4 -26.6142
    endloop
  endfacet
  facet normal 0.427347 0 -0.904088
    outer loop
      vertex -5.70709 1.5 -26.6771
      vertex -5.57402 4 -26.6142
      vertex -5.57402 1.5 -26.6142
    endloop
  endfacet
  facet normal 0.427347 0 -0.904088
    outer loop
      vertex -5.57402 4 -26.6142
      vertex -5.70709 1.5 -26.6771
      vertex -5.70709 4 -26.6771
    endloop
  endfacet
  facet normal 0.514246 0 -0.857643
    outer loop
      vertex -5.83334 1.5 -26.7528
      vertex -5.70709 4 -26.6771
      vertex -5.70709 1.5 -26.6771
    endloop
  endfacet
  facet normal 0.514246 0 -0.857643
    outer loop
      vertex -5.70709 4 -26.6771
      vertex -5.83334 1.5 -26.7528
      vertex -5.83334 4 -26.7528
    endloop
  endfacet
  facet normal 0.595731 0 -0.803184
    outer loop
      vertex -5.95158 1.5 -26.8405
      vertex -5.83334 4 -26.7528
      vertex -5.83334 1.5 -26.7528
    endloop
  endfacet
  facet normal 0.595731 0 -0.803184
    outer loop
      vertex -5.83334 4 -26.7528
      vertex -5.95158 1.5 -26.8405
      vertex -5.95158 4 -26.8405
    endloop
  endfacet
  facet normal 0.671353 0 -0.741138
    outer loop
      vertex -6.06065 1.5 -26.9393
      vertex -5.95158 4 -26.8405
      vertex -5.95158 1.5 -26.8405
    endloop
  endfacet
  facet normal 0.671353 0 -0.741138
    outer loop
      vertex -5.95158 4 -26.8405
      vertex -6.06065 1.5 -26.9393
      vertex -6.06065 4 -26.9393
    endloop
  endfacet
  facet normal 0.740993 0 -0.671512
    outer loop
      vertex -6.06065 1.5 -26.9393
      vertex -6.15952 4 -27.0484
      vertex -6.06065 4 -26.9393
    endloop
  endfacet
  facet normal 0.740993 0 -0.671512
    outer loop
      vertex -6.15952 4 -27.0484
      vertex -6.06065 1.5 -26.9393
      vertex -6.15952 1.5 -27.0484
    endloop
  endfacet
  facet normal 0.803185 0 -0.59573
    outer loop
      vertex -6.15952 1.5 -27.0484
      vertex -6.24719 4 -27.1666
      vertex -6.15952 4 -27.0484
    endloop
  endfacet
  facet normal 0.803185 0 -0.59573
    outer loop
      vertex -6.24719 4 -27.1666
      vertex -6.15952 1.5 -27.0484
      vertex -6.24719 1.5 -27.1666
    endloop
  endfacet
  facet normal 0.857762 0 -0.514046
    outer loop
      vertex -6.24719 1.5 -27.1666
      vertex -6.32288 4 -27.2929
      vertex -6.24719 4 -27.1666
    endloop
  endfacet
  facet normal 0.857762 0 -0.514046
    outer loop
      vertex -6.32288 4 -27.2929
      vertex -6.24719 1.5 -27.1666
      vertex -6.32288 1.5 -27.2929
    endloop
  endfacet
  facet normal 0.90402 0 -0.427491
    outer loop
      vertex -6.32288 1.5 -27.2929
      vertex -6.38582 4 -27.426
      vertex -6.32288 4 -27.2929
    endloop
  endfacet
  facet normal 0.90402 0 -0.427491
    outer loop
      vertex -6.38582 4 -27.426
      vertex -6.32288 1.5 -27.2929
      vertex -6.38582 1.5 -27.426
    endloop
  endfacet
  facet normal 0.941548 0 -0.336879
    outer loop
      vertex -6.38582 1.5 -27.426
      vertex -6.43541 4 -27.5646
      vertex -6.38582 4 -27.426
    endloop
  endfacet
  facet normal 0.941548 0 -0.336879
    outer loop
      vertex -6.43541 4 -27.5646
      vertex -6.38582 1.5 -27.426
      vertex -6.43541 1.5 -27.5646
    endloop
  endfacet
  facet normal 0.970031 0 -0.242983
    outer loop
      vertex -6.43541 1.5 -27.5646
      vertex -6.47118 4 -27.7074
      vertex -6.43541 4 -27.5646
    endloop
  endfacet
  facet normal 0.970031 0 -0.242983
    outer loop
      vertex -6.47118 4 -27.7074
      vertex -6.43541 1.5 -27.5646
      vertex -6.47118 1.5 -27.7074
    endloop
  endfacet
  facet normal 0.989184 0 -0.146679
    outer loop
      vertex -6.47118 1.5 -27.7074
      vertex -6.49277 4 -27.853
      vertex -6.47118 4 -27.7074
    endloop
  endfacet
  facet normal 0.989184 0 -0.146679
    outer loop
      vertex -6.49277 4 -27.853
      vertex -6.47118 1.5 -27.7074
      vertex -6.49277 1.5 -27.853
    endloop
  endfacet
  facet normal 0.998793 0 -0.0491243
    outer loop
      vertex -6.49277 1.5 -27.853
      vertex -6.5 4 -28
      vertex -6.49277 4 -27.853
    endloop
  endfacet
  facet normal 0.998793 0 -0.0491243
    outer loop
      vertex -6.5 4 -28
      vertex -6.49277 1.5 -27.853
      vertex -6.5 1.5 -28
    endloop
  endfacet
  facet normal 0.998793 -0 0.0491243
    outer loop
      vertex -6.5 1.5 -28
      vertex -6.49277 4 -28.147
      vertex -6.5 4 -28
    endloop
  endfacet
  facet normal 0.998793 0 0.0491243
    outer loop
      vertex -6.49277 4 -28.147
      vertex -6.5 1.5 -28
      vertex -6.49277 1.5 -28.147
    endloop
  endfacet
  facet normal 0.989184 -0 0.146679
    outer loop
      vertex -6.49277 1.5 -28.147
      vertex -6.47118 4 -28.2926
      vertex -6.49277 4 -28.147
    endloop
  endfacet
  facet normal 0.989184 0 0.146679
    outer loop
      vertex -6.47118 4 -28.2926
      vertex -6.49277 1.5 -28.147
      vertex -6.47118 1.5 -28.2926
    endloop
  endfacet
  facet normal 0.970031 -0 0.242983
    outer loop
      vertex -6.47118 1.5 -28.2926
      vertex -6.43541 4 -28.4354
      vertex -6.47118 4 -28.2926
    endloop
  endfacet
  facet normal 0.970031 0 0.242983
    outer loop
      vertex -6.43541 4 -28.4354
      vertex -6.47118 1.5 -28.2926
      vertex -6.43541 1.5 -28.4354
    endloop
  endfacet
  facet normal 0.941548 -0 0.336879
    outer loop
      vertex -6.43541 1.5 -28.4354
      vertex -6.38582 4 -28.574
      vertex -6.43541 4 -28.4354
    endloop
  endfacet
  facet normal 0.941548 0 0.336879
    outer loop
      vertex -6.38582 4 -28.574
      vertex -6.43541 1.5 -28.4354
      vertex -6.38582 1.5 -28.574
    endloop
  endfacet
  facet normal 0.90402 -0 0.427491
    outer loop
      vertex -6.38582 1.5 -28.574
      vertex -6.32288 4 -28.7071
      vertex -6.38582 4 -28.574
    endloop
  endfacet
  facet normal 0.90402 0 0.427491
    outer loop
      vertex -6.32288 4 -28.7071
      vertex -6.38582 1.5 -28.574
      vertex -6.32288 1.5 -28.7071
    endloop
  endfacet
  facet normal 0.857583 -0 0.514346
    outer loop
      vertex -6.32288 1.5 -28.7071
      vertex -6.24719 4 -28.8333
      vertex -6.32288 4 -28.7071
    endloop
  endfacet
  facet normal 0.857583 0 0.514346
    outer loop
      vertex -6.24719 4 -28.8333
      vertex -6.32288 1.5 -28.7071
      vertex -6.24719 1.5 -28.8333
    endloop
  endfacet
  facet normal 0.803426 -0 0.595405
    outer loop
      vertex -6.24719 1.5 -28.8333
      vertex -6.15952 4 -28.9516
      vertex -6.24719 4 -28.8333
    endloop
  endfacet
  facet normal 0.803426 0 0.595405
    outer loop
      vertex -6.15952 4 -28.9516
      vertex -6.24719 1.5 -28.8333
      vertex -6.15952 1.5 -28.9516
    endloop
  endfacet
  facet normal 0.740993 -0 0.671512
    outer loop
      vertex -6.15952 1.5 -28.9516
      vertex -6.06065 4 -29.0607
      vertex -6.15952 4 -28.9516
    endloop
  endfacet
  facet normal 0.740993 0 0.671512
    outer loop
      vertex -6.06065 4 -29.0607
      vertex -6.15952 1.5 -28.9516
      vertex -6.06065 1.5 -29.0607
    endloop
  endfacet
  facet normal 0.671353 0 0.741138
    outer loop
      vertex -6.06065 4 -29.0607
      vertex -5.95158 1.5 -29.1595
      vertex -5.95158 4 -29.1595
    endloop
  endfacet
  facet normal 0.671353 0 0.741138
    outer loop
      vertex -5.95158 1.5 -29.1595
      vertex -6.06065 4 -29.0607
      vertex -6.06065 1.5 -29.0607
    endloop
  endfacet
  facet normal 0.595731 0 0.803184
    outer loop
      vertex -5.95158 4 -29.1595
      vertex -5.83334 1.5 -29.2472
      vertex -5.83334 4 -29.2472
    endloop
  endfacet
  facet normal 0.595731 0 0.803184
    outer loop
      vertex -5.83334 1.5 -29.2472
      vertex -5.95158 4 -29.1595
      vertex -5.95158 1.5 -29.1595
    endloop
  endfacet
  facet normal 0.514246 0 0.857643
    outer loop
      vertex -5.83334 4 -29.2472
      vertex -5.70709 1.5 -29.3229
      vertex -5.70709 4 -29.3229
    endloop
  endfacet
  facet normal 0.514246 0 0.857643
    outer loop
      vertex -5.70709 1.5 -29.3229
      vertex -5.83334 4 -29.2472
      vertex -5.83334 1.5 -29.2472
    endloop
  endfacet
  facet normal 0.427347 0 0.904088
    outer loop
      vertex -5.70709 4 -29.3229
      vertex -5.57402 1.5 -29.3858
      vertex -5.57402 4 -29.3858
    endloop
  endfacet
  facet normal 0.427347 0 0.904088
    outer loop
      vertex -5.57402 1.5 -29.3858
      vertex -5.70709 4 -29.3229
      vertex -5.70709 1.5 -29.3229
    endloop
  endfacet
  facet normal 0.336939 0 0.941527
    outer loop
      vertex -5.57402 4 -29.3858
      vertex -5.43542 1.5 -29.4354
      vertex -5.43542 4 -29.4354
    endloop
  endfacet
  facet normal 0.336939 0 0.941527
    outer loop
      vertex -5.43542 1.5 -29.4354
      vertex -5.57402 4 -29.3858
      vertex -5.57402 1.5 -29.3858
    endloop
  endfacet
  facet normal 0.243191 0 0.969978
    outer loop
      vertex -5.43542 4 -29.4354
      vertex -5.29263 1.5 -29.4712
      vertex -5.29263 4 -29.4712
    endloop
  endfacet
  facet normal 0.243191 0 0.969978
    outer loop
      vertex -5.29263 1.5 -29.4712
      vertex -5.43542 4 -29.4354
      vertex -5.43542 1.5 -29.4354
    endloop
  endfacet
  facet normal 0.146736 0 0.989176
    outer loop
      vertex -5.29263 4 -29.4712
      vertex -5.14702 1.5 -29.4928
      vertex -5.14702 4 -29.4928
    endloop
  endfacet
  facet normal 0.146736 0 0.989176
    outer loop
      vertex -5.14702 1.5 -29.4928
      vertex -5.29263 4 -29.4712
      vertex -5.29263 1.5 -29.4712
    endloop
  endfacet
  facet normal 0.0489143 0 0.998803
    outer loop
      vertex -5.14702 4 -29.4928
      vertex -5 1.5 -29.5
      vertex -5 4 -29.5
    endloop
  endfacet
  facet normal 0.0489143 0 0.998803
    outer loop
      vertex -5 1.5 -29.5
      vertex -5.14702 4 -29.4928
      vertex -5.14702 1.5 -29.4928
    endloop
  endfacet
  facet normal -0.048911 0 0.998803
    outer loop
      vertex -5 4 -29.5
      vertex -4.85297 1.5 -29.4928
      vertex -4.85297 4 -29.4928
    endloop
  endfacet
  facet normal -0.048911 0 0.998803
    outer loop
      vertex -4.85297 1.5 -29.4928
      vertex -5 4 -29.5
      vertex -5 1.5 -29.5
    endloop
  endfacet
  facet normal -0.146736 0 0.989176
    outer loop
      vertex 5.14702 4 -29.4928
      vertex 5.29263 1.5 -29.4712
      vertex 5.29263 4 -29.4712
    endloop
  endfacet
  facet normal -0.146736 0 0.989176
    outer loop
      vertex 5.29263 1.5 -29.4712
      vertex 5.14702 4 -29.4928
      vertex 5.14702 1.5 -29.4928
    endloop
  endfacet
  facet normal -0.243191 0 0.969978
    outer loop
      vertex 5.29263 4 -29.4712
      vertex 5.43542 1.5 -29.4354
      vertex 5.43542 4 -29.4354
    endloop
  endfacet
  facet normal -0.243191 0 0.969978
    outer loop
      vertex 5.43542 1.5 -29.4354
      vertex 5.29263 4 -29.4712
      vertex 5.29263 1.5 -29.4712
    endloop
  endfacet
  facet normal -0.336939 0 0.941527
    outer loop
      vertex 5.43542 4 -29.4354
      vertex 5.57402 1.5 -29.3858
      vertex 5.57402 4 -29.3858
    endloop
  endfacet
  facet normal -0.336939 0 0.941527
    outer loop
      vertex 5.57402 1.5 -29.3858
      vertex 5.43542 4 -29.4354
      vertex 5.43542 1.5 -29.4354
    endloop
  endfacet
  facet normal -0.427347 0 0.904088
    outer loop
      vertex 5.57402 4 -29.3858
      vertex 5.70709 1.5 -29.3229
      vertex 5.70709 4 -29.3229
    endloop
  endfacet
  facet normal -0.427347 0 0.904088
    outer loop
      vertex 5.70709 1.5 -29.3229
      vertex 5.57402 4 -29.3858
      vertex 5.57402 1.5 -29.3858
    endloop
  endfacet
  facet normal -0.514246 0 0.857643
    outer loop
      vertex 5.70709 4 -29.3229
      vertex 5.83334 1.5 -29.2472
      vertex 5.83334 4 -29.2472
    endloop
  endfacet
  facet normal -0.514246 0 0.857643
    outer loop
      vertex 5.83334 1.5 -29.2472
      vertex 5.70709 4 -29.3229
      vertex 5.70709 1.5 -29.3229
    endloop
  endfacet
  facet normal -0.595731 0 0.803184
    outer loop
      vertex 5.83334 4 -29.2472
      vertex 5.95158 1.5 -29.1595
      vertex 5.95158 4 -29.1595
    endloop
  endfacet
  facet normal -0.595731 0 0.803184
    outer loop
      vertex 5.95158 1.5 -29.1595
      vertex 5.83334 4 -29.2472
      vertex 5.83334 1.5 -29.2472
    endloop
  endfacet
  facet normal -0.671353 0 0.741138
    outer loop
      vertex 5.95158 4 -29.1595
      vertex 6.06065 1.5 -29.0607
      vertex 6.06065 4 -29.0607
    endloop
  endfacet
  facet normal -0.671353 0 0.741138
    outer loop
      vertex 6.06065 1.5 -29.0607
      vertex 5.95158 4 -29.1595
      vertex 5.95158 1.5 -29.1595
    endloop
  endfacet
  facet normal -0.740993 0 0.671512
    outer loop
      vertex 6.06065 1.5 -29.0607
      vertex 6.15952 4 -28.9516
      vertex 6.06065 4 -29.0607
    endloop
  endfacet
  facet normal -0.740993 0 0.671512
    outer loop
      vertex 6.15952 4 -28.9516
      vertex 6.06065 1.5 -29.0607
      vertex 6.15952 1.5 -28.9516
    endloop
  endfacet
  facet normal -0.803426 0 0.595405
    outer loop
      vertex 6.15952 1.5 -28.9516
      vertex 6.24719 4 -28.8333
      vertex 6.15952 4 -28.9516
    endloop
  endfacet
  facet normal -0.803426 0 0.595405
    outer loop
      vertex 6.24719 4 -28.8333
      vertex 6.15952 1.5 -28.9516
      vertex 6.24719 1.5 -28.8333
    endloop
  endfacet
  facet normal -0.857583 0 0.514346
    outer loop
      vertex 6.24719 1.5 -28.8333
      vertex 6.32288 4 -28.7071
      vertex 6.24719 4 -28.8333
    endloop
  endfacet
  facet normal -0.857583 0 0.514346
    outer loop
      vertex 6.32288 4 -28.7071
      vertex 6.24719 1.5 -28.8333
      vertex 6.32288 1.5 -28.7071
    endloop
  endfacet
  facet normal -0.90402 0 0.427491
    outer loop
      vertex 6.32288 1.5 -28.7071
      vertex 6.38582 4 -28.574
      vertex 6.32288 4 -28.7071
    endloop
  endfacet
  facet normal -0.90402 0 0.427491
    outer loop
      vertex 6.38582 4 -28.574
      vertex 6.32288 1.5 -28.7071
      vertex 6.38582 1.5 -28.574
    endloop
  endfacet
  facet normal -0.941548 0 0.336879
    outer loop
      vertex 6.38582 1.5 -28.574
      vertex 6.43541 4 -28.4354
      vertex 6.38582 4 -28.574
    endloop
  endfacet
  facet normal -0.941548 0 0.336879
    outer loop
      vertex 6.43541 4 -28.4354
      vertex 6.38582 1.5 -28.574
      vertex 6.43541 1.5 -28.4354
    endloop
  endfacet
  facet normal -0.970031 0 0.242983
    outer loop
      vertex 6.43541 1.5 -28.4354
      vertex 6.47118 4 -28.2926
      vertex 6.43541 4 -28.4354
    endloop
  endfacet
  facet normal -0.970031 0 0.242983
    outer loop
      vertex 6.47118 4 -28.2926
      vertex 6.43541 1.5 -28.4354
      vertex 6.47118 1.5 -28.2926
    endloop
  endfacet
  facet normal -0.989184 0 0.146679
    outer loop
      vertex 6.47118 1.5 -28.2926
      vertex 6.49277 4 -28.147
      vertex 6.47118 4 -28.2926
    endloop
  endfacet
  facet normal -0.989184 0 0.146679
    outer loop
      vertex 6.49277 4 -28.147
      vertex 6.47118 1.5 -28.2926
      vertex 6.49277 1.5 -28.147
    endloop
  endfacet
  facet normal -0.998793 0 0.0491243
    outer loop
      vertex 6.49277 1.5 -28.147
      vertex 6.5 4 -28
      vertex 6.49277 4 -28.147
    endloop
  endfacet
  facet normal -0.998793 0 0.0491243
    outer loop
      vertex 6.5 4 -28
      vertex 6.49277 1.5 -28.147
      vertex 6.5 1.5 -28
    endloop
  endfacet
  facet normal -0.998793 0 -0.0491243
    outer loop
      vertex 6.5 1.5 -28
      vertex 6.49277 4 -27.853
      vertex 6.5 4 -28
    endloop
  endfacet
  facet normal -0.998793 -0 -0.0491243
    outer loop
      vertex 6.49277 4 -27.853
      vertex 6.5 1.5 -28
      vertex 6.49277 1.5 -27.853
    endloop
  endfacet
  facet normal -0.989184 0 -0.146679
    outer loop
      vertex 6.49277 1.5 -27.853
      vertex 6.47118 4 -27.7074
      vertex 6.49277 4 -27.853
    endloop
  endfacet
  facet normal -0.989184 -0 -0.146679
    outer loop
      vertex 6.47118 4 -27.7074
      vertex 6.49277 1.5 -27.853
      vertex 6.47118 1.5 -27.7074
    endloop
  endfacet
  facet normal -0.970031 0 -0.242983
    outer loop
      vertex 6.47118 1.5 -27.7074
      vertex 6.43541 4 -27.5646
      vertex 6.47118 4 -27.7074
    endloop
  endfacet
  facet normal -0.970031 -0 -0.242983
    outer loop
      vertex 6.43541 4 -27.5646
      vertex 6.47118 1.5 -27.7074
      vertex 6.43541 1.5 -27.5646
    endloop
  endfacet
  facet normal -0.941548 0 -0.336879
    outer loop
      vertex 6.43541 1.5 -27.5646
      vertex 6.38582 4 -27.426
      vertex 6.43541 4 -27.5646
    endloop
  endfacet
  facet normal -0.941548 -0 -0.336879
    outer loop
      vertex 6.38582 4 -27.426
      vertex 6.43541 1.5 -27.5646
      vertex 6.38582 1.5 -27.426
    endloop
  endfacet
  facet normal -0.90402 0 -0.427491
    outer loop
      vertex 6.38582 1.5 -27.426
      vertex 6.32288 4 -27.2929
      vertex 6.38582 4 -27.426
    endloop
  endfacet
  facet normal -0.90402 -0 -0.427491
    outer loop
      vertex 6.32288 4 -27.2929
      vertex 6.38582 1.5 -27.426
      vertex 6.32288 1.5 -27.2929
    endloop
  endfacet
  facet normal -0.857762 0 -0.514046
    outer loop
      vertex 6.32288 1.5 -27.2929
      vertex 6.24719 4 -27.1666
      vertex 6.32288 4 -27.2929
    endloop
  endfacet
  facet normal -0.857762 -0 -0.514046
    outer loop
      vertex 6.24719 4 -27.1666
      vertex 6.32288 1.5 -27.2929
      vertex 6.24719 1.5 -27.1666
    endloop
  endfacet
  facet normal -0.803185 0 -0.59573
    outer loop
      vertex 6.24719 1.5 -27.1666
      vertex 6.15952 4 -27.0484
      vertex 6.24719 4 -27.1666
    endloop
  endfacet
  facet normal -0.803185 -0 -0.59573
    outer loop
      vertex 6.15952 4 -27.0484
      vertex 6.24719 1.5 -27.1666
      vertex 6.15952 1.5 -27.0484
    endloop
  endfacet
  facet normal -0.740993 0 -0.671512
    outer loop
      vertex 6.15952 1.5 -27.0484
      vertex 6.06065 4 -26.9393
      vertex 6.15952 4 -27.0484
    endloop
  endfacet
  facet normal -0.740993 -0 -0.671512
    outer loop
      vertex 6.06065 4 -26.9393
      vertex 6.15952 1.5 -27.0484
      vertex 6.06065 1.5 -26.9393
    endloop
  endfacet
  facet normal -0.671353 0 -0.741138
    outer loop
      vertex 5.95158 1.5 -26.8405
      vertex 6.06065 4 -26.9393
      vertex 6.06065 1.5 -26.9393
    endloop
  endfacet
  facet normal -0.671353 0 -0.741138
    outer loop
      vertex 6.06065 4 -26.9393
      vertex 5.95158 1.5 -26.8405
      vertex 5.95158 4 -26.8405
    endloop
  endfacet
  facet normal -0.595731 0 -0.803184
    outer loop
      vertex 5.83334 1.5 -26.7528
      vertex 5.95158 4 -26.8405
      vertex 5.95158 1.5 -26.8405
    endloop
  endfacet
  facet normal -0.595731 0 -0.803184
    outer loop
      vertex 5.95158 4 -26.8405
      vertex 5.83334 1.5 -26.7528
      vertex 5.83334 4 -26.7528
    endloop
  endfacet
  facet normal -0.514246 0 -0.857643
    outer loop
      vertex 5.70709 1.5 -26.6771
      vertex 5.83334 4 -26.7528
      vertex 5.83334 1.5 -26.7528
    endloop
  endfacet
  facet normal -0.514246 0 -0.857643
    outer loop
      vertex 5.83334 4 -26.7528
      vertex 5.70709 1.5 -26.6771
      vertex 5.70709 4 -26.6771
    endloop
  endfacet
  facet normal -0.427347 0 -0.904088
    outer loop
      vertex 5.57402 1.5 -26.6142
      vertex 5.70709 4 -26.6771
      vertex 5.70709 1.5 -26.6771
    endloop
  endfacet
  facet normal -0.427347 0 -0.904088
    outer loop
      vertex 5.70709 4 -26.6771
      vertex 5.57402 1.5 -26.6142
      vertex 5.57402 4 -26.6142
    endloop
  endfacet
  facet normal -0.336939 0 -0.941527
    outer loop
      vertex 5.43542 1.5 -26.5646
      vertex 5.57402 4 -26.6142
      vertex 5.57402 1.5 -26.6142
    endloop
  endfacet
  facet normal -0.336939 0 -0.941527
    outer loop
      vertex 5.57402 4 -26.6142
      vertex 5.43542 1.5 -26.5646
      vertex 5.43542 4 -26.5646
    endloop
  endfacet
  facet normal -0.243191 0 -0.969978
    outer loop
      vertex 5.29263 1.5 -26.5288
      vertex 5.43542 4 -26.5646
      vertex 5.43542 1.5 -26.5646
    endloop
  endfacet
  facet normal -0.243191 0 -0.969978
    outer loop
      vertex 5.43542 4 -26.5646
      vertex 5.29263 1.5 -26.5288
      vertex 5.29263 4 -26.5288
    endloop
  endfacet
  facet normal -0.146736 0 -0.989176
    outer loop
      vertex 5.14702 1.5 -26.5072
      vertex 5.29263 4 -26.5288
      vertex 5.29263 1.5 -26.5288
    endloop
  endfacet
  facet normal -0.146736 0 -0.989176
    outer loop
      vertex 5.29263 4 -26.5288
      vertex 5.14702 1.5 -26.5072
      vertex 5.14702 4 -26.5072
    endloop
  endfacet
  facet normal -0.0489143 0 -0.998803
    outer loop
      vertex 5 1.5 -26.5
      vertex 5.14702 4 -26.5072
      vertex 5.14702 1.5 -26.5072
    endloop
  endfacet
  facet normal -0.0489143 0 -0.998803
    outer loop
      vertex 5.14702 4 -26.5072
      vertex 5 1.5 -26.5
      vertex 5 4 -26.5
    endloop
  endfacet
  facet normal 0.048911 0 -0.998803
    outer loop
      vertex 4.85297 1.5 -26.5072
      vertex 5 4 -26.5
      vertex 5 1.5 -26.5
    endloop
  endfacet
  facet normal 0.048911 0 -0.998803
    outer loop
      vertex 5 4 -26.5
      vertex 4.85297 1.5 -26.5072
      vertex 4.85297 4 -26.5072
    endloop
  endfacet
  facet normal 0.146726 0 -0.989177
    outer loop
      vertex 4.70735 1.5 -26.5288
      vertex 4.85297 4 -26.5072
      vertex 4.85297 1.5 -26.5072
    endloop
  endfacet
  facet normal 0.146726 0 -0.989177
    outer loop
      vertex 4.85297 4 -26.5072
      vertex 4.70735 1.5 -26.5288
      vertex 4.70735 4 -26.5288
    endloop
  endfacet
  facet normal 0.243191 0 -0.969978
    outer loop
      vertex 4.56456 1.5 -26.5646
      vertex 4.70735 4 -26.5288
      vertex 4.70735 1.5 -26.5288
    endloop
  endfacet
  facet normal 0.243191 0 -0.969978
    outer loop
      vertex 4.70735 4 -26.5288
      vertex 4.56456 1.5 -26.5646
      vertex 4.56456 4 -26.5646
    endloop
  endfacet
  facet normal 0.336939 0 -0.941527
    outer loop
      vertex 4.42596 1.5 -26.6142
      vertex 4.56456 4 -26.5646
      vertex 4.56456 1.5 -26.5646
    endloop
  endfacet
  facet normal 0.336939 0 -0.941527
    outer loop
      vertex 4.56456 4 -26.5646
      vertex 4.42596 1.5 -26.6142
      vertex 4.42596 4 -26.6142
    endloop
  endfacet
  facet normal 0.427347 0 -0.904088
    outer loop
      vertex 4.29289 1.5 -26.6771
      vertex 4.42596 4 -26.6142
      vertex 4.42596 1.5 -26.6142
    endloop
  endfacet
  facet normal 0.427347 0 -0.904088
    outer loop
      vertex 4.42596 4 -26.6142
      vertex 4.29289 1.5 -26.6771
      vertex 4.29289 4 -26.6771
    endloop
  endfacet
  facet normal 0.514246 0 -0.857643
    outer loop
      vertex 4.16664 1.5 -26.7528
      vertex 4.29289 4 -26.6771
      vertex 4.29289 1.5 -26.6771
    endloop
  endfacet
  facet normal 0.514246 0 -0.857643
    outer loop
      vertex 4.29289 4 -26.6771
      vertex 4.16664 1.5 -26.7528
      vertex 4.16664 4 -26.7528
    endloop
  endfacet
  facet normal 0.595731 0 -0.803184
    outer loop
      vertex 4.0484 1.5 -26.8405
      vertex 4.16664 4 -26.7528
      vertex 4.16664 1.5 -26.7528
    endloop
  endfacet
  facet normal 0.595731 0 -0.803184
    outer loop
      vertex 4.16664 4 -26.7528
      vertex 4.0484 1.5 -26.8405
      vertex 4.0484 4 -26.8405
    endloop
  endfacet
  facet normal 0.671353 0 -0.741138
    outer loop
      vertex 3.93933 1.5 -26.9393
      vertex 4.0484 4 -26.8405
      vertex 4.0484 1.5 -26.8405
    endloop
  endfacet
  facet normal 0.671353 0 -0.741138
    outer loop
      vertex 4.0484 4 -26.8405
      vertex 3.93933 1.5 -26.9393
      vertex 3.93933 4 -26.9393
    endloop
  endfacet
  facet normal 0.741027 0 -0.671475
    outer loop
      vertex 3.93933 1.5 -26.9393
      vertex 3.84047 4 -27.0484
      vertex 3.93933 4 -26.9393
    endloop
  endfacet
  facet normal 0.741027 0 -0.671475
    outer loop
      vertex 3.84047 4 -27.0484
      vertex 3.93933 1.5 -26.9393
      vertex 3.84047 1.5 -27.0484
    endloop
  endfacet
  facet normal 0.803153 0 -0.595773
    outer loop
      vertex 3.84047 1.5 -27.0484
      vertex 3.75279 4 -27.1666
      vertex 3.84047 4 -27.0484
    endloop
  endfacet
  facet normal 0.803153 0 -0.595773
    outer loop
      vertex 3.75279 4 -27.1666
      vertex 3.84047 1.5 -27.0484
      vertex 3.75279 1.5 -27.1666
    endloop
  endfacet
  facet normal 0.857792 0 -0.513996
    outer loop
      vertex 3.75279 1.5 -27.1666
      vertex 3.67711 4 -27.2929
      vertex 3.75279 4 -27.1666
    endloop
  endfacet
  facet normal 0.857792 0 -0.513996
    outer loop
      vertex 3.67711 4 -27.2929
      vertex 3.75279 1.5 -27.1666
      vertex 3.67711 1.5 -27.2929
    endloop
  endfacet
  facet normal 0.90402 0 -0.427491
    outer loop
      vertex 3.67711 1.5 -27.2929
      vertex 3.61417 4 -27.426
      vertex 3.67711 4 -27.2929
    endloop
  endfacet
  facet normal 0.90402 0 -0.427491
    outer loop
      vertex 3.61417 4 -27.426
      vertex 3.67711 1.5 -27.2929
      vertex 3.61417 1.5 -27.426
    endloop
  endfacet
  facet normal 0.941548 0 -0.336879
    outer loop
      vertex 3.61417 1.5 -27.426
      vertex 3.56458 4 -27.5646
      vertex 3.61417 4 -27.426
    endloop
  endfacet
  facet normal 0.941548 0 -0.336879
    outer loop
      vertex 3.56458 4 -27.5646
      vertex 3.61417 1.5 -27.426
      vertex 3.56458 1.5 -27.5646
    endloop
  endfacet
  facet normal 0.970031 0 -0.242983
    outer loop
      vertex 3.56458 1.5 -27.5646
      vertex 3.52881 4 -27.7074
      vertex 3.56458 4 -27.5646
    endloop
  endfacet
  facet normal 0.970031 0 -0.242983
    outer loop
      vertex 3.52881 4 -27.7074
      vertex 3.56458 1.5 -27.5646
      vertex 3.52881 1.5 -27.7074
    endloop
  endfacet
  facet normal 0.989184 0 -0.146679
    outer loop
      vertex 3.52881 1.5 -27.7074
      vertex 3.50722 4 -27.853
      vertex 3.52881 4 -27.7074
    endloop
  endfacet
  facet normal 0.989184 0 -0.146679
    outer loop
      vertex 3.50722 4 -27.853
      vertex 3.52881 1.5 -27.7074
      vertex 3.50722 1.5 -27.853
    endloop
  endfacet
  facet normal 0.998796 0 -0.0490565
    outer loop
      vertex 3.50722 1.5 -27.853
      vertex 3.5 4 -28
      vertex 3.50722 4 -27.853
    endloop
  endfacet
  facet normal 0.998796 0 -0.0490565
    outer loop
      vertex 3.5 4 -28
      vertex 3.50722 1.5 -27.853
      vertex 3.5 1.5 -28
    endloop
  endfacet
  facet normal 0.998796 -0 0.0490565
    outer loop
      vertex 3.5 1.5 -28
      vertex 3.50722 4 -28.147
      vertex 3.5 4 -28
    endloop
  endfacet
  facet normal 0.998796 0 0.0490565
    outer loop
      vertex 3.50722 4 -28.147
      vertex 3.5 1.5 -28
      vertex 3.50722 1.5 -28.147
    endloop
  endfacet
  facet normal 0.989184 -0 0.146679
    outer loop
      vertex 3.50722 1.5 -28.147
      vertex 3.52881 4 -28.2926
      vertex 3.50722 4 -28.147
    endloop
  endfacet
  facet normal 0.989184 0 0.146679
    outer loop
      vertex 3.52881 4 -28.2926
      vertex 3.50722 1.5 -28.147
      vertex 3.52881 1.5 -28.2926
    endloop
  endfacet
  facet normal 0.970031 -0 0.242983
    outer loop
      vertex 3.52881 1.5 -28.2926
      vertex 3.56458 4 -28.4354
      vertex 3.52881 4 -28.2926
    endloop
  endfacet
  facet normal 0.970031 0 0.242983
    outer loop
      vertex 3.56458 4 -28.4354
      vertex 3.52881 1.5 -28.2926
      vertex 3.56458 1.5 -28.4354
    endloop
  endfacet
  facet normal 0.941548 -0 0.336879
    outer loop
      vertex 3.56458 1.5 -28.4354
      vertex 3.61417 4 -28.574
      vertex 3.56458 4 -28.4354
    endloop
  endfacet
  facet normal 0.941548 0 0.336879
    outer loop
      vertex 3.61417 4 -28.574
      vertex 3.56458 1.5 -28.4354
      vertex 3.61417 1.5 -28.574
    endloop
  endfacet
  facet normal 0.90402 -0 0.427491
    outer loop
      vertex 3.61417 1.5 -28.574
      vertex 3.67711 4 -28.7071
      vertex 3.61417 4 -28.574
    endloop
  endfacet
  facet normal 0.90402 0 0.427491
    outer loop
      vertex 3.67711 4 -28.7071
      vertex 3.61417 1.5 -28.574
      vertex 3.67711 1.5 -28.7071
    endloop
  endfacet
  facet normal 0.857613 -0 0.514296
    outer loop
      vertex 3.67711 1.5 -28.7071
      vertex 3.75279 4 -28.8333
      vertex 3.67711 4 -28.7071
    endloop
  endfacet
  facet normal 0.857613 0 0.514296
    outer loop
      vertex 3.75279 4 -28.8333
      vertex 3.67711 1.5 -28.7071
      vertex 3.75279 1.5 -28.8333
    endloop
  endfacet
  facet normal 0.803394 -0 0.595448
    outer loop
      vertex 3.75279 1.5 -28.8333
      vertex 3.84047 4 -28.9516
      vertex 3.75279 4 -28.8333
    endloop
  endfacet
  facet normal 0.803394 0 0.595448
    outer loop
      vertex 3.84047 4 -28.9516
      vertex 3.75279 1.5 -28.8333
      vertex 3.84047 1.5 -28.9516
    endloop
  endfacet
  facet normal 0.741027 -0 0.671475
    outer loop
      vertex 3.84047 1.5 -28.9516
      vertex 3.93933 4 -29.0607
      vertex 3.84047 4 -28.9516
    endloop
  endfacet
  facet normal 0.741027 0 0.671475
    outer loop
      vertex 3.93933 4 -29.0607
      vertex 3.84047 1.5 -28.9516
      vertex 3.93933 1.5 -29.0607
    endloop
  endfacet
  facet normal 0.671353 0 0.741138
    outer loop
      vertex 3.93933 4 -29.0607
      vertex 4.0484 1.5 -29.1595
      vertex 4.0484 4 -29.1595
    endloop
  endfacet
  facet normal 0.671353 0 0.741138
    outer loop
      vertex 4.0484 1.5 -29.1595
      vertex 3.93933 4 -29.0607
      vertex 3.93933 1.5 -29.0607
    endloop
  endfacet
  facet normal 0.595731 0 0.803184
    outer loop
      vertex 4.0484 4 -29.1595
      vertex 4.16664 1.5 -29.2472
      vertex 4.16664 4 -29.2472
    endloop
  endfacet
  facet normal 0.595731 0 0.803184
    outer loop
      vertex 4.16664 1.5 -29.2472
      vertex 4.0484 4 -29.1595
      vertex 4.0484 1.5 -29.1595
    endloop
  endfacet
  facet normal 0.514246 0 0.857643
    outer loop
      vertex 4.16664 4 -29.2472
      vertex 4.29289 1.5 -29.3229
      vertex 4.29289 4 -29.3229
    endloop
  endfacet
  facet normal 0.514246 0 0.857643
    outer loop
      vertex 4.29289 1.5 -29.3229
      vertex 4.16664 4 -29.2472
      vertex 4.16664 1.5 -29.2472
    endloop
  endfacet
  facet normal 0.427347 0 0.904088
    outer loop
      vertex 4.29289 4 -29.3229
      vertex 4.42596 1.5 -29.3858
      vertex 4.42596 4 -29.3858
    endloop
  endfacet
  facet normal 0.427347 0 0.904088
    outer loop
      vertex 4.42596 1.5 -29.3858
      vertex 4.29289 4 -29.3229
      vertex 4.29289 1.5 -29.3229
    endloop
  endfacet
  facet normal 0.336939 0 0.941527
    outer loop
      vertex 4.42596 4 -29.3858
      vertex 4.56456 1.5 -29.4354
      vertex 4.56456 4 -29.4354
    endloop
  endfacet
  facet normal 0.336939 0 0.941527
    outer loop
      vertex 4.56456 1.5 -29.4354
      vertex 4.42596 4 -29.3858
      vertex 4.42596 1.5 -29.3858
    endloop
  endfacet
  facet normal 0.243191 0 0.969978
    outer loop
      vertex 4.56456 4 -29.4354
      vertex 4.70735 1.5 -29.4712
      vertex 4.70735 4 -29.4712
    endloop
  endfacet
  facet normal 0.243191 0 0.969978
    outer loop
      vertex 4.70735 1.5 -29.4712
      vertex 4.56456 4 -29.4354
      vertex 4.56456 1.5 -29.4354
    endloop
  endfacet
  facet normal 0.146726 0 0.989177
    outer loop
      vertex 4.70735 4 -29.4712
      vertex 4.85297 1.5 -29.4928
      vertex 4.85297 4 -29.4928
    endloop
  endfacet
  facet normal 0.146726 0 0.989177
    outer loop
      vertex 4.85297 1.5 -29.4928
      vertex 4.70735 4 -29.4712
      vertex 4.70735 1.5 -29.4712
    endloop
  endfacet
  facet normal 0.048911 0 0.998803
    outer loop
      vertex 4.85297 4 -29.4928
      vertex 5 1.5 -29.5
      vertex 5 4 -29.5
    endloop
  endfacet
  facet normal 0.048911 0 0.998803
    outer loop
      vertex 5 1.5 -29.5
      vertex 4.85297 4 -29.4928
      vertex 4.85297 1.5 -29.4928
    endloop
  endfacet
  facet normal -0.0489143 0 0.998803
    outer loop
      vertex 5 4 -29.5
      vertex 5.14702 1.5 -29.4928
      vertex 5.14702 4 -29.4928
    endloop
  endfacet
  facet normal -0.0489143 0 0.998803
    outer loop
      vertex 5.14702 1.5 -29.4928
      vertex 5 4 -29.5
      vertex 5 1.5 -29.5
    endloop
  endfacet
  facet normal 0.90398 -0 0.427575
    outer loop
      vertex -15.0329 -10 -13.851
      vertex -14.7203 0 -14.5119
      vertex -15.0329 0 -13.851
    endloop
  endfacet
  facet normal 0.90398 0 0.427575
    outer loop
      vertex -14.7203 0 -14.5119
      vertex -15.0329 -10 -13.851
      vertex -14.7203 -10 -14.5119
    endloop
  endfacet
  facet normal 0.857706 0 -0.51414
    outer loop
      vertex -14.3444 -10 -6.861
      vertex -14.7203 0 -7.48809
      vertex -14.3444 0 -6.861
    endloop
  endfacet
  facet normal 0.857706 0 -0.51414
    outer loop
      vertex -14.7203 0 -7.48809
      vertex -14.3444 -10 -6.861
      vertex -14.7203 -10 -7.48809
    endloop
  endfacet
  facet normal 0.903985 0 -0.427564
    outer loop
      vertex -14.7203 -10 -7.48809
      vertex -15.0329 0 -8.14901
      vertex -14.7203 0 -7.48809
    endloop
  endfacet
  facet normal 0.903985 0 -0.427564
    outer loop
      vertex -15.0329 0 -8.14901
      vertex -14.7203 -10 -7.48809
      vertex -15.0329 -10 -8.14901
    endloop
  endfacet
  facet normal 0.80322 0 -0.595682
    outer loop
      vertex -13.9089 -10 -6.27377
      vertex -14.3444 0 -6.861
      vertex -13.9089 0 -6.27377
    endloop
  endfacet
  facet normal 0.80322 0 -0.595682
    outer loop
      vertex -14.3444 0 -6.861
      vertex -13.9089 -10 -6.27377
      vertex -14.3444 -10 -6.861
    endloop
  endfacet
  facet normal 0.970014 -0 0.243051
    outer loop
      vertex -15.4569 -10 -12.4534
      vertex -15.2792 0 -13.1626
      vertex -15.4569 0 -12.4534
    endloop
  endfacet
  facet normal 0.970014 0 0.243051
    outer loop
      vertex -15.2792 0 -13.1626
      vertex -15.4569 -10 -12.4534
      vertex -15.2792 -10 -13.1626
    endloop
  endfacet
  facet normal 0.671595 0 0.740918
    outer loop
      vertex -13.4179 0 -16.2679
      vertex -13 -10 -16.6467
      vertex -13 0 -16.6467
    endloop
  endfacet
  facet normal 0.671595 0 0.740918
    outer loop
      vertex -13 -10 -16.6467
      vertex -13.4179 0 -16.2679
      vertex -13.4179 -10 -16.2679
    endloop
  endfacet
  facet normal 0.970014 0 -0.243051
    outer loop
      vertex -15.2792 -10 -8.83738
      vertex -15.4569 0 -9.54658
      vertex -15.2792 0 -8.83738
    endloop
  endfacet
  facet normal 0.970014 0 -0.243051
    outer loop
      vertex -15.4569 0 -9.54658
      vertex -15.2792 -10 -8.83738
      vertex -15.4569 -10 -9.54658
    endloop
  endfacet
  facet normal 0.94155 -0 0.336874
    outer loop
      vertex -15.2792 -10 -13.1626
      vertex -15.0329 0 -13.851
      vertex -15.2792 0 -13.1626
    endloop
  endfacet
  facet normal 0.94155 0 0.336874
    outer loop
      vertex -15.0329 0 -13.851
      vertex -15.2792 -10 -13.1626
      vertex -15.0329 -10 -13.851
    endloop
  endfacet
  facet normal 0.998794 0 -0.0491053
    outer loop
      vertex -15.5641 -10 -10.2698
      vertex -15.6 0 -11
      vertex -15.5641 0 -10.2698
    endloop
  endfacet
  facet normal 0.998794 0 -0.0491053
    outer loop
      vertex -15.6 0 -11
      vertex -15.5641 -10 -10.2698
      vertex -15.6 -10 -11
    endloop
  endfacet
  facet normal 0.989192 0 -0.146624
    outer loop
      vertex -15.4569 -10 -9.54658
      vertex -15.5641 0 -10.2698
      vertex -15.4569 0 -9.54658
    endloop
  endfacet
  facet normal 0.989192 0 -0.146624
    outer loop
      vertex -15.5641 0 -10.2698
      vertex -15.4569 -10 -9.54658
      vertex -15.5641 -10 -10.2698
    endloop
  endfacet
  facet normal 0.74093 -0 0.671583
    outer loop
      vertex -13.9089 -10 -15.7262
      vertex -13.4179 0 -16.2679
      vertex -13.9089 0 -15.7262
    endloop
  endfacet
  facet normal 0.74093 0 0.671583
    outer loop
      vertex -13.4179 0 -16.2679
      vertex -13.9089 -10 -15.7262
      vertex -13.4179 -10 -16.2679
    endloop
  endfacet
  facet normal 0.85771 -0 0.514134
    outer loop
      vertex -14.7203 -10 -14.5119
      vertex -14.3444 0 -15.139
      vertex -14.7203 0 -14.5119
    endloop
  endfacet
  facet normal 0.85771 0 0.514134
    outer loop
      vertex -14.3444 0 -15.139
      vertex -14.7203 -10 -14.5119
      vertex -14.3444 -10 -15.139
    endloop
  endfacet
  facet normal 0.740962 0 -0.671546
    outer loop
      vertex -13.508 -10 -5.83143
      vertex -13.9089 0 -6.27377
      vertex -13.508 0 -5.83143
    endloop
  endfacet
  facet normal 0.740962 0 -0.671546
    outer loop
      vertex -13.9089 0 -6.27377
      vertex -13.508 -10 -5.83143
      vertex -13.9089 -10 -6.27377
    endloop
  endfacet
  facet normal 0.941545 0 -0.336887
    outer loop
      vertex -15.0329 -10 -8.14901
      vertex -15.2792 0 -8.83738
      vertex -15.0329 0 -8.14901
    endloop
  endfacet
  facet normal 0.941545 0 -0.336887
    outer loop
      vertex -15.2792 0 -8.83738
      vertex -15.0329 -10 -8.14901
      vertex -15.2792 -10 -8.83738
    endloop
  endfacet
  facet normal 0.803206 -0 0.595702
    outer loop
      vertex -14.3444 -10 -15.139
      vertex -13.9089 0 -15.7262
      vertex -14.3444 0 -15.139
    endloop
  endfacet
  facet normal 0.803206 0 0.595702
    outer loop
      vertex -13.9089 0 -15.7262
      vertex -14.3444 -10 -15.139
      vertex -13.9089 -10 -15.7262
    endloop
  endfacet
  facet normal 0.989192 -0 0.146628
    outer loop
      vertex -15.5641 -10 -11.7302
      vertex -15.4569 0 -12.4534
      vertex -15.5641 0 -11.7302
    endloop
  endfacet
  facet normal 0.989192 0 0.146628
    outer loop
      vertex -15.4569 0 -12.4534
      vertex -15.5641 -10 -11.7302
      vertex -15.4569 -10 -12.4534
    endloop
  endfacet
  facet normal 0.998794 -0 0.0491053
    outer loop
      vertex -15.6 -10 -11
      vertex -15.5641 0 -11.7302
      vertex -15.6 0 -11
    endloop
  endfacet
  facet normal 0.998794 0 0.0491053
    outer loop
      vertex -15.5641 0 -11.7302
      vertex -15.6 -10 -11
      vertex -15.5641 -10 -11.7302
    endloop
  endfacet
  facet normal -0.989172 0 -0.146758
    outer loop
      vertex 15.2641 -10 -10.2698
      vertex 15.1568 0 -9.54658
      vertex 15.2641 0 -10.2698
    endloop
  endfacet
  facet normal -0.989172 -0 -0.146758
    outer loop
      vertex 15.1568 0 -9.54658
      vertex 15.2641 -10 -10.2698
      vertex 15.1568 -10 -9.54658
    endloop
  endfacet
  facet normal -0.998794 0 -0.0491053
    outer loop
      vertex 15.3 -10 -11
      vertex 15.2641 0 -10.2698
      vertex 15.3 0 -11
    endloop
  endfacet
  facet normal -0.998794 -0 -0.0491053
    outer loop
      vertex 15.2641 0 -10.2698
      vertex 15.3 -10 -11
      vertex 15.2641 -10 -10.2698
    endloop
  endfacet
  facet normal -0.741031 0 -0.671471
    outer loop
      vertex 13.6089 -10 -6.27377
      vertex 13.403 0 -6.04654
      vertex 13.6089 0 -6.27377
    endloop
  endfacet
  facet normal -0.741031 -0 -0.671471
    outer loop
      vertex 13.403 0 -6.04654
      vertex 13.6089 -10 -6.27377
      vertex 13.403 -10 -6.04654
    endloop
  endfacet
  facet normal -0.903985 0 -0.427564
    outer loop
      vertex 14.7329 -10 -8.14901
      vertex 14.4203 0 -7.48809
      vertex 14.7329 0 -8.14901
    endloop
  endfacet
  facet normal -0.903985 -0 -0.427564
    outer loop
      vertex 14.4203 0 -7.48809
      vertex 14.7329 -10 -8.14901
      vertex 14.4203 -10 -7.48809
    endloop
  endfacet
  facet normal -0.803206 0 0.595702
    outer loop
      vertex 13.6089 -10 -15.7262
      vertex 14.0444 0 -15.139
      vertex 13.6089 0 -15.7262
    endloop
  endfacet
  facet normal -0.803206 0 0.595702
    outer loop
      vertex 14.0444 0 -15.139
      vertex 13.6089 -10 -15.7262
      vertex 14.0444 -10 -15.139
    endloop
  endfacet
  facet normal -0.970046 0 -0.242922
    outer loop
      vertex 15.1568 -10 -9.54658
      vertex 14.9792 0 -8.83738
      vertex 15.1568 0 -9.54658
    endloop
  endfacet
  facet normal -0.970046 -0 -0.242922
    outer loop
      vertex 14.9792 0 -8.83738
      vertex 15.1568 -10 -9.54658
      vertex 14.9792 -10 -8.83738
    endloop
  endfacet
  facet normal -0.85771 0 0.514134
    outer loop
      vertex 14.0444 -10 -15.139
      vertex 14.4203 0 -14.5119
      vertex 14.0444 0 -15.139
    endloop
  endfacet
  facet normal -0.85771 0 0.514134
    outer loop
      vertex 14.4203 0 -14.5119
      vertex 14.0444 -10 -15.139
      vertex 14.4203 -10 -14.5119
    endloop
  endfacet
  facet normal -0.80322 0 -0.595682
    outer loop
      vertex 14.0444 -10 -6.861
      vertex 13.6089 0 -6.27377
      vertex 14.0444 0 -6.861
    endloop
  endfacet
  facet normal -0.80322 -0 -0.595682
    outer loop
      vertex 13.6089 0 -6.27377
      vertex 14.0444 -10 -6.861
      vertex 13.6089 -10 -6.27377
    endloop
  endfacet
  facet normal -0.998794 0 0.0491053
    outer loop
      vertex 15.2641 -10 -11.7302
      vertex 15.3 0 -11
      vertex 15.2641 0 -11.7302
    endloop
  endfacet
  facet normal -0.998794 0 0.0491053
    outer loop
      vertex 15.3 0 -11
      vertex 15.2641 -10 -11.7302
      vertex 15.3 -10 -11
    endloop
  endfacet
  facet normal -0.857706 0 -0.51414
    outer loop
      vertex 14.4203 -10 -7.48809
      vertex 14.0444 0 -6.861
      vertex 14.4203 0 -7.48809
    endloop
  endfacet
  facet normal -0.857706 -0 -0.51414
    outer loop
      vertex 14.0444 0 -6.861
      vertex 14.4203 -10 -7.48809
      vertex 14.0444 -10 -6.861
    endloop
  endfacet
  facet normal -0.989172 0 0.146762
    outer loop
      vertex 15.1568 -10 -12.4534
      vertex 15.2641 0 -11.7302
      vertex 15.1568 0 -12.4534
    endloop
  endfacet
  facet normal -0.989172 0 0.146762
    outer loop
      vertex 15.2641 0 -11.7302
      vertex 15.1568 -10 -12.4534
      vertex 15.2641 -10 -11.7302
    endloop
  endfacet
  facet normal -0.941545 0 -0.336887
    outer loop
      vertex 14.9792 -10 -8.83738
      vertex 14.7329 0 -8.14901
      vertex 14.9792 0 -8.83738
    endloop
  endfacet
  facet normal -0.941545 -0 -0.336887
    outer loop
      vertex 14.7329 0 -8.14901
      vertex 14.9792 -10 -8.83738
      vertex 14.7329 -10 -8.14901
    endloop
  endfacet
  facet normal -0.90398 0 0.427575
    outer loop
      vertex 14.4203 -10 -14.5119
      vertex 14.7329 0 -13.851
      vertex 14.4203 0 -14.5119
    endloop
  endfacet
  facet normal -0.90398 0 0.427575
    outer loop
      vertex 14.7329 0 -13.851
      vertex 14.4203 -10 -14.5119
      vertex 14.7329 -10 -13.851
    endloop
  endfacet
  facet normal -0.970046 0 0.242922
    outer loop
      vertex 14.9792 -10 -13.1626
      vertex 15.1568 0 -12.4534
      vertex 14.9792 0 -13.1626
    endloop
  endfacet
  facet normal -0.970046 0 0.242922
    outer loop
      vertex 15.1568 0 -12.4534
      vertex 14.9792 -10 -13.1626
      vertex 15.1568 -10 -12.4534
    endloop
  endfacet
  facet normal -0.94155 0 0.336874
    outer loop
      vertex 14.7329 -10 -13.851
      vertex 14.9792 0 -13.1626
      vertex 14.7329 0 -13.851
    endloop
  endfacet
  facet normal -0.94155 0 0.336874
    outer loop
      vertex 14.9792 0 -13.1626
      vertex 14.7329 -10 -13.851
      vertex 14.9792 -10 -13.1626
    endloop
  endfacet
  facet normal -0.671703 0 0.740821
    outer loop
      vertex 13 0 -16.3748
      vertex 13.1179 -10 -16.2679
      vertex 13.1179 0 -16.2679
    endloop
  endfacet
  facet normal -0.671703 0 0.740821
    outer loop
      vertex 13.1179 -10 -16.2679
      vertex 13 0 -16.3748
      vertex 13 -10 -16.3748
    endloop
  endfacet
  facet normal -0.74093 0 0.671583
    outer loop
      vertex 13.1179 -10 -16.2679
      vertex 13.6089 0 -15.7262
      vertex 13.1179 0 -16.2679
    endloop
  endfacet
  facet normal -0.74093 0 0.671583
    outer loop
      vertex 13.6089 0 -15.7262
      vertex 13.1179 -10 -16.2679
      vertex 13.6089 -10 -15.7262
    endloop
  endfacet
  facet normal 0 -1 0
    outer loop
      vertex 14.7329 -10 -8.14901
      vertex 17.5737 -10 -3.39499
      vertex 17.4512 -10 -3.39799
    endloop
  endfacet
  facet normal 0 -1 0
    outer loop
      vertex 14.7329 -10 -8.14901
      vertex 17.4512 -10 -3.39799
      vertex 17.1817 -10 -3.41122
    endloop
  endfacet
  facet normal 0 -1 0
    outer loop
      vertex 17.5737 -10 -3.39499
      vertex 34.1608 -10 -16.7125
      vertex 47.3908 -10 -3.39499
    endloop
  endfacet
  facet normal 0 -1 0
    outer loop
      vertex 14.7329 -10 -8.14901
      vertex 17.1817 -10 -3.41122
      vertex 16.9374 -10 -3.43529
    endloop
  endfacet
  facet normal -0 -1 0
    outer loop
      vertex 35.5642 -10 -16.5464
      vertex 47.3908 -10 -3.39499
      vertex 34.1608 -10 -16.7125
    endloop
  endfacet
  facet normal 0 -1 0
    outer loop
      vertex 14.4203 -10 -7.48809
      vertex 16.9374 -10 -3.43529
      vertex 16.7436 -10 -3.46404
    endloop
  endfacet
  facet normal 0 -1 0
    outer loop
      vertex 14.4203 -10 -7.48809
      vertex 16.7436 -10 -3.46404
      vertex 16.5031 -10 -3.51187
    endloop
  endfacet
  facet normal -0 -1 0
    outer loop
      vertex 36.9767 -10 -16.4909
      vertex 47.3908 -10 -3.39499
      vertex 35.5642 -10 -16.5464
    endloop
  endfacet
  facet normal 0 -1 0
    outer loop
      vertex 14.4203 -10 -7.48809
      vertex 16.5031 -10 -3.51187
      vertex 16.313 -10 -3.55948
    endloop
  endfacet
  facet normal 0 -1 0
    outer loop
      vertex 37.9507 -10 -16.4909
      vertex 47.3908 -10 -3.39499
      vertex 36.9767 -10 -16.4909
    endloop
  endfacet
  facet normal 0 -1 0
    outer loop
      vertex 14.4203 -10 -7.48809
      vertex 16.313 -10 -3.55948
      vertex 16.0782 -10 -3.63071
    endloop
  endfacet
  facet normal 0 -1 0
    outer loop
      vertex 14.4203 -10 -7.48809
      vertex 16.0782 -10 -3.63071
      vertex 15.8938 -10 -3.69667
    endloop
  endfacet
  facet normal -0 -1 0
    outer loop
      vertex 38.0489 -10 -16.489
      vertex 47.3908 -10 -3.39499
      vertex 37.9507 -10 -16.4909
    endloop
  endfacet
  facet normal 0 -1 0
    outer loop
      vertex 14.4203 -10 -7.48809
      vertex 15.8938 -10 -3.69667
      vertex 15.6671 -10 -3.7906
    endloop
  endfacet
  facet normal -0 -1 0
    outer loop
      vertex 38.8435 -10 -16.4578
      vertex 47.3908 -10 -3.39499
      vertex 38.0489 -10 -16.489
    endloop
  endfacet
  facet normal 0 -1 0
    outer loop
      vertex 14.4203 -10 -7.48809
      vertex 15.6671 -10 -3.7906
      vertex 15.4899 -10 -3.87442
    endloop
  endfacet
  facet normal 0 -1 0
    outer loop
      vertex 14.4203 -10 -7.48809
      vertex 15.4899 -10 -3.87442
      vertex 15.2737 -10 -3.98997
    endloop
  endfacet
  facet normal -0 -1 0
    outer loop
      vertex 39.7795 -10 -16.3548
      vertex 47.3908 -10 -3.39499
      vertex 39.0391 -10 -16.4424
    endloop
  endfacet
  facet normal 0 -1 0
    outer loop
      vertex 14.4203 -10 -7.48809
      vertex 15.2737 -10 -3.98997
      vertex 15.1058 -10 -4.09062
    endloop
  endfacet
  facet normal -0 -1 0
    outer loop
      vertex 39.9734 -10 -16.3241
      vertex 47.3908 -10 -3.39499
      vertex 39.7795 -10 -16.3548
    endloop
  endfacet
  facet normal 0 -1 0
    outer loop
      vertex 14.4203 -10 -7.48809
      vertex 15.1058 -10 -4.09062
      vertex 14.9016 -10 -4.22702
    endloop
  endfacet
  facet normal 0 -1 0
    outer loop
      vertex 14.4203 -10 -7.48809
      vertex 14.9016 -10 -4.22702
      vertex 14.7441 -10 -4.34387
    endloop
  endfacet
  facet normal -0 -1 0
    outer loop
      vertex 40.7051 -10 -16.1785
      vertex 47.3908 -10 -3.39499
      vertex 39.9734 -10 -16.3241
    endloop
  endfacet
  facet normal 0 -1 0
    outer loop
      vertex 14.0444 -10 -6.861
      vertex 14.7441 -10 -4.34387
      vertex 14.5545 -10 -4.4995
    endloop
  endfacet
  facet normal -0 -1 0
    outer loop
      vertex 40.8959 -10 -16.1327
      vertex 47.3908 -10 -3.39499
      vertex 40.7051 -10 -16.1785
    endloop
  endfacet
  facet normal 0 -1 0
    outer loop
      vertex 14.0444 -10 -6.861
      vertex 14.5545 -10 -4.4995
      vertex 14.4094 -10 -4.63097
    endloop
  endfacet
  facet normal -0 -1 0
    outer loop
      vertex 41.6136 -10 -15.9303
      vertex 47.3908 -10 -3.39499
      vertex 40.8959 -10 -16.1327
    endloop
  endfacet
  facet normal 0 -1 0
    outer loop
      vertex 14.0444 -10 -6.861
      vertex 14.4094 -10 -4.63097
      vertex 14.236 -10 -4.8044
    endloop
  endfacet
  facet normal 0 -1 0
    outer loop
      vertex 14.0444 -10 -6.861
      vertex 14.236 -10 -4.8044
      vertex 14.1045 -10 -4.94945
    endloop
  endfacet
  facet normal -0 -1 0
    outer loop
      vertex 42.6814 -10 -15.5363
      vertex 47.3908 -10 -3.39499
      vertex 42.5001 -10 -15.6115
    endloop
  endfacet
  facet normal 0 -1 0
    outer loop
      vertex 14.0444 -10 -6.861
      vertex 14.1045 -10 -4.94945
      vertex 13.9489 -10 -5.13907
    endloop
  endfacet
  facet normal -0 -1 0
    outer loop
      vertex 43.3587 -10 -15.2241
      vertex 47.3908 -10 -3.39499
      vertex 42.6814 -10 -15.5363
    endloop
  endfacet
  facet normal 0 -1 0
    outer loop
      vertex 14.0444 -10 -6.861
      vertex 13.9489 -10 -5.13907
      vertex 13.832 -10 -5.29662
    endloop
  endfacet
  facet normal -0 -1 0
    outer loop
      vertex 44.3516 -10 -14.6681
      vertex 47.3908 -10 -3.39499
      vertex 44.1842 -10 -14.7706
    endloop
  endfacet
  facet normal 0 -1 0
    outer loop
      vertex 14.0444 -10 -6.861
      vertex 13.832 -10 -5.29662
      vertex 13.6956 -10 -5.50076
    endloop
  endfacet
  facet normal 0 -1 0
    outer loop
      vertex 13.6089 -10 -6.27377
      vertex 13.6956 -10 -5.50076
      vertex 13.595 -10 -5.6687
    endloop
  endfacet
  facet normal -0 -1 0
    outer loop
      vertex 44.9717 -10 -14.2537
      vertex 47.3908 -10 -3.39499
      vertex 44.3516 -10 -14.6681
    endloop
  endfacet
  facet normal 0 -1 0
    outer loop
      vertex 13.6089 -10 -6.27377
      vertex 13.595 -10 -5.6687
      vertex 13.4794 -10 -5.8849
    endloop
  endfacet
  facet normal 0 -1 0
    outer loop
      vertex 14.7441 -10 -4.34387
      vertex 14.0444 -10 -6.861
      vertex 14.4203 -10 -7.48809
    endloop
  endfacet
  facet normal 0 -1 0
    outer loop
      vertex 13.6089 -10 -6.27377
      vertex 13.4794 -10 -5.8849
      vertex 13.403 -10 -6.04654
    endloop
  endfacet
  facet normal 0 -1 -0
    outer loop
      vertex 13.6956 -10 -5.50076
      vertex 13.6089 -10 -6.27377
      vertex 14.0444 -10 -6.861
    endloop
  endfacet
  facet normal -0 -1 0
    outer loop
      vertex 45.8655 -10 -13.5491
      vertex 47.3908 -10 -3.39499
      vertex 45.7163 -10 -13.6766
    endloop
  endfacet
  facet normal -0 -1 0
    outer loop
      vertex 47.0582 -10 -12.3564
      vertex 47.3908 -10 -3.39499
      vertex 46.552 -10 -12.9041
    endloop
  endfacet
  facet normal -0 -1 0
    outer loop
      vertex 48.2797 -10 -10.6752
      vertex 47.3908 -10 -3.39499
      vertex 48.1771 -10 -10.8425
    endloop
  endfacet
  facet normal -0 -1 0
    outer loop
      vertex 49.3787 -10 -8.29131
      vertex 47.3908 -10 -3.39499
      vertex 49.1205 -10 -8.991
    endloop
  endfacet
  facet normal -0 -1 0
    outer loop
      vertex 49.8638 -10 -6.27032
      vertex 47.3908 -10 -3.39499
      vertex 49.8331 -10 -6.46439
    endloop
  endfacet
  facet normal 0 -1 0
    outer loop
      vertex 48.6122 -10 -3.71367
      vertex 49.8735 -10 -6.18867
      vertex 48.8202 -10 -3.8439
    endloop
  endfacet
  facet normal 0 -1 0
    outer loop
      vertex 16.9374 -10 -3.43529
      vertex 14.4203 -10 -7.48809
      vertex 14.7329 -10 -8.14901
    endloop
  endfacet
  facet normal 0 -1 0
    outer loop
      vertex 49.4963 -10 -4.54701
      vertex 49.8735 -10 -6.18867
      vertex 49.6183 -10 -4.75987
    endloop
  endfacet
  facet normal 0 -1 0
    outer loop
      vertex 17.5737 -10 -3.39499
      vertex 14.7329 -10 -8.14901
      vertex 14.9792 -10 -8.83738
    endloop
  endfacet
  facet normal 0 -1 -0
    outer loop
      vertex 49.8831 -10 -5.69868
      vertex 49.8735 -10 -6.18867
      vertex 49.8903 -10 -5.94392
    endloop
  endfacet
  facet normal 0 -1 0
    outer loop
      vertex 17.5737 -10 -3.39499
      vertex 14.9792 -10 -8.83738
      vertex 15.1568 -10 -9.54658
    endloop
  endfacet
  facet normal 0 -1 0
    outer loop
      vertex 49.7188 -10 -4.98367
      vertex 49.8735 -10 -6.18867
      vertex 49.7969 -10 -5.21625
    endloop
  endfacet
  facet normal 0 -1 0
    outer loop
      vertex 49.8519 -10 -5.45535
      vertex 49.8735 -10 -6.18867
      vertex 49.8831 -10 -5.69868
    endloop
  endfacet
  facet normal 0 -1 0
    outer loop
      vertex 17.5737 -10 -3.39499
      vertex 15.1568 -10 -9.54658
      vertex 15.2641 -10 -10.2698
    endloop
  endfacet
  facet normal 0 -1 0
    outer loop
      vertex 49.7969 -10 -5.21625
      vertex 49.8735 -10 -6.18867
      vertex 49.8519 -10 -5.45535
    endloop
  endfacet
  facet normal 0 -1 0
    outer loop
      vertex 49.354 -10 -4.34714
      vertex 49.8735 -10 -6.18867
      vertex 49.4963 -10 -4.54701
    endloop
  endfacet
  facet normal 0 -1 -0
    outer loop
      vertex 17.5737 -10 -3.39499
      vertex 15.2641 -10 -10.2698
      vertex 28.8047 -10 -18.4529
    endloop
  endfacet
  facet normal 0 -1 0
    outer loop
      vertex 49.1928 -10 -4.16216
      vertex 49.8735 -10 -6.18867
      vertex 49.354 -10 -4.34714
    endloop
  endfacet
  facet normal 0 -1 0
    outer loop
      vertex 49.0143 -10 -3.99388
      vertex 49.8735 -10 -6.18867
      vertex 49.1928 -10 -4.16216
    endloop
  endfacet
  facet normal 0 -1 0
    outer loop
      vertex 28.8047 -10 -18.4529
      vertex 15.2641 -10 -10.2698
      vertex 15.3 -10 -11
    endloop
  endfacet
  facet normal 0 -1 0
    outer loop
      vertex 48.8202 -10 -3.8439
      vertex 49.8735 -10 -6.18867
      vertex 49.0143 -10 -3.99388
    endloop
  endfacet
  facet normal 0 -1 0
    outer loop
      vertex 48.3925 -10 -3.60446
      vertex 49.8735 -10 -6.18867
      vertex 48.6122 -10 -3.71367
    endloop
  endfacet
  facet normal 0 -1 0
    outer loop
      vertex 27.5716 -10 -19.1434
      vertex 15.3 -10 -11
      vertex 15.2641 -10 -11.7302
    endloop
  endfacet
  facet normal 0 -1 0
    outer loop
      vertex 48.1632 -10 -3.5173
      vertex 49.8735 -10 -6.18867
      vertex 48.3925 -10 -3.60446
    endloop
  endfacet
  facet normal 0 -1 0
    outer loop
      vertex 47.9264 -10 -3.45305
      vertex 49.8735 -10 -6.18867
      vertex 48.1632 -10 -3.5173
    endloop
  endfacet
  facet normal 0 -1 0
    outer loop
      vertex 27.5716 -10 -19.1434
      vertex 15.2641 -10 -11.7302
      vertex 15.1568 -10 -12.4534
    endloop
  endfacet
  facet normal 0 -1 0
    outer loop
      vertex 47.6845 -10 -3.41229
      vertex 49.8735 -10 -6.18867
      vertex 47.9264 -10 -3.45305
    endloop
  endfacet
  facet normal 0 -1 0
    outer loop
      vertex 47.3908 -10 -3.39499
      vertex 49.8735 -10 -6.18867
      vertex 47.6845 -10 -3.41229
    endloop
  endfacet
  facet normal 0 -1 0
    outer loop
      vertex 26.3964 -10 -19.9286
      vertex 15.1568 -10 -12.4534
      vertex 14.9792 -10 -13.1626
    endloop
  endfacet
  facet normal -0 -1 0
    outer loop
      vertex 49.8735 -10 -6.18867
      vertex 47.3908 -10 -3.39499
      vertex 49.8638 -10 -6.27032
    endloop
  endfacet
  facet normal -0 -1 0
    outer loop
      vertex 49.8331 -10 -6.46439
      vertex 47.3908 -10 -3.39499
      vertex 49.6876 -10 -7.19603
    endloop
  endfacet
  facet normal 0 -1 0
    outer loop
      vertex 25.2865 -10 -20.8036
      vertex 14.9792 -10 -13.1626
      vertex 14.7329 -10 -13.851
    endloop
  endfacet
  facet normal -0 -1 0
    outer loop
      vertex 49.6876 -10 -7.19603
      vertex 47.3908 -10 -3.39499
      vertex 49.6418 -10 -7.38684
    endloop
  endfacet
  facet normal -0 -1 0
    outer loop
      vertex 49.6418 -10 -7.38684
      vertex 47.3908 -10 -3.39499
      vertex 49.4393 -10 -8.10457
    endloop
  endfacet
  facet normal 0 -1 0
    outer loop
      vertex 24.2486 -10 -21.763
      vertex 14.7329 -10 -13.851
      vertex 14.4203 -10 -14.5119
    endloop
  endfacet
  facet normal -0 -1 0
    outer loop
      vertex 49.4393 -10 -8.10457
      vertex 47.3908 -10 -3.39499
      vertex 49.3787 -10 -8.29131
    endloop
  endfacet
  facet normal -0 -1 0
    outer loop
      vertex 49.1205 -10 -8.991
      vertex 47.3908 -10 -3.39499
      vertex 49.0454 -10 -9.17238
    endloop
  endfacet
  facet normal -0 -1 0
    outer loop
      vertex 49.0454 -10 -9.17238
      vertex 47.3908 -10 -3.39499
      vertex 48.7332 -10 -9.84959
    endloop
  endfacet
  facet normal 0 -1 0
    outer loop
      vertex 24.2486 -10 -21.763
      vertex 14.4203 -10 -14.5119
      vertex 14.0444 -10 -15.139
    endloop
  endfacet
  facet normal -0 -1 0
    outer loop
      vertex 48.7332 -10 -9.84959
      vertex 47.3908 -10 -3.39499
      vertex 48.6441 -10 -10.0245
    endloop
  endfacet
  facet normal -0 -1 0
    outer loop
      vertex 48.6441 -10 -10.0245
      vertex 47.3908 -10 -3.39499
      vertex 48.2797 -10 -10.6752
    endloop
  endfacet
  facet normal -0 -1 0
    outer loop
      vertex 48.1771 -10 -10.8425
      vertex 47.3908 -10 -3.39499
      vertex 47.7628 -10 -11.4627
    endloop
  endfacet
  facet normal 0 -1 0
    outer loop
      vertex 23.2893 -10 -22.8008
      vertex 14.0444 -10 -15.139
      vertex 13.6089 -10 -15.7262
    endloop
  endfacet
  facet normal -0 -1 0
    outer loop
      vertex 47.7628 -10 -11.4627
      vertex 47.3908 -10 -3.39499
      vertex 47.6474 -10 -11.6215
    endloop
  endfacet
  facet normal -0 -1 0
    outer loop
      vertex 47.6474 -10 -11.6215
      vertex 47.3908 -10 -3.39499
      vertex 47.1856 -10 -12.2072
    endloop
  endfacet
  facet normal -0 -1 0
    outer loop
      vertex 47.1856 -10 -12.2072
      vertex 47.3908 -10 -3.39499
      vertex 47.0582 -10 -12.3564
    endloop
  endfacet
  facet normal -0 -1 0
    outer loop
      vertex 46.552 -10 -12.9041
      vertex 47.3908 -10 -3.39499
      vertex 46.4131 -10 -13.0429
    endloop
  endfacet
  facet normal 0 -1 0
    outer loop
      vertex 22.4142 -10 -23.9109
      vertex 13.6089 -10 -15.7262
      vertex 13.1179 -10 -16.2679
    endloop
  endfacet
  facet normal -0 -1 0
    outer loop
      vertex 46.4131 -10 -13.0429
      vertex 47.3908 -10 -3.39499
      vertex 45.8655 -10 -13.5491
    endloop
  endfacet
  facet normal -0 -1 0
    outer loop
      vertex 45.1306 -10 -14.1383
      vertex 47.3908 -10 -3.39499
      vertex 44.9717 -10 -14.2537
    endloop
  endfacet
  facet normal 0 -1 0
    outer loop
      vertex 22.4142 -10 -23.9109
      vertex 13.1179 -10 -16.2679
      vertex 13 -10 -16.3748
    endloop
  endfacet
  facet normal -0 -1 0
    outer loop
      vertex 44.1842 -10 -14.7706
      vertex 47.3908 -10 -3.39499
      vertex 43.5335 -10 -15.135
    endloop
  endfacet
  facet normal -0 -1 0
    outer loop
      vertex 42.5001 -10 -15.6115
      vertex 47.3908 -10 -3.39499
      vertex 41.8004 -10 -15.8696
    endloop
  endfacet
  facet normal -0 -1 0
    outer loop
      vertex 41.8004 -10 -15.8696
      vertex 47.3908 -10 -3.39499
      vertex 41.6136 -10 -15.9303
    endloop
  endfacet
  facet normal 0 -1 0
    outer loop
      vertex 47.3908 -10 -3.39499
      vertex 38.8435 -10 -16.4578
      vertex 39.0391 -10 -16.4424
    endloop
  endfacet
  facet normal -0 -1 0
    outer loop
      vertex 45.7163 -10 -13.6766
      vertex 47.3908 -10 -3.39499
      vertex 45.1306 -10 -14.1383
    endloop
  endfacet
  facet normal 0 -1 0
    outer loop
      vertex 49.6183 -10 -4.75987
      vertex 49.8735 -10 -6.18867
      vertex 49.7188 -10 -4.98367
    endloop
  endfacet
  facet normal 0 -1 0
    outer loop
      vertex 17.5737 -10 -3.39499
      vertex 32.7744 -10 -16.9883
      vertex 34.1608 -10 -16.7125
    endloop
  endfacet
  facet normal 0 -1 0
    outer loop
      vertex 17.5737 -10 -3.39499
      vertex 31.4142 -10 -17.3719
      vertex 32.7744 -10 -16.9883
    endloop
  endfacet
  facet normal 0 -1 0
    outer loop
      vertex 17.5737 -10 -3.39499
      vertex 30.0884 -10 -17.861
      vertex 31.4142 -10 -17.3719
    endloop
  endfacet
  facet normal 0 -1 0
    outer loop
      vertex 17.5737 -10 -3.39499
      vertex 28.8047 -10 -18.4529
      vertex 30.0884 -10 -17.861
    endloop
  endfacet
  facet normal 0 -1 0
    outer loop
      vertex 15.3 -10 -11
      vertex 27.5716 -10 -19.1434
      vertex 28.8047 -10 -18.4529
    endloop
  endfacet
  facet normal 0 -1 0
    outer loop
      vertex 15.1568 -10 -12.4534
      vertex 26.3964 -10 -19.9286
      vertex 27.5716 -10 -19.1434
    endloop
  endfacet
  facet normal 0 -1 0
    outer loop
      vertex 14.9792 -10 -13.1626
      vertex 25.2865 -10 -20.8036
      vertex 26.3964 -10 -19.9286
    endloop
  endfacet
  facet normal 0 -1 0
    outer loop
      vertex 14.7329 -10 -13.851
      vertex 24.2486 -10 -21.763
      vertex 25.2865 -10 -20.8036
    endloop
  endfacet
  facet normal 0 -1 0
    outer loop
      vertex 14.0444 -10 -15.139
      vertex 23.2893 -10 -22.8008
      vertex 24.2486 -10 -21.763
    endloop
  endfacet
  facet normal 0 -1 0
    outer loop
      vertex 13.6089 -10 -15.7262
      vertex 22.4142 -10 -23.9109
      vertex 23.2893 -10 -22.8008
    endloop
  endfacet
  facet normal 0 -1 0
    outer loop
      vertex 13 -10 -16.3748
      vertex 21.6291 -10 -25.0858
      vertex 22.4142 -10 -23.9109
    endloop
  endfacet
  facet normal 0 -1 0
    outer loop
      vertex 13 -10 -16.3748
      vertex 20.9385 -10 -26.3191
      vertex 21.6291 -10 -25.0858
    endloop
  endfacet
  facet normal 0 -1 0
    outer loop
      vertex 13 -10 -16.3748
      vertex 20.3467 -10 -27.6028
      vertex 20.9385 -10 -26.3191
    endloop
  endfacet
  facet normal 0 -1 0
    outer loop
      vertex 13 -10 -16.3748
      vertex 19.8575 -10 -28.9286
      vertex 20.3467 -10 -27.6028
    endloop
  endfacet
  facet normal 0 -1 0
    outer loop
      vertex 13 -10 -16.3748
      vertex 19.4739 -10 -30.2888
      vertex 19.8575 -10 -28.9286
    endloop
  endfacet
  facet normal 0 -1 0
    outer loop
      vertex 13 -10 -16.3748
      vertex 19.1982 -10 -31.6752
      vertex 19.4739 -10 -30.2888
    endloop
  endfacet
  facet normal 0 -1 0
    outer loop
      vertex 13 -10 -42.1806
      vertex 19.1982 -10 -31.6752
      vertex 13 -10 -16.3748
    endloop
  endfacet
  facet normal 0 -1 0
    outer loop
      vertex 19.1982 -10 -31.6752
      vertex 13 -10 -42.1806
      vertex 19.0321 -10 -33.0785
    endloop
  endfacet
  facet normal 0 -1 0
    outer loop
      vertex 19.0321 -10 -33.0785
      vertex 13 -10 -42.1806
      vertex 18.9766 -10 -34.491
    endloop
  endfacet
  facet normal 0 -1 -0
    outer loop
      vertex 18.9766 -10 -34.491
      vertex 13 -10 -42.1806
      vertex 18.9766 -10 -37.9507
    endloop
  endfacet
  facet normal 0 -1 0
    outer loop
      vertex 18.9766 -10 -37.9507
      vertex 13 -10 -42.1806
      vertex 18.9746 -10 -38.0489
    endloop
  endfacet
  facet normal 0 -1 0
    outer loop
      vertex 18.9746 -10 -38.0489
      vertex 13 -10 -42.1806
      vertex 18.9434 -10 -38.8435
    endloop
  endfacet
  facet normal 0 -1 0
    outer loop
      vertex 18.9434 -10 -38.8435
      vertex 13 -10 -42.1806
      vertex 18.928 -10 -39.0391
    endloop
  endfacet
  facet normal 0 -1 0
    outer loop
      vertex 18.928 -10 -39.0391
      vertex 13 -10 -42.1806
      vertex 18.8404 -10 -39.7795
    endloop
  endfacet
  facet normal 0 -1 0
    outer loop
      vertex 18.8404 -10 -39.7795
      vertex 13 -10 -42.1806
      vertex 18.8097 -10 -39.9734
    endloop
  endfacet
  facet normal 0 -1 0
    outer loop
      vertex 18.8097 -10 -39.9734
      vertex 13 -10 -42.1806
      vertex 18.6641 -10 -40.7051
    endloop
  endfacet
  facet normal 0 -1 0
    outer loop
      vertex 18.6641 -10 -40.7051
      vertex 13 -10 -42.1806
      vertex 18.6183 -10 -40.8959
    endloop
  endfacet
  facet normal 0 -1 0
    outer loop
      vertex 18.6183 -10 -40.8959
      vertex 13 -10 -42.1806
      vertex 18.4159 -10 -41.6136
    endloop
  endfacet
  facet normal 0 -1 0
    outer loop
      vertex 18.4159 -10 -41.6136
      vertex 13 -10 -42.1806
      vertex 18.3552 -10 -41.8004
    endloop
  endfacet
  facet normal 0 -1 0
    outer loop
      vertex 17.7704 -10 -43.2272
      vertex 13 -10 -42.1806
      vertex 13.012 -10 -42.4256
    endloop
  endfacet
  facet normal 0 -1 0
    outer loop
      vertex 13 -10 -42.1806
      vertex 18.0971 -10 -42.5001
      vertex 18.3552 -10 -41.8004
    endloop
  endfacet
  facet normal 0 -1 0
    outer loop
      vertex 17.7704 -10 -43.2272
      vertex 13.012 -10 -42.4256
      vertex 13.048 -10 -42.6683
    endloop
  endfacet
  facet normal 0 -1 0
    outer loop
      vertex 13 -10 -42.1806
      vertex 18.022 -10 -42.6814
      vertex 18.0971 -10 -42.5001
    endloop
  endfacet
  facet normal 0 -1 0
    outer loop
      vertex 17.7704 -10 -43.2272
      vertex 13.048 -10 -42.6683
      vertex 13.1077 -10 -42.9063
    endloop
  endfacet
  facet normal 0 -1 0
    outer loop
      vertex 17.7704 -10 -43.2272
      vertex 13.1077 -10 -42.9063
      vertex 13.1903 -10 -43.1373
    endloop
  endfacet
  facet normal 0 -1 0
    outer loop
      vertex 13 -10 -42.1806
      vertex 17.7704 -10 -43.2272
      vertex 18.022 -10 -42.6814
    endloop
  endfacet
  facet normal 0 -1 0
    outer loop
      vertex 13.2952 -10 -43.3591
      vertex 17.7704 -10 -43.2272
      vertex 13.1903 -10 -43.1373
    endloop
  endfacet
  facet normal 0 -1 0
    outer loop
      vertex 13.2952 -10 -43.3591
      vertex 17.7048 -10 -43.3591
      vertex 17.7704 -10 -43.2272
    endloop
  endfacet
  facet normal 0 -1 0
    outer loop
      vertex 13.4213 -10 -43.5695
      vertex 17.7048 -10 -43.3591
      vertex 13.2952 -10 -43.3591
    endloop
  endfacet
  facet normal 0 -1 0
    outer loop
      vertex 13.4213 -10 -43.5695
      vertex 17.5787 -10 -43.5695
      vertex 17.7048 -10 -43.3591
    endloop
  endfacet
  facet normal 0 -1 0
    outer loop
      vertex 13.5675 -10 -43.7666
      vertex 17.5787 -10 -43.5695
      vertex 13.4213 -10 -43.5695
    endloop
  endfacet
  facet normal 0 -1 0
    outer loop
      vertex 13.5675 -10 -43.7666
      vertex 17.4325 -10 -43.7666
      vertex 17.5787 -10 -43.5695
    endloop
  endfacet
  facet normal 0 -1 0
    outer loop
      vertex 13.7322 -10 -43.9483
      vertex 17.4325 -10 -43.7666
      vertex 13.5675 -10 -43.7666
    endloop
  endfacet
  facet normal 0 -1 0
    outer loop
      vertex 13.7322 -10 -43.9483
      vertex 17.2678 -10 -43.9483
      vertex 17.4325 -10 -43.7666
    endloop
  endfacet
  facet normal 0 -1 0
    outer loop
      vertex 13.914 -10 -44.1131
      vertex 17.2678 -10 -43.9483
      vertex 13.7322 -10 -43.9483
    endloop
  endfacet
  facet normal 0 -1 0
    outer loop
      vertex 13.914 -10 -44.1131
      vertex 17.086 -10 -44.1131
      vertex 17.2678 -10 -43.9483
    endloop
  endfacet
  facet normal 0 -1 0
    outer loop
      vertex 14.1111 -10 -44.2593
      vertex 17.086 -10 -44.1131
      vertex 13.914 -10 -44.1131
    endloop
  endfacet
  facet normal 0 -1 0
    outer loop
      vertex 14.1111 -10 -44.2593
      vertex 16.8889 -10 -44.2593
      vertex 17.086 -10 -44.1131
    endloop
  endfacet
  facet normal 0 -1 0
    outer loop
      vertex 14.3215 -10 -44.3854
      vertex 16.8889 -10 -44.2593
      vertex 14.1111 -10 -44.2593
    endloop
  endfacet
  facet normal 0 -1 0
    outer loop
      vertex 14.3215 -10 -44.3854
      vertex 16.6785 -10 -44.3854
      vertex 16.8889 -10 -44.2593
    endloop
  endfacet
  facet normal 0 -1 0
    outer loop
      vertex 14.5433 -10 -44.4903
      vertex 16.6785 -10 -44.3854
      vertex 14.3215 -10 -44.3854
    endloop
  endfacet
  facet normal 0 -1 0
    outer loop
      vertex 14.5433 -10 -44.4903
      vertex 16.4567 -10 -44.4903
      vertex 16.6785 -10 -44.3854
    endloop
  endfacet
  facet normal 0 -1 0
    outer loop
      vertex 14.7743 -10 -44.5729
      vertex 16.4567 -10 -44.4903
      vertex 14.5433 -10 -44.4903
    endloop
  endfacet
  facet normal 0 -1 0
    outer loop
      vertex 14.7743 -10 -44.5729
      vertex 16.2257 -10 -44.5729
      vertex 16.4567 -10 -44.4903
    endloop
  endfacet
  facet normal 0 -1 0
    outer loop
      vertex 15.0123 -10 -44.6326
      vertex 16.2257 -10 -44.5729
      vertex 14.7743 -10 -44.5729
    endloop
  endfacet
  facet normal 0 -1 0
    outer loop
      vertex 15.0123 -10 -44.6326
      vertex 15.9877 -10 -44.6326
      vertex 16.2257 -10 -44.5729
    endloop
  endfacet
  facet normal 0 -1 0
    outer loop
      vertex 15.255 -10 -44.6685
      vertex 15.9877 -10 -44.6326
      vertex 15.0123 -10 -44.6326
    endloop
  endfacet
  facet normal 0 -1 0
    outer loop
      vertex 15.255 -10 -44.6685
      vertex 15.745 -10 -44.6685
      vertex 15.9877 -10 -44.6326
    endloop
  endfacet
  facet normal -0 -1 0
    outer loop
      vertex 15.745 -10 -44.6685
      vertex 15.255 -10 -44.6685
      vertex 15.5 -10 -44.6806
    endloop
  endfacet
  facet normal -0 -1 0
    outer loop
      vertex 43.5335 -10 -15.135
      vertex 47.3908 -10 -3.39499
      vertex 43.3587 -10 -15.2241
    endloop
  endfacet
  facet normal 0 -1 0
    outer loop
      vertex -34.1608 -10 -16.7125
      vertex -17.5737 -10 -3.39499
      vertex -47.3908 -10 -3.39499
    endloop
  endfacet
  facet normal 0 -1 0
    outer loop
      vertex -49.8735 -10 -6.18867
      vertex -47.3908 -10 -3.39499
      vertex -47.6358 -10 -3.40703
    endloop
  endfacet
  facet normal 0 -1 0
    outer loop
      vertex -32.7744 -10 -16.9883
      vertex -17.5737 -10 -3.39499
      vertex -34.1608 -10 -16.7125
    endloop
  endfacet
  facet normal 0 -1 0
    outer loop
      vertex -31.4142 -10 -17.3719
      vertex -17.5737 -10 -3.39499
      vertex -32.7744 -10 -16.9883
    endloop
  endfacet
  facet normal 0 -1 0
    outer loop
      vertex -49.8735 -10 -6.18867
      vertex -47.6358 -10 -3.40703
      vertex -47.8785 -10 -3.44302
    endloop
  endfacet
  facet normal 0 -1 0
    outer loop
      vertex -30.0884 -10 -17.861
      vertex -17.5737 -10 -3.39499
      vertex -31.4142 -10 -17.3719
    endloop
  endfacet
  facet normal 0 -1 0
    outer loop
      vertex -49.8735 -10 -6.18867
      vertex -47.8785 -10 -3.44302
      vertex -48.1165 -10 -3.50264
    endloop
  endfacet
  facet normal 0 -1 0
    outer loop
      vertex -28.8047 -10 -18.4529
      vertex -17.5737 -10 -3.39499
      vertex -30.0884 -10 -17.861
    endloop
  endfacet
  facet normal -0 -1 0
    outer loop
      vertex -15.4569 -10 -9.54658
      vertex -17.5737 -10 -3.39499
      vertex -15.5641 -10 -10.2698
    endloop
  endfacet
  facet normal 0 -1 0
    outer loop
      vertex -49.8735 -10 -6.18867
      vertex -48.1165 -10 -3.50264
      vertex -48.3475 -10 -3.5853
    endloop
  endfacet
  facet normal -0 -1 0
    outer loop
      vertex -15.2792 -10 -8.83738
      vertex -17.5737 -10 -3.39499
      vertex -15.4569 -10 -9.54658
    endloop
  endfacet
  facet normal 0 -1 0
    outer loop
      vertex -49.8735 -10 -6.18867
      vertex -48.3475 -10 -3.5853
      vertex -48.5693 -10 -3.69019
    endloop
  endfacet
  facet normal -0 -1 0
    outer loop
      vertex -15.0329 -10 -8.14901
      vertex -17.5737 -10 -3.39499
      vertex -15.2792 -10 -8.83738
    endloop
  endfacet
  facet normal -0 -1 0
    outer loop
      vertex -14.7203 -10 -7.48809
      vertex -17.5737 -10 -3.39499
      vertex -15.0329 -10 -8.14901
    endloop
  endfacet
  facet normal 0 -1 0
    outer loop
      vertex -49.8735 -10 -6.18867
      vertex -48.5693 -10 -3.69019
      vertex -48.7797 -10 -3.81631
    endloop
  endfacet
  facet normal 0 -1 0
    outer loop
      vertex -17.4512 -10 -3.39799
      vertex -14.7203 -10 -7.48809
      vertex -17.1817 -10 -3.41122
    endloop
  endfacet
  facet normal 0 -1 0
    outer loop
      vertex -49.8735 -10 -6.18867
      vertex -48.7797 -10 -3.81631
      vertex -48.9768 -10 -3.96246
    endloop
  endfacet
  facet normal 0 -1 0
    outer loop
      vertex -17.1817 -10 -3.41122
      vertex -14.7203 -10 -7.48809
      vertex -16.9374 -10 -3.43529
    endloop
  endfacet
  facet normal 0 -1 0
    outer loop
      vertex -16.9374 -10 -3.43529
      vertex -14.7203 -10 -7.48809
      vertex -16.7436 -10 -3.46404
    endloop
  endfacet
  facet normal 0 -1 0
    outer loop
      vertex -49.8735 -10 -6.18867
      vertex -48.9768 -10 -3.96246
      vertex -49.1586 -10 -4.12723
    endloop
  endfacet
  facet normal 0 -1 0
    outer loop
      vertex -16.7436 -10 -3.46404
      vertex -14.7203 -10 -7.48809
      vertex -16.5031 -10 -3.51187
    endloop
  endfacet
  facet normal 0 -1 0
    outer loop
      vertex -49.8735 -10 -6.18867
      vertex -49.1586 -10 -4.12723
      vertex -49.3233 -10 -4.30901
    endloop
  endfacet
  facet normal 0 -1 0
    outer loop
      vertex -16.313 -10 -3.55948
      vertex -14.7203 -10 -7.48809
      vertex -16.0782 -10 -3.63071
    endloop
  endfacet
  facet normal 0 -1 0
    outer loop
      vertex -15.8938 -10 -3.69667
      vertex -14.7203 -10 -7.48809
      vertex -15.6671 -10 -3.7906
    endloop
  endfacet
  facet normal 0 -1 0
    outer loop
      vertex -49.8735 -10 -6.18867
      vertex -49.3233 -10 -4.30901
      vertex -49.4695 -10 -4.50606
    endloop
  endfacet
  facet normal 0 -1 0
    outer loop
      vertex -15.6671 -10 -3.7906
      vertex -14.7203 -10 -7.48809
      vertex -15.4899 -10 -3.87442
    endloop
  endfacet
  facet normal 0 -1 0
    outer loop
      vertex -49.8735 -10 -6.18867
      vertex -49.4695 -10 -4.50606
      vertex -49.5956 -10 -4.71649
    endloop
  endfacet
  facet normal -0 -1 0
    outer loop
      vertex -14.3444 -10 -6.861
      vertex -15.4899 -10 -3.87442
      vertex -14.7203 -10 -7.48809
    endloop
  endfacet
  facet normal 0 -1 0
    outer loop
      vertex -49.8735 -10 -6.18867
      vertex -49.5956 -10 -4.71649
      vertex -49.7005 -10 -4.93828
    endloop
  endfacet
  facet normal 0 -1 0
    outer loop
      vertex -15.4899 -10 -3.87442
      vertex -14.3444 -10 -6.861
      vertex -15.2737 -10 -3.98997
    endloop
  endfacet
  facet normal 0 -1 0
    outer loop
      vertex -15.2737 -10 -3.98997
      vertex -14.3444 -10 -6.861
      vertex -15.1058 -10 -4.09062
    endloop
  endfacet
  facet normal 0 -1 0
    outer loop
      vertex -49.8735 -10 -6.18867
      vertex -49.7005 -10 -4.93828
      vertex -49.7832 -10 -5.16928
    endloop
  endfacet
  facet normal 0 -1 0
    outer loop
      vertex -14.7441 -10 -4.34387
      vertex -14.3444 -10 -6.861
      vertex -14.5545 -10 -4.4995
    endloop
  endfacet
  facet normal 0 -1 0
    outer loop
      vertex -49.8735 -10 -6.18867
      vertex -49.7832 -10 -5.16928
      vertex -49.8428 -10 -5.40726
    endloop
  endfacet
  facet normal 0 -1 0
    outer loop
      vertex -14.5545 -10 -4.4995
      vertex -14.3444 -10 -6.861
      vertex -14.4094 -10 -4.63097
    endloop
  endfacet
  facet normal 0 -1 0
    outer loop
      vertex -49.8735 -10 -6.18867
      vertex -49.8428 -10 -5.40726
      vertex -49.8788 -10 -5.64995
    endloop
  endfacet
  facet normal -0 -1 0
    outer loop
      vertex -13.9089 -10 -6.27377
      vertex -14.1045 -10 -4.94945
      vertex -14.3444 -10 -6.861
    endloop
  endfacet
  facet normal 0 -1 -0
    outer loop
      vertex -13.832 -10 -5.29662
      vertex -13.9089 -10 -6.27377
      vertex -13.6956 -10 -5.50076
    endloop
  endfacet
  facet normal 0 -1 0
    outer loop
      vertex -49.8735 -10 -6.18867
      vertex -49.8788 -10 -5.64995
      vertex -49.8908 -10 -5.89499
    endloop
  endfacet
  facet normal 0 -1 0
    outer loop
      vertex -47.3908 -10 -3.39499
      vertex -49.8735 -10 -6.18867
      vertex -49.8638 -10 -6.27032
    endloop
  endfacet
  facet normal 0 -1 0
    outer loop
      vertex -47.3908 -10 -3.39499
      vertex -49.8638 -10 -6.27032
      vertex -49.8331 -10 -6.46439
    endloop
  endfacet
  facet normal 0 -1 -0
    outer loop
      vertex -13.595 -10 -5.6687
      vertex -13.9089 -10 -6.27377
      vertex -13.508 -10 -5.83143
    endloop
  endfacet
  facet normal 0 -1 0
    outer loop
      vertex -47.3908 -10 -3.39499
      vertex -49.8331 -10 -6.46439
      vertex -49.6876 -10 -7.19603
    endloop
  endfacet
  facet normal 0 -1 -0
    outer loop
      vertex -13.6956 -10 -5.50076
      vertex -13.9089 -10 -6.27377
      vertex -13.595 -10 -5.6687
    endloop
  endfacet
  facet normal 0 -1 0
    outer loop
      vertex -47.3908 -10 -3.39499
      vertex -49.6876 -10 -7.19603
      vertex -49.6418 -10 -7.38684
    endloop
  endfacet
  facet normal 0 -1 0
    outer loop
      vertex -47.3908 -10 -3.39499
      vertex -49.6418 -10 -7.38684
      vertex -49.4393 -10 -8.10457
    endloop
  endfacet
  facet normal 0 -1 0
    outer loop
      vertex -14.1045 -10 -4.94945
      vertex -13.9089 -10 -6.27377
      vertex -13.9489 -10 -5.13907
    endloop
  endfacet
  facet normal 0 -1 0
    outer loop
      vertex -47.3908 -10 -3.39499
      vertex -49.4393 -10 -8.10457
      vertex -49.3787 -10 -8.29131
    endloop
  endfacet
  facet normal 0 -1 0
    outer loop
      vertex -47.3908 -10 -3.39499
      vertex -35.5642 -10 -16.5464
      vertex -34.1608 -10 -16.7125
    endloop
  endfacet
  facet normal 0 -1 0
    outer loop
      vertex -47.3908 -10 -3.39499
      vertex -49.3787 -10 -8.29131
      vertex -49.1205 -10 -8.991
    endloop
  endfacet
  facet normal 0 -1 0
    outer loop
      vertex -13.9489 -10 -5.13907
      vertex -13.9089 -10 -6.27377
      vertex -13.832 -10 -5.29662
    endloop
  endfacet
  facet normal 0 -1 0
    outer loop
      vertex -47.3908 -10 -3.39499
      vertex -49.1205 -10 -8.991
      vertex -49.0454 -10 -9.17238
    endloop
  endfacet
  facet normal 0 -1 0
    outer loop
      vertex -47.3908 -10 -3.39499
      vertex -49.0454 -10 -9.17238
      vertex -48.7332 -10 -9.84959
    endloop
  endfacet
  facet normal 0 -1 0
    outer loop
      vertex -14.4094 -10 -4.63097
      vertex -14.3444 -10 -6.861
      vertex -14.236 -10 -4.8044
    endloop
  endfacet
  facet normal 0 -1 0
    outer loop
      vertex -47.3908 -10 -3.39499
      vertex -48.7332 -10 -9.84959
      vertex -48.6441 -10 -10.0245
    endloop
  endfacet
  facet normal 0 -1 0
    outer loop
      vertex -47.3908 -10 -3.39499
      vertex -48.6441 -10 -10.0245
      vertex -48.2797 -10 -10.6752
    endloop
  endfacet
  facet normal 0 -1 -0
    outer loop
      vertex -14.236 -10 -4.8044
      vertex -14.3444 -10 -6.861
      vertex -14.1045 -10 -4.94945
    endloop
  endfacet
  facet normal 0 -1 0
    outer loop
      vertex -47.3908 -10 -3.39499
      vertex -48.2797 -10 -10.6752
      vertex -48.1771 -10 -10.8425
    endloop
  endfacet
  facet normal 0 -1 0
    outer loop
      vertex -47.3908 -10 -3.39499
      vertex -48.1771 -10 -10.8425
      vertex -47.7628 -10 -11.4627
    endloop
  endfacet
  facet normal 0 -1 0
    outer loop
      vertex -14.9016 -10 -4.22702
      vertex -14.3444 -10 -6.861
      vertex -14.7441 -10 -4.34387
    endloop
  endfacet
  facet normal 0 -1 0
    outer loop
      vertex -47.3908 -10 -3.39499
      vertex -47.7628 -10 -11.4627
      vertex -47.6474 -10 -11.6215
    endloop
  endfacet
  facet normal 0 -1 -0
    outer loop
      vertex -47.3908 -10 -3.39499
      vertex -47.6474 -10 -11.6215
      vertex -47.1856 -10 -12.2072
    endloop
  endfacet
  facet normal 0 -1 0
    outer loop
      vertex -15.1058 -10 -4.09062
      vertex -14.3444 -10 -6.861
      vertex -14.9016 -10 -4.22702
    endloop
  endfacet
  facet normal 0 -1 0
    outer loop
      vertex -47.3908 -10 -3.39499
      vertex -47.1856 -10 -12.2072
      vertex -47.0582 -10 -12.3564
    endloop
  endfacet
  facet normal 0 -1 0
    outer loop
      vertex -47.3908 -10 -3.39499
      vertex -47.0582 -10 -12.3564
      vertex -46.552 -10 -12.9041
    endloop
  endfacet
  facet normal 0 -1 0
    outer loop
      vertex -16.0782 -10 -3.63071
      vertex -14.7203 -10 -7.48809
      vertex -15.8938 -10 -3.69667
    endloop
  endfacet
  facet normal 0 -1 0
    outer loop
      vertex -47.3908 -10 -3.39499
      vertex -46.552 -10 -12.9041
      vertex -46.4131 -10 -13.0429
    endloop
  endfacet
  facet normal 0 -1 0
    outer loop
      vertex -47.3908 -10 -3.39499
      vertex -46.4131 -10 -13.0429
      vertex -45.8655 -10 -13.5491
    endloop
  endfacet
  facet normal 0 -1 0
    outer loop
      vertex -16.5031 -10 -3.51187
      vertex -14.7203 -10 -7.48809
      vertex -16.313 -10 -3.55948
    endloop
  endfacet
  facet normal 0 -1 0
    outer loop
      vertex -47.3908 -10 -3.39499
      vertex -45.8655 -10 -13.5491
      vertex -45.7163 -10 -13.6766
    endloop
  endfacet
  facet normal 0 -1 0
    outer loop
      vertex -47.3908 -10 -3.39499
      vertex -45.7163 -10 -13.6766
      vertex -45.1306 -10 -14.1383
    endloop
  endfacet
  facet normal 0 -1 0
    outer loop
      vertex -17.5737 -10 -3.39499
      vertex -14.7203 -10 -7.48809
      vertex -17.4512 -10 -3.39799
    endloop
  endfacet
  facet normal 0 -1 0
    outer loop
      vertex -47.3908 -10 -3.39499
      vertex -45.1306 -10 -14.1383
      vertex -44.9717 -10 -14.2537
    endloop
  endfacet
  facet normal 0 -1 0
    outer loop
      vertex -47.3908 -10 -3.39499
      vertex -44.9717 -10 -14.2537
      vertex -44.3516 -10 -14.6681
    endloop
  endfacet
  facet normal 0 -1 -0
    outer loop
      vertex -17.5737 -10 -3.39499
      vertex -28.8047 -10 -18.4529
      vertex -15.5641 -10 -10.2698
    endloop
  endfacet
  facet normal 0 -1 0
    outer loop
      vertex -47.3908 -10 -3.39499
      vertex -44.3516 -10 -14.6681
      vertex -44.1842 -10 -14.7706
    endloop
  endfacet
  facet normal 0 -1 0
    outer loop
      vertex -47.3908 -10 -3.39499
      vertex -44.1842 -10 -14.7706
      vertex -43.5335 -10 -15.135
    endloop
  endfacet
  facet normal 0 -1 0
    outer loop
      vertex -47.3908 -10 -3.39499
      vertex -43.5335 -10 -15.135
      vertex -43.3587 -10 -15.2241
    endloop
  endfacet
  facet normal 0 -1 0
    outer loop
      vertex -15.5641 -10 -10.2698
      vertex -28.8047 -10 -18.4529
      vertex -15.6 -10 -11
    endloop
  endfacet
  facet normal 0 -1 0
    outer loop
      vertex -47.3908 -10 -3.39499
      vertex -43.3587 -10 -15.2241
      vertex -42.6814 -10 -15.5363
    endloop
  endfacet
  facet normal 0 -1 0
    outer loop
      vertex -47.3908 -10 -3.39499
      vertex -42.6814 -10 -15.5363
      vertex -42.5001 -10 -15.6115
    endloop
  endfacet
  facet normal 0 -1 0
    outer loop
      vertex -47.3908 -10 -3.39499
      vertex -42.5001 -10 -15.6115
      vertex -41.8004 -10 -15.8696
    endloop
  endfacet
  facet normal 0 -1 0
    outer loop
      vertex -27.5716 -10 -19.1434
      vertex -15.6 -10 -11
      vertex -28.8047 -10 -18.4529
    endloop
  endfacet
  facet normal 0 -1 0
    outer loop
      vertex -47.3908 -10 -3.39499
      vertex -41.8004 -10 -15.8696
      vertex -41.6136 -10 -15.9303
    endloop
  endfacet
  facet normal 0 -1 0
    outer loop
      vertex -47.3908 -10 -3.39499
      vertex -41.6136 -10 -15.9303
      vertex -40.8959 -10 -16.1327
    endloop
  endfacet
  facet normal 0 -1 0
    outer loop
      vertex -47.3908 -10 -3.39499
      vertex -40.8959 -10 -16.1327
      vertex -40.7051 -10 -16.1785
    endloop
  endfacet
  facet normal 0 -1 0
    outer loop
      vertex -47.3908 -10 -3.39499
      vertex -40.7051 -10 -16.1785
      vertex -39.9734 -10 -16.3241
    endloop
  endfacet
  facet normal 0 -1 -0
    outer loop
      vertex -15.6 -10 -11
      vertex -27.5716 -10 -19.1434
      vertex -15.5641 -10 -11.7302
    endloop
  endfacet
  facet normal 0 -1 0
    outer loop
      vertex -47.3908 -10 -3.39499
      vertex -39.9734 -10 -16.3241
      vertex -39.7795 -10 -16.3548
    endloop
  endfacet
  facet normal 0 -1 0
    outer loop
      vertex -47.3908 -10 -3.39499
      vertex -39.7795 -10 -16.3548
      vertex -39.0391 -10 -16.4424
    endloop
  endfacet
  facet normal 0 -1 0
    outer loop
      vertex -47.3908 -10 -3.39499
      vertex -39.0391 -10 -16.4424
      vertex -38.8435 -10 -16.4578
    endloop
  endfacet
  facet normal 0 -1 0
    outer loop
      vertex -47.3908 -10 -3.39499
      vertex -38.8435 -10 -16.4578
      vertex -38.0489 -10 -16.489
    endloop
  endfacet
  facet normal 0 -1 0
    outer loop
      vertex -47.3908 -10 -3.39499
      vertex -38.0489 -10 -16.489
      vertex -37.9507 -10 -16.4909
    endloop
  endfacet
  facet normal 0 -1 0
    outer loop
      vertex -47.3908 -10 -3.39499
      vertex -37.9507 -10 -16.4909
      vertex -36.9767 -10 -16.4909
    endloop
  endfacet
  facet normal 0 -1 0
    outer loop
      vertex -47.3908 -10 -3.39499
      vertex -36.9767 -10 -16.4909
      vertex -35.5642 -10 -16.5464
    endloop
  endfacet
  facet normal 0 -1 -0
    outer loop
      vertex -15.5641 -10 -11.7302
      vertex -27.5716 -10 -19.1434
      vertex -15.4569 -10 -12.4534
    endloop
  endfacet
  facet normal 0 -1 0
    outer loop
      vertex -26.3964 -10 -19.9286
      vertex -15.4569 -10 -12.4534
      vertex -27.5716 -10 -19.1434
    endloop
  endfacet
  facet normal 0 -1 -0
    outer loop
      vertex -15.4569 -10 -12.4534
      vertex -26.3964 -10 -19.9286
      vertex -15.2792 -10 -13.1626
    endloop
  endfacet
  facet normal 0 -1 0
    outer loop
      vertex -25.2865 -10 -20.8036
      vertex -15.2792 -10 -13.1626
      vertex -26.3964 -10 -19.9286
    endloop
  endfacet
  facet normal 0 -1 -0
    outer loop
      vertex -15.2792 -10 -13.1626
      vertex -25.2865 -10 -20.8036
      vertex -15.0329 -10 -13.851
    endloop
  endfacet
  facet normal 0 -1 0
    outer loop
      vertex -24.2486 -10 -21.763
      vertex -15.0329 -10 -13.851
      vertex -25.2865 -10 -20.8036
    endloop
  endfacet
  facet normal 0 -1 -0
    outer loop
      vertex -15.0329 -10 -13.851
      vertex -24.2486 -10 -21.763
      vertex -14.7203 -10 -14.5119
    endloop
  endfacet
  facet normal 0 -1 -0
    outer loop
      vertex -14.7203 -10 -14.5119
      vertex -24.2486 -10 -21.763
      vertex -14.3444 -10 -15.139
    endloop
  endfacet
  facet normal 0 -1 0
    outer loop
      vertex -23.2893 -10 -22.8008
      vertex -14.3444 -10 -15.139
      vertex -24.2486 -10 -21.763
    endloop
  endfacet
  facet normal 0 -1 -0
    outer loop
      vertex -14.3444 -10 -15.139
      vertex -23.2893 -10 -22.8008
      vertex -13.9089 -10 -15.7262
    endloop
  endfacet
  facet normal 0 -1 0
    outer loop
      vertex -22.4142 -10 -23.9109
      vertex -13.9089 -10 -15.7262
      vertex -23.2893 -10 -22.8008
    endloop
  endfacet
  facet normal 0 -1 -0
    outer loop
      vertex -13.9089 -10 -15.7262
      vertex -22.4142 -10 -23.9109
      vertex -13.4179 -10 -16.2679
    endloop
  endfacet
  facet normal 0 -1 -0
    outer loop
      vertex -13.4179 -10 -16.2679
      vertex -22.4142 -10 -23.9109
      vertex -13 -10 -16.6467
    endloop
  endfacet
  facet normal 0 -1 0
    outer loop
      vertex -21.6291 -10 -25.0858
      vertex -13 -10 -16.6467
      vertex -22.4142 -10 -23.9109
    endloop
  endfacet
  facet normal 0 -1 0
    outer loop
      vertex -20.9385 -10 -26.3191
      vertex -13 -10 -16.6467
      vertex -21.6291 -10 -25.0858
    endloop
  endfacet
  facet normal 0 -1 0
    outer loop
      vertex -20.3467 -10 -27.6028
      vertex -13 -10 -16.6467
      vertex -20.9385 -10 -26.3191
    endloop
  endfacet
  facet normal 0 -1 0
    outer loop
      vertex -19.8575 -10 -28.9286
      vertex -13 -10 -16.6467
      vertex -20.3467 -10 -27.6028
    endloop
  endfacet
  facet normal 0 -1 0
    outer loop
      vertex -19.4739 -10 -30.2888
      vertex -13 -10 -16.6467
      vertex -19.8575 -10 -28.9286
    endloop
  endfacet
  facet normal 0 -1 0
    outer loop
      vertex -19.1982 -10 -31.6752
      vertex -13 -10 -16.6467
      vertex -19.4739 -10 -30.2888
    endloop
  endfacet
  facet normal 0 -1 0
    outer loop
      vertex -13 -10 -42.1806
      vertex -19.1982 -10 -31.6752
      vertex -19.0321 -10 -33.0785
    endloop
  endfacet
  facet normal 0 -1 0
    outer loop
      vertex -13 -10 -42.1806
      vertex -19.0321 -10 -33.0785
      vertex -18.9766 -10 -34.491
    endloop
  endfacet
  facet normal 0 -1 0
    outer loop
      vertex -13 -10 -42.1806
      vertex -18.9766 -10 -34.491
      vertex -18.9766 -10 -37.9507
    endloop
  endfacet
  facet normal 0 -1 0
    outer loop
      vertex -13 -10 -42.1806
      vertex -18.9766 -10 -37.9507
      vertex -18.9746 -10 -38.0489
    endloop
  endfacet
  facet normal 0 -1 0
    outer loop
      vertex -13 -10 -42.1806
      vertex -18.9746 -10 -38.0489
      vertex -18.9434 -10 -38.8435
    endloop
  endfacet
  facet normal 0 -1 0
    outer loop
      vertex -13 -10 -42.1806
      vertex -18.9434 -10 -38.8435
      vertex -18.928 -10 -39.0391
    endloop
  endfacet
  facet normal 0 -1 0
    outer loop
      vertex -13 -10 -42.1806
      vertex -18.928 -10 -39.0391
      vertex -18.8404 -10 -39.7795
    endloop
  endfacet
  facet normal 0 -1 0
    outer loop
      vertex -13 -10 -42.1806
      vertex -18.8404 -10 -39.7795
      vertex -18.8097 -10 -39.9734
    endloop
  endfacet
  facet normal 0 -1 0
    outer loop
      vertex -13 -10 -42.1806
      vertex -18.8097 -10 -39.9734
      vertex -18.6641 -10 -40.7051
    endloop
  endfacet
  facet normal 0 -1 0
    outer loop
      vertex -13 -10 -42.1806
      vertex -18.6641 -10 -40.7051
      vertex -18.6183 -10 -40.8959
    endloop
  endfacet
  facet normal 0 -1 0
    outer loop
      vertex -13 -10 -42.1806
      vertex -18.6183 -10 -40.8959
      vertex -18.4159 -10 -41.6136
    endloop
  endfacet
  facet normal 0 -1 0
    outer loop
      vertex -13 -10 -42.1806
      vertex -18.4159 -10 -41.6136
      vertex -18.3552 -10 -41.8004
    endloop
  endfacet
  facet normal 0 -1 0
    outer loop
      vertex -19.1982 -10 -31.6752
      vertex -13 -10 -42.1806
      vertex -13 -10 -16.6467
    endloop
  endfacet
  facet normal 0 -1 0
    outer loop
      vertex -18.0971 -10 -42.5001
      vertex -13 -10 -42.1806
      vertex -18.3552 -10 -41.8004
    endloop
  endfacet
  facet normal 0 -1 0
    outer loop
      vertex -18.022 -10 -42.6814
      vertex -13 -10 -42.1806
      vertex -18.0971 -10 -42.5001
    endloop
  endfacet
  facet normal 0 -1 0
    outer loop
      vertex -17.7704 -10 -43.2272
      vertex -13 -10 -42.1806
      vertex -18.022 -10 -42.6814
    endloop
  endfacet
  facet normal 0 -1 0
    outer loop
      vertex -13 -10 -42.1806
      vertex -17.7704 -10 -43.2272
      vertex -13.0043 -10 -42.3277
    endloop
  endfacet
  facet normal 0 -1 0
    outer loop
      vertex -13.0043 -10 -42.3277
      vertex -17.7704 -10 -43.2272
      vertex -13.0308 -10 -42.5717
    endloop
  endfacet
  facet normal 0 -1 0
    outer loop
      vertex -13.0308 -10 -42.5717
      vertex -17.7704 -10 -43.2272
      vertex -13.081 -10 -42.8118
    endloop
  endfacet
  facet normal 0 -1 0
    outer loop
      vertex -13.081 -10 -42.8118
      vertex -17.7704 -10 -43.2272
      vertex -13.1545 -10 -43.0459
    endloop
  endfacet
  facet normal 0 -1 0
    outer loop
      vertex -17.7704 -10 -43.2272
      vertex -13.2506 -10 -43.2716
      vertex -13.1545 -10 -43.0459
    endloop
  endfacet
  facet normal 0 -1 0
    outer loop
      vertex -17.6568 -10 -43.4447
      vertex -13.2506 -10 -43.2716
      vertex -17.7704 -10 -43.2272
    endloop
  endfacet
  facet normal 0 -1 0
    outer loop
      vertex -17.6568 -10 -43.4447
      vertex -13.3684 -10 -43.4868
      vertex -13.2506 -10 -43.2716
    endloop
  endfacet
  facet normal 0 -1 0
    outer loop
      vertex -17.5225 -10 -43.6501
      vertex -13.3684 -10 -43.4868
      vertex -17.6568 -10 -43.4447
    endloop
  endfacet
  facet normal 0 -1 0
    outer loop
      vertex -17.5225 -10 -43.6501
      vertex -13.5067 -10 -43.6895
      vertex -13.3684 -10 -43.4868
    endloop
  endfacet
  facet normal 0 -1 0
    outer loop
      vertex -17.3688 -10 -43.8412
      vertex -13.5067 -10 -43.6895
      vertex -17.5225 -10 -43.6501
    endloop
  endfacet
  facet normal 0 -1 0
    outer loop
      vertex -17.3688 -10 -43.8412
      vertex -13.6642 -10 -43.8776
      vertex -13.5067 -10 -43.6895
    endloop
  endfacet
  facet normal 0 -1 0
    outer loop
      vertex -17.197 -10 -44.0164
      vertex -13.6642 -10 -43.8776
      vertex -17.3688 -10 -43.8412
    endloop
  endfacet
  facet normal 0 -1 0
    outer loop
      vertex -17.197 -10 -44.0164
      vertex -13.8394 -10 -44.0493
      vertex -13.6642 -10 -43.8776
    endloop
  endfacet
  facet normal 0 -1 0
    outer loop
      vertex -17.0089 -10 -44.1739
      vertex -13.8394 -10 -44.0493
      vertex -17.197 -10 -44.0164
    endloop
  endfacet
  facet normal 0 -1 0
    outer loop
      vertex -17.0089 -10 -44.1739
      vertex -14.0305 -10 -44.2031
      vertex -13.8394 -10 -44.0493
    endloop
  endfacet
  facet normal 0 -1 0
    outer loop
      vertex -16.8062 -10 -44.3122
      vertex -14.0305 -10 -44.2031
      vertex -17.0089 -10 -44.1739
    endloop
  endfacet
  facet normal 0 -1 0
    outer loop
      vertex -16.8062 -10 -44.3122
      vertex -14.2358 -10 -44.3374
      vertex -14.0305 -10 -44.2031
    endloop
  endfacet
  facet normal 0 -1 0
    outer loop
      vertex -16.591 -10 -44.43
      vertex -14.2358 -10 -44.3374
      vertex -16.8062 -10 -44.3122
    endloop
  endfacet
  facet normal 0 -1 0
    outer loop
      vertex -16.591 -10 -44.43
      vertex -14.4533 -10 -44.4509
      vertex -14.2358 -10 -44.3374
    endloop
  endfacet
  facet normal 0 -1 0
    outer loop
      vertex -16.3653 -10 -44.5261
      vertex -14.4533 -10 -44.4509
      vertex -16.591 -10 -44.43
    endloop
  endfacet
  facet normal 0 -1 0
    outer loop
      vertex -16.3653 -10 -44.5261
      vertex -14.6809 -10 -44.5426
      vertex -14.4533 -10 -44.4509
    endloop
  endfacet
  facet normal 0 -1 0
    outer loop
      vertex -16.1312 -10 -44.5996
      vertex -14.6809 -10 -44.5426
      vertex -16.3653 -10 -44.5261
    endloop
  endfacet
  facet normal 0 -1 0
    outer loop
      vertex -16.1312 -10 -44.5996
      vertex -14.9164 -10 -44.6115
      vertex -14.6809 -10 -44.5426
    endloop
  endfacet
  facet normal 0 -1 0
    outer loop
      vertex -15.8911 -10 -44.6498
      vertex -14.9164 -10 -44.6115
      vertex -16.1312 -10 -44.5996
    endloop
  endfacet
  facet normal 0 -1 0
    outer loop
      vertex -15.8911 -10 -44.6498
      vertex -15.1575 -10 -44.657
      vertex -14.9164 -10 -44.6115
    endloop
  endfacet
  facet normal 0 -1 0
    outer loop
      vertex -15.6472 -10 -44.6763
      vertex -15.1575 -10 -44.657
      vertex -15.8911 -10 -44.6498
    endloop
  endfacet
  facet normal 0 -1 0
    outer loop
      vertex -15.1575 -10 -44.657
      vertex -15.6472 -10 -44.6763
      vertex -15.4018 -10 -44.6787
    endloop
  endfacet
  facet normal 0.185445 0 -0.982655
    outer loop
      vertex -15.1575 -10 -44.657
      vertex -14.9164 0 -44.6115
      vertex -14.9164 -10 -44.6115
    endloop
  endfacet
  facet normal 0.185445 0 -0.982655
    outer loop
      vertex -14.9164 0 -44.6115
      vertex -15.1575 -10 -44.657
      vertex -15.1575 0 -44.657
    endloop
  endfacet
  facet normal 0.280798 0 -0.959767
    outer loop
      vertex -14.9164 -10 -44.6115
      vertex -14.6809 0 -44.5426
      vertex -14.6809 -10 -44.5426
    endloop
  endfacet
  facet normal 0.280798 0 -0.959767
    outer loop
      vertex -14.6809 0 -44.5426
      vertex -14.9164 -10 -44.6115
      vertex -14.9164 0 -44.6115
    endloop
  endfacet
  facet normal 0.373708 0 -0.927546
    outer loop
      vertex -14.6809 -10 -44.5426
      vertex -14.4533 0 -44.4509
      vertex -14.4533 -10 -44.4509
    endloop
  endfacet
  facet normal 0.373708 0 -0.927546
    outer loop
      vertex -14.4533 0 -44.4509
      vertex -14.6809 -10 -44.5426
      vertex -14.6809 0 -44.5426
    endloop
  endfacet
  facet normal 0.462636 0 -0.886549
    outer loop
      vertex -14.4533 -10 -44.4509
      vertex -14.2358 0 -44.3374
      vertex -14.2358 -10 -44.3374
    endloop
  endfacet
  facet normal 0.462636 0 -0.886549
    outer loop
      vertex -14.2358 0 -44.3374
      vertex -14.4533 -10 -44.4509
      vertex -14.4533 0 -44.4509
    endloop
  endfacet
  facet normal 0.547436 0 -0.836848
    outer loop
      vertex -14.2358 -10 -44.3374
      vertex -14.0305 0 -44.2031
      vertex -14.0305 -10 -44.2031
    endloop
  endfacet
  facet normal 0.547436 0 -0.836848
    outer loop
      vertex -14.0305 0 -44.2031
      vertex -14.2358 -10 -44.3374
      vertex -14.2358 0 -44.3374
    endloop
  endfacet
  facet normal 0.626979 0 -0.779036
    outer loop
      vertex -14.0305 -10 -44.2031
      vertex -13.8394 0 -44.0493
      vertex -13.8394 -10 -44.0493
    endloop
  endfacet
  facet normal 0.626979 0 -0.779036
    outer loop
      vertex -13.8394 0 -44.0493
      vertex -14.0305 -10 -44.2031
      vertex -14.0305 0 -44.2031
    endloop
  endfacet
  facet normal 0.699937 0 -0.714205
    outer loop
      vertex -13.8394 -10 -44.0493
      vertex -13.6642 0 -43.8776
      vertex -13.6642 -10 -43.8776
    endloop
  endfacet
  facet normal 0.699937 0 -0.714205
    outer loop
      vertex -13.6642 0 -43.8776
      vertex -13.8394 -10 -44.0493
      vertex -13.8394 0 -44.0493
    endloop
  endfacet
  facet normal 0.766716 0 -0.641987
    outer loop
      vertex -13.5067 -10 -43.6895
      vertex -13.6642 0 -43.8776
      vertex -13.5067 0 -43.6895
    endloop
  endfacet
  facet normal 0.766716 0 -0.641987
    outer loop
      vertex -13.6642 0 -43.8776
      vertex -13.5067 -10 -43.6895
      vertex -13.6642 -10 -43.8776
    endloop
  endfacet
  facet normal 0.826046 0 -0.563602
    outer loop
      vertex -13.3684 -10 -43.4868
      vertex -13.5067 0 -43.6895
      vertex -13.3684 0 -43.4868
    endloop
  endfacet
  facet normal 0.826046 0 -0.563602
    outer loop
      vertex -13.5067 0 -43.6895
      vertex -13.3684 -10 -43.4868
      vertex -13.5067 -10 -43.6895
    endloop
  endfacet
  facet normal 0.877178 0 -0.480165
    outer loop
      vertex -13.2506 -10 -43.2716
      vertex -13.3684 0 -43.4868
      vertex -13.2506 0 -43.2716
    endloop
  endfacet
  facet normal 0.877178 0 -0.480165
    outer loop
      vertex -13.3684 0 -43.4868
      vertex -13.2506 -10 -43.2716
      vertex -13.3684 -10 -43.4868
    endloop
  endfacet
  facet normal 0.92007 0 -0.391753
    outer loop
      vertex -13.1545 -10 -43.0459
      vertex -13.2506 0 -43.2716
      vertex -13.1545 0 -43.0459
    endloop
  endfacet
  facet normal 0.92007 0 -0.391753
    outer loop
      vertex -13.2506 0 -43.2716
      vertex -13.1545 -10 -43.0459
      vertex -13.2506 -10 -43.2716
    endloop
  endfacet
  facet normal 0.95408 0 -0.299551
    outer loop
      vertex -13.081 -10 -42.8118
      vertex -13.1545 0 -43.0459
      vertex -13.081 0 -42.8118
    endloop
  endfacet
  facet normal 0.95408 0 -0.299551
    outer loop
      vertex -13.1545 0 -43.0459
      vertex -13.081 -10 -42.8118
      vertex -13.1545 -10 -43.0459
    endloop
  endfacet
  facet normal 0.978834 0 -0.204654
    outer loop
      vertex -13.0308 -10 -42.5717
      vertex -13.081 0 -42.8118
      vertex -13.0308 0 -42.5717
    endloop
  endfacet
  facet normal 0.978834 0 -0.204654
    outer loop
      vertex -13.081 0 -42.8118
      vertex -13.0308 -10 -42.5717
      vertex -13.081 -10 -42.8118
    endloop
  endfacet
  facet normal 0.994154 0 -0.107972
    outer loop
      vertex -13.0043 -10 -42.3277
      vertex -13.0308 0 -42.5717
      vertex -13.0043 0 -42.3277
    endloop
  endfacet
  facet normal 0.994154 0 -0.107972
    outer loop
      vertex -13.0308 0 -42.5717
      vertex -13.0043 -10 -42.3277
      vertex -13.0308 -10 -42.5717
    endloop
  endfacet
  facet normal 0.999573 0 -0.0292193
    outer loop
      vertex -13 -10 -42.1806
      vertex -13.0043 0 -42.3277
      vertex -13 0 -42.1806
    endloop
  endfacet
  facet normal 0.999573 0 -0.0292193
    outer loop
      vertex -13.0043 0 -42.3277
      vertex -13 -10 -42.1806
      vertex -13.0043 -10 -42.3277
    endloop
  endfacet
  facet normal 1 -0 0
    outer loop
      vertex -13 -10 -16.6467
      vertex -13 0 -42.1806
      vertex -13 0 -16.6467
    endloop
  endfacet
  facet normal 1 0 0
    outer loop
      vertex -13 0 -42.1806
      vertex -13 -10 -16.6467
      vertex -13 -10 -42.1806
    endloop
  endfacet
  facet normal 0.881878 -0 0.471477
    outer loop
      vertex -13.595 -10 -5.6687
      vertex -13.508 0 -5.83143
      vertex -13.595 0 -5.6687
    endloop
  endfacet
  facet normal 0.881878 0 0.471477
    outer loop
      vertex -13.508 0 -5.83143
      vertex -13.595 -10 -5.6687
      vertex -13.508 -10 -5.83143
    endloop
  endfacet
  facet normal 0.857862 -0 0.51388
    outer loop
      vertex -13.6956 -10 -5.50076
      vertex -13.595 0 -5.6687
      vertex -13.6956 0 -5.50076
    endloop
  endfacet
  facet normal 0.857862 0 0.51388
    outer loop
      vertex -13.595 0 -5.6687
      vertex -13.6956 -10 -5.50076
      vertex -13.595 -10 -5.6687
    endloop
  endfacet
  facet normal 0.831473 -0 0.555565
    outer loop
      vertex -13.832 -10 -5.29662
      vertex -13.6956 0 -5.50076
      vertex -13.832 0 -5.29662
    endloop
  endfacet
  facet normal 0.831473 0 0.555565
    outer loop
      vertex -13.6956 0 -5.50076
      vertex -13.832 -10 -5.29662
      vertex -13.6956 -10 -5.50076
    endloop
  endfacet
  facet normal 0.803078 -0 0.595873
    outer loop
      vertex -13.9489 -10 -5.13907
      vertex -13.832 0 -5.29662
      vertex -13.9489 0 -5.13907
    endloop
  endfacet
  facet normal 0.803078 0 0.595873
    outer loop
      vertex -13.832 0 -5.29662
      vertex -13.9489 -10 -5.13907
      vertex -13.832 -10 -5.29662
    endloop
  endfacet
  facet normal 0.773045 -0 0.634352
    outer loop
      vertex -14.1045 -10 -4.94945
      vertex -13.9489 0 -5.13907
      vertex -14.1045 0 -4.94945
    endloop
  endfacet
  facet normal 0.773045 0 0.634352
    outer loop
      vertex -13.9489 0 -5.13907
      vertex -14.1045 -10 -4.94945
      vertex -13.9489 -10 -5.13907
    endloop
  endfacet
  facet normal 0.740864 -0 0.671655
    outer loop
      vertex -14.236 -10 -4.8044
      vertex -14.1045 0 -4.94945
      vertex -14.236 0 -4.8044
    endloop
  endfacet
  facet normal 0.740864 0 0.671655
    outer loop
      vertex -14.1045 0 -4.94945
      vertex -14.236 -10 -4.8044
      vertex -14.1045 -10 -4.94945
    endloop
  endfacet
  facet normal 0.707168 -0 0.707046
    outer loop
      vertex -14.4094 -10 -4.63097
      vertex -14.236 0 -4.8044
      vertex -14.4094 0 -4.63097
    endloop
  endfacet
  facet normal 0.707168 0 0.707046
    outer loop
      vertex -14.236 0 -4.8044
      vertex -14.4094 -10 -4.63097
      vertex -14.236 -10 -4.8044
    endloop
  endfacet
  facet normal 0.671444 0 0.741055
    outer loop
      vertex -14.5545 0 -4.4995
      vertex -14.4094 -10 -4.63097
      vertex -14.4094 0 -4.63097
    endloop
  endfacet
  facet normal 0.671444 0 0.741055
    outer loop
      vertex -14.4094 -10 -4.63097
      vertex -14.5545 0 -4.4995
      vertex -14.5545 -10 -4.4995
    endloop
  endfacet
  facet normal 0.634465 0 0.772952
    outer loop
      vertex -14.7441 0 -4.34387
      vertex -14.5545 -10 -4.4995
      vertex -14.5545 0 -4.4995
    endloop
  endfacet
  facet normal 0.634465 0 0.772952
    outer loop
      vertex -14.5545 -10 -4.4995
      vertex -14.7441 0 -4.34387
      vertex -14.7441 -10 -4.34387
    endloop
  endfacet
  facet normal 0.595831 0 0.80311
    outer loop
      vertex -14.9016 0 -4.22702
      vertex -14.7441 -10 -4.34387
      vertex -14.7441 0 -4.34387
    endloop
  endfacet
  facet normal 0.595831 0 0.80311
    outer loop
      vertex -14.7441 -10 -4.34387
      vertex -14.9016 0 -4.22702
      vertex -14.9016 -10 -4.22702
    endloop
  endfacet
  facet normal 0.555452 0 0.831549
    outer loop
      vertex -15.1058 0 -4.09062
      vertex -14.9016 -10 -4.22702
      vertex -14.9016 0 -4.22702
    endloop
  endfacet
  facet normal 0.555452 0 0.831549
    outer loop
      vertex -14.9016 -10 -4.22702
      vertex -15.1058 0 -4.09062
      vertex -15.1058 -10 -4.09062
    endloop
  endfacet
  facet normal 0.514158 0 0.857696
    outer loop
      vertex -15.2737 0 -3.98997
      vertex -15.1058 -10 -4.09062
      vertex -15.1058 0 -4.09062
    endloop
  endfacet
  facet normal 0.514158 0 0.857696
    outer loop
      vertex -15.1058 -10 -4.09062
      vertex -15.2737 0 -3.98997
      vertex -15.2737 -10 -3.98997
    endloop
  endfacet
  facet normal 0.471361 0 0.88194
    outer loop
      vertex -15.4899 0 -3.87442
      vertex -15.2737 -10 -3.98997
      vertex -15.2737 0 -3.98997
    endloop
  endfacet
  facet normal 0.471361 0 0.88194
    outer loop
      vertex -15.2737 -10 -3.98997
      vertex -15.4899 0 -3.87442
      vertex -15.4899 -10 -3.87442
    endloop
  endfacet
  facet normal 0.427599 0 0.903968
    outer loop
      vertex -15.6671 0 -3.7906
      vertex -15.4899 -10 -3.87442
      vertex -15.4899 0 -3.87442
    endloop
  endfacet
  facet normal 0.427599 0 0.903968
    outer loop
      vertex -15.4899 -10 -3.87442
      vertex -15.6671 0 -3.7906
      vertex -15.6671 -10 -3.7906
    endloop
  endfacet
  facet normal 0.38278 0 0.923839
    outer loop
      vertex -15.8938 0 -3.69667
      vertex -15.6671 -10 -3.7906
      vertex -15.6671 0 -3.7906
    endloop
  endfacet
  facet normal 0.38278 0 0.923839
    outer loop
      vertex -15.6671 -10 -3.7906
      vertex -15.8938 0 -3.69667
      vertex -15.8938 -10 -3.69667
    endloop
  endfacet
  facet normal 0.336802 0 0.941575
    outer loop
      vertex -16.0782 0 -3.63071
      vertex -15.8938 -10 -3.69667
      vertex -15.8938 0 -3.69667
    endloop
  endfacet
  facet normal 0.336802 0 0.941575
    outer loop
      vertex -15.8938 -10 -3.69667
      vertex -16.0782 0 -3.63071
      vertex -16.0782 -10 -3.63071
    endloop
  endfacet
  facet normal 0.2903 0 0.956936
    outer loop
      vertex -16.313 0 -3.55948
      vertex -16.0782 -10 -3.63071
      vertex -16.0782 0 -3.63071
    endloop
  endfacet
  facet normal 0.2903 0 0.956936
    outer loop
      vertex -16.0782 -10 -3.63071
      vertex -16.313 0 -3.55948
      vertex -16.313 -10 -3.55948
    endloop
  endfacet
  facet normal 0.242944 0 0.97004
    outer loop
      vertex -16.5031 0 -3.51187
      vertex -16.313 -10 -3.55948
      vertex -16.313 0 -3.55948
    endloop
  endfacet
  facet normal 0.242944 0 0.97004
    outer loop
      vertex -16.313 -10 -3.55948
      vertex -16.5031 0 -3.51187
      vertex -16.5031 -10 -3.51187
    endloop
  endfacet
  facet normal 0.195057 0 0.980792
    outer loop
      vertex -16.7436 0 -3.46404
      vertex -16.5031 -10 -3.51187
      vertex -16.5031 0 -3.51187
    endloop
  endfacet
  facet normal 0.195057 0 0.980792
    outer loop
      vertex -16.5031 -10 -3.51187
      vertex -16.7436 0 -3.46404
      vertex -16.7436 -10 -3.46404
    endloop
  endfacet
  facet normal 0.146743 0 0.989175
    outer loop
      vertex -16.9374 0 -3.43529
      vertex -16.7436 -10 -3.46404
      vertex -16.7436 0 -3.46404
    endloop
  endfacet
  facet normal 0.146743 0 0.989175
    outer loop
      vertex -16.7436 -10 -3.46404
      vertex -16.9374 0 -3.43529
      vertex -16.9374 -10 -3.43529
    endloop
  endfacet
  facet normal 0.0980516 0 0.995181
    outer loop
      vertex -17.1817 0 -3.41122
      vertex -16.9374 -10 -3.43529
      vertex -16.9374 0 -3.43529
    endloop
  endfacet
  facet normal 0.0980516 0 0.995181
    outer loop
      vertex -16.9374 -10 -3.43529
      vertex -17.1817 0 -3.41122
      vertex -17.1817 -10 -3.41122
    endloop
  endfacet
  facet normal 0.0490319 0 0.998797
    outer loop
      vertex -17.4512 0 -3.39799
      vertex -17.1817 -10 -3.41122
      vertex -17.1817 0 -3.41122
    endloop
  endfacet
  facet normal 0.0490319 0 0.998797
    outer loop
      vertex -17.1817 -10 -3.41122
      vertex -17.4512 0 -3.39799
      vertex -17.4512 -10 -3.39799
    endloop
  endfacet
  facet normal 0.0244825 0 0.9997
    outer loop
      vertex -17.5737 0 -3.39499
      vertex -17.4512 -10 -3.39799
      vertex -17.4512 0 -3.39799
    endloop
  endfacet
  facet normal 0.0244825 0 0.9997
    outer loop
      vertex -17.4512 -10 -3.39799
      vertex -17.5737 0 -3.39499
      vertex -17.5737 -10 -3.39499
    endloop
  endfacet
  facet normal -0 0 1
    outer loop
      vertex -47.3908 0 -3.39499
      vertex -17.5737 -10 -3.39499
      vertex -17.5737 0 -3.39499
    endloop
  endfacet
  facet normal 0 0 1
    outer loop
      vertex -17.5737 -10 -3.39499
      vertex -47.3908 0 -3.39499
      vertex -47.3908 -10 -3.39499
    endloop
  endfacet
  facet normal -0.0490836 0 0.998795
    outer loop
      vertex -47.6358 0 -3.40703
      vertex -47.3908 -10 -3.39499
      vertex -47.3908 0 -3.39499
    endloop
  endfacet
  facet normal -0.0490836 0 0.998795
    outer loop
      vertex -47.3908 -10 -3.39499
      vertex -47.6358 0 -3.40703
      vertex -47.6358 -10 -3.40703
    endloop
  endfacet
  facet normal -0.146686 0 0.989183
    outer loop
      vertex -47.8785 0 -3.44302
      vertex -47.6358 -10 -3.40703
      vertex -47.6358 0 -3.40703
    endloop
  endfacet
  facet normal -0.146686 0 0.989183
    outer loop
      vertex -47.6358 -10 -3.40703
      vertex -47.8785 0 -3.44302
      vertex -47.8785 -10 -3.44302
    endloop
  endfacet
  facet normal -0.242996 0 0.970027
    outer loop
      vertex -48.1165 0 -3.50264
      vertex -47.8785 -10 -3.44302
      vertex -47.8785 0 -3.44302
    endloop
  endfacet
  facet normal -0.242996 0 0.970027
    outer loop
      vertex -47.8785 -10 -3.44302
      vertex -48.1165 0 -3.50264
      vertex -48.1165 -10 -3.50264
    endloop
  endfacet
  facet normal -0.336915 0 0.941535
    outer loop
      vertex -48.3475 0 -3.5853
      vertex -48.1165 -10 -3.50264
      vertex -48.1165 0 -3.50264
    endloop
  endfacet
  facet normal -0.336915 0 0.941535
    outer loop
      vertex -48.1165 -10 -3.50264
      vertex -48.3475 0 -3.5853
      vertex -48.3475 -10 -3.5853
    endloop
  endfacet
  facet normal -0.42751 0 0.904011
    outer loop
      vertex -48.5693 0 -3.69019
      vertex -48.3475 -10 -3.5853
      vertex -48.3475 0 -3.5853
    endloop
  endfacet
  facet normal -0.42751 0 0.904011
    outer loop
      vertex -48.3475 -10 -3.5853
      vertex -48.5693 0 -3.69019
      vertex -48.5693 -10 -3.69019
    endloop
  endfacet
  facet normal -0.514136 0 0.857709
    outer loop
      vertex -48.7797 0 -3.81631
      vertex -48.5693 -10 -3.69019
      vertex -48.5693 0 -3.69019
    endloop
  endfacet
  facet normal -0.514136 0 0.857709
    outer loop
      vertex -48.5693 -10 -3.69019
      vertex -48.7797 0 -3.81631
      vertex -48.7797 -10 -3.81631
    endloop
  endfacet
  facet normal -0.595622 0 0.803265
    outer loop
      vertex -48.9768 0 -3.96246
      vertex -48.7797 -10 -3.81631
      vertex -48.7797 0 -3.81631
    endloop
  endfacet
  facet normal -0.595622 0 0.803265
    outer loop
      vertex -48.7797 -10 -3.81631
      vertex -48.9768 0 -3.96246
      vertex -48.9768 -10 -3.96246
    endloop
  endfacet
  facet normal -0.67155 0 0.740959
    outer loop
      vertex -49.1586 0 -4.12723
      vertex -48.9768 -10 -3.96246
      vertex -48.9768 0 -3.96246
    endloop
  endfacet
  facet normal -0.67155 0 0.740959
    outer loop
      vertex -48.9768 -10 -3.96246
      vertex -49.1586 0 -4.12723
      vertex -49.1586 -10 -4.12723
    endloop
  endfacet
  facet normal -0.741064 0 0.671434
    outer loop
      vertex -49.3233 -10 -4.30901
      vertex -49.1586 0 -4.12723
      vertex -49.3233 0 -4.30901
    endloop
  endfacet
  facet normal -0.741064 0 0.671434
    outer loop
      vertex -49.1586 0 -4.12723
      vertex -49.3233 -10 -4.30901
      vertex -49.1586 -10 -4.12723
    endloop
  endfacet
  facet normal -0.803095 0 0.595851
    outer loop
      vertex -49.4695 -10 -4.50606
      vertex -49.3233 0 -4.30901
      vertex -49.4695 0 -4.50606
    endloop
  endfacet
  facet normal -0.803095 0 0.595851
    outer loop
      vertex -49.3233 0 -4.30901
      vertex -49.4695 -10 -4.50606
      vertex -49.3233 -10 -4.30901
    endloop
  endfacet
  facet normal -0.857777 0 0.514022
    outer loop
      vertex -49.5956 -10 -4.71649
      vertex -49.4695 0 -4.50606
      vertex -49.5956 0 -4.71649
    endloop
  endfacet
  facet normal -0.857777 0 0.514022
    outer loop
      vertex -49.4695 0 -4.50606
      vertex -49.5956 -10 -4.71649
      vertex -49.4695 -10 -4.50606
    endloop
  endfacet
  facet normal -0.903987 0 0.427559
    outer loop
      vertex -49.7005 -10 -4.93828
      vertex -49.5956 0 -4.71649
      vertex -49.7005 0 -4.93828
    endloop
  endfacet
  facet normal -0.903987 0 0.427559
    outer loop
      vertex -49.5956 0 -4.71649
      vertex -49.7005 -10 -4.93828
      vertex -49.5956 -10 -4.71649
    endloop
  endfacet
  facet normal -0.941483 0 0.337059
    outer loop
      vertex -49.7832 -10 -5.16928
      vertex -49.7005 0 -4.93828
      vertex -49.7832 0 -5.16928
    endloop
  endfacet
  facet normal -0.941483 0 0.337059
    outer loop
      vertex -49.7005 0 -4.93828
      vertex -49.7832 -10 -5.16928
      vertex -49.7005 -10 -4.93828
    endloop
  endfacet
  facet normal -0.970042 0 0.242938
    outer loop
      vertex -49.8428 -10 -5.40726
      vertex -49.7832 0 -5.16928
      vertex -49.8428 0 -5.40726
    endloop
  endfacet
  facet normal -0.970042 0 0.242938
    outer loop
      vertex -49.7832 0 -5.16928
      vertex -49.8428 -10 -5.40726
      vertex -49.7832 -10 -5.16928
    endloop
  endfacet
  facet normal -0.989176 0 0.146732
    outer loop
      vertex -49.8788 -10 -5.64995
      vertex -49.8428 0 -5.40726
      vertex -49.8788 0 -5.64995
    endloop
  endfacet
  facet normal -0.989176 0 0.146732
    outer loop
      vertex -49.8428 0 -5.40726
      vertex -49.8788 -10 -5.64995
      vertex -49.8428 -10 -5.40726
    endloop
  endfacet
  facet normal -0.998803 0 0.048913
    outer loop
      vertex -49.8908 -10 -5.89499
      vertex -49.8788 0 -5.64995
      vertex -49.8908 0 -5.89499
    endloop
  endfacet
  facet normal -0.998803 0 0.048913
    outer loop
      vertex -49.8788 0 -5.64995
      vertex -49.8908 -10 -5.89499
      vertex -49.8788 -10 -5.64995
    endloop
  endfacet
  facet normal -1 0 0
    outer loop
      vertex -49.8735 -10 -6.18867
      vertex -49.8735 0 -6.18845
      vertex -49.8735 0 -6.18867
    endloop
  endfacet
  facet normal -0.998267 1.29469e-06 -0.0588496
    outer loop
      vertex -49.8735 0 -6.18845
      vertex -49.8735 -10 -6.18867
      vertex -49.8908 0 -5.89499
    endloop
  endfacet
  facet normal -0.998269 -0 -0.0588057
    outer loop
      vertex -49.8908 0 -5.89499
      vertex -49.8735 -10 -6.18867
      vertex -49.8908 -10 -5.89499
    endloop
  endfacet
  facet normal -0.993017 0 -0.11797
    outer loop
      vertex -49.8638 -10 -6.27032
      vertex -49.8735 0 -6.18867
      vertex -49.8638 0 -6.27032
    endloop
  endfacet
  facet normal -0.993017 -0 -0.11797
    outer loop
      vertex -49.8735 0 -6.18867
      vertex -49.8638 -10 -6.27032
      vertex -49.8735 -10 -6.18867
    endloop
  endfacet
  facet normal -1 0 0
    outer loop
      vertex -49.8331 -10 -6.46439
      vertex -49.8331 0 -6.46417
      vertex -49.8331 0 -6.46439
    endloop
  endfacet
  facet normal -0.987632 3.44941e-06 -0.156791
    outer loop
      vertex -49.8331 0 -6.46417
      vertex -49.8331 -10 -6.46439
      vertex -49.8638 0 -6.27079
    endloop
  endfacet
  facet normal -0.987718 -7.34363e-06 -0.156247
    outer loop
      vertex -49.8638 -10 -6.27032
      vertex -49.8638 0 -6.27079
      vertex -49.8331 -10 -6.46439
    endloop
  endfacet
  facet normal -1 0 0
    outer loop
      vertex -49.8638 0 -6.27079
      vertex -49.8638 -10 -6.27032
      vertex -49.8638 0 -6.27032
    endloop
  endfacet
  facet normal -0.980794 0 -0.195049
    outer loop
      vertex -49.6876 -10 -7.19603
      vertex -49.8331 0 -6.46439
      vertex -49.6876 0 -7.19603
    endloop
  endfacet
  facet normal -0.980794 -0 -0.195049
    outer loop
      vertex -49.8331 0 -6.46439
      vertex -49.6876 -10 -7.19603
      vertex -49.8331 -10 -6.46439
    endloop
  endfacet
  facet normal -0.972452 0 -0.233103
    outer loop
      vertex -49.6418 -10 -7.38684
      vertex -49.6875 0 -7.19619
      vertex -49.6418 0 -7.38684
    endloop
  endfacet
  facet normal -0.972381 5.98941e-06 -0.2334
    outer loop
      vertex -49.6876 -10 -7.19603
      vertex -49.6875 0 -7.19619
      vertex -49.6418 -10 -7.38684
    endloop
  endfacet
  facet normal -0.847998 0 -0.529999
    outer loop
      vertex -49.6875 0 -7.19619
      vertex -49.6876 -10 -7.19603
      vertex -49.6876 0 -7.19603
    endloop
  endfacet
  facet normal -0.962442 0 -0.271487
    outer loop
      vertex -49.4393 -10 -8.10457
      vertex -49.6188 0 -7.46823
      vertex -49.4393 0 -8.10457
    endloop
  endfacet
  facet normal -0.962427 3.52866e-06 -0.271539
    outer loop
      vertex -49.6418 -10 -7.38684
      vertex -49.6188 0 -7.46823
      vertex -49.4393 -10 -8.10457
    endloop
  endfacet
  facet normal -0.962314 0 -0.27194
    outer loop
      vertex -49.6188 0 -7.46823
      vertex -49.6418 -10 -7.38684
      vertex -49.6418 0 -7.38684
    endloop
  endfacet
  facet normal -1 0 0
    outer loop
      vertex -49.3787 -10 -8.29131
      vertex -49.3787 0 -8.29108
      vertex -49.3787 0 -8.29131
    endloop
  endfacet
  facet normal -0.951004 7.1111e-06 -0.309178
    outer loop
      vertex -49.3787 0 -8.29108
      vertex -49.3787 -10 -8.29131
      vertex -49.4393 0 -8.10468
    endloop
  endfacet
  facet normal -0.951169 -3.39536e-06 -0.308669
    outer loop
      vertex -49.4393 -10 -8.10457
      vertex -49.4393 0 -8.10468
      vertex -49.3787 -10 -8.29131
    endloop
  endfacet
  facet normal -1 0 0
    outer loop
      vertex -49.4393 0 -8.10468
      vertex -49.4393 -10 -8.10457
      vertex -49.4393 0 -8.10457
    endloop
  endfacet
  facet normal -0.938161 0 -0.346201
    outer loop
      vertex -49.1205 -10 -8.991
      vertex -49.3787 0 -8.29131
      vertex -49.1205 0 -8.991
    endloop
  endfacet
  facet normal -0.938161 -0 -0.346201
    outer loop
      vertex -49.3787 0 -8.29131
      vertex -49.1205 -10 -8.991
      vertex -49.3787 -10 -8.29131
    endloop
  endfacet
  facet normal -0.792624 0 -0.609711
    outer loop
      vertex -49.0454 -10 -9.17238
      vertex -49.0455 0 -9.17225
      vertex -49.0454 0 -9.17238
    endloop
  endfacet
  facet normal -0.923905 -4.26496e-06 -0.382622
    outer loop
      vertex -49.0455 0 -9.17225
      vertex -49.0454 -10 -9.17238
      vertex -49.1205 0 -8.99115
    endloop
  endfacet
  facet normal -0.923934 -5.73829e-06 -0.382553
    outer loop
      vertex -49.1205 -10 -8.991
      vertex -49.1205 0 -8.99115
      vertex -49.0454 -10 -9.17238
    endloop
  endfacet
  facet normal -1 0 0
    outer loop
      vertex -49.1205 0 -8.99115
      vertex -49.1205 -10 -8.991
      vertex -49.1205 0 -8.991
    endloop
  endfacet
  facet normal -0.908125 0 -0.418699
    outer loop
      vertex -48.7332 -10 -9.84959
      vertex -48.9034 0 -9.48044
      vertex -48.7332 0 -9.84959
    endloop
  endfacet
  facet normal -0.908142 -1.67787e-06 -0.418662
    outer loop
      vertex -49.0454 -10 -9.17238
      vertex -48.9034 0 -9.48044
      vertex -48.7332 -10 -9.84959
    endloop
  endfacet
  facet normal -0.908163 0 -0.418617
    outer loop
      vertex -48.9034 0 -9.48044
      vertex -49.0454 -10 -9.17238
      vertex -49.0454 0 -9.17238
    endloop
  endfacet
  facet normal -0.89105 0 -0.453905
    outer loop
      vertex -48.6441 -10 -10.0245
      vertex -48.7332 0 -9.84959
      vertex -48.6441 0 -10.0245
    endloop
  endfacet
  facet normal -0.89105 -0 -0.453905
    outer loop
      vertex -48.7332 0 -9.84959
      vertex -48.6441 -10 -10.0245
      vertex -48.7332 -10 -9.84959
    endloop
  endfacet
  facet normal -0.872501 0 -0.488612
    outer loop
      vertex -48.2797 -10 -10.6752
      vertex -48.6441 0 -10.0245
      vertex -48.2797 0 -10.6752
    endloop
  endfacet
  facet normal -0.872501 -0 -0.488612
    outer loop
      vertex -48.6441 0 -10.0245
      vertex -48.2797 -10 -10.6752
      vertex -48.6441 -10 -10.0245
    endloop
  endfacet
  facet normal -0.852462 0 -0.522789
    outer loop
      vertex -48.1771 -10 -10.8425
      vertex -48.2797 0 -10.6752
      vertex -48.1771 0 -10.8425
    endloop
  endfacet
  facet normal -0.852462 -0 -0.522789
    outer loop
      vertex -48.2797 0 -10.6752
      vertex -48.1771 -10 -10.8425
      vertex -48.2797 -10 -10.6752
    endloop
  endfacet
  facet normal -0.831534 0 -0.555473
    outer loop
      vertex -47.7628 -10 -11.4627
      vertex -48.1771 0 -10.8425
      vertex -47.7628 0 -11.4627
    endloop
  endfacet
  facet normal -0.831534 -0 -0.555473
    outer loop
      vertex -48.1771 0 -10.8425
      vertex -47.7628 -10 -11.4627
      vertex -48.1771 -10 -10.8425
    endloop
  endfacet
  facet normal -0.808956 0 -0.587869
    outer loop
      vertex -47.6474 -10 -11.6215
      vertex -47.7628 0 -11.4627
      vertex -47.6474 0 -11.6215
    endloop
  endfacet
  facet normal -0.808956 -0 -0.587869
    outer loop
      vertex -47.7628 0 -11.4627
      vertex -47.6474 -10 -11.6215
      vertex -47.7628 -10 -11.4627
    endloop
  endfacet
  facet normal -0.78527 0 -0.619153
    outer loop
      vertex -47.1856 -10 -12.2072
      vertex -47.6474 0 -11.6215
      vertex -47.1856 0 -12.2072
    endloop
  endfacet
  facet normal -0.78527 -0 -0.619153
    outer loop
      vertex -47.6474 0 -11.6215
      vertex -47.1856 -10 -12.2072
      vertex -47.6474 -10 -11.6215
    endloop
  endfacet
  facet normal -0.760479 0 -0.649363
    outer loop
      vertex -47.0582 -10 -12.3564
      vertex -47.1856 0 -12.2072
      vertex -47.0582 0 -12.3564
    endloop
  endfacet
  facet normal -0.760479 -0 -0.649363
    outer loop
      vertex -47.1856 0 -12.2072
      vertex -47.0582 -10 -12.3564
      vertex -47.1856 -10 -12.2072
    endloop
  endfacet
  facet normal -0.734382 0 -0.678737
    outer loop
      vertex -46.552 -10 -12.9041
      vertex -47.0582 0 -12.3564
      vertex -46.552 0 -12.9041
    endloop
  endfacet
  facet normal -0.734382 -0 -0.678737
    outer loop
      vertex -47.0582 0 -12.3564
      vertex -46.552 -10 -12.9041
      vertex -47.0582 -10 -12.3564
    endloop
  endfacet
  facet normal -0.706852 0 -0.707361
    outer loop
      vertex -46.4131 -10 -13.0429
      vertex -46.552 0 -12.9041
      vertex -46.4131 0 -13.0429
    endloop
  endfacet
  facet normal -0.706852 -0 -0.707361
    outer loop
      vertex -46.552 0 -12.9041
      vertex -46.4131 -10 -13.0429
      vertex -46.552 -10 -12.9041
    endloop
  endfacet
  facet normal -0.678803 0 -0.73432
    outer loop
      vertex -46.4131 -10 -13.0429
      vertex -45.8655 0 -13.5491
      vertex -45.8655 -10 -13.5491
    endloop
  endfacet
  facet normal -0.678803 0 -0.73432
    outer loop
      vertex -45.8655 0 -13.5491
      vertex -46.4131 -10 -13.0429
      vertex -46.4131 0 -13.0429
    endloop
  endfacet
  facet normal -0.649658 0 -0.760227
    outer loop
      vertex -45.8655 -10 -13.5491
      vertex -45.7163 0 -13.6766
      vertex -45.7163 -10 -13.6766
    endloop
  endfacet
  facet normal -0.649658 0 -0.760227
    outer loop
      vertex -45.7163 0 -13.6766
      vertex -45.8655 -10 -13.5491
      vertex -45.8655 0 -13.5491
    endloop
  endfacet
  facet normal -0.61907 0 -0.785336
    outer loop
      vertex -45.7163 -10 -13.6766
      vertex -45.1306 0 -14.1383
      vertex -45.1306 -10 -14.1383
    endloop
  endfacet
  facet normal -0.61907 0 -0.785336
    outer loop
      vertex -45.1306 0 -14.1383
      vertex -45.7163 -10 -13.6766
      vertex -45.7163 0 -13.6766
    endloop
  endfacet
  facet normal -0.587627 0 -0.809132
    outer loop
      vertex -45.1306 -10 -14.1383
      vertex -44.9717 0 -14.2537
      vertex -44.9717 -10 -14.2537
    endloop
  endfacet
  facet normal -0.587627 0 -0.809132
    outer loop
      vertex -44.9717 0 -14.2537
      vertex -45.1306 -10 -14.1383
      vertex -45.1306 0 -14.1383
    endloop
  endfacet
  facet normal -0.555628 0 -0.831431
    outer loop
      vertex -44.9717 -10 -14.2537
      vertex -44.3516 0 -14.6681
      vertex -44.3516 -10 -14.6681
    endloop
  endfacet
  facet normal -0.555628 0 -0.831431
    outer loop
      vertex -44.3516 0 -14.6681
      vertex -44.9717 -10 -14.2537
      vertex -44.9717 0 -14.2537
    endloop
  endfacet
  facet normal -0.522192 0 -0.852828
    outer loop
      vertex -44.3516 -10 -14.6681
      vertex -44.1842 0 -14.7706
      vertex -44.1842 -10 -14.7706
    endloop
  endfacet
  facet normal -0.522192 0 -0.852828
    outer loop
      vertex -44.1842 0 -14.7706
      vertex -44.3516 -10 -14.6681
      vertex -44.3516 0 -14.6681
    endloop
  endfacet
  facet normal -0.488612 0 -0.872501
    outer loop
      vertex -44.1842 -10 -14.7706
      vertex -43.5335 0 -15.135
      vertex -43.5335 -10 -15.135
    endloop
  endfacet
  facet normal -0.488612 0 -0.872501
    outer loop
      vertex -43.5335 0 -15.135
      vertex -44.1842 -10 -14.7706
      vertex -44.1842 0 -14.7706
    endloop
  endfacet
  facet normal -0.454132 0 -0.890934
    outer loop
      vertex -43.5335 -10 -15.135
      vertex -43.3587 0 -15.2241
      vertex -43.3587 -10 -15.2241
    endloop
  endfacet
  facet normal -0.454132 0 -0.890934
    outer loop
      vertex -43.3587 0 -15.2241
      vertex -43.5335 -10 -15.135
      vertex -43.5335 0 -15.135
    endloop
  endfacet
  facet normal -0.418572 0 -0.908184
    outer loop
      vertex -42.6814 -10 -15.5363
      vertex -42.9895 0 -15.3943
      vertex -42.6814 0 -15.5363
    endloop
  endfacet
  facet normal -0.418616 -1.63853e-06 -0.908163
    outer loop
      vertex -43.3587 -10 -15.2241
      vertex -42.9895 0 -15.3943
      vertex -42.6814 -10 -15.5363
    endloop
  endfacet
  facet normal -0.418653 0 -0.908146
    outer loop
      vertex -42.9895 0 -15.3943
      vertex -43.3587 -10 -15.2241
      vertex -43.3587 0 -15.2241
    endloop
  endfacet
  facet normal -0.707107 0 -0.707107
    outer loop
      vertex -42.5001 -10 -15.6115
      vertex -42.5002 0 -15.6114
      vertex -42.5001 0 -15.6115
    endloop
  endfacet
  facet normal -0.382622 5.41283e-06 -0.923905
    outer loop
      vertex -42.5001 -10 -15.6115
      vertex -42.6813 0 -15.5364
      vertex -42.5002 0 -15.6114
    endloop
  endfacet
  facet normal -0.383132 -5.40562e-06 -0.923694
    outer loop
      vertex -42.6814 -10 -15.5363
      vertex -42.6813 0 -15.5364
      vertex -42.5001 -10 -15.6115
    endloop
  endfacet
  facet normal -0.707107 0 -0.707107
    outer loop
      vertex -42.6813 0 -15.5364
      vertex -42.6814 -10 -15.5363
      vertex -42.6814 0 -15.5363
    endloop
  endfacet
  facet normal -0.346078 0 -0.938206
    outer loop
      vertex -42.5001 -10 -15.6115
      vertex -41.8004 0 -15.8696
      vertex -41.8004 -10 -15.8696
    endloop
  endfacet
  facet normal -0.346078 0 -0.938206
    outer loop
      vertex -41.8004 0 -15.8696
      vertex -42.5001 -10 -15.6115
      vertex -42.5001 0 -15.6115
    endloop
  endfacet
  facet normal -0.707107 0 -0.707107
    outer loop
      vertex -41.6136 -10 -15.9303
      vertex -41.6137 0 -15.9302
      vertex -41.6136 0 -15.9303
    endloop
  endfacet
  facet normal -0.308717 6.42437e-06 -0.951154
    outer loop
      vertex -41.6136 -10 -15.9303
      vertex -41.8001 0 -15.8697
      vertex -41.6137 0 -15.9302
    endloop
  endfacet
  facet normal -0.30904 -2.3929e-07 -0.951049
    outer loop
      vertex -41.8004 -10 -15.8696
      vertex -41.8001 0 -15.8697
      vertex -41.6136 -10 -15.9303
    endloop
  endfacet
  facet normal -0.316228 0 -0.948683
    outer loop
      vertex -41.8001 0 -15.8697
      vertex -41.8004 -10 -15.8696
      vertex -41.8004 0 -15.8696
    endloop
  endfacet
  facet normal -0.271909 0 -0.962323
    outer loop
      vertex -40.8959 -10 -16.1327
      vertex -40.9773 0 -16.1097
      vertex -40.8959 0 -16.1327
    endloop
  endfacet
  facet normal -0.271425 4.25644e-06 -0.96246
    outer loop
      vertex -41.6136 -10 -15.9303
      vertex -40.9773 0 -16.1097
      vertex -40.8959 -10 -16.1327
    endloop
  endfacet
  facet normal -0.271363 0 -0.962477
    outer loop
      vertex -40.9773 0 -16.1097
      vertex -41.6136 -10 -15.9303
      vertex -41.6136 0 -15.9303
    endloop
  endfacet
  facet normal 0 0 -1
    outer loop
      vertex -40.7051 -10 -16.1785
      vertex -40.7053 0 -16.1785
      vertex -40.7051 0 -16.1785
    endloop
  endfacet
  facet normal -0.233412 -4.66823e-06 -0.972378
    outer loop
      vertex -40.8959 -10 -16.1327
      vertex -40.7053 0 -16.1785
      vertex -40.7051 -10 -16.1785
    endloop
  endfacet
  facet normal -0.233643 0 -0.972322
    outer loop
      vertex -40.7053 0 -16.1785
      vertex -40.8959 -10 -16.1327
      vertex -40.8959 0 -16.1327
    endloop
  endfacet
  facet normal -0.195162 0 -0.980771
    outer loop
      vertex -40.7051 -10 -16.1785
      vertex -39.9734 0 -16.3241
      vertex -39.9734 -10 -16.3241
    endloop
  endfacet
  facet normal -0.195162 0 -0.980771
    outer loop
      vertex -39.9734 0 -16.3241
      vertex -40.7051 -10 -16.1785
      vertex -40.7051 0 -16.1785
    endloop
  endfacet
  facet normal -0.196116 0 -0.980581
    outer loop
      vertex -39.7795 -10 -16.3548
      vertex -39.78 0 -16.3547
      vertex -39.7795 0 -16.3548
    endloop
  endfacet
  facet normal -0.156435 2.05513e-06 -0.987688
    outer loop
      vertex -39.7795 -10 -16.3548
      vertex -39.9732 0 -16.3241
      vertex -39.78 0 -16.3547
    endloop
  endfacet
  facet normal -0.156381 3.12762e-06 -0.987697
    outer loop
      vertex -39.9734 -10 -16.3241
      vertex -39.9732 0 -16.3241
      vertex -39.7795 -10 -16.3548
    endloop
  endfacet
  facet normal -0 0 -1
    outer loop
      vertex -39.9732 0 -16.3241
      vertex -39.9734 -10 -16.3241
      vertex -39.9734 0 -16.3241
    endloop
  endfacet
  facet normal -0.117495 0 -0.993073
    outer loop
      vertex -39.7795 -10 -16.3548
      vertex -39.0391 0 -16.4424
      vertex -39.0391 -10 -16.4424
    endloop
  endfacet
  facet normal -0.117495 0 -0.993073
    outer loop
      vertex -39.0391 0 -16.4424
      vertex -39.7795 -10 -16.3548
      vertex -39.7795 0 -16.3548
    endloop
  endfacet
  facet normal -0.0785291 0 -0.996912
    outer loop
      vertex -38.8435 -10 -16.4578
      vertex -39.039 0 -16.4424
      vertex -38.8435 0 -16.4578
    endloop
  endfacet
  facet normal -0.0784892 7.84892e-07 -0.996915
    outer loop
      vertex -39.0391 -10 -16.4424
      vertex -39.039 0 -16.4424
      vertex -38.8435 -10 -16.4578
    endloop
  endfacet
  facet normal -0 0 -1
    outer loop
      vertex -39.039 0 -16.4424
      vertex -39.0391 -10 -16.4424
      vertex -39.0391 0 -16.4424
    endloop
  endfacet
  facet normal -0.0391377 0 -0.999234
    outer loop
      vertex -38.0489 -10 -16.489
      vertex -38.1306 0 -16.4858
      vertex -38.0489 0 -16.489
    endloop
  endfacet
  facet normal -0.0392348 -7.94756e-07 -0.99923
    outer loop
      vertex -38.8435 -10 -16.4578
      vertex -38.1306 0 -16.4858
      vertex -38.0489 -10 -16.489
    endloop
  endfacet
  facet normal -0.0392459 0 -0.99923
    outer loop
      vertex -38.1306 0 -16.4858
      vertex -38.8435 -10 -16.4578
      vertex -38.8435 0 -16.4578
    endloop
  endfacet
  facet normal -0.0193446 0 -0.999813
    outer loop
      vertex -37.9507 -10 -16.4909
      vertex -38.0489 0 -16.489
      vertex -37.9507 0 -16.4909
    endloop
  endfacet
  facet normal -0.0193446 0 -0.999813
    outer loop
      vertex -38.0489 -10 -16.489
      vertex -38.0489 0 -16.489
      vertex -37.9507 -10 -16.4909
    endloop
  endfacet
  facet normal -0.0392617 0 -0.999229
    outer loop
      vertex -36.9767 -10 -16.4909
      vertex -35.5642 0 -16.5464
      vertex -35.5642 -10 -16.5464
    endloop
  endfacet
  facet normal -0.0392617 0 -0.999229
    outer loop
      vertex -35.5642 0 -16.5464
      vertex -36.9767 -10 -16.4909
      vertex -36.9767 0 -16.4909
    endloop
  endfacet
  facet normal -0.11753 0 -0.993069
    outer loop
      vertex -34.1608 -10 -16.7125
      vertex -35.2322 0 -16.5857
      vertex -34.1608 0 -16.7125
    endloop
  endfacet
  facet normal -0.117535 -5.95813e-07 -0.993069
    outer loop
      vertex -35.5642 -10 -16.5464
      vertex -35.2322 0 -16.5857
      vertex -34.1608 -10 -16.7125
    endloop
  endfacet
  facet normal -0.117553 0 -0.993067
    outer loop
      vertex -35.2322 0 -16.5857
      vertex -35.5642 -10 -16.5464
      vertex -35.5642 0 -16.5464
    endloop
  endfacet
  facet normal -0.195127 0 -0.980778
    outer loop
      vertex -32.7744 -10 -16.9883
      vertex -33.2323 0 -16.8972
      vertex -32.7744 0 -16.9883
    endloop
  endfacet
  facet normal -0.195109 8.6448e-07 -0.980782
    outer loop
      vertex -34.1608 -10 -16.7125
      vertex -33.2323 0 -16.8972
      vertex -32.7744 -10 -16.9883
    endloop
  endfacet
  facet normal -0.1951 0 -0.980783
    outer loop
      vertex -33.2323 0 -16.8972
      vertex -34.1608 -10 -16.7125
      vertex -34.1608 0 -16.7125
    endloop
  endfacet
  facet normal -0.271174 0 -0.96253
    outer loop
      vertex -31.4142 -10 -17.3719
      vertex -31.6616 0 -17.3022
      vertex -31.4142 0 -17.3719
    endloop
  endfacet
  facet normal -0.27143 -6.84235e-06 -0.962458
    outer loop
      vertex -32.7744 -10 -16.9883
      vertex -31.6616 0 -17.3022
      vertex -31.4142 -10 -17.3719
    endloop
  endfacet
  facet normal -0.271487 0 -0.962442
    outer loop
      vertex -31.6616 0 -17.3022
      vertex -32.7744 -10 -16.9883
      vertex -32.7744 0 -16.9883
    endloop
  endfacet
  facet normal -0.346109 0 -0.938194
    outer loop
      vertex -31.4142 -10 -17.3719
      vertex -30.0884 0 -17.861
      vertex -30.0884 -10 -17.861
    endloop
  endfacet
  facet normal -0.346109 0 -0.938194
    outer loop
      vertex -30.0884 0 -17.861
      vertex -31.4142 -10 -17.3719
      vertex -31.4142 0 -17.3719
    endloop
  endfacet
  facet normal -0.418701 0 -0.908124
    outer loop
      vertex -28.8047 -10 -18.4529
      vertex -29.6907 0 -18.0444
      vertex -28.8047 0 -18.4529
    endloop
  endfacet
  facet normal -0.418722 -2.26021e-06 -0.908115
    outer loop
      vertex -30.0884 -10 -17.861
      vertex -29.6907 0 -18.0444
      vertex -28.8047 -10 -18.4529
    endloop
  endfacet
  facet normal -0.418769 0 -0.908093
    outer loop
      vertex -29.6907 0 -18.0444
      vertex -30.0884 -10 -17.861
      vertex -30.0884 0 -17.861
    endloop
  endfacet
  facet normal -0.488622 0 -0.872495
    outer loop
      vertex -27.5716 -10 -19.1434
      vertex -28.5478 0 -18.5967
      vertex -27.5716 0 -19.1434
    endloop
  endfacet
  facet normal -0.488584 4.92971e-06 -0.872517
    outer loop
      vertex -28.8047 -10 -18.4529
      vertex -28.5478 0 -18.5967
      vertex -27.5716 -10 -19.1434
    endloop
  endfacet
  facet normal -0.488438 0 -0.872599
    outer loop
      vertex -28.5478 0 -18.5967
      vertex -28.8047 -10 -18.4529
      vertex -28.8047 0 -18.4529
    endloop
  endfacet
  facet normal -0.555549 0 -0.831484
    outer loop
      vertex -27.5716 -10 -19.1434
      vertex -26.3964 0 -19.9286
      vertex -26.3964 -10 -19.9286
    endloop
  endfacet
  facet normal -0.555549 0 -0.831484
    outer loop
      vertex -26.3964 0 -19.9286
      vertex -27.5716 -10 -19.1434
      vertex -27.5716 0 -19.1434
    endloop
  endfacet
  facet normal -0.619105 0 -0.785308
    outer loop
      vertex -26.3964 -10 -19.9286
      vertex -25.2865 0 -20.8036
      vertex -25.2865 -10 -20.8036
    endloop
  endfacet
  facet normal -0.619105 0 -0.785308
    outer loop
      vertex -25.2865 0 -20.8036
      vertex -26.3964 -10 -19.9286
      vertex -26.3964 0 -19.9286
    endloop
  endfacet
  facet normal -0.678791 0 -0.734331
    outer loop
      vertex -25.2865 -10 -20.8036
      vertex -24.2486 0 -21.763
      vertex -24.2486 -10 -21.763
    endloop
  endfacet
  facet normal -0.678791 0 -0.734331
    outer loop
      vertex -24.2486 0 -21.763
      vertex -25.2865 -10 -20.8036
      vertex -25.2865 0 -20.8036
    endloop
  endfacet
  facet normal -0.734334 0 -0.678788
    outer loop
      vertex -23.2893 -10 -22.8008
      vertex -24.2486 0 -21.763
      vertex -23.2893 0 -22.8008
    endloop
  endfacet
  facet normal -0.734334 -0 -0.678788
    outer loop
      vertex -24.2486 0 -21.763
      vertex -23.2893 -10 -22.8008
      vertex -24.2486 -10 -21.763
    endloop
  endfacet
  facet normal -0.785406 0 -0.618981
    outer loop
      vertex -22.4142 -10 -23.9109
      vertex -22.5202 0 -23.7764
      vertex -22.4142 0 -23.9109
    endloop
  endfacet
  facet normal -0.785328 2.14708e-06 -0.61908
    outer loop
      vertex -23.2893 -10 -22.8008
      vertex -22.5202 0 -23.7764
      vertex -22.4142 -10 -23.9109
    endloop
  endfacet
  facet normal -0.785317 0 -0.619093
    outer loop
      vertex -22.5202 0 -23.7764
      vertex -23.2893 -10 -22.8008
      vertex -23.2893 0 -22.8008
    endloop
  endfacet
  facet normal -0.831451 0 -0.555598
    outer loop
      vertex -21.6291 -10 -25.0858
      vertex -22.4142 0 -23.9109
      vertex -21.6291 0 -25.0858
    endloop
  endfacet
  facet normal -0.831451 -0 -0.555598
    outer loop
      vertex -22.4142 0 -23.9109
      vertex -21.6291 -10 -25.0858
      vertex -22.4142 -10 -23.9109
    endloop
  endfacet
  facet normal -0.872504 0 -0.488608
    outer loop
      vertex -20.9385 -10 -26.3191
      vertex -21.6291 0 -25.0859
      vertex -20.9385 0 -26.3191
    endloop
  endfacet
  facet normal -0.87252 -4.88578e-06 -0.488578
    outer loop
      vertex -21.6291 -10 -25.0858
      vertex -21.6291 0 -25.0859
      vertex -20.9385 -10 -26.3191
    endloop
  endfacet
  facet normal -1 0 0
    outer loop
      vertex -21.6291 0 -25.0859
      vertex -21.6291 -10 -25.0858
      vertex -21.6291 0 -25.0858
    endloop
  endfacet
  facet normal -1 0 0
    outer loop
      vertex -20.3467 -10 -27.6028
      vertex -20.3467 0 -27.6027
      vertex -20.3467 0 -27.6028
    endloop
  endfacet
  facet normal -0.908129 4.1869e-06 -0.41869
    outer loop
      vertex -20.3467 0 -27.6027
      vertex -20.3467 -10 -27.6028
      vertex -20.9385 0 -26.3191
    endloop
  endfacet
  facet normal -0.908142 -0 -0.418663
    outer loop
      vertex -20.9385 0 -26.3191
      vertex -20.3467 -10 -27.6028
      vertex -20.9385 -10 -26.3191
    endloop
  endfacet
  facet normal -0.938171 0 -0.346171
    outer loop
      vertex -19.8575 -10 -28.9286
      vertex -20.3467 0 -27.6028
      vertex -19.8575 0 -28.9286
    endloop
  endfacet
  facet normal -0.938171 -0 -0.346171
    outer loop
      vertex -20.3467 0 -27.6028
      vertex -19.8575 -10 -28.9286
      vertex -20.3467 -10 -27.6028
    endloop
  endfacet
  facet normal -0.962458 0 -0.27143
    outer loop
      vertex -19.4739 -10 -30.2888
      vertex -19.8575 0 -28.9286
      vertex -19.4739 0 -30.2888
    endloop
  endfacet
  facet normal -0.962458 -0 -0.27143
    outer loop
      vertex -19.8575 0 -28.9286
      vertex -19.4739 -10 -30.2888
      vertex -19.8575 -10 -28.9286
    endloop
  endfacet
  facet normal -0.980808 -0 -0.194979
    outer loop
      vertex -19.1982 0 -31.6752
      vertex -19.1982 -10 -31.6752
      vertex -19.3828 0 -30.7466
    endloop
  endfacet
  facet normal -0.980795 6.05427e-06 -0.195041
    outer loop
      vertex -19.4739 -10 -30.2888
      vertex -19.3828 0 -30.7466
      vertex -19.1982 -10 -31.6752
    endloop
  endfacet
  facet normal -0.98077 0 -0.195168
    outer loop
      vertex -19.3828 0 -30.7466
      vertex -19.4739 -10 -30.2888
      vertex -19.4739 0 -30.2888
    endloop
  endfacet
  facet normal -0.993097 0 -0.117293
    outer loop
      vertex -19.0321 -10 -33.0785
      vertex -19.0713 0 -32.7466
      vertex -19.0321 0 -33.0785
    endloop
  endfacet
  facet normal -0.993068 8.4375e-06 -0.117543
    outer loop
      vertex -19.1982 -10 -31.6752
      vertex -19.0713 0 -32.7466
      vertex -19.0321 -10 -33.0785
    endloop
  endfacet
  facet normal -0.993059 0 -0.117621
    outer loop
      vertex -19.0713 0 -32.7466
      vertex -19.1982 -10 -31.6752
      vertex -19.1982 0 -31.6752
    endloop
  endfacet
  facet normal -0.999229 0 -0.0392617
    outer loop
      vertex -18.9766 -10 -34.491
      vertex -19.0321 0 -33.0785
      vertex -18.9766 0 -34.491
    endloop
  endfacet
  facet normal -0.999229 -0 -0.0392617
    outer loop
      vertex -19.0321 0 -33.0785
      vertex -18.9766 -10 -34.491
      vertex -19.0321 -10 -33.0785
    endloop
  endfacet
  facet normal -0.999793 0 -0.0203624
    outer loop
      vertex -18.9746 -10 -38.0489
      vertex -18.9766 0 -37.9507
      vertex -18.9746 0 -38.0489
    endloop
  endfacet
  facet normal -0.999793 -0 -0.0203624
    outer loop
      vertex -18.9766 0 -37.9507
      vertex -18.9746 -10 -38.0489
      vertex -18.9766 -10 -37.9507
    endloop
  endfacet
  facet normal -0.99923 0 -0.0392459
    outer loop
      vertex -18.9434 -10 -38.8435
      vertex -18.9714 0 -38.1306
      vertex -18.9434 0 -38.8435
    endloop
  endfacet
  facet normal -0.99923 -7.94756e-07 -0.0392348
    outer loop
      vertex -18.9746 -10 -38.0489
      vertex -18.9714 0 -38.1306
      vertex -18.9434 -10 -38.8435
    endloop
  endfacet
  facet normal -0.999234 0 -0.0391377
    outer loop
      vertex -18.9714 0 -38.1306
      vertex -18.9746 -10 -38.0489
      vertex -18.9746 0 -38.0489
    endloop
  endfacet
  facet normal -1 0 0
    outer loop
      vertex -18.928 -10 -39.0391
      vertex -18.928 0 -39.039
      vertex -18.928 0 -39.0391
    endloop
  endfacet
  facet normal -0.996912 7.85291e-07 -0.0785291
    outer loop
      vertex -18.928 0 -39.039
      vertex -18.928 -10 -39.0391
      vertex -18.9434 0 -38.8435
    endloop
  endfacet
  facet normal -0.996915 -0 -0.0784892
    outer loop
      vertex -18.9434 0 -38.8435
      vertex -18.928 -10 -39.0391
      vertex -18.9434 -10 -38.8435
    endloop
  endfacet
  facet normal -0.993073 0 -0.117495
    outer loop
      vertex -18.8404 -10 -39.7795
      vertex -18.928 0 -39.0391
      vertex -18.8404 0 -39.7795
    endloop
  endfacet
  facet normal -0.993073 -0 -0.117495
    outer loop
      vertex -18.928 0 -39.0391
      vertex -18.8404 -10 -39.7795
      vertex -18.928 -10 -39.0391
    endloop
  endfacet
  facet normal -1 0 0
    outer loop
      vertex -18.8097 -10 -39.9734
      vertex -18.8097 0 -39.9732
      vertex -18.8097 0 -39.9734
    endloop
  endfacet
  facet normal -0.987688 3.1287e-06 -0.156435
    outer loop
      vertex -18.8097 0 -39.9732
      vertex -18.8097 -10 -39.9734
      vertex -18.8403 0 -39.78
    endloop
  endfacet
  facet normal -0.987697 2.05791e-06 -0.156381
    outer loop
      vertex -18.8404 -10 -39.7795
      vertex -18.8403 0 -39.78
      vertex -18.8097 -10 -39.9734
    endloop
  endfacet
  facet normal -0.980581 0 -0.196116
    outer loop
      vertex -18.8403 0 -39.78
      vertex -18.8404 -10 -39.7795
      vertex -18.8404 0 -39.7795
    endloop
  endfacet
  facet normal -0.980771 0 -0.195162
    outer loop
      vertex -18.6641 -10 -40.7051
      vertex -18.8097 0 -39.9734
      vertex -18.6641 0 -40.7051
    endloop
  endfacet
  facet normal -0.980771 -0 -0.195162
    outer loop
      vertex -18.8097 0 -39.9734
      vertex -18.6641 -10 -40.7051
      vertex -18.8097 -10 -39.9734
    endloop
  endfacet
  facet normal -0.972322 0 -0.233643
    outer loop
      vertex -18.6183 -10 -40.8959
      vertex -18.6641 0 -40.7053
      vertex -18.6183 0 -40.8959
    endloop
  endfacet
  facet normal -0.972378 -4.66823e-06 -0.233412
    outer loop
      vertex -18.6641 -10 -40.7051
      vertex -18.6641 0 -40.7053
      vertex -18.6183 -10 -40.8959
    endloop
  endfacet
  facet normal -1 0 0
    outer loop
      vertex -18.6641 0 -40.7053
      vertex -18.6641 -10 -40.7051
      vertex -18.6641 0 -40.7051
    endloop
  endfacet
  facet normal -0.962438 0 -0.271503
    outer loop
      vertex -18.4159 -10 -41.6136
      vertex -18.5954 0 -40.9773
      vertex -18.4159 0 -41.6136
    endloop
  endfacet
  facet normal -0.96246 -5.36816e-06 -0.271425
    outer loop
      vertex -18.6183 -10 -40.8959
      vertex -18.5954 0 -40.9773
      vertex -18.4159 -10 -41.6136
    endloop
  endfacet
  facet normal -0.962632 0 -0.270814
    outer loop
      vertex -18.5954 0 -40.9773
      vertex -18.6183 -10 -40.8959
      vertex -18.6183 0 -40.8959
    endloop
  endfacet
  facet normal -0.948683 0 -0.316228
    outer loop
      vertex -18.3552 -10 -41.8004
      vertex -18.3553 0 -41.8001
      vertex -18.3552 0 -41.8004
    endloop
  endfacet
  facet normal -0.951004 -2.3469e-07 -0.309178
    outer loop
      vertex -18.3553 0 -41.8001
      vertex -18.3552 -10 -41.8004
      vertex -18.4159 0 -41.6137
    endloop
  endfacet
  facet normal -0.951049 -3.0904e-06 -0.30904
    outer loop
      vertex -18.4159 -10 -41.6136
      vertex -18.4159 0 -41.6137
      vertex -18.3552 -10 -41.8004
    endloop
  endfacet
  facet normal -1 0 0
    outer loop
      vertex -18.4159 0 -41.6137
      vertex -18.4159 -10 -41.6136
      vertex -18.4159 0 -41.6136
    endloop
  endfacet
  facet normal -0.938206 0 -0.346078
    outer loop
      vertex -18.0971 -10 -42.5001
      vertex -18.3552 0 -41.8004
      vertex -18.0971 0 -42.5001
    endloop
  endfacet
  facet normal -0.938206 -0 -0.346078
    outer loop
      vertex -18.3552 0 -41.8004
      vertex -18.0971 -10 -42.5001
      vertex -18.3552 -10 -41.8004
    endloop
  endfacet
  facet normal -0.948683 0 -0.316228
    outer loop
      vertex -18.022 -10 -42.6814
      vertex -18.0221 0 -42.6811
      vertex -18.022 0 -42.6814
    endloop
  endfacet
  facet normal -0.923936 2.23706e-06 -0.382547
    outer loop
      vertex -18.0221 0 -42.6811
      vertex -18.022 -10 -42.6814
      vertex -18.097 0 -42.5002
    endloop
  endfacet
  facet normal -0.923874 5.41177e-06 -0.382697
    outer loop
      vertex -18.0971 -10 -42.5001
      vertex -18.097 0 -42.5002
      vertex -18.022 -10 -42.6814
    endloop
  endfacet
  facet normal -0.707107 0 -0.707107
    outer loop
      vertex -18.097 0 -42.5002
      vertex -18.0971 -10 -42.5001
      vertex -18.0971 0 -42.5001
    endloop
  endfacet
  facet normal -0.908154 0 -0.418636
    outer loop
      vertex -17.7704 -10 -43.2272
      vertex -18.022 0 -42.6814
      vertex -17.7704 0 -43.2272
    endloop
  endfacet
  facet normal -0.908154 -0 -0.418636
    outer loop
      vertex -18.022 0 -42.6814
      vertex -17.7704 -10 -43.2272
      vertex -18.022 -10 -42.6814
    endloop
  endfacet
  facet normal -0.886461 0 -0.462803
    outer loop
      vertex -17.6568 -10 -43.4447
      vertex -17.7703 0 -43.2273
      vertex -17.6568 0 -43.4447
    endloop
  endfacet
  facet normal -0.886381 4.23425e-06 -0.462956
    outer loop
      vertex -17.7704 -10 -43.2272
      vertex -17.7703 0 -43.2273
      vertex -17.6568 -10 -43.4447
    endloop
  endfacet
  facet normal -0.707107 0 -0.707107
    outer loop
      vertex -17.7703 0 -43.2273
      vertex -17.7704 -10 -43.2272
      vertex -17.7704 0 -43.2272
    endloop
  endfacet
  facet normal -0.83697 0 -0.547249
    outer loop
      vertex -17.5225 -10 -43.6501
      vertex -17.6568 0 -43.4447
      vertex -17.5225 0 -43.6501
    endloop
  endfacet
  facet normal -0.83697 -0 -0.547249
    outer loop
      vertex -17.6568 0 -43.4447
      vertex -17.5225 -10 -43.6501
      vertex -17.6568 -10 -43.4447
    endloop
  endfacet
  facet normal -0.779235 0 -0.626732
    outer loop
      vertex -17.3688 -10 -43.8412
      vertex -17.5225 0 -43.6501
      vertex -17.3688 0 -43.8412
    endloop
  endfacet
  facet normal -0.779235 -0 -0.626732
    outer loop
      vertex -17.5225 0 -43.6501
      vertex -17.3688 -10 -43.8412
      vertex -17.5225 -10 -43.6501
    endloop
  endfacet
  facet normal -0.714001 0 -0.700145
    outer loop
      vertex -17.197 -10 -44.0164
      vertex -17.3688 0 -43.8412
      vertex -17.197 0 -44.0164
    endloop
  endfacet
  facet normal -0.714001 -0 -0.700145
    outer loop
      vertex -17.3688 0 -43.8412
      vertex -17.197 -10 -44.0164
      vertex -17.3688 -10 -43.8412
    endloop
  endfacet
  facet normal -0.641987 0 -0.766716
    outer loop
      vertex -17.197 -10 -44.0164
      vertex -17.0089 0 -44.1739
      vertex -17.0089 -10 -44.1739
    endloop
  endfacet
  facet normal -0.641987 0 -0.766716
    outer loop
      vertex -17.0089 0 -44.1739
      vertex -17.197 -10 -44.0164
      vertex -17.197 0 -44.0164
    endloop
  endfacet
  facet normal -0.563602 0 -0.826046
    outer loop
      vertex -17.0089 -10 -44.1739
      vertex -16.8062 0 -44.3122
      vertex -16.8062 -10 -44.3122
    endloop
  endfacet
  facet normal -0.563602 0 -0.826046
    outer loop
      vertex -16.8062 0 -44.3122
      vertex -17.0089 -10 -44.1739
      vertex -17.0089 0 -44.1739
    endloop
  endfacet
  facet normal -0.480165 0 -0.877178
    outer loop
      vertex -16.8062 -10 -44.3122
      vertex -16.591 0 -44.43
      vertex -16.591 -10 -44.43
    endloop
  endfacet
  facet normal -0.480165 0 -0.877178
    outer loop
      vertex -16.591 0 -44.43
      vertex -16.8062 -10 -44.3122
      vertex -16.8062 0 -44.3122
    endloop
  endfacet
  facet normal -0.391753 0 -0.92007
    outer loop
      vertex -16.591 -10 -44.43
      vertex -16.3653 0 -44.5261
      vertex -16.3653 -10 -44.5261
    endloop
  endfacet
  facet normal -0.391753 0 -0.92007
    outer loop
      vertex -16.3653 0 -44.5261
      vertex -16.591 -10 -44.43
      vertex -16.591 0 -44.43
    endloop
  endfacet
  facet normal -0.299551 0 -0.95408
    outer loop
      vertex -16.3653 -10 -44.5261
      vertex -16.1312 0 -44.5996
      vertex -16.1312 -10 -44.5996
    endloop
  endfacet
  facet normal -0.299551 0 -0.95408
    outer loop
      vertex -16.1312 0 -44.5996
      vertex -16.3653 -10 -44.5261
      vertex -16.3653 0 -44.5261
    endloop
  endfacet
  facet normal -0.204654 0 -0.978834
    outer loop
      vertex -16.1312 -10 -44.5996
      vertex -15.8911 0 -44.6498
      vertex -15.8911 -10 -44.6498
    endloop
  endfacet
  facet normal -0.204654 0 -0.978834
    outer loop
      vertex -15.8911 0 -44.6498
      vertex -16.1312 -10 -44.5996
      vertex -16.1312 0 -44.5996
    endloop
  endfacet
  facet normal -0.108015 0 -0.994149
    outer loop
      vertex -15.8911 -10 -44.6498
      vertex -15.6472 0 -44.6763
      vertex -15.6472 -10 -44.6763
    endloop
  endfacet
  facet normal -0.108015 0 -0.994149
    outer loop
      vertex -15.6472 0 -44.6763
      vertex -15.8911 -10 -44.6498
      vertex -15.8911 0 -44.6498
    endloop
  endfacet
  facet normal -0.00977948 0 -0.999952
    outer loop
      vertex -15.6472 -10 -44.6763
      vertex -15.4018 0 -44.6787
      vertex -15.4018 -10 -44.6787
    endloop
  endfacet
  facet normal -0.00977948 0 -0.999952
    outer loop
      vertex -15.4018 0 -44.6787
      vertex -15.6472 -10 -44.6763
      vertex -15.6472 0 -44.6763
    endloop
  endfacet
  facet normal 0.0884769 0 -0.996078
    outer loop
      vertex -15.4018 -10 -44.6787
      vertex -15.1575 0 -44.657
      vertex -15.1575 -10 -44.657
    endloop
  endfacet
  facet normal 0.0884769 0 -0.996078
    outer loop
      vertex -15.1575 0 -44.657
      vertex -15.4018 -10 -44.6787
      vertex -15.4018 0 -44.6787
    endloop
  endfacet
  facet normal 0.146327 0 -0.989236
    outer loop
      vertex 15.745 -10 -44.6685
      vertex 15.9877 0 -44.6326
      vertex 15.9877 -10 -44.6326
    endloop
  endfacet
  facet normal 0.146327 0 -0.989236
    outer loop
      vertex 15.9877 0 -44.6326
      vertex 15.745 -10 -44.6685
      vertex 15.745 0 -44.6685
    endloop
  endfacet
  facet normal 0.243303 0 -0.96995
    outer loop
      vertex 15.9877 -10 -44.6326
      vertex 16.2257 0 -44.5729
      vertex 16.2257 -10 -44.5729
    endloop
  endfacet
  facet normal 0.243303 0 -0.96995
    outer loop
      vertex 16.2257 0 -44.5729
      vertex 15.9877 -10 -44.6326
      vertex 15.9877 0 -44.6326
    endloop
  endfacet
  facet normal 0.336698 0 -0.941613
    outer loop
      vertex 16.2257 -10 -44.5729
      vertex 16.4567 0 -44.4903
      vertex 16.4567 -10 -44.4903
    endloop
  endfacet
  facet normal 0.336698 0 -0.941613
    outer loop
      vertex 16.4567 0 -44.4903
      vertex 16.2257 -10 -44.5729
      vertex 16.2257 0 -44.5729
    endloop
  endfacet
  facet normal 0.427543 0 -0.903995
    outer loop
      vertex 16.4567 -10 -44.4903
      vertex 16.6785 0 -44.3854
      vertex 16.6785 -10 -44.3854
    endloop
  endfacet
  facet normal 0.427543 0 -0.903995
    outer loop
      vertex 16.6785 0 -44.3854
      vertex 16.4567 -10 -44.4903
      vertex 16.4567 0 -44.4903
    endloop
  endfacet
  facet normal 0.514076 0 -0.857745
    outer loop
      vertex 16.6785 -10 -44.3854
      vertex 16.8889 0 -44.2593
      vertex 16.8889 -10 -44.2593
    endloop
  endfacet
  facet normal 0.514076 0 -0.857745
    outer loop
      vertex 16.8889 0 -44.2593
      vertex 16.6785 -10 -44.3854
      vertex 16.6785 0 -44.3854
    endloop
  endfacet
  facet normal 0.595754 0 -0.803167
    outer loop
      vertex 16.8889 -10 -44.2593
      vertex 17.086 0 -44.1131
      vertex 17.086 -10 -44.1131
    endloop
  endfacet
  facet normal 0.595754 0 -0.803167
    outer loop
      vertex 17.086 0 -44.1131
      vertex 16.8889 -10 -44.2593
      vertex 16.8889 0 -44.2593
    endloop
  endfacet
  facet normal 0.671617 0 -0.740898
    outer loop
      vertex 17.086 -10 -44.1131
      vertex 17.2678 0 -43.9483
      vertex 17.2678 -10 -43.9483
    endloop
  endfacet
  facet normal 0.671617 0 -0.740898
    outer loop
      vertex 17.2678 0 -43.9483
      vertex 17.086 -10 -44.1131
      vertex 17.086 0 -44.1131
    endloop
  endfacet
  facet normal 0.740917 0 -0.671596
    outer loop
      vertex 17.4325 -10 -43.7666
      vertex 17.2678 0 -43.9483
      vertex 17.4325 0 -43.7666
    endloop
  endfacet
  facet normal 0.740917 0 -0.671596
    outer loop
      vertex 17.2678 0 -43.9483
      vertex 17.4325 -10 -43.7666
      vertex 17.2678 -10 -43.9483
    endloop
  endfacet
  facet normal 0.803167 0 -0.595754
    outer loop
      vertex 17.5787 -10 -43.5695
      vertex 17.4325 0 -43.7666
      vertex 17.5787 0 -43.5695
    endloop
  endfacet
  facet normal 0.803167 0 -0.595754
    outer loop
      vertex 17.4325 0 -43.7666
      vertex 17.5787 -10 -43.5695
      vertex 17.4325 -10 -43.7666
    endloop
  endfacet
  facet normal 0.857745 0 -0.514076
    outer loop
      vertex 17.7048 -10 -43.3591
      vertex 17.5787 0 -43.5695
      vertex 17.7048 0 -43.3591
    endloop
  endfacet
  facet normal 0.857745 0 -0.514076
    outer loop
      vertex 17.5787 0 -43.5695
      vertex 17.7048 -10 -43.3591
      vertex 17.5787 -10 -43.5695
    endloop
  endfacet
  facet normal 0.894427 0 -0.447214
    outer loop
      vertex 17.7704 -10 -43.2272
      vertex 17.7703 0 -43.2274
      vertex 17.7704 0 -43.2272
    endloop
  endfacet
  facet normal 0.895377 4.75903e-08 -0.445309
    outer loop
      vertex 17.7703 0 -43.2274
      vertex 17.7704 -10 -43.2272
      vertex 17.7048 0 -43.3591
    endloop
  endfacet
  facet normal 0.895376 0 -0.445312
    outer loop
      vertex 17.7048 0 -43.3591
      vertex 17.7704 -10 -43.2272
      vertex 17.7048 -10 -43.3591
    endloop
  endfacet
  facet normal 0.908154 0 -0.418636
    outer loop
      vertex 18.022 -10 -42.6814
      vertex 17.7704 0 -43.2272
      vertex 18.022 0 -42.6814
    endloop
  endfacet
  facet normal 0.908154 0 -0.418636
    outer loop
      vertex 17.7704 0 -43.2272
      vertex 18.022 -10 -42.6814
      vertex 17.7704 -10 -43.2272
    endloop
  endfacet
  facet normal 0.707107 0 -0.707107
    outer loop
      vertex 18.0971 -10 -42.5001
      vertex 18.097 0 -42.5002
      vertex 18.0971 0 -42.5001
    endloop
  endfacet
  facet normal 0.923936 5.41389e-06 -0.382547
    outer loop
      vertex 18.097 0 -42.5002
      vertex 18.0971 -10 -42.5001
      vertex 18.0221 0 -42.6811
    endloop
  endfacet
  facet normal 0.923874 2.24217e-06 -0.382697
    outer loop
      vertex 18.022 -10 -42.6814
      vertex 18.0221 0 -42.6811
      vertex 18.0971 -10 -42.5001
    endloop
  endfacet
  facet normal 0.948683 0 -0.316228
    outer loop
      vertex 18.0221 0 -42.6811
      vertex 18.022 -10 -42.6814
      vertex 18.022 0 -42.6814
    endloop
  endfacet
  facet normal 0.938206 0 -0.346078
    outer loop
      vertex 18.3552 -10 -41.8004
      vertex 18.0971 0 -42.5001
      vertex 18.3552 0 -41.8004
    endloop
  endfacet
  facet normal 0.938206 0 -0.346078
    outer loop
      vertex 18.0971 0 -42.5001
      vertex 18.3552 -10 -41.8004
      vertex 18.0971 -10 -42.5001
    endloop
  endfacet
  facet normal 1 -0 0
    outer loop
      vertex 18.4159 -10 -41.6136
      vertex 18.4159 0 -41.6137
      vertex 18.4159 0 -41.6136
    endloop
  endfacet
  facet normal 0.951004 -3.09178e-06 -0.309178
    outer loop
      vertex 18.4159 0 -41.6137
      vertex 18.4159 -10 -41.6136
      vertex 18.3553 0 -41.8001
    endloop
  endfacet
  facet normal 0.951049 -2.3929e-07 -0.30904
    outer loop
      vertex 18.3552 -10 -41.8004
      vertex 18.3553 0 -41.8001
      vertex 18.4159 -10 -41.6136
    endloop
  endfacet
  facet normal 0.948683 0 -0.316228
    outer loop
      vertex 18.3553 0 -41.8001
      vertex 18.3552 -10 -41.8004
      vertex 18.3552 0 -41.8004
    endloop
  endfacet
  facet normal 0.962632 0 -0.270814
    outer loop
      vertex 18.6183 -10 -40.8959
      vertex 18.5954 0 -40.9773
      vertex 18.6183 0 -40.8959
    endloop
  endfacet
  facet normal 0.962438 -6.05475e-06 -0.271503
    outer loop
      vertex 18.5954 0 -40.9773
      vertex 18.6183 -10 -40.8959
      vertex 18.4159 0 -41.6136
    endloop
  endfacet
  facet normal 0.96246 0 -0.271425
    outer loop
      vertex 18.4159 0 -41.6136
      vertex 18.6183 -10 -40.8959
      vertex 18.4159 -10 -41.6136
    endloop
  endfacet
  facet normal 1 -0 0
    outer loop
      vertex 18.6641 -10 -40.7051
      vertex 18.6641 0 -40.7053
      vertex 18.6641 0 -40.7051
    endloop
  endfacet
  facet normal 0.972322 -4.67286e-06 -0.233643
    outer loop
      vertex 18.6641 0 -40.7053
      vertex 18.6641 -10 -40.7051
      vertex 18.6183 0 -40.8959
    endloop
  endfacet
  facet normal 0.972378 0 -0.233412
    outer loop
      vertex 18.6183 0 -40.8959
      vertex 18.6641 -10 -40.7051
      vertex 18.6183 -10 -40.8959
    endloop
  endfacet
  facet normal 0.980771 0 -0.195162
    outer loop
      vertex 18.8097 -10 -39.9734
      vertex 18.6641 0 -40.7051
      vertex 18.8097 0 -39.9734
    endloop
  endfacet
  facet normal 0.980771 0 -0.195162
    outer loop
      vertex 18.6641 0 -40.7051
      vertex 18.8097 -10 -39.9734
      vertex 18.6641 -10 -40.7051
    endloop
  endfacet
  facet normal 0.980581 0 -0.196116
    outer loop
      vertex 18.8404 -10 -39.7795
      vertex 18.8403 0 -39.78
      vertex 18.8404 0 -39.7795
    endloop
  endfacet
  facet normal 0.987688 2.05513e-06 -0.156435
    outer loop
      vertex 18.8403 0 -39.78
      vertex 18.8404 -10 -39.7795
      vertex 18.8097 0 -39.9732
    endloop
  endfacet
  facet normal 0.987697 3.12762e-06 -0.156381
    outer loop
      vertex 18.8097 -10 -39.9734
      vertex 18.8097 0 -39.9732
      vertex 18.8404 -10 -39.7795
    endloop
  endfacet
  facet normal 1 0 0
    outer loop
      vertex 18.8097 0 -39.9732
      vertex 18.8097 -10 -39.9734
      vertex 18.8097 0 -39.9734
    endloop
  endfacet
  facet normal 0.993073 0 -0.117495
    outer loop
      vertex 18.928 -10 -39.0391
      vertex 18.8404 0 -39.7795
      vertex 18.928 0 -39.0391
    endloop
  endfacet
  facet normal 0.993073 0 -0.117495
    outer loop
      vertex 18.8404 0 -39.7795
      vertex 18.928 -10 -39.0391
      vertex 18.8404 -10 -39.7795
    endloop
  endfacet
  facet normal 0.996912 0 -0.0785291
    outer loop
      vertex 18.9434 -10 -38.8435
      vertex 18.928 0 -39.039
      vertex 18.9434 0 -38.8435
    endloop
  endfacet
  facet normal 0.996915 7.84892e-07 -0.0784892
    outer loop
      vertex 18.928 -10 -39.0391
      vertex 18.928 0 -39.039
      vertex 18.9434 -10 -38.8435
    endloop
  endfacet
  facet normal 1 0 0
    outer loop
      vertex 18.928 0 -39.039
      vertex 18.928 -10 -39.0391
      vertex 18.928 0 -39.0391
    endloop
  endfacet
  facet normal 0.999234 0 -0.0391377
    outer loop
      vertex 18.9746 -10 -38.0489
      vertex 18.9714 0 -38.1306
      vertex 18.9746 0 -38.0489
    endloop
  endfacet
  facet normal 0.99923 -8.85837e-07 -0.0392459
    outer loop
      vertex 18.9714 0 -38.1306
      vertex 18.9746 -10 -38.0489
      vertex 18.9434 0 -38.8435
    endloop
  endfacet
  facet normal 0.99923 0 -0.0392348
    outer loop
      vertex 18.9434 0 -38.8435
      vertex 18.9746 -10 -38.0489
      vertex 18.9434 -10 -38.8435
    endloop
  endfacet
  facet normal 0.999793 0 -0.0203624
    outer loop
      vertex 18.9766 -10 -37.9507
      vertex 18.9746 0 -38.0489
      vertex 18.9766 0 -37.9507
    endloop
  endfacet
  facet normal 0.999793 0 -0.0203624
    outer loop
      vertex 18.9746 0 -38.0489
      vertex 18.9766 -10 -37.9507
      vertex 18.9746 -10 -38.0489
    endloop
  endfacet
  facet normal 0.999229 0 -0.0392617
    outer loop
      vertex 19.0321 -10 -33.0785
      vertex 18.9766 0 -34.491
      vertex 19.0321 0 -33.0785
    endloop
  endfacet
  facet normal 0.999229 0 -0.0392617
    outer loop
      vertex 18.9766 0 -34.491
      vertex 19.0321 -10 -33.0785
      vertex 18.9766 -10 -34.491
    endloop
  endfacet
  facet normal 0.993059 0 -0.117621
    outer loop
      vertex 19.1982 -10 -31.6752
      vertex 19.0713 0 -32.7466
      vertex 19.1982 0 -31.6752
    endloop
  endfacet
  facet normal 0.993068 8.4375e-06 -0.117543
    outer loop
      vertex 19.0321 -10 -33.0785
      vertex 19.0713 0 -32.7466
      vertex 19.1982 -10 -31.6752
    endloop
  endfacet
  facet normal 0.993097 0 -0.117293
    outer loop
      vertex 19.0713 0 -32.7466
      vertex 19.0321 -10 -33.0785
      vertex 19.0321 0 -33.0785
    endloop
  endfacet
  facet normal 0.98077 0 -0.195168
    outer loop
      vertex 19.4739 -10 -30.2888
      vertex 19.3828 0 -30.7466
      vertex 19.4739 0 -30.2888
    endloop
  endfacet
  facet normal 0.980795 6.05427e-06 -0.195041
    outer loop
      vertex 19.1982 -10 -31.6752
      vertex 19.3828 0 -30.7466
      vertex 19.4739 -10 -30.2888
    endloop
  endfacet
  facet normal 0.980808 0 -0.194979
    outer loop
      vertex 19.3828 0 -30.7466
      vertex 19.1982 -10 -31.6752
      vertex 19.1982 0 -31.6752
    endloop
  endfacet
  facet normal 0.962458 0 -0.27143
    outer loop
      vertex 19.8575 -10 -28.9286
      vertex 19.4739 0 -30.2888
      vertex 19.8575 0 -28.9286
    endloop
  endfacet
  facet normal 0.962458 0 -0.27143
    outer loop
      vertex 19.4739 0 -30.2888
      vertex 19.8575 -10 -28.9286
      vertex 19.4739 -10 -30.2888
    endloop
  endfacet
  facet normal 0.938171 0 -0.346171
    outer loop
      vertex 20.3467 -10 -27.6028
      vertex 19.8575 0 -28.9286
      vertex 20.3467 0 -27.6028
    endloop
  endfacet
  facet normal 0.938171 0 -0.346171
    outer loop
      vertex 19.8575 0 -28.9286
      vertex 20.3467 -10 -27.6028
      vertex 19.8575 -10 -28.9286
    endloop
  endfacet
  facet normal 0.908129 0 -0.41869
    outer loop
      vertex 20.9385 -10 -26.3191
      vertex 20.3467 0 -27.6027
      vertex 20.9385 0 -26.3191
    endloop
  endfacet
  facet normal 0.908142 4.18663e-06 -0.418663
    outer loop
      vertex 20.3467 -10 -27.6028
      vertex 20.3467 0 -27.6027
      vertex 20.9385 -10 -26.3191
    endloop
  endfacet
  facet normal 1 0 0
    outer loop
      vertex 20.3467 0 -27.6027
      vertex 20.3467 -10 -27.6028
      vertex 20.3467 0 -27.6028
    endloop
  endfacet
  facet normal 1 -0 0
    outer loop
      vertex 21.6291 -10 -25.0858
      vertex 21.6291 0 -25.0859
      vertex 21.6291 0 -25.0858
    endloop
  endfacet
  facet normal 0.872504 -4.88608e-06 -0.488608
    outer loop
      vertex 21.6291 0 -25.0859
      vertex 21.6291 -10 -25.0858
      vertex 20.9385 0 -26.3191
    endloop
  endfacet
  facet normal 0.87252 0 -0.488578
    outer loop
      vertex 20.9385 0 -26.3191
      vertex 21.6291 -10 -25.0858
      vertex 20.9385 -10 -26.3191
    endloop
  endfacet
  facet normal 0.831451 0 -0.555598
    outer loop
      vertex 22.4142 -10 -23.9109
      vertex 21.6291 0 -25.0858
      vertex 22.4142 0 -23.9109
    endloop
  endfacet
  facet normal 0.831451 0 -0.555598
    outer loop
      vertex 21.6291 0 -25.0858
      vertex 22.4142 -10 -23.9109
      vertex 21.6291 -10 -25.0858
    endloop
  endfacet
  facet normal 0.785317 0 -0.619093
    outer loop
      vertex 23.2893 -10 -22.8008
      vertex 22.5202 0 -23.7764
      vertex 23.2893 0 -22.8008
    endloop
  endfacet
  facet normal 0.785328 2.14708e-06 -0.61908
    outer loop
      vertex 22.4142 -10 -23.9109
      vertex 22.5202 0 -23.7764
      vertex 23.2893 -10 -22.8008
    endloop
  endfacet
  facet normal 0.785406 0 -0.618981
    outer loop
      vertex 22.5202 0 -23.7764
      vertex 22.4142 -10 -23.9109
      vertex 22.4142 0 -23.9109
    endloop
  endfacet
  facet normal 0.734334 0 -0.678788
    outer loop
      vertex 24.2486 -10 -21.763
      vertex 23.2893 0 -22.8008
      vertex 24.2486 0 -21.763
    endloop
  endfacet
  facet normal 0.734334 0 -0.678788
    outer loop
      vertex 23.2893 0 -22.8008
      vertex 24.2486 -10 -21.763
      vertex 23.2893 -10 -22.8008
    endloop
  endfacet
  facet normal 0.678791 0 -0.734331
    outer loop
      vertex 24.2486 -10 -21.763
      vertex 25.2865 0 -20.8036
      vertex 25.2865 -10 -20.8036
    endloop
  endfacet
  facet normal 0.678791 0 -0.734331
    outer loop
      vertex 25.2865 0 -20.8036
      vertex 24.2486 -10 -21.763
      vertex 24.2486 0 -21.763
    endloop
  endfacet
  facet normal 0.619105 0 -0.785308
    outer loop
      vertex 25.2865 -10 -20.8036
      vertex 26.3964 0 -19.9286
      vertex 26.3964 -10 -19.9286
    endloop
  endfacet
  facet normal 0.619105 0 -0.785308
    outer loop
      vertex 26.3964 0 -19.9286
      vertex 25.2865 -10 -20.8036
      vertex 25.2865 0 -20.8036
    endloop
  endfacet
  facet normal 0.555549 0 -0.831484
    outer loop
      vertex 26.3964 -10 -19.9286
      vertex 27.5716 0 -19.1434
      vertex 27.5716 -10 -19.1434
    endloop
  endfacet
  facet normal 0.555549 0 -0.831484
    outer loop
      vertex 27.5716 0 -19.1434
      vertex 26.3964 -10 -19.9286
      vertex 26.3964 0 -19.9286
    endloop
  endfacet
  facet normal 0.488438 0 -0.872599
    outer loop
      vertex 28.8047 -10 -18.4529
      vertex 28.5478 0 -18.5967
      vertex 28.8047 0 -18.4529
    endloop
  endfacet
  facet normal 0.488584 4.92971e-06 -0.872517
    outer loop
      vertex 27.5716 -10 -19.1434
      vertex 28.5478 0 -18.5967
      vertex 28.8047 -10 -18.4529
    endloop
  endfacet
  facet normal 0.488622 0 -0.872495
    outer loop
      vertex 28.5478 0 -18.5967
      vertex 27.5716 -10 -19.1434
      vertex 27.5716 0 -19.1434
    endloop
  endfacet
  facet normal 0.418769 0 -0.908093
    outer loop
      vertex 30.0884 -10 -17.861
      vertex 29.6907 0 -18.0444
      vertex 30.0884 0 -17.861
    endloop
  endfacet
  facet normal 0.418722 -2.26021e-06 -0.908115
    outer loop
      vertex 28.8047 -10 -18.4529
      vertex 29.6907 0 -18.0444
      vertex 30.0884 -10 -17.861
    endloop
  endfacet
  facet normal 0.418701 0 -0.908124
    outer loop
      vertex 29.6907 0 -18.0444
      vertex 28.8047 -10 -18.4529
      vertex 28.8047 0 -18.4529
    endloop
  endfacet
  facet normal 0.346109 0 -0.938194
    outer loop
      vertex 30.0884 -10 -17.861
      vertex 31.4142 0 -17.3719
      vertex 31.4142 -10 -17.3719
    endloop
  endfacet
  facet normal 0.346109 0 -0.938194
    outer loop
      vertex 31.4142 0 -17.3719
      vertex 30.0884 -10 -17.861
      vertex 30.0884 0 -17.861
    endloop
  endfacet
  facet normal 0.271487 0 -0.962442
    outer loop
      vertex 32.7744 -10 -16.9883
      vertex 31.6616 0 -17.3022
      vertex 32.7744 0 -16.9883
    endloop
  endfacet
  facet normal 0.27143 -6.84235e-06 -0.962458
    outer loop
      vertex 31.4142 -10 -17.3719
      vertex 31.6616 0 -17.3022
      vertex 32.7744 -10 -16.9883
    endloop
  endfacet
  facet normal 0.271174 0 -0.96253
    outer loop
      vertex 31.6616 0 -17.3022
      vertex 31.4142 -10 -17.3719
      vertex 31.4142 0 -17.3719
    endloop
  endfacet
  facet normal 0.1951 0 -0.980783
    outer loop
      vertex 34.1608 -10 -16.7125
      vertex 33.2323 0 -16.8972
      vertex 34.1608 0 -16.7125
    endloop
  endfacet
  facet normal 0.195109 8.6448e-07 -0.980782
    outer loop
      vertex 32.7744 -10 -16.9883
      vertex 33.2323 0 -16.8972
      vertex 34.1608 -10 -16.7125
    endloop
  endfacet
  facet normal 0.195127 0 -0.980778
    outer loop
      vertex 33.2323 0 -16.8972
      vertex 32.7744 -10 -16.9883
      vertex 32.7744 0 -16.9883
    endloop
  endfacet
  facet normal 0.117553 0 -0.993067
    outer loop
      vertex 35.5642 -10 -16.5464
      vertex 35.2322 0 -16.5857
      vertex 35.5642 0 -16.5464
    endloop
  endfacet
  facet normal 0.117535 -5.95813e-07 -0.993069
    outer loop
      vertex 34.1608 -10 -16.7125
      vertex 35.2322 0 -16.5857
      vertex 35.5642 -10 -16.5464
    endloop
  endfacet
  facet normal 0.11753 0 -0.993069
    outer loop
      vertex 35.2322 0 -16.5857
      vertex 34.1608 -10 -16.7125
      vertex 34.1608 0 -16.7125
    endloop
  endfacet
  facet normal 0.0392617 0 -0.999229
    outer loop
      vertex 35.5642 -10 -16.5464
      vertex 36.9767 0 -16.4909
      vertex 36.9767 -10 -16.4909
    endloop
  endfacet
  facet normal 0.0392617 0 -0.999229
    outer loop
      vertex 36.9767 0 -16.4909
      vertex 35.5642 -10 -16.5464
      vertex 35.5642 0 -16.5464
    endloop
  endfacet
  facet normal 0.0193446 0 -0.999813
    outer loop
      vertex 37.9507 -10 -16.4909
      vertex 38.0489 0 -16.489
      vertex 38.0489 -10 -16.489
    endloop
  endfacet
  facet normal 0.0193446 0 -0.999813
    outer loop
      vertex 38.0489 0 -16.489
      vertex 37.9507 -10 -16.4909
      vertex 37.9507 0 -16.4909
    endloop
  endfacet
  facet normal 0.0392459 0 -0.99923
    outer loop
      vertex 38.8435 -10 -16.4578
      vertex 38.1306 0 -16.4858
      vertex 38.8435 0 -16.4578
    endloop
  endfacet
  facet normal 0.0392348 -7.94756e-07 -0.99923
    outer loop
      vertex 38.0489 -10 -16.489
      vertex 38.1306 0 -16.4858
      vertex 38.8435 -10 -16.4578
    endloop
  endfacet
  facet normal 0.0391377 0 -0.999234
    outer loop
      vertex 38.1306 0 -16.4858
      vertex 38.0489 -10 -16.489
      vertex 38.0489 0 -16.489
    endloop
  endfacet
  facet normal 0 0 -1
    outer loop
      vertex 39.0391 -10 -16.4424
      vertex 39.039 0 -16.4424
      vertex 39.0391 0 -16.4424
    endloop
  endfacet
  facet normal 0.0784892 7.84892e-07 -0.996915
    outer loop
      vertex 38.8435 -10 -16.4578
      vertex 39.039 0 -16.4424
      vertex 39.0391 -10 -16.4424
    endloop
  endfacet
  facet normal 0.0785291 0 -0.996912
    outer loop
      vertex 39.039 0 -16.4424
      vertex 38.8435 -10 -16.4578
      vertex 38.8435 0 -16.4578
    endloop
  endfacet
  facet normal 0.117495 0 -0.993073
    outer loop
      vertex 39.0391 -10 -16.4424
      vertex 39.7795 0 -16.3548
      vertex 39.7795 -10 -16.3548
    endloop
  endfacet
  facet normal 0.117495 0 -0.993073
    outer loop
      vertex 39.7795 0 -16.3548
      vertex 39.0391 -10 -16.4424
      vertex 39.0391 0 -16.4424
    endloop
  endfacet
  facet normal 0 0 -1
    outer loop
      vertex 39.9734 -10 -16.3241
      vertex 39.9732 0 -16.3241
      vertex 39.9734 0 -16.3241
    endloop
  endfacet
  facet normal 0.156435 3.1287e-06 -0.987688
    outer loop
      vertex 39.9734 -10 -16.3241
      vertex 39.78 0 -16.3547
      vertex 39.9732 0 -16.3241
    endloop
  endfacet
  facet normal 0.156381 2.05791e-06 -0.987697
    outer loop
      vertex 39.7795 -10 -16.3548
      vertex 39.78 0 -16.3547
      vertex 39.9734 -10 -16.3241
    endloop
  endfacet
  facet normal 0.196116 0 -0.980581
    outer loop
      vertex 39.78 0 -16.3547
      vertex 39.7795 -10 -16.3548
      vertex 39.7795 0 -16.3548
    endloop
  endfacet
  facet normal 0.195162 0 -0.980771
    outer loop
      vertex 39.9734 -10 -16.3241
      vertex 40.7051 0 -16.1785
      vertex 40.7051 -10 -16.1785
    endloop
  endfacet
  facet normal 0.195162 0 -0.980771
    outer loop
      vertex 40.7051 0 -16.1785
      vertex 39.9734 -10 -16.3241
      vertex 39.9734 0 -16.3241
    endloop
  endfacet
  facet normal 0.233643 0 -0.972322
    outer loop
      vertex 40.8959 -10 -16.1327
      vertex 40.7053 0 -16.1785
      vertex 40.8959 0 -16.1327
    endloop
  endfacet
  facet normal 0.233412 -4.66823e-06 -0.972378
    outer loop
      vertex 40.7051 -10 -16.1785
      vertex 40.7053 0 -16.1785
      vertex 40.8959 -10 -16.1327
    endloop
  endfacet
  facet normal -0 0 -1
    outer loop
      vertex 40.7053 0 -16.1785
      vertex 40.7051 -10 -16.1785
      vertex 40.7051 0 -16.1785
    endloop
  endfacet
  facet normal 0.271363 0 -0.962477
    outer loop
      vertex 41.6136 -10 -15.9303
      vertex 40.9773 0 -16.1097
      vertex 41.6136 0 -15.9303
    endloop
  endfacet
  facet normal 0.271425 4.25644e-06 -0.96246
    outer loop
      vertex 40.8959 -10 -16.1327
      vertex 40.9773 0 -16.1097
      vertex 41.6136 -10 -15.9303
    endloop
  endfacet
  facet normal 0.271909 0 -0.962323
    outer loop
      vertex 40.9773 0 -16.1097
      vertex 40.8959 -10 -16.1327
      vertex 40.8959 0 -16.1327
    endloop
  endfacet
  facet normal 0.316228 0 -0.948683
    outer loop
      vertex 41.8004 -10 -15.8696
      vertex 41.8001 0 -15.8697
      vertex 41.8004 0 -15.8696
    endloop
  endfacet
  facet normal 0.308717 -2.50035e-07 -0.951154
    outer loop
      vertex 41.8004 -10 -15.8696
      vertex 41.6137 0 -15.9302
      vertex 41.8001 0 -15.8697
    endloop
  endfacet
  facet normal 0.30904 6.42009e-06 -0.951049
    outer loop
      vertex 41.6136 -10 -15.9303
      vertex 41.6137 0 -15.9302
      vertex 41.8004 -10 -15.8696
    endloop
  endfacet
  facet normal 0.707107 0 -0.707107
    outer loop
      vertex 41.6137 0 -15.9302
      vertex 41.6136 -10 -15.9303
      vertex 41.6136 0 -15.9303
    endloop
  endfacet
  facet normal 0.346078 0 -0.938206
    outer loop
      vertex 41.8004 -10 -15.8696
      vertex 42.5001 0 -15.6115
      vertex 42.5001 -10 -15.6115
    endloop
  endfacet
  facet normal 0.346078 0 -0.938206
    outer loop
      vertex 42.5001 0 -15.6115
      vertex 41.8004 -10 -15.8696
      vertex 41.8004 0 -15.8696
    endloop
  endfacet
  facet normal 0.707107 0 -0.707107
    outer loop
      vertex 42.6814 -10 -15.5363
      vertex 42.6813 0 -15.5364
      vertex 42.6814 0 -15.5363
    endloop
  endfacet
  facet normal 0.382622 -5.41283e-06 -0.923905
    outer loop
      vertex 42.6814 -10 -15.5363
      vertex 42.5002 0 -15.6114
      vertex 42.6813 0 -15.5364
    endloop
  endfacet
  facet normal 0.383132 5.40562e-06 -0.923694
    outer loop
      vertex 42.5001 -10 -15.6115
      vertex 42.5002 0 -15.6114
      vertex 42.6814 -10 -15.5363
    endloop
  endfacet
  facet normal 0.707107 0 -0.707107
    outer loop
      vertex 42.5002 0 -15.6114
      vertex 42.5001 -10 -15.6115
      vertex 42.5001 0 -15.6115
    endloop
  endfacet
  facet normal 0.418653 0 -0.908146
    outer loop
      vertex 43.3587 -10 -15.2241
      vertex 42.9895 0 -15.3943
      vertex 43.3587 0 -15.2241
    endloop
  endfacet
  facet normal 0.418616 -1.63853e-06 -0.908163
    outer loop
      vertex 42.6814 -10 -15.5363
      vertex 42.9895 0 -15.3943
      vertex 43.3587 -10 -15.2241
    endloop
  endfacet
  facet normal 0.418572 0 -0.908184
    outer loop
      vertex 42.9895 0 -15.3943
      vertex 42.6814 -10 -15.5363
      vertex 42.6814 0 -15.5363
    endloop
  endfacet
  facet normal 0.454132 0 -0.890934
    outer loop
      vertex 43.3587 -10 -15.2241
      vertex 43.5335 0 -15.135
      vertex 43.5335 -10 -15.135
    endloop
  endfacet
  facet normal 0.454132 0 -0.890934
    outer loop
      vertex 43.5335 0 -15.135
      vertex 43.3587 -10 -15.2241
      vertex 43.3587 0 -15.2241
    endloop
  endfacet
  facet normal 0.488612 0 -0.872501
    outer loop
      vertex 43.5335 -10 -15.135
      vertex 44.1842 0 -14.7706
      vertex 44.1842 -10 -14.7706
    endloop
  endfacet
  facet normal 0.488612 0 -0.872501
    outer loop
      vertex 44.1842 0 -14.7706
      vertex 43.5335 -10 -15.135
      vertex 43.5335 0 -15.135
    endloop
  endfacet
  facet normal 0.522192 0 -0.852828
    outer loop
      vertex 44.1842 -10 -14.7706
      vertex 44.3516 0 -14.6681
      vertex 44.3516 -10 -14.6681
    endloop
  endfacet
  facet normal 0.522192 0 -0.852828
    outer loop
      vertex 44.3516 0 -14.6681
      vertex 44.1842 -10 -14.7706
      vertex 44.1842 0 -14.7706
    endloop
  endfacet
  facet normal 0.555628 0 -0.831431
    outer loop
      vertex 44.3516 -10 -14.6681
      vertex 44.9717 0 -14.2537
      vertex 44.9717 -10 -14.2537
    endloop
  endfacet
  facet normal 0.555628 0 -0.831431
    outer loop
      vertex 44.9717 0 -14.2537
      vertex 44.3516 -10 -14.6681
      vertex 44.3516 0 -14.6681
    endloop
  endfacet
  facet normal 0.587627 0 -0.809132
    outer loop
      vertex 44.9717 -10 -14.2537
      vertex 45.1306 0 -14.1383
      vertex 45.1306 -10 -14.1383
    endloop
  endfacet
  facet normal 0.587627 0 -0.809132
    outer loop
      vertex 45.1306 0 -14.1383
      vertex 44.9717 -10 -14.2537
      vertex 44.9717 0 -14.2537
    endloop
  endfacet
  facet normal 0.61907 0 -0.785336
    outer loop
      vertex 45.1306 -10 -14.1383
      vertex 45.7163 0 -13.6766
      vertex 45.7163 -10 -13.6766
    endloop
  endfacet
  facet normal 0.61907 0 -0.785336
    outer loop
      vertex 45.7163 0 -13.6766
      vertex 45.1306 -10 -14.1383
      vertex 45.1306 0 -14.1383
    endloop
  endfacet
  facet normal 0.649658 0 -0.760227
    outer loop
      vertex 45.7163 -10 -13.6766
      vertex 45.8655 0 -13.5491
      vertex 45.8655 -10 -13.5491
    endloop
  endfacet
  facet normal 0.649658 0 -0.760227
    outer loop
      vertex 45.8655 0 -13.5491
      vertex 45.7163 -10 -13.6766
      vertex 45.7163 0 -13.6766
    endloop
  endfacet
  facet normal 0.678803 0 -0.73432
    outer loop
      vertex 45.8655 -10 -13.5491
      vertex 46.4131 0 -13.0429
      vertex 46.4131 -10 -13.0429
    endloop
  endfacet
  facet normal 0.678803 0 -0.73432
    outer loop
      vertex 46.4131 0 -13.0429
      vertex 45.8655 -10 -13.5491
      vertex 45.8655 0 -13.5491
    endloop
  endfacet
  facet normal 0.706852 0 -0.707361
    outer loop
      vertex 46.552 -10 -12.9041
      vertex 46.4131 0 -13.0429
      vertex 46.552 0 -12.9041
    endloop
  endfacet
  facet normal 0.706852 0 -0.707361
    outer loop
      vertex 46.4131 0 -13.0429
      vertex 46.552 -10 -12.9041
      vertex 46.4131 -10 -13.0429
    endloop
  endfacet
  facet normal 0.734382 0 -0.678737
    outer loop
      vertex 47.0582 -10 -12.3564
      vertex 46.552 0 -12.9041
      vertex 47.0582 0 -12.3564
    endloop
  endfacet
  facet normal 0.734382 0 -0.678737
    outer loop
      vertex 46.552 0 -12.9041
      vertex 47.0582 -10 -12.3564
      vertex 46.552 -10 -12.9041
    endloop
  endfacet
  facet normal 0.760479 0 -0.649363
    outer loop
      vertex 47.1856 -10 -12.2072
      vertex 47.0582 0 -12.3564
      vertex 47.1856 0 -12.2072
    endloop
  endfacet
  facet normal 0.760479 0 -0.649363
    outer loop
      vertex 47.0582 0 -12.3564
      vertex 47.1856 -10 -12.2072
      vertex 47.0582 -10 -12.3564
    endloop
  endfacet
  facet normal 0.78527 0 -0.619153
    outer loop
      vertex 47.6474 -10 -11.6215
      vertex 47.1856 0 -12.2072
      vertex 47.6474 0 -11.6215
    endloop
  endfacet
  facet normal 0.78527 0 -0.619153
    outer loop
      vertex 47.1856 0 -12.2072
      vertex 47.6474 -10 -11.6215
      vertex 47.1856 -10 -12.2072
    endloop
  endfacet
  facet normal 0.808956 0 -0.587869
    outer loop
      vertex 47.7628 -10 -11.4627
      vertex 47.6474 0 -11.6215
      vertex 47.7628 0 -11.4627
    endloop
  endfacet
  facet normal 0.808956 0 -0.587869
    outer loop
      vertex 47.6474 0 -11.6215
      vertex 47.7628 -10 -11.4627
      vertex 47.6474 -10 -11.6215
    endloop
  endfacet
  facet normal 0.831534 0 -0.555473
    outer loop
      vertex 48.1771 -10 -10.8425
      vertex 47.7628 0 -11.4627
      vertex 48.1771 0 -10.8425
    endloop
  endfacet
  facet normal 0.831534 0 -0.555473
    outer loop
      vertex 47.7628 0 -11.4627
      vertex 48.1771 -10 -10.8425
      vertex 47.7628 -10 -11.4627
    endloop
  endfacet
  facet normal 0.852462 0 -0.522789
    outer loop
      vertex 48.2797 -10 -10.6752
      vertex 48.1771 0 -10.8425
      vertex 48.2797 0 -10.6752
    endloop
  endfacet
  facet normal 0.852462 0 -0.522789
    outer loop
      vertex 48.1771 0 -10.8425
      vertex 48.2797 -10 -10.6752
      vertex 48.1771 -10 -10.8425
    endloop
  endfacet
  facet normal 0.872501 0 -0.488612
    outer loop
      vertex 48.6441 -10 -10.0245
      vertex 48.2797 0 -10.6752
      vertex 48.6441 0 -10.0245
    endloop
  endfacet
  facet normal 0.872501 0 -0.488612
    outer loop
      vertex 48.2797 0 -10.6752
      vertex 48.6441 -10 -10.0245
      vertex 48.2797 -10 -10.6752
    endloop
  endfacet
  facet normal 0.89105 0 -0.453905
    outer loop
      vertex 48.7332 -10 -9.84959
      vertex 48.6441 0 -10.0245
      vertex 48.7332 0 -9.84959
    endloop
  endfacet
  facet normal 0.89105 0 -0.453905
    outer loop
      vertex 48.6441 0 -10.0245
      vertex 48.7332 -10 -9.84959
      vertex 48.6441 -10 -10.0245
    endloop
  endfacet
  facet normal 0.908163 0 -0.418617
    outer loop
      vertex 49.0454 -10 -9.17238
      vertex 48.9034 0 -9.48044
      vertex 49.0454 0 -9.17238
    endloop
  endfacet
  facet normal 0.908142 -1.67787e-06 -0.418662
    outer loop
      vertex 48.7332 -10 -9.84959
      vertex 48.9034 0 -9.48044
      vertex 49.0454 -10 -9.17238
    endloop
  endfacet
  facet normal 0.908125 0 -0.418699
    outer loop
      vertex 48.9034 0 -9.48044
      vertex 48.7332 -10 -9.84959
      vertex 48.7332 0 -9.84959
    endloop
  endfacet
  facet normal 1 -0 0
    outer loop
      vertex 49.1205 -10 -8.991
      vertex 49.1205 0 -8.99115
      vertex 49.1205 0 -8.991
    endloop
  endfacet
  facet normal 0.923905 -5.73933e-06 -0.382622
    outer loop
      vertex 49.1205 0 -8.99115
      vertex 49.1205 -10 -8.991
      vertex 49.0455 0 -9.17225
    endloop
  endfacet
  facet normal 0.923934 -4.26615e-06 -0.382553
    outer loop
      vertex 49.0454 -10 -9.17238
      vertex 49.0455 0 -9.17225
      vertex 49.1205 -10 -8.991
    endloop
  endfacet
  facet normal 0.792624 0 -0.609711
    outer loop
      vertex 49.0455 0 -9.17225
      vertex 49.0454 -10 -9.17238
      vertex 49.0454 0 -9.17238
    endloop
  endfacet
  facet normal 0.938161 0 -0.346201
    outer loop
      vertex 49.3787 -10 -8.29131
      vertex 49.1205 0 -8.991
      vertex 49.3787 0 -8.29131
    endloop
  endfacet
  facet normal 0.938161 0 -0.346201
    outer loop
      vertex 49.1205 0 -8.991
      vertex 49.3787 -10 -8.29131
      vertex 49.1205 -10 -8.991
    endloop
  endfacet
  facet normal 1 -0 0
    outer loop
      vertex 49.4393 -10 -8.10457
      vertex 49.4393 0 -8.10468
      vertex 49.4393 0 -8.10457
    endloop
  endfacet
  facet normal 0.951004 -3.40096e-06 -0.309178
    outer loop
      vertex 49.4393 0 -8.10468
      vertex 49.4393 -10 -8.10457
      vertex 49.3787 0 -8.29108
    endloop
  endfacet
  facet normal 0.951169 7.09939e-06 -0.308669
    outer loop
      vertex 49.3787 -10 -8.29131
      vertex 49.3787 0 -8.29108
      vertex 49.4393 -10 -8.10457
    endloop
  endfacet
  facet normal 1 0 0
    outer loop
      vertex 49.3787 0 -8.29108
      vertex 49.3787 -10 -8.29131
      vertex 49.3787 0 -8.29131
    endloop
  endfacet
  facet normal 0.962314 0 -0.27194
    outer loop
      vertex 49.6418 -10 -7.38684
      vertex 49.6188 0 -7.46823
      vertex 49.6418 0 -7.38684
    endloop
  endfacet
  facet normal 0.962442 3.98005e-06 -0.271487
    outer loop
      vertex 49.6188 0 -7.46823
      vertex 49.6418 -10 -7.38684
      vertex 49.4393 0 -8.10457
    endloop
  endfacet
  facet normal 0.962427 0 -0.271539
    outer loop
      vertex 49.4393 0 -8.10457
      vertex 49.6418 -10 -7.38684
      vertex 49.4393 -10 -8.10457
    endloop
  endfacet
  facet normal 0.847998 0 -0.529999
    outer loop
      vertex 49.6876 -10 -7.19603
      vertex 49.6875 0 -7.19619
      vertex 49.6876 0 -7.19603
    endloop
  endfacet
  facet normal 0.972452 5.99488e-06 -0.233103
    outer loop
      vertex 49.6875 0 -7.19619
      vertex 49.6876 -10 -7.19603
      vertex 49.6418 0 -7.38684
    endloop
  endfacet
  facet normal 0.972381 0 -0.2334
    outer loop
      vertex 49.6418 0 -7.38684
      vertex 49.6876 -10 -7.19603
      vertex 49.6418 -10 -7.38684
    endloop
  endfacet
  facet normal 0.980794 0 -0.195049
    outer loop
      vertex 49.8331 -10 -6.46439
      vertex 49.6876 0 -7.19603
      vertex 49.8331 0 -6.46439
    endloop
  endfacet
  facet normal 0.980794 0 -0.195049
    outer loop
      vertex 49.6876 0 -7.19603
      vertex 49.8331 -10 -6.46439
      vertex 49.6876 -10 -7.19603
    endloop
  endfacet
  facet normal 1 -0 0
    outer loop
      vertex 49.8638 -10 -6.27032
      vertex 49.8638 0 -6.27079
      vertex 49.8638 0 -6.27032
    endloop
  endfacet
  facet normal 0.987632 -7.36919e-06 -0.156791
    outer loop
      vertex 49.8638 0 -6.27079
      vertex 49.8638 -10 -6.27032
      vertex 49.8331 0 -6.46417
    endloop
  endfacet
  facet normal 0.987718 3.43744e-06 -0.156247
    outer loop
      vertex 49.8331 -10 -6.46439
      vertex 49.8331 0 -6.46417
      vertex 49.8638 -10 -6.27032
    endloop
  endfacet
  facet normal 1 0 0
    outer loop
      vertex 49.8331 0 -6.46417
      vertex 49.8331 -10 -6.46439
      vertex 49.8331 0 -6.46439
    endloop
  endfacet
  facet normal 0.993017 0 -0.11797
    outer loop
      vertex 49.8735 -10 -6.18867
      vertex 49.8638 0 -6.27032
      vertex 49.8735 0 -6.18867
    endloop
  endfacet
  facet normal 0.993017 0 -0.11797
    outer loop
      vertex 49.8638 0 -6.27032
      vertex 49.8735 -10 -6.18867
      vertex 49.8638 -10 -6.27032
    endloop
  endfacet
  facet normal 0.997647 0 -0.0685556
    outer loop
      vertex 49.8903 -10 -5.94392
      vertex 49.8735 0 -6.1884
      vertex 49.8903 0 -5.94392
    endloop
  endfacet
  facet normal 0.997652 1.84897e-06 -0.0684803
    outer loop
      vertex 49.8735 -10 -6.18867
      vertex 49.8735 0 -6.1884
      vertex 49.8903 -10 -5.94392
    endloop
  endfacet
  facet normal 1 0 0
    outer loop
      vertex 49.8735 0 -6.1884
      vertex 49.8735 -10 -6.18867
      vertex 49.8735 0 -6.18867
    endloop
  endfacet
  facet normal 0.999569 -0 0.0293464
    outer loop
      vertex 49.8831 -10 -5.69868
      vertex 49.8903 0 -5.94392
      vertex 49.8831 0 -5.69868
    endloop
  endfacet
  facet normal 0.999569 0 0.0293464
    outer loop
      vertex 49.8903 0 -5.94392
      vertex 49.8831 -10 -5.69868
      vertex 49.8903 -10 -5.94392
    endloop
  endfacet
  facet normal 0.99188 -0 0.12718
    outer loop
      vertex 49.8519 -10 -5.45535
      vertex 49.8831 0 -5.69868
      vertex 49.8519 0 -5.45535
    endloop
  endfacet
  facet normal 0.99188 0 0.12718
    outer loop
      vertex 49.8831 0 -5.69868
      vertex 49.8519 -10 -5.45535
      vertex 49.8831 -10 -5.69868
    endloop
  endfacet
  facet normal 0.974549 -0 0.224175
    outer loop
      vertex 49.7969 -10 -5.21625
      vertex 49.8519 0 -5.45535
      vertex 49.7969 0 -5.21625
    endloop
  endfacet
  facet normal 0.974549 0 0.224175
    outer loop
      vertex 49.8519 0 -5.45535
      vertex 49.7969 -10 -5.21625
      vertex 49.8519 -10 -5.45535
    endloop
  endfacet
  facet normal 0.94798 -0 0.31833
    outer loop
      vertex 49.7188 -10 -4.98367
      vertex 49.7969 0 -5.21625
      vertex 49.7188 0 -4.98367
    endloop
  endfacet
  facet normal 0.94798 0 0.31833
    outer loop
      vertex 49.7969 0 -5.21625
      vertex 49.7188 -10 -4.98367
      vertex 49.7969 -10 -5.21625
    endloop
  endfacet
  facet normal 0.912242 -0 0.409653
    outer loop
      vertex 49.6183 -10 -4.75987
      vertex 49.7188 0 -4.98367
      vertex 49.6183 0 -4.75987
    endloop
  endfacet
  facet normal 0.912242 0 0.409653
    outer loop
      vertex 49.7188 0 -4.98367
      vertex 49.6183 -10 -4.75987
      vertex 49.7188 -10 -4.98367
    endloop
  endfacet
  facet normal 0.8676 -0 0.497262
    outer loop
      vertex 49.4963 -10 -4.54701
      vertex 49.6183 0 -4.75987
      vertex 49.4963 0 -4.54701
    endloop
  endfacet
  facet normal 0.8676 0 0.497262
    outer loop
      vertex 49.6183 0 -4.75987
      vertex 49.4963 -10 -4.54701
      vertex 49.6183 -10 -4.75987
    endloop
  endfacet
  facet normal 0.814628 -0 0.579984
    outer loop
      vertex 49.354 -10 -4.34714
      vertex 49.4963 0 -4.54701
      vertex 49.354 0 -4.34714
    endloop
  endfacet
  facet normal 0.814628 0 0.579984
    outer loop
      vertex 49.4963 0 -4.54701
      vertex 49.354 -10 -4.34714
      vertex 49.4963 -10 -4.54701
    endloop
  endfacet
  facet normal 0.753903 -0 0.656986
    outer loop
      vertex 49.1928 -10 -4.16216
      vertex 49.354 0 -4.34714
      vertex 49.1928 0 -4.16216
    endloop
  endfacet
  facet normal 0.753903 0 0.656986
    outer loop
      vertex 49.354 0 -4.34714
      vertex 49.1928 -10 -4.16216
      vertex 49.354 -10 -4.34714
    endloop
  endfacet
  facet normal 0.68597 0 0.72763
    outer loop
      vertex 49.0143 0 -3.99388
      vertex 49.1928 -10 -4.16216
      vertex 49.1928 0 -4.16216
    endloop
  endfacet
  facet normal 0.68597 0 0.72763
    outer loop
      vertex 49.1928 -10 -4.16216
      vertex 49.0143 0 -3.99388
      vertex 49.0143 -10 -3.99388
    endloop
  endfacet
  facet normal 0.611431 0 0.791298
    outer loop
      vertex 48.8202 0 -3.8439
      vertex 49.0143 -10 -3.99388
      vertex 49.0143 0 -3.99388
    endloop
  endfacet
  facet normal 0.611431 0 0.791298
    outer loop
      vertex 49.0143 -10 -3.99388
      vertex 48.8202 0 -3.8439
      vertex 48.8202 -10 -3.8439
    endloop
  endfacet
  facet normal 0.530673 0 0.847577
    outer loop
      vertex 48.6122 0 -3.71367
      vertex 48.8202 -10 -3.8439
      vertex 48.8202 0 -3.8439
    endloop
  endfacet
  facet normal 0.530673 0 0.847577
    outer loop
      vertex 48.8202 -10 -3.8439
      vertex 48.6122 0 -3.71367
      vertex 48.6122 -10 -3.71367
    endloop
  endfacet
  facet normal 0.445126 0 0.895468
    outer loop
      vertex 48.3925 0 -3.60446
      vertex 48.6122 -10 -3.71367
      vertex 48.6122 0 -3.71367
    endloop
  endfacet
  facet normal 0.445126 0 0.895468
    outer loop
      vertex 48.6122 -10 -3.71367
      vertex 48.3925 0 -3.60446
      vertex 48.3925 -10 -3.60446
    endloop
  endfacet
  facet normal 0.35531 0 0.934748
    outer loop
      vertex 48.1632 0 -3.5173
      vertex 48.3925 -10 -3.60446
      vertex 48.3925 0 -3.60446
    endloop
  endfacet
  facet normal 0.35531 0 0.934748
    outer loop
      vertex 48.3925 -10 -3.60446
      vertex 48.1632 0 -3.5173
      vertex 48.1632 -10 -3.5173
    endloop
  endfacet
  facet normal 0.261858 0 0.965106
    outer loop
      vertex 47.9264 0 -3.45305
      vertex 48.1632 -10 -3.5173
      vertex 48.1632 0 -3.5173
    endloop
  endfacet
  facet normal 0.261858 0 0.965106
    outer loop
      vertex 48.1632 -10 -3.5173
      vertex 47.9264 0 -3.45305
      vertex 47.9264 -10 -3.45305
    endloop
  endfacet
  facet normal 0.166157 0 0.986099
    outer loop
      vertex 47.6845 0 -3.41229
      vertex 47.9264 -10 -3.45305
      vertex 47.9264 0 -3.45305
    endloop
  endfacet
  facet normal 0.166157 0 0.986099
    outer loop
      vertex 47.9264 -10 -3.45305
      vertex 47.6845 0 -3.41229
      vertex 47.6845 -10 -3.41229
    endloop
  endfacet
  facet normal 0.0588017 0 0.99827
    outer loop
      vertex 47.3908 0 -3.39499
      vertex 47.6845 -10 -3.41229
      vertex 47.6845 0 -3.41229
    endloop
  endfacet
  facet normal 0.0588017 0 0.99827
    outer loop
      vertex 47.6845 -10 -3.41229
      vertex 47.3908 0 -3.39499
      vertex 47.3908 -10 -3.39499
    endloop
  endfacet
  facet normal -0 0 1
    outer loop
      vertex 17.5737 0 -3.39499
      vertex 47.3908 -10 -3.39499
      vertex 47.3908 0 -3.39499
    endloop
  endfacet
  facet normal 0 0 1
    outer loop
      vertex 47.3908 -10 -3.39499
      vertex 17.5737 0 -3.39499
      vertex 17.5737 -10 -3.39499
    endloop
  endfacet
  facet normal -0.0244825 0 0.9997
    outer loop
      vertex 17.4512 0 -3.39799
      vertex 17.5737 -10 -3.39499
      vertex 17.5737 0 -3.39499
    endloop
  endfacet
  facet normal -0.0244825 0 0.9997
    outer loop
      vertex 17.5737 -10 -3.39499
      vertex 17.4512 0 -3.39799
      vertex 17.4512 -10 -3.39799
    endloop
  endfacet
  facet normal -0.0490319 0 0.998797
    outer loop
      vertex 17.1817 0 -3.41122
      vertex 17.4512 -10 -3.39799
      vertex 17.4512 0 -3.39799
    endloop
  endfacet
  facet normal -0.0490319 0 0.998797
    outer loop
      vertex 17.4512 -10 -3.39799
      vertex 17.1817 0 -3.41122
      vertex 17.1817 -10 -3.41122
    endloop
  endfacet
  facet normal -0.0980516 0 0.995181
    outer loop
      vertex 16.9374 0 -3.43529
      vertex 17.1817 -10 -3.41122
      vertex 17.1817 0 -3.41122
    endloop
  endfacet
  facet normal -0.0980516 0 0.995181
    outer loop
      vertex 17.1817 -10 -3.41122
      vertex 16.9374 0 -3.43529
      vertex 16.9374 -10 -3.43529
    endloop
  endfacet
  facet normal -0.146743 0 0.989175
    outer loop
      vertex 16.7436 0 -3.46404
      vertex 16.9374 -10 -3.43529
      vertex 16.9374 0 -3.43529
    endloop
  endfacet
  facet normal -0.146743 0 0.989175
    outer loop
      vertex 16.9374 -10 -3.43529
      vertex 16.7436 0 -3.46404
      vertex 16.7436 -10 -3.46404
    endloop
  endfacet
  facet normal -0.195057 0 0.980792
    outer loop
      vertex 16.5031 0 -3.51187
      vertex 16.7436 -10 -3.46404
      vertex 16.7436 0 -3.46404
    endloop
  endfacet
  facet normal -0.195057 0 0.980792
    outer loop
      vertex 16.7436 -10 -3.46404
      vertex 16.5031 0 -3.51187
      vertex 16.5031 -10 -3.51187
    endloop
  endfacet
  facet normal -0.242944 0 0.97004
    outer loop
      vertex 16.313 0 -3.55948
      vertex 16.5031 -10 -3.51187
      vertex 16.5031 0 -3.51187
    endloop
  endfacet
  facet normal -0.242944 0 0.97004
    outer loop
      vertex 16.5031 -10 -3.51187
      vertex 16.313 0 -3.55948
      vertex 16.313 -10 -3.55948
    endloop
  endfacet
  facet normal -0.2903 0 0.956936
    outer loop
      vertex 16.0782 0 -3.63071
      vertex 16.313 -10 -3.55948
      vertex 16.313 0 -3.55948
    endloop
  endfacet
  facet normal -0.2903 0 0.956936
    outer loop
      vertex 16.313 -10 -3.55948
      vertex 16.0782 0 -3.63071
      vertex 16.0782 -10 -3.63071
    endloop
  endfacet
  facet normal -0.336802 0 0.941575
    outer loop
      vertex 15.8938 0 -3.69667
      vertex 16.0782 -10 -3.63071
      vertex 16.0782 0 -3.63071
    endloop
  endfacet
  facet normal -0.336802 0 0.941575
    outer loop
      vertex 16.0782 -10 -3.63071
      vertex 15.8938 0 -3.69667
      vertex 15.8938 -10 -3.69667
    endloop
  endfacet
  facet normal -0.38278 0 0.923839
    outer loop
      vertex 15.6671 0 -3.7906
      vertex 15.8938 -10 -3.69667
      vertex 15.8938 0 -3.69667
    endloop
  endfacet
  facet normal -0.38278 0 0.923839
    outer loop
      vertex 15.8938 -10 -3.69667
      vertex 15.6671 0 -3.7906
      vertex 15.6671 -10 -3.7906
    endloop
  endfacet
  facet normal -0.427599 0 0.903968
    outer loop
      vertex 15.4899 0 -3.87442
      vertex 15.6671 -10 -3.7906
      vertex 15.6671 0 -3.7906
    endloop
  endfacet
  facet normal -0.427599 0 0.903968
    outer loop
      vertex 15.6671 -10 -3.7906
      vertex 15.4899 0 -3.87442
      vertex 15.4899 -10 -3.87442
    endloop
  endfacet
  facet normal -0.471361 0 0.88194
    outer loop
      vertex 15.2737 0 -3.98997
      vertex 15.4899 -10 -3.87442
      vertex 15.4899 0 -3.87442
    endloop
  endfacet
  facet normal -0.471361 0 0.88194
    outer loop
      vertex 15.4899 -10 -3.87442
      vertex 15.2737 0 -3.98997
      vertex 15.2737 -10 -3.98997
    endloop
  endfacet
  facet normal -0.514158 0 0.857696
    outer loop
      vertex 15.1058 0 -4.09062
      vertex 15.2737 -10 -3.98997
      vertex 15.2737 0 -3.98997
    endloop
  endfacet
  facet normal -0.514158 0 0.857696
    outer loop
      vertex 15.2737 -10 -3.98997
      vertex 15.1058 0 -4.09062
      vertex 15.1058 -10 -4.09062
    endloop
  endfacet
  facet normal -0.555452 0 0.831549
    outer loop
      vertex 14.9016 0 -4.22702
      vertex 15.1058 -10 -4.09062
      vertex 15.1058 0 -4.09062
    endloop
  endfacet
  facet normal -0.555452 0 0.831549
    outer loop
      vertex 15.1058 -10 -4.09062
      vertex 14.9016 0 -4.22702
      vertex 14.9016 -10 -4.22702
    endloop
  endfacet
  facet normal -0.595831 0 0.80311
    outer loop
      vertex 14.7441 0 -4.34387
      vertex 14.9016 -10 -4.22702
      vertex 14.9016 0 -4.22702
    endloop
  endfacet
  facet normal -0.595831 0 0.80311
    outer loop
      vertex 14.9016 -10 -4.22702
      vertex 14.7441 0 -4.34387
      vertex 14.7441 -10 -4.34387
    endloop
  endfacet
  facet normal -0.634465 0 0.772952
    outer loop
      vertex 14.5545 0 -4.4995
      vertex 14.7441 -10 -4.34387
      vertex 14.7441 0 -4.34387
    endloop
  endfacet
  facet normal -0.634465 0 0.772952
    outer loop
      vertex 14.7441 -10 -4.34387
      vertex 14.5545 0 -4.4995
      vertex 14.5545 -10 -4.4995
    endloop
  endfacet
  facet normal -0.671444 0 0.741055
    outer loop
      vertex 14.4094 0 -4.63097
      vertex 14.5545 -10 -4.4995
      vertex 14.5545 0 -4.4995
    endloop
  endfacet
  facet normal -0.671444 0 0.741055
    outer loop
      vertex 14.5545 -10 -4.4995
      vertex 14.4094 0 -4.63097
      vertex 14.4094 -10 -4.63097
    endloop
  endfacet
  facet normal -0.707168 0 0.707046
    outer loop
      vertex 14.236 -10 -4.8044
      vertex 14.4094 0 -4.63097
      vertex 14.236 0 -4.8044
    endloop
  endfacet
  facet normal -0.707168 0 0.707046
    outer loop
      vertex 14.4094 0 -4.63097
      vertex 14.236 -10 -4.8044
      vertex 14.4094 -10 -4.63097
    endloop
  endfacet
  facet normal -0.740864 0 0.671655
    outer loop
      vertex 14.1045 -10 -4.94945
      vertex 14.236 0 -4.8044
      vertex 14.1045 0 -4.94945
    endloop
  endfacet
  facet normal -0.740864 0 0.671655
    outer loop
      vertex 14.236 0 -4.8044
      vertex 14.1045 -10 -4.94945
      vertex 14.236 -10 -4.8044
    endloop
  endfacet
  facet normal -0.773045 0 0.634352
    outer loop
      vertex 13.9489 -10 -5.13907
      vertex 14.1045 0 -4.94945
      vertex 13.9489 0 -5.13907
    endloop
  endfacet
  facet normal -0.773045 0 0.634352
    outer loop
      vertex 14.1045 0 -4.94945
      vertex 13.9489 -10 -5.13907
      vertex 14.1045 -10 -4.94945
    endloop
  endfacet
  facet normal -0.803078 0 0.595873
    outer loop
      vertex 13.832 -10 -5.29662
      vertex 13.9489 0 -5.13907
      vertex 13.832 0 -5.29662
    endloop
  endfacet
  facet normal -0.803078 0 0.595873
    outer loop
      vertex 13.9489 0 -5.13907
      vertex 13.832 -10 -5.29662
      vertex 13.9489 -10 -5.13907
    endloop
  endfacet
  facet normal -0.831473 0 0.555565
    outer loop
      vertex 13.6956 -10 -5.50076
      vertex 13.832 0 -5.29662
      vertex 13.6956 0 -5.50076
    endloop
  endfacet
  facet normal -0.831473 0 0.555565
    outer loop
      vertex 13.832 0 -5.29662
      vertex 13.6956 -10 -5.50076
      vertex 13.832 -10 -5.29662
    endloop
  endfacet
  facet normal -0.857862 0 0.51388
    outer loop
      vertex 13.595 -10 -5.6687
      vertex 13.6956 0 -5.50076
      vertex 13.595 0 -5.6687
    endloop
  endfacet
  facet normal -0.857862 0 0.51388
    outer loop
      vertex 13.6956 0 -5.50076
      vertex 13.595 -10 -5.6687
      vertex 13.6956 -10 -5.50076
    endloop
  endfacet
  facet normal -0.881856 0 0.471519
    outer loop
      vertex 13.4794 -10 -5.8849
      vertex 13.595 0 -5.6687
      vertex 13.4794 0 -5.8849
    endloop
  endfacet
  facet normal -0.881856 0 0.471519
    outer loop
      vertex 13.595 0 -5.6687
      vertex 13.4794 -10 -5.8849
      vertex 13.595 -10 -5.6687
    endloop
  endfacet
  facet normal -0.904097 0 0.427326
    outer loop
      vertex 13.403 -10 -6.04654
      vertex 13.4794 0 -5.8849
      vertex 13.403 0 -6.04654
    endloop
  endfacet
  facet normal -0.904097 0 0.427326
    outer loop
      vertex 13.4794 0 -5.8849
      vertex 13.403 -10 -6.04654
      vertex 13.4794 -10 -5.8849
    endloop
  endfacet
  facet normal -1 0 0
    outer loop
      vertex 13 -10 -42.1806
      vertex 13 0 -16.3748
      vertex 13 0 -42.1806
    endloop
  endfacet
  facet normal -1 -0 0
    outer loop
      vertex 13 0 -16.3748
      vertex 13 -10 -42.1806
      vertex 13 -10 -16.3748
    endloop
  endfacet
  facet normal -0.998803 0 -0.0489209
    outer loop
      vertex 13.012 -10 -42.4256
      vertex 13 0 -42.1806
      vertex 13.012 0 -42.4256
    endloop
  endfacet
  facet normal -0.998803 -0 -0.0489209
    outer loop
      vertex 13 0 -42.1806
      vertex 13.012 -10 -42.4256
      vertex 13 -10 -42.1806
    endloop
  endfacet
  facet normal -0.989177 0 -0.146726
    outer loop
      vertex 13.048 -10 -42.6683
      vertex 13.012 0 -42.4256
      vertex 13.048 0 -42.6683
    endloop
  endfacet
  facet normal -0.989177 -0 -0.146726
    outer loop
      vertex 13.012 0 -42.4256
      vertex 13.048 -10 -42.6683
      vertex 13.012 -10 -42.4256
    endloop
  endfacet
  facet normal -0.96995 0 -0.243303
    outer loop
      vertex 13.1077 -10 -42.9063
      vertex 13.048 0 -42.6683
      vertex 13.1077 0 -42.9063
    endloop
  endfacet
  facet normal -0.96995 -0 -0.243303
    outer loop
      vertex 13.048 0 -42.6683
      vertex 13.1077 -10 -42.9063
      vertex 13.048 -10 -42.6683
    endloop
  endfacet
  facet normal -0.941613 0 -0.336698
    outer loop
      vertex 13.1903 -10 -43.1373
      vertex 13.1077 0 -42.9063
      vertex 13.1903 0 -43.1373
    endloop
  endfacet
  facet normal -0.941613 -0 -0.336698
    outer loop
      vertex 13.1077 0 -42.9063
      vertex 13.1903 -10 -43.1373
      vertex 13.1077 -10 -42.9063
    endloop
  endfacet
  facet normal -0.903995 0 -0.427543
    outer loop
      vertex 13.2952 -10 -43.3591
      vertex 13.1903 0 -43.1373
      vertex 13.2952 0 -43.3591
    endloop
  endfacet
  facet normal -0.903995 -0 -0.427543
    outer loop
      vertex 13.1903 0 -43.1373
      vertex 13.2952 -10 -43.3591
      vertex 13.1903 -10 -43.1373
    endloop
  endfacet
  facet normal -0.857745 0 -0.514076
    outer loop
      vertex 13.4213 -10 -43.5695
      vertex 13.2952 0 -43.3591
      vertex 13.4213 0 -43.5695
    endloop
  endfacet
  facet normal -0.857745 -0 -0.514076
    outer loop
      vertex 13.2952 0 -43.3591
      vertex 13.4213 -10 -43.5695
      vertex 13.2952 -10 -43.3591
    endloop
  endfacet
  facet normal -0.803167 0 -0.595754
    outer loop
      vertex 13.5675 -10 -43.7666
      vertex 13.4213 0 -43.5695
      vertex 13.5675 0 -43.7666
    endloop
  endfacet
  facet normal -0.803167 -0 -0.595754
    outer loop
      vertex 13.4213 0 -43.5695
      vertex 13.5675 -10 -43.7666
      vertex 13.4213 -10 -43.5695
    endloop
  endfacet
  facet normal -0.740917 0 -0.671596
    outer loop
      vertex 13.7322 -10 -43.9483
      vertex 13.5675 0 -43.7666
      vertex 13.7322 0 -43.9483
    endloop
  endfacet
  facet normal -0.740917 -0 -0.671596
    outer loop
      vertex 13.5675 0 -43.7666
      vertex 13.7322 -10 -43.9483
      vertex 13.5675 -10 -43.7666
    endloop
  endfacet
  facet normal -0.671617 0 -0.740898
    outer loop
      vertex 13.7322 -10 -43.9483
      vertex 13.914 0 -44.1131
      vertex 13.914 -10 -44.1131
    endloop
  endfacet
  facet normal -0.671617 0 -0.740898
    outer loop
      vertex 13.914 0 -44.1131
      vertex 13.7322 -10 -43.9483
      vertex 13.7322 0 -43.9483
    endloop
  endfacet
  facet normal -0.595754 0 -0.803167
    outer loop
      vertex 13.914 -10 -44.1131
      vertex 14.1111 0 -44.2593
      vertex 14.1111 -10 -44.2593
    endloop
  endfacet
  facet normal -0.595754 0 -0.803167
    outer loop
      vertex 14.1111 0 -44.2593
      vertex 13.914 -10 -44.1131
      vertex 13.914 0 -44.1131
    endloop
  endfacet
  facet normal -0.514076 0 -0.857745
    outer loop
      vertex 14.1111 -10 -44.2593
      vertex 14.3215 0 -44.3854
      vertex 14.3215 -10 -44.3854
    endloop
  endfacet
  facet normal -0.514076 0 -0.857745
    outer loop
      vertex 14.3215 0 -44.3854
      vertex 14.1111 -10 -44.2593
      vertex 14.1111 0 -44.2593
    endloop
  endfacet
  facet normal -0.427543 0 -0.903995
    outer loop
      vertex 14.3215 -10 -44.3854
      vertex 14.5433 0 -44.4903
      vertex 14.5433 -10 -44.4903
    endloop
  endfacet
  facet normal -0.427543 0 -0.903995
    outer loop
      vertex 14.5433 0 -44.4903
      vertex 14.3215 -10 -44.3854
      vertex 14.3215 0 -44.3854
    endloop
  endfacet
  facet normal -0.336698 0 -0.941613
    outer loop
      vertex 14.5433 -10 -44.4903
      vertex 14.7743 0 -44.5729
      vertex 14.7743 -10 -44.5729
    endloop
  endfacet
  facet normal -0.336698 0 -0.941613
    outer loop
      vertex 14.7743 0 -44.5729
      vertex 14.5433 -10 -44.4903
      vertex 14.5433 0 -44.4903
    endloop
  endfacet
  facet normal -0.243303 0 -0.96995
    outer loop
      vertex 14.7743 -10 -44.5729
      vertex 15.0123 0 -44.6326
      vertex 15.0123 -10 -44.6326
    endloop
  endfacet
  facet normal -0.243303 0 -0.96995
    outer loop
      vertex 15.0123 0 -44.6326
      vertex 14.7743 -10 -44.5729
      vertex 14.7743 0 -44.5729
    endloop
  endfacet
  facet normal -0.146327 0 -0.989236
    outer loop
      vertex 15.0123 -10 -44.6326
      vertex 15.255 0 -44.6685
      vertex 15.255 -10 -44.6685
    endloop
  endfacet
  facet normal -0.146327 0 -0.989236
    outer loop
      vertex 15.255 0 -44.6685
      vertex 15.0123 -10 -44.6326
      vertex 15.0123 0 -44.6326
    endloop
  endfacet
  facet normal -0.0493276 0 -0.998783
    outer loop
      vertex 15.255 -10 -44.6685
      vertex 15.5 0 -44.6806
      vertex 15.5 -10 -44.6806
    endloop
  endfacet
  facet normal -0.0493276 0 -0.998783
    outer loop
      vertex 15.5 0 -44.6806
      vertex 15.255 -10 -44.6685
      vertex 15.255 0 -44.6685
    endloop
  endfacet
  facet normal 0.0493276 0 -0.998783
    outer loop
      vertex 15.5 -10 -44.6806
      vertex 15.745 0 -44.6685
      vertex 15.745 -10 -44.6685
    endloop
  endfacet
  facet normal 0.0493276 0 -0.998783
    outer loop
      vertex 15.745 0 -44.6685
      vertex 15.5 -10 -44.6806
      vertex 15.5 0 -44.6806
    endloop
  endfacet
  facet normal 0.427126 -0.0336829 -0.903564
    outer loop
      vertex 0.521454 -4.01 -22.0169
      vertex 0.425201 -4.01 -22.0624
      vertex 0.865662 -0.00999928 -22.0033
    endloop
  endfacet
  facet normal 0.42695 -0.0336623 -0.903648
    outer loop
      vertex 0.865662 -0.00999928 -22.0033
      vertex 0.425201 -4.01 -22.0624
      vertex 0.759201 -0.00999928 -22.0536
    endloop
  endfacet
  facet normal -0.739515 -0.063012 -0.670184
    outer loop
      vertex -0.848709 -4.01 -21.7483
      vertex -1.2276 -0.00999928 -21.7063
      vertex -0.777206 -4.01 -21.8272
    endloop
  endfacet
  facet normal 1 -0 0
    outer loop
      vertex 1.49998 -0.00999928 6.65499
      vertex 1.49998 0 -20.945
      vertex 1.49998 0 6.65499
    endloop
  endfacet
  facet normal 1 0 0
    outer loop
      vertex 1.49998 0 -20.945
      vertex 1.49998 -0.00999928 6.65499
      vertex 1.49998 -0.00999928 -20.945
    endloop
  endfacet
  facet normal -0.514033 -0.0413205 -0.856775
    outer loop
      vertex -0.612793 -4.01 -21.9621
      vertex -0.865662 -0.00999928 -22.0033
      vertex -0.521454 -4.01 -22.0169
    endloop
  endfacet
  facet normal 0.993874 -0.0992253 0.0486754
    outer loop
      vertex 1.49422 -0.00999928 6.7726
      vertex 1.095 -4.01 6.76999
      vertex 1.49998 -0.00999928 6.65499
    endloop
  endfacet
  facet normal -0.855207 -0.0758922 -0.512701
    outer loop
      vertex -0.91214 -4.01 -21.6628
      vertex -1.35829 -0.00999928 -21.5107
      vertex -1.29774 -0.00999928 -21.6117
    endloop
  endfacet
  facet normal -0.33689 0 0.941544
    outer loop
      vertex -0.759201 0 7.76365
      vertex -0.648331 -0.00999928 7.80332
      vertex -0.648331 0 7.80332
    endloop
  endfacet
  facet normal -0.33689 0 0.941544
    outer loop
      vertex -0.648331 -0.00999928 7.80332
      vertex -0.759201 0 7.76365
      vertex -0.759201 -0.00999928 7.76365
    endloop
  endfacet
  facet normal -0.42695 -0.0336623 -0.903648
    outer loop
      vertex -0.425201 -4.01 -22.0624
      vertex -0.865662 -0.00999928 -22.0033
      vertex -0.759201 -0.00999928 -22.0536
    endloop
  endfacet
  facet normal -0.984618 -0.0957668 0.146136
    outer loop
      vertex -1.07414 -4.01 6.98166
      vertex -1.49422 -0.00999928 6.7726
      vertex -1.08977 -4.01 6.87635
    endloop
  endfacet
  facet normal 0.984619 -0.0957658 -0.146129
    outer loop
      vertex 1.49422 -0.00999928 -21.0626
      vertex 1.07414 -4.01 -21.2717
      vertex 1.47693 -0.00999928 -21.1791
    endloop
  endfacet
  facet normal -0.739432 -0.0629931 0.670277
    outer loop
      vertex -1.14851 -0.00999928 7.50351
      vertex -1.2276 -0.00999928 7.41626
      vertex -0.777206 -4.01 7.5372
    endloop
  endfacet
  facet normal -0.801338 -0.0696588 -0.594142
    outer loop
      vertex -0.91214 -4.01 -21.6628
      vertex -1.29774 -0.00999928 -21.6117
      vertex -1.2276 -0.00999928 -21.7063
    endloop
  endfacet
  facet normal 0.994914 -0.10073 0
    outer loop
      vertex 1.095 -4.01 6.76999
      vertex 1.49998 -0.00999928 -20.945
      vertex 1.49998 -0.00999928 6.65499
    endloop
  endfacet
  facet normal 0.994914 -0.10073 0
    outer loop
      vertex 1.49998 -0.00999928 -20.945
      vertex 1.095 -4.01 6.76999
      vertex 1.095 -4.01 -21.06
    endloop
  endfacet
  facet normal 0.242838 -0.0184199 -0.969892
    outer loop
      vertex 0.648331 -0.00999928 -22.0933
      vertex 0.324951 -4.01 -22.0983
      vertex 0.534103 -0.00999928 -22.1219
    endloop
  endfacet
  facet normal -0.739242 -0.062972 -0.670489
    outer loop
      vertex -0.777206 -4.01 -21.8272
      vertex -1.2276 -0.00999928 -21.7063
      vertex -1.14851 -0.00999928 -21.7935
    endloop
  endfacet
  facet normal 0.147437 -0.0109557 -0.989011
    outer loop
      vertex 0.221664 -4.01 -22.1241
      vertex 0.116348 -4.01 -22.1398
      vertex 0.417603 -0.00999928 -22.1392
    endloop
  endfacet
  facet normal 0 0 -1
    outer loop
      vertex -0.00999451 -4.01 -22.145
      vertex 0.00999451 -3.99 -22.145
      vertex 0.00999451 -4.01 -22.145
    endloop
  endfacet
  facet normal -0 0 -1
    outer loop
      vertex 0.00999451 -3.99 -22.145
      vertex -0.00999451 -4.01 -22.145
      vertex -0.00999451 -3.99 -22.145
    endloop
  endfacet
  facet normal -0.337025 -0.0260711 -0.941135
    outer loop
      vertex -0.425201 -4.01 -22.0624
      vertex -0.759201 -0.00999928 -22.0536
      vertex -0.324951 -4.01 -22.0983
    endloop
  endfacet
  facet normal 0.670603 -0.0560174 -0.739698
    outer loop
      vertex 1.14851 -0.00999928 -21.7935
      vertex 0.777206 -4.01 -21.8272
      vertex 1.06126 -0.00999928 -21.8726
    endloop
  endfacet
  facet normal 0.965953 -0.0916683 0.241932
    outer loop
      vertex 1.44832 -0.00999928 7.00333
      vertex 1.04828 -4.01 7.08495
      vertex 1.47693 -0.00999928 6.8891
    endloop
  endfacet
  facet normal -0.855214 -0.0758935 -0.512688
    outer loop
      vertex -0.966873 -4.01 -21.5715
      vertex -1.35829 -0.00999928 -21.5107
      vertex -0.91214 -4.01 -21.6628
    endloop
  endfacet
  facet normal -0.970022 0 -0.243015
    outer loop
      vertex -1.44832 -0.00999928 -21.2933
      vertex -1.47693 0 -21.1791
      vertex -1.44832 0 -21.2933
    endloop
  endfacet
  facet normal -0.970022 -0 -0.243015
    outer loop
      vertex -1.47693 0 -21.1791
      vertex -1.44832 -0.00999928 -21.2933
      vertex -1.47693 -0.00999928 -21.1791
    endloop
  endfacet
  facet normal -3.45683e-05 2.50638e-06 1
    outer loop
      vertex -0.299988 -0.00999928 7.85498
      vertex -0.00999451 -3.99 7.855
      vertex -0.299263 0 7.85498
    endloop
  endfacet
  facet normal 0 0 1
    outer loop
      vertex -0.299988 -0.00999928 7.85498
      vertex -0.299263 0 7.85498
      vertex -0.299988 0 7.85498
    endloop
  endfacet
  facet normal -6.89671e-05 0 1
    outer loop
      vertex -0.00999451 -3.99 7.855
      vertex -0.299988 -0.00999928 7.85498
      vertex -0.00999451 -4.01 7.855
    endloop
  endfacet
  facet normal 0.984618 -0.0957668 0.146136
    outer loop
      vertex 1.49422 -0.00999928 6.7726
      vertex 1.07414 -4.01 6.98166
      vertex 1.08977 -4.01 6.87635
    endloop
  endfacet
  facet normal 0.993864 -0.0992245 0.0488709
    outer loop
      vertex 1.49422 -0.00999928 6.7726
      vertex 1.08977 -4.01 6.87635
      vertex 1.095 -4.01 6.76999
    endloop
  endfacet
  facet normal 0.337002 -0.0260685 -0.941143
    outer loop
      vertex 0.759201 -0.00999928 -22.0536
      vertex 0.324951 -4.01 -22.0983
      vertex 0.648331 -0.00999928 -22.0933
    endloop
  endfacet
  facet normal 0.998803 -0 0.0489168
    outer loop
      vertex 1.49422 -0.00999928 6.7726
      vertex 1.49998 0 6.65499
      vertex 1.49422 0 6.7726
    endloop
  endfacet
  facet normal 0.998803 0 0.0489168
    outer loop
      vertex 1.49998 0 6.65499
      vertex 1.49422 -0.00999928 6.7726
      vertex 1.49998 -0.00999928 6.65499
    endloop
  endfacet
  facet normal -0.242838 -0.0184199 -0.969892
    outer loop
      vertex -0.324951 -4.01 -22.0983
      vertex -0.648331 -0.00999928 -22.0933
      vertex -0.534103 -0.00999928 -22.1219
    endloop
  endfacet
  facet normal 0.801338 -0.0696588 -0.594142
    outer loop
      vertex 1.29774 -0.00999928 -21.6117
      vertex 0.91214 -4.01 -21.6628
      vertex 1.2276 -0.00999928 -21.7063
    endloop
  endfacet
  facet normal 0 0 -1
    outer loop
      vertex -0.00999451 -3.99 -22.145
      vertex 0.299263 0 -22.145
      vertex 0.00999451 -3.99 -22.145
    endloop
  endfacet
  facet normal -0 0 -1
    outer loop
      vertex 0.299263 0 -22.145
      vertex -0.00999451 -3.99 -22.145
      vertex -0.299263 0 -22.145
    endloop
  endfacet
  facet normal -0.993864 -0.0992245 0.0488709
    outer loop
      vertex -1.08977 -4.01 6.87635
      vertex -1.49422 -0.00999928 6.7726
      vertex -1.095 -4.01 6.76999
    endloop
  endfacet
  facet normal -0.970038 0 0.242955
    outer loop
      vertex -1.47693 -0.00999928 6.8891
      vertex -1.44832 0 7.00333
      vertex -1.47693 0 6.8891
    endloop
  endfacet
  facet normal -0.970038 0 0.242955
    outer loop
      vertex -1.44832 0 7.00333
      vertex -1.47693 -0.00999928 6.8891
      vertex -1.44832 -0.00999928 7.00333
    endloop
  endfacet
  facet normal 0.670505 -0.0560115 -0.739788
    outer loop
      vertex 0.777206 -4.01 -21.8272
      vertex 0.698318 -4.01 -21.8987
      vertex 1.06126 -0.00999928 -21.8726
    endloop
  endfacet
  facet normal -0.513551 -0.0412823 0.857066
    outer loop
      vertex -0.521454 -4.01 7.72687
      vertex -0.865662 -0.00999928 7.71329
      vertex -0.612793 -4.01 7.67214
    endloop
  endfacet
  facet normal -0.801168 -0.0696479 -0.594373
    outer loop
      vertex -0.91214 -4.01 -21.6628
      vertex -1.2276 -0.00999928 -21.7063
      vertex -0.848709 -4.01 -21.7483
    endloop
  endfacet
  facet normal -0.514447 0 -0.857522
    outer loop
      vertex -0.966675 -0.00999928 -21.9427
      vertex -0.865662 0 -22.0033
      vertex -0.865662 -0.00999928 -22.0033
    endloop
  endfacet
  facet normal -0.514447 0 -0.857522
    outer loop
      vertex -0.865662 0 -22.0033
      vertex -0.966675 -0.00999928 -21.9427
      vertex -0.966675 0 -21.9427
    endloop
  endfacet
  facet normal 0.857703 -0 0.514146
    outer loop
      vertex 1.29774 -0.00999928 7.32167
      vertex 1.35829 0 7.22066
      vertex 1.29774 0 7.32167
    endloop
  endfacet
  facet normal 0.857703 0 0.514146
    outer loop
      vertex 1.35829 0 7.22066
      vertex 1.29774 -0.00999928 7.32167
      vertex 1.35829 -0.00999928 7.22066
    endloop
  endfacet
  facet normal -0.993874 -0.0992253 0.0486754
    outer loop
      vertex -1.49422 -0.00999928 6.7726
      vertex -1.49998 -0.00999928 6.65499
      vertex -1.095 -4.01 6.76999
    endloop
  endfacet
  facet normal -0.855312 -0.0759069 0.512522
    outer loop
      vertex -0.91214 -4.01 7.37279
      vertex -1.35829 -0.00999928 7.22066
      vertex -0.966873 -4.01 7.28145
    endloop
  endfacet
  facet normal -0.0492536 0 -0.998786
    outer loop
      vertex -0.417603 -0.00999928 -22.1392
      vertex -0.299988 0 -22.145
      vertex -0.299988 -0.00999928 -22.145
    endloop
  endfacet
  facet normal -0.0492536 0 -0.998786
    outer loop
      vertex -0.299988 0 -22.145
      vertex -0.417603 -0.00999928 -22.1392
      vertex -0.417603 0 -22.1392
    endloop
  endfacet
  facet normal 0.0488349 -0.00352812 -0.998801
    outer loop
      vertex 0.116348 -4.01 -22.1398
      vertex 0.00999451 -4.01 -22.145
      vertex 0.417603 -0.00999928 -22.1392
    endloop
  endfacet
  facet normal -0.671611 0 0.740904
    outer loop
      vertex -1.14851 0 7.50351
      vertex -1.06126 -0.00999928 7.5826
      vertex -1.06126 0 7.5826
    endloop
  endfacet
  facet normal -0.671611 0 0.740904
    outer loop
      vertex -1.06126 -0.00999928 7.5826
      vertex -1.14851 0 7.50351
      vertex -1.14851 -0.00999928 7.50351
    endloop
  endfacet
  facet normal -0.965939 -0.0916608 -0.241992
    outer loop
      vertex -1.04828 -4.01 -21.375
      vertex -1.47693 -0.00999928 -21.1791
      vertex -1.44832 -0.00999928 -21.2933
    endloop
  endfacet
  facet normal 0.998803 0 -0.0489209
    outer loop
      vertex 1.49998 -0.00999928 -20.945
      vertex 1.49422 0 -21.0626
      vertex 1.49998 0 -20.945
    endloop
  endfacet
  facet normal 0.998803 0 -0.0489209
    outer loop
      vertex 1.49422 0 -21.0626
      vertex 1.49998 -0.00999928 -20.945
      vertex 1.49422 -0.00999928 -21.0626
    endloop
  endfacet
  facet normal -0 0 1
    outer loop
      vertex 0.299263 0 7.85498
      vertex 0.299988 -0.00999928 7.85498
      vertex 0.299988 0 7.85498
    endloop
  endfacet
  facet normal 3.45683e-05 2.50638e-06 1
    outer loop
      vertex 0.00999451 -3.99 7.855
      vertex 0.299988 -0.00999928 7.85498
      vertex 0.299263 0 7.85498
    endloop
  endfacet
  facet normal 6.89671e-05 0 1
    outer loop
      vertex 0.299988 -0.00999928 7.85498
      vertex 0.00999451 -3.99 7.855
      vertex 0.00999451 -4.01 7.855
    endloop
  endfacet
  facet normal 0.146878 -0.0109286 -0.989094
    outer loop
      vertex 0.534103 -0.00999928 -22.1219
      vertex 0.221664 -4.01 -22.1241
      vertex 0.417603 -0.00999928 -22.1392
    endloop
  endfacet
  facet normal -0.941544 0 0.33689
    outer loop
      vertex -1.44832 -0.00999928 7.00333
      vertex -1.40865 0 7.1142
      vertex -1.44832 0 7.00333
    endloop
  endfacet
  facet normal -0.941544 0 0.33689
    outer loop
      vertex -1.40865 0 7.1142
      vertex -1.44832 -0.00999928 7.00333
      vertex -1.40865 -0.00999928 7.1142
    endloop
  endfacet
  facet normal 0.855207 -0.0758922 -0.512701
    outer loop
      vertex 1.35829 -0.00999928 -21.5107
      vertex 0.91214 -4.01 -21.6628
      vertex 1.29774 -0.00999928 -21.6117
    endloop
  endfacet
  facet normal 0.970022 0 -0.243015
    outer loop
      vertex 1.47693 -0.00999928 -21.1791
      vertex 1.44832 0 -21.2933
      vertex 1.47693 0 -21.1791
    endloop
  endfacet
  facet normal 0.970022 0 -0.243015
    outer loop
      vertex 1.44832 0 -21.2933
      vertex 1.47693 -0.00999928 -21.1791
      vertex 1.44832 -0.00999928 -21.2933
    endloop
  endfacet
  facet normal -0.147437 -0.0109557 -0.989011
    outer loop
      vertex -0.221664 -4.01 -22.1241
      vertex -0.417603 -0.00999928 -22.1392
      vertex -0.116348 -4.01 -22.1398
    endloop
  endfacet
  facet normal -0.900917 -0.0816809 0.426235
    outer loop
      vertex -0.966873 -4.01 7.28145
      vertex -1.35829 -0.00999928 7.22066
      vertex -1.01241 -4.01 7.1852
    endloop
  endfacet
  facet normal -0.594812 -0.048735 -0.802386
    outer loop
      vertex -0.698318 -4.01 -21.8987
      vertex -1.06126 -0.00999928 -21.8726
      vertex -0.612793 -4.01 -21.9621
    endloop
  endfacet
  facet normal 0.801268 -0.0696498 0.594238
    outer loop
      vertex 1.2276 -0.00999928 7.41626
      vertex 0.848709 -4.01 7.45832
      vertex 0.91214 -4.01 7.37279
    endloop
  endfacet
  facet normal -0.740712 0 -0.671823
    outer loop
      vertex -1.14851 -0.00999928 -21.7935
      vertex -1.2276 0 -21.7063
      vertex -1.14851 0 -21.7935
    endloop
  endfacet
  facet normal -0.740712 -0 -0.671823
    outer loop
      vertex -1.2276 0 -21.7063
      vertex -1.14851 -0.00999928 -21.7935
      vertex -1.2276 -0.00999928 -21.7063
    endloop
  endfacet
  facet normal -0.514008 -0.0413191 -0.85679
    outer loop
      vertex -0.612793 -4.01 -21.9621
      vertex -0.966675 -0.00999928 -21.9427
      vertex -0.865662 -0.00999928 -22.0033
    endloop
  endfacet
  facet normal -0.984619 -0.0957658 -0.146129
    outer loop
      vertex -1.07414 -4.01 -21.2717
      vertex -1.49422 -0.00999928 -21.0626
      vertex -1.47693 -0.00999928 -21.1791
    endloop
  endfacet
  facet normal 0.739242 -0.062972 -0.670489
    outer loop
      vertex 1.2276 -0.00999928 -21.7063
      vertex 0.777206 -4.01 -21.8272
      vertex 1.14851 -0.00999928 -21.7935
    endloop
  endfacet
  facet normal -0.146804 0 0.989166
    outer loop
      vertex -0.534103 0 7.83193
      vertex -0.417603 -0.00999928 7.84922
      vertex -0.417603 0 7.84922
    endloop
  endfacet
  facet normal -0.146804 0 0.989166
    outer loop
      vertex -0.417603 -0.00999928 7.84922
      vertex -0.534103 0 7.83193
      vertex -0.534103 -0.00999928 7.83193
    endloop
  endfacet
  facet normal 0.427192 0 -0.904161
    outer loop
      vertex 0.759201 -0.00999928 -22.0536
      vertex 0.865662 0 -22.0033
      vertex 0.865662 -0.00999928 -22.0033
    endloop
  endfacet
  facet normal 0.427192 0 -0.904161
    outer loop
      vertex 0.865662 0 -22.0033
      vertex 0.759201 -0.00999928 -22.0536
      vertex 0.759201 0 -22.0536
    endloop
  endfacet
  facet normal -0.989166 0 -0.146804
    outer loop
      vertex -1.47693 -0.00999928 -21.1791
      vertex -1.49422 0 -21.0626
      vertex -1.47693 0 -21.1791
    endloop
  endfacet
  facet normal -0.989166 -0 -0.146804
    outer loop
      vertex -1.49422 0 -21.0626
      vertex -1.47693 -0.00999928 -21.1791
      vertex -1.49422 -0.00999928 -21.0626
    endloop
  endfacet
  facet normal -0.427192 0 -0.904161
    outer loop
      vertex -0.865662 -0.00999928 -22.0033
      vertex -0.759201 0 -22.0536
      vertex -0.759201 -0.00999928 -22.0536
    endloop
  endfacet
  facet normal -0.427192 0 -0.904161
    outer loop
      vertex -0.759201 0 -22.0536
      vertex -0.865662 -0.00999928 -22.0033
      vertex -0.865662 0 -22.0033
    endloop
  endfacet
  facet normal -0.336776 -0.0260595 0.941224
    outer loop
      vertex -0.648331 -0.00999928 7.80332
      vertex -0.759201 -0.00999928 7.76365
      vertex -0.324951 -4.01 7.80828
    endloop
  endfacet
  facet normal -0.903962 0 0.427612
    outer loop
      vertex -1.40865 -0.00999928 7.1142
      vertex -1.35829 0 7.22066
      vertex -1.40865 0 7.1142
    endloop
  endfacet
  facet normal -0.903962 0 0.427612
    outer loop
      vertex -1.35829 0 7.22066
      vertex -1.40865 -0.00999928 7.1142
      vertex -1.35829 -0.00999928 7.22066
    endloop
  endfacet
  facet normal -0.993863 -0.0992243 -0.0488984
    outer loop
      vertex -1.095 -4.01 -21.06
      vertex -1.49422 -0.00999928 -21.0626
      vertex -1.08977 -4.01 -21.1663
    endloop
  endfacet
  facet normal 0.242302 -0.0183927 -0.970026
    outer loop
      vertex 0.324951 -4.01 -22.0983
      vertex 0.221664 -4.01 -22.1241
      vertex 0.534103 -0.00999928 -22.1219
    endloop
  endfacet
  facet normal -0.0489144 -0.00354122 0.998797
    outer loop
      vertex -0.299988 -0.00999928 7.85498
      vertex -0.417603 -0.00999928 7.84922
      vertex -0.00999451 -4.01 7.855
    endloop
  endfacet
  facet normal -0.427609 0 0.903964
    outer loop
      vertex -0.865662 0 7.71329
      vertex -0.759201 -0.00999928 7.76365
      vertex -0.759201 0 7.76365
    endloop
  endfacet
  facet normal -0.427609 0 0.903964
    outer loop
      vertex -0.759201 -0.00999928 7.76365
      vertex -0.865662 0 7.71329
      vertex -0.865662 -0.00999928 7.71329
    endloop
  endfacet
  facet normal -0.900942 -0.0816825 0.426183
    outer loop
      vertex -1.35829 -0.00999928 7.22066
      vertex -1.40865 -0.00999928 7.1142
      vertex -1.01241 -4.01 7.1852
    endloop
  endfacet
  facet normal 0.900942 -0.0816825 0.426183
    outer loop
      vertex 1.35829 -0.00999928 7.22066
      vertex 1.01241 -4.01 7.1852
      vertex 1.40865 -0.00999928 7.1142
    endloop
  endfacet
  facet normal -0.984619 -0.0957672 0.146129
    outer loop
      vertex -1.47693 -0.00999928 6.8891
      vertex -1.49422 -0.00999928 6.7726
      vertex -1.07414 -4.01 6.98166
    endloop
  endfacet
  facet normal 0.594812 -0.048735 -0.802386
    outer loop
      vertex 0.698318 -4.01 -21.8987
      vertex 0.612793 -4.01 -21.9621
      vertex 1.06126 -0.00999928 -21.8726
    endloop
  endfacet
  facet normal -0.670603 -0.0560174 -0.739698
    outer loop
      vertex -0.777206 -4.01 -21.8272
      vertex -1.14851 -0.00999928 -21.7935
      vertex -1.06126 -0.00999928 -21.8726
    endloop
  endfacet
  facet normal 0.993874 -0.0992252 -0.0486795
    outer loop
      vertex 1.49998 -0.00999928 -20.945
      vertex 1.095 -4.01 -21.06
      vertex 1.49422 -0.00999928 -21.0626
    endloop
  endfacet
  facet normal 0.989166 0 -0.146804
    outer loop
      vertex 1.49422 -0.00999928 -21.0626
      vertex 1.47693 0 -21.1791
      vertex 1.49422 0 -21.0626
    endloop
  endfacet
  facet normal 0.989166 0 -0.146804
    outer loop
      vertex 1.47693 0 -21.1791
      vertex 1.49422 -0.00999928 -21.0626
      vertex 1.47693 -0.00999928 -21.1791
    endloop
  endfacet
  facet normal 0.242959 0 0.970037
    outer loop
      vertex 0.534103 0 7.83193
      vertex 0.648331 -0.00999928 7.80332
      vertex 0.648331 0 7.80332
    endloop
  endfacet
  facet normal 0.242959 0 0.970037
    outer loop
      vertex 0.648331 -0.00999928 7.80332
      vertex 0.534103 0 7.83193
      vertex 0.534103 -0.00999928 7.83193
    endloop
  endfacet
  facet normal 0.855312 -0.0759069 0.512522
    outer loop
      vertex 1.35829 -0.00999928 7.22066
      vertex 0.91214 -4.01 7.37279
      vertex 0.966873 -4.01 7.28145
    endloop
  endfacet
  facet normal -0.0492533 -0.00357078 -0.99878
    outer loop
      vertex -0.00999451 -4.01 -22.145
      vertex -0.417603 -0.00999928 -22.1392
      vertex -0.299988 -0.00999928 -22.145
    endloop
  endfacet
  facet normal 0.903962 -0 0.427612
    outer loop
      vertex 1.35829 -0.00999928 7.22066
      vertex 1.40865 0 7.1142
      vertex 1.35829 0 7.22066
    endloop
  endfacet
  facet normal 0.903962 0 0.427612
    outer loop
      vertex 1.40865 0 7.1142
      vertex 1.35829 -0.00999928 7.22066
      vertex 1.40865 -0.00999928 7.1142
    endloop
  endfacet
  facet normal 0.33689 0 0.941544
    outer loop
      vertex 0.648331 0 7.80332
      vertex 0.759201 -0.00999928 7.76365
      vertex 0.759201 0 7.76365
    endloop
  endfacet
  facet normal 0.33689 0 0.941544
    outer loop
      vertex 0.759201 -0.00999928 7.76365
      vertex 0.648331 0 7.80332
      vertex 0.648331 -0.00999928 7.80332
    endloop
  endfacet
  facet normal 0.595431 0 -0.803407
    outer loop
      vertex 0.966675 -0.00999928 -21.9427
      vertex 1.06126 0 -21.8726
      vertex 1.06126 -0.00999928 -21.8726
    endloop
  endfacet
  facet normal 0.595431 0 -0.803407
    outer loop
      vertex 1.06126 0 -21.8726
      vertex 0.966675 -0.00999928 -21.9427
      vertex 0.966675 0 -21.9427
    endloop
  endfacet
  facet normal -0.595431 0 -0.803407
    outer loop
      vertex -1.06126 -0.00999928 -21.8726
      vertex -0.966675 0 -21.9427
      vertex -0.966675 -0.00999928 -21.9427
    endloop
  endfacet
  facet normal -0.595431 0 -0.803407
    outer loop
      vertex -0.966675 0 -21.9427
      vertex -1.06126 -0.00999928 -21.8726
      vertex -1.06126 0 -21.8726
    endloop
  endfacet
  facet normal 0.937977 -0.0869589 0.335614
    outer loop
      vertex 1.40865 -0.00999928 7.1142
      vertex 1.04828 -4.01 7.08495
      vertex 1.44832 -0.00999928 7.00333
    endloop
  endfacet
  facet normal 0.937977 -0.0869589 0.335613
    outer loop
      vertex 1.40865 -0.00999928 7.1142
      vertex 1.01241 -4.01 7.1852
      vertex 1.04828 -4.01 7.08495
    endloop
  endfacet
  facet normal 0.941573 0 -0.33681
    outer loop
      vertex 1.44832 -0.00999928 -21.2933
      vertex 1.40865 0 -21.4042
      vertex 1.44832 0 -21.2933
    endloop
  endfacet
  facet normal 0.941573 0 -0.33681
    outer loop
      vertex 1.40865 0 -21.4042
      vertex 1.44832 -0.00999928 -21.2933
      vertex 1.40865 -0.00999928 -21.4042
    endloop
  endfacet
  facet normal -0.427126 -0.0336829 -0.903564
    outer loop
      vertex -0.521454 -4.01 -22.0169
      vertex -0.865662 -0.00999928 -22.0033
      vertex -0.425201 -4.01 -22.0624
    endloop
  endfacet
  facet normal -0.670505 -0.0560115 -0.739788
    outer loop
      vertex -0.777206 -4.01 -21.8272
      vertex -1.06126 -0.00999928 -21.8726
      vertex -0.698318 -4.01 -21.8987
    endloop
  endfacet
  facet normal 0 0 -1
    outer loop
      vertex 0.299988 -0.00999928 -22.145
      vertex 0.299263 0 -22.145
      vertex 0.299988 0 -22.145
    endloop
  endfacet
  facet normal 0 0 -1
    outer loop
      vertex 0.00999451 -3.99 -22.145
      vertex 0.299988 -0.00999928 -22.145
      vertex 0.00999451 -4.01 -22.145
    endloop
  endfacet
  facet normal -0 0 -1
    outer loop
      vertex 0.299988 -0.00999928 -22.145
      vertex 0.00999451 -3.99 -22.145
      vertex 0.299263 0 -22.145
    endloop
  endfacet
  facet normal -0.146795 -0.0109197 0.989107
    outer loop
      vertex -0.417603 -0.00999928 7.84922
      vertex -0.534103 -0.00999928 7.83193
      vertex -0.221664 -4.01 7.83414
    endloop
  endfacet
  facet normal 0.513696 -0.0412906 0.856978
    outer loop
      vertex 0.865662 -0.00999928 7.71329
      vertex 0.612793 -4.01 7.67214
      vertex 0.966675 -0.00999928 7.65274
    endloop
  endfacet
  facet normal -0.904025 0 -0.427481
    outer loop
      vertex -1.35829 -0.00999928 -21.5107
      vertex -1.40865 0 -21.4042
      vertex -1.35829 0 -21.5107
    endloop
  endfacet
  facet normal -0.904025 -0 -0.427481
    outer loop
      vertex -1.40865 0 -21.4042
      vertex -1.35829 -0.00999928 -21.5107
      vertex -1.40865 -0.00999928 -21.4042
    endloop
  endfacet
  facet normal 0.337025 -0.0260711 -0.941135
    outer loop
      vertex 0.425201 -4.01 -22.0624
      vertex 0.324951 -4.01 -22.0983
      vertex 0.759201 -0.00999928 -22.0536
    endloop
  endfacet
  facet normal 0.993863 -0.0992243 -0.0488984
    outer loop
      vertex 1.095 -4.01 -21.06
      vertex 1.08977 -4.01 -21.1663
      vertex 1.49422 -0.00999928 -21.0626
    endloop
  endfacet
  facet normal 0.96598 -0.0916736 -0.241822
    outer loop
      vertex 1.07414 -4.01 -21.2717
      vertex 1.04828 -4.01 -21.375
      vertex 1.47693 -0.00999928 -21.1791
    endloop
  endfacet
  facet normal -0.336858 -0.0260688 0.941194
    outer loop
      vertex -0.324951 -4.01 7.80828
      vertex -0.759201 -0.00999928 7.76365
      vertex -0.425201 -4.01 7.7724
    endloop
  endfacet
  facet normal 0.146887 0 -0.989153
    outer loop
      vertex 0.417603 -0.00999928 -22.1392
      vertex 0.534103 0 -22.1219
      vertex 0.534103 -0.00999928 -22.1219
    endloop
  endfacet
  facet normal 0.146887 0 -0.989153
    outer loop
      vertex 0.534103 0 -22.1219
      vertex 0.417603 -0.00999928 -22.1392
      vertex 0.417603 0 -22.1392
    endloop
  endfacet
  facet normal 0.965939 -0.0916608 -0.241992
    outer loop
      vertex 1.47693 -0.00999928 -21.1791
      vertex 1.04828 -4.01 -21.375
      vertex 1.44832 -0.00999928 -21.2933
    endloop
  endfacet
  facet normal 0.670557 -0.0560146 0.739741
    outer loop
      vertex 1.06126 -0.00999928 7.5826
      vertex 0.777206 -4.01 7.5372
      vertex 1.14851 -0.00999928 7.50351
    endloop
  endfacet
  facet normal 0.337116 0 -0.941463
    outer loop
      vertex 0.648331 -0.00999928 -22.0933
      vertex 0.759201 0 -22.0536
      vertex 0.759201 -0.00999928 -22.0536
    endloop
  endfacet
  facet normal 0.337116 0 -0.941463
    outer loop
      vertex 0.759201 0 -22.0536
      vertex 0.648331 -0.00999928 -22.0933
      vertex 0.648331 0 -22.0933
    endloop
  endfacet
  facet normal -0.857703 0 0.514146
    outer loop
      vertex -1.35829 -0.00999928 7.22066
      vertex -1.29774 0 7.32167
      vertex -1.35829 0 7.22066
    endloop
  endfacet
  facet normal -0.857703 0 0.514146
    outer loop
      vertex -1.29774 0 7.32167
      vertex -1.35829 -0.00999928 7.22066
      vertex -1.29774 -0.00999928 7.32167
    endloop
  endfacet
  facet normal -0.670557 -0.0560146 0.739741
    outer loop
      vertex -1.06126 -0.00999928 7.5826
      vertex -1.14851 -0.00999928 7.50351
      vertex -0.777206 -4.01 7.5372
    endloop
  endfacet
  facet normal -0.937977 -0.0869589 0.335613
    outer loop
      vertex -1.01241 -4.01 7.1852
      vertex -1.40865 -0.00999928 7.1142
      vertex -1.04828 -4.01 7.08495
    endloop
  endfacet
  facet normal 0.739515 -0.063012 -0.670184
    outer loop
      vertex 0.848709 -4.01 -21.7483
      vertex 0.777206 -4.01 -21.8272
      vertex 1.2276 -0.00999928 -21.7063
    endloop
  endfacet
  facet normal 0.514135 0 0.857709
    outer loop
      vertex 0.865662 0 7.71329
      vertex 0.966675 -0.00999928 7.65274
      vertex 0.966675 0 7.65274
    endloop
  endfacet
  facet normal 0.514135 0 0.857709
    outer loop
      vertex 0.966675 -0.00999928 7.65274
      vertex 0.865662 0 7.71329
      vertex 0.865662 -0.00999928 7.71329
    endloop
  endfacet
  facet normal -0.96598 -0.0916736 -0.241822
    outer loop
      vertex -1.07414 -4.01 -21.2717
      vertex -1.47693 -0.00999928 -21.1791
      vertex -1.04828 -4.01 -21.375
    endloop
  endfacet
  facet normal -0.0488349 -0.00352812 -0.998801
    outer loop
      vertex -0.116348 -4.01 -22.1398
      vertex -0.417603 -0.00999928 -22.1392
      vertex -0.00999451 -4.01 -22.145
    endloop
  endfacet
  facet normal -0.427356 -0.0337076 0.903455
    outer loop
      vertex -0.425201 -4.01 7.7724
      vertex -0.865662 -0.00999928 7.71329
      vertex -0.521454 -4.01 7.72687
    endloop
  endfacet
  facet normal 0.514033 -0.0413205 -0.856775
    outer loop
      vertex 0.612793 -4.01 -21.9621
      vertex 0.521454 -4.01 -22.0169
      vertex 0.865662 -0.00999928 -22.0033
    endloop
  endfacet
  facet normal 0.146794 -0.0109196 0.989107
    outer loop
      vertex 0.417603 -0.00999928 7.84922
      vertex 0.116348 -4.01 7.84977
      vertex 0.221664 -4.01 7.83414
    endloop
  endfacet
  facet normal 0.427356 -0.0337076 0.903455
    outer loop
      vertex 0.865662 -0.00999928 7.71329
      vertex 0.425201 -4.01 7.7724
      vertex 0.521454 -4.01 7.72687
    endloop
  endfacet
  facet normal 0.984636 -0.0957735 -0.146014
    outer loop
      vertex 1.08977 -4.01 -21.1663
      vertex 1.07414 -4.01 -21.2717
      vertex 1.49422 -0.00999928 -21.0626
    endloop
  endfacet
  facet normal -0.146878 -0.0109286 -0.989094
    outer loop
      vertex -0.221664 -4.01 -22.1241
      vertex -0.534103 -0.00999928 -22.1219
      vertex -0.417603 -0.00999928 -22.1392
    endloop
  endfacet
  facet normal -0.901002 -0.0816909 -0.426053
    outer loop
      vertex -1.01241 -4.01 -21.4752
      vertex -1.35829 -0.00999928 -21.5107
      vertex -0.966873 -4.01 -21.5715
    endloop
  endfacet
  facet normal 0.739431 -0.062993 0.670278
    outer loop
      vertex 1.2276 -0.00999928 7.41626
      vertex 0.777206 -4.01 7.5372
      vertex 0.848709 -4.01 7.45832
    endloop
  endfacet
  facet normal 0.739432 -0.0629931 0.670277
    outer loop
      vertex 1.14851 -0.00999928 7.50351
      vertex 0.777206 -4.01 7.5372
      vertex 1.2276 -0.00999928 7.41626
    endloop
  endfacet
  facet normal 0.970038 -0 0.242955
    outer loop
      vertex 1.44832 -0.00999928 7.00333
      vertex 1.47693 0 6.8891
      vertex 1.44832 0 7.00333
    endloop
  endfacet
  facet normal 0.970038 0 0.242955
    outer loop
      vertex 1.47693 0 6.8891
      vertex 1.44832 -0.00999928 7.00333
      vertex 1.47693 -0.00999928 6.8891
    endloop
  endfacet
  facet normal -0.594993 -0.0487503 0.802251
    outer loop
      vertex -0.612793 -4.01 7.67214
      vertex -1.06126 -0.00999928 7.5826
      vertex -0.698318 -4.01 7.60871
    endloop
  endfacet
  facet normal 0.803289 0 -0.595589
    outer loop
      vertex 1.29774 -0.00999928 -21.6117
      vertex 1.2276 0 -21.7063
      vertex 1.29774 0 -21.6117
    endloop
  endfacet
  facet normal 0.803289 0 -0.595589
    outer loop
      vertex 1.2276 0 -21.7063
      vertex 1.29774 -0.00999928 -21.6117
      vertex 1.2276 -0.00999928 -21.7063
    endloop
  endfacet
  facet normal -0.671658 0 -0.740862
    outer loop
      vertex -1.14851 -0.00999928 -21.7935
      vertex -1.06126 0 -21.8726
      vertex -1.06126 -0.00999928 -21.8726
    endloop
  endfacet
  facet normal -0.671658 0 -0.740862
    outer loop
      vertex -1.06126 0 -21.8726
      vertex -1.14851 -0.00999928 -21.7935
      vertex -1.14851 0 -21.7935
    endloop
  endfacet
  facet normal -0.242879 0 -0.970057
    outer loop
      vertex -0.648331 -0.00999928 -22.0933
      vertex -0.534103 0 -22.1219
      vertex -0.534103 -0.00999928 -22.1219
    endloop
  endfacet
  facet normal -0.242879 0 -0.970057
    outer loop
      vertex -0.534103 0 -22.1219
      vertex -0.648331 -0.00999928 -22.0933
      vertex -0.648331 0 -22.0933
    endloop
  endfacet
  facet normal -0.998803 0 -0.0489209
    outer loop
      vertex -1.49422 -0.00999928 -21.0626
      vertex -1.49998 0 -20.945
      vertex -1.49422 0 -21.0626
    endloop
  endfacet
  facet normal -0.998803 -0 -0.0489209
    outer loop
      vertex -1.49998 0 -20.945
      vertex -1.49422 -0.00999928 -21.0626
      vertex -1.49998 -0.00999928 -20.945
    endloop
  endfacet
  facet normal 0.938006 -0.0869567 -0.335534
    outer loop
      vertex 1.44832 -0.00999928 -21.2933
      vertex 1.04828 -4.01 -21.375
      vertex 1.40865 -0.00999928 -21.4042
    endloop
  endfacet
  facet normal 0.989166 -0 0.146804
    outer loop
      vertex 1.47693 -0.00999928 6.8891
      vertex 1.49422 0 6.7726
      vertex 1.47693 0 6.8891
    endloop
  endfacet
  facet normal 0.989166 0 0.146804
    outer loop
      vertex 1.49422 0 6.7726
      vertex 1.47693 -0.00999928 6.8891
      vertex 1.49422 -0.00999928 6.7726
    endloop
  endfacet
  facet normal 0.0492533 -0.00357078 -0.99878
    outer loop
      vertex 0.417603 -0.00999928 -22.1392
      vertex 0.00999451 -4.01 -22.145
      vertex 0.299988 -0.00999928 -22.145
    endloop
  endfacet
  facet normal 0.0492536 0 -0.998786
    outer loop
      vertex 0.299988 -0.00999928 -22.145
      vertex 0.417603 0 -22.1392
      vertex 0.417603 -0.00999928 -22.1392
    endloop
  endfacet
  facet normal 0.0492536 0 -0.998786
    outer loop
      vertex 0.417603 0 -22.1392
      vertex 0.299988 -0.00999928 -22.145
      vertex 0.299988 0 -22.145
    endloop
  endfacet
  facet normal -0.937925 -0.0869511 -0.335762
    outer loop
      vertex -1.04828 -4.01 -21.375
      vertex -1.40865 -0.00999928 -21.4042
      vertex -1.01241 -4.01 -21.4752
    endloop
  endfacet
  facet normal -0.938006 -0.0869567 -0.335534
    outer loop
      vertex -1.04828 -4.01 -21.375
      vertex -1.44832 -0.00999928 -21.2933
      vertex -1.40865 -0.00999928 -21.4042
    endloop
  endfacet
  facet normal -0.427365 -0.0337087 0.90345
    outer loop
      vertex -0.759201 -0.00999928 7.76365
      vertex -0.865662 -0.00999928 7.71329
      vertex -0.425201 -4.01 7.7724
    endloop
  endfacet
  facet normal -0.146887 0 -0.989153
    outer loop
      vertex -0.534103 -0.00999928 -22.1219
      vertex -0.417603 0 -22.1392
      vertex -0.417603 -0.00999928 -22.1392
    endloop
  endfacet
  facet normal -0.146887 0 -0.989153
    outer loop
      vertex -0.417603 0 -22.1392
      vertex -0.534103 -0.00999928 -22.1219
      vertex -0.534103 0 -22.1219
    endloop
  endfacet
  facet normal 0 0 -1
    outer loop
      vertex -0.299988 -0.00999928 -22.145
      vertex -0.00999451 -3.99 -22.145
      vertex -0.00999451 -4.01 -22.145
    endloop
  endfacet
  facet normal 0 0 -1
    outer loop
      vertex -0.00999451 -3.99 -22.145
      vertex -0.299988 -0.00999928 -22.145
      vertex -0.299263 0 -22.145
    endloop
  endfacet
  facet normal -0 0 -1
    outer loop
      vertex -0.299263 0 -22.145
      vertex -0.299988 -0.00999928 -22.145
      vertex -0.299988 0 -22.145
    endloop
  endfacet
  facet normal -0.855229 -0.0758922 0.512663
    outer loop
      vertex -1.29774 -0.00999928 7.32167
      vertex -1.35829 -0.00999928 7.22066
      vertex -0.91214 -4.01 7.37279
    endloop
  endfacet
  facet normal 0 -1 0
    outer loop
      vertex -0.116348 -4.01 7.84977
      vertex 0.00999451 -4.01 7.855
      vertex -0.00999451 -4.01 7.855
    endloop
  endfacet
  facet normal 0 -1 0
    outer loop
      vertex -0.221664 -4.01 7.83414
      vertex 0.00999451 -4.01 7.855
      vertex -0.116348 -4.01 7.84977
    endloop
  endfacet
  facet normal 0 -1 -0
    outer loop
      vertex 0.00999451 -4.01 7.855
      vertex -0.221664 -4.01 7.83414
      vertex 0.116348 -4.01 7.84977
    endloop
  endfacet
  facet normal 0 -1 0
    outer loop
      vertex -0.221664 -4.01 7.83414
      vertex 0.221664 -4.01 7.83414
      vertex 0.116348 -4.01 7.84977
    endloop
  endfacet
  facet normal 0 -1 0
    outer loop
      vertex -0.324951 -4.01 7.80828
      vertex 0.221664 -4.01 7.83414
      vertex -0.221664 -4.01 7.83414
    endloop
  endfacet
  facet normal 0 -1 0
    outer loop
      vertex -0.324951 -4.01 7.80828
      vertex 0.324951 -4.01 7.80828
      vertex 0.221664 -4.01 7.83414
    endloop
  endfacet
  facet normal 0 -1 0
    outer loop
      vertex -0.425201 -4.01 7.7724
      vertex 0.324951 -4.01 7.80828
      vertex -0.324951 -4.01 7.80828
    endloop
  endfacet
  facet normal 0 -1 0
    outer loop
      vertex -0.425201 -4.01 7.7724
      vertex 0.425201 -4.01 7.7724
      vertex 0.324951 -4.01 7.80828
    endloop
  endfacet
  facet normal 0 -1 0
    outer loop
      vertex -0.521454 -4.01 7.72687
      vertex 0.425201 -4.01 7.7724
      vertex -0.425201 -4.01 7.7724
    endloop
  endfacet
  facet normal 0 -1 0
    outer loop
      vertex -0.521454 -4.01 7.72687
      vertex 0.521454 -4.01 7.72687
      vertex 0.425201 -4.01 7.7724
    endloop
  endfacet
  facet normal 0 -1 0
    outer loop
      vertex -0.612793 -4.01 7.67214
      vertex 0.521454 -4.01 7.72687
      vertex -0.521454 -4.01 7.72687
    endloop
  endfacet
  facet normal 0 -1 0
    outer loop
      vertex -0.612793 -4.01 7.67214
      vertex 0.612793 -4.01 7.67214
      vertex 0.521454 -4.01 7.72687
    endloop
  endfacet
  facet normal 0 -1 0
    outer loop
      vertex -0.698318 -4.01 7.60871
      vertex 0.612793 -4.01 7.67214
      vertex -0.612793 -4.01 7.67214
    endloop
  endfacet
  facet normal 0 -1 0
    outer loop
      vertex -0.698318 -4.01 7.60871
      vertex 0.698318 -4.01 7.60871
      vertex 0.612793 -4.01 7.67214
    endloop
  endfacet
  facet normal 0 -1 0
    outer loop
      vertex -0.777206 -4.01 7.5372
      vertex 0.698318 -4.01 7.60871
      vertex -0.698318 -4.01 7.60871
    endloop
  endfacet
  facet normal 0 -1 0
    outer loop
      vertex -0.777206 -4.01 7.5372
      vertex 0.777206 -4.01 7.5372
      vertex 0.698318 -4.01 7.60871
    endloop
  endfacet
  facet normal 0 -1 0
    outer loop
      vertex -0.848709 -4.01 7.45832
      vertex 0.777206 -4.01 7.5372
      vertex -0.777206 -4.01 7.5372
    endloop
  endfacet
  facet normal 0 -1 0
    outer loop
      vertex -0.848709 -4.01 7.45832
      vertex 0.848709 -4.01 7.45832
      vertex 0.777206 -4.01 7.5372
    endloop
  endfacet
  facet normal 0 -1 0
    outer loop
      vertex -0.91214 -4.01 7.37279
      vertex 0.848709 -4.01 7.45832
      vertex -0.848709 -4.01 7.45832
    endloop
  endfacet
  facet normal 0 -1 0
    outer loop
      vertex -0.91214 -4.01 7.37279
      vertex 0.91214 -4.01 7.37279
      vertex 0.848709 -4.01 7.45832
    endloop
  endfacet
  facet normal 0 -1 0
    outer loop
      vertex -0.966873 -4.01 7.28145
      vertex 0.91214 -4.01 7.37279
      vertex -0.91214 -4.01 7.37279
    endloop
  endfacet
  facet normal 0 -1 0
    outer loop
      vertex -0.966873 -4.01 7.28145
      vertex 0.966873 -4.01 7.28145
      vertex 0.91214 -4.01 7.37279
    endloop
  endfacet
  facet normal 0 -1 0
    outer loop
      vertex -1.01241 -4.01 7.1852
      vertex 0.966873 -4.01 7.28145
      vertex -0.966873 -4.01 7.28145
    endloop
  endfacet
  facet normal 0 -1 0
    outer loop
      vertex -1.01241 -4.01 7.1852
      vertex 1.01241 -4.01 7.1852
      vertex 0.966873 -4.01 7.28145
    endloop
  endfacet
  facet normal 0 -1 0
    outer loop
      vertex -1.04828 -4.01 7.08495
      vertex 1.01241 -4.01 7.1852
      vertex -1.01241 -4.01 7.1852
    endloop
  endfacet
  facet normal 0 -1 0
    outer loop
      vertex -1.04828 -4.01 7.08495
      vertex 1.04828 -4.01 7.08495
      vertex 1.01241 -4.01 7.1852
    endloop
  endfacet
  facet normal 0 -1 0
    outer loop
      vertex -1.07414 -4.01 6.98166
      vertex 1.04828 -4.01 7.08495
      vertex -1.04828 -4.01 7.08495
    endloop
  endfacet
  facet normal 0 -1 0
    outer loop
      vertex -1.07414 -4.01 6.98166
      vertex 1.07414 -4.01 6.98166
      vertex 1.04828 -4.01 7.08495
    endloop
  endfacet
  facet normal 0 -1 0
    outer loop
      vertex -1.08977 -4.01 6.87635
      vertex 1.07414 -4.01 6.98166
      vertex -1.07414 -4.01 6.98166
    endloop
  endfacet
  facet normal 0 -1 0
    outer loop
      vertex -1.08977 -4.01 6.87635
      vertex 1.08977 -4.01 6.87635
      vertex 1.07414 -4.01 6.98166
    endloop
  endfacet
  facet normal 0 -1 0
    outer loop
      vertex -1.095 -4.01 6.76999
      vertex 1.08977 -4.01 6.87635
      vertex -1.08977 -4.01 6.87635
    endloop
  endfacet
  facet normal 0 -1 0
    outer loop
      vertex -1.095 -4.01 6.76999
      vertex 1.095 -4.01 6.76999
      vertex 1.08977 -4.01 6.87635
    endloop
  endfacet
  facet normal 0 -1 0
    outer loop
      vertex -1.095 -4.01 -21.06
      vertex 1.095 -4.01 6.76999
      vertex -1.095 -4.01 6.76999
    endloop
  endfacet
  facet normal 0 -1 0
    outer loop
      vertex -1.095 -4.01 -21.06
      vertex 1.095 -4.01 -21.06
      vertex 1.095 -4.01 6.76999
    endloop
  endfacet
  facet normal 0 -1 0
    outer loop
      vertex -1.08977 -4.01 -21.1663
      vertex 1.095 -4.01 -21.06
      vertex -1.095 -4.01 -21.06
    endloop
  endfacet
  facet normal 0 -1 0
    outer loop
      vertex -1.08977 -4.01 -21.1663
      vertex 1.08977 -4.01 -21.1663
      vertex 1.095 -4.01 -21.06
    endloop
  endfacet
  facet normal 0 -1 0
    outer loop
      vertex -1.07414 -4.01 -21.2717
      vertex 1.08977 -4.01 -21.1663
      vertex -1.08977 -4.01 -21.1663
    endloop
  endfacet
  facet normal 0 -1 0
    outer loop
      vertex -1.07414 -4.01 -21.2717
      vertex 1.07414 -4.01 -21.2717
      vertex 1.08977 -4.01 -21.1663
    endloop
  endfacet
  facet normal 0 -1 0
    outer loop
      vertex -1.04828 -4.01 -21.375
      vertex 1.07414 -4.01 -21.2717
      vertex -1.07414 -4.01 -21.2717
    endloop
  endfacet
  facet normal 0 -1 0
    outer loop
      vertex -1.04828 -4.01 -21.375
      vertex 1.04828 -4.01 -21.375
      vertex 1.07414 -4.01 -21.2717
    endloop
  endfacet
  facet normal 0 -1 0
    outer loop
      vertex -1.01241 -4.01 -21.4752
      vertex 1.04828 -4.01 -21.375
      vertex -1.04828 -4.01 -21.375
    endloop
  endfacet
  facet normal 0 -1 0
    outer loop
      vertex -1.01241 -4.01 -21.4752
      vertex 1.01241 -4.01 -21.4752
      vertex 1.04828 -4.01 -21.375
    endloop
  endfacet
  facet normal 0 -1 0
    outer loop
      vertex -0.966873 -4.01 -21.5715
      vertex 1.01241 -4.01 -21.4752
      vertex -1.01241 -4.01 -21.4752
    endloop
  endfacet
  facet normal 0 -1 0
    outer loop
      vertex -0.966873 -4.01 -21.5715
      vertex 0.966873 -4.01 -21.5715
      vertex 1.01241 -4.01 -21.4752
    endloop
  endfacet
  facet normal 0 -1 0
    outer loop
      vertex -0.91214 -4.01 -21.6628
      vertex 0.966873 -4.01 -21.5715
      vertex -0.966873 -4.01 -21.5715
    endloop
  endfacet
  facet normal 0 -1 0
    outer loop
      vertex -0.91214 -4.01 -21.6628
      vertex 0.91214 -4.01 -21.6628
      vertex 0.966873 -4.01 -21.5715
    endloop
  endfacet
  facet normal 0 -1 0
    outer loop
      vertex -0.848709 -4.01 -21.7483
      vertex 0.91214 -4.01 -21.6628
      vertex -0.91214 -4.01 -21.6628
    endloop
  endfacet
  facet normal 0 -1 0
    outer loop
      vertex -0.848709 -4.01 -21.7483
      vertex 0.848709 -4.01 -21.7483
      vertex 0.91214 -4.01 -21.6628
    endloop
  endfacet
  facet normal 0 -1 0
    outer loop
      vertex -0.777206 -4.01 -21.8272
      vertex 0.848709 -4.01 -21.7483
      vertex -0.848709 -4.01 -21.7483
    endloop
  endfacet
  facet normal 0 -1 0
    outer loop
      vertex -0.777206 -4.01 -21.8272
      vertex 0.777206 -4.01 -21.8272
      vertex 0.848709 -4.01 -21.7483
    endloop
  endfacet
  facet normal 0 -1 0
    outer loop
      vertex -0.698318 -4.01 -21.8987
      vertex 0.777206 -4.01 -21.8272
      vertex -0.777206 -4.01 -21.8272
    endloop
  endfacet
  facet normal 0 -1 0
    outer loop
      vertex -0.698318 -4.01 -21.8987
      vertex 0.698318 -4.01 -21.8987
      vertex 0.777206 -4.01 -21.8272
    endloop
  endfacet
  facet normal 0 -1 0
    outer loop
      vertex -0.612793 -4.01 -21.9621
      vertex 0.698318 -4.01 -21.8987
      vertex -0.698318 -4.01 -21.8987
    endloop
  endfacet
  facet normal 0 -1 0
    outer loop
      vertex -0.612793 -4.01 -21.9621
      vertex 0.612793 -4.01 -21.9621
      vertex 0.698318 -4.01 -21.8987
    endloop
  endfacet
  facet normal 0 -1 0
    outer loop
      vertex -0.521454 -4.01 -22.0169
      vertex 0.612793 -4.01 -21.9621
      vertex -0.612793 -4.01 -21.9621
    endloop
  endfacet
  facet normal 0 -1 0
    outer loop
      vertex -0.521454 -4.01 -22.0169
      vertex 0.521454 -4.01 -22.0169
      vertex 0.612793 -4.01 -21.9621
    endloop
  endfacet
  facet normal 0 -1 0
    outer loop
      vertex -0.425201 -4.01 -22.0624
      vertex 0.521454 -4.01 -22.0169
      vertex -0.521454 -4.01 -22.0169
    endloop
  endfacet
  facet normal 0 -1 0
    outer loop
      vertex -0.425201 -4.01 -22.0624
      vertex 0.425201 -4.01 -22.0624
      vertex 0.521454 -4.01 -22.0169
    endloop
  endfacet
  facet normal 0 -1 0
    outer loop
      vertex -0.324951 -4.01 -22.0983
      vertex 0.425201 -4.01 -22.0624
      vertex -0.425201 -4.01 -22.0624
    endloop
  endfacet
  facet normal 0 -1 0
    outer loop
      vertex -0.324951 -4.01 -22.0983
      vertex 0.324951 -4.01 -22.0983
      vertex 0.425201 -4.01 -22.0624
    endloop
  endfacet
  facet normal 0 -1 0
    outer loop
      vertex -0.221664 -4.01 -22.1241
      vertex 0.324951 -4.01 -22.0983
      vertex -0.324951 -4.01 -22.0983
    endloop
  endfacet
  facet normal 0 -1 0
    outer loop
      vertex -0.221664 -4.01 -22.1241
      vertex 0.221664 -4.01 -22.1241
      vertex 0.324951 -4.01 -22.0983
    endloop
  endfacet
  facet normal 0 -1 0
    outer loop
      vertex -0.116348 -4.01 -22.1398
      vertex 0.221664 -4.01 -22.1241
      vertex -0.221664 -4.01 -22.1241
    endloop
  endfacet
  facet normal 0 -1 0
    outer loop
      vertex -0.00999451 -4.01 -22.145
      vertex 0.221664 -4.01 -22.1241
      vertex -0.116348 -4.01 -22.1398
    endloop
  endfacet
  facet normal 0 -1 0
    outer loop
      vertex 0.221664 -4.01 -22.1241
      vertex -0.00999451 -4.01 -22.145
      vertex 0.116348 -4.01 -22.1398
    endloop
  endfacet
  facet normal 0 -1 0
    outer loop
      vertex 0.116348 -4.01 -22.1398
      vertex -0.00999451 -4.01 -22.145
      vertex 0.00999451 -4.01 -22.145
    endloop
  endfacet
  facet normal -0.337116 0 -0.941463
    outer loop
      vertex -0.759201 -0.00999928 -22.0536
      vertex -0.648331 0 -22.0933
      vertex -0.648331 -0.00999928 -22.0933
    endloop
  endfacet
  facet normal -0.337116 0 -0.941463
    outer loop
      vertex -0.648331 0 -22.0933
      vertex -0.759201 -0.00999928 -22.0536
      vertex -0.759201 0 -22.0536
    endloop
  endfacet
  facet normal -0.337002 -0.0260685 -0.941143
    outer loop
      vertex -0.324951 -4.01 -22.0983
      vertex -0.759201 -0.00999928 -22.0536
      vertex -0.648331 -0.00999928 -22.0933
    endloop
  endfacet
  facet normal -0.993874 -0.0992252 -0.0486795
    outer loop
      vertex -1.095 -4.01 -21.06
      vertex -1.49998 -0.00999928 -20.945
      vertex -1.49422 -0.00999928 -21.0626
    endloop
  endfacet
  facet normal -0.049116 -0.00356177 0.998787
    outer loop
      vertex -0.00999451 -4.01 7.855
      vertex -0.417603 -0.00999928 7.84922
      vertex -0.116348 -4.01 7.84977
    endloop
  endfacet
  facet normal 0.941544 -0 0.33689
    outer loop
      vertex 1.40865 -0.00999928 7.1142
      vertex 1.44832 0 7.00333
      vertex 1.40865 0 7.1142
    endloop
  endfacet
  facet normal 0.941544 0 0.33689
    outer loop
      vertex 1.44832 0 7.00333
      vertex 1.40865 -0.00999928 7.1142
      vertex 1.44832 -0.00999928 7.00333
    endloop
  endfacet
  facet normal 0.85768 0 -0.514184
    outer loop
      vertex 1.35829 -0.00999928 -21.5107
      vertex 1.29774 0 -21.6117
      vertex 1.35829 0 -21.5107
    endloop
  endfacet
  facet normal 0.85768 0 -0.514184
    outer loop
      vertex 1.29774 0 -21.6117
      vertex 1.35829 -0.00999928 -21.5107
      vertex 1.29774 -0.00999928 -21.6117
    endloop
  endfacet
  facet normal -0.594723 -0.0487236 -0.802452
    outer loop
      vertex -0.612793 -4.01 -21.9621
      vertex -1.06126 -0.00999928 -21.8726
      vertex -0.966675 -0.00999928 -21.9427
    endloop
  endfacet
  facet normal 0.803259 -0 0.59563
    outer loop
      vertex 1.2276 -0.00999928 7.41626
      vertex 1.29774 0 7.32167
      vertex 1.2276 0 7.41626
    endloop
  endfacet
  facet normal 0.803259 0 0.59563
    outer loop
      vertex 1.29774 0 7.32167
      vertex 1.2276 -0.00999928 7.41626
      vertex 1.29774 -0.00999928 7.32167
    endloop
  endfacet
  facet normal 0.901002 -0.0816909 -0.426053
    outer loop
      vertex 1.01241 -4.01 -21.4752
      vertex 0.966873 -4.01 -21.5715
      vertex 1.35829 -0.00999928 -21.5107
    endloop
  endfacet
  facet normal -0.146794 -0.0109196 0.989107
    outer loop
      vertex -0.116348 -4.01 7.84977
      vertex -0.417603 -0.00999928 7.84922
      vertex -0.221664 -4.01 7.83414
    endloop
  endfacet
  facet normal -0.998803 0 0.0489168
    outer loop
      vertex -1.49998 -0.00999928 6.65499
      vertex -1.49422 0 6.7726
      vertex -1.49998 0 6.65499
    endloop
  endfacet
  facet normal -0.998803 0 0.0489168
    outer loop
      vertex -1.49422 0 6.7726
      vertex -1.49998 -0.00999928 6.65499
      vertex -1.49422 -0.00999928 6.7726
    endloop
  endfacet
  facet normal -0.989166 0 0.146804
    outer loop
      vertex -1.49422 -0.00999928 6.7726
      vertex -1.47693 0 6.8891
      vertex -1.49422 0 6.7726
    endloop
  endfacet
  facet normal -0.989166 0 0.146804
    outer loop
      vertex -1.47693 0 6.8891
      vertex -1.49422 -0.00999928 6.7726
      vertex -1.47693 -0.00999928 6.8891
    endloop
  endfacet
  facet normal 0.801168 -0.0696479 -0.594373
    outer loop
      vertex 0.91214 -4.01 -21.6628
      vertex 0.848709 -4.01 -21.7483
      vertex 1.2276 -0.00999928 -21.7063
    endloop
  endfacet
  facet normal -0.965953 -0.0916683 0.241932
    outer loop
      vertex -1.44832 -0.00999928 7.00333
      vertex -1.47693 -0.00999928 6.8891
      vertex -1.04828 -4.01 7.08495
    endloop
  endfacet
  facet normal -1 0 0
    outer loop
      vertex -1.49998 -0.00999928 -20.945
      vertex -1.49998 0 6.65499
      vertex -1.49998 0 -20.945
    endloop
  endfacet
  facet normal -1 -0 0
    outer loop
      vertex -1.49998 0 6.65499
      vertex -1.49998 -0.00999928 -20.945
      vertex -1.49998 -0.00999928 6.65499
    endloop
  endfacet
  facet normal -0.994914 -0.10073 0
    outer loop
      vertex -1.095 -4.01 -21.06
      vertex -1.49998 -0.00999928 6.65499
      vertex -1.49998 -0.00999928 -20.945
    endloop
  endfacet
  facet normal -0.994914 -0.10073 0
    outer loop
      vertex -1.49998 -0.00999928 6.65499
      vertex -1.095 -4.01 -21.06
      vertex -1.095 -4.01 6.76999
    endloop
  endfacet
  facet normal 0.740712 0 -0.671823
    outer loop
      vertex 1.2276 -0.00999928 -21.7063
      vertex 1.14851 0 -21.7935
      vertex 1.2276 0 -21.7063
    endloop
  endfacet
  facet normal 0.740712 0 -0.671823
    outer loop
      vertex 1.14851 0 -21.7935
      vertex 1.2276 -0.00999928 -21.7063
      vertex 1.14851 -0.00999928 -21.7935
    endloop
  endfacet
  facet normal 0.801308 -0.0696525 0.594183
    outer loop
      vertex 1.2276 -0.00999928 7.41626
      vertex 0.91214 -4.01 7.37279
      vertex 1.29774 -0.00999928 7.32167
    endloop
  endfacet
  facet normal 0.594993 -0.0487503 0.802251
    outer loop
      vertex 1.06126 -0.00999928 7.5826
      vertex 0.612793 -4.01 7.67214
      vertex 0.698318 -4.01 7.60871
    endloop
  endfacet
  facet normal -0.965975 -0.0916749 0.241844
    outer loop
      vertex -1.04828 -4.01 7.08495
      vertex -1.47693 -0.00999928 6.8891
      vertex -1.07414 -4.01 6.98166
    endloop
  endfacet
  facet normal 0.513551 -0.0412823 0.857066
    outer loop
      vertex 0.865662 -0.00999928 7.71329
      vertex 0.521454 -4.01 7.72687
      vertex 0.612793 -4.01 7.67214
    endloop
  endfacet
  facet normal 0.855214 -0.0758935 -0.512688
    outer loop
      vertex 0.966873 -4.01 -21.5715
      vertex 0.91214 -4.01 -21.6628
      vertex 1.35829 -0.00999928 -21.5107
    endloop
  endfacet
  facet normal 0.0489144 -0.00354122 0.998797
    outer loop
      vertex 0.299988 -0.00999928 7.85498
      vertex 0.00999451 -4.01 7.855
      vertex 0.417603 -0.00999928 7.84922
    endloop
  endfacet
  facet normal 0.242918 -0.0184361 0.969872
    outer loop
      vertex 0.534103 -0.00999928 7.83193
      vertex 0.324951 -4.01 7.80828
      vertex 0.648331 -0.00999928 7.80332
    endloop
  endfacet
  facet normal 0.242832 -0.0184317 0.969893
    outer loop
      vertex 0.534103 -0.00999928 7.83193
      vertex 0.221664 -4.01 7.83414
      vertex 0.324951 -4.01 7.80828
    endloop
  endfacet
  facet normal -0.242302 -0.0183927 -0.970026
    outer loop
      vertex -0.324951 -4.01 -22.0983
      vertex -0.534103 -0.00999928 -22.1219
      vertex -0.221664 -4.01 -22.1241
    endloop
  endfacet
  facet normal 0.671658 0 -0.740862
    outer loop
      vertex 1.06126 -0.00999928 -21.8726
      vertex 1.14851 0 -21.7935
      vertex 1.14851 -0.00999928 -21.7935
    endloop
  endfacet
  facet normal 0.671658 0 -0.740862
    outer loop
      vertex 1.14851 0 -21.7935
      vertex 1.06126 -0.00999928 -21.8726
      vertex 1.06126 0 -21.8726
    endloop
  endfacet
  facet normal -0.85768 0 -0.514184
    outer loop
      vertex -1.29774 -0.00999928 -21.6117
      vertex -1.35829 0 -21.5107
      vertex -1.29774 0 -21.6117
    endloop
  endfacet
  facet normal -0.85768 -0 -0.514184
    outer loop
      vertex -1.35829 0 -21.5107
      vertex -1.29774 -0.00999928 -21.6117
      vertex -1.35829 -0.00999928 -21.5107
    endloop
  endfacet
  facet normal -0.803289 0 -0.595589
    outer loop
      vertex -1.2276 -0.00999928 -21.7063
      vertex -1.29774 0 -21.6117
      vertex -1.2276 0 -21.7063
    endloop
  endfacet
  facet normal -0.803289 -0 -0.595589
    outer loop
      vertex -1.29774 0 -21.6117
      vertex -1.2276 -0.00999928 -21.7063
      vertex -1.29774 -0.00999928 -21.6117
    endloop
  endfacet
  facet normal 0.59565 0 0.803244
    outer loop
      vertex 0.966675 0 7.65274
      vertex 1.06126 -0.00999928 7.5826
      vertex 1.06126 0 7.5826
    endloop
  endfacet
  facet normal 0.59565 0 0.803244
    outer loop
      vertex 1.06126 -0.00999928 7.5826
      vertex 0.966675 0 7.65274
      vertex 0.966675 -0.00999928 7.65274
    endloop
  endfacet
  facet normal 0.427365 -0.0337087 0.90345
    outer loop
      vertex 0.759201 -0.00999928 7.76365
      vertex 0.425201 -4.01 7.7724
      vertex 0.865662 -0.00999928 7.71329
    endloop
  endfacet
  facet normal 0.0489147 0 0.998803
    outer loop
      vertex 0.299988 0 7.85498
      vertex 0.417603 -0.00999928 7.84922
      vertex 0.417603 0 7.84922
    endloop
  endfacet
  facet normal 0.0489147 0 0.998803
    outer loop
      vertex 0.417603 -0.00999928 7.84922
      vertex 0.299988 0 7.85498
      vertex 0.299988 -0.00999928 7.85498
    endloop
  endfacet
  facet normal 0.670556 -0.0560146 0.739741
    outer loop
      vertex 1.06126 -0.00999928 7.5826
      vertex 0.698318 -4.01 7.60871
      vertex 0.777206 -4.01 7.5372
    endloop
  endfacet
  facet normal -0.984636 -0.0957735 -0.146014
    outer loop
      vertex -1.08977 -4.01 -21.1663
      vertex -1.49422 -0.00999928 -21.0626
      vertex -1.07414 -4.01 -21.2717
    endloop
  endfacet
  facet normal 0.514447 0 -0.857522
    outer loop
      vertex 0.865662 -0.00999928 -22.0033
      vertex 0.966675 0 -21.9427
      vertex 0.966675 -0.00999928 -21.9427
    endloop
  endfacet
  facet normal 0.514447 0 -0.857522
    outer loop
      vertex 0.966675 0 -21.9427
      vertex 0.865662 -0.00999928 -22.0033
      vertex 0.865662 0 -22.0033
    endloop
  endfacet
  facet normal 0.855229 -0.0758922 0.512663
    outer loop
      vertex 1.29774 -0.00999928 7.32167
      vertex 0.91214 -4.01 7.37279
      vertex 1.35829 -0.00999928 7.22066
    endloop
  endfacet
  facet normal 0.594942 -0.0487437 0.802289
    outer loop
      vertex 0.966675 -0.00999928 7.65274
      vertex 0.612793 -4.01 7.67214
      vertex 1.06126 -0.00999928 7.5826
    endloop
  endfacet
  facet normal 0.937925 -0.0869511 -0.335762
    outer loop
      vertex 1.04828 -4.01 -21.375
      vertex 1.01241 -4.01 -21.4752
      vertex 1.40865 -0.00999928 -21.4042
    endloop
  endfacet
  facet normal 0.901003 -0.0816909 -0.426052
    outer loop
      vertex 1.40865 -0.00999928 -21.4042
      vertex 1.01241 -4.01 -21.4752
      vertex 1.35829 -0.00999928 -21.5107
    endloop
  endfacet
  facet normal 0.242879 0 -0.970057
    outer loop
      vertex 0.534103 -0.00999928 -22.1219
      vertex 0.648331 0 -22.0933
      vertex 0.648331 -0.00999928 -22.0933
    endloop
  endfacet
  facet normal 0.242879 0 -0.970057
    outer loop
      vertex 0.648331 0 -22.0933
      vertex 0.534103 -0.00999928 -22.1219
      vertex 0.534103 0 -22.1219
    endloop
  endfacet
  facet normal -0.514135 0 0.857709
    outer loop
      vertex -0.966675 0 7.65274
      vertex -0.865662 -0.00999928 7.71329
      vertex -0.865662 0 7.71329
    endloop
  endfacet
  facet normal -0.514135 0 0.857709
    outer loop
      vertex -0.865662 -0.00999928 7.71329
      vertex -0.966675 0 7.65274
      vertex -0.966675 -0.00999928 7.65274
    endloop
  endfacet
  facet normal 0.671611 0 0.740904
    outer loop
      vertex 1.06126 0 7.5826
      vertex 1.14851 -0.00999928 7.50351
      vertex 1.14851 0 7.50351
    endloop
  endfacet
  facet normal 0.671611 0 0.740904
    outer loop
      vertex 1.14851 -0.00999928 7.50351
      vertex 1.06126 0 7.5826
      vertex 1.06126 -0.00999928 7.5826
    endloop
  endfacet
  facet normal -0.901003 -0.0816909 -0.426052
    outer loop
      vertex -1.01241 -4.01 -21.4752
      vertex -1.40865 -0.00999928 -21.4042
      vertex -1.35829 -0.00999928 -21.5107
    endloop
  endfacet
  facet normal 0.427609 0 0.903964
    outer loop
      vertex 0.759201 0 7.76365
      vertex 0.865662 -0.00999928 7.71329
      vertex 0.865662 0 7.71329
    endloop
  endfacet
  facet normal 0.427609 0 0.903964
    outer loop
      vertex 0.865662 -0.00999928 7.71329
      vertex 0.759201 0 7.76365
      vertex 0.759201 -0.00999928 7.76365
    endloop
  endfacet
  facet normal -0.0489147 0 0.998803
    outer loop
      vertex -0.417603 0 7.84922
      vertex -0.299988 -0.00999928 7.85498
      vertex -0.299988 0 7.85498
    endloop
  endfacet
  facet normal -0.0489147 0 0.998803
    outer loop
      vertex -0.299988 -0.00999928 7.85498
      vertex -0.417603 0 7.84922
      vertex -0.417603 -0.00999928 7.84922
    endloop
  endfacet
  facet normal 0.049116 -0.00356177 0.998787
    outer loop
      vertex 0.417603 -0.00999928 7.84922
      vertex 0.00999451 -4.01 7.855
      vertex 0.116348 -4.01 7.84977
    endloop
  endfacet
  facet normal -0.59565 0 0.803244
    outer loop
      vertex -1.06126 0 7.5826
      vertex -0.966675 -0.00999928 7.65274
      vertex -0.966675 0 7.65274
    endloop
  endfacet
  facet normal -0.59565 0 0.803244
    outer loop
      vertex -0.966675 -0.00999928 7.65274
      vertex -1.06126 0 7.5826
      vertex -1.06126 -0.00999928 7.5826
    endloop
  endfacet
  facet normal -0.242959 0 0.970037
    outer loop
      vertex -0.648331 0 7.80332
      vertex -0.534103 -0.00999928 7.83193
      vertex -0.534103 0 7.83193
    endloop
  endfacet
  facet normal -0.242959 0 0.970037
    outer loop
      vertex -0.534103 -0.00999928 7.83193
      vertex -0.648331 0 7.80332
      vertex -0.648331 -0.00999928 7.80332
    endloop
  endfacet
  facet normal -0.242918 -0.0184361 0.969872
    outer loop
      vertex -0.534103 -0.00999928 7.83193
      vertex -0.648331 -0.00999928 7.80332
      vertex -0.324951 -4.01 7.80828
    endloop
  endfacet
  facet normal 0.900917 -0.0816809 0.426235
    outer loop
      vertex 1.35829 -0.00999928 7.22066
      vertex 0.966873 -4.01 7.28145
      vertex 1.01241 -4.01 7.1852
    endloop
  endfacet
  facet normal -0.937977 -0.0869589 0.335614
    outer loop
      vertex -1.40865 -0.00999928 7.1142
      vertex -1.44832 -0.00999928 7.00333
      vertex -1.04828 -4.01 7.08495
    endloop
  endfacet
  facet normal 0.336776 -0.0260595 0.941224
    outer loop
      vertex 0.648331 -0.00999928 7.80332
      vertex 0.324951 -4.01 7.80828
      vertex 0.759201 -0.00999928 7.76365
    endloop
  endfacet
  facet normal 0.336858 -0.0260688 0.941194
    outer loop
      vertex 0.759201 -0.00999928 7.76365
      vertex 0.324951 -4.01 7.80828
      vertex 0.425201 -4.01 7.7724
    endloop
  endfacet
  facet normal 0.904025 0 -0.427481
    outer loop
      vertex 1.40865 -0.00999928 -21.4042
      vertex 1.35829 0 -21.5107
      vertex 1.40865 0 -21.4042
    endloop
  endfacet
  facet normal 0.904025 0 -0.427481
    outer loop
      vertex 1.35829 0 -21.5107
      vertex 1.40865 -0.00999928 -21.4042
      vertex 1.35829 -0.00999928 -21.5107
    endloop
  endfacet
  facet normal -0 0 1
    outer loop
      vertex -0.00999451 -3.99 7.855
      vertex 0.00999451 -4.01 7.855
      vertex 0.00999451 -3.99 7.855
    endloop
  endfacet
  facet normal 0 0 1
    outer loop
      vertex 0.00999451 -4.01 7.855
      vertex -0.00999451 -3.99 7.855
      vertex -0.00999451 -4.01 7.855
    endloop
  endfacet
  facet normal 0.965975 -0.0916749 0.241844
    outer loop
      vertex 1.47693 -0.00999928 6.8891
      vertex 1.04828 -4.01 7.08495
      vertex 1.07414 -4.01 6.98166
    endloop
  endfacet
  facet normal 0.984619 -0.0957672 0.146129
    outer loop
      vertex 1.47693 -0.00999928 6.8891
      vertex 1.07414 -4.01 6.98166
      vertex 1.49422 -0.00999928 6.7726
    endloop
  endfacet
  facet normal 0.146804 0 0.989166
    outer loop
      vertex 0.417603 0 7.84922
      vertex 0.534103 -0.00999928 7.83193
      vertex 0.534103 0 7.83193
    endloop
  endfacet
  facet normal 0.146804 0 0.989166
    outer loop
      vertex 0.534103 -0.00999928 7.83193
      vertex 0.417603 0 7.84922
      vertex 0.417603 -0.00999928 7.84922
    endloop
  endfacet
  facet normal 0.146795 -0.0109197 0.989107
    outer loop
      vertex 0.417603 -0.00999928 7.84922
      vertex 0.221664 -4.01 7.83414
      vertex 0.534103 -0.00999928 7.83193
    endloop
  endfacet
  facet normal 0.594723 -0.0487236 -0.802452
    outer loop
      vertex 1.06126 -0.00999928 -21.8726
      vertex 0.612793 -4.01 -21.9621
      vertex 0.966675 -0.00999928 -21.9427
    endloop
  endfacet
  facet normal 0.514008 -0.0413191 -0.85679
    outer loop
      vertex 0.966675 -0.00999928 -21.9427
      vertex 0.612793 -4.01 -21.9621
      vertex 0.865662 -0.00999928 -22.0033
    endloop
  endfacet
  facet normal -0.941573 0 -0.33681
    outer loop
      vertex -1.40865 -0.00999928 -21.4042
      vertex -1.44832 0 -21.2933
      vertex -1.40865 0 -21.4042
    endloop
  endfacet
  facet normal -0.941573 -0 -0.33681
    outer loop
      vertex -1.44832 0 -21.2933
      vertex -1.40865 -0.00999928 -21.4042
      vertex -1.44832 -0.00999928 -21.2933
    endloop
  endfacet
  facet normal -0.670556 -0.0560146 0.739741
    outer loop
      vertex -0.698318 -4.01 7.60871
      vertex -1.06126 -0.00999928 7.5826
      vertex -0.777206 -4.01 7.5372
    endloop
  endfacet
  facet normal -0.242832 -0.0184317 0.969893
    outer loop
      vertex -0.221664 -4.01 7.83414
      vertex -0.534103 -0.00999928 7.83193
      vertex -0.324951 -4.01 7.80828
    endloop
  endfacet
  facet normal -0.801268 -0.0696498 0.594238
    outer loop
      vertex -0.848709 -4.01 7.45832
      vertex -1.2276 -0.00999928 7.41626
      vertex -0.91214 -4.01 7.37279
    endloop
  endfacet
  facet normal -0.739431 -0.062993 0.670278
    outer loop
      vertex -0.777206 -4.01 7.5372
      vertex -1.2276 -0.00999928 7.41626
      vertex -0.848709 -4.01 7.45832
    endloop
  endfacet
  facet normal 0.740904 -0 0.671611
    outer loop
      vertex 1.14851 -0.00999928 7.50351
      vertex 1.2276 0 7.41626
      vertex 1.14851 0 7.50351
    endloop
  endfacet
  facet normal 0.740904 0 0.671611
    outer loop
      vertex 1.2276 0 7.41626
      vertex 1.14851 -0.00999928 7.50351
      vertex 1.2276 -0.00999928 7.41626
    endloop
  endfacet
  facet normal -0.594942 -0.0487437 0.802289
    outer loop
      vertex -0.966675 -0.00999928 7.65274
      vertex -1.06126 -0.00999928 7.5826
      vertex -0.612793 -4.01 7.67214
    endloop
  endfacet
  facet normal -0.803259 0 0.59563
    outer loop
      vertex -1.29774 -0.00999928 7.32167
      vertex -1.2276 0 7.41626
      vertex -1.29774 0 7.32167
    endloop
  endfacet
  facet normal -0.803259 0 0.59563
    outer loop
      vertex -1.2276 0 7.41626
      vertex -1.29774 -0.00999928 7.32167
      vertex -1.2276 -0.00999928 7.41626
    endloop
  endfacet
  facet normal -0.801308 -0.0696525 0.594183
    outer loop
      vertex -1.2276 -0.00999928 7.41626
      vertex -1.29774 -0.00999928 7.32167
      vertex -0.91214 -4.01 7.37279
    endloop
  endfacet
  facet normal -0.513696 -0.0412906 0.856978
    outer loop
      vertex -0.865662 -0.00999928 7.71329
      vertex -0.966675 -0.00999928 7.65274
      vertex -0.612793 -4.01 7.67214
    endloop
  endfacet
  facet normal 0 5.01253e-06 1
    outer loop
      vertex 0.299263 0 7.85498
      vertex -0.00999451 -3.99 7.855
      vertex 0.00999451 -3.99 7.855
    endloop
  endfacet
  facet normal 0 5.01253e-06 1
    outer loop
      vertex -0.00999451 -3.99 7.855
      vertex 0.299263 0 7.85498
      vertex -0.299263 0 7.85498
    endloop
  endfacet
  facet normal -0.740904 0 0.671611
    outer loop
      vertex -1.2276 -0.00999928 7.41626
      vertex -1.14851 0 7.50351
      vertex -1.2276 0 7.41626
    endloop
  endfacet
  facet normal -0.740904 0 0.671611
    outer loop
      vertex -1.14851 0 7.50351
      vertex -1.2276 -0.00999928 7.41626
      vertex -1.14851 -0.00999928 7.50351
    endloop
  endfacet
  facet normal 0 0.321439 -0.94693
    outer loop
      vertex -35 -4.38121 8.41078
      vertex -25 -3.5 8.70991
      vertex -25 -4.38121 8.41078
    endloop
  endfacet
  facet normal 0 0.321439 -0.94693
    outer loop
      vertex -25 -3.5 8.70991
      vertex -35 -4.38121 8.41078
      vertex -35 -3.5 8.70991
    endloop
  endfacet
  facet normal -0 0.980788 0.195079
    outer loop
      vertex -31.0916 1.22828 17.4909
      vertex -25 1.13422 17.9638
      vertex -25 1.22828 17.4909
    endloop
  endfacet
  facet normal 0 0.980788 0.195079
    outer loop
      vertex -25 1.13422 17.9638
      vertex -31.0916 1.22828 17.4909
      vertex -35 1.13422 17.9638
    endloop
  endfacet
  facet normal 6.39929e-07 0.980787 0.195084
    outer loop
      vertex -31.4142 1.25195 17.3719
      vertex -35 1.13422 17.9638
      vertex -31.0916 1.22828 17.4909
    endloop
  endfacet
  facet normal 2.99586e-06 0.980784 0.195098
    outer loop
      vertex -32.7745 1.32826 16.9883
      vertex -35 1.13422 17.9638
      vertex -31.4142 1.25195 17.3719
    endloop
  endfacet
  facet normal -1.39509e-05 0.980791 0.195061
    outer loop
      vertex -32.901 1.33327 16.9631
      vertex -35 1.13422 17.9638
      vertex -32.7745 1.32826 16.9883
    endloop
  endfacet
  facet normal 0 0.980786 0.195089
    outer loop
      vertex -35 1.13422 17.9638
      vertex -32.901 1.33327 16.9631
      vertex -35 1.33327 16.9631
    endloop
  endfacet
  facet normal 0 -0.751805 0.659385
    outer loop
      vertex -35 -12.5882 20.6933
      vertex -25 -11.9154 21.4604
      vertex -35 -11.9154 21.4604
    endloop
  endfacet
  facet normal 0 -0.751805 0.659385
    outer loop
      vertex -25 -11.9154 21.4604
      vertex -35 -12.5882 20.6933
      vertex -25 -12.5882 20.6933
    endloop
  endfacet
  facet normal 0 -0.321386 0.946948
    outer loop
      vertex -35 -8.41879 23.4792
      vertex -25 -9.38493 23.1513
      vertex -25 -8.41879 23.4792
    endloop
  endfacet
  facet normal 0 -0.321386 0.946948
    outer loop
      vertex -25 -9.38493 23.1513
      vertex -35 -8.41879 23.4792
      vertex -35 -9.38493 23.1513
    endloop
  endfacet
  facet normal 0 -0.659363 -0.751825
    outer loop
      vertex -35 -11.9154 10.4296
      vertex -25 -11.1483 9.75684
      vertex -25 -11.9154 10.4296
    endloop
  endfacet
  facet normal -0 -0.659363 -0.751825
    outer loop
      vertex -25 -11.1483 9.75684
      vertex -35 -11.9154 10.4296
      vertex -35 -11.1483 9.75684
    endloop
  endfacet
  facet normal 0 -0.0654033 -0.997859
    outer loop
      vertex -35 -7.4181 8.21173
      vertex -25 -6.4 8.145
      vertex -25 -7.4181 8.21173
    endloop
  endfacet
  facet normal -0 -0.0654033 -0.997859
    outer loop
      vertex -25 -6.4 8.145
      vertex -35 -7.4181 8.21173
      vertex -35 -6.4 8.145
    endloop
  endfacet
  facet normal 0 0.0654033 -0.997859
    outer loop
      vertex -35 -6.4 8.145
      vertex -25 -5.3819 8.21173
      vertex -25 -6.4 8.145
    endloop
  endfacet
  facet normal 0 0.0654033 -0.997859
    outer loop
      vertex -25 -5.3819 8.21173
      vertex -35 -6.4 8.145
      vertex -35 -5.3819 8.21173
    endloop
  endfacet
  facet normal 0 0.946926 0.321451
    outer loop
      vertex -25 1.13422 17.9638
      vertex -35 0.80626 18.9299
      vertex -25 0.80626 18.9299
    endloop
  endfacet
  facet normal 0 0.946926 0.321451
    outer loop
      vertex -35 0.80626 18.9299
      vertex -25 1.13422 17.9638
      vertex -35 1.13422 17.9638
    endloop
  endfacet
  facet normal -0 0.195138 0.980776
    outer loop
      vertex -35 -4.38121 23.4792
      vertex -25 -5.3819 23.6783
      vertex -25 -4.38121 23.4792
    endloop
  endfacet
  facet normal 0 0.195138 0.980776
    outer loop
      vertex -25 -5.3819 23.6783
      vertex -35 -4.38121 23.4792
      vertex -35 -5.3819 23.6783
    endloop
  endfacet
  facet normal 0 -0.555587 -0.831459
    outer loop
      vertex -35 -11.1483 9.75684
      vertex -25 -10.3 9.19
      vertex -25 -11.1483 9.75684
    endloop
  endfacet
  facet normal -0 -0.555587 -0.831459
    outer loop
      vertex -25 -10.3 9.19
      vertex -35 -11.1483 9.75684
      vertex -35 -10.3 9.19
    endloop
  endfacet
  facet normal 1 -0 0
    outer loop
      vertex -25 -3.8 11.4417
      vertex -25 -3.5 8.70991
      vertex -25 -3.5 11.6421
    endloop
  endfacet
  facet normal 1 -0 0
    outer loop
      vertex -25 -4.41005 11.1408
      vertex -25 -3.5 8.70991
      vertex -25 -3.8 11.4417
    endloop
  endfacet
  facet normal 1 -0 0
    outer loop
      vertex -25 -5.05414 10.9222
      vertex -25 -3.5 8.70991
      vertex -25 -4.41005 11.1408
    endloop
  endfacet
  facet normal 1 0 0
    outer loop
      vertex -25 -3.5 8.70991
      vertex -25 -5.05414 10.9222
      vertex -25 -4.38121 8.41078
    endloop
  endfacet
  facet normal 1 0 0
    outer loop
      vertex -25 -5.05414 10.9222
      vertex -25 -5.3819 8.21173
      vertex -25 -4.38121 8.41078
    endloop
  endfacet
  facet normal 1 -0 0
    outer loop
      vertex -25 -5.72126 10.7895
      vertex -25 -5.3819 8.21173
      vertex -25 -5.05414 10.9222
    endloop
  endfacet
  facet normal 1 -0 0
    outer loop
      vertex -25 -6.4 10.745
      vertex -25 -5.3819 8.21173
      vertex -25 -5.72126 10.7895
    endloop
  endfacet
  facet normal 1 0 0
    outer loop
      vertex -25 -6.4 10.745
      vertex -25 -6.4 8.145
      vertex -25 -5.3819 8.21173
    endloop
  endfacet
  facet normal 1 0 0
    outer loop
      vertex -25 -7.07874 10.7895
      vertex -25 -6.4 8.145
      vertex -25 -6.4 10.745
    endloop
  endfacet
  facet normal 1 0 0
    outer loop
      vertex -25 -7.07874 10.7895
      vertex -25 -7.4181 8.21173
      vertex -25 -6.4 8.145
    endloop
  endfacet
  facet normal 1 0 0
    outer loop
      vertex -25 -7.74586 10.9222
      vertex -25 -7.4181 8.21173
      vertex -25 -7.07874 10.7895
    endloop
  endfacet
  facet normal 1 0 0
    outer loop
      vertex -25 -8.41879 8.41078
      vertex -25 -7.74586 10.9222
      vertex -25 -8.38995 11.1408
    endloop
  endfacet
  facet normal 1 0 0
    outer loop
      vertex -25 -7.74586 10.9222
      vertex -25 -8.41879 8.41078
      vertex -25 -7.4181 8.21173
    endloop
  endfacet
  facet normal 1 0 0
    outer loop
      vertex -25 -9.38493 8.73874
      vertex -25 -8.38995 11.1408
      vertex -25 -9 11.4417
    endloop
  endfacet
  facet normal 1 0 0
    outer loop
      vertex -25 -8.38995 11.1408
      vertex -25 -9.38493 8.73874
      vertex -25 -8.41879 8.41078
    endloop
  endfacet
  facet normal 1 0 0
    outer loop
      vertex -25 -10.3 9.19
      vertex -25 -9 11.4417
      vertex -25 -9.56556 11.8196
    endloop
  endfacet
  facet normal 1 0 0
    outer loop
      vertex -25 -11.1483 9.75684
      vertex -25 -9.56556 11.8196
      vertex -25 -9.59457 11.845
    endloop
  endfacet
  facet normal 1 0 0
    outer loop
      vertex -25 -9 11.4417
      vertex -25 -10.3 9.19
      vertex -25 -9.38493 8.73874
    endloop
  endfacet
  facet normal 1 0 0
    outer loop
      vertex -25 -9.56556 11.8196
      vertex -25 -11.1483 9.75684
      vertex -25 -10.3 9.19
    endloop
  endfacet
  facet normal 1 0 0
    outer loop
      vertex -25 -9.59457 11.845
      vertex -25 -11.9154 10.4296
      vertex -25 -11.1483 9.75684
    endloop
  endfacet
  facet normal 1 0 0
    outer loop
      vertex -25 -9.59457 11.845
      vertex -25 -12.5882 11.1967
      vertex -25 -11.9154 10.4296
    endloop
  endfacet
  facet normal 1 0 -0
    outer loop
      vertex -25 -12.5882 11.1967
      vertex -25 -9.59457 11.845
      vertex -25 -13.0214 11.845
    endloop
  endfacet
  facet normal 1 0 0
    outer loop
      vertex -25 0 17.4909
      vertex -25 -1.24449 16.6237
      vertex -25 -1.2 15.945
    endloop
  endfacet
  facet normal 1 0 0
    outer loop
      vertex -25 -0.211843 20.6933
      vertex -25 -1.37718 17.2909
      vertex -25 -1.24449 16.6237
    endloop
  endfacet
  facet normal 1 0 0
    outer loop
      vertex -25 -0.211843 20.6933
      vertex -25 -1.59583 17.935
      vertex -25 -1.37718 17.2909
    endloop
  endfacet
  facet normal 1 0 0
    outer loop
      vertex -25 -2.72304 19.622
      vertex -25 -0.884566 21.4604
      vertex -25 -1.65166 22.1332
    endloop
  endfacet
  facet normal 1 0 0
    outer loop
      vertex -25 -0.211843 20.6933
      vertex -25 -1.89667 18.545
      vertex -25 -1.59583 17.935
    endloop
  endfacet
  facet normal 1 0 0
    outer loop
      vertex -25 -0.211843 20.6933
      vertex -25 -2.27456 19.1106
      vertex -25 -1.89667 18.545
    endloop
  endfacet
  facet normal 1 0 0
    outer loop
      vertex -25 -3.23444 20.0704
      vertex -25 -1.65166 22.1332
      vertex -25 -2.5 22.7
    endloop
  endfacet
  facet normal 1 0 0
    outer loop
      vertex -25 -0.884566 21.4604
      vertex -25 -2.72304 19.622
      vertex -25 -2.27456 19.1106
    endloop
  endfacet
  facet normal 1 0 0
    outer loop
      vertex -25 -1.65166 22.1332
      vertex -25 -3.23444 20.0704
      vertex -25 -2.72304 19.622
    endloop
  endfacet
  facet normal 1 0 0
    outer loop
      vertex -25 -3.8 20.4483
      vertex -25 -2.5 22.7
      vertex -25 -3.41507 23.1513
    endloop
  endfacet
  facet normal 1 0 0
    outer loop
      vertex -25 -2.5 22.7
      vertex -25 -3.8 20.4483
      vertex -25 -3.23444 20.0704
    endloop
  endfacet
  facet normal 1 0 0
    outer loop
      vertex -25 -4.41005 20.7492
      vertex -25 -3.41507 23.1513
      vertex -25 -4.38121 23.4792
    endloop
  endfacet
  facet normal 1 0 0
    outer loop
      vertex -25 -3.41507 23.1513
      vertex -25 -4.41005 20.7492
      vertex -25 -3.8 20.4483
    endloop
  endfacet
  facet normal 1 0 0
    outer loop
      vertex -25 -4.38121 23.4792
      vertex -25 -5.05414 20.9678
      vertex -25 -4.41005 20.7492
    endloop
  endfacet
  facet normal 1 0 0
    outer loop
      vertex -25 -5.3819 23.6783
      vertex -25 -5.05414 20.9678
      vertex -25 -4.38121 23.4792
    endloop
  endfacet
  facet normal 1 0 0
    outer loop
      vertex -25 -5.3819 23.6783
      vertex -25 -5.72126 21.1005
      vertex -25 -5.05414 20.9678
    endloop
  endfacet
  facet normal 1 0 0
    outer loop
      vertex -25 -6.4 23.745
      vertex -25 -5.72126 21.1005
      vertex -25 -5.3819 23.6783
    endloop
  endfacet
  facet normal 1 0 0
    outer loop
      vertex -25 -6.4 23.745
      vertex -25 -6.4 21.145
      vertex -25 -5.72126 21.1005
    endloop
  endfacet
  facet normal 1 0 0
    outer loop
      vertex -25 -6.4 23.745
      vertex -25 -7.07874 21.1005
      vertex -25 -6.4 21.145
    endloop
  endfacet
  facet normal 1 -0 0
    outer loop
      vertex -25 -7.4181 23.6783
      vertex -25 -7.07874 21.1005
      vertex -25 -6.4 23.745
    endloop
  endfacet
  facet normal 1 0 0
    outer loop
      vertex -25 -7.4181 23.6783
      vertex -25 -7.74586 20.9678
      vertex -25 -7.07874 21.1005
    endloop
  endfacet
  facet normal 1 -0 0
    outer loop
      vertex -25 -8.41879 23.4792
      vertex -25 -7.74586 20.9678
      vertex -25 -7.4181 23.6783
    endloop
  endfacet
  facet normal 1 0 0
    outer loop
      vertex -25 -7.74586 20.9678
      vertex -25 -8.41879 23.4792
      vertex -25 -8.38995 20.7492
    endloop
  endfacet
  facet normal 1 -0 0
    outer loop
      vertex -25 -9.38493 23.1513
      vertex -25 -8.38995 20.7492
      vertex -25 -8.41879 23.4792
    endloop
  endfacet
  facet normal 1 0 0
    outer loop
      vertex -25 -8.38995 20.7492
      vertex -25 -9.38493 23.1513
      vertex -25 -9 20.4483
    endloop
  endfacet
  facet normal 1 -0 0
    outer loop
      vertex -25 -10.3 22.7
      vertex -25 -9 20.4483
      vertex -25 -9.38493 23.1513
    endloop
  endfacet
  facet normal 1 0 0
    outer loop
      vertex -25 -9 20.4483
      vertex -25 -10.3 22.7
      vertex -25 -9.56556 20.0704
    endloop
  endfacet
  facet normal 1 -0 0
    outer loop
      vertex -25 -11.1483 22.1332
      vertex -25 -9.56556 20.0704
      vertex -25 -10.3 22.7
    endloop
  endfacet
  facet normal 1 0 0
    outer loop
      vertex -25 -9.56556 20.0704
      vertex -25 -11.1483 22.1332
      vertex -25 -9.59457 20.045
    endloop
  endfacet
  facet normal 1 -0 0
    outer loop
      vertex -25 -11.9154 21.4604
      vertex -25 -9.59457 20.045
      vertex -25 -11.1483 22.1332
    endloop
  endfacet
  facet normal 1 -0 0
    outer loop
      vertex -25 -12.5882 20.6933
      vertex -25 -9.59457 20.045
      vertex -25 -11.9154 21.4604
    endloop
  endfacet
  facet normal 1 0 0
    outer loop
      vertex -25 -9.59457 20.045
      vertex -25 -12.5882 20.6933
      vertex -25 -13.0214 20.045
    endloop
  endfacet
  facet normal 1 0 0
    outer loop
      vertex -25 0 17.4909
      vertex -25 1.13422 17.9638
      vertex -25 0.80626 18.9299
    endloop
  endfacet
  facet normal 1 0 0
    outer loop
      vertex -25 0 17.4909
      vertex -25 0.80626 18.9299
      vertex -25 0.354998 19.845
    endloop
  endfacet
  facet normal 1 0 0
    outer loop
      vertex -25 1.13422 17.9638
      vertex -25 0 17.4909
      vertex -25 1.22828 17.4909
    endloop
  endfacet
  facet normal 1 0 0
    outer loop
      vertex -25 -0.211843 20.6933
      vertex -25 0 17.4909
      vertex -25 0.354998 19.845
    endloop
  endfacet
  facet normal 1 0 0
    outer loop
      vertex -25 -2.27456 19.1106
      vertex -25 -0.211843 20.6933
      vertex -25 -0.884566 21.4604
    endloop
  endfacet
  facet normal 1 0 0
    outer loop
      vertex -25 -0.211843 20.6933
      vertex -25 -1.24449 16.6237
      vertex -25 0 17.4909
    endloop
  endfacet
  facet normal 1 0 0
    outer loop
      vertex -25 -1.24449 15.2663
      vertex -25 0 17.4909
      vertex -25 -1.2 15.945
    endloop
  endfacet
  facet normal 1 0 0
    outer loop
      vertex -25 -1.37718 14.5991
      vertex -25 0 17.4909
      vertex -25 -1.24449 15.2663
    endloop
  endfacet
  facet normal 1 0 0
    outer loop
      vertex -25 0 17.4909
      vertex -25 -1.37718 14.5991
      vertex -25 0 7.855
    endloop
  endfacet
  facet normal 1 -0 0
    outer loop
      vertex -25 -1.59583 13.955
      vertex -25 0 7.855
      vertex -25 -1.37718 14.5991
    endloop
  endfacet
  facet normal 1 -0 0
    outer loop
      vertex -25 -1.64516 13.855
      vertex -25 0 7.855
      vertex -25 -1.59583 13.955
    endloop
  endfacet
  facet normal 1 0 0
    outer loop
      vertex -25 -3.5 11.6421
      vertex -25 -1.64516 13.855
      vertex -25 -3.5 13.855
    endloop
  endfacet
  facet normal 1 0 0
    outer loop
      vertex -25 -1.64516 13.855
      vertex -25 -3.5 11.6421
      vertex -25 0 7.855
    endloop
  endfacet
  facet normal 1 -0 0
    outer loop
      vertex -25 -3.5 8.70991
      vertex -25 0 7.855
      vertex -25 -3.5 11.6421
    endloop
  endfacet
  facet normal 1 0 0
    outer loop
      vertex -25 0 7.855
      vertex -25 -3.5 8.70991
      vertex -25 -3.5 7.855
    endloop
  endfacet
  facet normal 0 -0.065374 0.997861
    outer loop
      vertex -35 -6.4 23.745
      vertex -25 -7.4181 23.6783
      vertex -25 -6.4 23.745
    endloop
  endfacet
  facet normal 0 -0.065374 0.997861
    outer loop
      vertex -25 -7.4181 23.6783
      vertex -35 -6.4 23.745
      vertex -35 -7.4181 23.6783
    endloop
  endfacet
  facet normal 0 -0.195091 -0.980785
    outer loop
      vertex -35 -8.41879 8.41078
      vertex -25 -7.4181 8.21173
      vertex -25 -8.41879 8.41078
    endloop
  endfacet
  facet normal -0 -0.195091 -0.980785
    outer loop
      vertex -25 -7.4181 8.21173
      vertex -35 -8.41879 8.41078
      vertex -35 -7.4181 8.21173
    endloop
  endfacet
  facet normal 0 0.195091 -0.980785
    outer loop
      vertex -35 -5.3819 8.21173
      vertex -25 -4.38121 8.41078
      vertex -25 -5.3819 8.21173
    endloop
  endfacet
  facet normal 0 0.195091 -0.980785
    outer loop
      vertex -25 -4.38121 8.41078
      vertex -35 -5.3819 8.21173
      vertex -35 -4.38121 8.41078
    endloop
  endfacet
  facet normal 0 0.831458 0.555587
    outer loop
      vertex -25 0.354998 19.845
      vertex -35 -0.211843 20.6933
      vertex -25 -0.211843 20.6933
    endloop
  endfacet
  facet normal 0 0.831458 0.555587
    outer loop
      vertex -35 -0.211843 20.6933
      vertex -25 0.354998 19.845
      vertex -35 0.354998 19.845
    endloop
  endfacet
  facet normal 0 0.751843 0.659343
    outer loop
      vertex -25 -0.211843 20.6933
      vertex -35 -0.884566 21.4604
      vertex -25 -0.884566 21.4604
    endloop
  endfacet
  facet normal 0 0.751843 0.659343
    outer loop
      vertex -35 -0.884566 21.4604
      vertex -25 -0.211843 20.6933
      vertex -35 -0.211843 20.6933
    endloop
  endfacet
  facet normal 0 -0.442287 -0.896874
    outer loop
      vertex -35 -10.3 9.19
      vertex -25 -9.38493 8.73874
      vertex -25 -10.3 9.19
    endloop
  endfacet
  facet normal -0 -0.442287 -0.896874
    outer loop
      vertex -25 -9.38493 8.73874
      vertex -35 -10.3 9.19
      vertex -35 -9.38493 8.73874
    endloop
  endfacet
  facet normal -0 0.321386 0.946948
    outer loop
      vertex -35 -3.41507 23.1513
      vertex -25 -4.38121 23.4792
      vertex -25 -3.41507 23.1513
    endloop
  endfacet
  facet normal 0 0.321386 0.946948
    outer loop
      vertex -25 -4.38121 23.4792
      vertex -35 -3.41507 23.1513
      vertex -35 -4.38121 23.4792
    endloop
  endfacet
  facet normal 0 -0.831458 -0.555588
    outer loop
      vertex -35 -12.5882 11.1967
      vertex -25 -13.0214 11.845
      vertex -35 -13.0214 11.845
    endloop
  endfacet
  facet normal 0 -0.831458 -0.555588
    outer loop
      vertex -25 -13.0214 11.845
      vertex -35 -12.5882 11.1967
      vertex -25 -12.5882 11.1967
    endloop
  endfacet
  facet normal 0 -0.659385 0.751805
    outer loop
      vertex -35 -11.1483 22.1332
      vertex -25 -11.9154 21.4604
      vertex -25 -11.1483 22.1332
    endloop
  endfacet
  facet normal 0 -0.659385 0.751805
    outer loop
      vertex -25 -11.9154 21.4604
      vertex -35 -11.1483 22.1332
      vertex -35 -11.9154 21.4604
    endloop
  endfacet
  facet normal 0 -0.751805 -0.659385
    outer loop
      vertex -35 -11.9154 10.4296
      vertex -25 -12.5882 11.1967
      vertex -35 -12.5882 11.1967
    endloop
  endfacet
  facet normal 0 -0.751805 -0.659385
    outer loop
      vertex -25 -12.5882 11.1967
      vertex -35 -11.9154 10.4296
      vertex -25 -11.9154 10.4296
    endloop
  endfacet
  facet normal 0 -0.321439 -0.94693
    outer loop
      vertex -35 -9.38493 8.73874
      vertex -25 -8.41879 8.41078
      vertex -25 -9.38493 8.73874
    endloop
  endfacet
  facet normal -0 -0.321439 -0.94693
    outer loop
      vertex -25 -8.41879 8.41078
      vertex -35 -9.38493 8.73874
      vertex -35 -8.41879 8.41078
    endloop
  endfacet
  facet normal 0 -0.195138 0.980776
    outer loop
      vertex -35 -7.4181 23.6783
      vertex -25 -8.41879 23.4792
      vertex -25 -7.4181 23.6783
    endloop
  endfacet
  facet normal 0 -0.195138 0.980776
    outer loop
      vertex -25 -8.41879 23.4792
      vertex -35 -7.4181 23.6783
      vertex -35 -8.41879 23.4792
    endloop
  endfacet
  facet normal -0 0.065374 0.997861
    outer loop
      vertex -35 -5.3819 23.6783
      vertex -25 -6.4 23.745
      vertex -25 -5.3819 23.6783
    endloop
  endfacet
  facet normal 0 0.065374 0.997861
    outer loop
      vertex -25 -6.4 23.745
      vertex -35 -5.3819 23.6783
      vertex -35 -6.4 23.745
    endloop
  endfacet
  facet normal 0 0.99786 0.0653825
    outer loop
      vertex -34.1607 1.34969 16.7125
      vertex -35 1.33327 16.9631
      vertex -32.901 1.33327 16.9631
    endloop
  endfacet
  facet normal 3.05809e-06 0.99786 0.0653927
    outer loop
      vertex -35 1.33327 16.9631
      vertex -34.1607 1.34969 16.7125
      vertex -35 1.3562 16.6132
    endloop
  endfacet
  facet normal -1 0 0
    outer loop
      vertex -35 -3.5 8.70991
      vertex -35 -3.8 11.4417
      vertex -35 -3.5 11.6421
    endloop
  endfacet
  facet normal -1 0 0
    outer loop
      vertex -35 -5.05414 10.9222
      vertex -35 -3.5 8.70991
      vertex -35 -4.38121 8.41078
    endloop
  endfacet
  facet normal -1 0 0
    outer loop
      vertex -35 -3.5 8.70991
      vertex -35 -4.41005 11.1408
      vertex -35 -3.8 11.4417
    endloop
  endfacet
  facet normal -1 0 0
    outer loop
      vertex -35 -3.5 8.70991
      vertex -35 -5.05414 10.9222
      vertex -35 -4.41005 11.1408
    endloop
  endfacet
  facet normal -1 0 0
    outer loop
      vertex -35 -5.3819 8.21173
      vertex -35 -5.05414 10.9222
      vertex -35 -4.38121 8.41078
    endloop
  endfacet
  facet normal -1 0 0
    outer loop
      vertex -35 -5.3819 8.21173
      vertex -35 -5.72126 10.7895
      vertex -35 -5.05414 10.9222
    endloop
  endfacet
  facet normal -1 0 0
    outer loop
      vertex -35 -6.4 8.145
      vertex -35 -5.72126 10.7895
      vertex -35 -5.3819 8.21173
    endloop
  endfacet
  facet normal -1 0 0
    outer loop
      vertex -35 -6.4 8.145
      vertex -35 -6.4 10.745
      vertex -35 -5.72126 10.7895
    endloop
  endfacet
  facet normal -1 0 0
    outer loop
      vertex -35 -6.4 8.145
      vertex -35 -7.07874 10.7895
      vertex -35 -6.4 10.745
    endloop
  endfacet
  facet normal -1 0 0
    outer loop
      vertex -35 -7.4181 8.21173
      vertex -35 -7.07874 10.7895
      vertex -35 -6.4 8.145
    endloop
  endfacet
  facet normal -1 0 0
    outer loop
      vertex -35 -7.4181 8.21173
      vertex -35 -7.74586 10.9222
      vertex -35 -7.07874 10.7895
    endloop
  endfacet
  facet normal -1 0 0
    outer loop
      vertex -35 -8.41879 8.41078
      vertex -35 -7.74586 10.9222
      vertex -35 -7.4181 8.21173
    endloop
  endfacet
  facet normal -1 -0 0
    outer loop
      vertex -35 -7.74586 10.9222
      vertex -35 -8.41879 8.41078
      vertex -35 -8.38995 11.1408
    endloop
  endfacet
  facet normal -1 0 0
    outer loop
      vertex -35 -9.38493 8.73874
      vertex -35 -8.38995 11.1408
      vertex -35 -8.41879 8.41078
    endloop
  endfacet
  facet normal -1 -0 0
    outer loop
      vertex -35 -8.38995 11.1408
      vertex -35 -9.38493 8.73874
      vertex -35 -9 11.4417
    endloop
  endfacet
  facet normal -1 0 0
    outer loop
      vertex -35 -10.3 9.19
      vertex -35 -9 11.4417
      vertex -35 -9.38493 8.73874
    endloop
  endfacet
  facet normal -1 -0 0
    outer loop
      vertex -35 -9 11.4417
      vertex -35 -10.3 9.19
      vertex -35 -9.56556 11.8196
    endloop
  endfacet
  facet normal -1 0 0
    outer loop
      vertex -35 -11.1483 9.75684
      vertex -35 -9.56556 11.8196
      vertex -35 -10.3 9.19
    endloop
  endfacet
  facet normal -1 -0 0
    outer loop
      vertex -35 -9.56556 11.8196
      vertex -35 -11.1483 9.75684
      vertex -35 -9.59457 11.845
    endloop
  endfacet
  facet normal -1 0 0
    outer loop
      vertex -35 -11.9154 10.4296
      vertex -35 -9.59457 11.845
      vertex -35 -11.1483 9.75684
    endloop
  endfacet
  facet normal -1 0 0
    outer loop
      vertex -35 -12.5882 11.1967
      vertex -35 -9.59457 11.845
      vertex -35 -11.9154 10.4296
    endloop
  endfacet
  facet normal -1 -0 0
    outer loop
      vertex -35 -9.59457 11.845
      vertex -35 -12.5882 11.1967
      vertex -35 -13.0214 11.845
    endloop
  endfacet
  facet normal -1 0 0
    outer loop
      vertex -35 -1.59583 13.955
      vertex -35 0 16.6132
      vertex -35 0 7.855
    endloop
  endfacet
  facet normal -1 0 0
    outer loop
      vertex -35 -1.24449 16.6237
      vertex -35 0 16.6132
      vertex -35 -1.2 15.945
    endloop
  endfacet
  facet normal -1 0 0
    outer loop
      vertex -35 -1.37718 17.2909
      vertex -35 0 16.6132
      vertex -35 -1.24449 16.6237
    endloop
  endfacet
  facet normal -1 0 0
    outer loop
      vertex -35 0 16.6132
      vertex -35 -1.24449 15.2663
      vertex -35 -1.2 15.945
    endloop
  endfacet
  facet normal -1 0 0
    outer loop
      vertex -35 0 16.6132
      vertex -35 -1.37718 14.5991
      vertex -35 -1.24449 15.2663
    endloop
  endfacet
  facet normal -1 0 0
    outer loop
      vertex -35 0 16.6132
      vertex -35 -1.59583 13.955
      vertex -35 -1.37718 14.5991
    endloop
  endfacet
  facet normal -1 0 0
    outer loop
      vertex -35 0 7.855
      vertex -35 -1.64516 13.855
      vertex -35 -1.59583 13.955
    endloop
  endfacet
  facet normal -1 0 0
    outer loop
      vertex -35 -3.5 8.70991
      vertex -35 0 7.855
      vertex -35 -3.5 7.855
    endloop
  endfacet
  facet normal -1 0 0
    outer loop
      vertex -35 -3.5 11.6421
      vertex -35 0 7.855
      vertex -35 -3.5 8.70991
    endloop
  endfacet
  facet normal -1 0 0
    outer loop
      vertex -35 0 7.855
      vertex -35 -3.5 11.6421
      vertex -35 -1.64516 13.855
    endloop
  endfacet
  facet normal -1 -0 0
    outer loop
      vertex -35 -1.64516 13.855
      vertex -35 -3.5 11.6421
      vertex -35 -3.5 13.855
    endloop
  endfacet
  facet normal -1 0 0
    outer loop
      vertex -35 0 16.6132
      vertex -35 1.33327 16.9631
      vertex -35 1.3562 16.6132
    endloop
  endfacet
  facet normal -1 -0 0
    outer loop
      vertex -35 1.33327 16.9631
      vertex -35 0 16.6132
      vertex -35 1.13422 17.9638
    endloop
  endfacet
  facet normal -1 -0 0
    outer loop
      vertex -35 1.13422 17.9638
      vertex -35 0 16.6132
      vertex -35 0.80626 18.9299
    endloop
  endfacet
  facet normal -1 -0 0
    outer loop
      vertex -35 0.80626 18.9299
      vertex -35 0 16.6132
      vertex -35 0.354998 19.845
    endloop
  endfacet
  facet normal -1 -0 0
    outer loop
      vertex -35 0.354998 19.845
      vertex -35 0 16.6132
      vertex -35 -0.211843 20.6933
    endloop
  endfacet
  facet normal -1 0 0
    outer loop
      vertex -35 -1.59583 17.935
      vertex -35 0 16.6132
      vertex -35 -1.37718 17.2909
    endloop
  endfacet
  facet normal -1 0 0
    outer loop
      vertex -35 0 16.6132
      vertex -35 -1.59583 17.935
      vertex -35 -0.211843 20.6933
    endloop
  endfacet
  facet normal -1 0 0
    outer loop
      vertex -35 -1.89667 18.545
      vertex -35 -0.211843 20.6933
      vertex -35 -1.59583 17.935
    endloop
  endfacet
  facet normal -1 0 0
    outer loop
      vertex -35 -2.27456 19.1106
      vertex -35 -0.211843 20.6933
      vertex -35 -1.89667 18.545
    endloop
  endfacet
  facet normal -1 -0 0
    outer loop
      vertex -35 -0.211843 20.6933
      vertex -35 -2.27456 19.1106
      vertex -35 -0.884566 21.4604
    endloop
  endfacet
  facet normal -1 0 0
    outer loop
      vertex -35 -2.72304 19.622
      vertex -35 -0.884566 21.4604
      vertex -35 -2.27456 19.1106
    endloop
  endfacet
  facet normal -1 -0 0
    outer loop
      vertex -35 -0.884566 21.4604
      vertex -35 -2.72304 19.622
      vertex -35 -1.65166 22.1332
    endloop
  endfacet
  facet normal -1 0 0
    outer loop
      vertex -35 -3.23444 20.0704
      vertex -35 -1.65166 22.1332
      vertex -35 -2.72304 19.622
    endloop
  endfacet
  facet normal -1 -0 0
    outer loop
      vertex -35 -1.65166 22.1332
      vertex -35 -3.23444 20.0704
      vertex -35 -2.5 22.7
    endloop
  endfacet
  facet normal -1 0 0
    outer loop
      vertex -35 -3.8 20.4483
      vertex -35 -2.5 22.7
      vertex -35 -3.23444 20.0704
    endloop
  endfacet
  facet normal -1 -0 0
    outer loop
      vertex -35 -2.5 22.7
      vertex -35 -3.8 20.4483
      vertex -35 -3.41507 23.1513
    endloop
  endfacet
  facet normal -1 0 0
    outer loop
      vertex -35 -4.41005 20.7492
      vertex -35 -3.41507 23.1513
      vertex -35 -3.8 20.4483
    endloop
  endfacet
  facet normal -1 -0 0
    outer loop
      vertex -35 -3.41507 23.1513
      vertex -35 -4.41005 20.7492
      vertex -35 -4.38121 23.4792
    endloop
  endfacet
  facet normal -1 0 0
    outer loop
      vertex -35 -5.05414 20.9678
      vertex -35 -4.38121 23.4792
      vertex -35 -4.41005 20.7492
    endloop
  endfacet
  facet normal -1 0 0
    outer loop
      vertex -35 -5.05414 20.9678
      vertex -35 -5.3819 23.6783
      vertex -35 -4.38121 23.4792
    endloop
  endfacet
  facet normal -1 0 0
    outer loop
      vertex -35 -5.72126 21.1005
      vertex -35 -5.3819 23.6783
      vertex -35 -5.05414 20.9678
    endloop
  endfacet
  facet normal -1 0 0
    outer loop
      vertex -35 -6.4 21.145
      vertex -35 -5.3819 23.6783
      vertex -35 -5.72126 21.1005
    endloop
  endfacet
  facet normal -1 0 0
    outer loop
      vertex -35 -6.4 21.145
      vertex -35 -6.4 23.745
      vertex -35 -5.3819 23.6783
    endloop
  endfacet
  facet normal -1 0 0
    outer loop
      vertex -35 -7.07874 21.1005
      vertex -35 -6.4 23.745
      vertex -35 -6.4 21.145
    endloop
  endfacet
  facet normal -1 0 0
    outer loop
      vertex -35 -7.07874 21.1005
      vertex -35 -7.4181 23.6783
      vertex -35 -6.4 23.745
    endloop
  endfacet
  facet normal -1 0 0
    outer loop
      vertex -35 -7.74586 20.9678
      vertex -35 -7.4181 23.6783
      vertex -35 -7.07874 21.1005
    endloop
  endfacet
  facet normal -1 0 0
    outer loop
      vertex -35 -8.41879 23.4792
      vertex -35 -7.74586 20.9678
      vertex -35 -8.38995 20.7492
    endloop
  endfacet
  facet normal -1 0 0
    outer loop
      vertex -35 -7.74586 20.9678
      vertex -35 -8.41879 23.4792
      vertex -35 -7.4181 23.6783
    endloop
  endfacet
  facet normal -1 0 0
    outer loop
      vertex -35 -9.38493 23.1513
      vertex -35 -8.38995 20.7492
      vertex -35 -9 20.4483
    endloop
  endfacet
  facet normal -1 0 0
    outer loop
      vertex -35 -8.38995 20.7492
      vertex -35 -9.38493 23.1513
      vertex -35 -8.41879 23.4792
    endloop
  endfacet
  facet normal -1 0 0
    outer loop
      vertex -35 -10.3 22.7
      vertex -35 -9 20.4483
      vertex -35 -9.56556 20.0704
    endloop
  endfacet
  facet normal -1 0 0
    outer loop
      vertex -35 -11.1483 22.1332
      vertex -35 -9.56556 20.0704
      vertex -35 -9.59457 20.045
    endloop
  endfacet
  facet normal -1 0 0
    outer loop
      vertex -35 -9 20.4483
      vertex -35 -10.3 22.7
      vertex -35 -9.38493 23.1513
    endloop
  endfacet
  facet normal -1 0 0
    outer loop
      vertex -35 -9.56556 20.0704
      vertex -35 -11.1483 22.1332
      vertex -35 -10.3 22.7
    endloop
  endfacet
  facet normal -1 0 0
    outer loop
      vertex -35 -9.59457 20.045
      vertex -35 -11.9154 21.4604
      vertex -35 -11.1483 22.1332
    endloop
  endfacet
  facet normal -1 0 0
    outer loop
      vertex -35 -9.59457 20.045
      vertex -35 -12.5882 20.6933
      vertex -35 -11.9154 21.4604
    endloop
  endfacet
  facet normal -1 0 -0
    outer loop
      vertex -35 -12.5882 20.6933
      vertex -35 -9.59457 20.045
      vertex -35 -13.0214 20.045
    endloop
  endfacet
  facet normal 0 -0.555559 0.831477
    outer loop
      vertex -35 -10.3 22.7
      vertex -25 -11.1483 22.1332
      vertex -25 -10.3 22.7
    endloop
  endfacet
  facet normal 0 -0.555559 0.831477
    outer loop
      vertex -25 -11.1483 22.1332
      vertex -35 -10.3 22.7
      vertex -35 -11.1483 22.1332
    endloop
  endfacet
  facet normal -0 0.659388 0.751803
    outer loop
      vertex -35 -0.884566 21.4604
      vertex -25 -1.65166 22.1332
      vertex -25 -0.884566 21.4604
    endloop
  endfacet
  facet normal 0 0.659388 0.751803
    outer loop
      vertex -25 -1.65166 22.1332
      vertex -35 -0.884566 21.4604
      vertex -35 -1.65166 22.1332
    endloop
  endfacet
  facet normal 0 0.896879 0.442277
    outer loop
      vertex -25 0.80626 18.9299
      vertex -35 0.354998 19.845
      vertex -25 0.354998 19.845
    endloop
  endfacet
  facet normal 0 0.896879 0.442277
    outer loop
      vertex -35 0.354998 19.845
      vertex -25 0.80626 18.9299
      vertex -35 0.80626 18.9299
    endloop
  endfacet
  facet normal 0 -0.442318 0.896858
    outer loop
      vertex -35 -9.38493 23.1513
      vertex -25 -10.3 22.7
      vertex -25 -9.38493 23.1513
    endloop
  endfacet
  facet normal 0 -0.442318 0.896858
    outer loop
      vertex -25 -10.3 22.7
      vertex -35 -9.38493 23.1513
      vertex -35 -10.3 22.7
    endloop
  endfacet
  facet normal -0 0.442318 0.896858
    outer loop
      vertex -35 -2.5 22.7
      vertex -25 -3.41507 23.1513
      vertex -25 -2.5 22.7
    endloop
  endfacet
  facet normal 0 0.442318 0.896858
    outer loop
      vertex -25 -3.41507 23.1513
      vertex -35 -2.5 22.7
      vertex -35 -3.41507 23.1513
    endloop
  endfacet
  facet normal -0 0.555541 0.831489
    outer loop
      vertex -35 -1.65166 22.1332
      vertex -25 -2.5 22.7
      vertex -25 -1.65166 22.1332
    endloop
  endfacet
  facet normal 0 0.555541 0.831489
    outer loop
      vertex -25 -2.5 22.7
      vertex -35 -1.65166 22.1332
      vertex -35 -2.5 22.7
    endloop
  endfacet
  facet normal 0 -0.831458 0.555588
    outer loop
      vertex -35 -13.0214 20.045
      vertex -25 -12.5882 20.6933
      vertex -35 -12.5882 20.6933
    endloop
  endfacet
  facet normal 0 -0.831458 0.555588
    outer loop
      vertex -25 -12.5882 20.6933
      vertex -35 -13.0214 20.045
      vertex -25 -13.0214 20.045
    endloop
  endfacet
  facet normal 0 -0.831491 -0.555538
    outer loop
      vertex -35 -1.89667 18.545
      vertex -25 -2.27456 19.1106
      vertex -35 -2.27456 19.1106
    endloop
  endfacet
  facet normal 0 -0.831491 -0.555538
    outer loop
      vertex -25 -2.27456 19.1106
      vertex -35 -1.89667 18.545
      vertex -25 -1.89667 18.545
    endloop
  endfacet
  facet normal 0 -0.442356 -0.89684
    outer loop
      vertex -35 -4.41005 20.7492
      vertex -25 -3.8 20.4483
      vertex -25 -4.41005 20.7492
    endloop
  endfacet
  facet normal -0 -0.442356 -0.89684
    outer loop
      vertex -25 -3.8 20.4483
      vertex -35 -4.41005 20.7492
      vertex -35 -3.8 20.4483
    endloop
  endfacet
  facet normal 0 -0.0654222 0.997858
    outer loop
      vertex -35 -5.72126 10.7895
      vertex -25 -6.4 10.745
      vertex -25 -5.72126 10.7895
    endloop
  endfacet
  facet normal 0 -0.0654222 0.997858
    outer loop
      vertex -25 -6.4 10.745
      vertex -35 -5.72126 10.7895
      vertex -35 -6.4 10.745
    endloop
  endfacet
  facet normal -0 0.195093 0.980785
    outer loop
      vertex -35 -7.07874 10.7895
      vertex -25 -7.74586 10.9222
      vertex -25 -7.07874 10.7895
    endloop
  endfacet
  facet normal 0 0.195093 0.980785
    outer loop
      vertex -25 -7.74586 10.9222
      vertex -35 -7.07874 10.7895
      vertex -35 -7.74586 10.9222
    endloop
  endfacet
  facet normal 0 -0.751844 -0.659341
    outer loop
      vertex -35 -2.27456 19.1106
      vertex -25 -2.72304 19.622
      vertex -35 -2.72304 19.622
    endloop
  endfacet
  facet normal 0 -0.751844 -0.659341
    outer loop
      vertex -25 -2.72304 19.622
      vertex -35 -2.27456 19.1106
      vertex -25 -2.27456 19.1106
    endloop
  endfacet
  facet normal 0 -0.195093 -0.980785
    outer loop
      vertex -35 -5.72126 21.1005
      vertex -25 -5.05414 20.9678
      vertex -25 -5.72126 21.1005
    endloop
  endfacet
  facet normal -0 -0.195093 -0.980785
    outer loop
      vertex -25 -5.05414 20.9678
      vertex -35 -5.72126 21.1005
      vertex -35 -5.05414 20.9678
    endloop
  endfacet
  facet normal -0 0.555575 0.831466
    outer loop
      vertex -35 -9 11.4417
      vertex -25 -9.56556 11.8196
      vertex -25 -9 11.4417
    endloop
  endfacet
  facet normal 0 0.555575 0.831466
    outer loop
      vertex -25 -9.56556 11.8196
      vertex -35 -9 11.4417
      vertex -35 -9.56556 11.8196
    endloop
  endfacet
  facet normal 0 -0.896818 0.4424
    outer loop
      vertex -35 -1.64516 13.855
      vertex -25 -1.59583 13.955
      vertex -35 -1.59583 13.955
    endloop
  endfacet
  facet normal 0 -0.896818 0.4424
    outer loop
      vertex -25 -1.59583 13.955
      vertex -35 -1.64516 13.855
      vertex -25 -1.64516 13.855
    endloop
  endfacet
  facet normal 0 -0.946927 -0.321449
    outer loop
      vertex -35 -1.37718 17.2909
      vertex -25 -1.59583 17.935
      vertex -35 -1.59583 17.935
    endloop
  endfacet
  facet normal 0 -0.946927 -0.321449
    outer loop
      vertex -25 -1.59583 17.935
      vertex -35 -1.37718 17.2909
      vertex -25 -1.37718 17.2909
    endloop
  endfacet
  facet normal -0 0.321388 0.946948
    outer loop
      vertex -35 -7.74586 10.9222
      vertex -25 -8.38995 11.1408
      vertex -25 -7.74586 10.9222
    endloop
  endfacet
  facet normal 0 0.321388 0.946948
    outer loop
      vertex -25 -8.38995 11.1408
      vertex -35 -7.74586 10.9222
      vertex -35 -8.38995 11.1408
    endloop
  endfacet
  facet normal 0 -0.946927 0.321449
    outer loop
      vertex -35 -1.59583 13.955
      vertex -25 -1.37718 14.5991
      vertex -35 -1.37718 14.5991
    endloop
  endfacet
  facet normal 0 -0.946927 0.321449
    outer loop
      vertex -25 -1.37718 14.5991
      vertex -35 -1.59583 13.955
      vertex -25 -1.59583 13.955
    endloop
  endfacet
  facet normal 0 -0.195093 0.980785
    outer loop
      vertex -35 -5.05414 10.9222
      vertex -25 -5.72126 10.7895
      vertex -25 -5.05414 10.9222
    endloop
  endfacet
  facet normal 0 -0.195093 0.980785
    outer loop
      vertex -25 -5.72126 10.7895
      vertex -35 -5.05414 10.9222
      vertex -35 -5.72126 10.7895
    endloop
  endfacet
  facet normal 0 -0.555468 0.831538
    outer loop
      vertex -35 -3.5 11.6421
      vertex -25 -3.8 11.4417
      vertex -25 -3.5 11.6421
    endloop
  endfacet
  facet normal 0 -0.555468 0.831538
    outer loop
      vertex -25 -3.8 11.4417
      vertex -35 -3.5 11.6421
      vertex -35 -3.8 11.4417
    endloop
  endfacet
  facet normal 0 -0.980792 0.195056
    outer loop
      vertex -35 -1.37718 14.5991
      vertex -25 -1.24449 15.2663
      vertex -35 -1.24449 15.2663
    endloop
  endfacet
  facet normal 0 -0.980792 0.195056
    outer loop
      vertex -25 -1.24449 15.2663
      vertex -35 -1.37718 14.5991
      vertex -25 -1.37718 14.5991
    endloop
  endfacet
  facet normal -0 0.0654222 0.997858
    outer loop
      vertex -35 -6.4 10.745
      vertex -25 -7.07874 10.7895
      vertex -25 -6.4 10.745
    endloop
  endfacet
  facet normal 0 0.0654222 0.997858
    outer loop
      vertex -25 -7.07874 10.7895
      vertex -35 -6.4 10.745
      vertex -35 -7.07874 10.7895
    endloop
  endfacet
  facet normal 0 -0.997858 -0.0654114
    outer loop
      vertex -35 -1.2 15.945
      vertex -25 -1.24449 16.6237
      vertex -35 -1.24449 16.6237
    endloop
  endfacet
  facet normal 0 -0.997858 -0.0654114
    outer loop
      vertex -25 -1.24449 16.6237
      vertex -35 -1.2 15.945
      vertex -25 -1.2 15.945
    endloop
  endfacet
  facet normal 0 -0.659275 -0.751902
    outer loop
      vertex -35 -3.23444 20.0704
      vertex -25 -2.72304 19.622
      vertex -25 -3.23444 20.0704
    endloop
  endfacet
  facet normal -0 -0.659275 -0.751902
    outer loop
      vertex -25 -2.72304 19.622
      vertex -35 -3.23444 20.0704
      vertex -35 -2.72304 19.622
    endloop
  endfacet
  facet normal 0 -0.442356 0.89684
    outer loop
      vertex -35 -3.8 11.4417
      vertex -25 -4.41005 11.1408
      vertex -25 -3.8 11.4417
    endloop
  endfacet
  facet normal 0 -0.442356 0.89684
    outer loop
      vertex -25 -4.41005 11.1408
      vertex -35 -3.8 11.4417
      vertex -35 -4.41005 11.1408
    endloop
  endfacet
  facet normal 0 -0.980792 -0.195056
    outer loop
      vertex -35 -1.24449 16.6237
      vertex -25 -1.37718 17.2909
      vertex -35 -1.37718 17.2909
    endloop
  endfacet
  facet normal 0 -0.980792 -0.195056
    outer loop
      vertex -25 -1.37718 17.2909
      vertex -35 -1.24449 16.6237
      vertex -25 -1.24449 16.6237
    endloop
  endfacet
  facet normal 0 0.442356 -0.89684
    outer loop
      vertex -35 -9 20.4483
      vertex -25 -8.38995 20.7492
      vertex -25 -9 20.4483
    endloop
  endfacet
  facet normal 0 0.442356 -0.89684
    outer loop
      vertex -25 -8.38995 20.7492
      vertex -35 -9 20.4483
      vertex -35 -8.38995 20.7492
    endloop
  endfacet
  facet normal -0 0.442356 0.89684
    outer loop
      vertex -35 -8.38995 11.1408
      vertex -25 -9 11.4417
      vertex -25 -8.38995 11.1408
    endloop
  endfacet
  facet normal 0 0.442356 0.89684
    outer loop
      vertex -25 -9 11.4417
      vertex -35 -8.38995 11.1408
      vertex -35 -9 11.4417
    endloop
  endfacet
  facet normal 0 0.0654222 -0.997858
    outer loop
      vertex -35 -7.07874 21.1005
      vertex -25 -6.4 21.145
      vertex -25 -7.07874 21.1005
    endloop
  endfacet
  facet normal 0 0.0654222 -0.997858
    outer loop
      vertex -25 -6.4 21.145
      vertex -35 -7.07874 21.1005
      vertex -35 -6.4 21.145
    endloop
  endfacet
  facet normal 0 0.195093 -0.980785
    outer loop
      vertex -35 -7.74586 20.9678
      vertex -25 -7.07874 21.1005
      vertex -25 -7.74586 20.9678
    endloop
  endfacet
  facet normal 0 0.195093 -0.980785
    outer loop
      vertex -25 -7.07874 21.1005
      vertex -35 -7.74586 20.9678
      vertex -35 -7.07874 21.1005
    endloop
  endfacet
  facet normal 0 -0.0654222 -0.997858
    outer loop
      vertex -35 -6.4 21.145
      vertex -25 -5.72126 21.1005
      vertex -25 -6.4 21.145
    endloop
  endfacet
  facet normal -0 -0.0654222 -0.997858
    outer loop
      vertex -25 -5.72126 21.1005
      vertex -35 -6.4 21.145
      vertex -35 -5.72126 21.1005
    endloop
  endfacet
  facet normal 0 -0.321388 0.946948
    outer loop
      vertex -35 -4.41005 11.1408
      vertex -25 -5.05414 10.9222
      vertex -25 -4.41005 11.1408
    endloop
  endfacet
  facet normal 0 -0.321388 0.946948
    outer loop
      vertex -25 -5.05414 10.9222
      vertex -35 -4.41005 11.1408
      vertex -35 -5.05414 10.9222
    endloop
  endfacet
  facet normal 0 0.555575 -0.831466
    outer loop
      vertex -35 -9.56556 20.0704
      vertex -25 -9 20.4483
      vertex -25 -9.56556 20.0704
    endloop
  endfacet
  facet normal 0 0.555575 -0.831466
    outer loop
      vertex -25 -9 20.4483
      vertex -35 -9.56556 20.0704
      vertex -35 -9 20.4483
    endloop
  endfacet
  facet normal 0 -0.997858 0.0654114
    outer loop
      vertex -35 -1.24449 15.2663
      vertex -25 -1.2 15.945
      vertex -35 -1.2 15.945
    endloop
  endfacet
  facet normal 0 -0.997858 0.0654114
    outer loop
      vertex -25 -1.2 15.945
      vertex -35 -1.24449 15.2663
      vertex -25 -1.24449 15.2663
    endloop
  endfacet
  facet normal 0 0.321388 -0.946948
    outer loop
      vertex -35 -8.38995 20.7492
      vertex -25 -7.74586 20.9678
      vertex -25 -8.38995 20.7492
    endloop
  endfacet
  facet normal 0 0.321388 -0.946948
    outer loop
      vertex -25 -7.74586 20.9678
      vertex -35 -8.38995 20.7492
      vertex -35 -7.74586 20.9678
    endloop
  endfacet
  facet normal 0 -0.89686 -0.442314
    outer loop
      vertex -35 -1.59583 17.935
      vertex -25 -1.89667 18.545
      vertex -35 -1.89667 18.545
    endloop
  endfacet
  facet normal 0 -0.89686 -0.442314
    outer loop
      vertex -25 -1.89667 18.545
      vertex -35 -1.59583 17.935
      vertex -25 -1.59583 17.935
    endloop
  endfacet
  facet normal 0 0.658743 -0.752368
    outer loop
      vertex -35 -9.59457 20.045
      vertex -25 -9.56556 20.0704
      vertex -25 -9.59457 20.045
    endloop
  endfacet
  facet normal 0 0.658743 -0.752368
    outer loop
      vertex -25 -9.56556 20.0704
      vertex -35 -9.59457 20.045
      vertex -35 -9.56556 20.0704
    endloop
  endfacet
  facet normal 0 -0.321388 -0.946948
    outer loop
      vertex -35 -5.05414 20.9678
      vertex -25 -4.41005 20.7492
      vertex -25 -5.05414 20.9678
    endloop
  endfacet
  facet normal -0 -0.321388 -0.946948
    outer loop
      vertex -25 -4.41005 20.7492
      vertex -35 -5.05414 20.9678
      vertex -35 -4.41005 20.7492
    endloop
  endfacet
  facet normal 0 -0.555575 -0.831466
    outer loop
      vertex -35 -3.8 20.4483
      vertex -25 -3.23444 20.0704
      vertex -25 -3.8 20.4483
    endloop
  endfacet
  facet normal -0 -0.555575 -0.831466
    outer loop
      vertex -25 -3.23444 20.0704
      vertex -35 -3.8 20.4483
      vertex -35 -3.23444 20.0704
    endloop
  endfacet
  facet normal -0 0.658743 0.752368
    outer loop
      vertex -35 -9.56556 11.8196
      vertex -25 -9.59457 11.845
      vertex -25 -9.56556 11.8196
    endloop
  endfacet
  facet normal 0 0.658743 0.752368
    outer loop
      vertex -25 -9.59457 11.845
      vertex -35 -9.56556 11.8196
      vertex -35 -9.59457 11.845
    endloop
  endfacet
  facet normal 0 0 -1
    outer loop
      vertex -35 -13.0214 20.045
      vertex -25 -9.59457 20.045
      vertex -25 -13.0214 20.045
    endloop
  endfacet
  facet normal -0 0 -1
    outer loop
      vertex -25 -9.59457 20.045
      vertex -35 -13.0214 20.045
      vertex -35 -9.59457 20.045
    endloop
  endfacet
  facet normal -0 0 1
    outer loop
      vertex -35 -9.59457 11.845
      vertex -25 -13.0214 11.845
      vertex -25 -9.59457 11.845
    endloop
  endfacet
  facet normal 0 0 1
    outer loop
      vertex -25 -13.0214 11.845
      vertex -35 -9.59457 11.845
      vertex -35 -13.0214 11.845
    endloop
  endfacet
  facet normal 0 0.321439 -0.94693
    outer loop
      vertex -15 -4.38121 8.41078
      vertex -5 -3.5 8.70991
      vertex -5 -4.38121 8.41078
    endloop
  endfacet
  facet normal 0 0.321439 -0.94693
    outer loop
      vertex -5 -3.5 8.70991
      vertex -15 -4.38121 8.41078
      vertex -15 -3.5 8.70991
    endloop
  endfacet
  facet normal 0 0.980788 0.195079
    outer loop
      vertex -5 1.22828 17.4909
      vertex -15 1.13422 17.9638
      vertex -5 1.13422 17.9638
    endloop
  endfacet
  facet normal 0 0.980788 0.195079
    outer loop
      vertex -15 1.13422 17.9638
      vertex -5 1.22828 17.4909
      vertex -15 1.22828 17.4909
    endloop
  endfacet
  facet normal 0 -0.751805 0.659385
    outer loop
      vertex -15 -12.5882 20.6933
      vertex -5 -11.9154 21.4604
      vertex -15 -11.9154 21.4604
    endloop
  endfacet
  facet normal 0 -0.751805 0.659385
    outer loop
      vertex -5 -11.9154 21.4604
      vertex -15 -12.5882 20.6933
      vertex -5 -12.5882 20.6933
    endloop
  endfacet
  facet normal 0 -0.321386 0.946948
    outer loop
      vertex -15 -8.41879 23.4792
      vertex -5 -9.38493 23.1513
      vertex -5 -8.41879 23.4792
    endloop
  endfacet
  facet normal 0 -0.321386 0.946948
    outer loop
      vertex -5 -9.38493 23.1513
      vertex -15 -8.41879 23.4792
      vertex -15 -9.38493 23.1513
    endloop
  endfacet
  facet normal 0 -0.659363 -0.751825
    outer loop
      vertex -15 -11.9154 10.4296
      vertex -5 -11.1483 9.75684
      vertex -5 -11.9154 10.4296
    endloop
  endfacet
  facet normal -0 -0.659363 -0.751825
    outer loop
      vertex -5 -11.1483 9.75684
      vertex -15 -11.9154 10.4296
      vertex -15 -11.1483 9.75684
    endloop
  endfacet
  facet normal 0 -0.0654033 -0.997859
    outer loop
      vertex -15 -7.4181 8.21173
      vertex -5 -6.4 8.145
      vertex -5 -7.4181 8.21173
    endloop
  endfacet
  facet normal -0 -0.0654033 -0.997859
    outer loop
      vertex -5 -6.4 8.145
      vertex -15 -7.4181 8.21173
      vertex -15 -6.4 8.145
    endloop
  endfacet
  facet normal 0 0.0654033 -0.997859
    outer loop
      vertex -15 -6.4 8.145
      vertex -5 -5.3819 8.21173
      vertex -5 -6.4 8.145
    endloop
  endfacet
  facet normal 0 0.0654033 -0.997859
    outer loop
      vertex -5 -5.3819 8.21173
      vertex -15 -6.4 8.145
      vertex -15 -5.3819 8.21173
    endloop
  endfacet
  facet normal 0 -0.751805 -0.659385
    outer loop
      vertex -15 -11.9154 10.4296
      vertex -5 -12.5882 11.1967
      vertex -15 -12.5882 11.1967
    endloop
  endfacet
  facet normal 0 -0.751805 -0.659385
    outer loop
      vertex -5 -12.5882 11.1967
      vertex -15 -11.9154 10.4296
      vertex -5 -11.9154 10.4296
    endloop
  endfacet
  facet normal 0 0.946926 0.321451
    outer loop
      vertex -5 1.13422 17.9638
      vertex -15 0.80626 18.9299
      vertex -5 0.80626 18.9299
    endloop
  endfacet
  facet normal 0 0.946926 0.321451
    outer loop
      vertex -15 0.80626 18.9299
      vertex -5 1.13422 17.9638
      vertex -15 1.13422 17.9638
    endloop
  endfacet
  facet normal -0 0.195138 0.980776
    outer loop
      vertex -15 -4.38121 23.4792
      vertex -5 -5.3819 23.6783
      vertex -5 -4.38121 23.4792
    endloop
  endfacet
  facet normal 0 0.195138 0.980776
    outer loop
      vertex -5 -5.3819 23.6783
      vertex -15 -4.38121 23.4792
      vertex -15 -5.3819 23.6783
    endloop
  endfacet
  facet normal 0 -0.555587 -0.831459
    outer loop
      vertex -15 -11.1483 9.75684
      vertex -5 -10.3 9.19
      vertex -5 -11.1483 9.75684
    endloop
  endfacet
  facet normal -0 -0.555587 -0.831459
    outer loop
      vertex -5 -10.3 9.19
      vertex -15 -11.1483 9.75684
      vertex -15 -10.3 9.19
    endloop
  endfacet
  facet normal 1 -0 0
    outer loop
      vertex -5 -3.8 11.4417
      vertex -5 -3.5 8.70991
      vertex -5 -3.5 11.6421
    endloop
  endfacet
  facet normal 1 -0 0
    outer loop
      vertex -5 -4.41005 11.1408
      vertex -5 -3.5 8.70991
      vertex -5 -3.8 11.4417
    endloop
  endfacet
  facet normal 1 -0 0
    outer loop
      vertex -5 -5.05414 10.9222
      vertex -5 -3.5 8.70991
      vertex -5 -4.41005 11.1408
    endloop
  endfacet
  facet normal 1 0 0
    outer loop
      vertex -5 -3.5 8.70991
      vertex -5 -5.05414 10.9222
      vertex -5 -4.38121 8.41078
    endloop
  endfacet
  facet normal 1 0 0
    outer loop
      vertex -5 -5.05414 10.9222
      vertex -5 -5.3819 8.21173
      vertex -5 -4.38121 8.41078
    endloop
  endfacet
  facet normal 1 -0 0
    outer loop
      vertex -5 -5.72126 10.7895
      vertex -5 -5.3819 8.21173
      vertex -5 -5.05414 10.9222
    endloop
  endfacet
  facet normal 1 -0 0
    outer loop
      vertex -5 -6.4 10.745
      vertex -5 -5.3819 8.21173
      vertex -5 -5.72126 10.7895
    endloop
  endfacet
  facet normal 1 0 0
    outer loop
      vertex -5 -6.4 10.745
      vertex -5 -6.4 8.145
      vertex -5 -5.3819 8.21173
    endloop
  endfacet
  facet normal 1 0 0
    outer loop
      vertex -5 -7.07874 10.7895
      vertex -5 -6.4 8.145
      vertex -5 -6.4 10.745
    endloop
  endfacet
  facet normal 1 0 0
    outer loop
      vertex -5 -7.07874 10.7895
      vertex -5 -7.4181 8.21173
      vertex -5 -6.4 8.145
    endloop
  endfacet
  facet normal 1 0 0
    outer loop
      vertex -5 -7.74586 10.9222
      vertex -5 -7.4181 8.21173
      vertex -5 -7.07874 10.7895
    endloop
  endfacet
  facet normal 1 0 0
    outer loop
      vertex -5 -8.41879 8.41078
      vertex -5 -7.74586 10.9222
      vertex -5 -8.38995 11.1408
    endloop
  endfacet
  facet normal 1 0 0
    outer loop
      vertex -5 -7.74586 10.9222
      vertex -5 -8.41879 8.41078
      vertex -5 -7.4181 8.21173
    endloop
  endfacet
  facet normal 1 0 0
    outer loop
      vertex -5 -9.38493 8.73874
      vertex -5 -8.38995 11.1408
      vertex -5 -9 11.4417
    endloop
  endfacet
  facet normal 1 0 0
    outer loop
      vertex -5 -8.38995 11.1408
      vertex -5 -9.38493 8.73874
      vertex -5 -8.41879 8.41078
    endloop
  endfacet
  facet normal 1 0 0
    outer loop
      vertex -5 -10.3 9.19
      vertex -5 -9 11.4417
      vertex -5 -9.56556 11.8196
    endloop
  endfacet
  facet normal 1 0 0
    outer loop
      vertex -5 -11.1483 9.75684
      vertex -5 -9.56556 11.8196
      vertex -5 -9.59457 11.845
    endloop
  endfacet
  facet normal 1 0 0
    outer loop
      vertex -5 -9 11.4417
      vertex -5 -10.3 9.19
      vertex -5 -9.38493 8.73874
    endloop
  endfacet
  facet normal 1 0 0
    outer loop
      vertex -5 -9.56556 11.8196
      vertex -5 -11.1483 9.75684
      vertex -5 -10.3 9.19
    endloop
  endfacet
  facet normal 1 0 0
    outer loop
      vertex -5 -9.59457 11.845
      vertex -5 -11.9154 10.4296
      vertex -5 -11.1483 9.75684
    endloop
  endfacet
  facet normal 1 0 0
    outer loop
      vertex -5 -9.59457 11.845
      vertex -5 -12.5882 11.1967
      vertex -5 -11.9154 10.4296
    endloop
  endfacet
  facet normal 1 0 -0
    outer loop
      vertex -5 -12.5882 11.1967
      vertex -5 -9.59457 11.845
      vertex -5 -13.0214 11.845
    endloop
  endfacet
  facet normal 1 0 0
    outer loop
      vertex -5 0 17.4909
      vertex -5 -1.24449 16.6237
      vertex -5 -1.2 15.945
    endloop
  endfacet
  facet normal 1 0 0
    outer loop
      vertex -5 -0.211843 20.6933
      vertex -5 -1.37718 17.2909
      vertex -5 -1.24449 16.6237
    endloop
  endfacet
  facet normal 1 0 0
    outer loop
      vertex -5 -0.211843 20.6933
      vertex -5 -1.59583 17.935
      vertex -5 -1.37718 17.2909
    endloop
  endfacet
  facet normal 1 0 0
    outer loop
      vertex -5 -2.72304 19.622
      vertex -5 -0.884566 21.4604
      vertex -5 -1.65166 22.1332
    endloop
  endfacet
  facet normal 1 0 0
    outer loop
      vertex -5 -0.211843 20.6933
      vertex -5 -1.89667 18.545
      vertex -5 -1.59583 17.935
    endloop
  endfacet
  facet normal 1 0 0
    outer loop
      vertex -5 -0.211843 20.6933
      vertex -5 -2.27456 19.1106
      vertex -5 -1.89667 18.545
    endloop
  endfacet
  facet normal 1 0 0
    outer loop
      vertex -5 -3.23444 20.0704
      vertex -5 -1.65166 22.1332
      vertex -5 -2.5 22.7
    endloop
  endfacet
  facet normal 1 0 0
    outer loop
      vertex -5 -0.884566 21.4604
      vertex -5 -2.72304 19.622
      vertex -5 -2.27456 19.1106
    endloop
  endfacet
  facet normal 1 0 0
    outer loop
      vertex -5 -1.65166 22.1332
      vertex -5 -3.23444 20.0704
      vertex -5 -2.72304 19.622
    endloop
  endfacet
  facet normal 1 0 0
    outer loop
      vertex -5 -3.8 20.4483
      vertex -5 -2.5 22.7
      vertex -5 -3.41507 23.1513
    endloop
  endfacet
  facet normal 1 0 0
    outer loop
      vertex -5 -2.5 22.7
      vertex -5 -3.8 20.4483
      vertex -5 -3.23444 20.0704
    endloop
  endfacet
  facet normal 1 0 0
    outer loop
      vertex -5 -4.41005 20.7492
      vertex -5 -3.41507 23.1513
      vertex -5 -4.38121 23.4792
    endloop
  endfacet
  facet normal 1 0 0
    outer loop
      vertex -5 -3.41507 23.1513
      vertex -5 -4.41005 20.7492
      vertex -5 -3.8 20.4483
    endloop
  endfacet
  facet normal 1 0 0
    outer loop
      vertex -5 -4.38121 23.4792
      vertex -5 -5.05414 20.9678
      vertex -5 -4.41005 20.7492
    endloop
  endfacet
  facet normal 1 0 0
    outer loop
      vertex -5 -5.3819 23.6783
      vertex -5 -5.05414 20.9678
      vertex -5 -4.38121 23.4792
    endloop
  endfacet
  facet normal 1 0 0
    outer loop
      vertex -5 -5.3819 23.6783
      vertex -5 -5.72126 21.1005
      vertex -5 -5.05414 20.9678
    endloop
  endfacet
  facet normal 1 0 0
    outer loop
      vertex -5 -6.4 23.745
      vertex -5 -5.72126 21.1005
      vertex -5 -5.3819 23.6783
    endloop
  endfacet
  facet normal 1 0 0
    outer loop
      vertex -5 -6.4 23.745
      vertex -5 -6.4 21.145
      vertex -5 -5.72126 21.1005
    endloop
  endfacet
  facet normal 1 0 0
    outer loop
      vertex -5 -6.4 23.745
      vertex -5 -7.07874 21.1005
      vertex -5 -6.4 21.145
    endloop
  endfacet
  facet normal 1 -0 0
    outer loop
      vertex -5 -7.4181 23.6783
      vertex -5 -7.07874 21.1005
      vertex -5 -6.4 23.745
    endloop
  endfacet
  facet normal 1 0 0
    outer loop
      vertex -5 -7.4181 23.6783
      vertex -5 -7.74586 20.9678
      vertex -5 -7.07874 21.1005
    endloop
  endfacet
  facet normal 1 -0 0
    outer loop
      vertex -5 -8.41879 23.4792
      vertex -5 -7.74586 20.9678
      vertex -5 -7.4181 23.6783
    endloop
  endfacet
  facet normal 1 0 0
    outer loop
      vertex -5 -7.74586 20.9678
      vertex -5 -8.41879 23.4792
      vertex -5 -8.38995 20.7492
    endloop
  endfacet
  facet normal 1 -0 0
    outer loop
      vertex -5 -9.38493 23.1513
      vertex -5 -8.38995 20.7492
      vertex -5 -8.41879 23.4792
    endloop
  endfacet
  facet normal 1 0 0
    outer loop
      vertex -5 -8.38995 20.7492
      vertex -5 -9.38493 23.1513
      vertex -5 -9 20.4483
    endloop
  endfacet
  facet normal 1 -0 0
    outer loop
      vertex -5 -10.3 22.7
      vertex -5 -9 20.4483
      vertex -5 -9.38493 23.1513
    endloop
  endfacet
  facet normal 1 0 0
    outer loop
      vertex -5 -9 20.4483
      vertex -5 -10.3 22.7
      vertex -5 -9.56556 20.0704
    endloop
  endfacet
  facet normal 1 -0 0
    outer loop
      vertex -5 -11.1483 22.1332
      vertex -5 -9.56556 20.0704
      vertex -5 -10.3 22.7
    endloop
  endfacet
  facet normal 1 0 0
    outer loop
      vertex -5 -9.56556 20.0704
      vertex -5 -11.1483 22.1332
      vertex -5 -9.59457 20.045
    endloop
  endfacet
  facet normal 1 -0 0
    outer loop
      vertex -5 -11.9154 21.4604
      vertex -5 -9.59457 20.045
      vertex -5 -11.1483 22.1332
    endloop
  endfacet
  facet normal 1 -0 0
    outer loop
      vertex -5 -12.5882 20.6933
      vertex -5 -9.59457 20.045
      vertex -5 -11.9154 21.4604
    endloop
  endfacet
  facet normal 1 0 0
    outer loop
      vertex -5 -9.59457 20.045
      vertex -5 -12.5882 20.6933
      vertex -5 -13.0214 20.045
    endloop
  endfacet
  facet normal 1 0 0
    outer loop
      vertex -5 0 17.4909
      vertex -5 1.13422 17.9638
      vertex -5 0.80626 18.9299
    endloop
  endfacet
  facet normal 1 0 0
    outer loop
      vertex -5 0 17.4909
      vertex -5 0.80626 18.9299
      vertex -5 0.354998 19.845
    endloop
  endfacet
  facet normal 1 0 0
    outer loop
      vertex -5 1.13422 17.9638
      vertex -5 0 17.4909
      vertex -5 1.22828 17.4909
    endloop
  endfacet
  facet normal 1 0 0
    outer loop
      vertex -5 -0.211843 20.6933
      vertex -5 0 17.4909
      vertex -5 0.354998 19.845
    endloop
  endfacet
  facet normal 1 0 0
    outer loop
      vertex -5 -2.27456 19.1106
      vertex -5 -0.211843 20.6933
      vertex -5 -0.884566 21.4604
    endloop
  endfacet
  facet normal 1 0 0
    outer loop
      vertex -5 -0.211843 20.6933
      vertex -5 -1.24449 16.6237
      vertex -5 0 17.4909
    endloop
  endfacet
  facet normal 1 0 0
    outer loop
      vertex -5 -1.24449 15.2663
      vertex -5 0 17.4909
      vertex -5 -1.2 15.945
    endloop
  endfacet
  facet normal 1 0 0
    outer loop
      vertex -5 -1.37718 14.5991
      vertex -5 0 17.4909
      vertex -5 -1.24449 15.2663
    endloop
  endfacet
  facet normal 1 0 0
    outer loop
      vertex -5 0 17.4909
      vertex -5 -1.37718 14.5991
      vertex -5 0 7.855
    endloop
  endfacet
  facet normal 1 -0 0
    outer loop
      vertex -5 -1.59583 13.955
      vertex -5 0 7.855
      vertex -5 -1.37718 14.5991
    endloop
  endfacet
  facet normal 1 -0 0
    outer loop
      vertex -5 -1.64516 13.855
      vertex -5 0 7.855
      vertex -5 -1.59583 13.955
    endloop
  endfacet
  facet normal 1 0 0
    outer loop
      vertex -5 -3.5 11.6421
      vertex -5 -1.64516 13.855
      vertex -5 -3.5 13.855
    endloop
  endfacet
  facet normal 1 0 0
    outer loop
      vertex -5 -1.64516 13.855
      vertex -5 -3.5 11.6421
      vertex -5 0 7.855
    endloop
  endfacet
  facet normal 1 -0 0
    outer loop
      vertex -5 -3.5 8.70991
      vertex -5 0 7.855
      vertex -5 -3.5 11.6421
    endloop
  endfacet
  facet normal 1 0 0
    outer loop
      vertex -5 0 7.855
      vertex -5 -3.5 8.70991
      vertex -5 -3.5 7.855
    endloop
  endfacet
  facet normal 0 -0.065374 0.997861
    outer loop
      vertex -15 -6.4 23.745
      vertex -5 -7.4181 23.6783
      vertex -5 -6.4 23.745
    endloop
  endfacet
  facet normal 0 -0.065374 0.997861
    outer loop
      vertex -5 -7.4181 23.6783
      vertex -15 -6.4 23.745
      vertex -15 -7.4181 23.6783
    endloop
  endfacet
  facet normal 0 -0.195091 -0.980785
    outer loop
      vertex -15 -8.41879 8.41078
      vertex -5 -7.4181 8.21173
      vertex -5 -8.41879 8.41078
    endloop
  endfacet
  facet normal -0 -0.195091 -0.980785
    outer loop
      vertex -5 -7.4181 8.21173
      vertex -15 -8.41879 8.41078
      vertex -15 -7.4181 8.21173
    endloop
  endfacet
  facet normal 0 0.195091 -0.980785
    outer loop
      vertex -15 -5.3819 8.21173
      vertex -5 -4.38121 8.41078
      vertex -5 -5.3819 8.21173
    endloop
  endfacet
  facet normal 0 0.195091 -0.980785
    outer loop
      vertex -5 -4.38121 8.41078
      vertex -15 -5.3819 8.21173
      vertex -15 -4.38121 8.41078
    endloop
  endfacet
  facet normal 0 0.831458 0.555587
    outer loop
      vertex -5 0.354998 19.845
      vertex -15 -0.211843 20.6933
      vertex -5 -0.211843 20.6933
    endloop
  endfacet
  facet normal 0 0.831458 0.555587
    outer loop
      vertex -15 -0.211843 20.6933
      vertex -5 0.354998 19.845
      vertex -15 0.354998 19.845
    endloop
  endfacet
  facet normal 0 0.751843 0.659343
    outer loop
      vertex -5 -0.211843 20.6933
      vertex -15 -0.884566 21.4604
      vertex -5 -0.884566 21.4604
    endloop
  endfacet
  facet normal 0 0.751843 0.659343
    outer loop
      vertex -15 -0.884566 21.4604
      vertex -5 -0.211843 20.6933
      vertex -15 -0.211843 20.6933
    endloop
  endfacet
  facet normal 0 -0.442287 -0.896874
    outer loop
      vertex -15 -10.3 9.19
      vertex -5 -9.38493 8.73874
      vertex -5 -10.3 9.19
    endloop
  endfacet
  facet normal -0 -0.442287 -0.896874
    outer loop
      vertex -5 -9.38493 8.73874
      vertex -15 -10.3 9.19
      vertex -15 -9.38493 8.73874
    endloop
  endfacet
  facet normal -0 0.321386 0.946948
    outer loop
      vertex -15 -3.41507 23.1513
      vertex -5 -4.38121 23.4792
      vertex -5 -3.41507 23.1513
    endloop
  endfacet
  facet normal 0 0.321386 0.946948
    outer loop
      vertex -5 -4.38121 23.4792
      vertex -15 -3.41507 23.1513
      vertex -15 -4.38121 23.4792
    endloop
  endfacet
  facet normal 0 -0.831458 -0.555588
    outer loop
      vertex -15 -12.5882 11.1967
      vertex -5 -13.0214 11.845
      vertex -15 -13.0214 11.845
    endloop
  endfacet
  facet normal 0 -0.831458 -0.555588
    outer loop
      vertex -5 -13.0214 11.845
      vertex -15 -12.5882 11.1967
      vertex -5 -12.5882 11.1967
    endloop
  endfacet
  facet normal 0 -0.659385 0.751805
    outer loop
      vertex -15 -11.1483 22.1332
      vertex -5 -11.9154 21.4604
      vertex -5 -11.1483 22.1332
    endloop
  endfacet
  facet normal 0 -0.659385 0.751805
    outer loop
      vertex -5 -11.9154 21.4604
      vertex -15 -11.1483 22.1332
      vertex -15 -11.9154 21.4604
    endloop
  endfacet
  facet normal 0 -0.321439 -0.94693
    outer loop
      vertex -15 -9.38493 8.73874
      vertex -5 -8.41879 8.41078
      vertex -5 -9.38493 8.73874
    endloop
  endfacet
  facet normal -0 -0.321439 -0.94693
    outer loop
      vertex -5 -8.41879 8.41078
      vertex -15 -9.38493 8.73874
      vertex -15 -8.41879 8.41078
    endloop
  endfacet
  facet normal 0 -0.195138 0.980776
    outer loop
      vertex -15 -7.4181 23.6783
      vertex -5 -8.41879 23.4792
      vertex -5 -7.4181 23.6783
    endloop
  endfacet
  facet normal 0 -0.195138 0.980776
    outer loop
      vertex -5 -8.41879 23.4792
      vertex -15 -7.4181 23.6783
      vertex -15 -8.41879 23.4792
    endloop
  endfacet
  facet normal -0 0.065374 0.997861
    outer loop
      vertex -15 -5.3819 23.6783
      vertex -5 -6.4 23.745
      vertex -5 -5.3819 23.6783
    endloop
  endfacet
  facet normal 0 0.065374 0.997861
    outer loop
      vertex -5 -6.4 23.745
      vertex -15 -5.3819 23.6783
      vertex -15 -6.4 23.745
    endloop
  endfacet
  facet normal -1 0 0
    outer loop
      vertex -15 -3.5 8.70991
      vertex -15 -3.8 11.4417
      vertex -15 -3.5 11.6421
    endloop
  endfacet
  facet normal -1 0 0
    outer loop
      vertex -15 -5.05414 10.9222
      vertex -15 -3.5 8.70991
      vertex -15 -4.38121 8.41078
    endloop
  endfacet
  facet normal -1 0 0
    outer loop
      vertex -15 -3.5 8.70991
      vertex -15 -4.41005 11.1408
      vertex -15 -3.8 11.4417
    endloop
  endfacet
  facet normal -1 0 0
    outer loop
      vertex -15 -3.5 8.70991
      vertex -15 -5.05414 10.9222
      vertex -15 -4.41005 11.1408
    endloop
  endfacet
  facet normal -1 0 0
    outer loop
      vertex -15 -5.3819 8.21173
      vertex -15 -5.05414 10.9222
      vertex -15 -4.38121 8.41078
    endloop
  endfacet
  facet normal -1 0 0
    outer loop
      vertex -15 -5.3819 8.21173
      vertex -15 -5.72126 10.7895
      vertex -15 -5.05414 10.9222
    endloop
  endfacet
  facet normal -1 0 0
    outer loop
      vertex -15 -6.4 8.145
      vertex -15 -5.72126 10.7895
      vertex -15 -5.3819 8.21173
    endloop
  endfacet
  facet normal -1 0 0
    outer loop
      vertex -15 -6.4 8.145
      vertex -15 -6.4 10.745
      vertex -15 -5.72126 10.7895
    endloop
  endfacet
  facet normal -1 0 0
    outer loop
      vertex -15 -6.4 8.145
      vertex -15 -7.07874 10.7895
      vertex -15 -6.4 10.745
    endloop
  endfacet
  facet normal -1 0 0
    outer loop
      vertex -15 -7.4181 8.21173
      vertex -15 -7.07874 10.7895
      vertex -15 -6.4 8.145
    endloop
  endfacet
  facet normal -1 0 0
    outer loop
      vertex -15 -7.4181 8.21173
      vertex -15 -7.74586 10.9222
      vertex -15 -7.07874 10.7895
    endloop
  endfacet
  facet normal -1 0 0
    outer loop
      vertex -15 -8.41879 8.41078
      vertex -15 -7.74586 10.9222
      vertex -15 -7.4181 8.21173
    endloop
  endfacet
  facet normal -1 -0 0
    outer loop
      vertex -15 -7.74586 10.9222
      vertex -15 -8.41879 8.41078
      vertex -15 -8.38995 11.1408
    endloop
  endfacet
  facet normal -1 0 0
    outer loop
      vertex -15 -9.38493 8.73874
      vertex -15 -8.38995 11.1408
      vertex -15 -8.41879 8.41078
    endloop
  endfacet
  facet normal -1 -0 0
    outer loop
      vertex -15 -8.38995 11.1408
      vertex -15 -9.38493 8.73874
      vertex -15 -9 11.4417
    endloop
  endfacet
  facet normal -1 0 0
    outer loop
      vertex -15 -10.3 9.19
      vertex -15 -9 11.4417
      vertex -15 -9.38493 8.73874
    endloop
  endfacet
  facet normal -1 -0 0
    outer loop
      vertex -15 -9 11.4417
      vertex -15 -10.3 9.19
      vertex -15 -9.56556 11.8196
    endloop
  endfacet
  facet normal -1 0 0
    outer loop
      vertex -15 -11.1483 9.75684
      vertex -15 -9.56556 11.8196
      vertex -15 -10.3 9.19
    endloop
  endfacet
  facet normal -1 -0 0
    outer loop
      vertex -15 -9.56556 11.8196
      vertex -15 -11.1483 9.75684
      vertex -15 -9.59457 11.845
    endloop
  endfacet
  facet normal -1 0 0
    outer loop
      vertex -15 -11.9154 10.4296
      vertex -15 -9.59457 11.845
      vertex -15 -11.1483 9.75684
    endloop
  endfacet
  facet normal -1 0 0
    outer loop
      vertex -15 -12.5882 11.1967
      vertex -15 -9.59457 11.845
      vertex -15 -11.9154 10.4296
    endloop
  endfacet
  facet normal -1 -0 0
    outer loop
      vertex -15 -9.59457 11.845
      vertex -15 -12.5882 11.1967
      vertex -15 -13.0214 11.845
    endloop
  endfacet
  facet normal -1 0 0
    outer loop
      vertex -15 -1.37718 14.5991
      vertex -15 0 17.4909
      vertex -15 0 7.855
    endloop
  endfacet
  facet normal -1 0 0
    outer loop
      vertex -15 -1.24449 16.6237
      vertex -15 0 17.4909
      vertex -15 -1.2 15.945
    endloop
  endfacet
  facet normal -1 0 0
    outer loop
      vertex -15 -1.37718 17.2909
      vertex -15 0 17.4909
      vertex -15 -1.24449 16.6237
    endloop
  endfacet
  facet normal -1 0 0
    outer loop
      vertex -15 0 17.4909
      vertex -15 -1.24449 15.2663
      vertex -15 -1.2 15.945
    endloop
  endfacet
  facet normal -1 0 0
    outer loop
      vertex -15 0 17.4909
      vertex -15 -1.37718 14.5991
      vertex -15 -1.24449 15.2663
    endloop
  endfacet
  facet normal -1 0 0
    outer loop
      vertex -15 0 7.855
      vertex -15 -1.59583 13.955
      vertex -15 -1.37718 14.5991
    endloop
  endfacet
  facet normal -1 0 0
    outer loop
      vertex -15 0 7.855
      vertex -15 -1.64516 13.855
      vertex -15 -1.59583 13.955
    endloop
  endfacet
  facet normal -1 0 0
    outer loop
      vertex -15 -3.5 8.70991
      vertex -15 0 7.855
      vertex -15 -3.5 7.855
    endloop
  endfacet
  facet normal -1 0 0
    outer loop
      vertex -15 -3.5 11.6421
      vertex -15 0 7.855
      vertex -15 -3.5 8.70991
    endloop
  endfacet
  facet normal -1 0 0
    outer loop
      vertex -15 0 7.855
      vertex -15 -3.5 11.6421
      vertex -15 -1.64516 13.855
    endloop
  endfacet
  facet normal -1 -0 0
    outer loop
      vertex -15 -1.64516 13.855
      vertex -15 -3.5 11.6421
      vertex -15 -3.5 13.855
    endloop
  endfacet
  facet normal -1 0 0
    outer loop
      vertex -15 0 17.4909
      vertex -15 1.13422 17.9638
      vertex -15 1.22828 17.4909
    endloop
  endfacet
  facet normal -1 -0 0
    outer loop
      vertex -15 1.13422 17.9638
      vertex -15 0 17.4909
      vertex -15 0.80626 18.9299
    endloop
  endfacet
  facet normal -1 -0 0
    outer loop
      vertex -15 0.80626 18.9299
      vertex -15 0 17.4909
      vertex -15 0.354998 19.845
    endloop
  endfacet
  facet normal -1 -0 0
    outer loop
      vertex -15 0.354998 19.845
      vertex -15 0 17.4909
      vertex -15 -0.211843 20.6933
    endloop
  endfacet
  facet normal -1 0 0
    outer loop
      vertex -15 -1.59583 17.935
      vertex -15 0 17.4909
      vertex -15 -1.37718 17.2909
    endloop
  endfacet
  facet normal -1 0 0
    outer loop
      vertex -15 -1.89667 18.545
      vertex -15 0 17.4909
      vertex -15 -1.59583 17.935
    endloop
  endfacet
  facet normal -1 0 0
    outer loop
      vertex -15 0 17.4909
      vertex -15 -1.89667 18.545
      vertex -15 -0.211843 20.6933
    endloop
  endfacet
  facet normal -1 0 0
    outer loop
      vertex -15 -2.27456 19.1106
      vertex -15 -0.211843 20.6933
      vertex -15 -1.89667 18.545
    endloop
  endfacet
  facet normal -1 -0 0
    outer loop
      vertex -15 -0.211843 20.6933
      vertex -15 -2.27456 19.1106
      vertex -15 -0.884566 21.4604
    endloop
  endfacet
  facet normal -1 0 0
    outer loop
      vertex -15 -2.72304 19.622
      vertex -15 -0.884566 21.4604
      vertex -15 -2.27456 19.1106
    endloop
  endfacet
  facet normal -1 -0 0
    outer loop
      vertex -15 -0.884566 21.4604
      vertex -15 -2.72304 19.622
      vertex -15 -1.65166 22.1332
    endloop
  endfacet
  facet normal -1 0 0
    outer loop
      vertex -15 -3.23444 20.0704
      vertex -15 -1.65166 22.1332
      vertex -15 -2.72304 19.622
    endloop
  endfacet
  facet normal -1 -0 0
    outer loop
      vertex -15 -1.65166 22.1332
      vertex -15 -3.23444 20.0704
      vertex -15 -2.5 22.7
    endloop
  endfacet
  facet normal -1 0 0
    outer loop
      vertex -15 -3.8 20.4483
      vertex -15 -2.5 22.7
      vertex -15 -3.23444 20.0704
    endloop
  endfacet
  facet normal -1 -0 0
    outer loop
      vertex -15 -2.5 22.7
      vertex -15 -3.8 20.4483
      vertex -15 -3.41507 23.1513
    endloop
  endfacet
  facet normal -1 0 0
    outer loop
      vertex -15 -4.41005 20.7492
      vertex -15 -3.41507 23.1513
      vertex -15 -3.8 20.4483
    endloop
  endfacet
  facet normal -1 -0 0
    outer loop
      vertex -15 -3.41507 23.1513
      vertex -15 -4.41005 20.7492
      vertex -15 -4.38121 23.4792
    endloop
  endfacet
  facet normal -1 0 0
    outer loop
      vertex -15 -5.05414 20.9678
      vertex -15 -4.38121 23.4792
      vertex -15 -4.41005 20.7492
    endloop
  endfacet
  facet normal -1 0 0
    outer loop
      vertex -15 -5.05414 20.9678
      vertex -15 -5.3819 23.6783
      vertex -15 -4.38121 23.4792
    endloop
  endfacet
  facet normal -1 0 0
    outer loop
      vertex -15 -5.72126 21.1005
      vertex -15 -5.3819 23.6783
      vertex -15 -5.05414 20.9678
    endloop
  endfacet
  facet normal -1 0 0
    outer loop
      vertex -15 -6.4 21.145
      vertex -15 -5.3819 23.6783
      vertex -15 -5.72126 21.1005
    endloop
  endfacet
  facet normal -1 0 0
    outer loop
      vertex -15 -6.4 21.145
      vertex -15 -6.4 23.745
      vertex -15 -5.3819 23.6783
    endloop
  endfacet
  facet normal -1 0 0
    outer loop
      vertex -15 -7.07874 21.1005
      vertex -15 -6.4 23.745
      vertex -15 -6.4 21.145
    endloop
  endfacet
  facet normal -1 0 0
    outer loop
      vertex -15 -7.07874 21.1005
      vertex -15 -7.4181 23.6783
      vertex -15 -6.4 23.745
    endloop
  endfacet
  facet normal -1 0 0
    outer loop
      vertex -15 -7.74586 20.9678
      vertex -15 -7.4181 23.6783
      vertex -15 -7.07874 21.1005
    endloop
  endfacet
  facet normal -1 0 0
    outer loop
      vertex -15 -8.41879 23.4792
      vertex -15 -7.74586 20.9678
      vertex -15 -8.38995 20.7492
    endloop
  endfacet
  facet normal -1 0 0
    outer loop
      vertex -15 -7.74586 20.9678
      vertex -15 -8.41879 23.4792
      vertex -15 -7.4181 23.6783
    endloop
  endfacet
  facet normal -1 0 0
    outer loop
      vertex -15 -9.38493 23.1513
      vertex -15 -8.38995 20.7492
      vertex -15 -9 20.4483
    endloop
  endfacet
  facet normal -1 0 0
    outer loop
      vertex -15 -8.38995 20.7492
      vertex -15 -9.38493 23.1513
      vertex -15 -8.41879 23.4792
    endloop
  endfacet
  facet normal -1 0 0
    outer loop
      vertex -15 -10.3 22.7
      vertex -15 -9 20.4483
      vertex -15 -9.56556 20.0704
    endloop
  endfacet
  facet normal -1 0 0
    outer loop
      vertex -15 -11.1483 22.1332
      vertex -15 -9.56556 20.0704
      vertex -15 -9.59457 20.045
    endloop
  endfacet
  facet normal -1 0 0
    outer loop
      vertex -15 -9 20.4483
      vertex -15 -10.3 22.7
      vertex -15 -9.38493 23.1513
    endloop
  endfacet
  facet normal -1 0 0
    outer loop
      vertex -15 -9.56556 20.0704
      vertex -15 -11.1483 22.1332
      vertex -15 -10.3 22.7
    endloop
  endfacet
  facet normal -1 0 0
    outer loop
      vertex -15 -9.59457 20.045
      vertex -15 -11.9154 21.4604
      vertex -15 -11.1483 22.1332
    endloop
  endfacet
  facet normal -1 0 0
    outer loop
      vertex -15 -9.59457 20.045
      vertex -15 -12.5882 20.6933
      vertex -15 -11.9154 21.4604
    endloop
  endfacet
  facet normal -1 0 -0
    outer loop
      vertex -15 -12.5882 20.6933
      vertex -15 -9.59457 20.045
      vertex -15 -13.0214 20.045
    endloop
  endfacet
  facet normal 0 -0.555559 0.831477
    outer loop
      vertex -15 -10.3 22.7
      vertex -5 -11.1483 22.1332
      vertex -5 -10.3 22.7
    endloop
  endfacet
  facet normal 0 -0.555559 0.831477
    outer loop
      vertex -5 -11.1483 22.1332
      vertex -15 -10.3 22.7
      vertex -15 -11.1483 22.1332
    endloop
  endfacet
  facet normal -0 0.659388 0.751803
    outer loop
      vertex -15 -0.884566 21.4604
      vertex -5 -1.65166 22.1332
      vertex -5 -0.884566 21.4604
    endloop
  endfacet
  facet normal 0 0.659388 0.751803
    outer loop
      vertex -5 -1.65166 22.1332
      vertex -15 -0.884566 21.4604
      vertex -15 -1.65166 22.1332
    endloop
  endfacet
  facet normal 0 0.896879 0.442277
    outer loop
      vertex -5 0.80626 18.9299
      vertex -15 0.354998 19.845
      vertex -5 0.354998 19.845
    endloop
  endfacet
  facet normal 0 0.896879 0.442277
    outer loop
      vertex -15 0.354998 19.845
      vertex -5 0.80626 18.9299
      vertex -15 0.80626 18.9299
    endloop
  endfacet
  facet normal 0 -0.442318 0.896858
    outer loop
      vertex -15 -9.38493 23.1513
      vertex -5 -10.3 22.7
      vertex -5 -9.38493 23.1513
    endloop
  endfacet
  facet normal 0 -0.442318 0.896858
    outer loop
      vertex -5 -10.3 22.7
      vertex -15 -9.38493 23.1513
      vertex -15 -10.3 22.7
    endloop
  endfacet
  facet normal -0 0.442318 0.896858
    outer loop
      vertex -15 -2.5 22.7
      vertex -5 -3.41507 23.1513
      vertex -5 -2.5 22.7
    endloop
  endfacet
  facet normal 0 0.442318 0.896858
    outer loop
      vertex -5 -3.41507 23.1513
      vertex -15 -2.5 22.7
      vertex -15 -3.41507 23.1513
    endloop
  endfacet
  facet normal -0 0.555541 0.831489
    outer loop
      vertex -15 -1.65166 22.1332
      vertex -5 -2.5 22.7
      vertex -5 -1.65166 22.1332
    endloop
  endfacet
  facet normal 0 0.555541 0.831489
    outer loop
      vertex -5 -2.5 22.7
      vertex -15 -1.65166 22.1332
      vertex -15 -2.5 22.7
    endloop
  endfacet
  facet normal 0 -0.831458 0.555588
    outer loop
      vertex -15 -13.0214 20.045
      vertex -5 -12.5882 20.6933
      vertex -15 -12.5882 20.6933
    endloop
  endfacet
  facet normal 0 -0.831458 0.555588
    outer loop
      vertex -5 -12.5882 20.6933
      vertex -15 -13.0214 20.045
      vertex -5 -13.0214 20.045
    endloop
  endfacet
  facet normal 0 -0.831491 -0.555538
    outer loop
      vertex -15 -1.89667 18.545
      vertex -5 -2.27456 19.1106
      vertex -15 -2.27456 19.1106
    endloop
  endfacet
  facet normal 0 -0.831491 -0.555538
    outer loop
      vertex -5 -2.27456 19.1106
      vertex -15 -1.89667 18.545
      vertex -5 -1.89667 18.545
    endloop
  endfacet
  facet normal 0 -0.442356 -0.89684
    outer loop
      vertex -15 -4.41005 20.7492
      vertex -5 -3.8 20.4483
      vertex -5 -4.41005 20.7492
    endloop
  endfacet
  facet normal -0 -0.442356 -0.89684
    outer loop
      vertex -5 -3.8 20.4483
      vertex -15 -4.41005 20.7492
      vertex -15 -3.8 20.4483
    endloop
  endfacet
  facet normal 0 -0.0654222 0.997858
    outer loop
      vertex -15 -5.72126 10.7895
      vertex -5 -6.4 10.745
      vertex -5 -5.72126 10.7895
    endloop
  endfacet
  facet normal 0 -0.0654222 0.997858
    outer loop
      vertex -5 -6.4 10.745
      vertex -15 -5.72126 10.7895
      vertex -15 -6.4 10.745
    endloop
  endfacet
  facet normal -0 0.195093 0.980785
    outer loop
      vertex -15 -7.07874 10.7895
      vertex -5 -7.74586 10.9222
      vertex -5 -7.07874 10.7895
    endloop
  endfacet
  facet normal 0 0.195093 0.980785
    outer loop
      vertex -5 -7.74586 10.9222
      vertex -15 -7.07874 10.7895
      vertex -15 -7.74586 10.9222
    endloop
  endfacet
  facet normal 0 -0.751844 -0.659341
    outer loop
      vertex -15 -2.27456 19.1106
      vertex -5 -2.72304 19.622
      vertex -15 -2.72304 19.622
    endloop
  endfacet
  facet normal 0 -0.751844 -0.659341
    outer loop
      vertex -5 -2.72304 19.622
      vertex -15 -2.27456 19.1106
      vertex -5 -2.27456 19.1106
    endloop
  endfacet
  facet normal 0 -0.195093 -0.980785
    outer loop
      vertex -15 -5.72126 21.1005
      vertex -5 -5.05414 20.9678
      vertex -5 -5.72126 21.1005
    endloop
  endfacet
  facet normal -0 -0.195093 -0.980785
    outer loop
      vertex -5 -5.05414 20.9678
      vertex -15 -5.72126 21.1005
      vertex -15 -5.05414 20.9678
    endloop
  endfacet
  facet normal -0 0.555575 0.831466
    outer loop
      vertex -15 -9 11.4417
      vertex -5 -9.56556 11.8196
      vertex -5 -9 11.4417
    endloop
  endfacet
  facet normal 0 0.555575 0.831466
    outer loop
      vertex -5 -9.56556 11.8196
      vertex -15 -9 11.4417
      vertex -15 -9.56556 11.8196
    endloop
  endfacet
  facet normal 0 -0.896818 0.4424
    outer loop
      vertex -15 -1.64516 13.855
      vertex -5 -1.59583 13.955
      vertex -15 -1.59583 13.955
    endloop
  endfacet
  facet normal 0 -0.896818 0.4424
    outer loop
      vertex -5 -1.59583 13.955
      vertex -15 -1.64516 13.855
      vertex -5 -1.64516 13.855
    endloop
  endfacet
  facet normal 0 0.195093 -0.980785
    outer loop
      vertex -15 -7.74586 20.9678
      vertex -5 -7.07874 21.1005
      vertex -5 -7.74586 20.9678
    endloop
  endfacet
  facet normal 0 0.195093 -0.980785
    outer loop
      vertex -5 -7.07874 21.1005
      vertex -15 -7.74586 20.9678
      vertex -15 -7.07874 21.1005
    endloop
  endfacet
  facet normal 0 -0.946927 -0.321449
    outer loop
      vertex -15 -1.37718 17.2909
      vertex -5 -1.59583 17.935
      vertex -15 -1.59583 17.935
    endloop
  endfacet
  facet normal 0 -0.946927 -0.321449
    outer loop
      vertex -5 -1.59583 17.935
      vertex -15 -1.37718 17.2909
      vertex -5 -1.37718 17.2909
    endloop
  endfacet
  facet normal -0 0.321388 0.946948
    outer loop
      vertex -15 -7.74586 10.9222
      vertex -5 -8.38995 11.1408
      vertex -5 -7.74586 10.9222
    endloop
  endfacet
  facet normal 0 0.321388 0.946948
    outer loop
      vertex -5 -8.38995 11.1408
      vertex -15 -7.74586 10.9222
      vertex -15 -8.38995 11.1408
    endloop
  endfacet
  facet normal 0 -0.195093 0.980785
    outer loop
      vertex -15 -5.05414 10.9222
      vertex -5 -5.72126 10.7895
      vertex -5 -5.05414 10.9222
    endloop
  endfacet
  facet normal 0 -0.195093 0.980785
    outer loop
      vertex -5 -5.72126 10.7895
      vertex -15 -5.05414 10.9222
      vertex -15 -5.72126 10.7895
    endloop
  endfacet
  facet normal 0 -0.555468 0.831538
    outer loop
      vertex -15 -3.5 11.6421
      vertex -5 -3.8 11.4417
      vertex -5 -3.5 11.6421
    endloop
  endfacet
  facet normal 0 -0.555468 0.831538
    outer loop
      vertex -5 -3.8 11.4417
      vertex -15 -3.5 11.6421
      vertex -15 -3.8 11.4417
    endloop
  endfacet
  facet normal 0 -0.980792 0.195056
    outer loop
      vertex -15 -1.37718 14.5991
      vertex -5 -1.24449 15.2663
      vertex -15 -1.24449 15.2663
    endloop
  endfacet
  facet normal 0 -0.980792 0.195056
    outer loop
      vertex -5 -1.24449 15.2663
      vertex -15 -1.37718 14.5991
      vertex -5 -1.37718 14.5991
    endloop
  endfacet
  facet normal -0 0.0654222 0.997858
    outer loop
      vertex -15 -6.4 10.745
      vertex -5 -7.07874 10.7895
      vertex -5 -6.4 10.745
    endloop
  endfacet
  facet normal 0 0.0654222 0.997858
    outer loop
      vertex -5 -7.07874 10.7895
      vertex -15 -6.4 10.745
      vertex -15 -7.07874 10.7895
    endloop
  endfacet
  facet normal 0 -0.997858 -0.0654114
    outer loop
      vertex -15 -1.2 15.945
      vertex -5 -1.24449 16.6237
      vertex -15 -1.24449 16.6237
    endloop
  endfacet
  facet normal 0 -0.997858 -0.0654114
    outer loop
      vertex -5 -1.24449 16.6237
      vertex -15 -1.2 15.945
      vertex -5 -1.2 15.945
    endloop
  endfacet
  facet normal 0 -0.946927 0.321449
    outer loop
      vertex -15 -1.59583 13.955
      vertex -5 -1.37718 14.5991
      vertex -15 -1.37718 14.5991
    endloop
  endfacet
  facet normal 0 -0.946927 0.321449
    outer loop
      vertex -5 -1.37718 14.5991
      vertex -15 -1.59583 13.955
      vertex -5 -1.59583 13.955
    endloop
  endfacet
  facet normal 0 -0.659275 -0.751902
    outer loop
      vertex -15 -3.23444 20.0704
      vertex -5 -2.72304 19.622
      vertex -5 -3.23444 20.0704
    endloop
  endfacet
  facet normal -0 -0.659275 -0.751902
    outer loop
      vertex -5 -2.72304 19.622
      vertex -15 -3.23444 20.0704
      vertex -15 -2.72304 19.622
    endloop
  endfacet
  facet normal 0 -0.442356 0.89684
    outer loop
      vertex -15 -3.8 11.4417
      vertex -5 -4.41005 11.1408
      vertex -5 -3.8 11.4417
    endloop
  endfacet
  facet normal 0 -0.442356 0.89684
    outer loop
      vertex -5 -4.41005 11.1408
      vertex -15 -3.8 11.4417
      vertex -15 -4.41005 11.1408
    endloop
  endfacet
  facet normal 0 -0.980792 -0.195056
    outer loop
      vertex -15 -1.24449 16.6237
      vertex -5 -1.37718 17.2909
      vertex -15 -1.37718 17.2909
    endloop
  endfacet
  facet normal 0 -0.980792 -0.195056
    outer loop
      vertex -5 -1.37718 17.2909
      vertex -15 -1.24449 16.6237
      vertex -5 -1.24449 16.6237
    endloop
  endfacet
  facet normal 0 0.442356 -0.89684
    outer loop
      vertex -15 -9 20.4483
      vertex -5 -8.38995 20.7492
      vertex -5 -9 20.4483
    endloop
  endfacet
  facet normal 0 0.442356 -0.89684
    outer loop
      vertex -5 -8.38995 20.7492
      vertex -15 -9 20.4483
      vertex -15 -8.38995 20.7492
    endloop
  endfacet
  facet normal -0 0.442356 0.89684
    outer loop
      vertex -15 -8.38995 11.1408
      vertex -5 -9 11.4417
      vertex -5 -8.38995 11.1408
    endloop
  endfacet
  facet normal 0 0.442356 0.89684
    outer loop
      vertex -5 -9 11.4417
      vertex -15 -8.38995 11.1408
      vertex -15 -9 11.4417
    endloop
  endfacet
  facet normal 0 0.0654222 -0.997858
    outer loop
      vertex -15 -7.07874 21.1005
      vertex -5 -6.4 21.145
      vertex -5 -7.07874 21.1005
    endloop
  endfacet
  facet normal 0 0.0654222 -0.997858
    outer loop
      vertex -5 -6.4 21.145
      vertex -15 -7.07874 21.1005
      vertex -15 -6.4 21.145
    endloop
  endfacet
  facet normal 0 -0.0654222 -0.997858
    outer loop
      vertex -15 -6.4 21.145
      vertex -5 -5.72126 21.1005
      vertex -5 -6.4 21.145
    endloop
  endfacet
  facet normal -0 -0.0654222 -0.997858
    outer loop
      vertex -5 -5.72126 21.1005
      vertex -15 -6.4 21.145
      vertex -15 -5.72126 21.1005
    endloop
  endfacet
  facet normal 0 -0.321388 0.946948
    outer loop
      vertex -15 -4.41005 11.1408
      vertex -5 -5.05414 10.9222
      vertex -5 -4.41005 11.1408
    endloop
  endfacet
  facet normal 0 -0.321388 0.946948
    outer loop
      vertex -5 -5.05414 10.9222
      vertex -15 -4.41005 11.1408
      vertex -15 -5.05414 10.9222
    endloop
  endfacet
  facet normal 0 0.555575 -0.831466
    outer loop
      vertex -15 -9.56556 20.0704
      vertex -5 -9 20.4483
      vertex -5 -9.56556 20.0704
    endloop
  endfacet
  facet normal 0 0.555575 -0.831466
    outer loop
      vertex -5 -9 20.4483
      vertex -15 -9.56556 20.0704
      vertex -15 -9 20.4483
    endloop
  endfacet
  facet normal 0 -0.997858 0.0654114
    outer loop
      vertex -15 -1.24449 15.2663
      vertex -5 -1.2 15.945
      vertex -15 -1.2 15.945
    endloop
  endfacet
  facet normal 0 -0.997858 0.0654114
    outer loop
      vertex -5 -1.2 15.945
      vertex -15 -1.24449 15.2663
      vertex -5 -1.24449 15.2663
    endloop
  endfacet
  facet normal 0 0.321388 -0.946948
    outer loop
      vertex -15 -8.38995 20.7492
      vertex -5 -7.74586 20.9678
      vertex -5 -8.38995 20.7492
    endloop
  endfacet
  facet normal 0 0.321388 -0.946948
    outer loop
      vertex -5 -7.74586 20.9678
      vertex -15 -8.38995 20.7492
      vertex -15 -7.74586 20.9678
    endloop
  endfacet
  facet normal 0 -0.89686 -0.442314
    outer loop
      vertex -15 -1.59583 17.935
      vertex -5 -1.89667 18.545
      vertex -15 -1.89667 18.545
    endloop
  endfacet
  facet normal 0 -0.89686 -0.442314
    outer loop
      vertex -5 -1.89667 18.545
      vertex -15 -1.59583 17.935
      vertex -5 -1.59583 17.935
    endloop
  endfacet
  facet normal 0 0.658743 -0.752368
    outer loop
      vertex -15 -9.59457 20.045
      vertex -5 -9.56556 20.0704
      vertex -5 -9.59457 20.045
    endloop
  endfacet
  facet normal 0 0.658743 -0.752368
    outer loop
      vertex -5 -9.56556 20.0704
      vertex -15 -9.59457 20.045
      vertex -15 -9.56556 20.0704
    endloop
  endfacet
  facet normal 0 -0.321388 -0.946948
    outer loop
      vertex -15 -5.05414 20.9678
      vertex -5 -4.41005 20.7492
      vertex -5 -5.05414 20.9678
    endloop
  endfacet
  facet normal -0 -0.321388 -0.946948
    outer loop
      vertex -5 -4.41005 20.7492
      vertex -15 -5.05414 20.9678
      vertex -15 -4.41005 20.7492
    endloop
  endfacet
  facet normal 0 -0.555575 -0.831466
    outer loop
      vertex -15 -3.8 20.4483
      vertex -5 -3.23444 20.0704
      vertex -5 -3.8 20.4483
    endloop
  endfacet
  facet normal -0 -0.555575 -0.831466
    outer loop
      vertex -5 -3.23444 20.0704
      vertex -15 -3.8 20.4483
      vertex -15 -3.23444 20.0704
    endloop
  endfacet
  facet normal -0 0.658743 0.752368
    outer loop
      vertex -15 -9.56556 11.8196
      vertex -5 -9.59457 11.845
      vertex -5 -9.56556 11.8196
    endloop
  endfacet
  facet normal 0 0.658743 0.752368
    outer loop
      vertex -5 -9.59457 11.845
      vertex -15 -9.56556 11.8196
      vertex -15 -9.59457 11.845
    endloop
  endfacet
  facet normal 0 0 -1
    outer loop
      vertex -15 -13.0214 20.045
      vertex -5 -9.59457 20.045
      vertex -5 -13.0214 20.045
    endloop
  endfacet
  facet normal -0 0 -1
    outer loop
      vertex -5 -9.59457 20.045
      vertex -15 -13.0214 20.045
      vertex -15 -9.59457 20.045
    endloop
  endfacet
  facet normal -0 0 1
    outer loop
      vertex -15 -9.59457 11.845
      vertex -5 -13.0214 11.845
      vertex -5 -9.59457 11.845
    endloop
  endfacet
  facet normal 0 0 1
    outer loop
      vertex -5 -13.0214 11.845
      vertex -15 -9.59457 11.845
      vertex -15 -13.0214 11.845
    endloop
  endfacet
  facet normal -0 0.321386 0.946948
    outer loop
      vertex 5 -3.41507 23.1513
      vertex 15 -4.38121 23.4792
      vertex 15 -3.41507 23.1513
    endloop
  endfacet
  facet normal 0 0.321386 0.946948
    outer loop
      vertex 15 -4.38121 23.4792
      vertex 5 -3.41507 23.1513
      vertex 5 -4.38121 23.4792
    endloop
  endfacet
  facet normal 0 -0.0654033 -0.997859
    outer loop
      vertex 5 -7.4181 8.21173
      vertex 15 -6.4 8.145
      vertex 15 -7.4181 8.21173
    endloop
  endfacet
  facet normal -0 -0.0654033 -0.997859
    outer loop
      vertex 15 -6.4 8.145
      vertex 5 -7.4181 8.21173
      vertex 5 -6.4 8.145
    endloop
  endfacet
  facet normal 0 -0.659385 0.751805
    outer loop
      vertex 5 -11.1483 22.1332
      vertex 15 -11.9154 21.4604
      vertex 15 -11.1483 22.1332
    endloop
  endfacet
  facet normal 0 -0.659385 0.751805
    outer loop
      vertex 15 -11.9154 21.4604
      vertex 5 -11.1483 22.1332
      vertex 5 -11.9154 21.4604
    endloop
  endfacet
  facet normal 0 0.195091 -0.980785
    outer loop
      vertex 5 -5.3819 8.21173
      vertex 15 -4.38121 8.41078
      vertex 15 -5.3819 8.21173
    endloop
  endfacet
  facet normal 0 0.195091 -0.980785
    outer loop
      vertex 15 -4.38121 8.41078
      vertex 5 -5.3819 8.21173
      vertex 5 -4.38121 8.41078
    endloop
  endfacet
  facet normal 0 0.896879 0.442277
    outer loop
      vertex 15 0.80626 18.9299
      vertex 5 0.354998 19.845
      vertex 15 0.354998 19.845
    endloop
  endfacet
  facet normal 0 0.896879 0.442277
    outer loop
      vertex 5 0.354998 19.845
      vertex 15 0.80626 18.9299
      vertex 5 0.80626 18.9299
    endloop
  endfacet
  facet normal 0 -0.065374 0.997861
    outer loop
      vertex 5 -6.4 23.745
      vertex 15 -7.4181 23.6783
      vertex 15 -6.4 23.745
    endloop
  endfacet
  facet normal 0 -0.065374 0.997861
    outer loop
      vertex 15 -7.4181 23.6783
      vertex 5 -6.4 23.745
      vertex 5 -7.4181 23.6783
    endloop
  endfacet
  facet normal 0 -0.195091 -0.980785
    outer loop
      vertex 5 -8.41879 8.41078
      vertex 15 -7.4181 8.21173
      vertex 15 -8.41879 8.41078
    endloop
  endfacet
  facet normal -0 -0.195091 -0.980785
    outer loop
      vertex 15 -7.4181 8.21173
      vertex 5 -8.41879 8.41078
      vertex 5 -7.4181 8.21173
    endloop
  endfacet
  facet normal 0 0.946926 0.321451
    outer loop
      vertex 15 1.13422 17.9638
      vertex 5 0.80626 18.9299
      vertex 15 0.80626 18.9299
    endloop
  endfacet
  facet normal 0 0.946926 0.321451
    outer loop
      vertex 5 0.80626 18.9299
      vertex 15 1.13422 17.9638
      vertex 5 1.13422 17.9638
    endloop
  endfacet
  facet normal -0 0.442318 0.896858
    outer loop
      vertex 5 -2.5 22.7
      vertex 15 -3.41507 23.1513
      vertex 15 -2.5 22.7
    endloop
  endfacet
  facet normal 0 0.442318 0.896858
    outer loop
      vertex 15 -3.41507 23.1513
      vertex 5 -2.5 22.7
      vertex 5 -3.41507 23.1513
    endloop
  endfacet
  facet normal 0 -0.831458 0.555588
    outer loop
      vertex 5 -13.0214 20.045
      vertex 15 -12.5882 20.6933
      vertex 5 -12.5882 20.6933
    endloop
  endfacet
  facet normal 0 -0.831458 0.555588
    outer loop
      vertex 15 -12.5882 20.6933
      vertex 5 -13.0214 20.045
      vertex 15 -13.0214 20.045
    endloop
  endfacet
  facet normal 0 0.751843 0.659343
    outer loop
      vertex 15 -0.211843 20.6933
      vertex 5 -0.884566 21.4604
      vertex 15 -0.884566 21.4604
    endloop
  endfacet
  facet normal 0 0.751843 0.659343
    outer loop
      vertex 5 -0.884566 21.4604
      vertex 15 -0.211843 20.6933
      vertex 5 -0.211843 20.6933
    endloop
  endfacet
  facet normal 0 0.321439 -0.94693
    outer loop
      vertex 5 -4.38121 8.41078
      vertex 15 -3.5 8.70991
      vertex 15 -4.38121 8.41078
    endloop
  endfacet
  facet normal 0 0.321439 -0.94693
    outer loop
      vertex 15 -3.5 8.70991
      vertex 5 -4.38121 8.41078
      vertex 5 -3.5 8.70991
    endloop
  endfacet
  facet normal 0 -0.321386 0.946948
    outer loop
      vertex 5 -8.41879 23.4792
      vertex 15 -9.38493 23.1513
      vertex 15 -8.41879 23.4792
    endloop
  endfacet
  facet normal 0 -0.321386 0.946948
    outer loop
      vertex 15 -9.38493 23.1513
      vertex 5 -8.41879 23.4792
      vertex 5 -9.38493 23.1513
    endloop
  endfacet
  facet normal 0 0.0654033 -0.997859
    outer loop
      vertex 5 -6.4 8.145
      vertex 15 -5.3819 8.21173
      vertex 15 -6.4 8.145
    endloop
  endfacet
  facet normal 0 0.0654033 -0.997859
    outer loop
      vertex 15 -5.3819 8.21173
      vertex 5 -6.4 8.145
      vertex 5 -5.3819 8.21173
    endloop
  endfacet
  facet normal -1 0 0
    outer loop
      vertex 5 -3.5 8.70991
      vertex 5 -3.8 11.4417
      vertex 5 -3.5 11.6421
    endloop
  endfacet
  facet normal -1 0 0
    outer loop
      vertex 5 -5.05414 10.9222
      vertex 5 -3.5 8.70991
      vertex 5 -4.38121 8.41078
    endloop
  endfacet
  facet normal -1 0 0
    outer loop
      vertex 5 -3.5 8.70991
      vertex 5 -4.41005 11.1408
      vertex 5 -3.8 11.4417
    endloop
  endfacet
  facet normal -1 0 0
    outer loop
      vertex 5 -3.5 8.70991
      vertex 5 -5.05414 10.9222
      vertex 5 -4.41005 11.1408
    endloop
  endfacet
  facet normal -1 0 0
    outer loop
      vertex 5 -5.3819 8.21173
      vertex 5 -5.05414 10.9222
      vertex 5 -4.38121 8.41078
    endloop
  endfacet
  facet normal -1 0 0
    outer loop
      vertex 5 -5.3819 8.21173
      vertex 5 -5.72126 10.7895
      vertex 5 -5.05414 10.9222
    endloop
  endfacet
  facet normal -1 0 0
    outer loop
      vertex 5 -6.4 8.145
      vertex 5 -5.72126 10.7895
      vertex 5 -5.3819 8.21173
    endloop
  endfacet
  facet normal -1 0 0
    outer loop
      vertex 5 -6.4 8.145
      vertex 5 -6.4 10.745
      vertex 5 -5.72126 10.7895
    endloop
  endfacet
  facet normal -1 0 0
    outer loop
      vertex 5 -6.4 8.145
      vertex 5 -7.07874 10.7895
      vertex 5 -6.4 10.745
    endloop
  endfacet
  facet normal -1 0 0
    outer loop
      vertex 5 -7.4181 8.21173
      vertex 5 -7.07874 10.7895
      vertex 5 -6.4 8.145
    endloop
  endfacet
  facet normal -1 0 0
    outer loop
      vertex 5 -7.4181 8.21173
      vertex 5 -7.74586 10.9222
      vertex 5 -7.07874 10.7895
    endloop
  endfacet
  facet normal -1 0 0
    outer loop
      vertex 5 -8.41879 8.41078
      vertex 5 -7.74586 10.9222
      vertex 5 -7.4181 8.21173
    endloop
  endfacet
  facet normal -1 -0 0
    outer loop
      vertex 5 -7.74586 10.9222
      vertex 5 -8.41879 8.41078
      vertex 5 -8.38995 11.1408
    endloop
  endfacet
  facet normal -1 0 0
    outer loop
      vertex 5 -9.38493 8.73874
      vertex 5 -8.38995 11.1408
      vertex 5 -8.41879 8.41078
    endloop
  endfacet
  facet normal -1 -0 0
    outer loop
      vertex 5 -8.38995 11.1408
      vertex 5 -9.38493 8.73874
      vertex 5 -9 11.4417
    endloop
  endfacet
  facet normal -1 0 0
    outer loop
      vertex 5 -10.3 9.19
      vertex 5 -9 11.4417
      vertex 5 -9.38493 8.73874
    endloop
  endfacet
  facet normal -1 -0 0
    outer loop
      vertex 5 -9 11.4417
      vertex 5 -10.3 9.19
      vertex 5 -9.56556 11.8196
    endloop
  endfacet
  facet normal -1 0 0
    outer loop
      vertex 5 -11.1483 9.75684
      vertex 5 -9.56556 11.8196
      vertex 5 -10.3 9.19
    endloop
  endfacet
  facet normal -1 -0 0
    outer loop
      vertex 5 -9.56556 11.8196
      vertex 5 -11.1483 9.75684
      vertex 5 -9.59457 11.845
    endloop
  endfacet
  facet normal -1 0 0
    outer loop
      vertex 5 -11.9154 10.4296
      vertex 5 -9.59457 11.845
      vertex 5 -11.1483 9.75684
    endloop
  endfacet
  facet normal -1 0 0
    outer loop
      vertex 5 -12.5882 11.1967
      vertex 5 -9.59457 11.845
      vertex 5 -11.9154 10.4296
    endloop
  endfacet
  facet normal -1 -0 0
    outer loop
      vertex 5 -9.59457 11.845
      vertex 5 -12.5882 11.1967
      vertex 5 -13.0214 11.845
    endloop
  endfacet
  facet normal -1 0 0
    outer loop
      vertex 5 -1.37718 14.5991
      vertex 5 0 17.4909
      vertex 5 0 7.855
    endloop
  endfacet
  facet normal -1 0 0
    outer loop
      vertex 5 -1.24449 16.6237
      vertex 5 0 17.4909
      vertex 5 -1.2 15.945
    endloop
  endfacet
  facet normal -1 0 0
    outer loop
      vertex 5 -1.37718 17.2909
      vertex 5 0 17.4909
      vertex 5 -1.24449 16.6237
    endloop
  endfacet
  facet normal -1 0 0
    outer loop
      vertex 5 0 17.4909
      vertex 5 -1.24449 15.2663
      vertex 5 -1.2 15.945
    endloop
  endfacet
  facet normal -1 0 0
    outer loop
      vertex 5 0 17.4909
      vertex 5 -1.37718 14.5991
      vertex 5 -1.24449 15.2663
    endloop
  endfacet
  facet normal -1 0 0
    outer loop
      vertex 5 0 7.855
      vertex 5 -1.59583 13.955
      vertex 5 -1.37718 14.5991
    endloop
  endfacet
  facet normal -1 0 0
    outer loop
      vertex 5 0 7.855
      vertex 5 -1.64516 13.855
      vertex 5 -1.59583 13.955
    endloop
  endfacet
  facet normal -1 0 0
    outer loop
      vertex 5 -3.5 8.70991
      vertex 5 0 7.855
      vertex 5 -3.5 7.855
    endloop
  endfacet
  facet normal -1 0 0
    outer loop
      vertex 5 -3.5 11.6421
      vertex 5 0 7.855
      vertex 5 -3.5 8.70991
    endloop
  endfacet
  facet normal -1 0 0
    outer loop
      vertex 5 0 7.855
      vertex 5 -3.5 11.6421
      vertex 5 -1.64516 13.855
    endloop
  endfacet
  facet normal -1 -0 0
    outer loop
      vertex 5 -1.64516 13.855
      vertex 5 -3.5 11.6421
      vertex 5 -3.5 13.855
    endloop
  endfacet
  facet normal -1 0 0
    outer loop
      vertex 5 0 17.4909
      vertex 5 1.13422 17.9638
      vertex 5 1.22828 17.4909
    endloop
  endfacet
  facet normal -1 -0 0
    outer loop
      vertex 5 1.13422 17.9638
      vertex 5 0 17.4909
      vertex 5 0.80626 18.9299
    endloop
  endfacet
  facet normal -1 -0 0
    outer loop
      vertex 5 0.80626 18.9299
      vertex 5 0 17.4909
      vertex 5 0.354998 19.845
    endloop
  endfacet
  facet normal -1 -0 0
    outer loop
      vertex 5 0.354998 19.845
      vertex 5 0 17.4909
      vertex 5 -0.211843 20.6933
    endloop
  endfacet
  facet normal -1 0 0
    outer loop
      vertex 5 -1.59583 17.935
      vertex 5 0 17.4909
      vertex 5 -1.37718 17.2909
    endloop
  endfacet
  facet normal -1 0 0
    outer loop
      vertex 5 -1.89667 18.545
      vertex 5 0 17.4909
      vertex 5 -1.59583 17.935
    endloop
  endfacet
  facet normal -1 0 0
    outer loop
      vertex 5 0 17.4909
      vertex 5 -1.89667 18.545
      vertex 5 -0.211843 20.6933
    endloop
  endfacet
  facet normal -1 0 0
    outer loop
      vertex 5 -2.27456 19.1106
      vertex 5 -0.211843 20.6933
      vertex 5 -1.89667 18.545
    endloop
  endfacet
  facet normal -1 -0 0
    outer loop
      vertex 5 -0.211843 20.6933
      vertex 5 -2.27456 19.1106
      vertex 5 -0.884566 21.4604
    endloop
  endfacet
  facet normal -1 0 0
    outer loop
      vertex 5 -2.72304 19.622
      vertex 5 -0.884566 21.4604
      vertex 5 -2.27456 19.1106
    endloop
  endfacet
  facet normal -1 -0 0
    outer loop
      vertex 5 -0.884566 21.4604
      vertex 5 -2.72304 19.622
      vertex 5 -1.65166 22.1332
    endloop
  endfacet
  facet normal -1 0 0
    outer loop
      vertex 5 -3.23444 20.0704
      vertex 5 -1.65166 22.1332
      vertex 5 -2.72304 19.622
    endloop
  endfacet
  facet normal -1 -0 0
    outer loop
      vertex 5 -1.65166 22.1332
      vertex 5 -3.23444 20.0704
      vertex 5 -2.5 22.7
    endloop
  endfacet
  facet normal -1 0 0
    outer loop
      vertex 5 -3.8 20.4483
      vertex 5 -2.5 22.7
      vertex 5 -3.23444 20.0704
    endloop
  endfacet
  facet normal -1 -0 0
    outer loop
      vertex 5 -2.5 22.7
      vertex 5 -3.8 20.4483
      vertex 5 -3.41507 23.1513
    endloop
  endfacet
  facet normal -1 0 0
    outer loop
      vertex 5 -4.41005 20.7492
      vertex 5 -3.41507 23.1513
      vertex 5 -3.8 20.4483
    endloop
  endfacet
  facet normal -1 -0 0
    outer loop
      vertex 5 -3.41507 23.1513
      vertex 5 -4.41005 20.7492
      vertex 5 -4.38121 23.4792
    endloop
  endfacet
  facet normal -1 0 0
    outer loop
      vertex 5 -5.05414 20.9678
      vertex 5 -4.38121 23.4792
      vertex 5 -4.41005 20.7492
    endloop
  endfacet
  facet normal -1 0 0
    outer loop
      vertex 5 -5.05414 20.9678
      vertex 5 -5.3819 23.6783
      vertex 5 -4.38121 23.4792
    endloop
  endfacet
  facet normal -1 0 0
    outer loop
      vertex 5 -5.72126 21.1005
      vertex 5 -5.3819 23.6783
      vertex 5 -5.05414 20.9678
    endloop
  endfacet
  facet normal -1 0 0
    outer loop
      vertex 5 -6.4 21.145
      vertex 5 -5.3819 23.6783
      vertex 5 -5.72126 21.1005
    endloop
  endfacet
  facet normal -1 0 0
    outer loop
      vertex 5 -6.4 21.145
      vertex 5 -6.4 23.745
      vertex 5 -5.3819 23.6783
    endloop
  endfacet
  facet normal -1 0 0
    outer loop
      vertex 5 -7.07874 21.1005
      vertex 5 -6.4 23.745
      vertex 5 -6.4 21.145
    endloop
  endfacet
  facet normal -1 0 0
    outer loop
      vertex 5 -7.07874 21.1005
      vertex 5 -7.4181 23.6783
      vertex 5 -6.4 23.745
    endloop
  endfacet
  facet normal -1 0 0
    outer loop
      vertex 5 -7.74586 20.9678
      vertex 5 -7.4181 23.6783
      vertex 5 -7.07874 21.1005
    endloop
  endfacet
  facet normal -1 0 0
    outer loop
      vertex 5 -8.41879 23.4792
      vertex 5 -7.74586 20.9678
      vertex 5 -8.38995 20.7492
    endloop
  endfacet
  facet normal -1 0 0
    outer loop
      vertex 5 -7.74586 20.9678
      vertex 5 -8.41879 23.4792
      vertex 5 -7.4181 23.6783
    endloop
  endfacet
  facet normal -1 0 0
    outer loop
      vertex 5 -9.38493 23.1513
      vertex 5 -8.38995 20.7492
      vertex 5 -9 20.4483
    endloop
  endfacet
  facet normal -1 0 0
    outer loop
      vertex 5 -8.38995 20.7492
      vertex 5 -9.38493 23.1513
      vertex 5 -8.41879 23.4792
    endloop
  endfacet
  facet normal -1 0 0
    outer loop
      vertex 5 -10.3 22.7
      vertex 5 -9 20.4483
      vertex 5 -9.56556 20.0704
    endloop
  endfacet
  facet normal -1 0 0
    outer loop
      vertex 5 -11.1483 22.1332
      vertex 5 -9.56556 20.0704
      vertex 5 -9.59457 20.045
    endloop
  endfacet
  facet normal -1 0 0
    outer loop
      vertex 5 -9 20.4483
      vertex 5 -10.3 22.7
      vertex 5 -9.38493 23.1513
    endloop
  endfacet
  facet normal -1 0 0
    outer loop
      vertex 5 -9.56556 20.0704
      vertex 5 -11.1483 22.1332
      vertex 5 -10.3 22.7
    endloop
  endfacet
  facet normal -1 0 0
    outer loop
      vertex 5 -9.59457 20.045
      vertex 5 -11.9154 21.4604
      vertex 5 -11.1483 22.1332
    endloop
  endfacet
  facet normal -1 0 0
    outer loop
      vertex 5 -9.59457 20.045
      vertex 5 -12.5882 20.6933
      vertex 5 -11.9154 21.4604
    endloop
  endfacet
  facet normal -1 0 -0
    outer loop
      vertex 5 -12.5882 20.6933
      vertex 5 -9.59457 20.045
      vertex 5 -13.0214 20.045
    endloop
  endfacet
  facet normal 0 -0.321439 -0.94693
    outer loop
      vertex 5 -9.38493 8.73874
      vertex 15 -8.41879 8.41078
      vertex 15 -9.38493 8.73874
    endloop
  endfacet
  facet normal -0 -0.321439 -0.94693
    outer loop
      vertex 15 -8.41879 8.41078
      vertex 5 -9.38493 8.73874
      vertex 5 -8.41879 8.41078
    endloop
  endfacet
  facet normal 0 -0.659363 -0.751825
    outer loop
      vertex 5 -11.9154 10.4296
      vertex 15 -11.1483 9.75684
      vertex 15 -11.9154 10.4296
    endloop
  endfacet
  facet normal -0 -0.659363 -0.751825
    outer loop
      vertex 15 -11.1483 9.75684
      vertex 5 -11.9154 10.4296
      vertex 5 -11.1483 9.75684
    endloop
  endfacet
  facet normal 0 0.831458 0.555587
    outer loop
      vertex 15 0.354998 19.845
      vertex 5 -0.211843 20.6933
      vertex 15 -0.211843 20.6933
    endloop
  endfacet
  facet normal 0 0.831458 0.555587
    outer loop
      vertex 5 -0.211843 20.6933
      vertex 15 0.354998 19.845
      vertex 5 0.354998 19.845
    endloop
  endfacet
  facet normal 0 -0.442318 0.896858
    outer loop
      vertex 5 -9.38493 23.1513
      vertex 15 -10.3 22.7
      vertex 15 -9.38493 23.1513
    endloop
  endfacet
  facet normal 0 -0.442318 0.896858
    outer loop
      vertex 15 -10.3 22.7
      vertex 5 -9.38493 23.1513
      vertex 5 -10.3 22.7
    endloop
  endfacet
  facet normal -0 0.659388 0.751803
    outer loop
      vertex 5 -0.884566 21.4604
      vertex 15 -1.65166 22.1332
      vertex 15 -0.884566 21.4604
    endloop
  endfacet
  facet normal 0 0.659388 0.751803
    outer loop
      vertex 15 -1.65166 22.1332
      vertex 5 -0.884566 21.4604
      vertex 5 -1.65166 22.1332
    endloop
  endfacet
  facet normal -0 0.555541 0.831489
    outer loop
      vertex 5 -1.65166 22.1332
      vertex 15 -2.5 22.7
      vertex 15 -1.65166 22.1332
    endloop
  endfacet
  facet normal 0 0.555541 0.831489
    outer loop
      vertex 15 -2.5 22.7
      vertex 5 -1.65166 22.1332
      vertex 5 -2.5 22.7
    endloop
  endfacet
  facet normal 0 -0.831458 -0.555588
    outer loop
      vertex 5 -12.5882 11.1967
      vertex 15 -13.0214 11.845
      vertex 5 -13.0214 11.845
    endloop
  endfacet
  facet normal 0 -0.831458 -0.555588
    outer loop
      vertex 15 -13.0214 11.845
      vertex 5 -12.5882 11.1967
      vertex 15 -12.5882 11.1967
    endloop
  endfacet
  facet normal 0 -0.555559 0.831477
    outer loop
      vertex 5 -10.3 22.7
      vertex 15 -11.1483 22.1332
      vertex 15 -10.3 22.7
    endloop
  endfacet
  facet normal 0 -0.555559 0.831477
    outer loop
      vertex 15 -11.1483 22.1332
      vertex 5 -10.3 22.7
      vertex 5 -11.1483 22.1332
    endloop
  endfacet
  facet normal 0 -0.195138 0.980776
    outer loop
      vertex 5 -7.4181 23.6783
      vertex 15 -8.41879 23.4792
      vertex 15 -7.4181 23.6783
    endloop
  endfacet
  facet normal 0 -0.195138 0.980776
    outer loop
      vertex 15 -8.41879 23.4792
      vertex 5 -7.4181 23.6783
      vertex 5 -8.41879 23.4792
    endloop
  endfacet
  facet normal 0 0.980788 0.195079
    outer loop
      vertex 15 1.22828 17.4909
      vertex 5 1.13422 17.9638
      vertex 15 1.13422 17.9638
    endloop
  endfacet
  facet normal 0 0.980788 0.195079
    outer loop
      vertex 5 1.13422 17.9638
      vertex 15 1.22828 17.4909
      vertex 5 1.22828 17.4909
    endloop
  endfacet
  facet normal 0 -0.555587 -0.831459
    outer loop
      vertex 5 -11.1483 9.75684
      vertex 15 -10.3 9.19
      vertex 15 -11.1483 9.75684
    endloop
  endfacet
  facet normal -0 -0.555587 -0.831459
    outer loop
      vertex 15 -10.3 9.19
      vertex 5 -11.1483 9.75684
      vertex 5 -10.3 9.19
    endloop
  endfacet
  facet normal 0 -0.751805 -0.659385
    outer loop
      vertex 5 -11.9154 10.4296
      vertex 15 -12.5882 11.1967
      vertex 5 -12.5882 11.1967
    endloop
  endfacet
  facet normal 0 -0.751805 -0.659385
    outer loop
      vertex 15 -12.5882 11.1967
      vertex 5 -11.9154 10.4296
      vertex 15 -11.9154 10.4296
    endloop
  endfacet
  facet normal 0 -0.751805 0.659385
    outer loop
      vertex 5 -12.5882 20.6933
      vertex 15 -11.9154 21.4604
      vertex 5 -11.9154 21.4604
    endloop
  endfacet
  facet normal 0 -0.751805 0.659385
    outer loop
      vertex 15 -11.9154 21.4604
      vertex 5 -12.5882 20.6933
      vertex 15 -12.5882 20.6933
    endloop
  endfacet
  facet normal 0 -0.442287 -0.896874
    outer loop
      vertex 5 -10.3 9.19
      vertex 15 -9.38493 8.73874
      vertex 15 -10.3 9.19
    endloop
  endfacet
  facet normal -0 -0.442287 -0.896874
    outer loop
      vertex 15 -9.38493 8.73874
      vertex 5 -10.3 9.19
      vertex 5 -9.38493 8.73874
    endloop
  endfacet
  facet normal -0 0.195138 0.980776
    outer loop
      vertex 5 -4.38121 23.4792
      vertex 15 -5.3819 23.6783
      vertex 15 -4.38121 23.4792
    endloop
  endfacet
  facet normal 0 0.195138 0.980776
    outer loop
      vertex 15 -5.3819 23.6783
      vertex 5 -4.38121 23.4792
      vertex 5 -5.3819 23.6783
    endloop
  endfacet
  facet normal -0 0.065374 0.997861
    outer loop
      vertex 5 -5.3819 23.6783
      vertex 15 -6.4 23.745
      vertex 15 -5.3819 23.6783
    endloop
  endfacet
  facet normal 0 0.065374 0.997861
    outer loop
      vertex 15 -6.4 23.745
      vertex 5 -5.3819 23.6783
      vertex 5 -6.4 23.745
    endloop
  endfacet
  facet normal 1 -0 0
    outer loop
      vertex 15 -3.8 11.4417
      vertex 15 -3.5 8.70991
      vertex 15 -3.5 11.6421
    endloop
  endfacet
  facet normal 1 -0 0
    outer loop
      vertex 15 -4.41005 11.1408
      vertex 15 -3.5 8.70991
      vertex 15 -3.8 11.4417
    endloop
  endfacet
  facet normal 1 -0 0
    outer loop
      vertex 15 -5.05414 10.9222
      vertex 15 -3.5 8.70991
      vertex 15 -4.41005 11.1408
    endloop
  endfacet
  facet normal 1 0 0
    outer loop
      vertex 15 -3.5 8.70991
      vertex 15 -5.05414 10.9222
      vertex 15 -4.38121 8.41078
    endloop
  endfacet
  facet normal 1 0 0
    outer loop
      vertex 15 -5.05414 10.9222
      vertex 15 -5.3819 8.21173
      vertex 15 -4.38121 8.41078
    endloop
  endfacet
  facet normal 1 -0 0
    outer loop
      vertex 15 -5.72126 10.7895
      vertex 15 -5.3819 8.21173
      vertex 15 -5.05414 10.9222
    endloop
  endfacet
  facet normal 1 -0 0
    outer loop
      vertex 15 -6.4 10.745
      vertex 15 -5.3819 8.21173
      vertex 15 -5.72126 10.7895
    endloop
  endfacet
  facet normal 1 0 0
    outer loop
      vertex 15 -6.4 10.745
      vertex 15 -6.4 8.145
      vertex 15 -5.3819 8.21173
    endloop
  endfacet
  facet normal 1 0 0
    outer loop
      vertex 15 -7.07874 10.7895
      vertex 15 -6.4 8.145
      vertex 15 -6.4 10.745
    endloop
  endfacet
  facet normal 1 0 0
    outer loop
      vertex 15 -7.07874 10.7895
      vertex 15 -7.4181 8.21173
      vertex 15 -6.4 8.145
    endloop
  endfacet
  facet normal 1 0 0
    outer loop
      vertex 15 -7.74586 10.9222
      vertex 15 -7.4181 8.21173
      vertex 15 -7.07874 10.7895
    endloop
  endfacet
  facet normal 1 0 0
    outer loop
      vertex 15 -8.41879 8.41078
      vertex 15 -7.74586 10.9222
      vertex 15 -8.38995 11.1408
    endloop
  endfacet
  facet normal 1 0 0
    outer loop
      vertex 15 -7.74586 10.9222
      vertex 15 -8.41879 8.41078
      vertex 15 -7.4181 8.21173
    endloop
  endfacet
  facet normal 1 0 0
    outer loop
      vertex 15 -9.38493 8.73874
      vertex 15 -8.38995 11.1408
      vertex 15 -9 11.4417
    endloop
  endfacet
  facet normal 1 0 0
    outer loop
      vertex 15 -8.38995 11.1408
      vertex 15 -9.38493 8.73874
      vertex 15 -8.41879 8.41078
    endloop
  endfacet
  facet normal 1 0 0
    outer loop
      vertex 15 -10.3 9.19
      vertex 15 -9 11.4417
      vertex 15 -9.56556 11.8196
    endloop
  endfacet
  facet normal 1 0 0
    outer loop
      vertex 15 -11.1483 9.75684
      vertex 15 -9.56556 11.8196
      vertex 15 -9.59457 11.845
    endloop
  endfacet
  facet normal 1 0 0
    outer loop
      vertex 15 -9 11.4417
      vertex 15 -10.3 9.19
      vertex 15 -9.38493 8.73874
    endloop
  endfacet
  facet normal 1 0 0
    outer loop
      vertex 15 -9.56556 11.8196
      vertex 15 -11.1483 9.75684
      vertex 15 -10.3 9.19
    endloop
  endfacet
  facet normal 1 0 0
    outer loop
      vertex 15 -9.59457 11.845
      vertex 15 -11.9154 10.4296
      vertex 15 -11.1483 9.75684
    endloop
  endfacet
  facet normal 1 0 0
    outer loop
      vertex 15 -9.59457 11.845
      vertex 15 -12.5882 11.1967
      vertex 15 -11.9154 10.4296
    endloop
  endfacet
  facet normal 1 0 -0
    outer loop
      vertex 15 -12.5882 11.1967
      vertex 15 -9.59457 11.845
      vertex 15 -13.0214 11.845
    endloop
  endfacet
  facet normal 1 0 0
    outer loop
      vertex 15 0 17.4909
      vertex 15 -1.24449 16.6237
      vertex 15 -1.2 15.945
    endloop
  endfacet
  facet normal 1 0 0
    outer loop
      vertex 15 -0.211843 20.6933
      vertex 15 -1.37718 17.2909
      vertex 15 -1.24449 16.6237
    endloop
  endfacet
  facet normal 1 0 0
    outer loop
      vertex 15 -0.211843 20.6933
      vertex 15 -1.59583 17.935
      vertex 15 -1.37718 17.2909
    endloop
  endfacet
  facet normal 1 0 0
    outer loop
      vertex 15 -2.72304 19.622
      vertex 15 -0.884566 21.4604
      vertex 15 -1.65166 22.1332
    endloop
  endfacet
  facet normal 1 0 0
    outer loop
      vertex 15 -0.211843 20.6933
      vertex 15 -1.89667 18.545
      vertex 15 -1.59583 17.935
    endloop
  endfacet
  facet normal 1 0 0
    outer loop
      vertex 15 -0.211843 20.6933
      vertex 15 -2.27456 19.1106
      vertex 15 -1.89667 18.545
    endloop
  endfacet
  facet normal 1 0 0
    outer loop
      vertex 15 -3.23444 20.0704
      vertex 15 -1.65166 22.1332
      vertex 15 -2.5 22.7
    endloop
  endfacet
  facet normal 1 0 0
    outer loop
      vertex 15 -0.884566 21.4604
      vertex 15 -2.72304 19.622
      vertex 15 -2.27456 19.1106
    endloop
  endfacet
  facet normal 1 0 0
    outer loop
      vertex 15 -1.65166 22.1332
      vertex 15 -3.23444 20.0704
      vertex 15 -2.72304 19.622
    endloop
  endfacet
  facet normal 1 0 0
    outer loop
      vertex 15 -3.8 20.4483
      vertex 15 -2.5 22.7
      vertex 15 -3.41507 23.1513
    endloop
  endfacet
  facet normal 1 0 0
    outer loop
      vertex 15 -2.5 22.7
      vertex 15 -3.8 20.4483
      vertex 15 -3.23444 20.0704
    endloop
  endfacet
  facet normal 1 0 0
    outer loop
      vertex 15 -4.41005 20.7492
      vertex 15 -3.41507 23.1513
      vertex 15 -4.38121 23.4792
    endloop
  endfacet
  facet normal 1 0 0
    outer loop
      vertex 15 -3.41507 23.1513
      vertex 15 -4.41005 20.7492
      vertex 15 -3.8 20.4483
    endloop
  endfacet
  facet normal 1 0 0
    outer loop
      vertex 15 -4.38121 23.4792
      vertex 15 -5.05414 20.9678
      vertex 15 -4.41005 20.7492
    endloop
  endfacet
  facet normal 1 0 0
    outer loop
      vertex 15 -5.3819 23.6783
      vertex 15 -5.05414 20.9678
      vertex 15 -4.38121 23.4792
    endloop
  endfacet
  facet normal 1 0 0
    outer loop
      vertex 15 -5.3819 23.6783
      vertex 15 -5.72126 21.1005
      vertex 15 -5.05414 20.9678
    endloop
  endfacet
  facet normal 1 0 0
    outer loop
      vertex 15 -6.4 23.745
      vertex 15 -5.72126 21.1005
      vertex 15 -5.3819 23.6783
    endloop
  endfacet
  facet normal 1 0 0
    outer loop
      vertex 15 -6.4 23.745
      vertex 15 -6.4 21.145
      vertex 15 -5.72126 21.1005
    endloop
  endfacet
  facet normal 1 0 0
    outer loop
      vertex 15 -6.4 23.745
      vertex 15 -7.07874 21.1005
      vertex 15 -6.4 21.145
    endloop
  endfacet
  facet normal 1 -0 0
    outer loop
      vertex 15 -7.4181 23.6783
      vertex 15 -7.07874 21.1005
      vertex 15 -6.4 23.745
    endloop
  endfacet
  facet normal 1 0 0
    outer loop
      vertex 15 -7.4181 23.6783
      vertex 15 -7.74586 20.9678
      vertex 15 -7.07874 21.1005
    endloop
  endfacet
  facet normal 1 -0 0
    outer loop
      vertex 15 -8.41879 23.4792
      vertex 15 -7.74586 20.9678
      vertex 15 -7.4181 23.6783
    endloop
  endfacet
  facet normal 1 0 0
    outer loop
      vertex 15 -7.74586 20.9678
      vertex 15 -8.41879 23.4792
      vertex 15 -8.38995 20.7492
    endloop
  endfacet
  facet normal 1 -0 0
    outer loop
      vertex 15 -9.38493 23.1513
      vertex 15 -8.38995 20.7492
      vertex 15 -8.41879 23.4792
    endloop
  endfacet
  facet normal 1 0 0
    outer loop
      vertex 15 -8.38995 20.7492
      vertex 15 -9.38493 23.1513
      vertex 15 -9 20.4483
    endloop
  endfacet
  facet normal 1 -0 0
    outer loop
      vertex 15 -10.3 22.7
      vertex 15 -9 20.4483
      vertex 15 -9.38493 23.1513
    endloop
  endfacet
  facet normal 1 0 0
    outer loop
      vertex 15 -9 20.4483
      vertex 15 -10.3 22.7
      vertex 15 -9.56556 20.0704
    endloop
  endfacet
  facet normal 1 -0 0
    outer loop
      vertex 15 -11.1483 22.1332
      vertex 15 -9.56556 20.0704
      vertex 15 -10.3 22.7
    endloop
  endfacet
  facet normal 1 0 0
    outer loop
      vertex 15 -9.56556 20.0704
      vertex 15 -11.1483 22.1332
      vertex 15 -9.59457 20.045
    endloop
  endfacet
  facet normal 1 -0 0
    outer loop
      vertex 15 -11.9154 21.4604
      vertex 15 -9.59457 20.045
      vertex 15 -11.1483 22.1332
    endloop
  endfacet
  facet normal 1 -0 0
    outer loop
      vertex 15 -12.5882 20.6933
      vertex 15 -9.59457 20.045
      vertex 15 -11.9154 21.4604
    endloop
  endfacet
  facet normal 1 0 0
    outer loop
      vertex 15 -9.59457 20.045
      vertex 15 -12.5882 20.6933
      vertex 15 -13.0214 20.045
    endloop
  endfacet
  facet normal 1 0 0
    outer loop
      vertex 15 0 17.4909
      vertex 15 1.13422 17.9638
      vertex 15 0.80626 18.9299
    endloop
  endfacet
  facet normal 1 0 0
    outer loop
      vertex 15 0 17.4909
      vertex 15 0.80626 18.9299
      vertex 15 0.354998 19.845
    endloop
  endfacet
  facet normal 1 0 0
    outer loop
      vertex 15 1.13422 17.9638
      vertex 15 0 17.4909
      vertex 15 1.22828 17.4909
    endloop
  endfacet
  facet normal 1 0 0
    outer loop
      vertex 15 -0.211843 20.6933
      vertex 15 0 17.4909
      vertex 15 0.354998 19.845
    endloop
  endfacet
  facet normal 1 0 0
    outer loop
      vertex 15 -2.27456 19.1106
      vertex 15 -0.211843 20.6933
      vertex 15 -0.884566 21.4604
    endloop
  endfacet
  facet normal 1 0 0
    outer loop
      vertex 15 -0.211843 20.6933
      vertex 15 -1.24449 16.6237
      vertex 15 0 17.4909
    endloop
  endfacet
  facet normal 1 0 0
    outer loop
      vertex 15 -1.24449 15.2663
      vertex 15 0 17.4909
      vertex 15 -1.2 15.945
    endloop
  endfacet
  facet normal 1 0 0
    outer loop
      vertex 15 -1.37718 14.5991
      vertex 15 0 17.4909
      vertex 15 -1.24449 15.2663
    endloop
  endfacet
  facet normal 1 0 0
    outer loop
      vertex 15 0 17.4909
      vertex 15 -1.37718 14.5991
      vertex 15 0 7.855
    endloop
  endfacet
  facet normal 1 -0 0
    outer loop
      vertex 15 -1.59583 13.955
      vertex 15 0 7.855
      vertex 15 -1.37718 14.5991
    endloop
  endfacet
  facet normal 1 -0 0
    outer loop
      vertex 15 -1.64516 13.855
      vertex 15 0 7.855
      vertex 15 -1.59583 13.955
    endloop
  endfacet
  facet normal 1 0 0
    outer loop
      vertex 15 -3.5 11.6421
      vertex 15 -1.64516 13.855
      vertex 15 -3.5 13.855
    endloop
  endfacet
  facet normal 1 0 0
    outer loop
      vertex 15 -1.64516 13.855
      vertex 15 -3.5 11.6421
      vertex 15 0 7.855
    endloop
  endfacet
  facet normal 1 -0 0
    outer loop
      vertex 15 -3.5 8.70991
      vertex 15 0 7.855
      vertex 15 -3.5 11.6421
    endloop
  endfacet
  facet normal 1 0 0
    outer loop
      vertex 15 0 7.855
      vertex 15 -3.5 8.70991
      vertex 15 -3.5 7.855
    endloop
  endfacet
  facet normal 0 0.0654222 -0.997858
    outer loop
      vertex 5 -7.07874 21.1005
      vertex 15 -6.4 21.145
      vertex 15 -7.07874 21.1005
    endloop
  endfacet
  facet normal 0 0.0654222 -0.997858
    outer loop
      vertex 15 -6.4 21.145
      vertex 5 -7.07874 21.1005
      vertex 5 -6.4 21.145
    endloop
  endfacet
  facet normal -0 0.321388 0.946948
    outer loop
      vertex 5 -7.74586 10.9222
      vertex 15 -8.38995 11.1408
      vertex 15 -7.74586 10.9222
    endloop
  endfacet
  facet normal 0 0.321388 0.946948
    outer loop
      vertex 15 -8.38995 11.1408
      vertex 5 -7.74586 10.9222
      vertex 5 -8.38995 11.1408
    endloop
  endfacet
  facet normal 0 -0.195093 0.980785
    outer loop
      vertex 5 -5.05414 10.9222
      vertex 15 -5.72126 10.7895
      vertex 15 -5.05414 10.9222
    endloop
  endfacet
  facet normal 0 -0.195093 0.980785
    outer loop
      vertex 15 -5.72126 10.7895
      vertex 5 -5.05414 10.9222
      vertex 5 -5.72126 10.7895
    endloop
  endfacet
  facet normal 0 -0.659275 -0.751902
    outer loop
      vertex 5 -3.23444 20.0704
      vertex 15 -2.72304 19.622
      vertex 15 -3.23444 20.0704
    endloop
  endfacet
  facet normal -0 -0.659275 -0.751902
    outer loop
      vertex 15 -2.72304 19.622
      vertex 5 -3.23444 20.0704
      vertex 5 -2.72304 19.622
    endloop
  endfacet
  facet normal 0 -0.0654222 0.997858
    outer loop
      vertex 5 -5.72126 10.7895
      vertex 15 -6.4 10.745
      vertex 15 -5.72126 10.7895
    endloop
  endfacet
  facet normal 0 -0.0654222 0.997858
    outer loop
      vertex 15 -6.4 10.745
      vertex 5 -5.72126 10.7895
      vertex 5 -6.4 10.745
    endloop
  endfacet
  facet normal 0 -0.946927 -0.321449
    outer loop
      vertex 5 -1.37718 17.2909
      vertex 15 -1.59583 17.935
      vertex 5 -1.59583 17.935
    endloop
  endfacet
  facet normal 0 -0.946927 -0.321449
    outer loop
      vertex 15 -1.59583 17.935
      vertex 5 -1.37718 17.2909
      vertex 15 -1.37718 17.2909
    endloop
  endfacet
  facet normal 0 -0.997858 -0.0654114
    outer loop
      vertex 5 -1.2 15.945
      vertex 15 -1.24449 16.6237
      vertex 5 -1.24449 16.6237
    endloop
  endfacet
  facet normal 0 -0.997858 -0.0654114
    outer loop
      vertex 15 -1.24449 16.6237
      vertex 5 -1.2 15.945
      vertex 15 -1.2 15.945
    endloop
  endfacet
  facet normal 0 -0.896818 0.4424
    outer loop
      vertex 5 -1.64516 13.855
      vertex 15 -1.59583 13.955
      vertex 5 -1.59583 13.955
    endloop
  endfacet
  facet normal 0 -0.896818 0.4424
    outer loop
      vertex 15 -1.59583 13.955
      vertex 5 -1.64516 13.855
      vertex 15 -1.64516 13.855
    endloop
  endfacet
  facet normal 0 -0.751844 -0.659341
    outer loop
      vertex 5 -2.27456 19.1106
      vertex 15 -2.72304 19.622
      vertex 5 -2.72304 19.622
    endloop
  endfacet
  facet normal 0 -0.751844 -0.659341
    outer loop
      vertex 15 -2.72304 19.622
      vertex 5 -2.27456 19.1106
      vertex 15 -2.27456 19.1106
    endloop
  endfacet
  facet normal 0 -0.442356 -0.89684
    outer loop
      vertex 5 -4.41005 20.7492
      vertex 15 -3.8 20.4483
      vertex 15 -4.41005 20.7492
    endloop
  endfacet
  facet normal -0 -0.442356 -0.89684
    outer loop
      vertex 15 -3.8 20.4483
      vertex 5 -4.41005 20.7492
      vertex 5 -3.8 20.4483
    endloop
  endfacet
  facet normal -0 0.555575 0.831466
    outer loop
      vertex 5 -9 11.4417
      vertex 15 -9.56556 11.8196
      vertex 15 -9 11.4417
    endloop
  endfacet
  facet normal 0 0.555575 0.831466
    outer loop
      vertex 15 -9.56556 11.8196
      vertex 5 -9 11.4417
      vertex 5 -9.56556 11.8196
    endloop
  endfacet
  facet normal 0 0.658743 -0.752368
    outer loop
      vertex 5 -9.59457 20.045
      vertex 15 -9.56556 20.0704
      vertex 15 -9.59457 20.045
    endloop
  endfacet
  facet normal 0 0.658743 -0.752368
    outer loop
      vertex 15 -9.56556 20.0704
      vertex 5 -9.59457 20.045
      vertex 5 -9.56556 20.0704
    endloop
  endfacet
  facet normal 0 0.555575 -0.831466
    outer loop
      vertex 5 -9.56556 20.0704
      vertex 15 -9 20.4483
      vertex 15 -9.56556 20.0704
    endloop
  endfacet
  facet normal 0 0.555575 -0.831466
    outer loop
      vertex 15 -9 20.4483
      vertex 5 -9.56556 20.0704
      vertex 5 -9 20.4483
    endloop
  endfacet
  facet normal 0 0.195093 -0.980785
    outer loop
      vertex 5 -7.74586 20.9678
      vertex 15 -7.07874 21.1005
      vertex 15 -7.74586 20.9678
    endloop
  endfacet
  facet normal 0 0.195093 -0.980785
    outer loop
      vertex 15 -7.07874 21.1005
      vertex 5 -7.74586 20.9678
      vertex 5 -7.07874 21.1005
    endloop
  endfacet
  facet normal 0 -0.831491 -0.555538
    outer loop
      vertex 5 -1.89667 18.545
      vertex 15 -2.27456 19.1106
      vertex 5 -2.27456 19.1106
    endloop
  endfacet
  facet normal 0 -0.831491 -0.555538
    outer loop
      vertex 15 -2.27456 19.1106
      vertex 5 -1.89667 18.545
      vertex 15 -1.89667 18.545
    endloop
  endfacet
  facet normal -0 0.0654222 0.997858
    outer loop
      vertex 5 -6.4 10.745
      vertex 15 -7.07874 10.7895
      vertex 15 -6.4 10.745
    endloop
  endfacet
  facet normal 0 0.0654222 0.997858
    outer loop
      vertex 15 -7.07874 10.7895
      vertex 5 -6.4 10.745
      vertex 5 -7.07874 10.7895
    endloop
  endfacet
  facet normal 0 -0.555468 0.831538
    outer loop
      vertex 5 -3.5 11.6421
      vertex 15 -3.8 11.4417
      vertex 15 -3.5 11.6421
    endloop
  endfacet
  facet normal 0 -0.555468 0.831538
    outer loop
      vertex 15 -3.8 11.4417
      vertex 5 -3.5 11.6421
      vertex 5 -3.8 11.4417
    endloop
  endfacet
  facet normal 0 -0.321388 0.946948
    outer loop
      vertex 5 -4.41005 11.1408
      vertex 15 -5.05414 10.9222
      vertex 15 -4.41005 11.1408
    endloop
  endfacet
  facet normal 0 -0.321388 0.946948
    outer loop
      vertex 15 -5.05414 10.9222
      vertex 5 -4.41005 11.1408
      vertex 5 -5.05414 10.9222
    endloop
  endfacet
  facet normal 0 -0.980792 -0.195056
    outer loop
      vertex 5 -1.24449 16.6237
      vertex 15 -1.37718 17.2909
      vertex 5 -1.37718 17.2909
    endloop
  endfacet
  facet normal 0 -0.980792 -0.195056
    outer loop
      vertex 15 -1.37718 17.2909
      vertex 5 -1.24449 16.6237
      vertex 15 -1.24449 16.6237
    endloop
  endfacet
  facet normal 0 -0.89686 -0.442314
    outer loop
      vertex 5 -1.59583 17.935
      vertex 15 -1.89667 18.545
      vertex 5 -1.89667 18.545
    endloop
  endfacet
  facet normal 0 -0.89686 -0.442314
    outer loop
      vertex 15 -1.89667 18.545
      vertex 5 -1.59583 17.935
      vertex 15 -1.59583 17.935
    endloop
  endfacet
  facet normal -0 0.195093 0.980785
    outer loop
      vertex 5 -7.07874 10.7895
      vertex 15 -7.74586 10.9222
      vertex 15 -7.07874 10.7895
    endloop
  endfacet
  facet normal 0 0.195093 0.980785
    outer loop
      vertex 15 -7.74586 10.9222
      vertex 5 -7.07874 10.7895
      vertex 5 -7.74586 10.9222
    endloop
  endfacet
  facet normal 0 -0.946927 0.321449
    outer loop
      vertex 5 -1.59583 13.955
      vertex 15 -1.37718 14.5991
      vertex 5 -1.37718 14.5991
    endloop
  endfacet
  facet normal 0 -0.946927 0.321449
    outer loop
      vertex 15 -1.37718 14.5991
      vertex 5 -1.59583 13.955
      vertex 15 -1.59583 13.955
    endloop
  endfacet
  facet normal 0 -0.980792 0.195056
    outer loop
      vertex 5 -1.37718 14.5991
      vertex 15 -1.24449 15.2663
      vertex 5 -1.24449 15.2663
    endloop
  endfacet
  facet normal 0 -0.980792 0.195056
    outer loop
      vertex 15 -1.24449 15.2663
      vertex 5 -1.37718 14.5991
      vertex 15 -1.37718 14.5991
    endloop
  endfacet
  facet normal 0 0.442356 -0.89684
    outer loop
      vertex 5 -9 20.4483
      vertex 15 -8.38995 20.7492
      vertex 15 -9 20.4483
    endloop
  endfacet
  facet normal 0 0.442356 -0.89684
    outer loop
      vertex 15 -8.38995 20.7492
      vertex 5 -9 20.4483
      vertex 5 -8.38995 20.7492
    endloop
  endfacet
  facet normal 0 -0.0654222 -0.997858
    outer loop
      vertex 5 -6.4 21.145
      vertex 15 -5.72126 21.1005
      vertex 15 -6.4 21.145
    endloop
  endfacet
  facet normal -0 -0.0654222 -0.997858
    outer loop
      vertex 15 -5.72126 21.1005
      vertex 5 -6.4 21.145
      vertex 5 -5.72126 21.1005
    endloop
  endfacet
  facet normal -0 0.442356 0.89684
    outer loop
      vertex 5 -8.38995 11.1408
      vertex 15 -9 11.4417
      vertex 15 -8.38995 11.1408
    endloop
  endfacet
  facet normal 0 0.442356 0.89684
    outer loop
      vertex 15 -9 11.4417
      vertex 5 -8.38995 11.1408
      vertex 5 -9 11.4417
    endloop
  endfacet
  facet normal 0 -0.321388 -0.946948
    outer loop
      vertex 5 -5.05414 20.9678
      vertex 15 -4.41005 20.7492
      vertex 15 -5.05414 20.9678
    endloop
  endfacet
  facet normal -0 -0.321388 -0.946948
    outer loop
      vertex 15 -4.41005 20.7492
      vertex 5 -5.05414 20.9678
      vertex 5 -4.41005 20.7492
    endloop
  endfacet
  facet normal 0 -0.195093 -0.980785
    outer loop
      vertex 5 -5.72126 21.1005
      vertex 15 -5.05414 20.9678
      vertex 15 -5.72126 21.1005
    endloop
  endfacet
  facet normal -0 -0.195093 -0.980785
    outer loop
      vertex 15 -5.05414 20.9678
      vertex 5 -5.72126 21.1005
      vertex 5 -5.05414 20.9678
    endloop
  endfacet
  facet normal 0 -0.442356 0.89684
    outer loop
      vertex 5 -3.8 11.4417
      vertex 15 -4.41005 11.1408
      vertex 15 -3.8 11.4417
    endloop
  endfacet
  facet normal 0 -0.442356 0.89684
    outer loop
      vertex 15 -4.41005 11.1408
      vertex 5 -3.8 11.4417
      vertex 5 -4.41005 11.1408
    endloop
  endfacet
  facet normal 0 -0.555575 -0.831466
    outer loop
      vertex 5 -3.8 20.4483
      vertex 15 -3.23444 20.0704
      vertex 15 -3.8 20.4483
    endloop
  endfacet
  facet normal -0 -0.555575 -0.831466
    outer loop
      vertex 15 -3.23444 20.0704
      vertex 5 -3.8 20.4483
      vertex 5 -3.23444 20.0704
    endloop
  endfacet
  facet normal 0 -0.997858 0.0654114
    outer loop
      vertex 5 -1.24449 15.2663
      vertex 15 -1.2 15.945
      vertex 5 -1.2 15.945
    endloop
  endfacet
  facet normal 0 -0.997858 0.0654114
    outer loop
      vertex 15 -1.2 15.945
      vertex 5 -1.24449 15.2663
      vertex 15 -1.24449 15.2663
    endloop
  endfacet
  facet normal 0 0.321388 -0.946948
    outer loop
      vertex 5 -8.38995 20.7492
      vertex 15 -7.74586 20.9678
      vertex 15 -8.38995 20.7492
    endloop
  endfacet
  facet normal 0 0.321388 -0.946948
    outer loop
      vertex 15 -7.74586 20.9678
      vertex 5 -8.38995 20.7492
      vertex 5 -7.74586 20.9678
    endloop
  endfacet
  facet normal -0 0.658743 0.752368
    outer loop
      vertex 5 -9.56556 11.8196
      vertex 15 -9.59457 11.845
      vertex 15 -9.56556 11.8196
    endloop
  endfacet
  facet normal 0 0.658743 0.752368
    outer loop
      vertex 15 -9.59457 11.845
      vertex 5 -9.56556 11.8196
      vertex 5 -9.59457 11.845
    endloop
  endfacet
  facet normal 0 0 -1
    outer loop
      vertex 5 -13.0214 20.045
      vertex 15 -9.59457 20.045
      vertex 15 -13.0214 20.045
    endloop
  endfacet
  facet normal -0 0 -1
    outer loop
      vertex 15 -9.59457 20.045
      vertex 5 -13.0214 20.045
      vertex 5 -9.59457 20.045
    endloop
  endfacet
  facet normal -0 0 1
    outer loop
      vertex 5 -9.59457 11.845
      vertex 15 -13.0214 11.845
      vertex 15 -9.59457 11.845
    endloop
  endfacet
  facet normal 0 0 1
    outer loop
      vertex 15 -13.0214 11.845
      vertex 5 -9.59457 11.845
      vertex 5 -13.0214 11.845
    endloop
  endfacet
  facet normal -0 0.195138 0.980776
    outer loop
      vertex 25 -4.38121 23.4792
      vertex 35 -5.3819 23.6783
      vertex 35 -4.38121 23.4792
    endloop
  endfacet
  facet normal 0 0.195138 0.980776
    outer loop
      vertex 35 -5.3819 23.6783
      vertex 25 -4.38121 23.4792
      vertex 25 -5.3819 23.6783
    endloop
  endfacet
  facet normal 0 -0.659385 0.751805
    outer loop
      vertex 25 -11.1483 22.1332
      vertex 35 -11.9154 21.4604
      vertex 35 -11.1483 22.1332
    endloop
  endfacet
  facet normal 0 -0.659385 0.751805
    outer loop
      vertex 35 -11.9154 21.4604
      vertex 25 -11.1483 22.1332
      vertex 25 -11.9154 21.4604
    endloop
  endfacet
  facet normal -0 0.321386 0.946948
    outer loop
      vertex 25 -3.41507 23.1513
      vertex 35 -4.38121 23.4792
      vertex 35 -3.41507 23.1513
    endloop
  endfacet
  facet normal 0 0.321386 0.946948
    outer loop
      vertex 35 -4.38121 23.4792
      vertex 25 -3.41507 23.1513
      vertex 25 -4.38121 23.4792
    endloop
  endfacet
  facet normal 0 0.195091 -0.980785
    outer loop
      vertex 25 -5.3819 8.21173
      vertex 35 -4.38121 8.41078
      vertex 35 -5.3819 8.21173
    endloop
  endfacet
  facet normal 0 0.195091 -0.980785
    outer loop
      vertex 35 -4.38121 8.41078
      vertex 25 -5.3819 8.21173
      vertex 25 -4.38121 8.41078
    endloop
  endfacet
  facet normal 0 0.0654033 -0.997859
    outer loop
      vertex 25 -6.4 8.145
      vertex 35 -5.3819 8.21173
      vertex 35 -6.4 8.145
    endloop
  endfacet
  facet normal 0 0.0654033 -0.997859
    outer loop
      vertex 35 -5.3819 8.21173
      vertex 25 -6.4 8.145
      vertex 25 -5.3819 8.21173
    endloop
  endfacet
  facet normal 0 -0.659363 -0.751825
    outer loop
      vertex 25 -11.9154 10.4296
      vertex 35 -11.1483 9.75684
      vertex 35 -11.9154 10.4296
    endloop
  endfacet
  facet normal -0 -0.659363 -0.751825
    outer loop
      vertex 35 -11.1483 9.75684
      vertex 25 -11.9154 10.4296
      vertex 25 -11.1483 9.75684
    endloop
  endfacet
  facet normal 0 -0.195138 0.980776
    outer loop
      vertex 25 -7.4181 23.6783
      vertex 35 -8.41879 23.4792
      vertex 35 -7.4181 23.6783
    endloop
  endfacet
  facet normal 0 -0.195138 0.980776
    outer loop
      vertex 35 -8.41879 23.4792
      vertex 25 -7.4181 23.6783
      vertex 25 -8.41879 23.4792
    endloop
  endfacet
  facet normal -1 0 0
    outer loop
      vertex 25 -3.5 8.70991
      vertex 25 -3.8 11.4417
      vertex 25 -3.5 11.6421
    endloop
  endfacet
  facet normal -1 0 0
    outer loop
      vertex 25 -5.05414 10.9222
      vertex 25 -3.5 8.70991
      vertex 25 -4.38121 8.41078
    endloop
  endfacet
  facet normal -1 0 0
    outer loop
      vertex 25 -3.5 8.70991
      vertex 25 -4.41005 11.1408
      vertex 25 -3.8 11.4417
    endloop
  endfacet
  facet normal -1 0 0
    outer loop
      vertex 25 -3.5 8.70991
      vertex 25 -5.05414 10.9222
      vertex 25 -4.41005 11.1408
    endloop
  endfacet
  facet normal -1 0 0
    outer loop
      vertex 25 -5.3819 8.21173
      vertex 25 -5.05414 10.9222
      vertex 25 -4.38121 8.41078
    endloop
  endfacet
  facet normal -1 0 0
    outer loop
      vertex 25 -5.3819 8.21173
      vertex 25 -5.72126 10.7895
      vertex 25 -5.05414 10.9222
    endloop
  endfacet
  facet normal -1 0 0
    outer loop
      vertex 25 -6.4 8.145
      vertex 25 -5.72126 10.7895
      vertex 25 -5.3819 8.21173
    endloop
  endfacet
  facet normal -1 0 0
    outer loop
      vertex 25 -6.4 8.145
      vertex 25 -6.4 10.745
      vertex 25 -5.72126 10.7895
    endloop
  endfacet
  facet normal -1 0 0
    outer loop
      vertex 25 -6.4 8.145
      vertex 25 -7.07874 10.7895
      vertex 25 -6.4 10.745
    endloop
  endfacet
  facet normal -1 0 0
    outer loop
      vertex 25 -7.4181 8.21173
      vertex 25 -7.07874 10.7895
      vertex 25 -6.4 8.145
    endloop
  endfacet
  facet normal -1 0 0
    outer loop
      vertex 25 -7.4181 8.21173
      vertex 25 -7.74586 10.9222
      vertex 25 -7.07874 10.7895
    endloop
  endfacet
  facet normal -1 0 0
    outer loop
      vertex 25 -8.41879 8.41078
      vertex 25 -7.74586 10.9222
      vertex 25 -7.4181 8.21173
    endloop
  endfacet
  facet normal -1 -0 0
    outer loop
      vertex 25 -7.74586 10.9222
      vertex 25 -8.41879 8.41078
      vertex 25 -8.38995 11.1408
    endloop
  endfacet
  facet normal -1 0 0
    outer loop
      vertex 25 -9.38493 8.73874
      vertex 25 -8.38995 11.1408
      vertex 25 -8.41879 8.41078
    endloop
  endfacet
  facet normal -1 -0 0
    outer loop
      vertex 25 -8.38995 11.1408
      vertex 25 -9.38493 8.73874
      vertex 25 -9 11.4417
    endloop
  endfacet
  facet normal -1 0 0
    outer loop
      vertex 25 -10.3 9.19
      vertex 25 -9 11.4417
      vertex 25 -9.38493 8.73874
    endloop
  endfacet
  facet normal -1 -0 0
    outer loop
      vertex 25 -9 11.4417
      vertex 25 -10.3 9.19
      vertex 25 -9.56556 11.8196
    endloop
  endfacet
  facet normal -1 0 0
    outer loop
      vertex 25 -11.1483 9.75684
      vertex 25 -9.56556 11.8196
      vertex 25 -10.3 9.19
    endloop
  endfacet
  facet normal -1 -0 0
    outer loop
      vertex 25 -9.56556 11.8196
      vertex 25 -11.1483 9.75684
      vertex 25 -9.59457 11.845
    endloop
  endfacet
  facet normal -1 0 0
    outer loop
      vertex 25 -11.9154 10.4296
      vertex 25 -9.59457 11.845
      vertex 25 -11.1483 9.75684
    endloop
  endfacet
  facet normal -1 0 0
    outer loop
      vertex 25 -12.5882 11.1967
      vertex 25 -9.59457 11.845
      vertex 25 -11.9154 10.4296
    endloop
  endfacet
  facet normal -1 -0 0
    outer loop
      vertex 25 -9.59457 11.845
      vertex 25 -12.5882 11.1967
      vertex 25 -13.0214 11.845
    endloop
  endfacet
  facet normal -1 0 0
    outer loop
      vertex 25 -1.37718 14.5991
      vertex 25 0 17.4909
      vertex 25 0 7.855
    endloop
  endfacet
  facet normal -1 0 0
    outer loop
      vertex 25 -1.24449 16.6237
      vertex 25 0 17.4909
      vertex 25 -1.2 15.945
    endloop
  endfacet
  facet normal -1 0 0
    outer loop
      vertex 25 -1.37718 17.2909
      vertex 25 0 17.4909
      vertex 25 -1.24449 16.6237
    endloop
  endfacet
  facet normal -1 0 0
    outer loop
      vertex 25 0 17.4909
      vertex 25 -1.24449 15.2663
      vertex 25 -1.2 15.945
    endloop
  endfacet
  facet normal -1 0 0
    outer loop
      vertex 25 0 17.4909
      vertex 25 -1.37718 14.5991
      vertex 25 -1.24449 15.2663
    endloop
  endfacet
  facet normal -1 0 0
    outer loop
      vertex 25 0 7.855
      vertex 25 -1.59583 13.955
      vertex 25 -1.37718 14.5991
    endloop
  endfacet
  facet normal -1 0 0
    outer loop
      vertex 25 0 7.855
      vertex 25 -1.64516 13.855
      vertex 25 -1.59583 13.955
    endloop
  endfacet
  facet normal -1 0 0
    outer loop
      vertex 25 -3.5 8.70991
      vertex 25 0 7.855
      vertex 25 -3.5 7.855
    endloop
  endfacet
  facet normal -1 0 0
    outer loop
      vertex 25 -3.5 11.6421
      vertex 25 0 7.855
      vertex 25 -3.5 8.70991
    endloop
  endfacet
  facet normal -1 0 0
    outer loop
      vertex 25 0 7.855
      vertex 25 -3.5 11.6421
      vertex 25 -1.64516 13.855
    endloop
  endfacet
  facet normal -1 -0 0
    outer loop
      vertex 25 -1.64516 13.855
      vertex 25 -3.5 11.6421
      vertex 25 -3.5 13.855
    endloop
  endfacet
  facet normal -1 0 0
    outer loop
      vertex 25 0 17.4909
      vertex 25 1.13422 17.9638
      vertex 25 1.22828 17.4909
    endloop
  endfacet
  facet normal -1 -0 0
    outer loop
      vertex 25 1.13422 17.9638
      vertex 25 0 17.4909
      vertex 25 0.80626 18.9299
    endloop
  endfacet
  facet normal -1 -0 0
    outer loop
      vertex 25 0.80626 18.9299
      vertex 25 0 17.4909
      vertex 25 0.354998 19.845
    endloop
  endfacet
  facet normal -1 -0 0
    outer loop
      vertex 25 0.354998 19.845
      vertex 25 0 17.4909
      vertex 25 -0.211843 20.6933
    endloop
  endfacet
  facet normal -1 0 0
    outer loop
      vertex 25 -1.59583 17.935
      vertex 25 0 17.4909
      vertex 25 -1.37718 17.2909
    endloop
  endfacet
  facet normal -1 0 0
    outer loop
      vertex 25 -1.89667 18.545
      vertex 25 0 17.4909
      vertex 25 -1.59583 17.935
    endloop
  endfacet
  facet normal -1 0 0
    outer loop
      vertex 25 0 17.4909
      vertex 25 -1.89667 18.545
      vertex 25 -0.211843 20.6933
    endloop
  endfacet
  facet normal -1 0 0
    outer loop
      vertex 25 -2.27456 19.1106
      vertex 25 -0.211843 20.6933
      vertex 25 -1.89667 18.545
    endloop
  endfacet
  facet normal -1 -0 0
    outer loop
      vertex 25 -0.211843 20.6933
      vertex 25 -2.27456 19.1106
      vertex 25 -0.884566 21.4604
    endloop
  endfacet
  facet normal -1 0 0
    outer loop
      vertex 25 -2.72304 19.622
      vertex 25 -0.884566 21.4604
      vertex 25 -2.27456 19.1106
    endloop
  endfacet
  facet normal -1 -0 0
    outer loop
      vertex 25 -0.884566 21.4604
      vertex 25 -2.72304 19.622
      vertex 25 -1.65166 22.1332
    endloop
  endfacet
  facet normal -1 0 0
    outer loop
      vertex 25 -3.23444 20.0704
      vertex 25 -1.65166 22.1332
      vertex 25 -2.72304 19.622
    endloop
  endfacet
  facet normal -1 -0 0
    outer loop
      vertex 25 -1.65166 22.1332
      vertex 25 -3.23444 20.0704
      vertex 25 -2.5 22.7
    endloop
  endfacet
  facet normal -1 0 0
    outer loop
      vertex 25 -3.8 20.4483
      vertex 25 -2.5 22.7
      vertex 25 -3.23444 20.0704
    endloop
  endfacet
  facet normal -1 -0 0
    outer loop
      vertex 25 -2.5 22.7
      vertex 25 -3.8 20.4483
      vertex 25 -3.41507 23.1513
    endloop
  endfacet
  facet normal -1 0 0
    outer loop
      vertex 25 -4.41005 20.7492
      vertex 25 -3.41507 23.1513
      vertex 25 -3.8 20.4483
    endloop
  endfacet
  facet normal -1 -0 0
    outer loop
      vertex 25 -3.41507 23.1513
      vertex 25 -4.41005 20.7492
      vertex 25 -4.38121 23.4792
    endloop
  endfacet
  facet normal -1 0 0
    outer loop
      vertex 25 -5.05414 20.9678
      vertex 25 -4.38121 23.4792
      vertex 25 -4.41005 20.7492
    endloop
  endfacet
  facet normal -1 0 0
    outer loop
      vertex 25 -5.05414 20.9678
      vertex 25 -5.3819 23.6783
      vertex 25 -4.38121 23.4792
    endloop
  endfacet
  facet normal -1 0 0
    outer loop
      vertex 25 -5.72126 21.1005
      vertex 25 -5.3819 23.6783
      vertex 25 -5.05414 20.9678
    endloop
  endfacet
  facet normal -1 0 0
    outer loop
      vertex 25 -6.4 21.145
      vertex 25 -5.3819 23.6783
      vertex 25 -5.72126 21.1005
    endloop
  endfacet
  facet normal -1 0 0
    outer loop
      vertex 25 -6.4 21.145
      vertex 25 -6.4 23.745
      vertex 25 -5.3819 23.6783
    endloop
  endfacet
  facet normal -1 0 0
    outer loop
      vertex 25 -7.07874 21.1005
      vertex 25 -6.4 23.745
      vertex 25 -6.4 21.145
    endloop
  endfacet
  facet normal -1 0 0
    outer loop
      vertex 25 -7.07874 21.1005
      vertex 25 -7.4181 23.6783
      vertex 25 -6.4 23.745
    endloop
  endfacet
  facet normal -1 0 0
    outer loop
      vertex 25 -7.74586 20.9678
      vertex 25 -7.4181 23.6783
      vertex 25 -7.07874 21.1005
    endloop
  endfacet
  facet normal -1 0 0
    outer loop
      vertex 25 -8.41879 23.4792
      vertex 25 -7.74586 20.9678
      vertex 25 -8.38995 20.7492
    endloop
  endfacet
  facet normal -1 0 0
    outer loop
      vertex 25 -7.74586 20.9678
      vertex 25 -8.41879 23.4792
      vertex 25 -7.4181 23.6783
    endloop
  endfacet
  facet normal -1 0 0
    outer loop
      vertex 25 -9.38493 23.1513
      vertex 25 -8.38995 20.7492
      vertex 25 -9 20.4483
    endloop
  endfacet
  facet normal -1 0 0
    outer loop
      vertex 25 -8.38995 20.7492
      vertex 25 -9.38493 23.1513
      vertex 25 -8.41879 23.4792
    endloop
  endfacet
  facet normal -1 0 0
    outer loop
      vertex 25 -10.3 22.7
      vertex 25 -9 20.4483
      vertex 25 -9.56556 20.0704
    endloop
  endfacet
  facet normal -1 0 0
    outer loop
      vertex 25 -11.1483 22.1332
      vertex 25 -9.56556 20.0704
      vertex 25 -9.59457 20.045
    endloop
  endfacet
  facet normal -1 0 0
    outer loop
      vertex 25 -9 20.4483
      vertex 25 -10.3 22.7
      vertex 25 -9.38493 23.1513
    endloop
  endfacet
  facet normal -1 0 0
    outer loop
      vertex 25 -9.56556 20.0704
      vertex 25 -11.1483 22.1332
      vertex 25 -10.3 22.7
    endloop
  endfacet
  facet normal -1 0 0
    outer loop
      vertex 25 -9.59457 20.045
      vertex 25 -11.9154 21.4604
      vertex 25 -11.1483 22.1332
    endloop
  endfacet
  facet normal -1 0 0
    outer loop
      vertex 25 -9.59457 20.045
      vertex 25 -12.5882 20.6933
      vertex 25 -11.9154 21.4604
    endloop
  endfacet
  facet normal -1 0 -0
    outer loop
      vertex 25 -12.5882 20.6933
      vertex 25 -9.59457 20.045
      vertex 25 -13.0214 20.045
    endloop
  endfacet
  facet normal 0 0.751843 0.659343
    outer loop
      vertex 35 -0.211843 20.6933
      vertex 25 -0.884566 21.4604
      vertex 35 -0.884566 21.4604
    endloop
  endfacet
  facet normal 0 0.751843 0.659343
    outer loop
      vertex 25 -0.884566 21.4604
      vertex 35 -0.211843 20.6933
      vertex 25 -0.211843 20.6933
    endloop
  endfacet
  facet normal 0 0.980788 0.195079
    outer loop
      vertex 35 1.13422 17.9638
      vertex 31.0916 1.22828 17.4909
      vertex 25 1.13422 17.9638
    endloop
  endfacet
  facet normal -6.39929e-07 0.980787 0.195084
    outer loop
      vertex 35 1.13422 17.9638
      vertex 31.4142 1.25195 17.3719
      vertex 31.0916 1.22828 17.4909
    endloop
  endfacet
  facet normal -2.99586e-06 0.980784 0.195098
    outer loop
      vertex 35 1.13422 17.9638
      vertex 32.7745 1.32826 16.9883
      vertex 31.4142 1.25195 17.3719
    endloop
  endfacet
  facet normal -0 0.980786 0.195089
    outer loop
      vertex 32.901 1.33327 16.9631
      vertex 35 1.13422 17.9638
      vertex 35 1.33327 16.9631
    endloop
  endfacet
  facet normal 1.39509e-05 0.980791 0.195061
    outer loop
      vertex 35 1.13422 17.9638
      vertex 32.901 1.33327 16.9631
      vertex 32.7745 1.32826 16.9883
    endloop
  endfacet
  facet normal 0 0.980788 0.195079
    outer loop
      vertex 25 1.13422 17.9638
      vertex 31.0916 1.22828 17.4909
      vertex 25 1.22828 17.4909
    endloop
  endfacet
  facet normal -0 0.065374 0.997861
    outer loop
      vertex 25 -5.3819 23.6783
      vertex 35 -6.4 23.745
      vertex 35 -5.3819 23.6783
    endloop
  endfacet
  facet normal 0 0.065374 0.997861
    outer loop
      vertex 35 -6.4 23.745
      vertex 25 -5.3819 23.6783
      vertex 25 -6.4 23.745
    endloop
  endfacet
  facet normal 0 0.321439 -0.94693
    outer loop
      vertex 25 -4.38121 8.41078
      vertex 35 -3.5 8.70991
      vertex 35 -4.38121 8.41078
    endloop
  endfacet
  facet normal 0 0.321439 -0.94693
    outer loop
      vertex 35 -3.5 8.70991
      vertex 25 -4.38121 8.41078
      vertex 25 -3.5 8.70991
    endloop
  endfacet
  facet normal 0 -0.442318 0.896858
    outer loop
      vertex 25 -9.38493 23.1513
      vertex 35 -10.3 22.7
      vertex 35 -9.38493 23.1513
    endloop
  endfacet
  facet normal 0 -0.442318 0.896858
    outer loop
      vertex 35 -10.3 22.7
      vertex 25 -9.38493 23.1513
      vertex 25 -10.3 22.7
    endloop
  endfacet
  facet normal 0 -0.555587 -0.831459
    outer loop
      vertex 25 -11.1483 9.75684
      vertex 35 -10.3 9.19
      vertex 35 -11.1483 9.75684
    endloop
  endfacet
  facet normal -0 -0.555587 -0.831459
    outer loop
      vertex 35 -10.3 9.19
      vertex 25 -11.1483 9.75684
      vertex 25 -10.3 9.19
    endloop
  endfacet
  facet normal 0 0.831458 0.555587
    outer loop
      vertex 35 0.354998 19.845
      vertex 25 -0.211843 20.6933
      vertex 35 -0.211843 20.6933
    endloop
  endfacet
  facet normal 0 0.831458 0.555587
    outer loop
      vertex 25 -0.211843 20.6933
      vertex 35 0.354998 19.845
      vertex 25 0.354998 19.845
    endloop
  endfacet
  facet normal 0 -0.065374 0.997861
    outer loop
      vertex 25 -6.4 23.745
      vertex 35 -7.4181 23.6783
      vertex 35 -6.4 23.745
    endloop
  endfacet
  facet normal 0 -0.065374 0.997861
    outer loop
      vertex 35 -7.4181 23.6783
      vertex 25 -6.4 23.745
      vertex 25 -7.4181 23.6783
    endloop
  endfacet
  facet normal -0 0.555541 0.831489
    outer loop
      vertex 25 -1.65166 22.1332
      vertex 35 -2.5 22.7
      vertex 35 -1.65166 22.1332
    endloop
  endfacet
  facet normal 0 0.555541 0.831489
    outer loop
      vertex 35 -2.5 22.7
      vertex 25 -1.65166 22.1332
      vertex 25 -2.5 22.7
    endloop
  endfacet
  facet normal 0 -0.751805 -0.659385
    outer loop
      vertex 25 -11.9154 10.4296
      vertex 35 -12.5882 11.1967
      vertex 25 -12.5882 11.1967
    endloop
  endfacet
  facet normal 0 -0.751805 -0.659385
    outer loop
      vertex 35 -12.5882 11.1967
      vertex 25 -11.9154 10.4296
      vertex 35 -11.9154 10.4296
    endloop
  endfacet
  facet normal 0 -0.321386 0.946948
    outer loop
      vertex 25 -8.41879 23.4792
      vertex 35 -9.38493 23.1513
      vertex 35 -8.41879 23.4792
    endloop
  endfacet
  facet normal 0 -0.321386 0.946948
    outer loop
      vertex 35 -9.38493 23.1513
      vertex 25 -8.41879 23.4792
      vertex 25 -9.38493 23.1513
    endloop
  endfacet
  facet normal 0 0.99786 0.0653825
    outer loop
      vertex 35 1.33327 16.9631
      vertex 34.1607 1.34969 16.7125
      vertex 32.901 1.33327 16.9631
    endloop
  endfacet
  facet normal -3.05809e-06 0.99786 0.0653927
    outer loop
      vertex 34.1607 1.34969 16.7125
      vertex 35 1.33327 16.9631
      vertex 35 1.3562 16.6132
    endloop
  endfacet
  facet normal 0 -0.195091 -0.980785
    outer loop
      vertex 25 -8.41879 8.41078
      vertex 35 -7.4181 8.21173
      vertex 35 -8.41879 8.41078
    endloop
  endfacet
  facet normal -0 -0.195091 -0.980785
    outer loop
      vertex 35 -7.4181 8.21173
      vertex 25 -8.41879 8.41078
      vertex 25 -7.4181 8.21173
    endloop
  endfacet
  facet normal 0 -0.751805 0.659385
    outer loop
      vertex 25 -12.5882 20.6933
      vertex 35 -11.9154 21.4604
      vertex 25 -11.9154 21.4604
    endloop
  endfacet
  facet normal 0 -0.751805 0.659385
    outer loop
      vertex 35 -11.9154 21.4604
      vertex 25 -12.5882 20.6933
      vertex 35 -12.5882 20.6933
    endloop
  endfacet
  facet normal 0 0.946926 0.321451
    outer loop
      vertex 35 1.13422 17.9638
      vertex 25 0.80626 18.9299
      vertex 35 0.80626 18.9299
    endloop
  endfacet
  facet normal 0 0.946926 0.321451
    outer loop
      vertex 25 0.80626 18.9299
      vertex 35 1.13422 17.9638
      vertex 25 1.13422 17.9638
    endloop
  endfacet
  facet normal 0 -0.0654033 -0.997859
    outer loop
      vertex 25 -7.4181 8.21173
      vertex 35 -6.4 8.145
      vertex 35 -7.4181 8.21173
    endloop
  endfacet
  facet normal -0 -0.0654033 -0.997859
    outer loop
      vertex 35 -6.4 8.145
      vertex 25 -7.4181 8.21173
      vertex 25 -6.4 8.145
    endloop
  endfacet
  facet normal -0 0.442318 0.896858
    outer loop
      vertex 25 -2.5 22.7
      vertex 35 -3.41507 23.1513
      vertex 35 -2.5 22.7
    endloop
  endfacet
  facet normal 0 0.442318 0.896858
    outer loop
      vertex 35 -3.41507 23.1513
      vertex 25 -2.5 22.7
      vertex 25 -3.41507 23.1513
    endloop
  endfacet
  facet normal -0 0.659388 0.751803
    outer loop
      vertex 25 -0.884566 21.4604
      vertex 35 -1.65166 22.1332
      vertex 35 -0.884566 21.4604
    endloop
  endfacet
  facet normal 0 0.659388 0.751803
    outer loop
      vertex 35 -1.65166 22.1332
      vertex 25 -0.884566 21.4604
      vertex 25 -1.65166 22.1332
    endloop
  endfacet
  facet normal 0 -0.831458 0.555588
    outer loop
      vertex 25 -13.0214 20.045
      vertex 35 -12.5882 20.6933
      vertex 25 -12.5882 20.6933
    endloop
  endfacet
  facet normal 0 -0.831458 0.555588
    outer loop
      vertex 35 -12.5882 20.6933
      vertex 25 -13.0214 20.045
      vertex 35 -13.0214 20.045
    endloop
  endfacet
  facet normal 0 -0.321439 -0.94693
    outer loop
      vertex 25 -9.38493 8.73874
      vertex 35 -8.41879 8.41078
      vertex 35 -9.38493 8.73874
    endloop
  endfacet
  facet normal -0 -0.321439 -0.94693
    outer loop
      vertex 35 -8.41879 8.41078
      vertex 25 -9.38493 8.73874
      vertex 25 -8.41879 8.41078
    endloop
  endfacet
  facet normal 0 -0.442287 -0.896874
    outer loop
      vertex 25 -10.3 9.19
      vertex 35 -9.38493 8.73874
      vertex 35 -10.3 9.19
    endloop
  endfacet
  facet normal -0 -0.442287 -0.896874
    outer loop
      vertex 35 -9.38493 8.73874
      vertex 25 -10.3 9.19
      vertex 25 -9.38493 8.73874
    endloop
  endfacet
  facet normal 0 0.896879 0.442277
    outer loop
      vertex 35 0.80626 18.9299
      vertex 25 0.354998 19.845
      vertex 35 0.354998 19.845
    endloop
  endfacet
  facet normal 0 0.896879 0.442277
    outer loop
      vertex 25 0.354998 19.845
      vertex 35 0.80626 18.9299
      vertex 25 0.80626 18.9299
    endloop
  endfacet
  facet normal 0 -0.555559 0.831477
    outer loop
      vertex 25 -10.3 22.7
      vertex 35 -11.1483 22.1332
      vertex 35 -10.3 22.7
    endloop
  endfacet
  facet normal 0 -0.555559 0.831477
    outer loop
      vertex 35 -11.1483 22.1332
      vertex 25 -10.3 22.7
      vertex 25 -11.1483 22.1332
    endloop
  endfacet
  facet normal 0 -0.831458 -0.555588
    outer loop
      vertex 25 -12.5882 11.1967
      vertex 35 -13.0214 11.845
      vertex 25 -13.0214 11.845
    endloop
  endfacet
  facet normal 0 -0.831458 -0.555588
    outer loop
      vertex 35 -13.0214 11.845
      vertex 25 -12.5882 11.1967
      vertex 35 -12.5882 11.1967
    endloop
  endfacet
  facet normal 1 -0 0
    outer loop
      vertex 35 -3.8 11.4417
      vertex 35 -3.5 8.70991
      vertex 35 -3.5 11.6421
    endloop
  endfacet
  facet normal 1 -0 0
    outer loop
      vertex 35 -4.41005 11.1408
      vertex 35 -3.5 8.70991
      vertex 35 -3.8 11.4417
    endloop
  endfacet
  facet normal 1 -0 0
    outer loop
      vertex 35 -5.05414 10.9222
      vertex 35 -3.5 8.70991
      vertex 35 -4.41005 11.1408
    endloop
  endfacet
  facet normal 1 0 0
    outer loop
      vertex 35 -3.5 8.70991
      vertex 35 -5.05414 10.9222
      vertex 35 -4.38121 8.41078
    endloop
  endfacet
  facet normal 1 0 0
    outer loop
      vertex 35 -5.05414 10.9222
      vertex 35 -5.3819 8.21173
      vertex 35 -4.38121 8.41078
    endloop
  endfacet
  facet normal 1 -0 0
    outer loop
      vertex 35 -5.72126 10.7895
      vertex 35 -5.3819 8.21173
      vertex 35 -5.05414 10.9222
    endloop
  endfacet
  facet normal 1 -0 0
    outer loop
      vertex 35 -6.4 10.745
      vertex 35 -5.3819 8.21173
      vertex 35 -5.72126 10.7895
    endloop
  endfacet
  facet normal 1 0 0
    outer loop
      vertex 35 -6.4 10.745
      vertex 35 -6.4 8.145
      vertex 35 -5.3819 8.21173
    endloop
  endfacet
  facet normal 1 0 0
    outer loop
      vertex 35 -7.07874 10.7895
      vertex 35 -6.4 8.145
      vertex 35 -6.4 10.745
    endloop
  endfacet
  facet normal 1 0 0
    outer loop
      vertex 35 -7.07874 10.7895
      vertex 35 -7.4181 8.21173
      vertex 35 -6.4 8.145
    endloop
  endfacet
  facet normal 1 0 0
    outer loop
      vertex 35 -7.74586 10.9222
      vertex 35 -7.4181 8.21173
      vertex 35 -7.07874 10.7895
    endloop
  endfacet
  facet normal 1 0 0
    outer loop
      vertex 35 -8.41879 8.41078
      vertex 35 -7.74586 10.9222
      vertex 35 -8.38995 11.1408
    endloop
  endfacet
  facet normal 1 0 0
    outer loop
      vertex 35 -7.74586 10.9222
      vertex 35 -8.41879 8.41078
      vertex 35 -7.4181 8.21173
    endloop
  endfacet
  facet normal 1 0 0
    outer loop
      vertex 35 -9.38493 8.73874
      vertex 35 -8.38995 11.1408
      vertex 35 -9 11.4417
    endloop
  endfacet
  facet normal 1 0 0
    outer loop
      vertex 35 -8.38995 11.1408
      vertex 35 -9.38493 8.73874
      vertex 35 -8.41879 8.41078
    endloop
  endfacet
  facet normal 1 0 0
    outer loop
      vertex 35 -10.3 9.19
      vertex 35 -9 11.4417
      vertex 35 -9.56556 11.8196
    endloop
  endfacet
  facet normal 1 0 0
    outer loop
      vertex 35 -11.1483 9.75684
      vertex 35 -9.56556 11.8196
      vertex 35 -9.59457 11.845
    endloop
  endfacet
  facet normal 1 0 0
    outer loop
      vertex 35 -9 11.4417
      vertex 35 -10.3 9.19
      vertex 35 -9.38493 8.73874
    endloop
  endfacet
  facet normal 1 0 0
    outer loop
      vertex 35 -9.56556 11.8196
      vertex 35 -11.1483 9.75684
      vertex 35 -10.3 9.19
    endloop
  endfacet
  facet normal 1 0 0
    outer loop
      vertex 35 -9.59457 11.845
      vertex 35 -11.9154 10.4296
      vertex 35 -11.1483 9.75684
    endloop
  endfacet
  facet normal 1 0 0
    outer loop
      vertex 35 -9.59457 11.845
      vertex 35 -12.5882 11.1967
      vertex 35 -11.9154 10.4296
    endloop
  endfacet
  facet normal 1 0 -0
    outer loop
      vertex 35 -12.5882 11.1967
      vertex 35 -9.59457 11.845
      vertex 35 -13.0214 11.845
    endloop
  endfacet
  facet normal 1 0 0
    outer loop
      vertex 35 0 16.6132
      vertex 35 -1.24449 16.6237
      vertex 35 -1.2 15.945
    endloop
  endfacet
  facet normal 1 0 0
    outer loop
      vertex 35 -0.211843 20.6933
      vertex 35 -1.37718 17.2909
      vertex 35 -1.24449 16.6237
    endloop
  endfacet
  facet normal 1 0 0
    outer loop
      vertex 35 -0.211843 20.6933
      vertex 35 -1.59583 17.935
      vertex 35 -1.37718 17.2909
    endloop
  endfacet
  facet normal 1 0 0
    outer loop
      vertex 35 -2.72304 19.622
      vertex 35 -0.884566 21.4604
      vertex 35 -1.65166 22.1332
    endloop
  endfacet
  facet normal 1 0 0
    outer loop
      vertex 35 -0.211843 20.6933
      vertex 35 -1.89667 18.545
      vertex 35 -1.59583 17.935
    endloop
  endfacet
  facet normal 1 0 0
    outer loop
      vertex 35 -0.211843 20.6933
      vertex 35 -2.27456 19.1106
      vertex 35 -1.89667 18.545
    endloop
  endfacet
  facet normal 1 0 0
    outer loop
      vertex 35 -3.23444 20.0704
      vertex 35 -1.65166 22.1332
      vertex 35 -2.5 22.7
    endloop
  endfacet
  facet normal 1 0 0
    outer loop
      vertex 35 -0.884566 21.4604
      vertex 35 -2.72304 19.622
      vertex 35 -2.27456 19.1106
    endloop
  endfacet
  facet normal 1 0 0
    outer loop
      vertex 35 -1.65166 22.1332
      vertex 35 -3.23444 20.0704
      vertex 35 -2.72304 19.622
    endloop
  endfacet
  facet normal 1 0 0
    outer loop
      vertex 35 -3.8 20.4483
      vertex 35 -2.5 22.7
      vertex 35 -3.41507 23.1513
    endloop
  endfacet
  facet normal 1 0 0
    outer loop
      vertex 35 -2.5 22.7
      vertex 35 -3.8 20.4483
      vertex 35 -3.23444 20.0704
    endloop
  endfacet
  facet normal 1 0 0
    outer loop
      vertex 35 -4.41005 20.7492
      vertex 35 -3.41507 23.1513
      vertex 35 -4.38121 23.4792
    endloop
  endfacet
  facet normal 1 0 0
    outer loop
      vertex 35 -3.41507 23.1513
      vertex 35 -4.41005 20.7492
      vertex 35 -3.8 20.4483
    endloop
  endfacet
  facet normal 1 0 0
    outer loop
      vertex 35 -4.38121 23.4792
      vertex 35 -5.05414 20.9678
      vertex 35 -4.41005 20.7492
    endloop
  endfacet
  facet normal 1 0 0
    outer loop
      vertex 35 -5.3819 23.6783
      vertex 35 -5.05414 20.9678
      vertex 35 -4.38121 23.4792
    endloop
  endfacet
  facet normal 1 0 0
    outer loop
      vertex 35 -5.3819 23.6783
      vertex 35 -5.72126 21.1005
      vertex 35 -5.05414 20.9678
    endloop
  endfacet
  facet normal 1 0 0
    outer loop
      vertex 35 -6.4 23.745
      vertex 35 -5.72126 21.1005
      vertex 35 -5.3819 23.6783
    endloop
  endfacet
  facet normal 1 0 0
    outer loop
      vertex 35 -6.4 23.745
      vertex 35 -6.4 21.145
      vertex 35 -5.72126 21.1005
    endloop
  endfacet
  facet normal 1 0 0
    outer loop
      vertex 35 -6.4 23.745
      vertex 35 -7.07874 21.1005
      vertex 35 -6.4 21.145
    endloop
  endfacet
  facet normal 1 -0 0
    outer loop
      vertex 35 -7.4181 23.6783
      vertex 35 -7.07874 21.1005
      vertex 35 -6.4 23.745
    endloop
  endfacet
  facet normal 1 0 0
    outer loop
      vertex 35 -7.4181 23.6783
      vertex 35 -7.74586 20.9678
      vertex 35 -7.07874 21.1005
    endloop
  endfacet
  facet normal 1 -0 0
    outer loop
      vertex 35 -8.41879 23.4792
      vertex 35 -7.74586 20.9678
      vertex 35 -7.4181 23.6783
    endloop
  endfacet
  facet normal 1 0 0
    outer loop
      vertex 35 -7.74586 20.9678
      vertex 35 -8.41879 23.4792
      vertex 35 -8.38995 20.7492
    endloop
  endfacet
  facet normal 1 -0 0
    outer loop
      vertex 35 -9.38493 23.1513
      vertex 35 -8.38995 20.7492
      vertex 35 -8.41879 23.4792
    endloop
  endfacet
  facet normal 1 0 0
    outer loop
      vertex 35 -8.38995 20.7492
      vertex 35 -9.38493 23.1513
      vertex 35 -9 20.4483
    endloop
  endfacet
  facet normal 1 -0 0
    outer loop
      vertex 35 -10.3 22.7
      vertex 35 -9 20.4483
      vertex 35 -9.38493 23.1513
    endloop
  endfacet
  facet normal 1 0 0
    outer loop
      vertex 35 -9 20.4483
      vertex 35 -10.3 22.7
      vertex 35 -9.56556 20.0704
    endloop
  endfacet
  facet normal 1 -0 0
    outer loop
      vertex 35 -11.1483 22.1332
      vertex 35 -9.56556 20.0704
      vertex 35 -10.3 22.7
    endloop
  endfacet
  facet normal 1 0 0
    outer loop
      vertex 35 -9.56556 20.0704
      vertex 35 -11.1483 22.1332
      vertex 35 -9.59457 20.045
    endloop
  endfacet
  facet normal 1 -0 0
    outer loop
      vertex 35 -11.9154 21.4604
      vertex 35 -9.59457 20.045
      vertex 35 -11.1483 22.1332
    endloop
  endfacet
  facet normal 1 -0 0
    outer loop
      vertex 35 -12.5882 20.6933
      vertex 35 -9.59457 20.045
      vertex 35 -11.9154 21.4604
    endloop
  endfacet
  facet normal 1 0 0
    outer loop
      vertex 35 -9.59457 20.045
      vertex 35 -12.5882 20.6933
      vertex 35 -13.0214 20.045
    endloop
  endfacet
  facet normal 1 0 0
    outer loop
      vertex 35 0 16.6132
      vertex 35 1.33327 16.9631
      vertex 35 1.13422 17.9638
    endloop
  endfacet
  facet normal 1 0 0
    outer loop
      vertex 35 0 16.6132
      vertex 35 1.13422 17.9638
      vertex 35 0.80626 18.9299
    endloop
  endfacet
  facet normal 1 0 0
    outer loop
      vertex 35 -1.24449 16.6237
      vertex 35 0.80626 18.9299
      vertex 35 0.354998 19.845
    endloop
  endfacet
  facet normal 1 0 0
    outer loop
      vertex 35 1.33327 16.9631
      vertex 35 0 16.6132
      vertex 35 1.3562 16.6132
    endloop
  endfacet
  facet normal 1 0 0
    outer loop
      vertex 35 -1.24449 16.6237
      vertex 35 0.354998 19.845
      vertex 35 -0.211843 20.6933
    endloop
  endfacet
  facet normal 1 0 0
    outer loop
      vertex 35 0.80626 18.9299
      vertex 35 -1.24449 16.6237
      vertex 35 0 16.6132
    endloop
  endfacet
  facet normal 1 0 0
    outer loop
      vertex 35 -2.27456 19.1106
      vertex 35 -0.211843 20.6933
      vertex 35 -0.884566 21.4604
    endloop
  endfacet
  facet normal 1 0 0
    outer loop
      vertex 35 -1.24449 15.2663
      vertex 35 0 16.6132
      vertex 35 -1.2 15.945
    endloop
  endfacet
  facet normal 1 0 0
    outer loop
      vertex 35 -1.37718 14.5991
      vertex 35 0 16.6132
      vertex 35 -1.24449 15.2663
    endloop
  endfacet
  facet normal 1 0 0
    outer loop
      vertex 35 -1.59583 13.955
      vertex 35 0 16.6132
      vertex 35 -1.37718 14.5991
    endloop
  endfacet
  facet normal 1 0 0
    outer loop
      vertex 35 0 16.6132
      vertex 35 -1.59583 13.955
      vertex 35 0 7.855
    endloop
  endfacet
  facet normal 1 -0 0
    outer loop
      vertex 35 -1.64516 13.855
      vertex 35 0 7.855
      vertex 35 -1.59583 13.955
    endloop
  endfacet
  facet normal 1 0 0
    outer loop
      vertex 35 -3.5 11.6421
      vertex 35 -1.64516 13.855
      vertex 35 -3.5 13.855
    endloop
  endfacet
  facet normal 1 0 0
    outer loop
      vertex 35 -1.64516 13.855
      vertex 35 -3.5 11.6421
      vertex 35 0 7.855
    endloop
  endfacet
  facet normal 1 -0 0
    outer loop
      vertex 35 -3.5 8.70991
      vertex 35 0 7.855
      vertex 35 -3.5 11.6421
    endloop
  endfacet
  facet normal 1 0 0
    outer loop
      vertex 35 0 7.855
      vertex 35 -3.5 8.70991
      vertex 35 -3.5 7.855
    endloop
  endfacet
  facet normal 0 -0.831491 -0.555538
    outer loop
      vertex 25 -1.89667 18.545
      vertex 35 -2.27456 19.1106
      vertex 25 -2.27456 19.1106
    endloop
  endfacet
  facet normal 0 -0.831491 -0.555538
    outer loop
      vertex 35 -2.27456 19.1106
      vertex 25 -1.89667 18.545
      vertex 35 -1.89667 18.545
    endloop
  endfacet
  facet normal 0 -0.442356 -0.89684
    outer loop
      vertex 25 -4.41005 20.7492
      vertex 35 -3.8 20.4483
      vertex 35 -4.41005 20.7492
    endloop
  endfacet
  facet normal -0 -0.442356 -0.89684
    outer loop
      vertex 35 -3.8 20.4483
      vertex 25 -4.41005 20.7492
      vertex 25 -3.8 20.4483
    endloop
  endfacet
  facet normal 0 -0.0654222 0.997858
    outer loop
      vertex 25 -5.72126 10.7895
      vertex 35 -6.4 10.745
      vertex 35 -5.72126 10.7895
    endloop
  endfacet
  facet normal 0 -0.0654222 0.997858
    outer loop
      vertex 35 -6.4 10.745
      vertex 25 -5.72126 10.7895
      vertex 25 -6.4 10.745
    endloop
  endfacet
  facet normal -0 0.195093 0.980785
    outer loop
      vertex 25 -7.07874 10.7895
      vertex 35 -7.74586 10.9222
      vertex 35 -7.07874 10.7895
    endloop
  endfacet
  facet normal 0 0.195093 0.980785
    outer loop
      vertex 35 -7.74586 10.9222
      vertex 25 -7.07874 10.7895
      vertex 25 -7.74586 10.9222
    endloop
  endfacet
  facet normal 0 -0.751844 -0.659341
    outer loop
      vertex 25 -2.27456 19.1106
      vertex 35 -2.72304 19.622
      vertex 25 -2.72304 19.622
    endloop
  endfacet
  facet normal 0 -0.751844 -0.659341
    outer loop
      vertex 35 -2.72304 19.622
      vertex 25 -2.27456 19.1106
      vertex 35 -2.27456 19.1106
    endloop
  endfacet
  facet normal 0 -0.195093 -0.980785
    outer loop
      vertex 25 -5.72126 21.1005
      vertex 35 -5.05414 20.9678
      vertex 35 -5.72126 21.1005
    endloop
  endfacet
  facet normal -0 -0.195093 -0.980785
    outer loop
      vertex 35 -5.05414 20.9678
      vertex 25 -5.72126 21.1005
      vertex 25 -5.05414 20.9678
    endloop
  endfacet
  facet normal -0 0.555575 0.831466
    outer loop
      vertex 25 -9 11.4417
      vertex 35 -9.56556 11.8196
      vertex 35 -9 11.4417
    endloop
  endfacet
  facet normal 0 0.555575 0.831466
    outer loop
      vertex 35 -9.56556 11.8196
      vertex 25 -9 11.4417
      vertex 25 -9.56556 11.8196
    endloop
  endfacet
  facet normal 0 -0.896818 0.4424
    outer loop
      vertex 25 -1.64516 13.855
      vertex 35 -1.59583 13.955
      vertex 25 -1.59583 13.955
    endloop
  endfacet
  facet normal 0 -0.896818 0.4424
    outer loop
      vertex 35 -1.59583 13.955
      vertex 25 -1.64516 13.855
      vertex 35 -1.64516 13.855
    endloop
  endfacet
  facet normal 0 0.195093 -0.980785
    outer loop
      vertex 25 -7.74586 20.9678
      vertex 35 -7.07874 21.1005
      vertex 35 -7.74586 20.9678
    endloop
  endfacet
  facet normal 0 0.195093 -0.980785
    outer loop
      vertex 35 -7.07874 21.1005
      vertex 25 -7.74586 20.9678
      vertex 25 -7.07874 21.1005
    endloop
  endfacet
  facet normal 0 -0.946927 -0.321449
    outer loop
      vertex 25 -1.37718 17.2909
      vertex 35 -1.59583 17.935
      vertex 25 -1.59583 17.935
    endloop
  endfacet
  facet normal 0 -0.946927 -0.321449
    outer loop
      vertex 35 -1.59583 17.935
      vertex 25 -1.37718 17.2909
      vertex 35 -1.37718 17.2909
    endloop
  endfacet
  facet normal -0 0.321388 0.946948
    outer loop
      vertex 25 -7.74586 10.9222
      vertex 35 -8.38995 11.1408
      vertex 35 -7.74586 10.9222
    endloop
  endfacet
  facet normal 0 0.321388 0.946948
    outer loop
      vertex 35 -8.38995 11.1408
      vertex 25 -7.74586 10.9222
      vertex 25 -8.38995 11.1408
    endloop
  endfacet
  facet normal 0 -0.946927 0.321449
    outer loop
      vertex 25 -1.59583 13.955
      vertex 35 -1.37718 14.5991
      vertex 25 -1.37718 14.5991
    endloop
  endfacet
  facet normal 0 -0.946927 0.321449
    outer loop
      vertex 35 -1.37718 14.5991
      vertex 25 -1.59583 13.955
      vertex 35 -1.59583 13.955
    endloop
  endfacet
  facet normal 0 -0.195093 0.980785
    outer loop
      vertex 25 -5.05414 10.9222
      vertex 35 -5.72126 10.7895
      vertex 35 -5.05414 10.9222
    endloop
  endfacet
  facet normal 0 -0.195093 0.980785
    outer loop
      vertex 35 -5.72126 10.7895
      vertex 25 -5.05414 10.9222
      vertex 25 -5.72126 10.7895
    endloop
  endfacet
  facet normal 0 -0.555468 0.831538
    outer loop
      vertex 25 -3.5 11.6421
      vertex 35 -3.8 11.4417
      vertex 35 -3.5 11.6421
    endloop
  endfacet
  facet normal 0 -0.555468 0.831538
    outer loop
      vertex 35 -3.8 11.4417
      vertex 25 -3.5 11.6421
      vertex 25 -3.8 11.4417
    endloop
  endfacet
  facet normal 0 -0.980792 0.195056
    outer loop
      vertex 25 -1.37718 14.5991
      vertex 35 -1.24449 15.2663
      vertex 25 -1.24449 15.2663
    endloop
  endfacet
  facet normal 0 -0.980792 0.195056
    outer loop
      vertex 35 -1.24449 15.2663
      vertex 25 -1.37718 14.5991
      vertex 35 -1.37718 14.5991
    endloop
  endfacet
  facet normal -0 0.0654222 0.997858
    outer loop
      vertex 25 -6.4 10.745
      vertex 35 -7.07874 10.7895
      vertex 35 -6.4 10.745
    endloop
  endfacet
  facet normal 0 0.0654222 0.997858
    outer loop
      vertex 35 -7.07874 10.7895
      vertex 25 -6.4 10.745
      vertex 25 -7.07874 10.7895
    endloop
  endfacet
  facet normal 0 -0.997858 -0.0654114
    outer loop
      vertex 25 -1.2 15.945
      vertex 35 -1.24449 16.6237
      vertex 25 -1.24449 16.6237
    endloop
  endfacet
  facet normal 0 -0.997858 -0.0654114
    outer loop
      vertex 35 -1.24449 16.6237
      vertex 25 -1.2 15.945
      vertex 35 -1.2 15.945
    endloop
  endfacet
  facet normal 0 -0.659275 -0.751902
    outer loop
      vertex 25 -3.23444 20.0704
      vertex 35 -2.72304 19.622
      vertex 35 -3.23444 20.0704
    endloop
  endfacet
  facet normal -0 -0.659275 -0.751902
    outer loop
      vertex 35 -2.72304 19.622
      vertex 25 -3.23444 20.0704
      vertex 25 -2.72304 19.622
    endloop
  endfacet
  facet normal 0 -0.442356 0.89684
    outer loop
      vertex 25 -3.8 11.4417
      vertex 35 -4.41005 11.1408
      vertex 35 -3.8 11.4417
    endloop
  endfacet
  facet normal 0 -0.442356 0.89684
    outer loop
      vertex 35 -4.41005 11.1408
      vertex 25 -3.8 11.4417
      vertex 25 -4.41005 11.1408
    endloop
  endfacet
  facet normal 0 -0.980792 -0.195056
    outer loop
      vertex 25 -1.24449 16.6237
      vertex 35 -1.37718 17.2909
      vertex 25 -1.37718 17.2909
    endloop
  endfacet
  facet normal 0 -0.980792 -0.195056
    outer loop
      vertex 35 -1.37718 17.2909
      vertex 25 -1.24449 16.6237
      vertex 35 -1.24449 16.6237
    endloop
  endfacet
  facet normal 0 0.442356 -0.89684
    outer loop
      vertex 25 -9 20.4483
      vertex 35 -8.38995 20.7492
      vertex 35 -9 20.4483
    endloop
  endfacet
  facet normal 0 0.442356 -0.89684
    outer loop
      vertex 35 -8.38995 20.7492
      vertex 25 -9 20.4483
      vertex 25 -8.38995 20.7492
    endloop
  endfacet
  facet normal -0 0.442356 0.89684
    outer loop
      vertex 25 -8.38995 11.1408
      vertex 35 -9 11.4417
      vertex 35 -8.38995 11.1408
    endloop
  endfacet
  facet normal 0 0.442356 0.89684
    outer loop
      vertex 35 -9 11.4417
      vertex 25 -8.38995 11.1408
      vertex 25 -9 11.4417
    endloop
  endfacet
  facet normal 0 0.0654222 -0.997858
    outer loop
      vertex 25 -7.07874 21.1005
      vertex 35 -6.4 21.145
      vertex 35 -7.07874 21.1005
    endloop
  endfacet
  facet normal 0 0.0654222 -0.997858
    outer loop
      vertex 35 -6.4 21.145
      vertex 25 -7.07874 21.1005
      vertex 25 -6.4 21.145
    endloop
  endfacet
  facet normal 0 -0.0654222 -0.997858
    outer loop
      vertex 25 -6.4 21.145
      vertex 35 -5.72126 21.1005
      vertex 35 -6.4 21.145
    endloop
  endfacet
  facet normal -0 -0.0654222 -0.997858
    outer loop
      vertex 35 -5.72126 21.1005
      vertex 25 -6.4 21.145
      vertex 25 -5.72126 21.1005
    endloop
  endfacet
  facet normal 0 -0.321388 0.946948
    outer loop
      vertex 25 -4.41005 11.1408
      vertex 35 -5.05414 10.9222
      vertex 35 -4.41005 11.1408
    endloop
  endfacet
  facet normal 0 -0.321388 0.946948
    outer loop
      vertex 35 -5.05414 10.9222
      vertex 25 -4.41005 11.1408
      vertex 25 -5.05414 10.9222
    endloop
  endfacet
  facet normal 0 0.555575 -0.831466
    outer loop
      vertex 25 -9.56556 20.0704
      vertex 35 -9 20.4483
      vertex 35 -9.56556 20.0704
    endloop
  endfacet
  facet normal 0 0.555575 -0.831466
    outer loop
      vertex 35 -9 20.4483
      vertex 25 -9.56556 20.0704
      vertex 25 -9 20.4483
    endloop
  endfacet
  facet normal 0 -0.997858 0.0654114
    outer loop
      vertex 25 -1.24449 15.2663
      vertex 35 -1.2 15.945
      vertex 25 -1.2 15.945
    endloop
  endfacet
  facet normal 0 -0.997858 0.0654114
    outer loop
      vertex 35 -1.2 15.945
      vertex 25 -1.24449 15.2663
      vertex 35 -1.24449 15.2663
    endloop
  endfacet
  facet normal 0 0.321388 -0.946948
    outer loop
      vertex 25 -8.38995 20.7492
      vertex 35 -7.74586 20.9678
      vertex 35 -8.38995 20.7492
    endloop
  endfacet
  facet normal 0 0.321388 -0.946948
    outer loop
      vertex 35 -7.74586 20.9678
      vertex 25 -8.38995 20.7492
      vertex 25 -7.74586 20.9678
    endloop
  endfacet
  facet normal 0 -0.89686 -0.442314
    outer loop
      vertex 25 -1.59583 17.935
      vertex 35 -1.89667 18.545
      vertex 25 -1.89667 18.545
    endloop
  endfacet
  facet normal 0 -0.89686 -0.442314
    outer loop
      vertex 35 -1.89667 18.545
      vertex 25 -1.59583 17.935
      vertex 35 -1.59583 17.935
    endloop
  endfacet
  facet normal 0 0.658743 -0.752368
    outer loop
      vertex 25 -9.59457 20.045
      vertex 35 -9.56556 20.0704
      vertex 35 -9.59457 20.045
    endloop
  endfacet
  facet normal 0 0.658743 -0.752368
    outer loop
      vertex 35 -9.56556 20.0704
      vertex 25 -9.59457 20.045
      vertex 25 -9.56556 20.0704
    endloop
  endfacet
  facet normal 0 -0.321388 -0.946948
    outer loop
      vertex 25 -5.05414 20.9678
      vertex 35 -4.41005 20.7492
      vertex 35 -5.05414 20.9678
    endloop
  endfacet
  facet normal -0 -0.321388 -0.946948
    outer loop
      vertex 35 -4.41005 20.7492
      vertex 25 -5.05414 20.9678
      vertex 25 -4.41005 20.7492
    endloop
  endfacet
  facet normal 0 -0.555575 -0.831466
    outer loop
      vertex 25 -3.8 20.4483
      vertex 35 -3.23444 20.0704
      vertex 35 -3.8 20.4483
    endloop
  endfacet
  facet normal -0 -0.555575 -0.831466
    outer loop
      vertex 35 -3.23444 20.0704
      vertex 25 -3.8 20.4483
      vertex 25 -3.23444 20.0704
    endloop
  endfacet
  facet normal -0 0.658743 0.752368
    outer loop
      vertex 25 -9.56556 11.8196
      vertex 35 -9.59457 11.845
      vertex 35 -9.56556 11.8196
    endloop
  endfacet
  facet normal 0 0.658743 0.752368
    outer loop
      vertex 35 -9.59457 11.845
      vertex 25 -9.56556 11.8196
      vertex 25 -9.59457 11.845
    endloop
  endfacet
  facet normal 0 0 -1
    outer loop
      vertex 25 -13.0214 20.045
      vertex 35 -9.59457 20.045
      vertex 35 -13.0214 20.045
    endloop
  endfacet
  facet normal -0 0 -1
    outer loop
      vertex 35 -9.59457 20.045
      vertex 25 -13.0214 20.045
      vertex 25 -9.59457 20.045
    endloop
  endfacet
  facet normal -0 0 1
    outer loop
      vertex 25 -9.59457 11.845
      vertex 35 -13.0214 11.845
      vertex 35 -9.59457 11.845
    endloop
  endfacet
  facet normal 0 0 1
    outer loop
      vertex 35 -13.0214 11.845
      vertex 25 -9.59457 11.845
      vertex 25 -13.0214 11.845
    endloop
  endfacet
  facet normal -0 0 1
    outer loop
      vertex -35 -1.64516 13.855
      vertex -25 -3.5 13.855
      vertex -25 -1.64516 13.855
    endloop
  endfacet
  facet normal 0 0 1
    outer loop
      vertex -25 -3.5 13.855
      vertex -35 -1.64516 13.855
      vertex -35 -3.5 13.855
    endloop
  endfacet
  facet normal 0 0 -1
    outer loop
      vertex -35 -3.5 7.855
      vertex -25 0 7.855
      vertex -25 -3.5 7.855
    endloop
  endfacet
  facet normal -0 0 -1
    outer loop
      vertex -25 0 7.855
      vertex -35 -3.5 7.855
      vertex -35 0 7.855
    endloop
  endfacet
  facet normal 0 -1 0
    outer loop
      vertex -35 -3.5 11.6421
      vertex -25 -3.5 13.855
      vertex -35 -3.5 13.855
    endloop
  endfacet
  facet normal 0 -1 -0
    outer loop
      vertex -25 -3.5 13.855
      vertex -35 -3.5 11.6421
      vertex -25 -3.5 11.6421
    endloop
  endfacet
  facet normal 0 -1 0
    outer loop
      vertex -35 -3.5 7.855
      vertex -25 -3.5 8.70991
      vertex -35 -3.5 8.70991
    endloop
  endfacet
  facet normal 0 -1 -0
    outer loop
      vertex -25 -3.5 8.70991
      vertex -35 -3.5 7.855
      vertex -25 -3.5 7.855
    endloop
  endfacet
  facet normal -0 0 1
    outer loop
      vertex -15 -1.64516 13.855
      vertex -5 -3.5 13.855
      vertex -5 -1.64516 13.855
    endloop
  endfacet
  facet normal 0 0 1
    outer loop
      vertex -5 -3.5 13.855
      vertex -15 -1.64516 13.855
      vertex -15 -3.5 13.855
    endloop
  endfacet
  facet normal 0 0 -1
    outer loop
      vertex -15 -3.5 7.855
      vertex -5 0 7.855
      vertex -5 -3.5 7.855
    endloop
  endfacet
  facet normal -0 0 -1
    outer loop
      vertex -5 0 7.855
      vertex -15 -3.5 7.855
      vertex -15 0 7.855
    endloop
  endfacet
  facet normal 0 -1 0
    outer loop
      vertex -15 -3.5 11.6421
      vertex -5 -3.5 13.855
      vertex -15 -3.5 13.855
    endloop
  endfacet
  facet normal 0 -1 -0
    outer loop
      vertex -5 -3.5 13.855
      vertex -15 -3.5 11.6421
      vertex -5 -3.5 11.6421
    endloop
  endfacet
  facet normal 0 -1 0
    outer loop
      vertex -15 -3.5 7.855
      vertex -5 -3.5 8.70991
      vertex -15 -3.5 8.70991
    endloop
  endfacet
  facet normal 0 -1 -0
    outer loop
      vertex -5 -3.5 8.70991
      vertex -15 -3.5 7.855
      vertex -5 -3.5 7.855
    endloop
  endfacet
  facet normal -0 0 1
    outer loop
      vertex 5 -1.64516 13.855
      vertex 15 -3.5 13.855
      vertex 15 -1.64516 13.855
    endloop
  endfacet
  facet normal 0 0 1
    outer loop
      vertex 15 -3.5 13.855
      vertex 5 -1.64516 13.855
      vertex 5 -3.5 13.855
    endloop
  endfacet
  facet normal 0 0 -1
    outer loop
      vertex 5 -3.5 7.855
      vertex 15 0 7.855
      vertex 15 -3.5 7.855
    endloop
  endfacet
  facet normal -0 0 -1
    outer loop
      vertex 15 0 7.855
      vertex 5 -3.5 7.855
      vertex 5 0 7.855
    endloop
  endfacet
  facet normal 0 -1 0
    outer loop
      vertex 5 -3.5 11.6421
      vertex 15 -3.5 13.855
      vertex 5 -3.5 13.855
    endloop
  endfacet
  facet normal 0 -1 -0
    outer loop
      vertex 15 -3.5 13.855
      vertex 5 -3.5 11.6421
      vertex 15 -3.5 11.6421
    endloop
  endfacet
  facet normal 0 -1 0
    outer loop
      vertex 5 -3.5 7.855
      vertex 15 -3.5 8.70991
      vertex 5 -3.5 8.70991
    endloop
  endfacet
  facet normal 0 -1 -0
    outer loop
      vertex 15 -3.5 8.70991
      vertex 5 -3.5 7.855
      vertex 15 -3.5 7.855
    endloop
  endfacet
  facet normal -0 0 1
    outer loop
      vertex 25 -1.64516 13.855
      vertex 35 -3.5 13.855
      vertex 35 -1.64516 13.855
    endloop
  endfacet
  facet normal 0 0 1
    outer loop
      vertex 35 -3.5 13.855
      vertex 25 -1.64516 13.855
      vertex 25 -3.5 13.855
    endloop
  endfacet
  facet normal 0 0 -1
    outer loop
      vertex 25 -3.5 7.855
      vertex 35 0 7.855
      vertex 35 -3.5 7.855
    endloop
  endfacet
  facet normal -0 0 -1
    outer loop
      vertex 35 0 7.855
      vertex 25 -3.5 7.855
      vertex 25 0 7.855
    endloop
  endfacet
  facet normal 0 -1 0
    outer loop
      vertex 25 -3.5 11.6421
      vertex 35 -3.5 13.855
      vertex 25 -3.5 13.855
    endloop
  endfacet
  facet normal 0 -1 -0
    outer loop
      vertex 35 -3.5 13.855
      vertex 25 -3.5 11.6421
      vertex 35 -3.5 11.6421
    endloop
  endfacet
  facet normal 0 -1 0
    outer loop
      vertex 25 -3.5 7.855
      vertex 35 -3.5 8.70991
      vertex 25 -3.5 8.70991
    endloop
  endfacet
  facet normal 0 -1 -0
    outer loop
      vertex 35 -3.5 8.70991
      vertex 25 -3.5 7.855
      vertex 35 -3.5 7.855
    endloop
  endfacet
endsolid OpenSCAD_Model
