999
DXF from OpenSCAD
  0
SECTION
  2
HEADER
  9
$ACADVER
  1
AC1006
  9
$INSBASE
 10
0.0
 20
0.0
 30
0.0
  9
$EXTMIN
 10
-105.06
 20
-185.06
  9
$EXTMAX
 10
105.06
 20
185.06
  9
$LINMIN
 10
-105.06
 20
-185.06
  9
$LINMAX
 10
105.06
 20
185.06
  0
ENDSEC
  0
SECTION
  2
TABLES
  0
TABLE
  2
LTYPE
 70
1
  0
LTYPE
  2
CONTINUOUS
 70
64
  3
Solid line
 72
65
 73
0
 40
0.000000
  0
ENDTAB
  0
TABLE
  2
LAYER
 70
6
  0
LAYER
  2
0
 70
64
 62
7
  6
CONTINUOUS
  0
ENDTAB
  0
TABLE
  2
STYLE
 70
0
  0
ENDTAB
  0
ENDSEC
  0
SECTION
  2
BLOCKS
  0
ENDSEC
  0
SECTION
  2
ENTITIES
  0
LWPOLYLINE
100
AcDbEntity
  8
0
100
AcDbPolyline
 90
12
 70
1
 10
105
 20
-185
 10
105.06
 20
-185
 10
105.06
 20
185
 10
105
 20
185
 10
105
 20
185.06
 10
-105
 20
185.06
 10
-105
 20
185
 10
-105.06
 20
185
 10
-105.06
 20
-185
 10
-105
 20
-185
 10
-105
 20
-185.06
 10
105
 20
-185.06
  0
LWPOLYLINE
100
AcDbEntity
  8
0
100
AcDbPolyline
 90
4
 70
1
 10
-104.94
 20
184.94
 10
-100.11
 20
184.94
 10
-100.11
 20
180.11
 10
-104.94
 20
180.11
  0
LWPOLYLINE
100
AcDbEntity
  8
0
100
AcDbPolyline
 90
6
 70
1
 10
-99.89
 20
184.94
 10
-95.06
 20
184.94
 10
-95.06
 20
180.35
 10
-96
 20
180.35
 10
-96
 20
180.11
 10
-99.89
 20
180.11
  0
LWPOLYLINE
100
AcDbEntity
  8
0
100
AcDbPolyline
 90
4
 70
1
 10
-94.94
 20
180.35
 10
-94.94
 20
184.94
 10
-90.11
 20
184.94
 10
-90.11
 20
180.35
  0
LWPOLYLINE
100
AcDbEntity
  8
0
100
AcDbPolyline
 90
4
 70
1
 10
-89.89
 20
180.35
 10
-89.89
 20
184.94
 10
-85.06
 20
184.94
 10
-85.06
 20
180.35
  0
LWPOLYLINE
100
AcDbEntity
  8
0
100
AcDbPolyline
 90
20
 70
1
 10
-84
 20
180.35
 10
-84.94
 20
180.35
 10
-84.94
 20
184.94
 10
-80.11
 20
184.94
 10
-80.11
 20
181.005
 10
-80.1256
 20
180.999
 10
-80.2711
 20
180.879
 10
-80.3981
 20
180.698
 10
-80.4038
 20
180.698
 10
-80.4073
 20
180.824
 10
-80.4104
 20
180.902
 10
-80.4131
 20
180.953
 10
-80.4152
 20
180.998
 10
-80.4171
 20
181.032
 10
-80.419
 20
181.049
 10
-80.7418
 20
181.049
 10
-80.7332
 20
180.9
 10
-80.7304
 20
180.611
 10
-80.7304
 20
180.11
 10
-84
 20
180.11
  0
LWPOLYLINE
100
AcDbEntity
  8
0
100
AcDbPolyline
 90
35
 70
1
 10
-79.0899
 20
180.364
 10
-79.129
 20
180.696
 10
-79.2465
 20
180.919
 10
-79.4485
 20
181.045
 10
-79.7411
 20
181.087
 10
-79.89
 20
181.072
 10
-79.89
 20
184.94
 10
-75.06
 20
184.94
 10
-75.06
 20
180.949
 10
-75.1032
 20
180.994
 10
-75.2634
 20
181.064
 10
-75.4725
 20
181.087
 10
-75.6619
 20
181.066
 10
-75.8199
 20
181.002
 10
-75.9543
 20
180.883
 10
-76.0725
 20
180.698
 10
-76.0782
 20
180.698
 10
-76.0817
 20
180.824
 10
-76.0848
 20
180.902
 10
-76.0874
 20
180.953
 10
-76.0896
 20
180.998
 10
-76.0915
 20
181.032
 10
-76.0934
 20
181.049
 10
-76.4161
 20
181.049
 10
-76.4076
 20
180.9
 10
-76.4048
 20
180.611
 10
-76.4048
 20
180.11
 10
-76.8479
 20
180.11
 10
-76.8933
 20
180.497
 10
-77.06
 20
180.828
 10
-77.3443
 20
181.022
 10
-77.753
 20
181.087
 10
-78.4437
 20
180.821
 10
-78.649
 20
180.11
 10
-79.0899
 20
180.11
  0
LWPOLYLINE
100
AcDbEntity
  8
0
100
AcDbPolyline
 90
43
 70
1
 10
-73.6915
 20
180.364
 10
-73.7268
 20
180.695
 10
-73.8329
 20
180.918
 10
-74.0169
 20
181.045
 10
-74.2858
 20
181.087
 10
-74.4844
 20
181.064
 10
-74.6513
 20
180.996
 10
-74.7911
 20
180.876
 10
-74.9085
 20
180.698
 10
-74.9143
 20
180.698
 10
-74.94
 20
180.759
 10
-74.94
 20
184.94
 10
-70.11
 20
184.94
 10
-70.11
 20
180.602
 10
-70.1518
 20
180.533
 10
-70.11
 20
180.529
 10
-70.11
 20
180.11
 10
-70.6608
 20
180.11
 10
-70.6608
 20
180.364
 10
-70.6999
 20
180.696
 10
-70.8174
 20
180.919
 10
-71.0194
 20
181.045
 10
-71.312
 20
181.087
 10
-71.523
 20
181.065
 10
-71.6966
 20
180.999
 10
-71.842
 20
180.879
 10
-71.969
 20
180.698
 10
-71.9747
 20
180.698
 10
-71.9783
 20
180.824
 10
-71.9813
 20
180.902
 10
-71.984
 20
180.953
 10
-71.9861
 20
180.998
 10
-71.988
 20
181.032
 10
-71.9899
 20
181.049
 10
-72.3127
 20
181.049
 10
-72.3041
 20
180.9
 10
-72.3013
 20
180.611
 10
-72.3013
 20
180.11
 10
-72.833
 20
180.11
 10
-72.833
 20
181.049
 10
-73.1748
 20
181.049
 10
-73.1748
 20
180.11
 10
-73.6915
 20
180.11
  0
LWPOLYLINE
100
AcDbEntity
  8
0
100
AcDbPolyline
 90
4
 70
1
 10
-72.833
 20
181.812
 10
-73.1748
 20
181.812
 10
-73.1748
 20
181.486
 10
-72.833
 20
181.486
  0
LWPOLYLINE
100
AcDbEntity
  8
0
100
AcDbPolyline
 90
20
 70
1
 10
-68.5492
 20
180.396
 10
-68.5981
 20
180.692
 10
-68.7448
 20
180.91
 10
-68.9883
 20
181.043
 10
-69.3277
 20
181.087
 10
-69.89
 20
180.951
 10
-69.89
 20
184.94
 10
-65.06
 20
184.94
 10
-65.06
 20
181.013
 10
-65.1628
 20
181.056
 10
-65.3666
 20
181.081
 10
-65.7063
 20
181.017
 10
-65.9467
 20
180.822
 10
-66.0898
 20
180.492
 10
-66.1283
 20
180.11
 10
-67.6415
 20
180.11
 10
-67.6415
 20
181.812
 10
-67.9833
 20
181.812
 10
-67.9833
 20
180.11
 10
-68.5492
 20
180.11
  0
LWPOLYLINE
100
AcDbEntity
  8
0
100
AcDbPolyline
 90
50
 70
1
 10
-64.4002
 20
180.624
 10
-64.3974
 20
180.892
 10
-64.3888
 20
181.049
 10
-64.7135
 20
181.049
 10
-64.7211
 20
181.004
 10
-64.7287
 20
180.895
 10
-64.7344
 20
180.776
 10
-64.7363
 20
180.698
 10
-64.7401
 20
180.698
 10
-64.8457
 20
180.861
 10
-64.94
 20
180.941
 10
-64.94
 20
184.94
 10
-60.11
 20
184.94
 10
-60.11
 20
181.812
 10
-60.4201
 20
181.812
 10
-60.4201
 20
180.96
 10
-60.4163
 20
180.73
 10
-60.4201
 20
180.73
 10
-60.5303
 20
180.891
 10
-60.6708
 20
181.002
 10
-60.8459
 20
181.066
 10
-61.06
 20
181.087
 10
-61.6268
 20
180.818
 10
-61.7928
 20
180.11
 10
-62.2411
 20
180.11
 10
-62.2411
 20
181.049
 10
-62.5829
 20
181.049
 10
-62.5829
 20
180.11
 10
-63.5225
 20
180.11
 10
-63.4986
 20
180.368
 10
-63.4146
 20
180.591
 10
-63.2774
 20
180.728
 10
-63.0899
 20
180.774
 10
-62.9874
 20
180.769
 10
-62.9076
 20
180.755
 10
-62.9076
 20
181.068
 10
-62.9774
 20
181.082
 10
-63.0463
 20
181.087
 10
-63.2181
 20
181.063
 10
-63.3463
 20
180.99
 10
-63.4464
 20
180.852
 10
-63.5342
 20
180.63
 10
-63.5418
 20
180.63
 10
-63.5456
 20
180.77
 10
-63.557
 20
181.049
 10
-63.8798
 20
181.049
 10
-63.8713
 20
180.798
 10
-63.8684
 20
180.571
 10
-63.8684
 20
180.11
 10
-64.4002
 20
180.11
  0
LWPOLYLINE
100
AcDbEntity
  8
0
100
AcDbPolyline
 90
4
 70
1
 10
-62.2411
 20
181.812
 10
-62.5829
 20
181.812
 10
-62.5829
 20
181.486
 10
-62.2411
 20
181.486
  0
LWPOLYLINE
100
AcDbEntity
  8
0
100
AcDbPolyline
 90
4
 70
1
 10
-59.89
 20
184.94
 10
-55.06
 20
184.94
 10
-55.06
 20
180.11
 10
-59.89
 20
180.11
  0
LWPOLYLINE
100
AcDbEntity
  8
0
100
AcDbPolyline
 90
4
 70
1
 10
-54.94
 20
184.94
 10
-50.11
 20
184.94
 10
-50.11
 20
180.11
 10
-54.94
 20
180.11
  0
LWPOLYLINE
100
AcDbEntity
  8
0
100
AcDbPolyline
 90
4
 70
1
 10
-49.89
 20
184.94
 10
-45.06
 20
184.94
 10
-45.06
 20
180.11
 10
-49.89
 20
180.11
  0
LWPOLYLINE
100
AcDbEntity
  8
0
100
AcDbPolyline
 90
4
 70
1
 10
-44.94
 20
184.94
 10
-40.11
 20
184.94
 10
-40.11
 20
180.11
 10
-44.94
 20
180.11
  0
LWPOLYLINE
100
AcDbEntity
  8
0
100
AcDbPolyline
 90
4
 70
1
 10
-39.89
 20
184.94
 10
-35.06
 20
184.94
 10
-35.06
 20
180.11
 10
-39.89
 20
180.11
  0
LWPOLYLINE
100
AcDbEntity
  8
0
100
AcDbPolyline
 90
4
 70
1
 10
-34.94
 20
184.94
 10
-30.11
 20
184.94
 10
-30.11
 20
180.11
 10
-34.94
 20
180.11
  0
LWPOLYLINE
100
AcDbEntity
  8
0
100
AcDbPolyline
 90
4
 70
1
 10
-29.89
 20
184.94
 10
-25.06
 20
184.94
 10
-25.06
 20
180.11
 10
-29.89
 20
180.11
  0
LWPOLYLINE
100
AcDbEntity
  8
0
100
AcDbPolyline
 90
4
 70
1
 10
-24.94
 20
184.94
 10
-20.11
 20
184.94
 10
-20.11
 20
180.11
 10
-24.94
 20
180.11
  0
LWPOLYLINE
100
AcDbEntity
  8
0
100
AcDbPolyline
 90
4
 70
1
 10
-19.89
 20
184.94
 10
-15.06
 20
184.94
 10
-15.06
 20
180.11
 10
-19.89
 20
180.11
  0
LWPOLYLINE
100
AcDbEntity
  8
0
100
AcDbPolyline
 90
4
 70
1
 10
-14.94
 20
184.94
 10
-10.11
 20
184.94
 10
-10.11
 20
180.11
 10
-14.94
 20
180.11
  0
LWPOLYLINE
100
AcDbEntity
  8
0
100
AcDbPolyline
 90
4
 70
1
 10
-9.89
 20
184.94
 10
-5.06
 20
184.94
 10
-5.06
 20
180.11
 10
-9.89
 20
180.11
  0
LWPOLYLINE
100
AcDbEntity
  8
0
100
AcDbPolyline
 90
4
 70
1
 10
-4.94
 20
184.94
 10
-0.2
 20
184.94
 10
-0.2
 20
180.11
 10
-4.94
 20
180.11
  0
LWPOLYLINE
100
AcDbEntity
  8
0
100
AcDbPolyline
 90
4
 70
1
 10
0.2
 20
184.94
 10
4.94
 20
184.94
 10
4.94
 20
180.11
 10
0.2
 20
180.11
  0
LWPOLYLINE
100
AcDbEntity
  8
0
100
AcDbPolyline
 90
4
 70
1
 10
5.06
 20
184.94
 10
9.89
 20
184.94
 10
9.89
 20
180.11
 10
5.06
 20
180.11
  0
LWPOLYLINE
100
AcDbEntity
  8
0
100
AcDbPolyline
 90
4
 70
1
 10
10.11
 20
184.94
 10
14.94
 20
184.94
 10
14.94
 20
180.11
 10
10.11
 20
180.11
  0
LWPOLYLINE
100
AcDbEntity
  8
0
100
AcDbPolyline
 90
4
 70
1
 10
15.06
 20
184.94
 10
19.89
 20
184.94
 10
19.89
 20
180.11
 10
15.06
 20
180.11
  0
LWPOLYLINE
100
AcDbEntity
  8
0
100
AcDbPolyline
 90
4
 70
1
 10
20.11
 20
184.94
 10
24.94
 20
184.94
 10
24.94
 20
180.11
 10
20.11
 20
180.11
  0
LWPOLYLINE
100
AcDbEntity
  8
0
100
AcDbPolyline
 90
4
 70
1
 10
25.06
 20
184.94
 10
29.89
 20
184.94
 10
29.89
 20
180.11
 10
25.06
 20
180.11
  0
LWPOLYLINE
100
AcDbEntity
  8
0
100
AcDbPolyline
 90
4
 70
1
 10
30.11
 20
184.94
 10
34.94
 20
184.94
 10
34.94
 20
180.11
 10
30.11
 20
180.11
  0
LWPOLYLINE
100
AcDbEntity
  8
0
100
AcDbPolyline
 90
4
 70
1
 10
35.06
 20
184.94
 10
39.89
 20
184.94
 10
39.89
 20
180.11
 10
35.06
 20
180.11
  0
LWPOLYLINE
100
AcDbEntity
  8
0
100
AcDbPolyline
 90
4
 70
1
 10
40.11
 20
184.94
 10
44.94
 20
184.94
 10
44.94
 20
180.11
 10
40.11
 20
180.11
  0
LWPOLYLINE
100
AcDbEntity
  8
0
100
AcDbPolyline
 90
4
 70
1
 10
45.06
 20
184.94
 10
49.89
 20
184.94
 10
49.89
 20
180.11
 10
45.06
 20
180.11
  0
LWPOLYLINE
100
AcDbEntity
  8
0
100
AcDbPolyline
 90
4
 70
1
 10
50.11
 20
184.94
 10
54.94
 20
184.94
 10
54.94
 20
180.11
 10
50.11
 20
180.11
  0
LWPOLYLINE
100
AcDbEntity
  8
0
100
AcDbPolyline
 90
4
 70
1
 10
55.06
 20
184.94
 10
59.89
 20
184.94
 10
59.89
 20
180.11
 10
55.06
 20
180.11
  0
LWPOLYLINE
100
AcDbEntity
  8
0
100
AcDbPolyline
 90
4
 70
1
 10
60.11
 20
184.94
 10
64.94
 20
184.94
 10
64.94
 20
180.11
 10
60.11
 20
180.11
  0
LWPOLYLINE
100
AcDbEntity
  8
0
100
AcDbPolyline
 90
4
 70
1
 10
65.06
 20
184.94
 10
69.89
 20
184.94
 10
69.89
 20
180.11
 10
65.06
 20
180.11
  0
LWPOLYLINE
100
AcDbEntity
  8
0
100
AcDbPolyline
 90
4
 70
1
 10
70.11
 20
184.94
 10
74.94
 20
184.94
 10
74.94
 20
180.11
 10
70.11
 20
180.11
  0
LWPOLYLINE
100
AcDbEntity
  8
0
100
AcDbPolyline
 90
4
 70
1
 10
75.06
 20
184.94
 10
79.89
 20
184.94
 10
79.89
 20
180.11
 10
75.06
 20
180.11
  0
LWPOLYLINE
100
AcDbEntity
  8
0
100
AcDbPolyline
 90
4
 70
1
 10
80.11
 20
184.94
 10
84.94
 20
184.94
 10
84.94
 20
180.11
 10
80.11
 20
180.11
  0
LWPOLYLINE
100
AcDbEntity
  8
0
100
AcDbPolyline
 90
4
 70
1
 10
85.06
 20
184.94
 10
89.89
 20
184.94
 10
89.89
 20
180.11
 10
85.06
 20
180.11
  0
LWPOLYLINE
100
AcDbEntity
  8
0
100
AcDbPolyline
 90
4
 70
1
 10
90.11
 20
184.94
 10
94.94
 20
184.94
 10
94.94
 20
180.11
 10
90.11
 20
180.11
  0
LWPOLYLINE
100
AcDbEntity
  8
0
100
AcDbPolyline
 90
4
 70
1
 10
95.06
 20
184.94
 10
99.89
 20
184.94
 10
99.89
 20
180.11
 10
95.06
 20
180.11
  0
LWPOLYLINE
100
AcDbEntity
  8
0
100
AcDbPolyline
 90
4
 70
1
 10
100.11
 20
184.94
 10
104.94
 20
184.94
 10
104.94
 20
180.11
 10
100.11
 20
180.11
  0
LWPOLYLINE
100
AcDbEntity
  8
0
100
AcDbPolyline
 90
9
 70
1
 10
-78.2816
 20
180.386
 10
-78.1812
 20
180.638
 10
-78.0058
 20
180.785
 10
-77.7473
 20
180.835
 10
-77.4922
 20
180.786
 10
-77.323
 20
180.642
 10
-77.2282
 20
180.391
 10
-77.2041
 20
180.11
 10
-78.3071
 20
180.11
  0
LWPOLYLINE
100
AcDbEntity
  8
0
100
AcDbPolyline
 90
9
 70
1
 10
-61.4281
 20
180.393
 10
-61.342
 20
180.644
 10
-61.1913
 20
180.787
 10
-60.9689
 20
180.835
 10
-60.7211
 20
180.787
 10
-60.5512
 20
180.645
 10
-60.4529
 20
180.4
 10
-60.426
 20
180.11
 10
-61.4502
 20
180.11
  0
LWPOLYLINE
100
AcDbEntity
  8
0
100
AcDbPolyline
 90
14
 70
1
 10
-69.89
 20
180.509
 10
-69.7948
 20
180.5
 10
-69.753
 20
180.648
 10
-69.6695
 20
180.749
 10
-69.5337
 20
180.808
 10
-69.3353
 20
180.827
 10
-69.1378
 20
180.8
 10
-69.0011
 20
180.719
 10
-68.9214
 20
180.575
 10
-68.8948
 20
180.36
 10
-68.8948
 20
180.248
 10
-69.3562
 20
180.24
 10
-69.759
 20
180.189
 10
-69.89
 20
180.126
  0
LWPOLYLINE
100
AcDbEntity
  8
0
100
AcDbPolyline
 90
8
 70
1
 10
-65.7545
 20
180.388
 10
-65.6648
 20
180.637
 10
-65.5095
 20
180.78
 10
-65.2831
 20
180.827
 10
-65.1338
 20
180.803
 10
-65.06
 20
180.763
 10
-65.06
 20
180.11
 10
-65.7772
 20
180.11
  0
LWPOLYLINE
100
AcDbEntity
  8
0
100
AcDbPolyline
 90
10
 70
1
 10
-79.89
 20
180.817
 10
-79.857
 20
180.823
 10
-79.7084
 20
180.811
 10
-79.6006
 20
180.774
 10
-79.5252
 20
180.709
 10
-79.4734
 20
180.612
 10
-79.4435
 20
180.478
 10
-79.4335
 20
180.297
 10
-79.4335
 20
180.11
 10
-79.89
 20
180.11
  0
LWPOLYLINE
100
AcDbEntity
  8
0
100
AcDbPolyline
 90
11
 70
1
 10
-76.0649
 20
180.185
 10
-76.0331
 20
180.455
 10
-75.9377
 20
180.656
 10
-75.7877
 20
180.781
 10
-75.5921
 20
180.823
 10
-75.4122
 20
180.795
 10
-75.2978
 20
180.709
 10
-75.2366
 20
180.549
 10
-75.2162
 20
180.297
 10
-75.2162
 20
180.11
 10
-76.0649
 20
180.11
  0
LWPOLYLINE
100
AcDbEntity
  8
0
100
AcDbPolyline
 90
11
 70
1
 10
-74.8782
 20
180.185
 10
-74.8471
 20
180.456
 10
-74.7538
 20
180.657
 10
-74.6045
 20
180.782
 10
-74.4054
 20
180.823
 10
-74.2255
 20
180.795
 10
-74.1111
 20
180.709
 10
-74.0498
 20
180.549
 10
-74.0294
 20
180.297
 10
-74.0294
 20
180.11
 10
-74.8782
 20
180.11
  0
LWPOLYLINE
100
AcDbEntity
  8
0
100
AcDbPolyline
 90
13
 70
1
 10
-71.9595
 20
180.185
 10
-71.9239
 20
180.452
 10
-71.8171
 20
180.654
 10
-71.6486
 20
180.781
 10
-71.4279
 20
180.823
 10
-71.2793
 20
180.811
 10
-71.1716
 20
180.774
 10
-71.0961
 20
180.709
 10
-71.0443
 20
180.612
 10
-71.0144
 20
180.478
 10
-71.0044
 20
180.297
 10
-71.0044
 20
180.11
 10
-71.9595
 20
180.11
  0
LWPOLYLINE
100
AcDbEntity
  8
0
100
AcDbPolyline
 90
6
 70
1
 10
-80.3886
 20
180.185
 10
-80.353
 20
180.452
 10
-80.2462
 20
180.654
 10
-80.11
 20
180.757
 10
-80.11
 20
180.11
 10
-80.3886
 20
180.11
  0
LWPOLYLINE
100
AcDbEntity
  8
0
100
AcDbPolyline
 90
6
 70
1
 10
-64.94
 20
180.666
 10
-64.8908
 20
180.614
 10
-64.8084
 20
180.454
 10
-64.7572
 20
180.255
 10
-64.7465
 20
180.11
 10
-64.94
 20
180.11
  0
LWPOLYLINE
100
AcDbEntity
  8
0
100
AcDbPolyline
 90
4
 70
1
 10
-104.94
 20
179.89
 10
-100.11
 20
179.89
 10
-100.11
 20
175.06
 10
-104.94
 20
175.06
  0
LWPOLYLINE
100
AcDbEntity
  8
0
100
AcDbPolyline
 90
26
 70
1
 10
-84
 20
175.225
 10
-84.94
 20
175.225
 10
-84.94
 20
179.65
 10
-84
 20
179.65
 10
-84
 20
179.89
 10
-80.7304
 20
179.89
 10
-80.7304
 20
178.995
 10
-80.3886
 20
178.995
 10
-80.3886
 20
179.89
 10
-80.11
 20
179.89
 10
-80.11
 20
176.013
 10
-80.1513
 20
175.997
 10
-80.2865
 20
175.883
 10
-80.3924
 20
175.719
 10
-80.4
 20
175.719
 10
-80.4012
 20
175.77
 10
-80.4047
 20
175.852
 10
-80.4092
 20
175.936
 10
-80.4133
 20
175.995
 10
-80.4166
 20
176.032
 10
-80.419
 20
176.049
 10
-80.7494
 20
176.049
 10
-80.7408
 20
175.893
 10
-80.738
 20
175.63
 10
-80.738
 20
175.06
 10
-84
 20
175.06
  0
LWPOLYLINE
100
AcDbEntity
  8
0
100
AcDbPolyline
 90
8
 70
1
 10
-65.5205
 20
179.278
 10
-65.6724
 20
179.416
 10
-65.7564
 20
179.66
 10
-65.7742
 20
179.89
 10
-65.06
 20
179.89
 10
-65.06
 20
179.296
 10
-65.1364
 20
179.256
 10
-65.2888
 20
179.232
  0
LWPOLYLINE
100
AcDbEntity
  8
0
100
AcDbPolyline
 90
27
 70
1
 10
-59.4213
 20
175.364
 10
-59.4605
 20
175.696
 10
-59.578
 20
175.919
 10
-59.7799
 20
176.045
 10
-59.89
 20
176.061
 10
-59.89
 20
179.89
 10
-55.06
 20
179.89
 10
-55.06
 20
175.464
 10
-55.0639
 20
175.497
 10
-55.2305
 20
175.828
 10
-55.5148
 20
176.022
 10
-55.9235
 20
176.087
 10
-56.6142
 20
175.821
 10
-56.834
 20
175.06
 10
-58.5307
 20
175.06
 10
-58.5307
 20
175.8
 10
-58.1509
 20
175.8
 10
-58.1509
 20
176.049
 10
-58.5307
 20
176.049
 10
-58.5307
 20
176.509
 10
-58.7585
 20
176.509
 10
-58.8592
 20
176.049
 10
-59.1098
 20
176.049
 10
-59.1098
 20
175.8
 10
-58.8724
 20
175.8
 10
-58.8724
 20
175.06
 10
-59.4213
 20
175.06
  0
LWPOLYLINE
100
AcDbEntity
  8
0
100
AcDbPolyline
 90
29
 70
1
 10
-54.94
 20
179.89
 10
-50.11
 20
179.89
 10
-50.11
 20
175.923
 10
-50.5175
 20
176.087
 10
-50.9088
 20
176.019
 10
-51.1982
 20
175.816
 10
-51.3769
 20
175.485
 10
-51.4332
 20
175.06
 10
-52.0441
 20
175.06
 10
-52.0441
 20
175.8
 10
-51.6644
 20
175.8
 10
-51.6644
 20
176.049
 10
-52.0441
 20
176.049
 10
-52.0441
 20
176.509
 10
-52.272
 20
176.509
 10
-52.3726
 20
176.049
 10
-52.6233
 20
176.049
 10
-52.6233
 20
175.8
 10
-52.3859
 20
175.8
 10
-52.3859
 20
175.06
 10
-52.9519
 20
175.06
 10
-52.9519
 20
176.049
 10
-53.2936
 20
176.049
 10
-53.2936
 20
175.06
 10
-54.2487
 20
175.06
 10
-54.2487
 20
176.049
 10
-54.5924
 20
176.049
 10
-54.5924
 20
175.06
 10
-54.94
 20
175.06
  0
LWPOLYLINE
100
AcDbEntity
  8
0
100
AcDbPolyline
 90
28
 70
1
 10
-49.8382
 20
175.814
 10
-49.89
 20
175.835
 10
-49.89
 20
179.89
 10
-45.06
 20
179.89
 10
-45.06
 20
175.06
 10
-48.8274
 20
175.06
 10
-48.8274
 20
175.066
 10
-48.7994
 20
175.368
 10
-48.7154
 20
175.591
 10
-48.5782
 20
175.728
 10
-48.3907
 20
175.774
 10
-48.2882
 20
175.769
 10
-48.2084
 20
175.755
 10
-48.2084
 20
176.068
 10
-48.2782
 20
176.082
 10
-48.3471
 20
176.087
 10
-48.5189
 20
176.063
 10
-48.6471
 20
175.99
 10
-48.7472
 20
175.852
 10
-48.8351
 20
175.63
 10
-48.8426
 20
175.63
 10
-48.8464
 20
175.77
 10
-48.8578
 20
176.049
 10
-49.1806
 20
176.049
 10
-49.1721
 20
175.798
 10
-49.1692
 20
175.571
 10
-49.1692
 20
175.06
 10
-49.6296
 20
175.06
  0
LWPOLYLINE
100
AcDbEntity
  8
0
100
AcDbPolyline
 90
4
 70
1
 10
-44.94
 20
179.89
 10
-40.11
 20
179.89
 10
-40.11
 20
175.06
 10
-44.94
 20
175.06
  0
LWPOLYLINE
100
AcDbEntity
  8
0
100
AcDbPolyline
 90
4
 70
1
 10
-39.89
 20
179.89
 10
-35.06
 20
179.89
 10
-35.06
 20
175.06
 10
-39.89
 20
175.06
  0
LWPOLYLINE
100
AcDbEntity
  8
0
100
AcDbPolyline
 90
4
 70
1
 10
-34.94
 20
179.89
 10
-30.11
 20
179.89
 10
-30.11
 20
175.06
 10
-34.94
 20
175.06
  0
LWPOLYLINE
100
AcDbEntity
  8
0
100
AcDbPolyline
 90
4
 70
1
 10
-29.89
 20
179.89
 10
-25.06
 20
179.89
 10
-25.06
 20
175.06
 10
-29.89
 20
175.06
  0
LWPOLYLINE
100
AcDbEntity
  8
0
100
AcDbPolyline
 90
4
 70
1
 10
-24.94
 20
179.89
 10
-20.11
 20
179.89
 10
-20.11
 20
175.06
 10
-24.94
 20
175.06
  0
LWPOLYLINE
100
AcDbEntity
  8
0
100
AcDbPolyline
 90
4
 70
1
 10
-19.89
 20
179.89
 10
-15.06
 20
179.89
 10
-15.06
 20
175.06
 10
-19.89
 20
175.06
  0
LWPOLYLINE
100
AcDbEntity
  8
0
100
AcDbPolyline
 90
4
 70
1
 10
-14.94
 20
179.89
 10
-10.11
 20
179.89
 10
-10.11
 20
175.06
 10
-14.94
 20
175.06
  0
LWPOLYLINE
100
AcDbEntity
  8
0
100
AcDbPolyline
 90
4
 70
1
 10
-9.89
 20
179.89
 10
-5.06
 20
179.89
 10
-5.06
 20
175.06
 10
-9.89
 20
175.06
  0
LWPOLYLINE
100
AcDbEntity
  8
0
100
AcDbPolyline
 90
4
 70
1
 10
-4.94
 20
179.89
 10
-0.2
 20
179.89
 10
-0.2
 20
175.06
 10
-4.94
 20
175.06
  0
LWPOLYLINE
100
AcDbEntity
  8
0
100
AcDbPolyline
 90
4
 70
1
 10
0.2
 20
179.89
 10
4.94
 20
179.89
 10
4.94
 20
175.06
 10
0.2
 20
175.06
  0
LWPOLYLINE
100
AcDbEntity
  8
0
100
AcDbPolyline
 90
4
 70
1
 10
5.06
 20
179.89
 10
9.89
 20
179.89
 10
9.89
 20
175.06
 10
5.06
 20
175.06
  0
LWPOLYLINE
100
AcDbEntity
  8
0
100
AcDbPolyline
 90
4
 70
1
 10
10.11
 20
179.89
 10
14.94
 20
179.89
 10
14.94
 20
175.06
 10
10.11
 20
175.06
  0
LWPOLYLINE
100
AcDbEntity
  8
0
100
AcDbPolyline
 90
4
 70
1
 10
15.06
 20
179.89
 10
19.89
 20
179.89
 10
19.89
 20
175.06
 10
15.06
 20
175.06
  0
LWPOLYLINE
100
AcDbEntity
  8
0
100
AcDbPolyline
 90
4
 70
1
 10
20.11
 20
179.89
 10
24.94
 20
179.89
 10
24.94
 20
175.06
 10
20.11
 20
175.06
  0
LWPOLYLINE
100
AcDbEntity
  8
0
100
AcDbPolyline
 90
4
 70
1
 10
25.06
 20
179.89
 10
29.89
 20
179.89
 10
29.89
 20
175.06
 10
25.06
 20
175.06
  0
LWPOLYLINE
100
AcDbEntity
  8
0
100
AcDbPolyline
 90
4
 70
1
 10
30.11
 20
179.89
 10
34.94
 20
179.89
 10
34.94
 20
175.06
 10
30.11
 20
175.06
  0
LWPOLYLINE
100
AcDbEntity
  8
0
100
AcDbPolyline
 90
4
 70
1
 10
35.06
 20
179.89
 10
39.89
 20
179.89
 10
39.89
 20
175.06
 10
35.06
 20
175.06
  0
LWPOLYLINE
100
AcDbEntity
  8
0
100
AcDbPolyline
 90
4
 70
1
 10
40.11
 20
179.89
 10
44.94
 20
179.89
 10
44.94
 20
175.06
 10
40.11
 20
175.06
  0
LWPOLYLINE
100
AcDbEntity
  8
0
100
AcDbPolyline
 90
4
 70
1
 10
45.06
 20
179.89
 10
49.89
 20
179.89
 10
49.89
 20
175.06
 10
45.06
 20
175.06
  0
LWPOLYLINE
100
AcDbEntity
  8
0
100
AcDbPolyline
 90
4
 70
1
 10
50.11
 20
179.89
 10
54.94
 20
179.89
 10
54.94
 20
175.06
 10
50.11
 20
175.06
  0
LWPOLYLINE
100
AcDbEntity
  8
0
100
AcDbPolyline
 90
4
 70
1
 10
55.06
 20
179.89
 10
59.89
 20
179.89
 10
59.89
 20
175.06
 10
55.06
 20
175.06
  0
LWPOLYLINE
100
AcDbEntity
  8
0
100
AcDbPolyline
 90
4
 70
1
 10
60.11
 20
179.89
 10
64.94
 20
179.89
 10
64.94
 20
175.06
 10
60.11
 20
175.06
  0
LWPOLYLINE
100
AcDbEntity
  8
0
100
AcDbPolyline
 90
4
 70
1
 10
65.06
 20
179.89
 10
69.89
 20
179.89
 10
69.89
 20
175.06
 10
65.06
 20
175.06
  0
LWPOLYLINE
100
AcDbEntity
  8
0
100
AcDbPolyline
 90
4
 70
1
 10
70.11
 20
179.89
 10
74.94
 20
179.89
 10
74.94
 20
175.06
 10
70.11
 20
175.06
  0
LWPOLYLINE
100
AcDbEntity
  8
0
100
AcDbPolyline
 90
4
 70
1
 10
75.06
 20
179.89
 10
79.89
 20
179.89
 10
79.89
 20
175.06
 10
75.06
 20
175.06
  0
LWPOLYLINE
100
AcDbEntity
  8
0
100
AcDbPolyline
 90
4
 70
1
 10
80.11
 20
179.89
 10
84.94
 20
179.89
 10
84.94
 20
175.06
 10
80.11
 20
175.06
  0
LWPOLYLINE
100
AcDbEntity
  8
0
100
AcDbPolyline
 90
4
 70
1
 10
85.06
 20
179.89
 10
89.89
 20
179.89
 10
89.89
 20
175.06
 10
85.06
 20
175.06
  0
LWPOLYLINE
100
AcDbEntity
  8
0
100
AcDbPolyline
 90
4
 70
1
 10
90.11
 20
179.89
 10
94.94
 20
179.89
 10
94.94
 20
175.06
 10
90.11
 20
175.06
  0
LWPOLYLINE
100
AcDbEntity
  8
0
100
AcDbPolyline
 90
4
 70
1
 10
95.06
 20
179.89
 10
99.89
 20
179.89
 10
99.89
 20
175.06
 10
95.06
 20
175.06
  0
LWPOLYLINE
100
AcDbEntity
  8
0
100
AcDbPolyline
 90
4
 70
1
 10
100.11
 20
179.89
 10
104.94
 20
179.89
 10
104.94
 20
175.06
 10
100.11
 20
175.06
  0
LWPOLYLINE
100
AcDbEntity
  8
0
100
AcDbPolyline
 90
9
 70
1
 10
-61.1934
 20
179.267
 10
-61.3429
 20
179.407
 10
-61.4284
 20
179.654
 10
-61.4466
 20
179.89
 10
-60.4341
 20
179.89
 10
-60.4529
 20
179.679
 10
-60.5512
 20
179.422
 10
-60.722
 20
179.271
 10
-60.9727
 20
179.221
  0
LWPOLYLINE
100
AcDbEntity
  8
0
100
AcDbPolyline
 90
84
 70
1
 10
-64.94
 20
175.8
 10
-64.7837
 20
175.8
 10
-64.7837
 20
176.049
 10
-64.94
 20
176.049
 10
-64.94
 20
176.54
 10
-64.9356
 20
176.541
 10
-64.8644
 20
176.537
 10
-64.7837
 20
176.526
 10
-64.7837
 20
176.786
 10
-64.8933
 20
176.803
 10
-64.94
 20
176.805
 10
-64.94
 20
178.295
 10
-64.6152
 20
178.404
 10
-64.4002
 20
179.054
 10
-64.4002
 20
179.89
 10
-63.8684
 20
179.89
 10
-63.8684
 20
178.995
 10
-63.5266
 20
178.995
 10
-63.5266
 20
179.89
 10
-62.5829
 20
179.89
 10
-62.5829
 20
178.995
 10
-62.2411
 20
178.995
 10
-62.2411
 20
179.89
 10
-61.8036
 20
179.89
 10
-61.7699
 20
179.548
 10
-61.6325
 20
179.219
 10
-61.3978
 20
179.022
 10
-61.06
 20
178.957
 10
-60.8471
 20
178.978
 10
-60.6717
 20
179.042
 10
-60.5305
 20
179.156
 10
-60.4201
 20
179.325
 10
-60.4126
 20
179.325
 10
-60.4109
 20
179.238
 10
-60.4059
 20
179.135
 10
-60.3995
 20
179.045
 10
-60.3936
 20
178.995
 10
-60.11
 20
178.995
 10
-60.11
 20
176.083
 10
-60.2836
 20
176.065
 10
-60.4571
 20
175.999
 10
-60.6026
 20
175.879
 10
-60.7295
 20
175.698
 10
-60.7353
 20
175.698
 10
-60.7388
 20
175.824
 10
-60.7419
 20
175.902
 10
-60.7445
 20
175.953
 10
-60.7466
 20
175.998
 10
-60.7485
 20
176.032
 10
-60.7504
 20
176.049
 10
-61.0732
 20
176.049
 10
-61.0647
 20
175.9
 10
-61.0618
 20
175.611
 10
-61.0618
 20
175.06
 10
-61.4991
 20
175.06
 10
-61.5504
 20
175.497
 10
-61.717
 20
175.828
 10
-62.0014
 20
176.022
 10
-62.4101
 20
176.087
 10
-63.1007
 20
175.821
 10
-63.3205
 20
175.06
 10
-64.1779
 20
175.06
 10
-64.1779
 20
175.066
 10
-64.1499
 20
175.368
 10
-64.0659
 20
175.591
 10
-63.9287
 20
175.728
 10
-63.7412
 20
175.774
 10
-63.6386
 20
175.769
 10
-63.5589
 20
175.755
 10
-63.5589
 20
176.068
 10
-63.6287
 20
176.082
 10
-63.6975
 20
176.087
 10
-63.8694
 20
176.063
 10
-63.9975
 20
175.99
 10
-64.0977
 20
175.852
 10
-64.1855
 20
175.63
 10
-64.1931
 20
175.63
 10
-64.1969
 20
175.77
 10
-64.2083
 20
176.049
 10
-64.531
 20
176.049
 10
-64.5225
 20
175.798
 10
-64.5197
 20
175.571
 10
-64.5197
 20
175.06
 10
-64.94
 20
175.06
  0
LWPOLYLINE
100
AcDbEntity
  8
0
100
AcDbPolyline
 90
6
 70
1
 10
-64.94
 20
179.89
 10
-64.75
 20
179.89
 10
-64.7572
 20
179.794
 10
-64.8084
 20
179.599
 10
-64.891
 20
179.443
 10
-64.94
 20
179.392
  0
LWPOLYLINE
100
AcDbEntity
  8
0
100
AcDbPolyline
 90
80
 70
1
 10
-69.89
 20
178.997
 10
-69.622
 20
178.957
 10
-69.392
 20
178.981
 10
-69.1995
 20
179.054
 10
-69.0365
 20
179.187
 10
-68.8948
 20
179.388
 10
-68.8834
 20
179.388
 10
-68.8533
 20
179.203
 10
-68.7856
 20
179.075
 10
-68.6734
 20
179.001
 10
-68.5093
 20
178.976
 10
-68.376
 20
178.983
 10
-68.2454
 20
179.006
 10
-68.2454
 20
179.219
 10
-68.3048
 20
179.209
 10
-68.3574
 20
179.205
 10
-68.4514
 20
179.225
 10
-68.5094
 20
179.282
 10
-68.5393
 20
179.378
 10
-68.5492
 20
179.511
 10
-68.5492
 20
179.89
 10
-67.9833
 20
179.89
 10
-67.9833
 20
178.995
 10
-67.6415
 20
178.995
 10
-67.6415
 20
179.89
 10
-66.1253
 20
179.89
 10
-66.0932
 20
179.552
 10
-65.96
 20
179.23
 10
-65.7324
 20
179.042
 10
-65.4046
 20
178.979
 10
-65.1929
 20
179.004
 10
-65.06
 20
179.059
 10
-65.06
 20
178.522
 10
-65.2508
 20
178.448
 10
-65.4224
 20
178.467
 10
-65.5575
 20
178.525
 10
-65.6536
 20
178.618
 10
-65.7084
 20
178.744
 10
-66.0521
 20
178.695
 10
-65.9595
 20
178.479
 10
-65.7958
 20
178.32
 10
-65.5622
 20
178.221
 10
-65.2603
 20
178.188
 10
-65.06
 20
178.255
 10
-65.06
 20
176.804
 10
-65.2465
 20
176.778
 10
-65.4027
 20
176.685
 10
-65.4952
 20
176.522
 10
-65.5261
 20
176.281
 10
-65.5261
 20
176.049
 10
-65.8147
 20
176.049
 10
-65.8147
 20
175.8
 10
-65.5261
 20
175.8
 10
-65.5261
 20
175.06
 10
-67.2104
 20
175.06
 10
-67.2104
 20
176.812
 10
-67.5522
 20
176.812
 10
-67.5522
 20
175.06
 10
-68.1182
 20
175.06
 10
-68.1182
 20
175.396
 10
-68.167
 20
175.692
 10
-68.3137
 20
175.91
 10
-68.5572
 20
176.043
 10
-68.8966
 20
176.087
 10
-69.471
 20
175.948
 10
-69.7207
 20
175.533
 10
-69.3637
 20
175.5
 10
-69.322
 20
175.648
 10
-69.2384
 20
175.749
 10
-69.1026
 20
175.808
 10
-68.9042
 20
175.827
 10
-68.7067
 20
175.8
 10
-68.57
 20
175.719
 10
-68.4903
 20
175.575
 10
-68.4637
 20
175.36
 10
-68.4637
 20
175.248
 10
-68.9251
 20
175.24
 10
-69.3279
 20
175.189
 10
-69.5978
 20
175.06
 10
-69.89
 20
175.06
  0
LWPOLYLINE
100
AcDbEntity
  8
0
100
AcDbPolyline
 90
16
 70
1
 10
-69.692
 20
179.236
 10
-69.8015
 20
179.304
 10
-69.8691
 20
179.414
 10
-69.89
 20
179.552
 10
-69.89
 20
179.576
 10
-69.875
 20
179.701
 10
-69.8252
 20
179.811
 10
-69.7479
 20
179.89
 10
-68.8948
 20
179.89
 10
-68.8948
 20
179.84
 10
-68.9159
 20
179.684
 10
-68.9793
 20
179.533
 10
-69.0792
 20
179.4
 10
-69.21
 20
179.298
 10
-69.3666
 20
179.234
 10
-69.5442
 20
179.213
  0
LWPOLYLINE
100
AcDbEntity
  8
0
100
AcDbPolyline
 90
73
 70
1
 10
-74.94
 20
175.523
 10
-74.7377
 20
176.049
 10
-74.94
 20
176.049
 10
-74.94
 20
178.995
 10
-74.8782
 20
178.995
 10
-74.8782
 20
179.89
 10
-74.0294
 20
179.89
 10
-74.0294
 20
178.995
 10
-73.6915
 20
178.995
 10
-73.6915
 20
179.89
 10
-73.1748
 20
179.89
 10
-73.1748
 20
178.995
 10
-72.833
 20
178.995
 10
-72.833
 20
179.89
 10
-72.3013
 20
179.89
 10
-72.3013
 20
178.995
 10
-71.9595
 20
178.995
 10
-71.9595
 20
179.89
 10
-71.0044
 20
179.89
 10
-71.0044
 20
178.995
 10
-70.6608
 20
178.995
 10
-70.6608
 20
179.89
 10
-70.1602
 20
179.89
 10
-70.1905
 20
179.85
 10
-70.2429
 20
179.568
 10
-70.204
 20
179.314
 10
-70.11
 20
179.158
 10
-70.11
 20
175.527
 10
-70.1829
 20
175.73
 10
-70.3522
 20
175.924
 10
-70.5869
 20
176.046
 10
-70.8753
 20
176.087
 10
-71.2512
 20
176.019
 10
-71.5284
 20
175.815
 10
-71.6993
 20
175.481
 10
-71.7518
 20
175.06
 10
-72.1836
 20
175.06
 10
-72.1836
 20
176.049
 10
-72.5254
 20
176.049
 10
-72.5254
 20
175.06
 10
-73.2555
 20
175.06
 10
-73.2603
 20
175.063
 10
-73.4179
 20
175.123
 10
-73.6514
 20
175.189
 10
-73.8888
 20
175.252
 10
-74.0274
 20
175.299
 10
-74.1057
 20
175.343
 10
-74.1622
 20
175.396
 10
-74.1964
 20
175.461
 10
-74.2078
 20
175.54
 10
-74.1803
 20
175.665
 10
-74.0977
 20
175.753
 10
-73.9571
 20
175.806
 10
-73.7559
 20
175.823
 10
-73.5681
 20
175.805
 10
-73.4226
 20
175.75
 10
-73.3222
 20
175.661
 10
-73.2698
 20
175.54
 10
-72.9622
 20
175.578
 10
-73.0522
 20
175.806
 10
-73.2157
 20
175.962
 10
-73.4509
 20
176.052
 10
-73.7559
 20
176.081
 10
-74.0936
 20
176.045
 10
-74.3398
 20
175.934
 10
-74.49
 20
175.754
 10
-74.5401
 20
175.506
 10
-74.5225
 20
175.366
 10
-74.4698
 20
175.25
 10
-74.386
 20
175.153
 10
-74.2752
 20
175.072
 10
-74.2476
 20
175.06
 10
-74.94
 20
175.06
  0
LWPOLYLINE
100
AcDbEntity
  8
0
100
AcDbPolyline
 90
4
 70
1
 10
-72.1836
 20
176.812
 10
-72.5254
 20
176.812
 10
-72.5254
 20
176.486
 10
-72.1836
 20
176.486
  0
LWPOLYLINE
100
AcDbEntity
  8
0
100
AcDbPolyline
 90
52
 70
1
 10
-79.0476
 20
175.504
 10
-79.1886
 20
175.831
 10
-79.4245
 20
176.022
 10
-79.7563
 20
176.085
 10
-79.89
 20
176.072
 10
-79.89
 20
179.89
 10
-79.4335
 20
179.89
 10
-79.4335
 20
178.995
 10
-79.0899
 20
178.995
 10
-79.0899
 20
179.89
 10
-78.6571
 20
179.89
 10
-78.6165
 20
179.566
 10
-78.4442
 20
179.231
 10
-78.1593
 20
179.025
 10
-77.7644
 20
178.957
 10
-77.3661
 20
179.023
 10
-77.0752
 20
179.221
 10
-76.8971
 20
179.553
 10
-76.8547
 20
179.89
 10
-76.4048
 20
179.89
 10
-76.4048
 20
178.995
 10
-76.0649
 20
178.995
 10
-76.0649
 20
179.89
 10
-75.2162
 20
179.89
 10
-75.2162
 20
178.995
 10
-75.06
 20
178.995
 10
-75.06
 20
176.049
 10
-75.0984
 20
176.049
 10
-75.4387
 20
175.06
 10
-75.9232
 20
175.06
 10
-76.3003
 20
176.049
 10
-76.6649
 20
176.049
 10
-76.2709
 20
175.06
 10
-76.9271
 20
175.06
 10
-76.9271
 20
175.364
 10
-76.9667
 20
175.699
 10
-77.0856
 20
175.921
 10
-77.288
 20
176.046
 10
-77.5783
 20
176.087
 10
-77.795
 20
176.064
 10
-77.9704
 20
175.993
 10
-78.114
 20
175.872
 10
-78.2353
 20
175.698
 10
-78.241
 20
175.698
 10
-78.2379
 20
175.743
 10
-78.2325
 20
175.84
 10
-78.2275
 20
175.962
 10
-78.2258
 20
176.08
 10
-78.2258
 20
176.812
 10
-78.5676
 20
176.812
 10
-78.5676
 20
175.06
 10
-79.0034
 20
175.06
  0
LWPOLYLINE
100
AcDbEntity
  8
0
100
AcDbPolyline
 90
9
 70
1
 10
-78.0134
 20
179.26
 10
-78.1831
 20
179.413
 10
-78.2821
 20
179.668
 10
-78.3026
 20
179.89
 10
-77.2088
 20
179.89
 10
-77.2297
 20
179.66
 10
-77.3286
 20
179.407
 10
-77.5045
 20
179.259
 10
-77.7682
 20
179.209
  0
LWPOLYLINE
100
AcDbEntity
  8
0
100
AcDbPolyline
 90
8
 70
1
 10
-99.89
 20
179.89
 10
-96
 20
179.89
 10
-96
 20
179.65
 10
-95.06
 20
179.65
 10
-95.06
 20
175.225
 10
-96
 20
175.225
 10
-96
 20
175.06
 10
-99.89
 20
175.06
  0
LWPOLYLINE
100
AcDbEntity
  8
0
100
AcDbPolyline
 90
4
 70
1
 10
-94.94
 20
175.225
 10
-94.94
 20
179.65
 10
-90.11
 20
179.65
 10
-90.11
 20
175.225
  0
LWPOLYLINE
100
AcDbEntity
  8
0
100
AcDbPolyline
 90
4
 70
1
 10
-89.89
 20
175.225
 10
-89.89
 20
179.65
 10
-85.06
 20
179.65
 10
-85.06
 20
175.225
  0
LWPOLYLINE
100
AcDbEntity
  8
0
100
AcDbPolyline
 90
7
 70
1
 10
-64.94
 20
179.136
 10
-64.8587
 20
179.203
 10
-64.7439
 20
179.376
 10
-64.7401
 20
179.376
 10
-64.7401
 20
179.046
 10
-64.8678
 20
178.597
 10
-64.94
 20
178.569
  0
LWPOLYLINE
100
AcDbEntity
  8
0
100
AcDbPolyline
 90
6
 70
1
 10
-65.1843
 20
176.049
 10
-65.1843
 20
176.233
 10
-65.1696
 20
176.381
 10
-65.1255
 20
176.474
 10
-65.06
 20
176.517
 10
-65.06
 20
176.049
  0
LWPOLYLINE
100
AcDbEntity
  8
0
100
AcDbPolyline
 90
9
 70
1
 10
-62.9386
 20
175.386
 10
-62.8382
 20
175.638
 10
-62.6628
 20
175.785
 10
-62.4044
 20
175.835
 10
-62.1492
 20
175.786
 10
-61.98
 20
175.642
 10
-61.8853
 20
175.391
 10
-61.8569
 20
175.06
 10
-62.9688
 20
175.06
  0
LWPOLYLINE
100
AcDbEntity
  8
0
100
AcDbPolyline
 90
9
 70
1
 10
-56.4521
 20
175.386
 10
-56.3517
 20
175.638
 10
-56.1763
 20
175.785
 10
-55.9179
 20
175.835
 10
-55.6627
 20
175.786
 10
-55.4935
 20
175.642
 10
-55.3988
 20
175.391
 10
-55.3703
 20
175.06
 10
-56.4822
 20
175.06
  0
LWPOLYLINE
100
AcDbEntity
  8
0
100
AcDbPolyline
 90
9
 70
1
 10
-51.0289
 20
175.471
 10
-50.9172
 20
175.668
 10
-50.746
 20
175.793
 10
-50.5231
 20
175.835
 10
-50.2967
 20
175.797
 10
-50.1301
 20
175.686
 10
-50.11
 20
175.65
 10
-50.11
 20
175.212
 10
-51.0738
 20
175.212
  0
LWPOLYLINE
100
AcDbEntity
  8
0
100
AcDbPolyline
 90
13
 70
1
 10
-78.2258
 20
175.206
 10
-78.1895
 20
175.46
 10
-78.0806
 20
175.656
 10
-77.9113
 20
175.781
 10
-77.6942
 20
175.823
 10
-77.5503
 20
175.811
 10
-77.4416
 20
175.774
 10
-77.3633
 20
175.71
 10
-77.3106
 20
175.619
 10
-77.2807
 20
175.486
 10
-77.2707
 20
175.297
 10
-77.2707
 20
175.06
 10
-78.2258
 20
175.06
  0
LWPOLYLINE
100
AcDbEntity
  8
0
100
AcDbPolyline
 90
8
 70
1
 10
-60.72
 20
175.185
 10
-60.6844
 20
175.452
 10
-60.5776
 20
175.654
 10
-60.4091
 20
175.781
 10
-60.1884
 20
175.823
 10
-60.11
 20
175.817
 10
-60.11
 20
175.06
 10
-60.72
 20
175.06
  0
LWPOLYLINE
100
AcDbEntity
  8
0
100
AcDbPolyline
 90
7
 70
1
 10
-79.89
 20
175.816
 10
-79.8437
 20
175.821
 10
-79.6253
 20
175.775
 10
-79.4753
 20
175.637
 10
-79.3884
 20
175.392
 10
-79.3623
 20
175.06
 10
-79.89
 20
175.06
  0
LWPOLYLINE
100
AcDbEntity
  8
0
100
AcDbPolyline
 90
11
 70
1
 10
-71.369
 20
175.397
 10
-71.2778
 20
175.639
 10
-71.1188
 20
175.774
 10
-70.8847
 20
175.819
 10
-70.7082
 20
175.794
 10
-70.5772
 20
175.719
 10
-70.4893
 20
175.601
 10
-70.4423
 20
175.447
 10
-70.11
 20
175.472
 10
-70.11
 20
175.06
 10
-71.397
 20
175.06
  0
LWPOLYLINE
100
AcDbEntity
  8
0
100
AcDbPolyline
 90
4
 70
1
 10
-65.1843
 20
175.8
 10
-65.06
 20
175.8
 10
-65.06
 20
175.06
 10
-65.1843
 20
175.06
  0
LWPOLYLINE
100
AcDbEntity
  8
0
100
AcDbPolyline
 90
7
 70
1
 10
-80.3813
 20
175.26
 10
-80.3364
 20
175.469
 10
-80.2628
 20
175.626
 10
-80.1617
 20
175.736
 10
-80.11
 20
175.76
 10
-80.11
 20
175.06
 10
-80.3926
 20
175.06
  0
LWPOLYLINE
100
AcDbEntity
  8
0
100
AcDbPolyline
 90
7
 70
1
 10
-59.89
 20
175.738
 10
-59.8566
 20
175.709
 10
-59.8049
 20
175.612
 10
-59.775
 20
175.478
 10
-59.765
 20
175.297
 10
-59.765
 20
175.06
 10
-59.89
 20
175.06
  0
LWPOLYLINE
100
AcDbEntity
  8
0
100
AcDbPolyline
 90
3
 70
1
 10
-75.06
 20
175.211
 10
-75.06
 20
175.06
 10
-75.118
 20
175.06
  0
LWPOLYLINE
100
AcDbEntity
  8
0
100
AcDbPolyline
 90
4
 70
1
 10
-104.94
 20
174.94
 10
-100.11
 20
174.94
 10
-100.11
 20
170.11
 10
-104.94
 20
170.11
  0
LWPOLYLINE
100
AcDbEntity
  8
0
100
AcDbPolyline
 90
5
 70
1
 10
-80.2671
 20
174.401
 10
-80.3639
 20
174.646
 10
-80.3909
 20
174.94
 10
-80.11
 20
174.94
 10
-80.11
 20
174.268
  0
LWPOLYLINE
100
AcDbEntity
  8
0
100
AcDbPolyline
 90
67
 70
1
 10
-79.89
 20
170.539
 10
-79.8494
 20
170.537
 10
-79.7696
 20
170.523
 10
-79.7696
 20
170.836
 10
-79.8394
 20
170.85
 10
-79.89
 20
170.854
 10
-79.89
 20
173.987
 10
-79.7563
 20
173.957
 10
-79.1895
 20
174.225
 10
-79.022
 20
174.94
 10
-78.5676
 20
174.94
 10
-78.5676
 20
173.995
 10
-78.2258
 20
173.995
 10
-78.2258
 20
174.94
 10
-77.2707
 20
174.94
 10
-77.2707
 20
173.995
 10
-76.9271
 20
173.995
 10
-76.9271
 20
174.94
 10
-76.2231
 20
174.94
 10
-75.8503
 20
174.004
 10
-75.8826
 20
173.923
 10
-76.1019
 20
173.571
 10
-76.3877
 20
173.454
 10
-76.4712
 20
173.456
 10
-76.5472
 20
173.465
 10
-76.5472
 20
173.209
 10
-76.4409
 20
173.193
 10
-76.3117
 20
173.188
 10
-76.1515
 20
173.207
 10
-76.0089
 20
173.267
 10
-75.881
 20
173.366
 10
-75.7649
 20
173.506
 10
-75.6505
 20
173.708
 10
-75.5275
 20
173.995
 10
-75.1641
 20
174.94
 10
-75.06
 20
174.94
 10
-75.06
 20
170.817
 10
-75.1211
 20
170.817
 10
-75.1126
 20
170.566
 10
-75.1098
 20
170.339
 10
-75.1098
 20
170.11
 10
-75.6833
 20
170.11
 10
-75.6833
 20
170.164
 10
-75.7322
 20
170.46
 10
-75.8789
 20
170.677
 10
-76.1224
 20
170.811
 10
-76.4618
 20
170.855
 10
-77.0362
 20
170.716
 10
-77.2858
 20
170.301
 10
-76.9289
 20
170.268
 10
-76.8871
 20
170.416
 10
-76.8036
 20
170.517
 10
-76.6678
 20
170.575
 10
-76.4694
 20
170.595
 10
-76.2719
 20
170.568
 10
-76.1352
 20
170.487
 10
-76.0554
 20
170.343
 10
-76.0289
 20
170.128
 10
-76.0289
 20
170.11
 10
-77.811
 20
170.11
 10
-77.9415
 20
170.582
 10
-78.6208
 20
170.855
 10
-79.0122
 20
170.787
 10
-79.3015
 20
170.584
 10
-79.4802
 20
170.253
 10
-79.4991
 20
170.11
 10
-79.89
 20
170.11
  0
LWPOLYLINE
100
AcDbEntity
  8
0
100
AcDbPolyline
 90
11
 70
1
 10
-71.1083
 20
174.276
 10
-71.2702
 20
174.424
 10
-71.3671
 20
174.674
 10
-71.3911
 20
174.94
 10
-70.11
 20
174.94
 10
-70.11
 20
174.608
 10
-70.4253
 20
174.629
 10
-70.4772
 20
174.45
 10
-70.5762
 20
174.325
 10
-70.7136
 20
174.251
 10
-70.881
 20
174.226
  0
LWPOLYLINE
100
AcDbEntity
  8
0
100
AcDbPolyline
 90
65
 70
1
 10
-69.89
 20
174.94
 10
-69.6913
 20
174.94
 10
-69.7594
 20
174.85
 10
-69.8118
 20
174.568
 10
-69.7729
 20
174.314
 10
-69.6561
 20
174.12
 10
-69.462
 20
173.998
 10
-69.1909
 20
173.957
 10
-68.9609
 20
173.981
 10
-68.7685
 20
174.054
 10
-68.6054
 20
174.187
 10
-68.4637
 20
174.388
 10
-68.4523
 20
174.388
 10
-68.4222
 20
174.203
 10
-68.3546
 20
174.075
 10
-68.2423
 20
174.001
 10
-68.0783
 20
173.976
 10
-67.9449
 20
173.983
 10
-67.8144
 20
174.006
 10
-67.8144
 20
174.219
 10
-67.8737
 20
174.209
 10
-67.9264
 20
174.205
 10
-68.0203
 20
174.225
 10
-68.0783
 20
174.282
 10
-68.1082
 20
174.378
 10
-68.1182
 20
174.511
 10
-68.1182
 20
174.94
 10
-67.5522
 20
174.94
 10
-67.5522
 20
173.995
 10
-67.2104
 20
173.995
 10
-67.2104
 20
174.94
 10
-65.5261
 20
174.94
 10
-65.5261
 20
173.995
 10
-65.1843
 20
173.995
 10
-65.1843
 20
174.94
 10
-65.06
 20
174.94
 10
-65.06
 20
170.817
 10
-65.1768
 20
170.817
 10
-65.1682
 20
170.566
 10
-65.1654
 20
170.339
 10
-65.1654
 20
170.11
 10
-65.7038
 20
170.11
 10
-65.8343
 20
170.582
 10
-66.5136
 20
170.855
 10
-66.905
 20
170.787
 10
-67.1943
 20
170.584
 10
-67.373
 20
170.253
 10
-67.3919
 20
170.11
 10
-68.0403
 20
170.11
 10
-68.0403
 20
170.568
 10
-67.6605
 20
170.568
 10
-67.6605
 20
170.817
 10
-68.0403
 20
170.817
 10
-68.0403
 20
171.277
 10
-68.2681
 20
171.277
 10
-68.3688
 20
170.817
 10
-68.6194
 20
170.817
 10
-68.6194
 20
170.568
 10
-68.3821
 20
170.568
 10
-68.3821
 20
170.11
 10
-68.948
 20
170.11
 10
-68.948
 20
170.817
 10
-69.2898
 20
170.817
 10
-69.2898
 20
170.11
 10
-69.89
 20
170.11
  0
LWPOLYLINE
100
AcDbEntity
  8
0
100
AcDbPolyline
 90
38
 70
1
 10
-64.7956
 20
170.136
 10
-64.7116
 20
170.359
 10
-64.5744
 20
170.496
 10
-64.3869
 20
170.542
 10
-64.2844
 20
170.537
 10
-64.2046
 20
170.523
 10
-64.2046
 20
170.836
 10
-64.2744
 20
170.85
 10
-64.3432
 20
170.855
 10
-64.5151
 20
170.831
 10
-64.6432
 20
170.758
 10
-64.7434
 20
170.62
 10
-64.8312
 20
170.397
 10
-64.8388
 20
170.397
 10
-64.8426
 20
170.537
 10
-64.854
 20
170.817
 10
-64.94
 20
170.817
 10
-64.94
 20
174.94
 10
-64.5197
 20
174.94
 10
-64.5197
 20
173.995
 10
-64.1779
 20
173.995
 10
-64.1779
 20
174.94
 10
-63.3204
 20
174.94
 10
-63.2735
 20
174.566
 10
-63.1012
 20
174.231
 10
-62.8164
 20
174.025
 10
-62.4215
 20
173.957
 10
-62.0232
 20
174.023
 10
-61.7322
 20
174.221
 10
-61.5542
 20
174.553
 10
-61.5054
 20
174.94
 10
-61.0618
 20
174.94
 10
-61.0618
 20
173.995
 10
-60.72
 20
173.995
 10
-60.72
 20
174.94
 10
-60.11
 20
174.94
 10
-60.11
 20
170.11
 10
-64.798
 20
170.11
  0
LWPOLYLINE
100
AcDbEntity
  8
0
100
AcDbPolyline
 90
9
 70
1
 10
-50.7515
 20
174.261
 10
-50.9314
 20
174.405
 10
-51.0411
 20
174.637
 10
-51.0765
 20
174.94
 10
-50.11
 20
174.94
 10
-50.11
 20
174.337
 10
-50.1482
 20
174.302
 10
-50.3041
 20
174.235
 10
-50.5042
 20
174.213
  0
LWPOLYLINE
100
AcDbEntity
  8
0
100
AcDbPolyline
 90
11
 70
1
 10
-49.89
 20
174.173
 10
-49.6668
 20
174.443
 10
-49.89
 20
174.506
 10
-49.89
 20
174.94
 10
-49.1692
 20
174.94
 10
-49.1692
 20
173.995
 10
-48.8274
 20
173.995
 10
-48.8274
 20
174.94
 10
-45.06
 20
174.94
 10
-45.06
 20
170.11
 10
-49.89
 20
170.11
  0
LWPOLYLINE
100
AcDbEntity
  8
0
100
AcDbPolyline
 90
4
 70
1
 10
-44.94
 20
174.94
 10
-40.11
 20
174.94
 10
-40.11
 20
170.11
 10
-44.94
 20
170.11
  0
LWPOLYLINE
100
AcDbEntity
  8
0
100
AcDbPolyline
 90
4
 70
1
 10
-39.89
 20
174.94
 10
-35.06
 20
174.94
 10
-35.06
 20
170.11
 10
-39.89
 20
170.11
  0
LWPOLYLINE
100
AcDbEntity
  8
0
100
AcDbPolyline
 90
4
 70
1
 10
-34.94
 20
174.94
 10
-30.11
 20
174.94
 10
-30.11
 20
170.11
 10
-34.94
 20
170.11
  0
LWPOLYLINE
100
AcDbEntity
  8
0
100
AcDbPolyline
 90
10
 70
1
 10
-29.89
 20
174.94
 10
-25.06
 20
174.94
 10
-25.06
 20
173.941
 10
-26.2479
 20
173.941
 10
-26.2479
 20
170.119
 10
-25.7298
 20
170.119
 10
-25.7298
 20
171.608
 10
-25.06
 20
171.608
 10
-25.06
 20
170.11
 10
-29.89
 20
170.11
  0
LWPOLYLINE
100
AcDbEntity
  8
0
100
AcDbPolyline
 90
24
 70
1
 10
-24.94
 20
171.608
 10
-24.6068
 20
171.608
 10
-24.0626
 20
171.688
 10
-23.6453
 20
171.928
 10
-23.3798
 20
172.304
 10
-23.2913
 20
172.791
 10
-23.3794
 20
173.277
 10
-23.6439
 20
173.64
 10
-24.0691
 20
173.866
 10
-24.6394
 20
173.941
 10
-24.94
 20
173.941
 10
-24.94
 20
174.94
 10
-20.11
 20
174.94
 10
-20.11
 20
171.1
 10
-21.2512
 20
173.941
 10
-21.8399
 20
173.941
 10
-23.3995
 20
170.119
 10
-22.8625
 20
170.119
 10
-22.423
 20
171.237
 10
-20.6816
 20
171.237
 10
-20.2449
 20
170.119
 10
-20.11
 20
170.119
 10
-20.11
 20
170.11
 10
-24.94
 20
170.11
  0
LWPOLYLINE
100
AcDbEntity
  8
0
100
AcDbPolyline
 90
11
 70
1
 10
-19.89
 20
170.119
 10
-19.7159
 20
170.119
 10
-19.89
 20
170.552
 10
-19.89
 20
174.94
 10
-15.06
 20
174.94
 10
-15.06
 20
173.941
 10
-15.2371
 20
173.941
 10
-15.2371
 20
170.119
 10
-15.06
 20
170.119
 10
-15.06
 20
170.11
 10
-19.89
 20
170.11
  0
LWPOLYLINE
100
AcDbEntity
  8
0
100
AcDbPolyline
 90
14
 70
1
 10
-18.788
 20
172.658
 10
-18.8016
 20
173.111
 10
-18.8151
 20
173.374
 10
-16.7699
 20
170.119
 10
-16.1461
 20
170.119
 10
-16.1461
 20
173.941
 10
-16.6126
 20
173.941
 10
-16.6126
 20
171.435
 10
-16.6045
 20
171.123
 10
-16.5801
 20
170.664
 10
-18.647
 20
173.941
 10
-19.2491
 20
173.941
 10
-19.2491
 20
170.119
 10
-18.788
 20
170.119
  0
LWPOLYLINE
100
AcDbEntity
  8
0
100
AcDbPolyline
 90
22
 70
1
 10
-14.94
 20
170.119
 10
-12.2263
 20
170.119
 10
-12.2263
 20
170.542
 10
-14.719
 20
170.542
 10
-14.719
 20
171.874
 10
-12.5002
 20
171.874
 10
-12.5002
 20
172.292
 10
-14.719
 20
172.292
 10
-14.719
 20
173.518
 10
-12.3375
 20
173.518
 10
-12.3375
 20
173.941
 10
-14.94
 20
173.941
 10
-14.94
 20
174.94
 10
-10.11
 20
174.94
 10
-10.11
 20
170.542
 10
-11.0135
 20
170.542
 10
-11.0135
 20
173.941
 10
-11.5316
 20
173.941
 10
-11.5316
 20
170.119
 10
-10.11
 20
170.119
 10
-10.11
 20
170.11
 10
-14.94
 20
170.11
  0
LWPOLYLINE
100
AcDbEntity
  8
0
100
AcDbPolyline
 90
16
 70
1
 10
-9.89
 20
170.119
 10
-9.08222
 20
170.119
 10
-9.08222
 20
170.542
 10
-9.89
 20
170.542
 10
-9.89
 20
174.94
 10
-5.06
 20
174.94
 10
-5.06
 20
173.91
 10
-5.30614
 20
173.941
 10
-7.1045
 20
173.941
 10
-7.1045
 20
170.119
 10
-6.58642
 20
170.119
 10
-6.58642
 20
171.706
 10
-5.39566
 20
171.706
 10
-5.06
 20
171.169
 10
-5.06
 20
170.11
 10
-9.89
 20
170.11
  0
LWPOLYLINE
100
AcDbEntity
  8
0
100
AcDbPolyline
 90
20
 70
1
 10
-4.94
 20
170.978
 10
-4.40286
 20
170.119
 10
-3.8061
 20
170.119
 10
-4.8911
 20
171.766
 10
-4.50154
 20
171.895
 10
-4.20622
 20
172.132
 10
-4.02007
 20
172.456
 10
-3.95802
 20
172.848
 10
-4.04584
 20
173.307
 10
-4.3093
 20
173.652
 10
-4.73413
 20
173.869
 10
-4.94
 20
173.895
 10
-4.94
 20
174.94
 10
-0.2
 20
174.94
 10
-0.2
 20
173.941
 10
-3.09246
 20
173.941
 10
-3.09246
 20
170.119
 10
-0.2
 20
170.119
 10
-0.2
 20
170.11
 10
-4.94
 20
170.11
  0
LWPOLYLINE
100
AcDbEntity
  8
0
100
AcDbPolyline
 90
8
 70
1
 10
0.2
 20
174.94
 10
4.94
 20
174.94
 10
4.94
 20
173.941
 10
4.00662
 20
173.941
 10
4.00662
 20
170.119
 10
4.94
 20
170.119
 10
4.94
 20
170.11
 10
0.2
 20
170.11
  0
LWPOLYLINE
100
AcDbEntity
  8
0
100
AcDbPolyline
 90
10
 70
1
 10
1.13114
 20
171.668
 10
3.26314
 20
171.668
 10
3.26314
 20
172.096
 10
1.13114
 20
172.096
 10
1.13114
 20
173.518
 10
3.32826
 20
173.518
 10
3.32826
 20
173.941
 10
0.61306
 20
173.941
 10
0.61306
 20
170.119
 10
1.13114
 20
170.119
  0
LWPOLYLINE
100
AcDbEntity
  8
0
100
AcDbPolyline
 90
24
 70
1
 10
5.06
 20
170.119
 10
7.01746
 20
170.119
 10
7.01746
 20
170.542
 10
5.06
 20
170.542
 10
5.06
 20
171.874
 10
6.7435
 20
171.874
 10
6.7435
 20
172.292
 10
5.06
 20
172.292
 10
5.06
 20
173.518
 10
6.90626
 20
173.518
 10
6.90626
 20
173.941
 10
5.06
 20
173.941
 10
5.06
 20
174.94
 10
9.89
 20
174.94
 10
9.89
 20
173.893
 10
9.5105
 20
173.941
 10
7.71214
 20
173.941
 10
7.71214
 20
170.119
 10
8.23022
 20
170.119
 10
8.23022
 20
171.706
 10
9.42098
 20
171.706
 10
9.89
 20
170.956
 10
9.89
 20
170.11
 10
5.06
 20
170.11
  0
LWPOLYLINE
100
AcDbEntity
  8
0
100
AcDbPolyline
 90
16
 70
1
 10
10.11
 20
170.605
 10
10.4138
 20
170.119
 10
11.0105
 20
170.119
 10
10.11
 20
171.486
 10
10.11
 20
171.827
 10
10.3151
 20
171.895
 10
10.6104
 20
172.132
 10
10.7966
 20
172.456
 10
10.8586
 20
172.848
 10
10.7708
 20
173.307
 10
10.5073
 20
173.652
 10
10.11
 20
173.855
 10
10.11
 20
174.94
 10
14.94
 20
174.94
 10
14.94
 20
170.11
 10
10.11
 20
170.11
  0
LWPOLYLINE
100
AcDbEntity
  8
0
100
AcDbPolyline
 90
12
 70
1
 10
14.735
 20
170.542
 10
12.2423
 20
170.542
 10
12.2423
 20
171.874
 10
14.4611
 20
171.874
 10
14.4611
 20
172.292
 10
12.2423
 20
172.292
 10
12.2423
 20
173.518
 10
14.6238
 20
173.518
 10
14.6238
 20
173.941
 10
11.7242
 20
173.941
 10
11.7242
 20
170.119
 10
14.735
 20
170.119
  0
LWPOLYLINE
100
AcDbEntity
  8
0
100
AcDbPolyline
 90
12
 70
1
 10
15.06
 20
174.94
 10
19.89
 20
174.94
 10
19.89
 20
173.564
 10
19.7618
 20
173.48
 10
19.3915
 20
172.863
 10
19.2681
 20
172.048
 10
19.3234
 20
171.478
 10
19.4892
 20
170.991
 10
19.7604
 20
170.596
 10
19.89
 20
170.495
 10
19.89
 20
170.11
 10
15.06
 20
170.11
  0
LWPOLYLINE
100
AcDbEntity
  8
0
100
AcDbPolyline
 90
14
 70
1
 10
15.8908
 20
172.658
 10
15.8773
 20
173.111
 10
15.8637
 20
173.374
 10
17.9089
 20
170.119
 10
18.5328
 20
170.119
 10
18.5328
 20
173.941
 10
18.0662
 20
173.941
 10
18.0662
 20
171.435
 10
18.0744
 20
171.123
 10
18.0988
 20
170.664
 10
16.0319
 20
173.941
 10
15.4297
 20
173.941
 10
15.4297
 20
170.119
 10
15.8908
 20
170.119
  0
LWPOLYLINE
100
AcDbEntity
  8
0
100
AcDbPolyline
 90
33
 70
1
 10
21.6616
 20
170.129
 10
22.123
 20
170.322
 10
22.5024
 20
170.639
 10
22.7862
 20
171.074
 10
22.3631
 20
171.285
 10
21.8593
 20
170.689
 10
21.156
 20
170.491
 10
20.5942
 20
170.597
 10
20.1619
 20
170.918
 10
20.11
 20
171.011
 10
20.11
 20
173.099
 10
20.1469
 20
173.167
 10
20.5701
 20
173.473
 10
21.1343
 20
173.575
 10
21.511
 20
173.531
 10
21.8328
 20
173.398
 10
22.0868
 20
173.183
 10
22.26
 20
172.889
 10
22.751
 20
173.051
 10
22.5041
 20
173.463
 10
22.1488
 20
173.759
 10
21.689
 20
173.938
 10
21.1289
 20
173.998
 10
20.3504
 20
173.868
 10
20.11
 20
173.71
 10
20.11
 20
174.94
 10
24.94
 20
174.94
 10
24.94
 20
173.941
 10
23.4538
 20
173.941
 10
23.4538
 20
170.119
 10
24.94
 20
170.119
 10
24.94
 20
170.11
 10
21.5035
 20
170.11
  0
LWPOLYLINE
100
AcDbEntity
  8
0
100
AcDbPolyline
 90
16
 70
1
 10
25.06
 20
170.119
 10
26.4646
 20
170.119
 10
26.4646
 20
170.542
 10
25.06
 20
170.542
 10
25.06
 20
171.874
 10
26.1907
 20
171.874
 10
26.1907
 20
172.292
 10
25.06
 20
172.292
 10
25.06
 20
173.518
 10
26.3534
 20
173.518
 10
26.3534
 20
173.941
 10
25.06
 20
173.941
 10
25.06
 20
174.94
 10
29.89
 20
174.94
 10
29.89
 20
170.11
 10
25.06
 20
170.11
  0
LWPOLYLINE
100
AcDbEntity
  8
0
100
AcDbPolyline
 90
4
 70
1
 10
30.11
 20
174.94
 10
34.94
 20
174.94
 10
34.94
 20
170.11
 10
30.11
 20
170.11
  0
LWPOLYLINE
100
AcDbEntity
  8
0
100
AcDbPolyline
 90
4
 70
1
 10
35.06
 20
174.94
 10
39.89
 20
174.94
 10
39.89
 20
170.11
 10
35.06
 20
170.11
  0
LWPOLYLINE
100
AcDbEntity
  8
0
100
AcDbPolyline
 90
4
 70
1
 10
40.11
 20
174.94
 10
44.94
 20
174.94
 10
44.94
 20
170.11
 10
40.11
 20
170.11
  0
LWPOLYLINE
100
AcDbEntity
  8
0
100
AcDbPolyline
 90
4
 70
1
 10
45.06
 20
174.94
 10
49.89
 20
174.94
 10
49.89
 20
170.11
 10
45.06
 20
170.11
  0
LWPOLYLINE
100
AcDbEntity
  8
0
100
AcDbPolyline
 90
4
 70
1
 10
50.11
 20
174.94
 10
54.94
 20
174.94
 10
54.94
 20
170.11
 10
50.11
 20
170.11
  0
LWPOLYLINE
100
AcDbEntity
  8
0
100
AcDbPolyline
 90
4
 70
1
 10
55.06
 20
174.94
 10
59.89
 20
174.94
 10
59.89
 20
170.11
 10
55.06
 20
170.11
  0
LWPOLYLINE
100
AcDbEntity
  8
0
100
AcDbPolyline
 90
4
 70
1
 10
60.11
 20
174.94
 10
64.94
 20
174.94
 10
64.94
 20
170.11
 10
60.11
 20
170.11
  0
LWPOLYLINE
100
AcDbEntity
  8
0
100
AcDbPolyline
 90
4
 70
1
 10
65.06
 20
174.94
 10
69.89
 20
174.94
 10
69.89
 20
170.11
 10
65.06
 20
170.11
  0
LWPOLYLINE
100
AcDbEntity
  8
0
100
AcDbPolyline
 90
4
 70
1
 10
70.11
 20
174.94
 10
74.94
 20
174.94
 10
74.94
 20
170.11
 10
70.11
 20
170.11
  0
LWPOLYLINE
100
AcDbEntity
  8
0
100
AcDbPolyline
 90
4
 70
1
 10
75.06
 20
174.94
 10
79.89
 20
174.94
 10
79.89
 20
170.11
 10
75.06
 20
170.11
  0
LWPOLYLINE
100
AcDbEntity
  8
0
100
AcDbPolyline
 90
4
 70
1
 10
80.11
 20
174.94
 10
84.94
 20
174.94
 10
84.94
 20
170.11
 10
80.11
 20
170.11
  0
LWPOLYLINE
100
AcDbEntity
  8
0
100
AcDbPolyline
 90
4
 70
1
 10
85.06
 20
174.94
 10
89.89
 20
174.94
 10
89.89
 20
170.11
 10
85.06
 20
170.11
  0
LWPOLYLINE
100
AcDbEntity
  8
0
100
AcDbPolyline
 90
4
 70
1
 10
90.11
 20
174.94
 10
94.94
 20
174.94
 10
94.94
 20
170.11
 10
90.11
 20
170.11
  0
LWPOLYLINE
100
AcDbEntity
  8
0
100
AcDbPolyline
 90
4
 70
1
 10
95.06
 20
174.94
 10
99.89
 20
174.94
 10
99.89
 20
170.11
 10
95.06
 20
170.11
  0
LWPOLYLINE
100
AcDbEntity
  8
0
100
AcDbPolyline
 90
4
 70
1
 10
100.11
 20
174.94
 10
104.94
 20
174.94
 10
104.94
 20
170.11
 10
100.11
 20
170.11
  0
LWPOLYLINE
100
AcDbEntity
  8
0
100
AcDbPolyline
 90
44
 70
1
 10
-54.94
 20
174.94
 10
-54.5924
 20
174.94
 10
-54.5924
 20
174.68
 10
-54.5532
 20
174.348
 10
-54.4358
 20
174.125
 10
-54.2338
 20
173.999
 10
-53.9411
 20
173.957
 10
-53.7301
 20
173.979
 10
-53.5566
 20
174.045
 10
-53.4111
 20
174.164
 10
-53.2841
 20
174.346
 10
-53.2785
 20
174.346
 10
-53.2749
 20
174.22
 10
-53.2718
 20
174.142
 10
-53.2692
 20
174.091
 10
-53.2671
 20
174.046
 10
-53.2652
 20
174.012
 10
-53.2633
 20
173.995
 10
-52.9405
 20
173.995
 10
-52.949
 20
174.144
 10
-52.9519
 20
174.433
 10
-52.9519
 20
174.94
 10
-52.3859
 20
174.94
 10
-52.3859
 20
174.429
 10
-52.2834
 20
174.081
 10
-51.9758
 20
173.964
 10
-51.8011
 20
173.976
 10
-51.6302
 20
174.01
 10
-51.6302
 20
174.262
 10
-51.7441
 20
174.242
 10
-51.8277
 20
174.236
 10
-51.9295
 20
174.251
 10
-51.9957
 20
174.296
 10
-52.032
 20
174.378
 10
-52.0441
 20
174.504
 10
-52.0441
 20
174.94
 10
-51.4244
 20
174.94
 10
-51.3769
 20
174.566
 10
-51.1982
 20
174.228
 10
-50.9055
 20
174.025
 10
-50.5042
 20
173.957
 10
-50.11
 20
174.046
 10
-50.11
 20
170.11
 10
-54.94
 20
170.11
  0
LWPOLYLINE
100
AcDbEntity
  8
0
100
AcDbPolyline
 90
13
 70
1
 10
-53.9739
 20
174.233
 10
-54.0816
 20
174.27
 10
-54.1571
 20
174.335
 10
-54.2088
 20
174.431
 10
-54.2387
 20
174.566
 10
-54.2487
 20
174.747
 10
-54.2487
 20
174.94
 10
-53.2936
 20
174.94
 10
-53.2936
 20
174.859
 10
-53.3292
 20
174.591
 10
-53.436
 20
174.39
 10
-53.6046
 20
174.263
 10
-53.8253
 20
174.221
  0
LWPOLYLINE
100
AcDbEntity
  8
0
100
AcDbPolyline
 90
9
 70
1
 10
-56.1839
 20
174.26
 10
-56.3536
 20
174.413
 10
-56.4526
 20
174.668
 10
-56.4778
 20
174.94
 10
-55.3748
 20
174.94
 10
-55.4002
 20
174.66
 10
-55.4992
 20
174.407
 10
-55.675
 20
174.259
 10
-55.9387
 20
174.209
  0
LWPOLYLINE
100
AcDbEntity
  8
0
100
AcDbPolyline
 90
30
 70
1
 10
-59.89
 20
174.94
 10
-59.765
 20
174.94
 10
-59.765
 20
173.995
 10
-59.4213
 20
173.995
 10
-59.4213
 20
174.94
 10
-58.8724
 20
174.94
 10
-58.8724
 20
174.429
 10
-58.7699
 20
174.081
 10
-58.4623
 20
173.964
 10
-58.2876
 20
173.976
 10
-58.1167
 20
174.01
 10
-58.1167
 20
174.262
 10
-58.2307
 20
174.242
 10
-58.3142
 20
174.236
 10
-58.416
 20
174.251
 10
-58.4823
 20
174.296
 10
-58.5186
 20
174.378
 10
-58.5307
 20
174.504
 10
-58.5307
 20
174.94
 10
-56.8339
 20
174.94
 10
-56.787
 20
174.566
 10
-56.6147
 20
174.231
 10
-56.3299
 20
174.025
 10
-55.9349
 20
173.957
 10
-55.5367
 20
174.023
 10
-55.2457
 20
174.221
 10
-55.0677
 20
174.553
 10
-55.06
 20
174.614
 10
-55.06
 20
170.11
 10
-59.89
 20
170.11
  0
LWPOLYLINE
100
AcDbEntity
  8
0
100
AcDbPolyline
 90
9
 70
1
 10
-62.6705
 20
174.26
 10
-62.8402
 20
174.413
 10
-62.9391
 20
174.668
 10
-62.9643
 20
174.94
 10
-61.8613
 20
174.94
 10
-61.8867
 20
174.66
 10
-61.9857
 20
174.407
 10
-62.1616
 20
174.259
 10
-62.4253
 20
174.209
  0
LWPOLYLINE
100
AcDbEntity
  8
0
100
AcDbPolyline
 90
16
 70
1
 10
-69.261
 20
174.236
 10
-69.3704
 20
174.304
 10
-69.438
 20
174.414
 10
-69.4606
 20
174.562
 10
-69.4439
 20
174.701
 10
-69.3941
 20
174.811
 10
-69.3132
 20
174.894
 10
-69.2254
 20
174.94
 10
-68.4637
 20
174.94
 10
-68.4637
 20
174.84
 10
-68.4848
 20
174.684
 10
-68.5482
 20
174.533
 10
-68.6481
 20
174.4
 10
-68.7789
 20
174.298
 10
-68.9356
 20
174.234
 10
-69.1131
 20
174.213
  0
LWPOLYLINE
100
AcDbEntity
  8
0
100
AcDbPolyline
 90
73
 70
1
 10
-74.7399
 20
170.136
 10
-74.6559
 20
170.359
 10
-74.5187
 20
170.496
 10
-74.3312
 20
170.542
 10
-74.2287
 20
170.537
 10
-74.149
 20
170.523
 10
-74.149
 20
170.836
 10
-74.2188
 20
170.85
 10
-74.2876
 20
170.855
 10
-74.4594
 20
170.831
 10
-74.5876
 20
170.758
 10
-74.6878
 20
170.62
 10
-74.7756
 20
170.397
 10
-74.7832
 20
170.397
 10
-74.787
 20
170.537
 10
-74.7983
 20
170.817
 10
-74.94
 20
170.817
 10
-74.94
 20
174.94
 10
-73.9128
 20
174.94
 10
-73.8565
 20
174.923
 10
-73.6116
 20
174.859
 10
-73.4511
 20
174.803
 10
-73.3419
 20
174.733
 10
-73.2793
 20
174.646
 10
-73.2584
 20
174.536
 10
-73.2885
 20
174.396
 10
-73.379
 20
174.297
 10
-73.5344
 20
174.237
 10
-73.7597
 20
174.217
 10
-73.9761
 20
174.236
 10
-74.1394
 20
174.294
 10
-74.2529
 20
174.393
 10
-74.3198
 20
174.536
 10
-74.6217
 20
174.477
 10
-74.5227
 20
174.245
 10
-74.3511
 20
174.083
 10
-74.0993
 20
173.988
 10
-73.7597
 20
173.957
 10
-73.4086
 20
173.996
 10
-73.1454
 20
174.114
 10
-72.9809
 20
174.305
 10
-72.9261
 20
174.562
 10
-72.9356
 20
174.674
 10
-72.9641
 20
174.772
 10
-73.0099
 20
174.859
 10
-73.0714
 20
174.935
 10
-73.078
 20
174.94
 10
-72.5254
 20
174.94
 10
-72.5254
 20
173.995
 10
-72.1836
 20
173.995
 10
-72.1836
 20
174.94
 10
-71.7459
 20
174.94
 10
-71.6996
 20
174.564
 10
-71.5294
 20
174.229
 10
-71.2515
 20
174.025
 10
-70.8715
 20
173.957
 10
-70.5734
 20
174.001
 10
-70.3322
 20
174.133
 10
-70.1628
 20
174.34
 10
-70.11
 20
174.509
 10
-70.11
 20
170.11
 10
-70.2449
 20
170.11
 10
-70.2449
 20
170.817
 10
-70.5885
 20
170.817
 10
-70.5885
 20
170.11
 10
-71.0418
 20
170.11
 10
-71.06
 20
170.265
 10
-71.2267
 20
170.596
 10
-71.511
 20
170.79
 10
-71.9197
 20
170.855
 10
-72.6104
 20
170.589
 10
-72.7487
 20
170.11
 10
-74.7423
 20
170.11
  0
LWPOLYLINE
100
AcDbEntity
  8
0
100
AcDbPolyline
 90
10
 70
1
 10
-75.7036
 20
174.438
 10
-75.7592
 20
174.602
 10
-75.8166
 20
174.77
 10
-75.8446
 20
174.85
 10
-75.857
 20
174.884
 10
-75.8674
 20
174.914
 10
-75.8775
 20
174.94
 10
-75.4799
 20
174.94
 10
-75.5484
 20
174.741
 10
-75.6813
 20
174.367
  0
LWPOLYLINE
100
AcDbEntity
  8
0
100
AcDbPolyline
 90
7
 70
1
 10
-79.89
 20
174.217
 10
-79.89
 20
174.94
 10
-79.366
 20
174.94
 10
-79.3887
 20
174.647
 10
-79.4763
 20
174.396
 10
-79.6274
 20
174.256
 10
-79.8475
 20
174.209
  0
LWPOLYLINE
100
AcDbEntity
  8
0
100
AcDbPolyline
 90
26
 70
1
 10
-84
 20
170.225
 10
-84.94
 20
170.225
 10
-84.94
 20
174.775
 10
-84
 20
174.775
 10
-84
 20
174.94
 10
-80.738
 20
174.94
 10
-80.738
 20
173.188
 10
-80.3962
 20
173.188
 10
-80.3962
 20
173.991
 10
-80.3981
 20
174.225
 10
-80.4038
 20
174.314
 10
-80.3943
 20
174.314
 10
-80.1532
 20
174.046
 10
-80.11
 20
174.036
 10
-80.11
 20
170.814
 10
-80.2082
 20
170.758
 10
-80.3084
 20
170.62
 10
-80.3962
 20
170.397
 10
-80.4038
 20
170.397
 10
-80.4076
 20
170.537
 10
-80.419
 20
170.817
 10
-80.7418
 20
170.817
 10
-80.7332
 20
170.566
 10
-80.7304
 20
170.339
 10
-80.7304
 20
170.11
 10
-84
 20
170.11
  0
LWPOLYLINE
100
AcDbEntity
  8
0
100
AcDbPolyline
 90
8
 70
1
 10
-99.89
 20
174.94
 10
-96
 20
174.94
 10
-96
 20
174.775
 10
-95.06
 20
174.775
 10
-95.06
 20
170.225
 10
-96
 20
170.225
 10
-96
 20
170.11
 10
-99.89
 20
170.11
  0
LWPOLYLINE
100
AcDbEntity
  8
0
100
AcDbPolyline
 90
4
 70
1
 10
-94.94
 20
170.225
 10
-94.94
 20
174.775
 10
-90.11
 20
174.775
 10
-90.11
 20
170.225
  0
LWPOLYLINE
100
AcDbEntity
  8
0
100
AcDbPolyline
 90
4
 70
1
 10
-89.89
 20
170.225
 10
-89.89
 20
174.775
 10
-85.06
 20
174.775
 10
-85.06
 20
170.225
  0
LWPOLYLINE
100
AcDbEntity
  8
0
100
AcDbPolyline
 90
9
 70
1
 10
-21.7775
 20
172.897
 10
-21.6608
 20
173.217
 10
-21.5767
 20
173.474
 10
-21.5523
 20
173.55
 10
-21.4791
 20
173.325
 10
-21.4031
 20
173.101
 10
-21.3272
 20
172.902
 10
-20.8362
 20
171.641
 10
-22.2657
 20
171.641
  0
LWPOLYLINE
100
AcDbEntity
  8
0
100
AcDbPolyline
 90
7
 70
1
 10
-24.94
 20
173.526
 10
-24.7017
 20
173.526
 10
-24.0345
 20
173.341
 10
-23.8121
 20
172.785
 10
-24.0291
 20
172.21
 10
-24.6801
 20
172.018
 10
-24.94
 20
172.018
  0
LWPOLYLINE
100
AcDbEntity
  8
0
100
AcDbPolyline
 90
6
 70
1
 10
-6.58642
 20
173.526
 10
-5.35766
 20
173.526
 10
-5.06
 20
173.491
 10
-5.06
 20
172.152
 10
-5.33598
 20
172.115
 10
-6.58642
 20
172.115
  0
LWPOLYLINE
100
AcDbEntity
  8
0
100
AcDbPolyline
 90
8
 70
1
 10
8.23022
 20
173.526
 10
9.45898
 20
173.526
 10
9.83498
 20
173.482
 10
9.89
 20
173.456
 10
9.89
 20
172.188
 10
9.8438
 20
172.163
 10
9.48066
 20
172.115
 10
8.23022
 20
172.115
  0
LWPOLYLINE
100
AcDbEntity
  8
0
100
AcDbPolyline
 90
4
 70
1
 10
-25.7298
 20
173.526
 10
-25.06
 20
173.526
 10
-25.06
 20
172.018
 10
-25.7298
 20
172.018
  0
LWPOLYLINE
100
AcDbEntity
  8
0
100
AcDbPolyline
 90
4
 70
1
 10
23.9719
 20
172.292
 10
23.9719
 20
173.518
 10
24.94
 20
173.518
 10
24.94
 20
172.292
  0
LWPOLYLINE
100
AcDbEntity
  8
0
100
AcDbPolyline
 90
4
 70
1
 10
4.5247
 20
172.292
 10
4.5247
 20
173.518
 10
4.94
 20
173.518
 10
4.94
 20
172.292
  0
LWPOLYLINE
100
AcDbEntity
  8
0
100
AcDbPolyline
 90
8
 70
1
 10
-2.57438
 20
170.542
 10
-2.57438
 20
171.874
 10
-0.35558
 20
171.874
 10
-0.35558
 20
172.292
 10
-2.57438
 20
172.292
 10
-2.57438
 20
173.518
 10
-0.2
 20
173.518
 10
-0.2
 20
170.542
  0
LWPOLYLINE
100
AcDbEntity
  8
0
100
AcDbPolyline
 90
7
 70
1
 10
-4.94
 20
173.462
 10
-4.70534
 20
173.351
 10
-4.53545
 20
173.136
 10
-4.47882
 20
172.842
 10
-4.53477
 20
172.536
 10
-4.70262
 20
172.307
 10
-4.94
 20
172.181
  0
LWPOLYLINE
100
AcDbEntity
  8
0
100
AcDbPolyline
 90
7
 70
1
 10
10.11
 20
173.352
 10
10.1113
 20
173.351
 10
10.2812
 20
173.136
 10
10.3378
 20
172.842
 10
10.2819
 20
172.536
 10
10.114
 20
172.307
 10
10.11
 20
172.305
  0
LWPOLYLINE
100
AcDbEntity
  8
0
100
AcDbPolyline
 90
5
 70
1
 10
19.8862
 20
171.414
 10
19.7943
 20
172.048
 10
19.8825
 20
172.683
 10
19.89
 20
172.696
 10
19.89
 20
171.407
  0
LWPOLYLINE
100
AcDbEntity
  8
0
100
AcDbPolyline
 90
4
 70
1
 10
23.9719
 20
170.542
 10
23.9719
 20
171.874
 10
24.94
 20
171.874
 10
24.94
 20
170.542
  0
LWPOLYLINE
100
AcDbEntity
  8
0
100
AcDbPolyline
 90
4
 70
1
 10
4.5247
 20
170.542
 10
4.5247
 20
171.874
 10
4.94
 20
171.874
 10
4.94
 20
170.542
  0
LWPOLYLINE
100
AcDbEntity
  8
0
100
AcDbPolyline
 90
9
 70
1
 10
-79.1323
 20
170.239
 10
-79.0205
 20
170.436
 10
-78.8493
 20
170.561
 10
-78.6265
 20
170.603
 10
-78.4001
 20
170.565
 10
-78.2335
 20
170.453
 10
-78.1238
 20
170.261
 10
-78.094
 20
170.11
 10
-79.1546
 20
170.11
  0
LWPOLYLINE
100
AcDbEntity
  8
0
100
AcDbPolyline
 90
9
 70
1
 10
-72.4483
 20
170.154
 10
-72.3479
 20
170.406
 10
-72.1725
 20
170.553
 10
-71.914
 20
170.603
 10
-71.6588
 20
170.554
 10
-71.4896
 20
170.41
 10
-71.3949
 20
170.159
 10
-71.3907
 20
170.11
 10
-72.4523
 20
170.11
  0
LWPOLYLINE
100
AcDbEntity
  8
0
100
AcDbPolyline
 90
9
 70
1
 10
-67.0251
 20
170.239
 10
-66.9133
 20
170.436
 10
-66.7422
 20
170.561
 10
-66.5193
 20
170.603
 10
-66.2929
 20
170.565
 10
-66.1263
 20
170.453
 10
-66.0166
 20
170.261
 10
-65.9869
 20
170.11
 10
-67.0474
 20
170.11
  0
LWPOLYLINE
100
AcDbEntity
  8
0
100
AcDbPolyline
 90
6
 70
1
 10
-80.3606
 20
170.136
 10
-80.2766
 20
170.359
 10
-80.1394
 20
170.496
 10
-80.11
 20
170.503
 10
-80.11
 20
170.11
 10
-80.363
 20
170.11
  0
LWPOLYLINE
100
AcDbEntity
  8
0
100
AcDbPolyline
 90
5
 70
1
 10
20.11
 20
170.322
 10
20.1321
 20
170.305
 10
20.5928
 20
170.125
 10
20.7258
 20
170.11
 10
20.11
 20
170.11
  0
LWPOLYLINE
100
AcDbEntity
  8
0
100
AcDbPolyline
 90
4
 70
1
 10
-104.94
 20
169.89
 10
-100.11
 20
169.89
 10
-100.11
 20
165.06
 10
-104.94
 20
165.06
  0
LWPOLYLINE
100
AcDbEntity
  8
0
100
AcDbPolyline
 90
23
 70
1
 10
-84
 20
165.275
 10
-84.94
 20
165.275
 10
-84.94
 20
169.775
 10
-84
 20
169.775
 10
-84
 20
169.89
 10
-80.7304
 20
169.89
 10
-80.7304
 20
168.763
 10
-80.3886
 20
168.763
 10
-80.3886
 20
169.834
 10
-80.3834
 20
169.89
 10
-80.11
 20
169.89
 10
-80.11
 20
166.046
 10
-80.2082
 20
165.99
 10
-80.3084
 20
165.852
 10
-80.3962
 20
165.63
 10
-80.4038
 20
165.63
 10
-80.4076
 20
165.77
 10
-80.419
 20
166.049
 10
-80.7418
 20
166.049
 10
-80.7332
 20
165.798
 10
-80.7304
 20
165.571
 10
-80.7304
 20
165.06
 10
-84
 20
165.06
  0
LWPOLYLINE
100
AcDbEntity
  8
0
100
AcDbPolyline
 90
7
 70
1
 10
-70.1533
 20
169.103
 10
-70.205
 20
169.199
 10
-70.2349
 20
169.334
 10
-70.2449
 20
169.515
 10
-70.2449
 20
169.89
 10
-70.11
 20
169.89
 10
-70.11
 20
169.066
  0
LWPOLYLINE
100
AcDbEntity
  8
0
100
AcDbPolyline
 90
29
 70
1
 10
-64.94
 20
165.559
 10
-64.928
 20
165.591
 10
-64.7908
 20
165.728
 10
-64.6033
 20
165.774
 10
-64.5008
 20
165.769
 10
-64.4211
 20
165.755
 10
-64.4211
 20
166.068
 10
-64.4909
 20
166.082
 10
-64.5597
 20
166.087
 10
-64.7315
 20
166.063
 10
-64.8597
 20
165.99
 10
-64.94
 20
165.879
 10
-64.94
 20
168.763
 10
-64.8236
 20
168.763
 10
-64.8236
 20
169.834
 10
-64.8184
 20
169.89
 10
-60.11
 20
169.89
 10
-60.11
 20
166.079
 10
-60.1942
 20
166.087
 10
-60.7609
 20
165.818
 10
-60.9387
 20
165.06
 10
-61.304
 20
165.06
 10
-61.5125
 20
165.814
 10
-62.1918
 20
166.087
 10
-62.5832
 20
166.019
 10
-62.8725
 20
165.816
 10
-63.0512
 20
165.485
 10
-63.1075
 20
165.06
 10
-64.94
 20
165.06
  0
LWPOLYLINE
100
AcDbEntity
  8
0
100
AcDbPolyline
 90
35
 70
1
 10
-59.2125
 20
166.812
 10
-59.5543
 20
166.812
 10
-59.5543
 20
165.96
 10
-59.5505
 20
165.73
 10
-59.5543
 20
165.73
 10
-59.6644
 20
165.891
 10
-59.805
 20
166.002
 10
-59.89
 20
166.033
 10
-59.89
 20
169.89
 10
-55.06
 20
169.89
 10
-55.06
 20
165.829
 10
-55.7034
 20
166.087
 10
-56.0947
 20
166.019
 10
-56.3841
 20
165.816
 10
-56.5628
 20
165.485
 10
-56.6191
 20
165.06
 10
-57.0497
 20
165.06
 10
-57.0497
 20
165.624
 10
-57.0469
 20
165.892
 10
-57.0383
 20
166.049
 10
-57.363
 20
166.049
 10
-57.3706
 20
166.004
 10
-57.3782
 20
165.895
 10
-57.3839
 20
165.776
 10
-57.3858
 20
165.698
 10
-57.3896
 20
165.698
 10
-57.4952
 20
165.861
 10
-57.6374
 20
165.982
 10
-57.8123
 20
166.056
 10
-58.0162
 20
166.081
 10
-58.3558
 20
166.017
 10
-58.5962
 20
165.822
 10
-58.7394
 20
165.492
 10
-58.7828
 20
165.06
 10
-59.2125
 20
165.06
  0
LWPOLYLINE
100
AcDbEntity
  8
0
100
AcDbPolyline
 90
5
 70
1
 10
-54.94
 20
165.51
 10
-54.94
 20
169.89
 10
-50.11
 20
169.89
 10
-50.11
 20
165.06
 10
-54.8155
 20
165.06
  0
LWPOLYLINE
100
AcDbEntity
  8
0
100
AcDbPolyline
 90
4
 70
1
 10
-49.89
 20
169.89
 10
-45.06
 20
169.89
 10
-45.06
 20
165.06
 10
-49.89
 20
165.06
  0
LWPOLYLINE
100
AcDbEntity
  8
0
100
AcDbPolyline
 90
4
 70
1
 10
-44.94
 20
169.89
 10
-40.11
 20
169.89
 10
-40.11
 20
165.06
 10
-44.94
 20
165.06
  0
LWPOLYLINE
100
AcDbEntity
  8
0
100
AcDbPolyline
 90
4
 70
1
 10
-39.89
 20
169.89
 10
-35.06
 20
169.89
 10
-35.06
 20
165.06
 10
-39.89
 20
165.06
  0
LWPOLYLINE
100
AcDbEntity
  8
0
100
AcDbPolyline
 90
4
 70
1
 10
-34.94
 20
169.89
 10
-30.11
 20
169.89
 10
-30.11
 20
165.06
 10
-34.94
 20
165.06
  0
LWPOLYLINE
100
AcDbEntity
  8
0
100
AcDbPolyline
 90
4
 70
1
 10
-29.89
 20
169.89
 10
-25.06
 20
169.89
 10
-25.06
 20
165.06
 10
-29.89
 20
165.06
  0
LWPOLYLINE
100
AcDbEntity
  8
0
100
AcDbPolyline
 90
4
 70
1
 10
-24.94
 20
169.89
 10
-20.11
 20
169.89
 10
-20.11
 20
165.06
 10
-24.94
 20
165.06
  0
LWPOLYLINE
100
AcDbEntity
  8
0
100
AcDbPolyline
 90
4
 70
1
 10
-19.89
 20
169.89
 10
-15.06
 20
169.89
 10
-15.06
 20
165.06
 10
-19.89
 20
165.06
  0
LWPOLYLINE
100
AcDbEntity
  8
0
100
AcDbPolyline
 90
4
 70
1
 10
-14.94
 20
169.89
 10
-10.11
 20
169.89
 10
-10.11
 20
165.06
 10
-14.94
 20
165.06
  0
LWPOLYLINE
100
AcDbEntity
  8
0
100
AcDbPolyline
 90
4
 70
1
 10
-9.89
 20
169.89
 10
-5.06
 20
169.89
 10
-5.06
 20
165.06
 10
-9.89
 20
165.06
  0
LWPOLYLINE
100
AcDbEntity
  8
0
100
AcDbPolyline
 90
4
 70
1
 10
-4.94
 20
169.89
 10
-0.2
 20
169.89
 10
-0.2
 20
165.06
 10
-4.94
 20
165.06
  0
LWPOLYLINE
100
AcDbEntity
  8
0
100
AcDbPolyline
 90
4
 70
1
 10
0.2
 20
169.89
 10
4.94
 20
169.89
 10
4.94
 20
165.06
 10
0.2
 20
165.06
  0
LWPOLYLINE
100
AcDbEntity
  8
0
100
AcDbPolyline
 90
4
 70
1
 10
5.06
 20
169.89
 10
9.89
 20
169.89
 10
9.89
 20
165.06
 10
5.06
 20
165.06
  0
LWPOLYLINE
100
AcDbEntity
  8
0
100
AcDbPolyline
 90
4
 70
1
 10
10.11
 20
169.89
 10
14.94
 20
169.89
 10
14.94
 20
165.06
 10
10.11
 20
165.06
  0
LWPOLYLINE
100
AcDbEntity
  8
0
100
AcDbPolyline
 90
4
 70
1
 10
15.06
 20
169.89
 10
19.89
 20
169.89
 10
19.89
 20
165.06
 10
15.06
 20
165.06
  0
LWPOLYLINE
100
AcDbEntity
  8
0
100
AcDbPolyline
 90
4
 70
1
 10
20.11
 20
169.89
 10
24.94
 20
169.89
 10
24.94
 20
165.06
 10
20.11
 20
165.06
  0
LWPOLYLINE
100
AcDbEntity
  8
0
100
AcDbPolyline
 90
4
 70
1
 10
25.06
 20
169.89
 10
29.89
 20
169.89
 10
29.89
 20
165.06
 10
25.06
 20
165.06
  0
LWPOLYLINE
100
AcDbEntity
  8
0
100
AcDbPolyline
 90
4
 70
1
 10
30.11
 20
169.89
 10
34.94
 20
169.89
 10
34.94
 20
165.06
 10
30.11
 20
165.06
  0
LWPOLYLINE
100
AcDbEntity
  8
0
100
AcDbPolyline
 90
4
 70
1
 10
35.06
 20
169.89
 10
39.89
 20
169.89
 10
39.89
 20
165.06
 10
35.06
 20
165.06
  0
LWPOLYLINE
100
AcDbEntity
  8
0
100
AcDbPolyline
 90
4
 70
1
 10
40.11
 20
169.89
 10
44.94
 20
169.89
 10
44.94
 20
165.06
 10
40.11
 20
165.06
  0
LWPOLYLINE
100
AcDbEntity
  8
0
100
AcDbPolyline
 90
4
 70
1
 10
45.06
 20
169.89
 10
49.89
 20
169.89
 10
49.89
 20
165.06
 10
45.06
 20
165.06
  0
LWPOLYLINE
100
AcDbEntity
  8
0
100
AcDbPolyline
 90
4
 70
1
 10
50.11
 20
169.89
 10
54.94
 20
169.89
 10
54.94
 20
165.06
 10
50.11
 20
165.06
  0
LWPOLYLINE
100
AcDbEntity
  8
0
100
AcDbPolyline
 90
4
 70
1
 10
55.06
 20
169.89
 10
59.89
 20
169.89
 10
59.89
 20
165.06
 10
55.06
 20
165.06
  0
LWPOLYLINE
100
AcDbEntity
  8
0
100
AcDbPolyline
 90
4
 70
1
 10
60.11
 20
169.89
 10
64.94
 20
169.89
 10
64.94
 20
165.06
 10
60.11
 20
165.06
  0
LWPOLYLINE
100
AcDbEntity
  8
0
100
AcDbPolyline
 90
4
 70
1
 10
65.06
 20
169.89
 10
69.89
 20
169.89
 10
69.89
 20
165.06
 10
65.06
 20
165.06
  0
LWPOLYLINE
100
AcDbEntity
  8
0
100
AcDbPolyline
 90
4
 70
1
 10
70.11
 20
169.89
 10
74.94
 20
169.89
 10
74.94
 20
165.06
 10
70.11
 20
165.06
  0
LWPOLYLINE
100
AcDbEntity
  8
0
100
AcDbPolyline
 90
4
 70
1
 10
75.06
 20
169.89
 10
79.89
 20
169.89
 10
79.89
 20
165.06
 10
75.06
 20
165.06
  0
LWPOLYLINE
100
AcDbEntity
  8
0
100
AcDbPolyline
 90
4
 70
1
 10
80.11
 20
169.89
 10
84.94
 20
169.89
 10
84.94
 20
165.06
 10
80.11
 20
165.06
  0
LWPOLYLINE
100
AcDbEntity
  8
0
100
AcDbPolyline
 90
4
 70
1
 10
85.06
 20
169.89
 10
89.89
 20
169.89
 10
89.89
 20
165.06
 10
85.06
 20
165.06
  0
LWPOLYLINE
100
AcDbEntity
  8
0
100
AcDbPolyline
 90
4
 70
1
 10
90.11
 20
169.89
 10
94.94
 20
169.89
 10
94.94
 20
165.06
 10
90.11
 20
165.06
  0
LWPOLYLINE
100
AcDbEntity
  8
0
100
AcDbPolyline
 90
4
 70
1
 10
95.06
 20
169.89
 10
99.89
 20
169.89
 10
99.89
 20
165.06
 10
95.06
 20
165.06
  0
LWPOLYLINE
100
AcDbEntity
  8
0
100
AcDbPolyline
 90
4
 70
1
 10
100.11
 20
169.89
 10
104.94
 20
169.89
 10
104.94
 20
165.06
 10
100.11
 20
165.06
  0
LWPOLYLINE
100
AcDbEntity
  8
0
100
AcDbPolyline
 90
88
 70
1
 10
-69.89
 20
168.73
 10
-69.7263
 20
168.747
 10
-69.5528
 20
168.813
 10
-69.4073
 20
168.932
 10
-69.2803
 20
169.114
 10
-69.2746
 20
169.114
 10
-69.271
 20
168.988
 10
-69.268
 20
168.91
 10
-69.2654
 20
168.859
 10
-69.2632
 20
168.814
 10
-69.2613
 20
168.78
 10
-69.2594
 20
168.763
 10
-68.9366
 20
168.763
 10
-68.9452
 20
168.912
 10
-68.948
 20
169.201
 10
-68.948
 20
169.89
 10
-68.3821
 20
169.89
 10
-68.3821
 20
169.197
 10
-68.2795
 20
168.849
 10
-67.9719
 20
168.732
 10
-67.7972
 20
168.744
 10
-67.6264
 20
168.778
 10
-67.6264
 20
169.03
 10
-67.7403
 20
169.01
 10
-67.8238
 20
169.004
 10
-67.9257
 20
169.019
 10
-67.9919
 20
169.064
 10
-68.0282
 20
169.145
 10
-68.0403
 20
169.271
 10
-68.0403
 20
169.89
 10
-67.4211
 20
169.89
 10
-67.4326
 20
169.803
 10
-67.373
 20
169.334
 10
-67.1943
 20
168.996
 10
-66.9017
 20
168.793
 10
-66.5003
 20
168.725
 10
-65.9644
 20
168.846
 10
-65.663
 20
169.211
 10
-65.963
 20
169.296
 10
-66.032
 20
169.171
 10
-66.1443
 20
169.07
 10
-66.3002
 20
169.003
 10
-66.5003
 20
168.981
 10
-66.7476
 20
169.029
 10
-66.9276
 20
169.173
 10
-67.0372
 20
169.405
 10
-67.0738
 20
169.718
 10
-65.6079
 20
169.718
 10
-65.6079
 20
169.763
 10
-65.6429
 20
169.89
 10
-65.1654
 20
169.89
 10
-65.1654
 20
168.763
 10
-65.06
 20
168.763
 10
-65.06
 20
165.793
 10
-65.0704
 20
166.049
 10
-65.3932
 20
166.049
 10
-65.3847
 20
165.798
 10
-65.3819
 20
165.571
 10
-65.3819
 20
165.06
 10
-65.8422
 20
165.06
 10
-66.0508
 20
165.814
 10
-66.7301
 20
166.087
 10
-67.1215
 20
166.019
 10
-67.4108
 20
165.816
 10
-67.5895
 20
165.485
 10
-67.6458
 20
165.06
 10
-68.0669
 20
165.06
 10
-68.0669
 20
165.364
 10
-68.1061
 20
165.696
 10
-68.2236
 20
165.919
 10
-68.4256
 20
166.045
 10
-68.7182
 20
166.087
 10
-68.9292
 20
166.065
 10
-69.1027
 20
165.999
 10
-69.2482
 20
165.879
 10
-69.3752
 20
165.698
 10
-69.3809
 20
165.698
 10
-69.3844
 20
165.824
 10
-69.3875
 20
165.902
 10
-69.3901
 20
165.953
 10
-69.3923
 20
165.998
 10
-69.3942
 20
166.032
 10
-69.396
 20
166.049
 10
-69.7188
 20
166.049
 10
-69.7103
 20
165.9
 10
-69.7075
 20
165.611
 10
-69.7075
 20
165.06
 10
-69.89
 20
165.06
  0
LWPOLYLINE
100
AcDbEntity
  8
0
100
AcDbPolyline
 90
8
 70
1
 10
-69.89
 20
168.994
 10
-69.89
 20
169.89
 10
-69.2898
 20
169.89
 10
-69.2898
 20
169.627
 10
-69.3254
 20
169.359
 10
-69.4322
 20
169.158
 10
-69.6007
 20
169.031
 10
-69.8214
 20
168.989
  0
LWPOLYLINE
100
AcDbEntity
  8
0
100
AcDbPolyline
 90
66
 70
1
 10
-74.768
 20
165.066
 10
-74.7399
 20
165.368
 10
-74.6559
 20
165.591
 10
-74.5187
 20
165.728
 10
-74.3312
 20
165.774
 10
-74.2287
 20
165.769
 10
-74.149
 20
165.755
 10
-74.149
 20
166.068
 10
-74.2188
 20
166.082
 10
-74.2876
 20
166.087
 10
-74.4594
 20
166.063
 10
-74.5876
 20
165.99
 10
-74.6878
 20
165.852
 10
-74.7756
 20
165.63
 10
-74.7832
 20
165.63
 10
-74.787
 20
165.77
 10
-74.7983
 20
166.049
 10
-74.94
 20
166.049
 10
-74.94
 20
168.763
 10
-74.768
 20
168.763
 10
-74.768
 20
169.834
 10
-74.7627
 20
169.89
 10
-72.8122
 20
169.89
 10
-72.8406
 20
169.792
 10
-72.7831
 20
169.334
 10
-72.6108
 20
168.999
 10
-72.326
 20
168.793
 10
-71.9311
 20
168.725
 10
-71.5328
 20
168.791
 10
-71.2418
 20
168.989
 10
-71.0638
 20
169.321
 10
-71.0045
 20
169.792
 10
-71.016
 20
169.89
 10
-70.5885
 20
169.89
 10
-70.5885
 20
169.448
 10
-70.5494
 20
169.116
 10
-70.4319
 20
168.893
 10
-70.2299
 20
168.767
 10
-70.11
 20
168.749
 10
-70.11
 20
165.06
 10
-70.2297
 20
165.06
 10
-70.2297
 20
165.364
 10
-70.2689
 20
165.696
 10
-70.3864
 20
165.919
 10
-70.5884
 20
166.045
 10
-70.881
 20
166.087
 10
-71.092
 20
166.065
 10
-71.2655
 20
165.999
 10
-71.411
 20
165.879
 10
-71.538
 20
165.698
 10
-71.5437
 20
165.698
 10
-71.5472
 20
165.824
 10
-71.5503
 20
165.902
 10
-71.5529
 20
165.953
 10
-71.5551
 20
165.998
 10
-71.557
 20
166.032
 10
-71.5588
 20
166.049
 10
-71.8816
 20
166.049
 10
-71.8731
 20
165.9
 10
-71.8703
 20
165.611
 10
-71.8703
 20
165.06
 10
-72.402
 20
165.06
 10
-72.402
 20
166.049
 10
-72.7438
 20
166.049
 10
-72.7438
 20
165.06
 10
-74.768
 20
165.06
  0
LWPOLYLINE
100
AcDbEntity
  8
0
100
AcDbPolyline
 90
4
 70
1
 10
-72.402
 20
166.812
 10
-72.7438
 20
166.812
 10
-72.7438
 20
166.486
 10
-72.402
 20
166.486
  0
LWPOLYLINE
100
AcDbEntity
  8
0
100
AcDbPolyline
 90
11
 70
1
 10
-72.1801
 20
169.028
 10
-72.3498
 20
169.181
 10
-72.4487
 20
169.436
 10
-72.4817
 20
169.792
 10
-72.4727
 20
169.89
 10
-71.3718
 20
169.89
 10
-71.3634
 20
169.792
 10
-71.3963
 20
169.428
 10
-71.4953
 20
169.175
 10
-71.6712
 20
169.027
 10
-71.9349
 20
168.977
  0
LWPOLYLINE
100
AcDbEntity
  8
0
100
AcDbPolyline
 90
91
 70
1
 10
-79.89
 20
165.771
 10
-79.8494
 20
165.769
 10
-79.7696
 20
165.755
 10
-79.7696
 20
166.068
 10
-79.8394
 20
166.082
 10
-79.89
 20
166.086
 10
-79.89
 20
169.89
 10
-79.5283
 20
169.89
 10
-79.5398
 20
169.803
 10
-79.4802
 20
169.334
 10
-79.3015
 20
168.996
 10
-79.0088
 20
168.793
 10
-78.6075
 20
168.725
 10
-78.0716
 20
168.846
 10
-77.7701
 20
169.211
 10
-78.0701
 20
169.296
 10
-78.1392
 20
169.171
 10
-78.2515
 20
169.07
 10
-78.4074
 20
169.003
 10
-78.6075
 20
168.981
 10
-78.8548
 20
169.029
 10
-79.0347
 20
169.173
 10
-79.1444
 20
169.405
 10
-79.1809
 20
169.718
 10
-77.7151
 20
169.718
 10
-77.7151
 20
169.763
 10
-77.7501
 20
169.89
 10
-77.0331
 20
169.89
 10
-77.1672
 20
169.826
 10
-77.3245
 20
169.618
 10
-77.377
 20
169.336
 10
-77.338
 20
169.082
 10
-77.2213
 20
168.888
 10
-77.0271
 20
168.765
 10
-76.7561
 20
168.725
 10
-76.5261
 20
168.749
 10
-76.3336
 20
168.822
 10
-76.1705
 20
168.955
 10
-76.0289
 20
169.156
 10
-76.0175
 20
169.156
 10
-75.9873
 20
168.971
 10
-75.9197
 20
168.843
 10
-75.8074
 20
168.769
 10
-75.6434
 20
168.744
 10
-75.51
 20
168.751
 10
-75.3795
 20
168.774
 10
-75.3795
 20
168.987
 10
-75.4388
 20
168.977
 10
-75.4915
 20
168.973
 10
-75.5855
 20
168.993
 10
-75.6434
 20
169.05
 10
-75.6733
 20
169.146
 10
-75.6833
 20
169.279
 10
-75.6833
 20
169.89
 10
-75.1098
 20
169.89
 10
-75.1098
 20
168.763
 10
-75.06
 20
168.763
 10
-75.06
 20
166.049
 10
-75.1211
 20
166.049
 10
-75.1126
 20
165.798
 10
-75.1098
 20
165.571
 10
-75.1098
 20
165.06
 10
-75.6833
 20
165.06
 10
-75.6833
 20
165.396
 10
-75.7322
 20
165.692
 10
-75.8789
 20
165.91
 10
-76.1224
 20
166.043
 10
-76.4618
 20
166.087
 10
-77.0362
 20
165.948
 10
-77.2858
 20
165.533
 10
-76.9289
 20
165.5
 10
-76.8871
 20
165.648
 10
-76.8036
 20
165.749
 10
-76.6678
 20
165.808
 10
-76.4694
 20
165.827
 10
-76.2719
 20
165.8
 10
-76.1352
 20
165.719
 10
-76.0554
 20
165.575
 10
-76.0289
 20
165.36
 10
-76.0289
 20
165.248
 10
-76.4903
 20
165.24
 10
-76.893
 20
165.189
 10
-77.163
 20
165.06
 10
-77.733
 20
165.06
 10
-77.9415
 20
165.814
 10
-78.6208
 20
166.087
 10
-79.0122
 20
166.019
 10
-79.3015
 20
165.816
 10
-79.4802
 20
165.485
 10
-79.5365
 20
165.06
 10
-79.89
 20
165.06
  0
LWPOLYLINE
100
AcDbEntity
  8
0
100
AcDbPolyline
 90
8
 70
1
 10
-99.89
 20
169.89
 10
-96
 20
169.89
 10
-96
 20
169.775
 10
-95.06
 20
169.775
 10
-95.06
 20
165.275
 10
-96
 20
165.275
 10
-96
 20
165.06
 10
-99.89
 20
165.06
  0
LWPOLYLINE
100
AcDbEntity
  8
0
100
AcDbPolyline
 90
18
 70
1
 10
-76.8261
 20
169.004
 10
-76.9355
 20
169.072
 10
-77.0032
 20
169.182
 10
-77.0257
 20
169.33
 10
-77.0091
 20
169.469
 10
-76.9593
 20
169.579
 10
-76.8783
 20
169.662
 10
-76.7684
 20
169.72
 10
-76.6149
 20
169.755
 10
-76.4029
 20
169.769
 10
-76.0289
 20
169.777
 10
-76.0289
 20
169.608
 10
-76.05
 20
169.452
 10
-76.1134
 20
169.301
 10
-76.2133
 20
169.168
 10
-76.3441
 20
169.066
 10
-76.5007
 20
169.002
 10
-76.6782
 20
168.981
  0
LWPOLYLINE
100
AcDbEntity
  8
0
100
AcDbPolyline
 90
4
 70
1
 10
-94.94
 20
165.275
 10
-94.94
 20
169.775
 10
-90.11
 20
169.775
 10
-90.11
 20
165.275
  0
LWPOLYLINE
100
AcDbEntity
  8
0
100
AcDbPolyline
 90
4
 70
1
 10
-89.89
 20
165.275
 10
-89.89
 20
169.775
 10
-85.06
 20
169.775
 10
-85.06
 20
165.275
  0
LWPOLYLINE
100
AcDbEntity
  8
0
100
AcDbPolyline
 90
9
 70
1
 10
-79.1323
 20
165.471
 10
-79.0205
 20
165.668
 10
-78.8493
 20
165.793
 10
-78.6265
 20
165.835
 10
-78.4001
 20
165.797
 10
-78.2335
 20
165.686
 10
-78.1238
 20
165.493
 10
-78.0683
 20
165.212
 10
-79.1771
 20
165.212
  0
LWPOLYLINE
100
AcDbEntity
  8
0
100
AcDbPolyline
 90
9
 70
1
 10
-67.2416
 20
165.471
 10
-67.1298
 20
165.668
 10
-66.9586
 20
165.793
 10
-66.7358
 20
165.835
 10
-66.5094
 20
165.797
 10
-66.3428
 20
165.686
 10
-66.2331
 20
165.493
 10
-66.1776
 20
165.212
 10
-67.2864
 20
165.212
  0
LWPOLYLINE
100
AcDbEntity
  8
0
100
AcDbPolyline
 90
9
 70
1
 10
-62.7033
 20
165.471
 10
-62.5915
 20
165.668
 10
-62.4203
 20
165.793
 10
-62.1975
 20
165.835
 10
-61.9711
 20
165.797
 10
-61.8045
 20
165.686
 10
-61.6948
 20
165.493
 10
-61.6393
 20
165.212
 10
-62.7481
 20
165.212
  0
LWPOLYLINE
100
AcDbEntity
  8
0
100
AcDbPolyline
 90
9
 70
1
 10
-56.2148
 20
165.471
 10
-56.1031
 20
165.668
 10
-55.9319
 20
165.793
 10
-55.7091
 20
165.835
 10
-55.4826
 20
165.797
 10
-55.316
 20
165.686
 10
-55.2064
 20
165.493
 10
-55.1508
 20
165.212
 10
-56.2597
 20
165.212
  0
LWPOLYLINE
100
AcDbEntity
  8
0
100
AcDbPolyline
 90
6
 70
1
 10
-60.5623
 20
165.393
 10
-60.4761
 20
165.644
 10
-60.3254
 20
165.787
 10
-60.11
 20
165.833
 10
-60.11
 20
165.06
 10
-60.5882
 20
165.06
  0
LWPOLYLINE
100
AcDbEntity
  8
0
100
AcDbPolyline
 90
11
 70
1
 10
-58.404
 20
165.388
 10
-58.3143
 20
165.637
 10
-58.1591
 20
165.78
 10
-57.9326
 20
165.827
 10
-57.7833
 20
165.803
 10
-57.6507
 20
165.731
 10
-57.5403
 20
165.614
 10
-57.458
 20
165.454
 10
-57.4067
 20
165.255
 10
-57.3924
 20
165.06
 10
-58.4308
 20
165.06
  0
LWPOLYLINE
100
AcDbEntity
  8
0
100
AcDbPolyline
 90
13
 70
1
 10
-71.5285
 20
165.185
 10
-71.4929
 20
165.452
 10
-71.3861
 20
165.654
 10
-71.2175
 20
165.781
 10
-70.9968
 20
165.823
 10
-70.8483
 20
165.811
 10
-70.7405
 20
165.774
 10
-70.665
 20
165.709
 10
-70.6133
 20
165.612
 10
-70.5834
 20
165.478
 10
-70.5734
 20
165.297
 10
-70.5734
 20
165.06
 10
-71.5285
 20
165.06
  0
LWPOLYLINE
100
AcDbEntity
  8
0
100
AcDbPolyline
 90
13
 70
1
 10
-69.3657
 20
165.185
 10
-69.3301
 20
165.452
 10
-69.2233
 20
165.654
 10
-69.0547
 20
165.781
 10
-68.834
 20
165.823
 10
-68.6855
 20
165.811
 10
-68.5777
 20
165.774
 10
-68.5022
 20
165.709
 10
-68.4505
 20
165.612
 10
-68.4206
 20
165.478
 10
-68.4106
 20
165.297
 10
-68.4106
 20
165.06
 10
-69.3657
 20
165.06
  0
LWPOLYLINE
100
AcDbEntity
  8
0
100
AcDbPolyline
 90
6
 70
1
 10
-59.89
 20
165.794
 10
-59.8552
 20
165.787
 10
-59.6853
 20
165.645
 10
-59.587
 20
165.4
 10
-59.5555
 20
165.06
 10
-59.89
 20
165.06
  0
LWPOLYLINE
100
AcDbEntity
  8
0
100
AcDbPolyline
 90
7
 70
1
 10
-80.3886
 20
165.066
 10
-80.3606
 20
165.368
 10
-80.2766
 20
165.591
 10
-80.1394
 20
165.728
 10
-80.11
 20
165.735
 10
-80.11
 20
165.06
 10
-80.3886
 20
165.06
  0
LWPOLYLINE
100
AcDbEntity
  8
0
100
AcDbPolyline
 90
4
 70
1
 10
-104.94
 20
164.94
 10
-100.11
 20
164.94
 10
-100.11
 20
160.11
 10
-104.94
 20
160.11
  0
LWPOLYLINE
100
AcDbEntity
  8
0
100
AcDbPolyline
 90
10
 70
1
 10
-84.94
 20
164.725
 10
-84
 20
164.725
 10
-84
 20
164.94
 10
-80.7304
 20
164.94
 10
-80.7304
 20
163.995
 10
-80.3886
 20
163.995
 10
-80.3886
 20
164.94
 10
-80.11
 20
164.94
 10
-80.11
 20
160.11
 10
-84.94
 20
160.11
  0
LWPOLYLINE
100
AcDbEntity
  8
0
100
AcDbPolyline
 90
18
 70
1
 10
-74.94
 20
163.995
 10
-74.768
 20
163.995
 10
-74.768
 20
164.94
 10
-72.7438
 20
164.94
 10
-72.7438
 20
163.995
 10
-72.402
 20
163.995
 10
-72.402
 20
164.94
 10
-71.8703
 20
164.94
 10
-71.8703
 20
163.995
 10
-71.5285
 20
163.995
 10
-71.5285
 20
164.94
 10
-70.5734
 20
164.94
 10
-70.5734
 20
163.995
 10
-70.2297
 20
163.995
 10
-70.2297
 20
164.94
 10
-70.11
 20
164.94
 10
-70.11
 20
160.11
 10
-74.94
 20
160.11
  0
LWPOLYLINE
100
AcDbEntity
  8
0
100
AcDbPolyline
 90
6
 70
1
 10
-60.3276
 20
164.267
 10
-60.4771
 20
164.407
 10
-60.5625
 20
164.654
 10
-60.5846
 20
164.94
 10
-60.11
 20
164.94
 10
-60.11
 20
164.221
  0
LWPOLYLINE
100
AcDbEntity
  8
0
100
AcDbPolyline
 90
11
 70
1
 10
-55.9374
 20
164.261
 10
-56.1173
 20
164.405
 10
-56.227
 20
164.637
 10
-56.2624
 20
164.94
 10
-55.06
 20
164.94
 10
-55.06
 20
164.502
 10
-55.1527
 20
164.528
 10
-55.2218
 20
164.403
 10
-55.3341
 20
164.302
 10
-55.49
 20
164.235
 10
-55.6901
 20
164.213
  0
LWPOLYLINE
100
AcDbEntity
  8
0
100
AcDbPolyline
 90
7
 70
1
 10
-54.94
 20
164.337
 10
-54.8527
 20
164.443
 10
-54.94
 20
164.468
 10
-54.94
 20
164.94
 10
-50.11
 20
164.94
 10
-50.11
 20
160.11
 10
-54.94
 20
160.11
  0
LWPOLYLINE
100
AcDbEntity
  8
0
100
AcDbPolyline
 90
4
 70
1
 10
-49.89
 20
164.94
 10
-45.06
 20
164.94
 10
-45.06
 20
160.11
 10
-49.89
 20
160.11
  0
LWPOLYLINE
100
AcDbEntity
  8
0
100
AcDbPolyline
 90
4
 70
1
 10
-44.94
 20
164.94
 10
-40.11
 20
164.94
 10
-40.11
 20
160.11
 10
-44.94
 20
160.11
  0
LWPOLYLINE
100
AcDbEntity
  8
0
100
AcDbPolyline
 90
4
 70
1
 10
-39.89
 20
164.94
 10
-35.06
 20
164.94
 10
-35.06
 20
160.11
 10
-39.89
 20
160.11
  0
LWPOLYLINE
100
AcDbEntity
  8
0
100
AcDbPolyline
 90
4
 70
1
 10
-34.94
 20
164.94
 10
-30.11
 20
164.94
 10
-30.11
 20
160.11
 10
-34.94
 20
160.11
  0
LWPOLYLINE
100
AcDbEntity
  8
0
100
AcDbPolyline
 90
4
 70
1
 10
-29.89
 20
164.94
 10
-25.06
 20
164.94
 10
-25.06
 20
160.11
 10
-29.89
 20
160.11
  0
LWPOLYLINE
100
AcDbEntity
  8
0
100
AcDbPolyline
 90
4
 70
1
 10
-24.94
 20
164.94
 10
-20.11
 20
164.94
 10
-20.11
 20
160.11
 10
-24.94
 20
160.11
  0
LWPOLYLINE
100
AcDbEntity
  8
0
100
AcDbPolyline
 90
4
 70
1
 10
-19.89
 20
164.94
 10
-15.06
 20
164.94
 10
-15.06
 20
160.11
 10
-19.89
 20
160.11
  0
LWPOLYLINE
100
AcDbEntity
  8
0
100
AcDbPolyline
 90
4
 70
1
 10
-14.94
 20
164.94
 10
-10.11
 20
164.94
 10
-10.11
 20
160.11
 10
-14.94
 20
160.11
  0
LWPOLYLINE
100
AcDbEntity
  8
0
100
AcDbPolyline
 90
4
 70
1
 10
-9.89
 20
164.94
 10
-5.06
 20
164.94
 10
-5.06
 20
160.11
 10
-9.89
 20
160.11
  0
LWPOLYLINE
100
AcDbEntity
  8
0
100
AcDbPolyline
 90
4
 70
1
 10
-4.94
 20
164.94
 10
-0.2
 20
164.94
 10
-0.2
 20
160.11
 10
-4.94
 20
160.11
  0
LWPOLYLINE
100
AcDbEntity
  8
0
100
AcDbPolyline
 90
4
 70
1
 10
0.2
 20
164.94
 10
4.94
 20
164.94
 10
4.94
 20
160.11
 10
0.2
 20
160.11
  0
LWPOLYLINE
100
AcDbEntity
  8
0
100
AcDbPolyline
 90
4
 70
1
 10
5.06
 20
164.94
 10
9.89
 20
164.94
 10
9.89
 20
160.11
 10
5.06
 20
160.11
  0
LWPOLYLINE
100
AcDbEntity
  8
0
100
AcDbPolyline
 90
4
 70
1
 10
10.11
 20
164.94
 10
14.94
 20
164.94
 10
14.94
 20
160.11
 10
10.11
 20
160.11
  0
LWPOLYLINE
100
AcDbEntity
  8
0
100
AcDbPolyline
 90
4
 70
1
 10
15.06
 20
164.94
 10
19.89
 20
164.94
 10
19.89
 20
160.11
 10
15.06
 20
160.11
  0
LWPOLYLINE
100
AcDbEntity
  8
0
100
AcDbPolyline
 90
4
 70
1
 10
20.11
 20
164.94
 10
24.94
 20
164.94
 10
24.94
 20
160.11
 10
20.11
 20
160.11
  0
LWPOLYLINE
100
AcDbEntity
  8
0
100
AcDbPolyline
 90
4
 70
1
 10
25.06
 20
164.94
 10
29.89
 20
164.94
 10
29.89
 20
160.11
 10
25.06
 20
160.11
  0
LWPOLYLINE
100
AcDbEntity
  8
0
100
AcDbPolyline
 90
4
 70
1
 10
30.11
 20
164.94
 10
34.94
 20
164.94
 10
34.94
 20
160.11
 10
30.11
 20
160.11
  0
LWPOLYLINE
100
AcDbEntity
  8
0
100
AcDbPolyline
 90
4
 70
1
 10
35.06
 20
164.94
 10
39.89
 20
164.94
 10
39.89
 20
160.11
 10
35.06
 20
160.11
  0
LWPOLYLINE
100
AcDbEntity
  8
0
100
AcDbPolyline
 90
4
 70
1
 10
40.11
 20
164.94
 10
44.94
 20
164.94
 10
44.94
 20
160.11
 10
40.11
 20
160.11
  0
LWPOLYLINE
100
AcDbEntity
  8
0
100
AcDbPolyline
 90
4
 70
1
 10
45.06
 20
164.94
 10
49.89
 20
164.94
 10
49.89
 20
160.11
 10
45.06
 20
160.11
  0
LWPOLYLINE
100
AcDbEntity
  8
0
100
AcDbPolyline
 90
4
 70
1
 10
50.11
 20
164.94
 10
54.94
 20
164.94
 10
54.94
 20
160.11
 10
50.11
 20
160.11
  0
LWPOLYLINE
100
AcDbEntity
  8
0
100
AcDbPolyline
 90
4
 70
1
 10
55.06
 20
164.94
 10
59.89
 20
164.94
 10
59.89
 20
160.11
 10
55.06
 20
160.11
  0
LWPOLYLINE
100
AcDbEntity
  8
0
100
AcDbPolyline
 90
4
 70
1
 10
60.11
 20
164.94
 10
64.94
 20
164.94
 10
64.94
 20
160.11
 10
60.11
 20
160.11
  0
LWPOLYLINE
100
AcDbEntity
  8
0
100
AcDbPolyline
 90
4
 70
1
 10
65.06
 20
164.94
 10
69.89
 20
164.94
 10
69.89
 20
160.11
 10
65.06
 20
160.11
  0
LWPOLYLINE
100
AcDbEntity
  8
0
100
AcDbPolyline
 90
4
 70
1
 10
70.11
 20
164.94
 10
74.94
 20
164.94
 10
74.94
 20
160.11
 10
70.11
 20
160.11
  0
LWPOLYLINE
100
AcDbEntity
  8
0
100
AcDbPolyline
 90
4
 70
1
 10
75.06
 20
164.94
 10
79.89
 20
164.94
 10
79.89
 20
160.11
 10
75.06
 20
160.11
  0
LWPOLYLINE
100
AcDbEntity
  8
0
100
AcDbPolyline
 90
4
 70
1
 10
80.11
 20
164.94
 10
84.94
 20
164.94
 10
84.94
 20
160.11
 10
80.11
 20
160.11
  0
LWPOLYLINE
100
AcDbEntity
  8
0
100
AcDbPolyline
 90
4
 70
1
 10
85.06
 20
164.94
 10
89.89
 20
164.94
 10
89.89
 20
160.11
 10
85.06
 20
160.11
  0
LWPOLYLINE
100
AcDbEntity
  8
0
100
AcDbPolyline
 90
4
 70
1
 10
90.11
 20
164.94
 10
94.94
 20
164.94
 10
94.94
 20
160.11
 10
90.11
 20
160.11
  0
LWPOLYLINE
100
AcDbEntity
  8
0
100
AcDbPolyline
 90
4
 70
1
 10
95.06
 20
164.94
 10
99.89
 20
164.94
 10
99.89
 20
160.11
 10
95.06
 20
160.11
  0
LWPOLYLINE
100
AcDbEntity
  8
0
100
AcDbPolyline
 90
4
 70
1
 10
100.11
 20
164.94
 10
104.94
 20
164.94
 10
104.94
 20
160.11
 10
100.11
 20
160.11
  0
LWPOLYLINE
100
AcDbEntity
  8
0
100
AcDbPolyline
 90
47
 70
1
 10
-59.89
 20
164.011
 10
-59.8059
 20
164.042
 10
-59.6647
 20
164.156
 10
-59.5543
 20
164.325
 10
-59.5467
 20
164.325
 10
-59.545
 20
164.238
 10
-59.5401
 20
164.135
 10
-59.5337
 20
164.045
 10
-59.5277
 20
163.995
 10
-59.2011
 20
163.995
 10
-59.2097
 20
164.152
 10
-59.2125
 20
164.418
 10
-59.2125
 20
164.94
 10
-58.7796
 20
164.94
 10
-58.7427
 20
164.552
 10
-58.6095
 20
164.23
 10
-58.3819
 20
164.042
 10
-58.0541
 20
163.979
 10
-57.8424
 20
164.004
 10
-57.6592
 20
164.079
 10
-57.5083
 20
164.203
 10
-57.3934
 20
164.376
 10
-57.3896
 20
164.376
 10
-57.3896
 20
164.046
 10
-57.5173
 20
163.597
 10
-57.9004
 20
163.448
 10
-58.072
 20
163.467
 10
-58.207
 20
163.525
 10
-58.3031
 20
163.618
 10
-58.3579
 20
163.744
 10
-58.7016
 20
163.695
 10
-58.6091
 20
163.479
 10
-58.4453
 20
163.32
 10
-58.2118
 20
163.221
 10
-57.9099
 20
163.188
 10
-57.2648
 20
163.404
 10
-57.0497
 20
164.054
 10
-57.0497
 20
164.94
 10
-56.6103
 20
164.94
 10
-56.5628
 20
164.566
 10
-56.3841
 20
164.228
 10
-56.0914
 20
164.025
 10
-55.6901
 20
163.957
 10
-55.1542
 20
164.078
 10
-55.06
 20
164.192
 10
-55.06
 20
160.11
 10
-59.89
 20
160.11
  0
LWPOLYLINE
100
AcDbEntity
  8
0
100
AcDbPolyline
 90
11
 70
1
 10
-58.17
 20
164.278
 10
-58.3219
 20
164.416
 10
-58.4059
 20
164.66
 10
-58.4276
 20
164.94
 10
-57.3957
 20
164.94
 10
-57.4067
 20
164.794
 10
-57.458
 20
164.599
 10
-57.5406
 20
164.443
 10
-57.6516
 20
164.327
 10
-57.786
 20
164.256
 10
-57.9383
 20
164.232
  0
LWPOLYLINE
100
AcDbEntity
  8
0
100
AcDbPolyline
 90
6
 70
1
 10
-59.89
 20
164.94
 10
-59.5638
 20
164.94
 10
-59.587
 20
164.679
 10
-59.6853
 20
164.422
 10
-59.8562
 20
164.271
 10
-59.89
 20
164.264
  0
LWPOLYLINE
100
AcDbEntity
  8
0
100
AcDbPolyline
 90
25
 70
1
 10
-64.94
 20
164.94
 10
-63.0987
 20
164.94
 10
-63.0512
 20
164.566
 10
-62.8725
 20
164.228
 10
-62.5798
 20
164.025
 10
-62.1785
 20
163.957
 10
-61.6426
 20
164.078
 10
-61.3411
 20
164.443
 10
-61.6411
 20
164.528
 10
-61.7102
 20
164.403
 10
-61.8225
 20
164.302
 10
-61.9784
 20
164.235
 10
-62.1785
 20
164.213
 10
-62.4258
 20
164.261
 10
-62.6057
 20
164.405
 10
-62.7154
 20
164.637
 10
-62.7508
 20
164.94
 10
-60.9427
 20
164.94
 10
-60.9041
 20
164.548
 10
-60.7666
 20
164.219
 10
-60.5319
 20
164.022
 10
-60.1942
 20
163.957
 10
-60.11
 20
163.965
 10
-60.11
 20
160.11
 10
-64.94
 20
160.11
  0
LWPOLYLINE
100
AcDbEntity
  8
0
100
AcDbPolyline
 90
30
 70
1
 10
-69.89
 20
164.94
 10
-69.7075
 20
164.94
 10
-69.7075
 20
163.995
 10
-69.3657
 20
163.995
 10
-69.3657
 20
164.94
 10
-68.4106
 20
164.94
 10
-68.4106
 20
163.995
 10
-68.0669
 20
163.995
 10
-68.0669
 20
164.94
 10
-67.637
 20
164.94
 10
-67.5895
 20
164.566
 10
-67.4108
 20
164.228
 10
-67.1181
 20
164.025
 10
-66.7168
 20
163.957
 10
-66.1809
 20
164.078
 10
-65.8794
 20
164.443
 10
-66.1794
 20
164.528
 10
-66.2485
 20
164.403
 10
-66.3608
 20
164.302
 10
-66.5167
 20
164.235
 10
-66.7168
 20
164.213
 10
-66.9641
 20
164.261
 10
-67.144
 20
164.405
 10
-67.2537
 20
164.637
 10
-67.2891
 20
164.94
 10
-65.3819
 20
164.94
 10
-65.3819
 20
163.995
 10
-65.06
 20
163.995
 10
-65.06
 20
160.11
 10
-69.89
 20
160.11
  0
LWPOLYLINE
100
AcDbEntity
  8
0
100
AcDbPolyline
 90
48
 70
1
 10
-79.89
 20
164.94
 10
-79.5277
 20
164.94
 10
-79.4802
 20
164.566
 10
-79.3015
 20
164.228
 10
-79.0088
 20
164.025
 10
-78.6075
 20
163.957
 10
-78.0716
 20
164.078
 10
-77.7701
 20
164.443
 10
-78.0701
 20
164.528
 10
-78.1392
 20
164.403
 10
-78.2515
 20
164.302
 10
-78.4074
 20
164.235
 10
-78.6075
 20
164.213
 10
-78.8548
 20
164.261
 10
-79.0347
 20
164.405
 10
-79.1444
 20
164.637
 10
-79.1798
 20
164.94
 10
-77.2565
 20
164.94
 10
-77.3245
 20
164.85
 10
-77.377
 20
164.568
 10
-77.338
 20
164.314
 10
-77.2213
 20
164.12
 10
-77.0271
 20
163.998
 10
-76.7561
 20
163.957
 10
-76.5261
 20
163.981
 10
-76.3336
 20
164.054
 10
-76.1705
 20
164.187
 10
-76.0289
 20
164.388
 10
-76.0175
 20
164.388
 10
-75.9873
 20
164.203
 10
-75.9197
 20
164.075
 10
-75.8074
 20
164.001
 10
-75.6434
 20
163.976
 10
-75.51
 20
163.983
 10
-75.3795
 20
164.006
 10
-75.3795
 20
164.219
 10
-75.4388
 20
164.209
 10
-75.4915
 20
164.205
 10
-75.5855
 20
164.225
 10
-75.6434
 20
164.282
 10
-75.6733
 20
164.378
 10
-75.6833
 20
164.511
 10
-75.6833
 20
164.94
 10
-75.1098
 20
164.94
 10
-75.1098
 20
163.995
 10
-75.06
 20
163.995
 10
-75.06
 20
160.11
 10
-79.89
 20
160.11
  0
LWPOLYLINE
100
AcDbEntity
  8
0
100
AcDbPolyline
 90
16
 70
1
 10
-76.8261
 20
164.236
 10
-76.9355
 20
164.304
 10
-77.0032
 20
164.414
 10
-77.0257
 20
164.562
 10
-77.0091
 20
164.701
 10
-76.9593
 20
164.811
 10
-76.8783
 20
164.894
 10
-76.7905
 20
164.94
 10
-76.0289
 20
164.94
 10
-76.0289
 20
164.84
 10
-76.05
 20
164.684
 10
-76.1134
 20
164.533
 10
-76.2133
 20
164.4
 10
-76.3441
 20
164.298
 10
-76.5007
 20
164.234
 10
-76.6782
 20
164.213
  0
LWPOLYLINE
100
AcDbEntity
  8
0
100
AcDbPolyline
 90
6
 70
1
 10
-99.89
 20
164.94
 10
-96
 20
164.94
 10
-96
 20
164.725
 10
-95.06
 20
164.725
 10
-95.06
 20
160.11
 10
-99.89
 20
160.11
  0
LWPOLYLINE
100
AcDbEntity
  8
0
100
AcDbPolyline
 90
4
 70
1
 10
-94.94
 20
164.725
 10
-90.11
 20
164.725
 10
-90.11
 20
160.11
 10
-94.94
 20
160.11
  0
LWPOLYLINE
100
AcDbEntity
  8
0
100
AcDbPolyline
 90
4
 70
1
 10
-89.89
 20
164.725
 10
-85.06
 20
164.725
 10
-85.06
 20
160.11
 10
-89.89
 20
160.11
  0
LWPOLYLINE
100
AcDbEntity
  8
0
100
AcDbPolyline
 90
4
 70
1
 10
-104.94
 20
159.89
 10
-100.11
 20
159.89
 10
-100.11
 20
155.06
 10
-104.94
 20
155.06
  0
LWPOLYLINE
100
AcDbEntity
  8
0
100
AcDbPolyline
 90
4
 70
1
 10
-99.89
 20
159.89
 10
-95.06
 20
159.89
 10
-95.06
 20
155.06
 10
-99.89
 20
155.06
  0
LWPOLYLINE
100
AcDbEntity
  8
0
100
AcDbPolyline
 90
4
 70
1
 10
-94.94
 20
159.89
 10
-90.11
 20
159.89
 10
-90.11
 20
155.06
 10
-94.94
 20
155.06
  0
LWPOLYLINE
100
AcDbEntity
  8
0
100
AcDbPolyline
 90
4
 70
1
 10
-89.89
 20
159.89
 10
-85.06
 20
159.89
 10
-85.06
 20
155.06
 10
-89.89
 20
155.06
  0
LWPOLYLINE
100
AcDbEntity
  8
0
100
AcDbPolyline
 90
4
 70
1
 10
-84.94
 20
159.89
 10
-80.11
 20
159.89
 10
-80.11
 20
155.06
 10
-84.94
 20
155.06
  0
LWPOLYLINE
100
AcDbEntity
  8
0
100
AcDbPolyline
 90
4
 70
1
 10
80.11
 20
159.89
 10
84.94
 20
159.89
 10
84.94
 20
155.06
 10
80.11
 20
155.06
  0
LWPOLYLINE
100
AcDbEntity
  8
0
100
AcDbPolyline
 90
4
 70
1
 10
85.06
 20
159.89
 10
89.89
 20
159.89
 10
89.89
 20
155.06
 10
85.06
 20
155.06
  0
LWPOLYLINE
100
AcDbEntity
  8
0
100
AcDbPolyline
 90
4
 70
1
 10
90.11
 20
159.89
 10
94.94
 20
159.89
 10
94.94
 20
155.06
 10
90.11
 20
155.06
  0
LWPOLYLINE
100
AcDbEntity
  8
0
100
AcDbPolyline
 90
4
 70
1
 10
95.06
 20
159.89
 10
99.89
 20
159.89
 10
99.89
 20
155.06
 10
95.06
 20
155.06
  0
LWPOLYLINE
100
AcDbEntity
  8
0
100
AcDbPolyline
 90
4
 70
1
 10
100.11
 20
159.89
 10
104.94
 20
159.89
 10
104.94
 20
155.06
 10
100.11
 20
155.06
  0
LWPOLYLINE
100
AcDbEntity
  8
0
100
AcDbPolyline
 90
6
 70
1
 10
78.6023
 20
158.606
 10
75.06
 20
158.606
 10
75.06
 20
159.3
 10
79.3
 20
159.3
 10
79.3
 20
155.06
 10
78.6023
 20
155.06
  0
LWPOLYLINE
100
AcDbEntity
  8
0
100
AcDbPolyline
 90
4
 70
1
 10
70.11
 20
158.606
 10
70.11
 20
159.3
 10
74.94
 20
159.3
 10
74.94
 20
158.606
  0
LWPOLYLINE
100
AcDbEntity
  8
0
100
AcDbPolyline
 90
4
 70
1
 10
65.06
 20
158.606
 10
65.06
 20
159.3
 10
69.89
 20
159.3
 10
69.89
 20
158.606
  0
LWPOLYLINE
100
AcDbEntity
  8
0
100
AcDbPolyline
 90
4
 70
1
 10
60.11
 20
158.606
 10
60.11
 20
159.3
 10
64.94
 20
159.3
 10
64.94
 20
158.606
  0
LWPOLYLINE
100
AcDbEntity
  8
0
100
AcDbPolyline
 90
4
 70
1
 10
55.06
 20
158.606
 10
55.06
 20
159.3
 10
59.89
 20
159.3
 10
59.89
 20
158.606
  0
LWPOLYLINE
100
AcDbEntity
  8
0
100
AcDbPolyline
 90
4
 70
1
 10
50.11
 20
158.606
 10
50.11
 20
159.3
 10
54.94
 20
159.3
 10
54.94
 20
158.606
  0
LWPOLYLINE
100
AcDbEntity
  8
0
100
AcDbPolyline
 90
4
 70
1
 10
45.06
 20
158.606
 10
45.06
 20
159.3
 10
49.89
 20
159.3
 10
49.89
 20
158.606
  0
LWPOLYLINE
100
AcDbEntity
  8
0
100
AcDbPolyline
 90
4
 70
1
 10
40.11
 20
158.606
 10
40.11
 20
159.3
 10
44.94
 20
159.3
 10
44.94
 20
158.606
  0
LWPOLYLINE
100
AcDbEntity
  8
0
100
AcDbPolyline
 90
4
 70
1
 10
35.06
 20
158.606
 10
35.06
 20
159.3
 10
39.89
 20
159.3
 10
39.89
 20
158.606
  0
LWPOLYLINE
100
AcDbEntity
  8
0
100
AcDbPolyline
 90
4
 70
1
 10
30.11
 20
158.606
 10
30.11
 20
159.3
 10
34.94
 20
159.3
 10
34.94
 20
158.606
  0
LWPOLYLINE
100
AcDbEntity
  8
0
100
AcDbPolyline
 90
4
 70
1
 10
25.06
 20
158.606
 10
25.06
 20
159.3
 10
29.89
 20
159.3
 10
29.89
 20
158.606
  0
LWPOLYLINE
100
AcDbEntity
  8
0
100
AcDbPolyline
 90
4
 70
1
 10
20.11
 20
158.606
 10
20.11
 20
159.3
 10
24.94
 20
159.3
 10
24.94
 20
158.606
  0
LWPOLYLINE
100
AcDbEntity
  8
0
100
AcDbPolyline
 90
4
 70
1
 10
15.06
 20
158.606
 10
15.06
 20
159.3
 10
19.89
 20
159.3
 10
19.89
 20
158.606
  0
LWPOLYLINE
100
AcDbEntity
  8
0
100
AcDbPolyline
 90
4
 70
1
 10
10.11
 20
158.606
 10
10.11
 20
159.3
 10
14.94
 20
159.3
 10
14.94
 20
158.606
  0
LWPOLYLINE
100
AcDbEntity
  8
0
100
AcDbPolyline
 90
4
 70
1
 10
5.06
 20
158.606
 10
5.06
 20
159.3
 10
9.89
 20
159.3
 10
9.89
 20
158.606
  0
LWPOLYLINE
100
AcDbEntity
  8
0
100
AcDbPolyline
 90
4
 70
1
 10
0.2
 20
158.606
 10
0.2
 20
159.3
 10
4.94
 20
159.3
 10
4.94
 20
158.606
  0
LWPOLYLINE
100
AcDbEntity
  8
0
100
AcDbPolyline
 90
4
 70
1
 10
-4.94
 20
158.606
 10
-4.94
 20
159.3
 10
-0.2
 20
159.3
 10
-0.2
 20
158.606
  0
LWPOLYLINE
100
AcDbEntity
  8
0
100
AcDbPolyline
 90
4
 70
1
 10
-9.89
 20
158.606
 10
-9.89
 20
159.3
 10
-5.06
 20
159.3
 10
-5.06
 20
158.606
  0
LWPOLYLINE
100
AcDbEntity
  8
0
100
AcDbPolyline
 90
4
 70
1
 10
-14.94
 20
158.606
 10
-14.94
 20
159.3
 10
-10.11
 20
159.3
 10
-10.11
 20
158.606
  0
LWPOLYLINE
100
AcDbEntity
  8
0
100
AcDbPolyline
 90
4
 70
1
 10
-19.89
 20
158.606
 10
-19.89
 20
159.3
 10
-15.06
 20
159.3
 10
-15.06
 20
158.606
  0
LWPOLYLINE
100
AcDbEntity
  8
0
100
AcDbPolyline
 90
4
 70
1
 10
-24.94
 20
158.606
 10
-24.94
 20
159.3
 10
-20.11
 20
159.3
 10
-20.11
 20
158.606
  0
LWPOLYLINE
100
AcDbEntity
  8
0
100
AcDbPolyline
 90
4
 70
1
 10
-29.89
 20
158.606
 10
-29.89
 20
159.3
 10
-25.06
 20
159.3
 10
-25.06
 20
158.606
  0
LWPOLYLINE
100
AcDbEntity
  8
0
100
AcDbPolyline
 90
4
 70
1
 10
-34.94
 20
158.606
 10
-34.94
 20
159.3
 10
-30.11
 20
159.3
 10
-30.11
 20
158.606
  0
LWPOLYLINE
100
AcDbEntity
  8
0
100
AcDbPolyline
 90
4
 70
1
 10
-39.89
 20
158.606
 10
-39.89
 20
159.3
 10
-35.06
 20
159.3
 10
-35.06
 20
158.606
  0
LWPOLYLINE
100
AcDbEntity
  8
0
100
AcDbPolyline
 90
4
 70
1
 10
-44.94
 20
158.606
 10
-44.94
 20
159.3
 10
-40.11
 20
159.3
 10
-40.11
 20
158.606
  0
LWPOLYLINE
100
AcDbEntity
  8
0
100
AcDbPolyline
 90
4
 70
1
 10
-49.89
 20
158.606
 10
-49.89
 20
159.3
 10
-45.06
 20
159.3
 10
-45.06
 20
158.606
  0
LWPOLYLINE
100
AcDbEntity
  8
0
100
AcDbPolyline
 90
4
 70
1
 10
-54.94
 20
158.606
 10
-54.94
 20
159.3
 10
-50.11
 20
159.3
 10
-50.11
 20
158.606
  0
LWPOLYLINE
100
AcDbEntity
  8
0
100
AcDbPolyline
 90
4
 70
1
 10
-59.89
 20
158.606
 10
-59.89
 20
159.3
 10
-55.06
 20
159.3
 10
-55.06
 20
158.606
  0
LWPOLYLINE
100
AcDbEntity
  8
0
100
AcDbPolyline
 90
4
 70
1
 10
-64.94
 20
158.606
 10
-64.94
 20
159.3
 10
-60.11
 20
159.3
 10
-60.11
 20
158.606
  0
LWPOLYLINE
100
AcDbEntity
  8
0
100
AcDbPolyline
 90
4
 70
1
 10
-69.89
 20
158.606
 10
-69.89
 20
159.3
 10
-65.06
 20
159.3
 10
-65.06
 20
158.606
  0
LWPOLYLINE
100
AcDbEntity
  8
0
100
AcDbPolyline
 90
4
 70
1
 10
-74.94
 20
158.606
 10
-74.94
 20
159.3
 10
-70.11
 20
159.3
 10
-70.11
 20
158.606
  0
LWPOLYLINE
100
AcDbEntity
  8
0
100
AcDbPolyline
 90
6
 70
1
 10
-79.3
 20
159.3
 10
-75.06
 20
159.3
 10
-75.06
 20
158.606
 10
-78.6023
 20
158.606
 10
-78.6023
 20
155.06
 10
-79.3
 20
155.06
  0
LWPOLYLINE
100
AcDbEntity
  8
0
100
AcDbPolyline
 90
4
 70
1
 10
75.06
 20
158.156
 10
78.1523
 20
158.156
 10
78.1523
 20
155.06
 10
75.06
 20
155.06
  0
LWPOLYLINE
100
AcDbEntity
  8
0
100
AcDbPolyline
 90
4
 70
1
 10
70.11
 20
158.156
 10
74.94
 20
158.156
 10
74.94
 20
155.06
 10
70.11
 20
155.06
  0
LWPOLYLINE
100
AcDbEntity
  8
0
100
AcDbPolyline
 90
4
 70
1
 10
65.06
 20
158.156
 10
69.89
 20
158.156
 10
69.89
 20
155.06
 10
65.06
 20
155.06
  0
LWPOLYLINE
100
AcDbEntity
  8
0
100
AcDbPolyline
 90
4
 70
1
 10
60.11
 20
158.156
 10
64.94
 20
158.156
 10
64.94
 20
155.06
 10
60.11
 20
155.06
  0
LWPOLYLINE
100
AcDbEntity
  8
0
100
AcDbPolyline
 90
4
 70
1
 10
55.06
 20
158.156
 10
59.89
 20
158.156
 10
59.89
 20
155.06
 10
55.06
 20
155.06
  0
LWPOLYLINE
100
AcDbEntity
  8
0
100
AcDbPolyline
 90
4
 70
1
 10
50.11
 20
158.156
 10
54.94
 20
158.156
 10
54.94
 20
155.06
 10
50.11
 20
155.06
  0
LWPOLYLINE
100
AcDbEntity
  8
0
100
AcDbPolyline
 90
4
 70
1
 10
45.06
 20
158.156
 10
49.89
 20
158.156
 10
49.89
 20
155.06
 10
45.06
 20
155.06
  0
LWPOLYLINE
100
AcDbEntity
  8
0
100
AcDbPolyline
 90
4
 70
1
 10
40.11
 20
158.156
 10
44.94
 20
158.156
 10
44.94
 20
155.06
 10
40.11
 20
155.06
  0
LWPOLYLINE
100
AcDbEntity
  8
0
100
AcDbPolyline
 90
4
 70
1
 10
35.06
 20
158.156
 10
39.89
 20
158.156
 10
39.89
 20
155.06
 10
35.06
 20
155.06
  0
LWPOLYLINE
100
AcDbEntity
  8
0
100
AcDbPolyline
 90
4
 70
1
 10
30.11
 20
158.156
 10
34.94
 20
158.156
 10
34.94
 20
155.06
 10
30.11
 20
155.06
  0
LWPOLYLINE
100
AcDbEntity
  8
0
100
AcDbPolyline
 90
4
 70
1
 10
25.06
 20
158.156
 10
29.89
 20
158.156
 10
29.89
 20
155.06
 10
25.06
 20
155.06
  0
LWPOLYLINE
100
AcDbEntity
  8
0
100
AcDbPolyline
 90
4
 70
1
 10
20.11
 20
158.156
 10
24.94
 20
158.156
 10
24.94
 20
155.06
 10
20.11
 20
155.06
  0
LWPOLYLINE
100
AcDbEntity
  8
0
100
AcDbPolyline
 90
4
 70
1
 10
15.06
 20
158.156
 10
19.89
 20
158.156
 10
19.89
 20
155.06
 10
15.06
 20
155.06
  0
LWPOLYLINE
100
AcDbEntity
  8
0
100
AcDbPolyline
 90
4
 70
1
 10
10.11
 20
158.156
 10
14.94
 20
158.156
 10
14.94
 20
155.06
 10
10.11
 20
155.06
  0
LWPOLYLINE
100
AcDbEntity
  8
0
100
AcDbPolyline
 90
4
 70
1
 10
5.06
 20
158.156
 10
9.89
 20
158.156
 10
9.89
 20
155.06
 10
5.06
 20
155.06
  0
LWPOLYLINE
100
AcDbEntity
  8
0
100
AcDbPolyline
 90
4
 70
1
 10
0.2
 20
158.156
 10
4.94
 20
158.156
 10
4.94
 20
155.06
 10
0.2
 20
155.06
  0
LWPOLYLINE
100
AcDbEntity
  8
0
100
AcDbPolyline
 90
4
 70
1
 10
-4.94
 20
158.156
 10
-0.2
 20
158.156
 10
-0.2
 20
155.06
 10
-4.94
 20
155.06
  0
LWPOLYLINE
100
AcDbEntity
  8
0
100
AcDbPolyline
 90
4
 70
1
 10
-9.89
 20
158.156
 10
-5.06
 20
158.156
 10
-5.06
 20
155.06
 10
-9.89
 20
155.06
  0
LWPOLYLINE
100
AcDbEntity
  8
0
100
AcDbPolyline
 90
4
 70
1
 10
-14.94
 20
158.156
 10
-10.11
 20
158.156
 10
-10.11
 20
155.06
 10
-14.94
 20
155.06
  0
LWPOLYLINE
100
AcDbEntity
  8
0
100
AcDbPolyline
 90
4
 70
1
 10
-19.89
 20
158.156
 10
-15.06
 20
158.156
 10
-15.06
 20
155.06
 10
-19.89
 20
155.06
  0
LWPOLYLINE
100
AcDbEntity
  8
0
100
AcDbPolyline
 90
4
 70
1
 10
-24.94
 20
158.156
 10
-20.11
 20
158.156
 10
-20.11
 20
155.06
 10
-24.94
 20
155.06
  0
LWPOLYLINE
100
AcDbEntity
  8
0
100
AcDbPolyline
 90
4
 70
1
 10
-29.89
 20
158.156
 10
-25.06
 20
158.156
 10
-25.06
 20
155.06
 10
-29.89
 20
155.06
  0
LWPOLYLINE
100
AcDbEntity
  8
0
100
AcDbPolyline
 90
4
 70
1
 10
-34.94
 20
158.156
 10
-30.11
 20
158.156
 10
-30.11
 20
155.06
 10
-34.94
 20
155.06
  0
LWPOLYLINE
100
AcDbEntity
  8
0
100
AcDbPolyline
 90
4
 70
1
 10
-39.89
 20
158.156
 10
-35.06
 20
158.156
 10
-35.06
 20
155.06
 10
-39.89
 20
155.06
  0
LWPOLYLINE
100
AcDbEntity
  8
0
100
AcDbPolyline
 90
4
 70
1
 10
-44.94
 20
158.156
 10
-40.11
 20
158.156
 10
-40.11
 20
155.06
 10
-44.94
 20
155.06
  0
LWPOLYLINE
100
AcDbEntity
  8
0
100
AcDbPolyline
 90
4
 70
1
 10
-49.89
 20
158.156
 10
-45.06
 20
158.156
 10
-45.06
 20
155.06
 10
-49.89
 20
155.06
  0
LWPOLYLINE
100
AcDbEntity
  8
0
100
AcDbPolyline
 90
4
 70
1
 10
-54.94
 20
158.156
 10
-50.11
 20
158.156
 10
-50.11
 20
155.06
 10
-54.94
 20
155.06
  0
LWPOLYLINE
100
AcDbEntity
  8
0
100
AcDbPolyline
 90
4
 70
1
 10
-59.89
 20
158.156
 10
-55.06
 20
158.156
 10
-55.06
 20
155.06
 10
-59.89
 20
155.06
  0
LWPOLYLINE
100
AcDbEntity
  8
0
100
AcDbPolyline
 90
4
 70
1
 10
-64.94
 20
158.156
 10
-60.11
 20
158.156
 10
-60.11
 20
155.06
 10
-64.94
 20
155.06
  0
LWPOLYLINE
100
AcDbEntity
  8
0
100
AcDbPolyline
 90
4
 70
1
 10
-69.89
 20
158.156
 10
-65.06
 20
158.156
 10
-65.06
 20
155.06
 10
-69.89
 20
155.06
  0
LWPOLYLINE
100
AcDbEntity
  8
0
100
AcDbPolyline
 90
4
 70
1
 10
-74.94
 20
158.156
 10
-70.11
 20
158.156
 10
-70.11
 20
155.06
 10
-74.94
 20
155.06
  0
LWPOLYLINE
100
AcDbEntity
  8
0
100
AcDbPolyline
 90
4
 70
1
 10
-78.1523
 20
158.156
 10
-75.06
 20
158.156
 10
-75.06
 20
155.06
 10
-78.1523
 20
155.06
  0
LWPOLYLINE
100
AcDbEntity
  8
0
100
AcDbPolyline
 90
4
 70
1
 10
-104.94
 20
154.94
 10
-100.11
 20
154.94
 10
-100.11
 20
150.11
 10
-104.94
 20
150.11
  0
LWPOLYLINE
100
AcDbEntity
  8
0
100
AcDbPolyline
 90
4
 70
1
 10
-99.89
 20
154.94
 10
-95.06
 20
154.94
 10
-95.06
 20
150.11
 10
-99.89
 20
150.11
  0
LWPOLYLINE
100
AcDbEntity
  8
0
100
AcDbPolyline
 90
4
 70
1
 10
-94.94
 20
154.94
 10
-90.11
 20
154.94
 10
-90.11
 20
150.11
 10
-94.94
 20
150.11
  0
LWPOLYLINE
100
AcDbEntity
  8
0
100
AcDbPolyline
 90
4
 70
1
 10
-89.89
 20
154.94
 10
-85.06
 20
154.94
 10
-85.06
 20
150.11
 10
-89.89
 20
150.11
  0
LWPOLYLINE
100
AcDbEntity
  8
0
100
AcDbPolyline
 90
4
 70
1
 10
-84.94
 20
154.94
 10
-80.11
 20
154.94
 10
-80.11
 20
150.11
 10
-84.94
 20
150.11
  0
LWPOLYLINE
100
AcDbEntity
  8
0
100
AcDbPolyline
 90
4
 70
1
 10
-78.1523
 20
154.94
 10
-75.06
 20
154.94
 10
-75.06
 20
150.11
 10
-78.1523
 20
150.11
  0
LWPOLYLINE
100
AcDbEntity
  8
0
100
AcDbPolyline
 90
27
 70
1
 10
-74.94
 20
154.94
 10
-70.11
 20
154.94
 10
-70.11
 20
152.779
 10
-70.2246
 20
153.025
 10
-70.4296
 20
153.318
 10
-70.6823
 20
153.57
 10
-70.975
 20
153.775
 10
-71.2989
 20
153.926
 10
-71.644
 20
154.019
 10
-72
 20
154.05
 10
-72.356
 20
154.019
 10
-72.7011
 20
153.926
 10
-73.025
 20
153.775
 10
-73.3177
 20
153.57
 10
-73.5704
 20
153.318
 10
-73.7754
 20
153.025
 10
-73.9264
 20
152.701
 10
-74.0189
 20
152.356
 10
-74.05
 20
152
 10
-74.0189
 20
151.644
 10
-73.9264
 20
151.299
 10
-73.7754
 20
150.975
 10
-73.5704
 20
150.682
 10
-73.3177
 20
150.43
 10
-73.025
 20
150.225
 10
-72.7791
 20
150.11
 10
-74.94
 20
150.11
  0
LWPOLYLINE
100
AcDbEntity
  8
0
100
AcDbPolyline
 90
4
 70
1
 10
-69.89
 20
154.94
 10
-65.06
 20
154.94
 10
-65.06
 20
150.11
 10
-69.89
 20
150.11
  0
LWPOLYLINE
100
AcDbEntity
  8
0
100
AcDbPolyline
 90
4
 70
1
 10
-64.94
 20
154.94
 10
-60.11
 20
154.94
 10
-60.11
 20
150.11
 10
-64.94
 20
150.11
  0
LWPOLYLINE
100
AcDbEntity
  8
0
100
AcDbPolyline
 90
4
 70
1
 10
-59.89
 20
154.94
 10
-55.06
 20
154.94
 10
-55.06
 20
150.11
 10
-59.89
 20
150.11
  0
LWPOLYLINE
100
AcDbEntity
  8
0
100
AcDbPolyline
 90
4
 70
1
 10
-54.94
 20
154.94
 10
-50.11
 20
154.94
 10
-50.11
 20
150.11
 10
-54.94
 20
150.11
  0
LWPOLYLINE
100
AcDbEntity
  8
0
100
AcDbPolyline
 90
4
 70
1
 10
-49.89
 20
154.94
 10
-45.06
 20
154.94
 10
-45.06
 20
150.11
 10
-49.89
 20
150.11
  0
LWPOLYLINE
100
AcDbEntity
  8
0
100
AcDbPolyline
 90
4
 70
1
 10
-44.94
 20
154.94
 10
-40.11
 20
154.94
 10
-40.11
 20
150.11
 10
-44.94
 20
150.11
  0
LWPOLYLINE
100
AcDbEntity
  8
0
100
AcDbPolyline
 90
4
 70
1
 10
-39.89
 20
154.94
 10
-35.06
 20
154.94
 10
-35.06
 20
150.11
 10
-39.89
 20
150.11
  0
LWPOLYLINE
100
AcDbEntity
  8
0
100
AcDbPolyline
 90
4
 70
1
 10
-34.94
 20
154.94
 10
-30.11
 20
154.94
 10
-30.11
 20
150.11
 10
-34.94
 20
150.11
  0
LWPOLYLINE
100
AcDbEntity
  8
0
100
AcDbPolyline
 90
4
 70
1
 10
-29.89
 20
154.94
 10
-25.06
 20
154.94
 10
-25.06
 20
150.11
 10
-29.89
 20
150.11
  0
LWPOLYLINE
100
AcDbEntity
  8
0
100
AcDbPolyline
 90
4
 70
1
 10
-24.94
 20
154.94
 10
-20.11
 20
154.94
 10
-20.11
 20
150.11
 10
-24.94
 20
150.11
  0
LWPOLYLINE
100
AcDbEntity
  8
0
100
AcDbPolyline
 90
4
 70
1
 10
-19.89
 20
154.94
 10
-15.06
 20
154.94
 10
-15.06
 20
150.11
 10
-19.89
 20
150.11
  0
LWPOLYLINE
100
AcDbEntity
  8
0
100
AcDbPolyline
 90
4
 70
1
 10
-14.94
 20
154.94
 10
-10.11
 20
154.94
 10
-10.11
 20
150.11
 10
-14.94
 20
150.11
  0
LWPOLYLINE
100
AcDbEntity
  8
0
100
AcDbPolyline
 90
4
 70
1
 10
-9.89
 20
154.94
 10
-5.06
 20
154.94
 10
-5.06
 20
150.11
 10
-9.89
 20
150.11
  0
LWPOLYLINE
100
AcDbEntity
  8
0
100
AcDbPolyline
 90
4
 70
1
 10
-4.94
 20
154.94
 10
-0.2
 20
154.94
 10
-0.2
 20
150.11
 10
-4.94
 20
150.11
  0
LWPOLYLINE
100
AcDbEntity
  8
0
100
AcDbPolyline
 90
4
 70
1
 10
0.2
 20
154.94
 10
4.94
 20
154.94
 10
4.94
 20
150.11
 10
0.2
 20
150.11
  0
LWPOLYLINE
100
AcDbEntity
  8
0
100
AcDbPolyline
 90
4
 70
1
 10
5.06
 20
154.94
 10
9.89
 20
154.94
 10
9.89
 20
150.11
 10
5.06
 20
150.11
  0
LWPOLYLINE
100
AcDbEntity
  8
0
100
AcDbPolyline
 90
4
 70
1
 10
10.11
 20
154.94
 10
14.94
 20
154.94
 10
14.94
 20
150.11
 10
10.11
 20
150.11
  0
LWPOLYLINE
100
AcDbEntity
  8
0
100
AcDbPolyline
 90
4
 70
1
 10
15.06
 20
154.94
 10
19.89
 20
154.94
 10
19.89
 20
150.11
 10
15.06
 20
150.11
  0
LWPOLYLINE
100
AcDbEntity
  8
0
100
AcDbPolyline
 90
4
 70
1
 10
20.11
 20
154.94
 10
24.94
 20
154.94
 10
24.94
 20
150.11
 10
20.11
 20
150.11
  0
LWPOLYLINE
100
AcDbEntity
  8
0
100
AcDbPolyline
 90
4
 70
1
 10
25.06
 20
154.94
 10
29.89
 20
154.94
 10
29.89
 20
150.11
 10
25.06
 20
150.11
  0
LWPOLYLINE
100
AcDbEntity
  8
0
100
AcDbPolyline
 90
4
 70
1
 10
30.11
 20
154.94
 10
34.94
 20
154.94
 10
34.94
 20
150.11
 10
30.11
 20
150.11
  0
LWPOLYLINE
100
AcDbEntity
  8
0
100
AcDbPolyline
 90
4
 70
1
 10
35.06
 20
154.94
 10
39.89
 20
154.94
 10
39.89
 20
150.11
 10
35.06
 20
150.11
  0
LWPOLYLINE
100
AcDbEntity
  8
0
100
AcDbPolyline
 90
4
 70
1
 10
40.11
 20
154.94
 10
44.94
 20
154.94
 10
44.94
 20
150.11
 10
40.11
 20
150.11
  0
LWPOLYLINE
100
AcDbEntity
  8
0
100
AcDbPolyline
 90
4
 70
1
 10
45.06
 20
154.94
 10
49.89
 20
154.94
 10
49.89
 20
150.11
 10
45.06
 20
150.11
  0
LWPOLYLINE
100
AcDbEntity
  8
0
100
AcDbPolyline
 90
4
 70
1
 10
50.11
 20
154.94
 10
54.94
 20
154.94
 10
54.94
 20
150.11
 10
50.11
 20
150.11
  0
LWPOLYLINE
100
AcDbEntity
  8
0
100
AcDbPolyline
 90
4
 70
1
 10
55.06
 20
154.94
 10
59.89
 20
154.94
 10
59.89
 20
150.11
 10
55.06
 20
150.11
  0
LWPOLYLINE
100
AcDbEntity
  8
0
100
AcDbPolyline
 90
4
 70
1
 10
60.11
 20
154.94
 10
64.94
 20
154.94
 10
64.94
 20
150.11
 10
60.11
 20
150.11
  0
LWPOLYLINE
100
AcDbEntity
  8
0
100
AcDbPolyline
 90
4
 70
1
 10
65.06
 20
154.94
 10
69.89
 20
154.94
 10
69.89
 20
150.11
 10
65.06
 20
150.11
  0
LWPOLYLINE
100
AcDbEntity
  8
0
100
AcDbPolyline
 90
27
 70
1
 10
73.025
 20
150.225
 10
73.3177
 20
150.43
 10
73.5704
 20
150.682
 10
73.7754
 20
150.975
 10
73.9264
 20
151.299
 10
74.0189
 20
151.644
 10
74.05
 20
152
 10
74.0189
 20
152.356
 10
73.9264
 20
152.701
 10
73.7754
 20
153.025
 10
73.5704
 20
153.318
 10
73.3177
 20
153.57
 10
73.025
 20
153.775
 10
72.7011
 20
153.926
 10
72.356
 20
154.019
 10
72
 20
154.05
 10
71.644
 20
154.019
 10
71.2989
 20
153.926
 10
70.975
 20
153.775
 10
70.6823
 20
153.57
 10
70.4296
 20
153.318
 10
70.2246
 20
153.025
 10
70.11
 20
152.779
 10
70.11
 20
154.94
 10
74.94
 20
154.94
 10
74.94
 20
150.11
 10
72.7791
 20
150.11
  0
LWPOLYLINE
100
AcDbEntity
  8
0
100
AcDbPolyline
 90
4
 70
1
 10
80.11
 20
154.94
 10
84.94
 20
154.94
 10
84.94
 20
150.11
 10
80.11
 20
150.11
  0
LWPOLYLINE
100
AcDbEntity
  8
0
100
AcDbPolyline
 90
4
 70
1
 10
85.06
 20
154.94
 10
89.89
 20
154.94
 10
89.89
 20
150.11
 10
85.06
 20
150.11
  0
LWPOLYLINE
100
AcDbEntity
  8
0
100
AcDbPolyline
 90
4
 70
1
 10
90.11
 20
154.94
 10
94.94
 20
154.94
 10
94.94
 20
150.11
 10
90.11
 20
150.11
  0
LWPOLYLINE
100
AcDbEntity
  8
0
100
AcDbPolyline
 90
4
 70
1
 10
95.06
 20
154.94
 10
99.89
 20
154.94
 10
99.89
 20
150.11
 10
95.06
 20
150.11
  0
LWPOLYLINE
100
AcDbEntity
  8
0
100
AcDbPolyline
 90
4
 70
1
 10
100.11
 20
154.94
 10
104.94
 20
154.94
 10
104.94
 20
150.11
 10
100.11
 20
150.11
  0
LWPOLYLINE
100
AcDbEntity
  8
0
100
AcDbPolyline
 90
4
 70
1
 10
78.6023
 20
154.94
 10
79.3
 20
154.94
 10
79.3
 20
150.11
 10
78.6023
 20
150.11
  0
LWPOLYLINE
100
AcDbEntity
  8
0
100
AcDbPolyline
 90
4
 70
1
 10
75.06
 20
154.94
 10
78.1523
 20
154.94
 10
78.1523
 20
150.11
 10
75.06
 20
150.11
  0
LWPOLYLINE
100
AcDbEntity
  8
0
100
AcDbPolyline
 90
4
 70
1
 10
-79.3
 20
154.94
 10
-78.6023
 20
154.94
 10
-78.6023
 20
150.11
 10
-79.3
 20
150.11
  0
LWPOLYLINE
100
AcDbEntity
  8
0
100
AcDbPolyline
 90
36
 70
1
 10
-72.2605
 20
150.523
 10
-72.513
 20
150.59
 10
-72.75
 20
150.701
 10
-72.9642
 20
150.851
 10
-73.1491
 20
151.036
 10
-73.299
 20
151.25
 10
-73.4095
 20
151.487
 10
-73.4772
 20
151.74
 10
-73.5
 20
152
 10
-73.4772
 20
152.26
 10
-73.4095
 20
152.513
 10
-73.299
 20
152.75
 10
-73.1491
 20
152.964
 10
-72.9642
 20
153.149
 10
-72.75
 20
153.299
 10
-72.513
 20
153.41
 10
-72.2605
 20
153.477
 10
-72
 20
153.5
 10
-71.7395
 20
153.477
 10
-71.487
 20
153.41
 10
-71.25
 20
153.299
 10
-71.0358
 20
153.149
 10
-70.8509
 20
152.964
 10
-70.701
 20
152.75
 10
-70.5905
 20
152.513
 10
-70.5228
 20
152.26
 10
-70.5
 20
152
 10
-70.5228
 20
151.74
 10
-70.5905
 20
151.487
 10
-70.701
 20
151.25
 10
-70.8509
 20
151.036
 10
-71.0358
 20
150.851
 10
-71.25
 20
150.701
 10
-71.487
 20
150.59
 10
-71.7395
 20
150.523
 10
-72
 20
150.5
  0
LWPOLYLINE
100
AcDbEntity
  8
0
100
AcDbPolyline
 90
36
 70
1
 10
71.7395
 20
150.523
 10
71.487
 20
150.59
 10
71.25
 20
150.701
 10
71.0358
 20
150.851
 10
70.8509
 20
151.036
 10
70.701
 20
151.25
 10
70.5905
 20
151.487
 10
70.5228
 20
151.74
 10
70.5
 20
152
 10
70.5228
 20
152.26
 10
70.5905
 20
152.513
 10
70.701
 20
152.75
 10
70.8509
 20
152.964
 10
71.0358
 20
153.149
 10
71.25
 20
153.299
 10
71.487
 20
153.41
 10
71.7395
 20
153.477
 10
72
 20
153.5
 10
72.2605
 20
153.477
 10
72.513
 20
153.41
 10
72.75
 20
153.299
 10
72.9642
 20
153.149
 10
73.1491
 20
152.964
 10
73.299
 20
152.75
 10
73.4095
 20
152.513
 10
73.4772
 20
152.26
 10
73.5
 20
152
 10
73.4772
 20
151.74
 10
73.4095
 20
151.487
 10
73.299
 20
151.25
 10
73.1491
 20
151.036
 10
72.9642
 20
150.851
 10
72.75
 20
150.701
 10
72.513
 20
150.59
 10
72.2605
 20
150.523
 10
72
 20
150.5
  0
LWPOLYLINE
100
AcDbEntity
  8
0
100
AcDbPolyline
 90
7
 70
1
 10
-70.975
 20
150.225
 10
-70.6823
 20
150.43
 10
-70.4296
 20
150.682
 10
-70.2246
 20
150.975
 10
-70.11
 20
151.221
 10
-70.11
 20
150.11
 10
-71.2209
 20
150.11
  0
LWPOLYLINE
100
AcDbEntity
  8
0
100
AcDbPolyline
 90
7
 70
1
 10
70.11
 20
151.221
 10
70.2246
 20
150.975
 10
70.4296
 20
150.682
 10
70.6823
 20
150.43
 10
70.975
 20
150.225
 10
71.2209
 20
150.11
 10
70.11
 20
150.11
  0
LWPOLYLINE
100
AcDbEntity
  8
0
100
AcDbPolyline
 90
4
 70
1
 10
-104.94
 20
149.89
 10
-100.11
 20
149.89
 10
-100.11
 20
145.06
 10
-104.94
 20
145.06
  0
LWPOLYLINE
100
AcDbEntity
  8
0
100
AcDbPolyline
 90
4
 70
1
 10
-99.89
 20
149.89
 10
-95.06
 20
149.89
 10
-95.06
 20
145.06
 10
-99.89
 20
145.06
  0
LWPOLYLINE
100
AcDbEntity
  8
0
100
AcDbPolyline
 90
4
 70
1
 10
-94.94
 20
149.89
 10
-90.11
 20
149.89
 10
-90.11
 20
145.06
 10
-94.94
 20
145.06
  0
LWPOLYLINE
100
AcDbEntity
  8
0
100
AcDbPolyline
 90
4
 70
1
 10
-89.89
 20
149.89
 10
-85.06
 20
149.89
 10
-85.06
 20
145.06
 10
-89.89
 20
145.06
  0
LWPOLYLINE
100
AcDbEntity
  8
0
100
AcDbPolyline
 90
4
 70
1
 10
-84.94
 20
149.89
 10
-80.11
 20
149.89
 10
-80.11
 20
145.06
 10
-84.94
 20
145.06
  0
LWPOLYLINE
100
AcDbEntity
  8
0
100
AcDbPolyline
 90
4
 70
1
 10
-78.1523
 20
149.89
 10
-75.06
 20
149.89
 10
-75.06
 20
145.06
 10
-78.1523
 20
145.06
  0
LWPOLYLINE
100
AcDbEntity
  8
0
100
AcDbPolyline
 90
4
 70
1
 10
-74.94
 20
149.89
 10
-70.11
 20
149.89
 10
-70.11
 20
145.06
 10
-74.94
 20
145.06
  0
LWPOLYLINE
100
AcDbEntity
  8
0
100
AcDbPolyline
 90
8
 70
1
 10
-69.89
 20
149.89
 10
-65.06
 20
149.89
 10
-65.06
 20
149.38
 10
-67.35
 20
149.38
 10
-67.35
 20
149.105
 10
-67.625
 20
149.105
 10
-67.625
 20
145.06
 10
-69.89
 20
145.06
  0
LWPOLYLINE
100
AcDbEntity
  8
0
100
AcDbPolyline
 90
4
 70
1
 10
-64.94
 20
149.38
 10
-64.94
 20
149.89
 10
-60.11
 20
149.89
 10
-60.11
 20
149.38
  0
LWPOLYLINE
100
AcDbEntity
  8
0
100
AcDbPolyline
 90
4
 70
1
 10
-59.89
 20
149.38
 10
-59.89
 20
149.89
 10
-55.06
 20
149.89
 10
-55.06
 20
149.38
  0
LWPOLYLINE
100
AcDbEntity
  8
0
100
AcDbPolyline
 90
4
 70
1
 10
-54.94
 20
149.38
 10
-54.94
 20
149.89
 10
-50.11
 20
149.89
 10
-50.11
 20
149.38
  0
LWPOLYLINE
100
AcDbEntity
  8
0
100
AcDbPolyline
 90
4
 70
1
 10
-49.89
 20
149.38
 10
-49.89
 20
149.89
 10
-45.06
 20
149.89
 10
-45.06
 20
149.38
  0
LWPOLYLINE
100
AcDbEntity
  8
0
100
AcDbPolyline
 90
4
 70
1
 10
-44.94
 20
149.38
 10
-44.94
 20
149.89
 10
-40.11
 20
149.89
 10
-40.11
 20
149.38
  0
LWPOLYLINE
100
AcDbEntity
  8
0
100
AcDbPolyline
 90
4
 70
1
 10
-39.89
 20
149.38
 10
-39.89
 20
149.89
 10
-35.06
 20
149.89
 10
-35.06
 20
149.38
  0
LWPOLYLINE
100
AcDbEntity
  8
0
100
AcDbPolyline
 90
4
 70
1
 10
-34.94
 20
149.38
 10
-34.94
 20
149.89
 10
-30.11
 20
149.89
 10
-30.11
 20
149.38
  0
LWPOLYLINE
100
AcDbEntity
  8
0
100
AcDbPolyline
 90
4
 70
1
 10
-29.89
 20
149.38
 10
-29.89
 20
149.89
 10
-25.06
 20
149.89
 10
-25.06
 20
149.38
  0
LWPOLYLINE
100
AcDbEntity
  8
0
100
AcDbPolyline
 90
4
 70
1
 10
-24.94
 20
149.38
 10
-24.94
 20
149.89
 10
-20.11
 20
149.89
 10
-20.11
 20
149.38
  0
LWPOLYLINE
100
AcDbEntity
  8
0
100
AcDbPolyline
 90
4
 70
1
 10
-19.89
 20
149.38
 10
-19.89
 20
149.89
 10
-15.06
 20
149.89
 10
-15.06
 20
149.38
  0
LWPOLYLINE
100
AcDbEntity
  8
0
100
AcDbPolyline
 90
4
 70
1
 10
-14.94
 20
149.38
 10
-14.94
 20
149.89
 10
-10.11
 20
149.89
 10
-10.11
 20
149.38
  0
LWPOLYLINE
100
AcDbEntity
  8
0
100
AcDbPolyline
 90
4
 70
1
 10
-9.89
 20
149.38
 10
-9.89
 20
149.89
 10
-5.06
 20
149.89
 10
-5.06
 20
149.38
  0
LWPOLYLINE
100
AcDbEntity
  8
0
100
AcDbPolyline
 90
4
 70
1
 10
-4.94
 20
149.38
 10
-4.94
 20
149.89
 10
-0.2
 20
149.89
 10
-0.2
 20
149.38
  0
LWPOLYLINE
100
AcDbEntity
  8
0
100
AcDbPolyline
 90
4
 70
1
 10
0.2
 20
149.38
 10
0.2
 20
149.89
 10
4.94
 20
149.89
 10
4.94
 20
149.38
  0
LWPOLYLINE
100
AcDbEntity
  8
0
100
AcDbPolyline
 90
4
 70
1
 10
5.06
 20
149.38
 10
5.06
 20
149.89
 10
9.89
 20
149.89
 10
9.89
 20
149.38
  0
LWPOLYLINE
100
AcDbEntity
  8
0
100
AcDbPolyline
 90
4
 70
1
 10
10.11
 20
149.38
 10
10.11
 20
149.89
 10
14.94
 20
149.89
 10
14.94
 20
149.38
  0
LWPOLYLINE
100
AcDbEntity
  8
0
100
AcDbPolyline
 90
4
 70
1
 10
15.06
 20
149.38
 10
15.06
 20
149.89
 10
19.89
 20
149.89
 10
19.89
 20
149.38
  0
LWPOLYLINE
100
AcDbEntity
  8
0
100
AcDbPolyline
 90
4
 70
1
 10
20.11
 20
149.38
 10
20.11
 20
149.89
 10
24.94
 20
149.89
 10
24.94
 20
149.38
  0
LWPOLYLINE
100
AcDbEntity
  8
0
100
AcDbPolyline
 90
4
 70
1
 10
25.06
 20
149.38
 10
25.06
 20
149.89
 10
29.89
 20
149.89
 10
29.89
 20
149.38
  0
LWPOLYLINE
100
AcDbEntity
  8
0
100
AcDbPolyline
 90
4
 70
1
 10
30.11
 20
149.38
 10
30.11
 20
149.89
 10
34.94
 20
149.89
 10
34.94
 20
149.38
  0
LWPOLYLINE
100
AcDbEntity
  8
0
100
AcDbPolyline
 90
4
 70
1
 10
35.06
 20
149.38
 10
35.06
 20
149.89
 10
39.89
 20
149.89
 10
39.89
 20
149.38
  0
LWPOLYLINE
100
AcDbEntity
  8
0
100
AcDbPolyline
 90
4
 70
1
 10
40.11
 20
149.38
 10
40.11
 20
149.89
 10
44.94
 20
149.89
 10
44.94
 20
149.38
  0
LWPOLYLINE
100
AcDbEntity
  8
0
100
AcDbPolyline
 90
4
 70
1
 10
45.06
 20
149.38
 10
45.06
 20
149.89
 10
49.89
 20
149.89
 10
49.89
 20
149.38
  0
LWPOLYLINE
100
AcDbEntity
  8
0
100
AcDbPolyline
 90
4
 70
1
 10
50.11
 20
149.38
 10
50.11
 20
149.89
 10
54.94
 20
149.89
 10
54.94
 20
149.38
  0
LWPOLYLINE
100
AcDbEntity
  8
0
100
AcDbPolyline
 90
4
 70
1
 10
55.06
 20
149.38
 10
55.06
 20
149.89
 10
59.89
 20
149.89
 10
59.89
 20
149.38
  0
LWPOLYLINE
100
AcDbEntity
  8
0
100
AcDbPolyline
 90
4
 70
1
 10
60.11
 20
149.38
 10
60.11
 20
149.89
 10
64.94
 20
149.89
 10
64.94
 20
149.38
  0
LWPOLYLINE
100
AcDbEntity
  8
0
100
AcDbPolyline
 90
8
 70
1
 10
67.625
 20
149.105
 10
67.35
 20
149.105
 10
67.35
 20
149.38
 10
65.06
 20
149.38
 10
65.06
 20
149.89
 10
69.89
 20
149.89
 10
69.89
 20
145.06
 10
67.625
 20
145.06
  0
LWPOLYLINE
100
AcDbEntity
  8
0
100
AcDbPolyline
 90
4
 70
1
 10
70.11
 20
149.89
 10
74.94
 20
149.89
 10
74.94
 20
145.06
 10
70.11
 20
145.06
  0
LWPOLYLINE
100
AcDbEntity
  8
0
100
AcDbPolyline
 90
4
 70
1
 10
80.11
 20
149.89
 10
84.94
 20
149.89
 10
84.94
 20
145.06
 10
80.11
 20
145.06
  0
LWPOLYLINE
100
AcDbEntity
  8
0
100
AcDbPolyline
 90
4
 70
1
 10
85.06
 20
149.89
 10
89.89
 20
149.89
 10
89.89
 20
145.06
 10
85.06
 20
145.06
  0
LWPOLYLINE
100
AcDbEntity
  8
0
100
AcDbPolyline
 90
4
 70
1
 10
90.11
 20
149.89
 10
94.94
 20
149.89
 10
94.94
 20
145.06
 10
90.11
 20
145.06
  0
LWPOLYLINE
100
AcDbEntity
  8
0
100
AcDbPolyline
 90
4
 70
1
 10
95.06
 20
149.89
 10
99.89
 20
149.89
 10
99.89
 20
145.06
 10
95.06
 20
145.06
  0
LWPOLYLINE
100
AcDbEntity
  8
0
100
AcDbPolyline
 90
4
 70
1
 10
100.11
 20
149.89
 10
104.94
 20
149.89
 10
104.94
 20
145.06
 10
100.11
 20
145.06
  0
LWPOLYLINE
100
AcDbEntity
  8
0
100
AcDbPolyline
 90
4
 70
1
 10
78.6023
 20
149.89
 10
79.3
 20
149.89
 10
79.3
 20
145.06
 10
78.6023
 20
145.06
  0
LWPOLYLINE
100
AcDbEntity
  8
0
100
AcDbPolyline
 90
4
 70
1
 10
75.06
 20
149.89
 10
78.1523
 20
149.89
 10
78.1523
 20
145.06
 10
75.06
 20
145.06
  0
LWPOLYLINE
100
AcDbEntity
  8
0
100
AcDbPolyline
 90
4
 70
1
 10
-79.3
 20
149.89
 10
-78.6023
 20
149.89
 10
-78.6023
 20
145.06
 10
-79.3
 20
145.06
  0
LWPOLYLINE
100
AcDbEntity
  8
0
100
AcDbPolyline
 90
4
 70
1
 10
65.06
 20
148.83
 10
67.075
 20
148.83
 10
67.075
 20
145.06
 10
65.06
 20
145.06
  0
LWPOLYLINE
100
AcDbEntity
  8
0
100
AcDbPolyline
 90
4
 70
1
 10
60.11
 20
148.83
 10
64.94
 20
148.83
 10
64.94
 20
145.06
 10
60.11
 20
145.06
  0
LWPOLYLINE
100
AcDbEntity
  8
0
100
AcDbPolyline
 90
4
 70
1
 10
55.06
 20
148.83
 10
59.89
 20
148.83
 10
59.89
 20
145.06
 10
55.06
 20
145.06
  0
LWPOLYLINE
100
AcDbEntity
  8
0
100
AcDbPolyline
 90
4
 70
1
 10
50.11
 20
148.83
 10
54.94
 20
148.83
 10
54.94
 20
145.06
 10
50.11
 20
145.06
  0
LWPOLYLINE
100
AcDbEntity
  8
0
100
AcDbPolyline
 90
4
 70
1
 10
45.06
 20
148.83
 10
49.89
 20
148.83
 10
49.89
 20
145.06
 10
45.06
 20
145.06
  0
LWPOLYLINE
100
AcDbEntity
  8
0
100
AcDbPolyline
 90
4
 70
1
 10
40.11
 20
148.83
 10
44.94
 20
148.83
 10
44.94
 20
145.06
 10
40.11
 20
145.06
  0
LWPOLYLINE
100
AcDbEntity
  8
0
100
AcDbPolyline
 90
4
 70
1
 10
35.06
 20
148.83
 10
39.89
 20
148.83
 10
39.89
 20
145.06
 10
35.06
 20
145.06
  0
LWPOLYLINE
100
AcDbEntity
  8
0
100
AcDbPolyline
 90
4
 70
1
 10
30.11
 20
148.83
 10
34.94
 20
148.83
 10
34.94
 20
145.06
 10
30.11
 20
145.06
  0
LWPOLYLINE
100
AcDbEntity
  8
0
100
AcDbPolyline
 90
4
 70
1
 10
25.06
 20
148.83
 10
29.89
 20
148.83
 10
29.89
 20
145.06
 10
25.06
 20
145.06
  0
LWPOLYLINE
100
AcDbEntity
  8
0
100
AcDbPolyline
 90
4
 70
1
 10
20.11
 20
148.83
 10
24.94
 20
148.83
 10
24.94
 20
145.06
 10
20.11
 20
145.06
  0
LWPOLYLINE
100
AcDbEntity
  8
0
100
AcDbPolyline
 90
4
 70
1
 10
15.06
 20
148.83
 10
19.89
 20
148.83
 10
19.89
 20
145.06
 10
15.06
 20
145.06
  0
LWPOLYLINE
100
AcDbEntity
  8
0
100
AcDbPolyline
 90
4
 70
1
 10
10.11
 20
148.83
 10
14.94
 20
148.83
 10
14.94
 20
145.06
 10
10.11
 20
145.06
  0
LWPOLYLINE
100
AcDbEntity
  8
0
100
AcDbPolyline
 90
4
 70
1
 10
5.06
 20
148.83
 10
9.89
 20
148.83
 10
9.89
 20
145.06
 10
5.06
 20
145.06
  0
LWPOLYLINE
100
AcDbEntity
  8
0
100
AcDbPolyline
 90
4
 70
1
 10
0.2
 20
148.83
 10
4.94
 20
148.83
 10
4.94
 20
145.06
 10
0.2
 20
145.06
  0
LWPOLYLINE
100
AcDbEntity
  8
0
100
AcDbPolyline
 90
4
 70
1
 10
-4.94
 20
148.83
 10
-0.2
 20
148.83
 10
-0.2
 20
145.06
 10
-4.94
 20
145.06
  0
LWPOLYLINE
100
AcDbEntity
  8
0
100
AcDbPolyline
 90
4
 70
1
 10
-9.89
 20
148.83
 10
-5.06
 20
148.83
 10
-5.06
 20
145.06
 10
-9.89
 20
145.06
  0
LWPOLYLINE
100
AcDbEntity
  8
0
100
AcDbPolyline
 90
4
 70
1
 10
-14.94
 20
148.83
 10
-10.11
 20
148.83
 10
-10.11
 20
145.06
 10
-14.94
 20
145.06
  0
LWPOLYLINE
100
AcDbEntity
  8
0
100
AcDbPolyline
 90
4
 70
1
 10
-19.89
 20
148.83
 10
-15.06
 20
148.83
 10
-15.06
 20
145.06
 10
-19.89
 20
145.06
  0
LWPOLYLINE
100
AcDbEntity
  8
0
100
AcDbPolyline
 90
4
 70
1
 10
-24.94
 20
148.83
 10
-20.11
 20
148.83
 10
-20.11
 20
145.06
 10
-24.94
 20
145.06
  0
LWPOLYLINE
100
AcDbEntity
  8
0
100
AcDbPolyline
 90
4
 70
1
 10
-29.89
 20
148.83
 10
-25.06
 20
148.83
 10
-25.06
 20
145.06
 10
-29.89
 20
145.06
  0
LWPOLYLINE
100
AcDbEntity
  8
0
100
AcDbPolyline
 90
4
 70
1
 10
-34.94
 20
148.83
 10
-30.11
 20
148.83
 10
-30.11
 20
145.06
 10
-34.94
 20
145.06
  0
LWPOLYLINE
100
AcDbEntity
  8
0
100
AcDbPolyline
 90
4
 70
1
 10
-39.89
 20
148.83
 10
-35.06
 20
148.83
 10
-35.06
 20
145.06
 10
-39.89
 20
145.06
  0
LWPOLYLINE
100
AcDbEntity
  8
0
100
AcDbPolyline
 90
4
 70
1
 10
-44.94
 20
148.83
 10
-40.11
 20
148.83
 10
-40.11
 20
145.06
 10
-44.94
 20
145.06
  0
LWPOLYLINE
100
AcDbEntity
  8
0
100
AcDbPolyline
 90
4
 70
1
 10
-49.89
 20
148.83
 10
-45.06
 20
148.83
 10
-45.06
 20
145.06
 10
-49.89
 20
145.06
  0
LWPOLYLINE
100
AcDbEntity
  8
0
100
AcDbPolyline
 90
4
 70
1
 10
-54.94
 20
148.83
 10
-50.11
 20
148.83
 10
-50.11
 20
145.06
 10
-54.94
 20
145.06
  0
LWPOLYLINE
100
AcDbEntity
  8
0
100
AcDbPolyline
 90
4
 70
1
 10
-59.89
 20
148.83
 10
-55.06
 20
148.83
 10
-55.06
 20
145.06
 10
-59.89
 20
145.06
  0
LWPOLYLINE
100
AcDbEntity
  8
0
100
AcDbPolyline
 90
4
 70
1
 10
-64.94
 20
148.83
 10
-60.11
 20
148.83
 10
-60.11
 20
145.06
 10
-64.94
 20
145.06
  0
LWPOLYLINE
100
AcDbEntity
  8
0
100
AcDbPolyline
 90
4
 70
1
 10
-67.075
 20
148.83
 10
-65.06
 20
148.83
 10
-65.06
 20
145.06
 10
-67.075
 20
145.06
  0
LWPOLYLINE
100
AcDbEntity
  8
0
100
AcDbPolyline
 90
4
 70
1
 10
-104.94
 20
144.94
 10
-100.11
 20
144.94
 10
-100.11
 20
140.11
 10
-104.94
 20
140.11
  0
LWPOLYLINE
100
AcDbEntity
  8
0
100
AcDbPolyline
 90
4
 70
1
 10
-99.89
 20
144.94
 10
-95.06
 20
144.94
 10
-95.06
 20
140.11
 10
-99.89
 20
140.11
  0
LWPOLYLINE
100
AcDbEntity
  8
0
100
AcDbPolyline
 90
4
 70
1
 10
-94.94
 20
144.94
 10
-90.11
 20
144.94
 10
-90.11
 20
140.11
 10
-94.94
 20
140.11
  0
LWPOLYLINE
100
AcDbEntity
  8
0
100
AcDbPolyline
 90
4
 70
1
 10
-89.89
 20
144.94
 10
-85.06
 20
144.94
 10
-85.06
 20
140.11
 10
-89.89
 20
140.11
  0
LWPOLYLINE
100
AcDbEntity
  8
0
100
AcDbPolyline
 90
4
 70
1
 10
-84.94
 20
144.94
 10
-80.11
 20
144.94
 10
-80.11
 20
140.11
 10
-84.94
 20
140.11
  0
LWPOLYLINE
100
AcDbEntity
  8
0
100
AcDbPolyline
 90
4
 70
1
 10
-78.1523
 20
144.94
 10
-75.06
 20
144.94
 10
-75.06
 20
140.11
 10
-78.1523
 20
140.11
  0
LWPOLYLINE
100
AcDbEntity
  8
0
100
AcDbPolyline
 90
4
 70
1
 10
-74.94
 20
144.94
 10
-70.11
 20
144.94
 10
-70.11
 20
140.11
 10
-74.94
 20
140.11
  0
LWPOLYLINE
100
AcDbEntity
  8
0
100
AcDbPolyline
 90
4
 70
1
 10
-67.075
 20
144.94
 10
-65.06
 20
144.94
 10
-65.06
 20
140.11
 10
-67.075
 20
140.11
  0
LWPOLYLINE
100
AcDbEntity
  8
0
100
AcDbPolyline
 90
4
 70
1
 10
-64.94
 20
144.94
 10
-60.11
 20
144.94
 10
-60.11
 20
140.11
 10
-64.94
 20
140.11
  0
LWPOLYLINE
100
AcDbEntity
  8
0
100
AcDbPolyline
 90
4
 70
1
 10
-59.89
 20
144.94
 10
-55.06
 20
144.94
 10
-55.06
 20
140.11
 10
-59.89
 20
140.11
  0
LWPOLYLINE
100
AcDbEntity
  8
0
100
AcDbPolyline
 90
4
 70
1
 10
-54.94
 20
144.94
 10
-50.11
 20
144.94
 10
-50.11
 20
140.11
 10
-54.94
 20
140.11
  0
LWPOLYLINE
100
AcDbEntity
  8
0
100
AcDbPolyline
 90
4
 70
1
 10
-49.89
 20
144.94
 10
-45.06
 20
144.94
 10
-45.06
 20
140.11
 10
-49.89
 20
140.11
  0
LWPOLYLINE
100
AcDbEntity
  8
0
100
AcDbPolyline
 90
4
 70
1
 10
-44.94
 20
144.94
 10
-40.11
 20
144.94
 10
-40.11
 20
140.11
 10
-44.94
 20
140.11
  0
LWPOLYLINE
100
AcDbEntity
  8
0
100
AcDbPolyline
 90
4
 70
1
 10
-39.89
 20
144.94
 10
-35.06
 20
144.94
 10
-35.06
 20
140.11
 10
-39.89
 20
140.11
  0
LWPOLYLINE
100
AcDbEntity
  8
0
100
AcDbPolyline
 90
4
 70
1
 10
-34.94
 20
144.94
 10
-30.11
 20
144.94
 10
-30.11
 20
140.11
 10
-34.94
 20
140.11
  0
LWPOLYLINE
100
AcDbEntity
  8
0
100
AcDbPolyline
 90
4
 70
1
 10
-29.89
 20
144.94
 10
-25.06
 20
144.94
 10
-25.06
 20
140.11
 10
-29.89
 20
140.11
  0
LWPOLYLINE
100
AcDbEntity
  8
0
100
AcDbPolyline
 90
4
 70
1
 10
-24.94
 20
144.94
 10
-20.11
 20
144.94
 10
-20.11
 20
140.11
 10
-24.94
 20
140.11
  0
LWPOLYLINE
100
AcDbEntity
  8
0
100
AcDbPolyline
 90
4
 70
1
 10
-19.89
 20
144.94
 10
-15.06
 20
144.94
 10
-15.06
 20
140.11
 10
-19.89
 20
140.11
  0
LWPOLYLINE
100
AcDbEntity
  8
0
100
AcDbPolyline
 90
4
 70
1
 10
-14.94
 20
144.94
 10
-10.11
 20
144.94
 10
-10.11
 20
140.11
 10
-14.94
 20
140.11
  0
LWPOLYLINE
100
AcDbEntity
  8
0
100
AcDbPolyline
 90
4
 70
1
 10
-9.89
 20
144.94
 10
-5.06
 20
144.94
 10
-5.06
 20
140.11
 10
-9.89
 20
140.11
  0
LWPOLYLINE
100
AcDbEntity
  8
0
100
AcDbPolyline
 90
4
 70
1
 10
-4.94
 20
144.94
 10
-0.2
 20
144.94
 10
-0.2
 20
140.11
 10
-4.94
 20
140.11
  0
LWPOLYLINE
100
AcDbEntity
  8
0
100
AcDbPolyline
 90
4
 70
1
 10
0.2
 20
144.94
 10
4.94
 20
144.94
 10
4.94
 20
140.11
 10
0.2
 20
140.11
  0
LWPOLYLINE
100
AcDbEntity
  8
0
100
AcDbPolyline
 90
4
 70
1
 10
5.06
 20
144.94
 10
9.89
 20
144.94
 10
9.89
 20
140.11
 10
5.06
 20
140.11
  0
LWPOLYLINE
100
AcDbEntity
  8
0
100
AcDbPolyline
 90
4
 70
1
 10
10.11
 20
144.94
 10
14.94
 20
144.94
 10
14.94
 20
140.11
 10
10.11
 20
140.11
  0
LWPOLYLINE
100
AcDbEntity
  8
0
100
AcDbPolyline
 90
4
 70
1
 10
15.06
 20
144.94
 10
19.89
 20
144.94
 10
19.89
 20
140.11
 10
15.06
 20
140.11
  0
LWPOLYLINE
100
AcDbEntity
  8
0
100
AcDbPolyline
 90
4
 70
1
 10
20.11
 20
144.94
 10
24.94
 20
144.94
 10
24.94
 20
140.11
 10
20.11
 20
140.11
  0
LWPOLYLINE
100
AcDbEntity
  8
0
100
AcDbPolyline
 90
4
 70
1
 10
25.06
 20
144.94
 10
29.89
 20
144.94
 10
29.89
 20
140.11
 10
25.06
 20
140.11
  0
LWPOLYLINE
100
AcDbEntity
  8
0
100
AcDbPolyline
 90
4
 70
1
 10
30.11
 20
144.94
 10
34.94
 20
144.94
 10
34.94
 20
140.11
 10
30.11
 20
140.11
  0
LWPOLYLINE
100
AcDbEntity
  8
0
100
AcDbPolyline
 90
4
 70
1
 10
35.06
 20
144.94
 10
39.89
 20
144.94
 10
39.89
 20
140.11
 10
35.06
 20
140.11
  0
LWPOLYLINE
100
AcDbEntity
  8
0
100
AcDbPolyline
 90
4
 70
1
 10
40.11
 20
144.94
 10
44.94
 20
144.94
 10
44.94
 20
140.11
 10
40.11
 20
140.11
  0
LWPOLYLINE
100
AcDbEntity
  8
0
100
AcDbPolyline
 90
4
 70
1
 10
45.06
 20
144.94
 10
49.89
 20
144.94
 10
49.89
 20
140.11
 10
45.06
 20
140.11
  0
LWPOLYLINE
100
AcDbEntity
  8
0
100
AcDbPolyline
 90
4
 70
1
 10
50.11
 20
144.94
 10
54.94
 20
144.94
 10
54.94
 20
140.11
 10
50.11
 20
140.11
  0
LWPOLYLINE
100
AcDbEntity
  8
0
100
AcDbPolyline
 90
4
 70
1
 10
55.06
 20
144.94
 10
59.89
 20
144.94
 10
59.89
 20
140.11
 10
55.06
 20
140.11
  0
LWPOLYLINE
100
AcDbEntity
  8
0
100
AcDbPolyline
 90
4
 70
1
 10
60.11
 20
144.94
 10
64.94
 20
144.94
 10
64.94
 20
140.11
 10
60.11
 20
140.11
  0
LWPOLYLINE
100
AcDbEntity
  8
0
100
AcDbPolyline
 90
4
 70
1
 10
67.625
 20
144.94
 10
69.89
 20
144.94
 10
69.89
 20
140.11
 10
67.625
 20
140.11
  0
LWPOLYLINE
100
AcDbEntity
  8
0
100
AcDbPolyline
 90
4
 70
1
 10
70.11
 20
144.94
 10
74.94
 20
144.94
 10
74.94
 20
140.11
 10
70.11
 20
140.11
  0
LWPOLYLINE
100
AcDbEntity
  8
0
100
AcDbPolyline
 90
4
 70
1
 10
80.11
 20
144.94
 10
84.94
 20
144.94
 10
84.94
 20
140.11
 10
80.11
 20
140.11
  0
LWPOLYLINE
100
AcDbEntity
  8
0
100
AcDbPolyline
 90
4
 70
1
 10
85.06
 20
144.94
 10
89.89
 20
144.94
 10
89.89
 20
140.11
 10
85.06
 20
140.11
  0
LWPOLYLINE
100
AcDbEntity
  8
0
100
AcDbPolyline
 90
4
 70
1
 10
90.11
 20
144.94
 10
94.94
 20
144.94
 10
94.94
 20
140.11
 10
90.11
 20
140.11
  0
LWPOLYLINE
100
AcDbEntity
  8
0
100
AcDbPolyline
 90
4
 70
1
 10
95.06
 20
144.94
 10
99.89
 20
144.94
 10
99.89
 20
140.11
 10
95.06
 20
140.11
  0
LWPOLYLINE
100
AcDbEntity
  8
0
100
AcDbPolyline
 90
4
 70
1
 10
100.11
 20
144.94
 10
104.94
 20
144.94
 10
104.94
 20
140.11
 10
100.11
 20
140.11
  0
LWPOLYLINE
100
AcDbEntity
  8
0
100
AcDbPolyline
 90
4
 70
1
 10
78.6023
 20
144.94
 10
79.3
 20
144.94
 10
79.3
 20
140.11
 10
78.6023
 20
140.11
  0
LWPOLYLINE
100
AcDbEntity
  8
0
100
AcDbPolyline
 90
4
 70
1
 10
75.06
 20
144.94
 10
78.1523
 20
144.94
 10
78.1523
 20
140.11
 10
75.06
 20
140.11
  0
LWPOLYLINE
100
AcDbEntity
  8
0
100
AcDbPolyline
 90
4
 70
1
 10
65.06
 20
144.94
 10
67.075
 20
144.94
 10
67.075
 20
140.11
 10
65.06
 20
140.11
  0
LWPOLYLINE
100
AcDbEntity
  8
0
100
AcDbPolyline
 90
4
 70
1
 10
-69.89
 20
144.94
 10
-67.625
 20
144.94
 10
-67.625
 20
140.11
 10
-69.89
 20
140.11
  0
LWPOLYLINE
100
AcDbEntity
  8
0
100
AcDbPolyline
 90
4
 70
1
 10
-79.3
 20
144.94
 10
-78.6023
 20
144.94
 10
-78.6023
 20
140.11
 10
-79.3
 20
140.11
  0
LWPOLYLINE
100
AcDbEntity
  8
0
100
AcDbPolyline
 90
4
 70
1
 10
-104.94
 20
139.89
 10
-100.11
 20
139.89
 10
-100.11
 20
135.06
 10
-104.94
 20
135.06
  0
LWPOLYLINE
100
AcDbEntity
  8
0
100
AcDbPolyline
 90
4
 70
1
 10
-99.89
 20
139.89
 10
-95.06
 20
139.89
 10
-95.06
 20
135.06
 10
-99.89
 20
135.06
  0
LWPOLYLINE
100
AcDbEntity
  8
0
100
AcDbPolyline
 90
4
 70
1
 10
-94.94
 20
139.89
 10
-90.11
 20
139.89
 10
-90.11
 20
135.06
 10
-94.94
 20
135.06
  0
LWPOLYLINE
100
AcDbEntity
  8
0
100
AcDbPolyline
 90
4
 70
1
 10
-89.89
 20
139.89
 10
-85.06
 20
139.89
 10
-85.06
 20
135.06
 10
-89.89
 20
135.06
  0
LWPOLYLINE
100
AcDbEntity
  8
0
100
AcDbPolyline
 90
4
 70
1
 10
-84.94
 20
139.89
 10
-80.11
 20
139.89
 10
-80.11
 20
135.06
 10
-84.94
 20
135.06
  0
LWPOLYLINE
100
AcDbEntity
  8
0
100
AcDbPolyline
 90
4
 70
1
 10
-78.1523
 20
139.89
 10
-75.06
 20
139.89
 10
-75.06
 20
135.06
 10
-78.1523
 20
135.06
  0
LWPOLYLINE
100
AcDbEntity
  8
0
100
AcDbPolyline
 90
4
 70
1
 10
-74.94
 20
139.89
 10
-70.11
 20
139.89
 10
-70.11
 20
135.06
 10
-74.94
 20
135.06
  0
LWPOLYLINE
100
AcDbEntity
  8
0
100
AcDbPolyline
 90
4
 70
1
 10
-67.075
 20
139.89
 10
-65.06
 20
139.89
 10
-65.06
 20
135.06
 10
-67.075
 20
135.06
  0
LWPOLYLINE
100
AcDbEntity
  8
0
100
AcDbPolyline
 90
4
 70
1
 10
-64.94
 20
139.89
 10
-60.11
 20
139.89
 10
-60.11
 20
135.06
 10
-64.94
 20
135.06
  0
LWPOLYLINE
100
AcDbEntity
  8
0
100
AcDbPolyline
 90
4
 70
1
 10
-59.89
 20
139.89
 10
-55.06
 20
139.89
 10
-55.06
 20
135.06
 10
-59.89
 20
135.06
  0
LWPOLYLINE
100
AcDbEntity
  8
0
100
AcDbPolyline
 90
4
 70
1
 10
-54.94
 20
139.89
 10
-50.11
 20
139.89
 10
-50.11
 20
135.06
 10
-54.94
 20
135.06
  0
LWPOLYLINE
100
AcDbEntity
  8
0
100
AcDbPolyline
 90
4
 70
1
 10
-49.89
 20
139.89
 10
-45.06
 20
139.89
 10
-45.06
 20
135.06
 10
-49.89
 20
135.06
  0
LWPOLYLINE
100
AcDbEntity
  8
0
100
AcDbPolyline
 90
4
 70
1
 10
-44.94
 20
139.89
 10
-40.11
 20
139.89
 10
-40.11
 20
135.06
 10
-44.94
 20
135.06
  0
LWPOLYLINE
100
AcDbEntity
  8
0
100
AcDbPolyline
 90
4
 70
1
 10
-39.89
 20
139.89
 10
-35.06
 20
139.89
 10
-35.06
 20
135.06
 10
-39.89
 20
135.06
  0
LWPOLYLINE
100
AcDbEntity
  8
0
100
AcDbPolyline
 90
4
 70
1
 10
-34.94
 20
139.89
 10
-30.11
 20
139.89
 10
-30.11
 20
135.06
 10
-34.94
 20
135.06
  0
LWPOLYLINE
100
AcDbEntity
  8
0
100
AcDbPolyline
 90
4
 70
1
 10
-29.89
 20
139.89
 10
-25.06
 20
139.89
 10
-25.06
 20
135.06
 10
-29.89
 20
135.06
  0
LWPOLYLINE
100
AcDbEntity
  8
0
100
AcDbPolyline
 90
4
 70
1
 10
-24.94
 20
139.89
 10
-20.11
 20
139.89
 10
-20.11
 20
135.06
 10
-24.94
 20
135.06
  0
LWPOLYLINE
100
AcDbEntity
  8
0
100
AcDbPolyline
 90
4
 70
1
 10
-19.89
 20
139.89
 10
-15.06
 20
139.89
 10
-15.06
 20
135.06
 10
-19.89
 20
135.06
  0
LWPOLYLINE
100
AcDbEntity
  8
0
100
AcDbPolyline
 90
4
 70
1
 10
-14.94
 20
139.89
 10
-10.11
 20
139.89
 10
-10.11
 20
135.06
 10
-14.94
 20
135.06
  0
LWPOLYLINE
100
AcDbEntity
  8
0
100
AcDbPolyline
 90
4
 70
1
 10
-9.89
 20
139.89
 10
-5.06
 20
139.89
 10
-5.06
 20
135.06
 10
-9.89
 20
135.06
  0
LWPOLYLINE
100
AcDbEntity
  8
0
100
AcDbPolyline
 90
4
 70
1
 10
-4.94
 20
139.89
 10
-0.2
 20
139.89
 10
-0.2
 20
135.06
 10
-4.94
 20
135.06
  0
LWPOLYLINE
100
AcDbEntity
  8
0
100
AcDbPolyline
 90
4
 70
1
 10
0.2
 20
139.89
 10
4.94
 20
139.89
 10
4.94
 20
135.06
 10
0.2
 20
135.06
  0
LWPOLYLINE
100
AcDbEntity
  8
0
100
AcDbPolyline
 90
4
 70
1
 10
5.06
 20
139.89
 10
9.89
 20
139.89
 10
9.89
 20
135.06
 10
5.06
 20
135.06
  0
LWPOLYLINE
100
AcDbEntity
  8
0
100
AcDbPolyline
 90
4
 70
1
 10
10.11
 20
139.89
 10
14.94
 20
139.89
 10
14.94
 20
135.06
 10
10.11
 20
135.06
  0
LWPOLYLINE
100
AcDbEntity
  8
0
100
AcDbPolyline
 90
4
 70
1
 10
15.06
 20
139.89
 10
19.89
 20
139.89
 10
19.89
 20
135.06
 10
15.06
 20
135.06
  0
LWPOLYLINE
100
AcDbEntity
  8
0
100
AcDbPolyline
 90
4
 70
1
 10
20.11
 20
139.89
 10
24.94
 20
139.89
 10
24.94
 20
135.06
 10
20.11
 20
135.06
  0
LWPOLYLINE
100
AcDbEntity
  8
0
100
AcDbPolyline
 90
4
 70
1
 10
25.06
 20
139.89
 10
29.89
 20
139.89
 10
29.89
 20
135.06
 10
25.06
 20
135.06
  0
LWPOLYLINE
100
AcDbEntity
  8
0
100
AcDbPolyline
 90
4
 70
1
 10
30.11
 20
139.89
 10
34.94
 20
139.89
 10
34.94
 20
135.06
 10
30.11
 20
135.06
  0
LWPOLYLINE
100
AcDbEntity
  8
0
100
AcDbPolyline
 90
4
 70
1
 10
35.06
 20
139.89
 10
39.89
 20
139.89
 10
39.89
 20
135.06
 10
35.06
 20
135.06
  0
LWPOLYLINE
100
AcDbEntity
  8
0
100
AcDbPolyline
 90
4
 70
1
 10
40.11
 20
139.89
 10
44.94
 20
139.89
 10
44.94
 20
135.06
 10
40.11
 20
135.06
  0
LWPOLYLINE
100
AcDbEntity
  8
0
100
AcDbPolyline
 90
4
 70
1
 10
45.06
 20
139.89
 10
49.89
 20
139.89
 10
49.89
 20
135.06
 10
45.06
 20
135.06
  0
LWPOLYLINE
100
AcDbEntity
  8
0
100
AcDbPolyline
 90
4
 70
1
 10
50.11
 20
139.89
 10
54.94
 20
139.89
 10
54.94
 20
135.06
 10
50.11
 20
135.06
  0
LWPOLYLINE
100
AcDbEntity
  8
0
100
AcDbPolyline
 90
4
 70
1
 10
55.06
 20
139.89
 10
59.89
 20
139.89
 10
59.89
 20
135.06
 10
55.06
 20
135.06
  0
LWPOLYLINE
100
AcDbEntity
  8
0
100
AcDbPolyline
 90
4
 70
1
 10
60.11
 20
139.89
 10
64.94
 20
139.89
 10
64.94
 20
135.06
 10
60.11
 20
135.06
  0
LWPOLYLINE
100
AcDbEntity
  8
0
100
AcDbPolyline
 90
4
 70
1
 10
67.625
 20
139.89
 10
69.89
 20
139.89
 10
69.89
 20
135.06
 10
67.625
 20
135.06
  0
LWPOLYLINE
100
AcDbEntity
  8
0
100
AcDbPolyline
 90
4
 70
1
 10
70.11
 20
139.89
 10
74.94
 20
139.89
 10
74.94
 20
135.06
 10
70.11
 20
135.06
  0
LWPOLYLINE
100
AcDbEntity
  8
0
100
AcDbPolyline
 90
4
 70
1
 10
80.11
 20
139.89
 10
84.94
 20
139.89
 10
84.94
 20
135.06
 10
80.11
 20
135.06
  0
LWPOLYLINE
100
AcDbEntity
  8
0
100
AcDbPolyline
 90
4
 70
1
 10
85.06
 20
139.89
 10
89.89
 20
139.89
 10
89.89
 20
135.06
 10
85.06
 20
135.06
  0
LWPOLYLINE
100
AcDbEntity
  8
0
100
AcDbPolyline
 90
4
 70
1
 10
90.11
 20
139.89
 10
94.94
 20
139.89
 10
94.94
 20
135.06
 10
90.11
 20
135.06
  0
LWPOLYLINE
100
AcDbEntity
  8
0
100
AcDbPolyline
 90
4
 70
1
 10
95.06
 20
139.89
 10
99.89
 20
139.89
 10
99.89
 20
135.06
 10
95.06
 20
135.06
  0
LWPOLYLINE
100
AcDbEntity
  8
0
100
AcDbPolyline
 90
4
 70
1
 10
100.11
 20
139.89
 10
104.94
 20
139.89
 10
104.94
 20
135.06
 10
100.11
 20
135.06
  0
LWPOLYLINE
100
AcDbEntity
  8
0
100
AcDbPolyline
 90
4
 70
1
 10
78.6023
 20
139.89
 10
79.3
 20
139.89
 10
79.3
 20
135.06
 10
78.6023
 20
135.06
  0
LWPOLYLINE
100
AcDbEntity
  8
0
100
AcDbPolyline
 90
4
 70
1
 10
75.06
 20
139.89
 10
78.1523
 20
139.89
 10
78.1523
 20
135.06
 10
75.06
 20
135.06
  0
LWPOLYLINE
100
AcDbEntity
  8
0
100
AcDbPolyline
 90
4
 70
1
 10
65.06
 20
139.89
 10
67.075
 20
139.89
 10
67.075
 20
135.06
 10
65.06
 20
135.06
  0
LWPOLYLINE
100
AcDbEntity
  8
0
100
AcDbPolyline
 90
4
 70
1
 10
-69.89
 20
139.89
 10
-67.625
 20
139.89
 10
-67.625
 20
135.06
 10
-69.89
 20
135.06
  0
LWPOLYLINE
100
AcDbEntity
  8
0
100
AcDbPolyline
 90
4
 70
1
 10
-79.3
 20
139.89
 10
-78.6023
 20
139.89
 10
-78.6023
 20
135.06
 10
-79.3
 20
135.06
  0
LWPOLYLINE
100
AcDbEntity
  8
0
100
AcDbPolyline
 90
4
 70
1
 10
-104.94
 20
134.94
 10
-100.11
 20
134.94
 10
-100.11
 20
130.11
 10
-104.94
 20
130.11
  0
LWPOLYLINE
100
AcDbEntity
  8
0
100
AcDbPolyline
 90
4
 70
1
 10
-99.89
 20
134.94
 10
-95.06
 20
134.94
 10
-95.06
 20
130.11
 10
-99.89
 20
130.11
  0
LWPOLYLINE
100
AcDbEntity
  8
0
100
AcDbPolyline
 90
4
 70
1
 10
-94.94
 20
134.94
 10
-90.11
 20
134.94
 10
-90.11
 20
130.11
 10
-94.94
 20
130.11
  0
LWPOLYLINE
100
AcDbEntity
  8
0
100
AcDbPolyline
 90
4
 70
1
 10
-89.89
 20
134.94
 10
-85.06
 20
134.94
 10
-85.06
 20
130.11
 10
-89.89
 20
130.11
  0
LWPOLYLINE
100
AcDbEntity
  8
0
100
AcDbPolyline
 90
4
 70
1
 10
-84.94
 20
134.94
 10
-80.11
 20
134.94
 10
-80.11
 20
130.11
 10
-84.94
 20
130.11
  0
LWPOLYLINE
100
AcDbEntity
  8
0
100
AcDbPolyline
 90
4
 70
1
 10
-78.1523
 20
134.94
 10
-75.06
 20
134.94
 10
-75.06
 20
130.11
 10
-78.1523
 20
130.11
  0
LWPOLYLINE
100
AcDbEntity
  8
0
100
AcDbPolyline
 90
4
 70
1
 10
-74.94
 20
134.94
 10
-70.11
 20
134.94
 10
-70.11
 20
130.11
 10
-74.94
 20
130.11
  0
LWPOLYLINE
100
AcDbEntity
  8
0
100
AcDbPolyline
 90
4
 70
1
 10
-67.075
 20
134.94
 10
-65.06
 20
134.94
 10
-65.06
 20
130.11
 10
-67.075
 20
130.11
  0
LWPOLYLINE
100
AcDbEntity
  8
0
100
AcDbPolyline
 90
4
 70
1
 10
-64.94
 20
134.94
 10
-60.11
 20
134.94
 10
-60.11
 20
130.11
 10
-64.94
 20
130.11
  0
LWPOLYLINE
100
AcDbEntity
  8
0
100
AcDbPolyline
 90
4
 70
1
 10
-59.89
 20
134.94
 10
-55.06
 20
134.94
 10
-55.06
 20
130.11
 10
-59.89
 20
130.11
  0
LWPOLYLINE
100
AcDbEntity
  8
0
100
AcDbPolyline
 90
4
 70
1
 10
-54.94
 20
134.94
 10
-50.11
 20
134.94
 10
-50.11
 20
130.11
 10
-54.94
 20
130.11
  0
LWPOLYLINE
100
AcDbEntity
  8
0
100
AcDbPolyline
 90
4
 70
1
 10
-49.89
 20
134.94
 10
-45.06
 20
134.94
 10
-45.06
 20
130.11
 10
-49.89
 20
130.11
  0
LWPOLYLINE
100
AcDbEntity
  8
0
100
AcDbPolyline
 90
4
 70
1
 10
-44.94
 20
134.94
 10
-40.11
 20
134.94
 10
-40.11
 20
130.11
 10
-44.94
 20
130.11
  0
LWPOLYLINE
100
AcDbEntity
  8
0
100
AcDbPolyline
 90
4
 70
1
 10
-39.89
 20
134.94
 10
-35.06
 20
134.94
 10
-35.06
 20
130.11
 10
-39.89
 20
130.11
  0
LWPOLYLINE
100
AcDbEntity
  8
0
100
AcDbPolyline
 90
4
 70
1
 10
-34.94
 20
134.94
 10
-30.11
 20
134.94
 10
-30.11
 20
130.11
 10
-34.94
 20
130.11
  0
LWPOLYLINE
100
AcDbEntity
  8
0
100
AcDbPolyline
 90
4
 70
1
 10
-29.89
 20
134.94
 10
-25.06
 20
134.94
 10
-25.06
 20
130.11
 10
-29.89
 20
130.11
  0
LWPOLYLINE
100
AcDbEntity
  8
0
100
AcDbPolyline
 90
4
 70
1
 10
-24.94
 20
134.94
 10
-20.11
 20
134.94
 10
-20.11
 20
130.11
 10
-24.94
 20
130.11
  0
LWPOLYLINE
100
AcDbEntity
  8
0
100
AcDbPolyline
 90
4
 70
1
 10
-19.89
 20
134.94
 10
-15.06
 20
134.94
 10
-15.06
 20
130.11
 10
-19.89
 20
130.11
  0
LWPOLYLINE
100
AcDbEntity
  8
0
100
AcDbPolyline
 90
4
 70
1
 10
-14.94
 20
134.94
 10
-10.11
 20
134.94
 10
-10.11
 20
130.11
 10
-14.94
 20
130.11
  0
LWPOLYLINE
100
AcDbEntity
  8
0
100
AcDbPolyline
 90
4
 70
1
 10
-9.89
 20
134.94
 10
-5.06
 20
134.94
 10
-5.06
 20
130.11
 10
-9.89
 20
130.11
  0
LWPOLYLINE
100
AcDbEntity
  8
0
100
AcDbPolyline
 90
4
 70
1
 10
-4.94
 20
134.94
 10
-0.2
 20
134.94
 10
-0.2
 20
130.11
 10
-4.94
 20
130.11
  0
LWPOLYLINE
100
AcDbEntity
  8
0
100
AcDbPolyline
 90
4
 70
1
 10
0.2
 20
134.94
 10
4.94
 20
134.94
 10
4.94
 20
130.11
 10
0.2
 20
130.11
  0
LWPOLYLINE
100
AcDbEntity
  8
0
100
AcDbPolyline
 90
4
 70
1
 10
5.06
 20
134.94
 10
9.89
 20
134.94
 10
9.89
 20
130.11
 10
5.06
 20
130.11
  0
LWPOLYLINE
100
AcDbEntity
  8
0
100
AcDbPolyline
 90
4
 70
1
 10
10.11
 20
134.94
 10
14.94
 20
134.94
 10
14.94
 20
130.11
 10
10.11
 20
130.11
  0
LWPOLYLINE
100
AcDbEntity
  8
0
100
AcDbPolyline
 90
4
 70
1
 10
15.06
 20
134.94
 10
19.89
 20
134.94
 10
19.89
 20
130.11
 10
15.06
 20
130.11
  0
LWPOLYLINE
100
AcDbEntity
  8
0
100
AcDbPolyline
 90
4
 70
1
 10
20.11
 20
134.94
 10
24.94
 20
134.94
 10
24.94
 20
130.11
 10
20.11
 20
130.11
  0
LWPOLYLINE
100
AcDbEntity
  8
0
100
AcDbPolyline
 90
4
 70
1
 10
25.06
 20
134.94
 10
29.89
 20
134.94
 10
29.89
 20
130.11
 10
25.06
 20
130.11
  0
LWPOLYLINE
100
AcDbEntity
  8
0
100
AcDbPolyline
 90
4
 70
1
 10
30.11
 20
134.94
 10
34.94
 20
134.94
 10
34.94
 20
130.11
 10
30.11
 20
130.11
  0
LWPOLYLINE
100
AcDbEntity
  8
0
100
AcDbPolyline
 90
4
 70
1
 10
35.06
 20
134.94
 10
39.89
 20
134.94
 10
39.89
 20
130.11
 10
35.06
 20
130.11
  0
LWPOLYLINE
100
AcDbEntity
  8
0
100
AcDbPolyline
 90
4
 70
1
 10
40.11
 20
134.94
 10
44.94
 20
134.94
 10
44.94
 20
130.11
 10
40.11
 20
130.11
  0
LWPOLYLINE
100
AcDbEntity
  8
0
100
AcDbPolyline
 90
4
 70
1
 10
45.06
 20
134.94
 10
49.89
 20
134.94
 10
49.89
 20
130.11
 10
45.06
 20
130.11
  0
LWPOLYLINE
100
AcDbEntity
  8
0
100
AcDbPolyline
 90
4
 70
1
 10
50.11
 20
134.94
 10
54.94
 20
134.94
 10
54.94
 20
130.11
 10
50.11
 20
130.11
  0
LWPOLYLINE
100
AcDbEntity
  8
0
100
AcDbPolyline
 90
4
 70
1
 10
55.06
 20
134.94
 10
59.89
 20
134.94
 10
59.89
 20
130.11
 10
55.06
 20
130.11
  0
LWPOLYLINE
100
AcDbEntity
  8
0
100
AcDbPolyline
 90
4
 70
1
 10
60.11
 20
134.94
 10
64.94
 20
134.94
 10
64.94
 20
130.11
 10
60.11
 20
130.11
  0
LWPOLYLINE
100
AcDbEntity
  8
0
100
AcDbPolyline
 90
4
 70
1
 10
67.625
 20
134.94
 10
69.89
 20
134.94
 10
69.89
 20
130.11
 10
67.625
 20
130.11
  0
LWPOLYLINE
100
AcDbEntity
  8
0
100
AcDbPolyline
 90
4
 70
1
 10
70.11
 20
134.94
 10
74.94
 20
134.94
 10
74.94
 20
130.11
 10
70.11
 20
130.11
  0
LWPOLYLINE
100
AcDbEntity
  8
0
100
AcDbPolyline
 90
4
 70
1
 10
80.11
 20
134.94
 10
84.94
 20
134.94
 10
84.94
 20
130.11
 10
80.11
 20
130.11
  0
LWPOLYLINE
100
AcDbEntity
  8
0
100
AcDbPolyline
 90
4
 70
1
 10
85.06
 20
134.94
 10
89.89
 20
134.94
 10
89.89
 20
130.11
 10
85.06
 20
130.11
  0
LWPOLYLINE
100
AcDbEntity
  8
0
100
AcDbPolyline
 90
4
 70
1
 10
90.11
 20
134.94
 10
94.94
 20
134.94
 10
94.94
 20
130.11
 10
90.11
 20
130.11
  0
LWPOLYLINE
100
AcDbEntity
  8
0
100
AcDbPolyline
 90
4
 70
1
 10
95.06
 20
134.94
 10
99.89
 20
134.94
 10
99.89
 20
130.11
 10
95.06
 20
130.11
  0
LWPOLYLINE
100
AcDbEntity
  8
0
100
AcDbPolyline
 90
4
 70
1
 10
100.11
 20
134.94
 10
104.94
 20
134.94
 10
104.94
 20
130.11
 10
100.11
 20
130.11
  0
LWPOLYLINE
100
AcDbEntity
  8
0
100
AcDbPolyline
 90
4
 70
1
 10
78.6023
 20
134.94
 10
79.3
 20
134.94
 10
79.3
 20
130.11
 10
78.6023
 20
130.11
  0
LWPOLYLINE
100
AcDbEntity
  8
0
100
AcDbPolyline
 90
4
 70
1
 10
75.06
 20
134.94
 10
78.1523
 20
134.94
 10
78.1523
 20
130.11
 10
75.06
 20
130.11
  0
LWPOLYLINE
100
AcDbEntity
  8
0
100
AcDbPolyline
 90
4
 70
1
 10
65.06
 20
134.94
 10
67.075
 20
134.94
 10
67.075
 20
130.11
 10
65.06
 20
130.11
  0
LWPOLYLINE
100
AcDbEntity
  8
0
100
AcDbPolyline
 90
4
 70
1
 10
-69.89
 20
134.94
 10
-67.625
 20
134.94
 10
-67.625
 20
130.11
 10
-69.89
 20
130.11
  0
LWPOLYLINE
100
AcDbEntity
  8
0
100
AcDbPolyline
 90
4
 70
1
 10
-79.3
 20
134.94
 10
-78.6023
 20
134.94
 10
-78.6023
 20
130.11
 10
-79.3
 20
130.11
  0
LWPOLYLINE
100
AcDbEntity
  8
0
100
AcDbPolyline
 90
4
 70
1
 10
-104.94
 20
129.89
 10
-100.11
 20
129.89
 10
-100.11
 20
125.06
 10
-104.94
 20
125.06
  0
LWPOLYLINE
100
AcDbEntity
  8
0
100
AcDbPolyline
 90
4
 70
1
 10
-99.89
 20
129.89
 10
-95.06
 20
129.89
 10
-95.06
 20
125.06
 10
-99.89
 20
125.06
  0
LWPOLYLINE
100
AcDbEntity
  8
0
100
AcDbPolyline
 90
4
 70
1
 10
-94.94
 20
129.89
 10
-90.11
 20
129.89
 10
-90.11
 20
125.06
 10
-94.94
 20
125.06
  0
LWPOLYLINE
100
AcDbEntity
  8
0
100
AcDbPolyline
 90
4
 70
1
 10
-89.89
 20
129.89
 10
-85.06
 20
129.89
 10
-85.06
 20
125.06
 10
-89.89
 20
125.06
  0
LWPOLYLINE
100
AcDbEntity
  8
0
100
AcDbPolyline
 90
4
 70
1
 10
-84.94
 20
129.89
 10
-80.11
 20
129.89
 10
-80.11
 20
125.06
 10
-84.94
 20
125.06
  0
LWPOLYLINE
100
AcDbEntity
  8
0
100
AcDbPolyline
 90
4
 70
1
 10
-78.1523
 20
129.89
 10
-75.06
 20
129.89
 10
-75.06
 20
125.06
 10
-78.1523
 20
125.06
  0
LWPOLYLINE
100
AcDbEntity
  8
0
100
AcDbPolyline
 90
4
 70
1
 10
-74.94
 20
129.89
 10
-70.11
 20
129.89
 10
-70.11
 20
125.06
 10
-74.94
 20
125.06
  0
LWPOLYLINE
100
AcDbEntity
  8
0
100
AcDbPolyline
 90
4
 70
1
 10
-67.075
 20
129.89
 10
-65.06
 20
129.89
 10
-65.06
 20
125.06
 10
-67.075
 20
125.06
  0
LWPOLYLINE
100
AcDbEntity
  8
0
100
AcDbPolyline
 90
4
 70
1
 10
-64.94
 20
129.89
 10
-60.11
 20
129.89
 10
-60.11
 20
125.06
 10
-64.94
 20
125.06
  0
LWPOLYLINE
100
AcDbEntity
  8
0
100
AcDbPolyline
 90
4
 70
1
 10
-59.89
 20
129.89
 10
-55.06
 20
129.89
 10
-55.06
 20
125.06
 10
-59.89
 20
125.06
  0
LWPOLYLINE
100
AcDbEntity
  8
0
100
AcDbPolyline
 90
4
 70
1
 10
-54.94
 20
129.89
 10
-50.11
 20
129.89
 10
-50.11
 20
125.06
 10
-54.94
 20
125.06
  0
LWPOLYLINE
100
AcDbEntity
  8
0
100
AcDbPolyline
 90
4
 70
1
 10
-49.89
 20
129.89
 10
-45.06
 20
129.89
 10
-45.06
 20
125.06
 10
-49.89
 20
125.06
  0
LWPOLYLINE
100
AcDbEntity
  8
0
100
AcDbPolyline
 90
4
 70
1
 10
-44.94
 20
129.89
 10
-40.11
 20
129.89
 10
-40.11
 20
125.06
 10
-44.94
 20
125.06
  0
LWPOLYLINE
100
AcDbEntity
  8
0
100
AcDbPolyline
 90
4
 70
1
 10
-39.89
 20
129.89
 10
-35.06
 20
129.89
 10
-35.06
 20
125.06
 10
-39.89
 20
125.06
  0
LWPOLYLINE
100
AcDbEntity
  8
0
100
AcDbPolyline
 90
4
 70
1
 10
-34.94
 20
129.89
 10
-30.11
 20
129.89
 10
-30.11
 20
125.06
 10
-34.94
 20
125.06
  0
LWPOLYLINE
100
AcDbEntity
  8
0
100
AcDbPolyline
 90
4
 70
1
 10
-29.89
 20
129.89
 10
-25.06
 20
129.89
 10
-25.06
 20
125.06
 10
-29.89
 20
125.06
  0
LWPOLYLINE
100
AcDbEntity
  8
0
100
AcDbPolyline
 90
4
 70
1
 10
-24.94
 20
129.89
 10
-20.11
 20
129.89
 10
-20.11
 20
125.06
 10
-24.94
 20
125.06
  0
LWPOLYLINE
100
AcDbEntity
  8
0
100
AcDbPolyline
 90
4
 70
1
 10
-19.89
 20
129.89
 10
-15.06
 20
129.89
 10
-15.06
 20
125.06
 10
-19.89
 20
125.06
  0
LWPOLYLINE
100
AcDbEntity
  8
0
100
AcDbPolyline
 90
4
 70
1
 10
-14.94
 20
129.89
 10
-10.11
 20
129.89
 10
-10.11
 20
125.06
 10
-14.94
 20
125.06
  0
LWPOLYLINE
100
AcDbEntity
  8
0
100
AcDbPolyline
 90
4
 70
1
 10
-9.89
 20
129.89
 10
-5.06
 20
129.89
 10
-5.06
 20
125.06
 10
-9.89
 20
125.06
  0
LWPOLYLINE
100
AcDbEntity
  8
0
100
AcDbPolyline
 90
4
 70
1
 10
-4.94
 20
129.89
 10
-0.2
 20
129.89
 10
-0.2
 20
125.06
 10
-4.94
 20
125.06
  0
LWPOLYLINE
100
AcDbEntity
  8
0
100
AcDbPolyline
 90
4
 70
1
 10
0.2
 20
129.89
 10
4.94
 20
129.89
 10
4.94
 20
125.06
 10
0.2
 20
125.06
  0
LWPOLYLINE
100
AcDbEntity
  8
0
100
AcDbPolyline
 90
4
 70
1
 10
5.06
 20
129.89
 10
9.89
 20
129.89
 10
9.89
 20
125.06
 10
5.06
 20
125.06
  0
LWPOLYLINE
100
AcDbEntity
  8
0
100
AcDbPolyline
 90
4
 70
1
 10
10.11
 20
129.89
 10
14.94
 20
129.89
 10
14.94
 20
125.06
 10
10.11
 20
125.06
  0
LWPOLYLINE
100
AcDbEntity
  8
0
100
AcDbPolyline
 90
4
 70
1
 10
15.06
 20
129.89
 10
19.89
 20
129.89
 10
19.89
 20
125.06
 10
15.06
 20
125.06
  0
LWPOLYLINE
100
AcDbEntity
  8
0
100
AcDbPolyline
 90
4
 70
1
 10
20.11
 20
129.89
 10
24.94
 20
129.89
 10
24.94
 20
125.06
 10
20.11
 20
125.06
  0
LWPOLYLINE
100
AcDbEntity
  8
0
100
AcDbPolyline
 90
4
 70
1
 10
25.06
 20
129.89
 10
29.89
 20
129.89
 10
29.89
 20
125.06
 10
25.06
 20
125.06
  0
LWPOLYLINE
100
AcDbEntity
  8
0
100
AcDbPolyline
 90
4
 70
1
 10
30.11
 20
129.89
 10
34.94
 20
129.89
 10
34.94
 20
125.06
 10
30.11
 20
125.06
  0
LWPOLYLINE
100
AcDbEntity
  8
0
100
AcDbPolyline
 90
4
 70
1
 10
35.06
 20
129.89
 10
39.89
 20
129.89
 10
39.89
 20
125.06
 10
35.06
 20
125.06
  0
LWPOLYLINE
100
AcDbEntity
  8
0
100
AcDbPolyline
 90
4
 70
1
 10
40.11
 20
129.89
 10
44.94
 20
129.89
 10
44.94
 20
125.06
 10
40.11
 20
125.06
  0
LWPOLYLINE
100
AcDbEntity
  8
0
100
AcDbPolyline
 90
4
 70
1
 10
45.06
 20
129.89
 10
49.89
 20
129.89
 10
49.89
 20
125.06
 10
45.06
 20
125.06
  0
LWPOLYLINE
100
AcDbEntity
  8
0
100
AcDbPolyline
 90
4
 70
1
 10
50.11
 20
129.89
 10
54.94
 20
129.89
 10
54.94
 20
125.06
 10
50.11
 20
125.06
  0
LWPOLYLINE
100
AcDbEntity
  8
0
100
AcDbPolyline
 90
4
 70
1
 10
55.06
 20
129.89
 10
59.89
 20
129.89
 10
59.89
 20
125.06
 10
55.06
 20
125.06
  0
LWPOLYLINE
100
AcDbEntity
  8
0
100
AcDbPolyline
 90
4
 70
1
 10
60.11
 20
129.89
 10
64.94
 20
129.89
 10
64.94
 20
125.06
 10
60.11
 20
125.06
  0
LWPOLYLINE
100
AcDbEntity
  8
0
100
AcDbPolyline
 90
4
 70
1
 10
67.625
 20
129.89
 10
69.89
 20
129.89
 10
69.89
 20
125.06
 10
67.625
 20
125.06
  0
LWPOLYLINE
100
AcDbEntity
  8
0
100
AcDbPolyline
 90
4
 70
1
 10
70.11
 20
129.89
 10
74.94
 20
129.89
 10
74.94
 20
125.06
 10
70.11
 20
125.06
  0
LWPOLYLINE
100
AcDbEntity
  8
0
100
AcDbPolyline
 90
4
 70
1
 10
80.11
 20
129.89
 10
84.94
 20
129.89
 10
84.94
 20
125.06
 10
80.11
 20
125.06
  0
LWPOLYLINE
100
AcDbEntity
  8
0
100
AcDbPolyline
 90
4
 70
1
 10
85.06
 20
129.89
 10
89.89
 20
129.89
 10
89.89
 20
125.06
 10
85.06
 20
125.06
  0
LWPOLYLINE
100
AcDbEntity
  8
0
100
AcDbPolyline
 90
4
 70
1
 10
90.11
 20
129.89
 10
94.94
 20
129.89
 10
94.94
 20
125.06
 10
90.11
 20
125.06
  0
LWPOLYLINE
100
AcDbEntity
  8
0
100
AcDbPolyline
 90
4
 70
1
 10
95.06
 20
129.89
 10
99.89
 20
129.89
 10
99.89
 20
125.06
 10
95.06
 20
125.06
  0
LWPOLYLINE
100
AcDbEntity
  8
0
100
AcDbPolyline
 90
4
 70
1
 10
100.11
 20
129.89
 10
104.94
 20
129.89
 10
104.94
 20
125.06
 10
100.11
 20
125.06
  0
LWPOLYLINE
100
AcDbEntity
  8
0
100
AcDbPolyline
 90
4
 70
1
 10
78.6023
 20
129.89
 10
79.3
 20
129.89
 10
79.3
 20
125.06
 10
78.6023
 20
125.06
  0
LWPOLYLINE
100
AcDbEntity
  8
0
100
AcDbPolyline
 90
4
 70
1
 10
75.06
 20
129.89
 10
78.1523
 20
129.89
 10
78.1523
 20
125.06
 10
75.06
 20
125.06
  0
LWPOLYLINE
100
AcDbEntity
  8
0
100
AcDbPolyline
 90
4
 70
1
 10
65.06
 20
129.89
 10
67.075
 20
129.89
 10
67.075
 20
125.06
 10
65.06
 20
125.06
  0
LWPOLYLINE
100
AcDbEntity
  8
0
100
AcDbPolyline
 90
4
 70
1
 10
-69.89
 20
129.89
 10
-67.625
 20
129.89
 10
-67.625
 20
125.06
 10
-69.89
 20
125.06
  0
LWPOLYLINE
100
AcDbEntity
  8
0
100
AcDbPolyline
 90
4
 70
1
 10
-79.3
 20
129.89
 10
-78.6023
 20
129.89
 10
-78.6023
 20
125.06
 10
-79.3
 20
125.06
  0
LWPOLYLINE
100
AcDbEntity
  8
0
100
AcDbPolyline
 90
4
 70
1
 10
-104.94
 20
124.94
 10
-100.11
 20
124.94
 10
-100.11
 20
120.11
 10
-104.94
 20
120.11
  0
LWPOLYLINE
100
AcDbEntity
  8
0
100
AcDbPolyline
 90
4
 70
1
 10
-99.89
 20
124.94
 10
-95.06
 20
124.94
 10
-95.06
 20
120.11
 10
-99.89
 20
120.11
  0
LWPOLYLINE
100
AcDbEntity
  8
0
100
AcDbPolyline
 90
4
 70
1
 10
-94.94
 20
124.94
 10
-90.11
 20
124.94
 10
-90.11
 20
120.11
 10
-94.94
 20
120.11
  0
LWPOLYLINE
100
AcDbEntity
  8
0
100
AcDbPolyline
 90
4
 70
1
 10
-89.89
 20
124.94
 10
-85.06
 20
124.94
 10
-85.06
 20
120.11
 10
-89.89
 20
120.11
  0
LWPOLYLINE
100
AcDbEntity
  8
0
100
AcDbPolyline
 90
4
 70
1
 10
-84.94
 20
124.94
 10
-80.11
 20
124.94
 10
-80.11
 20
120.11
 10
-84.94
 20
120.11
  0
LWPOLYLINE
100
AcDbEntity
  8
0
100
AcDbPolyline
 90
4
 70
1
 10
-78.1523
 20
124.94
 10
-75.06
 20
124.94
 10
-75.06
 20
120.11
 10
-78.1523
 20
120.11
  0
LWPOLYLINE
100
AcDbEntity
  8
0
100
AcDbPolyline
 90
4
 70
1
 10
-74.94
 20
124.94
 10
-70.11
 20
124.94
 10
-70.11
 20
120.11
 10
-74.94
 20
120.11
  0
LWPOLYLINE
100
AcDbEntity
  8
0
100
AcDbPolyline
 90
4
 70
1
 10
-67.075
 20
124.94
 10
-65.06
 20
124.94
 10
-65.06
 20
120.11
 10
-67.075
 20
120.11
  0
LWPOLYLINE
100
AcDbEntity
  8
0
100
AcDbPolyline
 90
4
 70
1
 10
-64.94
 20
124.94
 10
-60.11
 20
124.94
 10
-60.11
 20
120.11
 10
-64.94
 20
120.11
  0
LWPOLYLINE
100
AcDbEntity
  8
0
100
AcDbPolyline
 90
4
 70
1
 10
-59.89
 20
124.94
 10
-55.06
 20
124.94
 10
-55.06
 20
120.11
 10
-59.89
 20
120.11
  0
LWPOLYLINE
100
AcDbEntity
  8
0
100
AcDbPolyline
 90
4
 70
1
 10
-54.94
 20
124.94
 10
-50.11
 20
124.94
 10
-50.11
 20
120.11
 10
-54.94
 20
120.11
  0
LWPOLYLINE
100
AcDbEntity
  8
0
100
AcDbPolyline
 90
4
 70
1
 10
-49.89
 20
124.94
 10
-45.06
 20
124.94
 10
-45.06
 20
120.11
 10
-49.89
 20
120.11
  0
LWPOLYLINE
100
AcDbEntity
  8
0
100
AcDbPolyline
 90
4
 70
1
 10
-44.94
 20
124.94
 10
-40.11
 20
124.94
 10
-40.11
 20
120.11
 10
-44.94
 20
120.11
  0
LWPOLYLINE
100
AcDbEntity
  8
0
100
AcDbPolyline
 90
4
 70
1
 10
-39.89
 20
124.94
 10
-35.06
 20
124.94
 10
-35.06
 20
120.11
 10
-39.89
 20
120.11
  0
LWPOLYLINE
100
AcDbEntity
  8
0
100
AcDbPolyline
 90
4
 70
1
 10
-34.94
 20
124.94
 10
-30.11
 20
124.94
 10
-30.11
 20
120.11
 10
-34.94
 20
120.11
  0
LWPOLYLINE
100
AcDbEntity
  8
0
100
AcDbPolyline
 90
4
 70
1
 10
-29.89
 20
124.94
 10
-25.06
 20
124.94
 10
-25.06
 20
120.11
 10
-29.89
 20
120.11
  0
LWPOLYLINE
100
AcDbEntity
  8
0
100
AcDbPolyline
 90
4
 70
1
 10
-24.94
 20
124.94
 10
-20.11
 20
124.94
 10
-20.11
 20
120.11
 10
-24.94
 20
120.11
  0
LWPOLYLINE
100
AcDbEntity
  8
0
100
AcDbPolyline
 90
4
 70
1
 10
-19.89
 20
124.94
 10
-15.06
 20
124.94
 10
-15.06
 20
120.11
 10
-19.89
 20
120.11
  0
LWPOLYLINE
100
AcDbEntity
  8
0
100
AcDbPolyline
 90
4
 70
1
 10
-14.94
 20
124.94
 10
-10.11
 20
124.94
 10
-10.11
 20
120.11
 10
-14.94
 20
120.11
  0
LWPOLYLINE
100
AcDbEntity
  8
0
100
AcDbPolyline
 90
4
 70
1
 10
-9.89
 20
124.94
 10
-5.06
 20
124.94
 10
-5.06
 20
120.11
 10
-9.89
 20
120.11
  0
LWPOLYLINE
100
AcDbEntity
  8
0
100
AcDbPolyline
 90
4
 70
1
 10
-4.94
 20
124.94
 10
-0.2
 20
124.94
 10
-0.2
 20
120.11
 10
-4.94
 20
120.11
  0
LWPOLYLINE
100
AcDbEntity
  8
0
100
AcDbPolyline
 90
4
 70
1
 10
0.2
 20
124.94
 10
4.94
 20
124.94
 10
4.94
 20
120.11
 10
0.2
 20
120.11
  0
LWPOLYLINE
100
AcDbEntity
  8
0
100
AcDbPolyline
 90
4
 70
1
 10
5.06
 20
124.94
 10
9.89
 20
124.94
 10
9.89
 20
120.11
 10
5.06
 20
120.11
  0
LWPOLYLINE
100
AcDbEntity
  8
0
100
AcDbPolyline
 90
4
 70
1
 10
10.11
 20
124.94
 10
14.94
 20
124.94
 10
14.94
 20
120.11
 10
10.11
 20
120.11
  0
LWPOLYLINE
100
AcDbEntity
  8
0
100
AcDbPolyline
 90
4
 70
1
 10
15.06
 20
124.94
 10
19.89
 20
124.94
 10
19.89
 20
120.11
 10
15.06
 20
120.11
  0
LWPOLYLINE
100
AcDbEntity
  8
0
100
AcDbPolyline
 90
4
 70
1
 10
20.11
 20
124.94
 10
24.94
 20
124.94
 10
24.94
 20
120.11
 10
20.11
 20
120.11
  0
LWPOLYLINE
100
AcDbEntity
  8
0
100
AcDbPolyline
 90
4
 70
1
 10
25.06
 20
124.94
 10
29.89
 20
124.94
 10
29.89
 20
120.11
 10
25.06
 20
120.11
  0
LWPOLYLINE
100
AcDbEntity
  8
0
100
AcDbPolyline
 90
4
 70
1
 10
30.11
 20
124.94
 10
34.94
 20
124.94
 10
34.94
 20
120.11
 10
30.11
 20
120.11
  0
LWPOLYLINE
100
AcDbEntity
  8
0
100
AcDbPolyline
 90
4
 70
1
 10
35.06
 20
124.94
 10
39.89
 20
124.94
 10
39.89
 20
120.11
 10
35.06
 20
120.11
  0
LWPOLYLINE
100
AcDbEntity
  8
0
100
AcDbPolyline
 90
4
 70
1
 10
40.11
 20
124.94
 10
44.94
 20
124.94
 10
44.94
 20
120.11
 10
40.11
 20
120.11
  0
LWPOLYLINE
100
AcDbEntity
  8
0
100
AcDbPolyline
 90
4
 70
1
 10
45.06
 20
124.94
 10
49.89
 20
124.94
 10
49.89
 20
120.11
 10
45.06
 20
120.11
  0
LWPOLYLINE
100
AcDbEntity
  8
0
100
AcDbPolyline
 90
4
 70
1
 10
50.11
 20
124.94
 10
54.94
 20
124.94
 10
54.94
 20
120.11
 10
50.11
 20
120.11
  0
LWPOLYLINE
100
AcDbEntity
  8
0
100
AcDbPolyline
 90
4
 70
1
 10
55.06
 20
124.94
 10
59.89
 20
124.94
 10
59.89
 20
120.11
 10
55.06
 20
120.11
  0
LWPOLYLINE
100
AcDbEntity
  8
0
100
AcDbPolyline
 90
4
 70
1
 10
60.11
 20
124.94
 10
64.94
 20
124.94
 10
64.94
 20
120.11
 10
60.11
 20
120.11
  0
LWPOLYLINE
100
AcDbEntity
  8
0
100
AcDbPolyline
 90
4
 70
1
 10
67.625
 20
124.94
 10
69.89
 20
124.94
 10
69.89
 20
120.11
 10
67.625
 20
120.11
  0
LWPOLYLINE
100
AcDbEntity
  8
0
100
AcDbPolyline
 90
4
 70
1
 10
70.11
 20
124.94
 10
74.94
 20
124.94
 10
74.94
 20
120.11
 10
70.11
 20
120.11
  0
LWPOLYLINE
100
AcDbEntity
  8
0
100
AcDbPolyline
 90
4
 70
1
 10
80.11
 20
124.94
 10
84.94
 20
124.94
 10
84.94
 20
120.11
 10
80.11
 20
120.11
  0
LWPOLYLINE
100
AcDbEntity
  8
0
100
AcDbPolyline
 90
4
 70
1
 10
85.06
 20
124.94
 10
89.89
 20
124.94
 10
89.89
 20
120.11
 10
85.06
 20
120.11
  0
LWPOLYLINE
100
AcDbEntity
  8
0
100
AcDbPolyline
 90
4
 70
1
 10
90.11
 20
124.94
 10
94.94
 20
124.94
 10
94.94
 20
120.11
 10
90.11
 20
120.11
  0
LWPOLYLINE
100
AcDbEntity
  8
0
100
AcDbPolyline
 90
4
 70
1
 10
95.06
 20
124.94
 10
99.89
 20
124.94
 10
99.89
 20
120.11
 10
95.06
 20
120.11
  0
LWPOLYLINE
100
AcDbEntity
  8
0
100
AcDbPolyline
 90
4
 70
1
 10
100.11
 20
124.94
 10
104.94
 20
124.94
 10
104.94
 20
120.11
 10
100.11
 20
120.11
  0
LWPOLYLINE
100
AcDbEntity
  8
0
100
AcDbPolyline
 90
4
 70
1
 10
78.6023
 20
124.94
 10
79.3
 20
124.94
 10
79.3
 20
120.11
 10
78.6023
 20
120.11
  0
LWPOLYLINE
100
AcDbEntity
  8
0
100
AcDbPolyline
 90
4
 70
1
 10
75.06
 20
124.94
 10
78.1523
 20
124.94
 10
78.1523
 20
120.11
 10
75.06
 20
120.11
  0
LWPOLYLINE
100
AcDbEntity
  8
0
100
AcDbPolyline
 90
4
 70
1
 10
65.06
 20
124.94
 10
67.075
 20
124.94
 10
67.075
 20
120.11
 10
65.06
 20
120.11
  0
LWPOLYLINE
100
AcDbEntity
  8
0
100
AcDbPolyline
 90
4
 70
1
 10
-69.89
 20
124.94
 10
-67.625
 20
124.94
 10
-67.625
 20
120.11
 10
-69.89
 20
120.11
  0
LWPOLYLINE
100
AcDbEntity
  8
0
100
AcDbPolyline
 90
4
 70
1
 10
-79.3
 20
124.94
 10
-78.6023
 20
124.94
 10
-78.6023
 20
120.11
 10
-79.3
 20
120.11
  0
LWPOLYLINE
100
AcDbEntity
  8
0
100
AcDbPolyline
 90
4
 70
1
 10
-104.94
 20
119.89
 10
-100.11
 20
119.89
 10
-100.11
 20
115.06
 10
-104.94
 20
115.06
  0
LWPOLYLINE
100
AcDbEntity
  8
0
100
AcDbPolyline
 90
4
 70
1
 10
-99.89
 20
119.89
 10
-95.06
 20
119.89
 10
-95.06
 20
115.06
 10
-99.89
 20
115.06
  0
LWPOLYLINE
100
AcDbEntity
  8
0
100
AcDbPolyline
 90
4
 70
1
 10
-94.94
 20
119.89
 10
-90.11
 20
119.89
 10
-90.11
 20
115.06
 10
-94.94
 20
115.06
  0
LWPOLYLINE
100
AcDbEntity
  8
0
100
AcDbPolyline
 90
4
 70
1
 10
-89.89
 20
119.89
 10
-85.06
 20
119.89
 10
-85.06
 20
115.06
 10
-89.89
 20
115.06
  0
LWPOLYLINE
100
AcDbEntity
  8
0
100
AcDbPolyline
 90
4
 70
1
 10
-84.94
 20
119.89
 10
-80.11
 20
119.89
 10
-80.11
 20
115.06
 10
-84.94
 20
115.06
  0
LWPOLYLINE
100
AcDbEntity
  8
0
100
AcDbPolyline
 90
4
 70
1
 10
-78.1523
 20
119.89
 10
-75.06
 20
119.89
 10
-75.06
 20
115.06
 10
-78.1523
 20
115.06
  0
LWPOLYLINE
100
AcDbEntity
  8
0
100
AcDbPolyline
 90
4
 70
1
 10
-74.94
 20
119.89
 10
-70.11
 20
119.89
 10
-70.11
 20
115.06
 10
-74.94
 20
115.06
  0
LWPOLYLINE
100
AcDbEntity
  8
0
100
AcDbPolyline
 90
4
 70
1
 10
-67.075
 20
119.89
 10
-65.06
 20
119.89
 10
-65.06
 20
115.06
 10
-67.075
 20
115.06
  0
LWPOLYLINE
100
AcDbEntity
  8
0
100
AcDbPolyline
 90
4
 70
1
 10
-64.94
 20
119.89
 10
-60.11
 20
119.89
 10
-60.11
 20
115.06
 10
-64.94
 20
115.06
  0
LWPOLYLINE
100
AcDbEntity
  8
0
100
AcDbPolyline
 90
4
 70
1
 10
-59.89
 20
119.89
 10
-55.06
 20
119.89
 10
-55.06
 20
115.06
 10
-59.89
 20
115.06
  0
LWPOLYLINE
100
AcDbEntity
  8
0
100
AcDbPolyline
 90
4
 70
1
 10
-54.94
 20
119.89
 10
-50.11
 20
119.89
 10
-50.11
 20
115.06
 10
-54.94
 20
115.06
  0
LWPOLYLINE
100
AcDbEntity
  8
0
100
AcDbPolyline
 90
4
 70
1
 10
-49.89
 20
119.89
 10
-45.06
 20
119.89
 10
-45.06
 20
115.06
 10
-49.89
 20
115.06
  0
LWPOLYLINE
100
AcDbEntity
  8
0
100
AcDbPolyline
 90
4
 70
1
 10
-44.94
 20
119.89
 10
-40.11
 20
119.89
 10
-40.11
 20
115.06
 10
-44.94
 20
115.06
  0
LWPOLYLINE
100
AcDbEntity
  8
0
100
AcDbPolyline
 90
4
 70
1
 10
-39.89
 20
119.89
 10
-35.06
 20
119.89
 10
-35.06
 20
115.06
 10
-39.89
 20
115.06
  0
LWPOLYLINE
100
AcDbEntity
  8
0
100
AcDbPolyline
 90
4
 70
1
 10
-34.94
 20
119.89
 10
-30.11
 20
119.89
 10
-30.11
 20
115.06
 10
-34.94
 20
115.06
  0
LWPOLYLINE
100
AcDbEntity
  8
0
100
AcDbPolyline
 90
4
 70
1
 10
-29.89
 20
119.89
 10
-25.06
 20
119.89
 10
-25.06
 20
115.06
 10
-29.89
 20
115.06
  0
LWPOLYLINE
100
AcDbEntity
  8
0
100
AcDbPolyline
 90
4
 70
1
 10
-24.94
 20
119.89
 10
-20.11
 20
119.89
 10
-20.11
 20
115.06
 10
-24.94
 20
115.06
  0
LWPOLYLINE
100
AcDbEntity
  8
0
100
AcDbPolyline
 90
4
 70
1
 10
-19.89
 20
119.89
 10
-15.06
 20
119.89
 10
-15.06
 20
115.06
 10
-19.89
 20
115.06
  0
LWPOLYLINE
100
AcDbEntity
  8
0
100
AcDbPolyline
 90
4
 70
1
 10
-14.94
 20
119.89
 10
-10.11
 20
119.89
 10
-10.11
 20
115.06
 10
-14.94
 20
115.06
  0
LWPOLYLINE
100
AcDbEntity
  8
0
100
AcDbPolyline
 90
4
 70
1
 10
-9.89
 20
119.89
 10
-5.06
 20
119.89
 10
-5.06
 20
115.06
 10
-9.89
 20
115.06
  0
LWPOLYLINE
100
AcDbEntity
  8
0
100
AcDbPolyline
 90
4
 70
1
 10
-4.94
 20
119.89
 10
-0.2
 20
119.89
 10
-0.2
 20
115.06
 10
-4.94
 20
115.06
  0
LWPOLYLINE
100
AcDbEntity
  8
0
100
AcDbPolyline
 90
4
 70
1
 10
0.2
 20
119.89
 10
4.94
 20
119.89
 10
4.94
 20
115.06
 10
0.2
 20
115.06
  0
LWPOLYLINE
100
AcDbEntity
  8
0
100
AcDbPolyline
 90
4
 70
1
 10
5.06
 20
119.89
 10
9.89
 20
119.89
 10
9.89
 20
115.06
 10
5.06
 20
115.06
  0
LWPOLYLINE
100
AcDbEntity
  8
0
100
AcDbPolyline
 90
4
 70
1
 10
10.11
 20
119.89
 10
14.94
 20
119.89
 10
14.94
 20
115.06
 10
10.11
 20
115.06
  0
LWPOLYLINE
100
AcDbEntity
  8
0
100
AcDbPolyline
 90
4
 70
1
 10
15.06
 20
119.89
 10
19.89
 20
119.89
 10
19.89
 20
115.06
 10
15.06
 20
115.06
  0
LWPOLYLINE
100
AcDbEntity
  8
0
100
AcDbPolyline
 90
4
 70
1
 10
20.11
 20
119.89
 10
24.94
 20
119.89
 10
24.94
 20
115.06
 10
20.11
 20
115.06
  0
LWPOLYLINE
100
AcDbEntity
  8
0
100
AcDbPolyline
 90
4
 70
1
 10
25.06
 20
119.89
 10
29.89
 20
119.89
 10
29.89
 20
115.06
 10
25.06
 20
115.06
  0
LWPOLYLINE
100
AcDbEntity
  8
0
100
AcDbPolyline
 90
4
 70
1
 10
30.11
 20
119.89
 10
34.94
 20
119.89
 10
34.94
 20
115.06
 10
30.11
 20
115.06
  0
LWPOLYLINE
100
AcDbEntity
  8
0
100
AcDbPolyline
 90
4
 70
1
 10
35.06
 20
119.89
 10
39.89
 20
119.89
 10
39.89
 20
115.06
 10
35.06
 20
115.06
  0
LWPOLYLINE
100
AcDbEntity
  8
0
100
AcDbPolyline
 90
4
 70
1
 10
40.11
 20
119.89
 10
44.94
 20
119.89
 10
44.94
 20
115.06
 10
40.11
 20
115.06
  0
LWPOLYLINE
100
AcDbEntity
  8
0
100
AcDbPolyline
 90
4
 70
1
 10
45.06
 20
119.89
 10
49.89
 20
119.89
 10
49.89
 20
115.06
 10
45.06
 20
115.06
  0
LWPOLYLINE
100
AcDbEntity
  8
0
100
AcDbPolyline
 90
4
 70
1
 10
50.11
 20
119.89
 10
54.94
 20
119.89
 10
54.94
 20
115.06
 10
50.11
 20
115.06
  0
LWPOLYLINE
100
AcDbEntity
  8
0
100
AcDbPolyline
 90
4
 70
1
 10
55.06
 20
119.89
 10
59.89
 20
119.89
 10
59.89
 20
115.06
 10
55.06
 20
115.06
  0
LWPOLYLINE
100
AcDbEntity
  8
0
100
AcDbPolyline
 90
4
 70
1
 10
60.11
 20
119.89
 10
64.94
 20
119.89
 10
64.94
 20
115.06
 10
60.11
 20
115.06
  0
LWPOLYLINE
100
AcDbEntity
  8
0
100
AcDbPolyline
 90
4
 70
1
 10
67.625
 20
119.89
 10
69.89
 20
119.89
 10
69.89
 20
115.06
 10
67.625
 20
115.06
  0
LWPOLYLINE
100
AcDbEntity
  8
0
100
AcDbPolyline
 90
4
 70
1
 10
70.11
 20
119.89
 10
74.94
 20
119.89
 10
74.94
 20
115.06
 10
70.11
 20
115.06
  0
LWPOLYLINE
100
AcDbEntity
  8
0
100
AcDbPolyline
 90
4
 70
1
 10
80.11
 20
119.89
 10
84.94
 20
119.89
 10
84.94
 20
115.06
 10
80.11
 20
115.06
  0
LWPOLYLINE
100
AcDbEntity
  8
0
100
AcDbPolyline
 90
4
 70
1
 10
85.06
 20
119.89
 10
89.89
 20
119.89
 10
89.89
 20
115.06
 10
85.06
 20
115.06
  0
LWPOLYLINE
100
AcDbEntity
  8
0
100
AcDbPolyline
 90
4
 70
1
 10
90.11
 20
119.89
 10
94.94
 20
119.89
 10
94.94
 20
115.06
 10
90.11
 20
115.06
  0
LWPOLYLINE
100
AcDbEntity
  8
0
100
AcDbPolyline
 90
4
 70
1
 10
95.06
 20
119.89
 10
99.89
 20
119.89
 10
99.89
 20
115.06
 10
95.06
 20
115.06
  0
LWPOLYLINE
100
AcDbEntity
  8
0
100
AcDbPolyline
 90
4
 70
1
 10
100.11
 20
119.89
 10
104.94
 20
119.89
 10
104.94
 20
115.06
 10
100.11
 20
115.06
  0
LWPOLYLINE
100
AcDbEntity
  8
0
100
AcDbPolyline
 90
4
 70
1
 10
78.6023
 20
119.89
 10
79.3
 20
119.89
 10
79.3
 20
115.06
 10
78.6023
 20
115.06
  0
LWPOLYLINE
100
AcDbEntity
  8
0
100
AcDbPolyline
 90
4
 70
1
 10
75.06
 20
119.89
 10
78.1523
 20
119.89
 10
78.1523
 20
115.06
 10
75.06
 20
115.06
  0
LWPOLYLINE
100
AcDbEntity
  8
0
100
AcDbPolyline
 90
4
 70
1
 10
65.06
 20
119.89
 10
67.075
 20
119.89
 10
67.075
 20
115.06
 10
65.06
 20
115.06
  0
LWPOLYLINE
100
AcDbEntity
  8
0
100
AcDbPolyline
 90
4
 70
1
 10
-69.89
 20
119.89
 10
-67.625
 20
119.89
 10
-67.625
 20
115.06
 10
-69.89
 20
115.06
  0
LWPOLYLINE
100
AcDbEntity
  8
0
100
AcDbPolyline
 90
4
 70
1
 10
-79.3
 20
119.89
 10
-78.6023
 20
119.89
 10
-78.6023
 20
115.06
 10
-79.3
 20
115.06
  0
LWPOLYLINE
100
AcDbEntity
  8
0
100
AcDbPolyline
 90
4
 70
1
 10
-104.94
 20
114.94
 10
-100.11
 20
114.94
 10
-100.11
 20
110.11
 10
-104.94
 20
110.11
  0
LWPOLYLINE
100
AcDbEntity
  8
0
100
AcDbPolyline
 90
4
 70
1
 10
-99.89
 20
114.94
 10
-95.06
 20
114.94
 10
-95.06
 20
110.11
 10
-99.89
 20
110.11
  0
LWPOLYLINE
100
AcDbEntity
  8
0
100
AcDbPolyline
 90
4
 70
1
 10
-94.94
 20
114.94
 10
-90.11
 20
114.94
 10
-90.11
 20
110.11
 10
-94.94
 20
110.11
  0
LWPOLYLINE
100
AcDbEntity
  8
0
100
AcDbPolyline
 90
4
 70
1
 10
-89.89
 20
114.94
 10
-85.06
 20
114.94
 10
-85.06
 20
110.11
 10
-89.89
 20
110.11
  0
LWPOLYLINE
100
AcDbEntity
  8
0
100
AcDbPolyline
 90
4
 70
1
 10
-84.94
 20
114.94
 10
-80.11
 20
114.94
 10
-80.11
 20
110.11
 10
-84.94
 20
110.11
  0
LWPOLYLINE
100
AcDbEntity
  8
0
100
AcDbPolyline
 90
4
 70
1
 10
-78.1523
 20
114.94
 10
-75.06
 20
114.94
 10
-75.06
 20
110.11
 10
-78.1523
 20
110.11
  0
LWPOLYLINE
100
AcDbEntity
  8
0
100
AcDbPolyline
 90
4
 70
1
 10
-74.94
 20
114.94
 10
-70.11
 20
114.94
 10
-70.11
 20
110.11
 10
-74.94
 20
110.11
  0
LWPOLYLINE
100
AcDbEntity
  8
0
100
AcDbPolyline
 90
4
 70
1
 10
-67.075
 20
114.94
 10
-65.06
 20
114.94
 10
-65.06
 20
110.11
 10
-67.075
 20
110.11
  0
LWPOLYLINE
100
AcDbEntity
  8
0
100
AcDbPolyline
 90
4
 70
1
 10
-64.94
 20
114.94
 10
-60.11
 20
114.94
 10
-60.11
 20
110.11
 10
-64.94
 20
110.11
  0
LWPOLYLINE
100
AcDbEntity
  8
0
100
AcDbPolyline
 90
4
 70
1
 10
-59.89
 20
114.94
 10
-55.06
 20
114.94
 10
-55.06
 20
110.11
 10
-59.89
 20
110.11
  0
LWPOLYLINE
100
AcDbEntity
  8
0
100
AcDbPolyline
 90
4
 70
1
 10
-54.94
 20
114.94
 10
-50.11
 20
114.94
 10
-50.11
 20
110.11
 10
-54.94
 20
110.11
  0
LWPOLYLINE
100
AcDbEntity
  8
0
100
AcDbPolyline
 90
4
 70
1
 10
-49.89
 20
114.94
 10
-45.06
 20
114.94
 10
-45.06
 20
110.11
 10
-49.89
 20
110.11
  0
LWPOLYLINE
100
AcDbEntity
  8
0
100
AcDbPolyline
 90
4
 70
1
 10
-44.94
 20
114.94
 10
-40.11
 20
114.94
 10
-40.11
 20
110.11
 10
-44.94
 20
110.11
  0
LWPOLYLINE
100
AcDbEntity
  8
0
100
AcDbPolyline
 90
4
 70
1
 10
-39.89
 20
114.94
 10
-35.06
 20
114.94
 10
-35.06
 20
110.11
 10
-39.89
 20
110.11
  0
LWPOLYLINE
100
AcDbEntity
  8
0
100
AcDbPolyline
 90
4
 70
1
 10
-34.94
 20
114.94
 10
-30.11
 20
114.94
 10
-30.11
 20
110.11
 10
-34.94
 20
110.11
  0
LWPOLYLINE
100
AcDbEntity
  8
0
100
AcDbPolyline
 90
4
 70
1
 10
-29.89
 20
114.94
 10
-25.06
 20
114.94
 10
-25.06
 20
110.11
 10
-29.89
 20
110.11
  0
LWPOLYLINE
100
AcDbEntity
  8
0
100
AcDbPolyline
 90
4
 70
1
 10
-24.94
 20
114.94
 10
-20.11
 20
114.94
 10
-20.11
 20
110.11
 10
-24.94
 20
110.11
  0
LWPOLYLINE
100
AcDbEntity
  8
0
100
AcDbPolyline
 90
4
 70
1
 10
-19.89
 20
114.94
 10
-15.06
 20
114.94
 10
-15.06
 20
110.11
 10
-19.89
 20
110.11
  0
LWPOLYLINE
100
AcDbEntity
  8
0
100
AcDbPolyline
 90
4
 70
1
 10
-14.94
 20
114.94
 10
-10.11
 20
114.94
 10
-10.11
 20
110.11
 10
-14.94
 20
110.11
  0
LWPOLYLINE
100
AcDbEntity
  8
0
100
AcDbPolyline
 90
4
 70
1
 10
-9.89
 20
114.94
 10
-5.06
 20
114.94
 10
-5.06
 20
110.11
 10
-9.89
 20
110.11
  0
LWPOLYLINE
100
AcDbEntity
  8
0
100
AcDbPolyline
 90
4
 70
1
 10
-4.94
 20
114.94
 10
-0.2
 20
114.94
 10
-0.2
 20
110.11
 10
-4.94
 20
110.11
  0
LWPOLYLINE
100
AcDbEntity
  8
0
100
AcDbPolyline
 90
4
 70
1
 10
0.2
 20
114.94
 10
4.94
 20
114.94
 10
4.94
 20
110.11
 10
0.2
 20
110.11
  0
LWPOLYLINE
100
AcDbEntity
  8
0
100
AcDbPolyline
 90
4
 70
1
 10
5.06
 20
114.94
 10
9.89
 20
114.94
 10
9.89
 20
110.11
 10
5.06
 20
110.11
  0
LWPOLYLINE
100
AcDbEntity
  8
0
100
AcDbPolyline
 90
4
 70
1
 10
10.11
 20
114.94
 10
14.94
 20
114.94
 10
14.94
 20
110.11
 10
10.11
 20
110.11
  0
LWPOLYLINE
100
AcDbEntity
  8
0
100
AcDbPolyline
 90
4
 70
1
 10
15.06
 20
114.94
 10
19.89
 20
114.94
 10
19.89
 20
110.11
 10
15.06
 20
110.11
  0
LWPOLYLINE
100
AcDbEntity
  8
0
100
AcDbPolyline
 90
4
 70
1
 10
20.11
 20
114.94
 10
24.94
 20
114.94
 10
24.94
 20
110.11
 10
20.11
 20
110.11
  0
LWPOLYLINE
100
AcDbEntity
  8
0
100
AcDbPolyline
 90
4
 70
1
 10
25.06
 20
114.94
 10
29.89
 20
114.94
 10
29.89
 20
110.11
 10
25.06
 20
110.11
  0
LWPOLYLINE
100
AcDbEntity
  8
0
100
AcDbPolyline
 90
4
 70
1
 10
30.11
 20
114.94
 10
34.94
 20
114.94
 10
34.94
 20
110.11
 10
30.11
 20
110.11
  0
LWPOLYLINE
100
AcDbEntity
  8
0
100
AcDbPolyline
 90
4
 70
1
 10
35.06
 20
114.94
 10
39.89
 20
114.94
 10
39.89
 20
110.11
 10
35.06
 20
110.11
  0
LWPOLYLINE
100
AcDbEntity
  8
0
100
AcDbPolyline
 90
4
 70
1
 10
40.11
 20
114.94
 10
44.94
 20
114.94
 10
44.94
 20
110.11
 10
40.11
 20
110.11
  0
LWPOLYLINE
100
AcDbEntity
  8
0
100
AcDbPolyline
 90
4
 70
1
 10
45.06
 20
114.94
 10
49.89
 20
114.94
 10
49.89
 20
110.11
 10
45.06
 20
110.11
  0
LWPOLYLINE
100
AcDbEntity
  8
0
100
AcDbPolyline
 90
4
 70
1
 10
50.11
 20
114.94
 10
54.94
 20
114.94
 10
54.94
 20
110.11
 10
50.11
 20
110.11
  0
LWPOLYLINE
100
AcDbEntity
  8
0
100
AcDbPolyline
 90
4
 70
1
 10
55.06
 20
114.94
 10
59.89
 20
114.94
 10
59.89
 20
110.11
 10
55.06
 20
110.11
  0
LWPOLYLINE
100
AcDbEntity
  8
0
100
AcDbPolyline
 90
4
 70
1
 10
60.11
 20
114.94
 10
64.94
 20
114.94
 10
64.94
 20
110.11
 10
60.11
 20
110.11
  0
LWPOLYLINE
100
AcDbEntity
  8
0
100
AcDbPolyline
 90
4
 70
1
 10
67.625
 20
114.94
 10
69.89
 20
114.94
 10
69.89
 20
110.11
 10
67.625
 20
110.11
  0
LWPOLYLINE
100
AcDbEntity
  8
0
100
AcDbPolyline
 90
4
 70
1
 10
70.11
 20
114.94
 10
74.94
 20
114.94
 10
74.94
 20
110.11
 10
70.11
 20
110.11
  0
LWPOLYLINE
100
AcDbEntity
  8
0
100
AcDbPolyline
 90
4
 70
1
 10
80.11
 20
114.94
 10
84.94
 20
114.94
 10
84.94
 20
110.11
 10
80.11
 20
110.11
  0
LWPOLYLINE
100
AcDbEntity
  8
0
100
AcDbPolyline
 90
4
 70
1
 10
85.06
 20
114.94
 10
89.89
 20
114.94
 10
89.89
 20
110.11
 10
85.06
 20
110.11
  0
LWPOLYLINE
100
AcDbEntity
  8
0
100
AcDbPolyline
 90
4
 70
1
 10
90.11
 20
114.94
 10
94.94
 20
114.94
 10
94.94
 20
110.11
 10
90.11
 20
110.11
  0
LWPOLYLINE
100
AcDbEntity
  8
0
100
AcDbPolyline
 90
4
 70
1
 10
95.06
 20
114.94
 10
99.89
 20
114.94
 10
99.89
 20
110.11
 10
95.06
 20
110.11
  0
LWPOLYLINE
100
AcDbEntity
  8
0
100
AcDbPolyline
 90
4
 70
1
 10
100.11
 20
114.94
 10
104.94
 20
114.94
 10
104.94
 20
110.11
 10
100.11
 20
110.11
  0
LWPOLYLINE
100
AcDbEntity
  8
0
100
AcDbPolyline
 90
4
 70
1
 10
78.6023
 20
114.94
 10
79.3
 20
114.94
 10
79.3
 20
110.11
 10
78.6023
 20
110.11
  0
LWPOLYLINE
100
AcDbEntity
  8
0
100
AcDbPolyline
 90
4
 70
1
 10
75.06
 20
114.94
 10
78.1523
 20
114.94
 10
78.1523
 20
110.11
 10
75.06
 20
110.11
  0
LWPOLYLINE
100
AcDbEntity
  8
0
100
AcDbPolyline
 90
4
 70
1
 10
65.06
 20
114.94
 10
67.075
 20
114.94
 10
67.075
 20
110.11
 10
65.06
 20
110.11
  0
LWPOLYLINE
100
AcDbEntity
  8
0
100
AcDbPolyline
 90
4
 70
1
 10
-69.89
 20
114.94
 10
-67.625
 20
114.94
 10
-67.625
 20
110.11
 10
-69.89
 20
110.11
  0
LWPOLYLINE
100
AcDbEntity
  8
0
100
AcDbPolyline
 90
4
 70
1
 10
-79.3
 20
114.94
 10
-78.6023
 20
114.94
 10
-78.6023
 20
110.11
 10
-79.3
 20
110.11
  0
LWPOLYLINE
100
AcDbEntity
  8
0
100
AcDbPolyline
 90
4
 70
1
 10
-104.94
 20
109.89
 10
-100.11
 20
109.89
 10
-100.11
 20
105.06
 10
-104.94
 20
105.06
  0
LWPOLYLINE
100
AcDbEntity
  8
0
100
AcDbPolyline
 90
4
 70
1
 10
-99.89
 20
109.89
 10
-95.06
 20
109.89
 10
-95.06
 20
105.06
 10
-99.89
 20
105.06
  0
LWPOLYLINE
100
AcDbEntity
  8
0
100
AcDbPolyline
 90
4
 70
1
 10
-94.94
 20
109.89
 10
-90.11
 20
109.89
 10
-90.11
 20
105.06
 10
-94.94
 20
105.06
  0
LWPOLYLINE
100
AcDbEntity
  8
0
100
AcDbPolyline
 90
4
 70
1
 10
-89.89
 20
109.89
 10
-85.06
 20
109.89
 10
-85.06
 20
105.06
 10
-89.89
 20
105.06
  0
LWPOLYLINE
100
AcDbEntity
  8
0
100
AcDbPolyline
 90
4
 70
1
 10
-84.94
 20
109.89
 10
-80.11
 20
109.89
 10
-80.11
 20
105.06
 10
-84.94
 20
105.06
  0
LWPOLYLINE
100
AcDbEntity
  8
0
100
AcDbPolyline
 90
4
 70
1
 10
-78.1523
 20
109.89
 10
-75.06
 20
109.89
 10
-75.06
 20
105.06
 10
-78.1523
 20
105.06
  0
LWPOLYLINE
100
AcDbEntity
  8
0
100
AcDbPolyline
 90
4
 70
1
 10
-74.94
 20
109.89
 10
-70.11
 20
109.89
 10
-70.11
 20
105.06
 10
-74.94
 20
105.06
  0
LWPOLYLINE
100
AcDbEntity
  8
0
100
AcDbPolyline
 90
4
 70
1
 10
-67.075
 20
109.89
 10
-65.06
 20
109.89
 10
-65.06
 20
105.06
 10
-67.075
 20
105.06
  0
LWPOLYLINE
100
AcDbEntity
  8
0
100
AcDbPolyline
 90
4
 70
1
 10
-64.94
 20
109.89
 10
-60.11
 20
109.89
 10
-60.11
 20
105.06
 10
-64.94
 20
105.06
  0
LWPOLYLINE
100
AcDbEntity
  8
0
100
AcDbPolyline
 90
4
 70
1
 10
-59.89
 20
109.89
 10
-55.06
 20
109.89
 10
-55.06
 20
105.06
 10
-59.89
 20
105.06
  0
LWPOLYLINE
100
AcDbEntity
  8
0
100
AcDbPolyline
 90
4
 70
1
 10
-54.94
 20
109.89
 10
-50.11
 20
109.89
 10
-50.11
 20
105.06
 10
-54.94
 20
105.06
  0
LWPOLYLINE
100
AcDbEntity
  8
0
100
AcDbPolyline
 90
4
 70
1
 10
-49.89
 20
109.89
 10
-45.06
 20
109.89
 10
-45.06
 20
105.06
 10
-49.89
 20
105.06
  0
LWPOLYLINE
100
AcDbEntity
  8
0
100
AcDbPolyline
 90
4
 70
1
 10
-44.94
 20
109.89
 10
-40.11
 20
109.89
 10
-40.11
 20
105.06
 10
-44.94
 20
105.06
  0
LWPOLYLINE
100
AcDbEntity
  8
0
100
AcDbPolyline
 90
4
 70
1
 10
-39.89
 20
109.89
 10
-35.06
 20
109.89
 10
-35.06
 20
105.06
 10
-39.89
 20
105.06
  0
LWPOLYLINE
100
AcDbEntity
  8
0
100
AcDbPolyline
 90
4
 70
1
 10
-34.94
 20
109.89
 10
-30.11
 20
109.89
 10
-30.11
 20
105.06
 10
-34.94
 20
105.06
  0
LWPOLYLINE
100
AcDbEntity
  8
0
100
AcDbPolyline
 90
4
 70
1
 10
-29.89
 20
109.89
 10
-25.06
 20
109.89
 10
-25.06
 20
105.06
 10
-29.89
 20
105.06
  0
LWPOLYLINE
100
AcDbEntity
  8
0
100
AcDbPolyline
 90
4
 70
1
 10
-24.94
 20
109.89
 10
-20.11
 20
109.89
 10
-20.11
 20
105.06
 10
-24.94
 20
105.06
  0
LWPOLYLINE
100
AcDbEntity
  8
0
100
AcDbPolyline
 90
4
 70
1
 10
-19.89
 20
109.89
 10
-15.06
 20
109.89
 10
-15.06
 20
105.06
 10
-19.89
 20
105.06
  0
LWPOLYLINE
100
AcDbEntity
  8
0
100
AcDbPolyline
 90
4
 70
1
 10
-14.94
 20
109.89
 10
-10.11
 20
109.89
 10
-10.11
 20
105.06
 10
-14.94
 20
105.06
  0
LWPOLYLINE
100
AcDbEntity
  8
0
100
AcDbPolyline
 90
4
 70
1
 10
-9.89
 20
109.89
 10
-5.06
 20
109.89
 10
-5.06
 20
105.06
 10
-9.89
 20
105.06
  0
LWPOLYLINE
100
AcDbEntity
  8
0
100
AcDbPolyline
 90
4
 70
1
 10
-4.94
 20
109.89
 10
-0.2
 20
109.89
 10
-0.2
 20
105.06
 10
-4.94
 20
105.06
  0
LWPOLYLINE
100
AcDbEntity
  8
0
100
AcDbPolyline
 90
4
 70
1
 10
0.2
 20
109.89
 10
4.94
 20
109.89
 10
4.94
 20
105.06
 10
0.2
 20
105.06
  0
LWPOLYLINE
100
AcDbEntity
  8
0
100
AcDbPolyline
 90
4
 70
1
 10
5.06
 20
109.89
 10
9.89
 20
109.89
 10
9.89
 20
105.06
 10
5.06
 20
105.06
  0
LWPOLYLINE
100
AcDbEntity
  8
0
100
AcDbPolyline
 90
4
 70
1
 10
10.11
 20
109.89
 10
14.94
 20
109.89
 10
14.94
 20
105.06
 10
10.11
 20
105.06
  0
LWPOLYLINE
100
AcDbEntity
  8
0
100
AcDbPolyline
 90
4
 70
1
 10
15.06
 20
109.89
 10
19.89
 20
109.89
 10
19.89
 20
105.06
 10
15.06
 20
105.06
  0
LWPOLYLINE
100
AcDbEntity
  8
0
100
AcDbPolyline
 90
4
 70
1
 10
20.11
 20
109.89
 10
24.94
 20
109.89
 10
24.94
 20
105.06
 10
20.11
 20
105.06
  0
LWPOLYLINE
100
AcDbEntity
  8
0
100
AcDbPolyline
 90
4
 70
1
 10
25.06
 20
109.89
 10
29.89
 20
109.89
 10
29.89
 20
105.06
 10
25.06
 20
105.06
  0
LWPOLYLINE
100
AcDbEntity
  8
0
100
AcDbPolyline
 90
4
 70
1
 10
30.11
 20
109.89
 10
34.94
 20
109.89
 10
34.94
 20
105.06
 10
30.11
 20
105.06
  0
LWPOLYLINE
100
AcDbEntity
  8
0
100
AcDbPolyline
 90
4
 70
1
 10
35.06
 20
109.89
 10
39.89
 20
109.89
 10
39.89
 20
105.06
 10
35.06
 20
105.06
  0
LWPOLYLINE
100
AcDbEntity
  8
0
100
AcDbPolyline
 90
4
 70
1
 10
40.11
 20
109.89
 10
44.94
 20
109.89
 10
44.94
 20
105.06
 10
40.11
 20
105.06
  0
LWPOLYLINE
100
AcDbEntity
  8
0
100
AcDbPolyline
 90
4
 70
1
 10
45.06
 20
109.89
 10
49.89
 20
109.89
 10
49.89
 20
105.06
 10
45.06
 20
105.06
  0
LWPOLYLINE
100
AcDbEntity
  8
0
100
AcDbPolyline
 90
4
 70
1
 10
50.11
 20
109.89
 10
54.94
 20
109.89
 10
54.94
 20
105.06
 10
50.11
 20
105.06
  0
LWPOLYLINE
100
AcDbEntity
  8
0
100
AcDbPolyline
 90
4
 70
1
 10
55.06
 20
109.89
 10
59.89
 20
109.89
 10
59.89
 20
105.06
 10
55.06
 20
105.06
  0
LWPOLYLINE
100
AcDbEntity
  8
0
100
AcDbPolyline
 90
4
 70
1
 10
60.11
 20
109.89
 10
64.94
 20
109.89
 10
64.94
 20
105.06
 10
60.11
 20
105.06
  0
LWPOLYLINE
100
AcDbEntity
  8
0
100
AcDbPolyline
 90
4
 70
1
 10
67.625
 20
109.89
 10
69.89
 20
109.89
 10
69.89
 20
105.06
 10
67.625
 20
105.06
  0
LWPOLYLINE
100
AcDbEntity
  8
0
100
AcDbPolyline
 90
4
 70
1
 10
70.11
 20
109.89
 10
74.94
 20
109.89
 10
74.94
 20
105.06
 10
70.11
 20
105.06
  0
LWPOLYLINE
100
AcDbEntity
  8
0
100
AcDbPolyline
 90
4
 70
1
 10
80.11
 20
109.89
 10
84.94
 20
109.89
 10
84.94
 20
105.06
 10
80.11
 20
105.06
  0
LWPOLYLINE
100
AcDbEntity
  8
0
100
AcDbPolyline
 90
4
 70
1
 10
85.06
 20
109.89
 10
89.89
 20
109.89
 10
89.89
 20
105.06
 10
85.06
 20
105.06
  0
LWPOLYLINE
100
AcDbEntity
  8
0
100
AcDbPolyline
 90
4
 70
1
 10
90.11
 20
109.89
 10
94.94
 20
109.89
 10
94.94
 20
105.06
 10
90.11
 20
105.06
  0
LWPOLYLINE
100
AcDbEntity
  8
0
100
AcDbPolyline
 90
4
 70
1
 10
95.06
 20
109.89
 10
99.89
 20
109.89
 10
99.89
 20
105.06
 10
95.06
 20
105.06
  0
LWPOLYLINE
100
AcDbEntity
  8
0
100
AcDbPolyline
 90
4
 70
1
 10
100.11
 20
109.89
 10
104.94
 20
109.89
 10
104.94
 20
105.06
 10
100.11
 20
105.06
  0
LWPOLYLINE
100
AcDbEntity
  8
0
100
AcDbPolyline
 90
4
 70
1
 10
78.6023
 20
109.89
 10
79.3
 20
109.89
 10
79.3
 20
105.06
 10
78.6023
 20
105.06
  0
LWPOLYLINE
100
AcDbEntity
  8
0
100
AcDbPolyline
 90
4
 70
1
 10
75.06
 20
109.89
 10
78.1523
 20
109.89
 10
78.1523
 20
105.06
 10
75.06
 20
105.06
  0
LWPOLYLINE
100
AcDbEntity
  8
0
100
AcDbPolyline
 90
4
 70
1
 10
65.06
 20
109.89
 10
67.075
 20
109.89
 10
67.075
 20
105.06
 10
65.06
 20
105.06
  0
LWPOLYLINE
100
AcDbEntity
  8
0
100
AcDbPolyline
 90
4
 70
1
 10
-69.89
 20
109.89
 10
-67.625
 20
109.89
 10
-67.625
 20
105.06
 10
-69.89
 20
105.06
  0
LWPOLYLINE
100
AcDbEntity
  8
0
100
AcDbPolyline
 90
4
 70
1
 10
-79.3
 20
109.89
 10
-78.6023
 20
109.89
 10
-78.6023
 20
105.06
 10
-79.3
 20
105.06
  0
LWPOLYLINE
100
AcDbEntity
  8
0
100
AcDbPolyline
 90
4
 70
1
 10
-104.94
 20
104.94
 10
-100.11
 20
104.94
 10
-100.11
 20
100.11
 10
-104.94
 20
100.11
  0
LWPOLYLINE
100
AcDbEntity
  8
0
100
AcDbPolyline
 90
4
 70
1
 10
-99.89
 20
104.94
 10
-95.06
 20
104.94
 10
-95.06
 20
100.11
 10
-99.89
 20
100.11
  0
LWPOLYLINE
100
AcDbEntity
  8
0
100
AcDbPolyline
 90
4
 70
1
 10
-94.94
 20
104.94
 10
-90.11
 20
104.94
 10
-90.11
 20
100.11
 10
-94.94
 20
100.11
  0
LWPOLYLINE
100
AcDbEntity
  8
0
100
AcDbPolyline
 90
4
 70
1
 10
-89.89
 20
104.94
 10
-85.06
 20
104.94
 10
-85.06
 20
100.11
 10
-89.89
 20
100.11
  0
LWPOLYLINE
100
AcDbEntity
  8
0
100
AcDbPolyline
 90
4
 70
1
 10
-84.94
 20
104.94
 10
-80.11
 20
104.94
 10
-80.11
 20
100.11
 10
-84.94
 20
100.11
  0
LWPOLYLINE
100
AcDbEntity
  8
0
100
AcDbPolyline
 90
4
 70
1
 10
-78.1523
 20
104.94
 10
-75.06
 20
104.94
 10
-75.06
 20
100.11
 10
-78.1523
 20
100.11
  0
LWPOLYLINE
100
AcDbEntity
  8
0
100
AcDbPolyline
 90
4
 70
1
 10
-74.94
 20
104.94
 10
-70.11
 20
104.94
 10
-70.11
 20
100.11
 10
-74.94
 20
100.11
  0
LWPOLYLINE
100
AcDbEntity
  8
0
100
AcDbPolyline
 90
4
 70
1
 10
-67.075
 20
104.94
 10
-65.06
 20
104.94
 10
-65.06
 20
100.11
 10
-67.075
 20
100.11
  0
LWPOLYLINE
100
AcDbEntity
  8
0
100
AcDbPolyline
 90
4
 70
1
 10
-64.94
 20
104.94
 10
-60.11
 20
104.94
 10
-60.11
 20
100.11
 10
-64.94
 20
100.11
  0
LWPOLYLINE
100
AcDbEntity
  8
0
100
AcDbPolyline
 90
4
 70
1
 10
-59.89
 20
104.94
 10
-55.06
 20
104.94
 10
-55.06
 20
100.11
 10
-59.89
 20
100.11
  0
LWPOLYLINE
100
AcDbEntity
  8
0
100
AcDbPolyline
 90
4
 70
1
 10
-54.94
 20
104.94
 10
-50.11
 20
104.94
 10
-50.11
 20
100.11
 10
-54.94
 20
100.11
  0
LWPOLYLINE
100
AcDbEntity
  8
0
100
AcDbPolyline
 90
4
 70
1
 10
-49.89
 20
104.94
 10
-45.06
 20
104.94
 10
-45.06
 20
100.11
 10
-49.89
 20
100.11
  0
LWPOLYLINE
100
AcDbEntity
  8
0
100
AcDbPolyline
 90
4
 70
1
 10
-44.94
 20
104.94
 10
-40.11
 20
104.94
 10
-40.11
 20
100.11
 10
-44.94
 20
100.11
  0
LWPOLYLINE
100
AcDbEntity
  8
0
100
AcDbPolyline
 90
4
 70
1
 10
-39.89
 20
104.94
 10
-35.06
 20
104.94
 10
-35.06
 20
100.11
 10
-39.89
 20
100.11
  0
LWPOLYLINE
100
AcDbEntity
  8
0
100
AcDbPolyline
 90
4
 70
1
 10
-34.94
 20
104.94
 10
-30.11
 20
104.94
 10
-30.11
 20
100.11
 10
-34.94
 20
100.11
  0
LWPOLYLINE
100
AcDbEntity
  8
0
100
AcDbPolyline
 90
4
 70
1
 10
-29.89
 20
104.94
 10
-25.06
 20
104.94
 10
-25.06
 20
100.11
 10
-29.89
 20
100.11
  0
LWPOLYLINE
100
AcDbEntity
  8
0
100
AcDbPolyline
 90
4
 70
1
 10
-24.94
 20
104.94
 10
-20.11
 20
104.94
 10
-20.11
 20
100.11
 10
-24.94
 20
100.11
  0
LWPOLYLINE
100
AcDbEntity
  8
0
100
AcDbPolyline
 90
4
 70
1
 10
-19.89
 20
104.94
 10
-15.06
 20
104.94
 10
-15.06
 20
100.11
 10
-19.89
 20
100.11
  0
LWPOLYLINE
100
AcDbEntity
  8
0
100
AcDbPolyline
 90
4
 70
1
 10
-14.94
 20
104.94
 10
-10.11
 20
104.94
 10
-10.11
 20
100.11
 10
-14.94
 20
100.11
  0
LWPOLYLINE
100
AcDbEntity
  8
0
100
AcDbPolyline
 90
4
 70
1
 10
-9.89
 20
104.94
 10
-5.06
 20
104.94
 10
-5.06
 20
100.11
 10
-9.89
 20
100.11
  0
LWPOLYLINE
100
AcDbEntity
  8
0
100
AcDbPolyline
 90
4
 70
1
 10
-4.94
 20
104.94
 10
-0.2
 20
104.94
 10
-0.2
 20
100.11
 10
-4.94
 20
100.11
  0
LWPOLYLINE
100
AcDbEntity
  8
0
100
AcDbPolyline
 90
4
 70
1
 10
0.2
 20
104.94
 10
4.94
 20
104.94
 10
4.94
 20
100.11
 10
0.2
 20
100.11
  0
LWPOLYLINE
100
AcDbEntity
  8
0
100
AcDbPolyline
 90
4
 70
1
 10
5.06
 20
104.94
 10
9.89
 20
104.94
 10
9.89
 20
100.11
 10
5.06
 20
100.11
  0
LWPOLYLINE
100
AcDbEntity
  8
0
100
AcDbPolyline
 90
4
 70
1
 10
10.11
 20
104.94
 10
14.94
 20
104.94
 10
14.94
 20
100.11
 10
10.11
 20
100.11
  0
LWPOLYLINE
100
AcDbEntity
  8
0
100
AcDbPolyline
 90
4
 70
1
 10
15.06
 20
104.94
 10
19.89
 20
104.94
 10
19.89
 20
100.11
 10
15.06
 20
100.11
  0
LWPOLYLINE
100
AcDbEntity
  8
0
100
AcDbPolyline
 90
4
 70
1
 10
20.11
 20
104.94
 10
24.94
 20
104.94
 10
24.94
 20
100.11
 10
20.11
 20
100.11
  0
LWPOLYLINE
100
AcDbEntity
  8
0
100
AcDbPolyline
 90
4
 70
1
 10
25.06
 20
104.94
 10
29.89
 20
104.94
 10
29.89
 20
100.11
 10
25.06
 20
100.11
  0
LWPOLYLINE
100
AcDbEntity
  8
0
100
AcDbPolyline
 90
4
 70
1
 10
30.11
 20
104.94
 10
34.94
 20
104.94
 10
34.94
 20
100.11
 10
30.11
 20
100.11
  0
LWPOLYLINE
100
AcDbEntity
  8
0
100
AcDbPolyline
 90
4
 70
1
 10
35.06
 20
104.94
 10
39.89
 20
104.94
 10
39.89
 20
100.11
 10
35.06
 20
100.11
  0
LWPOLYLINE
100
AcDbEntity
  8
0
100
AcDbPolyline
 90
4
 70
1
 10
40.11
 20
104.94
 10
44.94
 20
104.94
 10
44.94
 20
100.11
 10
40.11
 20
100.11
  0
LWPOLYLINE
100
AcDbEntity
  8
0
100
AcDbPolyline
 90
4
 70
1
 10
45.06
 20
104.94
 10
49.89
 20
104.94
 10
49.89
 20
100.11
 10
45.06
 20
100.11
  0
LWPOLYLINE
100
AcDbEntity
  8
0
100
AcDbPolyline
 90
4
 70
1
 10
50.11
 20
104.94
 10
54.94
 20
104.94
 10
54.94
 20
100.11
 10
50.11
 20
100.11
  0
LWPOLYLINE
100
AcDbEntity
  8
0
100
AcDbPolyline
 90
4
 70
1
 10
55.06
 20
104.94
 10
59.89
 20
104.94
 10
59.89
 20
100.11
 10
55.06
 20
100.11
  0
LWPOLYLINE
100
AcDbEntity
  8
0
100
AcDbPolyline
 90
4
 70
1
 10
60.11
 20
104.94
 10
64.94
 20
104.94
 10
64.94
 20
100.11
 10
60.11
 20
100.11
  0
LWPOLYLINE
100
AcDbEntity
  8
0
100
AcDbPolyline
 90
4
 70
1
 10
67.625
 20
104.94
 10
69.89
 20
104.94
 10
69.89
 20
100.11
 10
67.625
 20
100.11
  0
LWPOLYLINE
100
AcDbEntity
  8
0
100
AcDbPolyline
 90
4
 70
1
 10
70.11
 20
104.94
 10
74.94
 20
104.94
 10
74.94
 20
100.11
 10
70.11
 20
100.11
  0
LWPOLYLINE
100
AcDbEntity
  8
0
100
AcDbPolyline
 90
4
 70
1
 10
80.11
 20
104.94
 10
84.94
 20
104.94
 10
84.94
 20
100.11
 10
80.11
 20
100.11
  0
LWPOLYLINE
100
AcDbEntity
  8
0
100
AcDbPolyline
 90
4
 70
1
 10
85.06
 20
104.94
 10
89.89
 20
104.94
 10
89.89
 20
100.11
 10
85.06
 20
100.11
  0
LWPOLYLINE
100
AcDbEntity
  8
0
100
AcDbPolyline
 90
4
 70
1
 10
90.11
 20
104.94
 10
94.94
 20
104.94
 10
94.94
 20
100.11
 10
90.11
 20
100.11
  0
LWPOLYLINE
100
AcDbEntity
  8
0
100
AcDbPolyline
 90
4
 70
1
 10
95.06
 20
104.94
 10
99.89
 20
104.94
 10
99.89
 20
100.11
 10
95.06
 20
100.11
  0
LWPOLYLINE
100
AcDbEntity
  8
0
100
AcDbPolyline
 90
4
 70
1
 10
100.11
 20
104.94
 10
104.94
 20
104.94
 10
104.94
 20
100.11
 10
100.11
 20
100.11
  0
LWPOLYLINE
100
AcDbEntity
  8
0
100
AcDbPolyline
 90
4
 70
1
 10
78.6023
 20
104.94
 10
79.3
 20
104.94
 10
79.3
 20
100.11
 10
78.6023
 20
100.11
  0
LWPOLYLINE
100
AcDbEntity
  8
0
100
AcDbPolyline
 90
4
 70
1
 10
75.06
 20
104.94
 10
78.1523
 20
104.94
 10
78.1523
 20
100.11
 10
75.06
 20
100.11
  0
LWPOLYLINE
100
AcDbEntity
  8
0
100
AcDbPolyline
 90
4
 70
1
 10
65.06
 20
104.94
 10
67.075
 20
104.94
 10
67.075
 20
100.11
 10
65.06
 20
100.11
  0
LWPOLYLINE
100
AcDbEntity
  8
0
100
AcDbPolyline
 90
4
 70
1
 10
-69.89
 20
104.94
 10
-67.625
 20
104.94
 10
-67.625
 20
100.11
 10
-69.89
 20
100.11
  0
LWPOLYLINE
100
AcDbEntity
  8
0
100
AcDbPolyline
 90
4
 70
1
 10
-79.3
 20
104.94
 10
-78.6023
 20
104.94
 10
-78.6023
 20
100.11
 10
-79.3
 20
100.11
  0
LWPOLYLINE
100
AcDbEntity
  8
0
100
AcDbPolyline
 90
4
 70
1
 10
-104.94
 20
99.89
 10
-100.11
 20
99.89
 10
-100.11
 20
95.06
 10
-104.94
 20
95.06
  0
LWPOLYLINE
100
AcDbEntity
  8
0
100
AcDbPolyline
 90
4
 70
1
 10
-99.89
 20
99.89
 10
-95.06
 20
99.89
 10
-95.06
 20
95.06
 10
-99.89
 20
95.06
  0
LWPOLYLINE
100
AcDbEntity
  8
0
100
AcDbPolyline
 90
4
 70
1
 10
-94.94
 20
99.89
 10
-90.11
 20
99.89
 10
-90.11
 20
95.06
 10
-94.94
 20
95.06
  0
LWPOLYLINE
100
AcDbEntity
  8
0
100
AcDbPolyline
 90
4
 70
1
 10
-89.89
 20
99.89
 10
-85.06
 20
99.89
 10
-85.06
 20
95.06
 10
-89.89
 20
95.06
  0
LWPOLYLINE
100
AcDbEntity
  8
0
100
AcDbPolyline
 90
4
 70
1
 10
-84.94
 20
99.89
 10
-80.11
 20
99.89
 10
-80.11
 20
95.06
 10
-84.94
 20
95.06
  0
LWPOLYLINE
100
AcDbEntity
  8
0
100
AcDbPolyline
 90
4
 70
1
 10
-78.1523
 20
99.89
 10
-75.06
 20
99.89
 10
-75.06
 20
95.06
 10
-78.1523
 20
95.06
  0
LWPOLYLINE
100
AcDbEntity
  8
0
100
AcDbPolyline
 90
4
 70
1
 10
-74.94
 20
99.89
 10
-70.11
 20
99.89
 10
-70.11
 20
95.06
 10
-74.94
 20
95.06
  0
LWPOLYLINE
100
AcDbEntity
  8
0
100
AcDbPolyline
 90
4
 70
1
 10
-67.075
 20
99.89
 10
-65.06
 20
99.89
 10
-65.06
 20
95.06
 10
-67.075
 20
95.06
  0
LWPOLYLINE
100
AcDbEntity
  8
0
100
AcDbPolyline
 90
4
 70
1
 10
-64.94
 20
99.89
 10
-60.11
 20
99.89
 10
-60.11
 20
95.06
 10
-64.94
 20
95.06
  0
LWPOLYLINE
100
AcDbEntity
  8
0
100
AcDbPolyline
 90
4
 70
1
 10
-59.89
 20
99.89
 10
-55.06
 20
99.89
 10
-55.06
 20
95.06
 10
-59.89
 20
95.06
  0
LWPOLYLINE
100
AcDbEntity
  8
0
100
AcDbPolyline
 90
4
 70
1
 10
-54.94
 20
99.89
 10
-50.11
 20
99.89
 10
-50.11
 20
95.06
 10
-54.94
 20
95.06
  0
LWPOLYLINE
100
AcDbEntity
  8
0
100
AcDbPolyline
 90
4
 70
1
 10
-49.89
 20
99.89
 10
-45.06
 20
99.89
 10
-45.06
 20
95.06
 10
-49.89
 20
95.06
  0
LWPOLYLINE
100
AcDbEntity
  8
0
100
AcDbPolyline
 90
4
 70
1
 10
-44.94
 20
99.89
 10
-40.11
 20
99.89
 10
-40.11
 20
95.06
 10
-44.94
 20
95.06
  0
LWPOLYLINE
100
AcDbEntity
  8
0
100
AcDbPolyline
 90
4
 70
1
 10
-39.89
 20
99.89
 10
-35.06
 20
99.89
 10
-35.06
 20
95.06
 10
-39.89
 20
95.06
  0
LWPOLYLINE
100
AcDbEntity
  8
0
100
AcDbPolyline
 90
4
 70
1
 10
-34.94
 20
99.89
 10
-30.11
 20
99.89
 10
-30.11
 20
95.06
 10
-34.94
 20
95.06
  0
LWPOLYLINE
100
AcDbEntity
  8
0
100
AcDbPolyline
 90
4
 70
1
 10
-29.89
 20
99.89
 10
-25.06
 20
99.89
 10
-25.06
 20
95.06
 10
-29.89
 20
95.06
  0
LWPOLYLINE
100
AcDbEntity
  8
0
100
AcDbPolyline
 90
4
 70
1
 10
-24.94
 20
99.89
 10
-20.11
 20
99.89
 10
-20.11
 20
95.06
 10
-24.94
 20
95.06
  0
LWPOLYLINE
100
AcDbEntity
  8
0
100
AcDbPolyline
 90
4
 70
1
 10
-19.89
 20
99.89
 10
-15.06
 20
99.89
 10
-15.06
 20
95.06
 10
-19.89
 20
95.06
  0
LWPOLYLINE
100
AcDbEntity
  8
0
100
AcDbPolyline
 90
4
 70
1
 10
-14.94
 20
99.89
 10
-10.11
 20
99.89
 10
-10.11
 20
95.06
 10
-14.94
 20
95.06
  0
LWPOLYLINE
100
AcDbEntity
  8
0
100
AcDbPolyline
 90
4
 70
1
 10
-9.89
 20
99.89
 10
-5.06
 20
99.89
 10
-5.06
 20
95.06
 10
-9.89
 20
95.06
  0
LWPOLYLINE
100
AcDbEntity
  8
0
100
AcDbPolyline
 90
4
 70
1
 10
-4.94
 20
99.89
 10
-0.2
 20
99.89
 10
-0.2
 20
95.06
 10
-4.94
 20
95.06
  0
LWPOLYLINE
100
AcDbEntity
  8
0
100
AcDbPolyline
 90
4
 70
1
 10
0.2
 20
99.89
 10
4.94
 20
99.89
 10
4.94
 20
95.06
 10
0.2
 20
95.06
  0
LWPOLYLINE
100
AcDbEntity
  8
0
100
AcDbPolyline
 90
4
 70
1
 10
5.06
 20
99.89
 10
9.89
 20
99.89
 10
9.89
 20
95.06
 10
5.06
 20
95.06
  0
LWPOLYLINE
100
AcDbEntity
  8
0
100
AcDbPolyline
 90
4
 70
1
 10
10.11
 20
99.89
 10
14.94
 20
99.89
 10
14.94
 20
95.06
 10
10.11
 20
95.06
  0
LWPOLYLINE
100
AcDbEntity
  8
0
100
AcDbPolyline
 90
4
 70
1
 10
15.06
 20
99.89
 10
19.89
 20
99.89
 10
19.89
 20
95.06
 10
15.06
 20
95.06
  0
LWPOLYLINE
100
AcDbEntity
  8
0
100
AcDbPolyline
 90
4
 70
1
 10
20.11
 20
99.89
 10
24.94
 20
99.89
 10
24.94
 20
95.06
 10
20.11
 20
95.06
  0
LWPOLYLINE
100
AcDbEntity
  8
0
100
AcDbPolyline
 90
4
 70
1
 10
25.06
 20
99.89
 10
29.89
 20
99.89
 10
29.89
 20
95.06
 10
25.06
 20
95.06
  0
LWPOLYLINE
100
AcDbEntity
  8
0
100
AcDbPolyline
 90
4
 70
1
 10
30.11
 20
99.89
 10
34.94
 20
99.89
 10
34.94
 20
95.06
 10
30.11
 20
95.06
  0
LWPOLYLINE
100
AcDbEntity
  8
0
100
AcDbPolyline
 90
4
 70
1
 10
35.06
 20
99.89
 10
39.89
 20
99.89
 10
39.89
 20
95.06
 10
35.06
 20
95.06
  0
LWPOLYLINE
100
AcDbEntity
  8
0
100
AcDbPolyline
 90
4
 70
1
 10
40.11
 20
99.89
 10
44.94
 20
99.89
 10
44.94
 20
95.06
 10
40.11
 20
95.06
  0
LWPOLYLINE
100
AcDbEntity
  8
0
100
AcDbPolyline
 90
4
 70
1
 10
45.06
 20
99.89
 10
49.89
 20
99.89
 10
49.89
 20
95.06
 10
45.06
 20
95.06
  0
LWPOLYLINE
100
AcDbEntity
  8
0
100
AcDbPolyline
 90
4
 70
1
 10
50.11
 20
99.89
 10
54.94
 20
99.89
 10
54.94
 20
95.06
 10
50.11
 20
95.06
  0
LWPOLYLINE
100
AcDbEntity
  8
0
100
AcDbPolyline
 90
4
 70
1
 10
55.06
 20
99.89
 10
59.89
 20
99.89
 10
59.89
 20
95.06
 10
55.06
 20
95.06
  0
LWPOLYLINE
100
AcDbEntity
  8
0
100
AcDbPolyline
 90
4
 70
1
 10
60.11
 20
99.89
 10
64.94
 20
99.89
 10
64.94
 20
95.06
 10
60.11
 20
95.06
  0
LWPOLYLINE
100
AcDbEntity
  8
0
100
AcDbPolyline
 90
4
 70
1
 10
67.625
 20
99.89
 10
69.89
 20
99.89
 10
69.89
 20
95.06
 10
67.625
 20
95.06
  0
LWPOLYLINE
100
AcDbEntity
  8
0
100
AcDbPolyline
 90
4
 70
1
 10
70.11
 20
99.89
 10
74.94
 20
99.89
 10
74.94
 20
95.06
 10
70.11
 20
95.06
  0
LWPOLYLINE
100
AcDbEntity
  8
0
100
AcDbPolyline
 90
4
 70
1
 10
80.11
 20
99.89
 10
84.94
 20
99.89
 10
84.94
 20
95.06
 10
80.11
 20
95.06
  0
LWPOLYLINE
100
AcDbEntity
  8
0
100
AcDbPolyline
 90
4
 70
1
 10
85.06
 20
99.89
 10
89.89
 20
99.89
 10
89.89
 20
95.06
 10
85.06
 20
95.06
  0
LWPOLYLINE
100
AcDbEntity
  8
0
100
AcDbPolyline
 90
4
 70
1
 10
90.11
 20
99.89
 10
94.94
 20
99.89
 10
94.94
 20
95.06
 10
90.11
 20
95.06
  0
LWPOLYLINE
100
AcDbEntity
  8
0
100
AcDbPolyline
 90
4
 70
1
 10
95.06
 20
99.89
 10
99.89
 20
99.89
 10
99.89
 20
95.06
 10
95.06
 20
95.06
  0
LWPOLYLINE
100
AcDbEntity
  8
0
100
AcDbPolyline
 90
4
 70
1
 10
100.11
 20
99.89
 10
104.94
 20
99.89
 10
104.94
 20
95.06
 10
100.11
 20
95.06
  0
LWPOLYLINE
100
AcDbEntity
  8
0
100
AcDbPolyline
 90
4
 70
1
 10
78.6023
 20
99.89
 10
79.3
 20
99.89
 10
79.3
 20
95.06
 10
78.6023
 20
95.06
  0
LWPOLYLINE
100
AcDbEntity
  8
0
100
AcDbPolyline
 90
4
 70
1
 10
75.06
 20
99.89
 10
78.1523
 20
99.89
 10
78.1523
 20
95.06
 10
75.06
 20
95.06
  0
LWPOLYLINE
100
AcDbEntity
  8
0
100
AcDbPolyline
 90
4
 70
1
 10
65.06
 20
99.89
 10
67.075
 20
99.89
 10
67.075
 20
95.06
 10
65.06
 20
95.06
  0
LWPOLYLINE
100
AcDbEntity
  8
0
100
AcDbPolyline
 90
4
 70
1
 10
-69.89
 20
99.89
 10
-67.625
 20
99.89
 10
-67.625
 20
95.06
 10
-69.89
 20
95.06
  0
LWPOLYLINE
100
AcDbEntity
  8
0
100
AcDbPolyline
 90
4
 70
1
 10
-79.3
 20
99.89
 10
-78.6023
 20
99.89
 10
-78.6023
 20
95.06
 10
-79.3
 20
95.06
  0
LWPOLYLINE
100
AcDbEntity
  8
0
100
AcDbPolyline
 90
4
 70
1
 10
-104.94
 20
94.94
 10
-100.11
 20
94.94
 10
-100.11
 20
90.11
 10
-104.94
 20
90.11
  0
LWPOLYLINE
100
AcDbEntity
  8
0
100
AcDbPolyline
 90
4
 70
1
 10
-99.89
 20
94.94
 10
-95.06
 20
94.94
 10
-95.06
 20
90.11
 10
-99.89
 20
90.11
  0
LWPOLYLINE
100
AcDbEntity
  8
0
100
AcDbPolyline
 90
4
 70
1
 10
-94.94
 20
94.94
 10
-90.11
 20
94.94
 10
-90.11
 20
90.11
 10
-94.94
 20
90.11
  0
LWPOLYLINE
100
AcDbEntity
  8
0
100
AcDbPolyline
 90
4
 70
1
 10
-89.89
 20
94.94
 10
-85.06
 20
94.94
 10
-85.06
 20
90.11
 10
-89.89
 20
90.11
  0
LWPOLYLINE
100
AcDbEntity
  8
0
100
AcDbPolyline
 90
4
 70
1
 10
-84.94
 20
94.94
 10
-80.11
 20
94.94
 10
-80.11
 20
90.11
 10
-84.94
 20
90.11
  0
LWPOLYLINE
100
AcDbEntity
  8
0
100
AcDbPolyline
 90
4
 70
1
 10
-78.1523
 20
94.94
 10
-75.06
 20
94.94
 10
-75.06
 20
90.11
 10
-78.1523
 20
90.11
  0
LWPOLYLINE
100
AcDbEntity
  8
0
100
AcDbPolyline
 90
4
 70
1
 10
-74.94
 20
94.94
 10
-70.11
 20
94.94
 10
-70.11
 20
90.11
 10
-74.94
 20
90.11
  0
LWPOLYLINE
100
AcDbEntity
  8
0
100
AcDbPolyline
 90
4
 70
1
 10
-67.075
 20
94.94
 10
-65.06
 20
94.94
 10
-65.06
 20
90.11
 10
-67.075
 20
90.11
  0
LWPOLYLINE
100
AcDbEntity
  8
0
100
AcDbPolyline
 90
4
 70
1
 10
-64.94
 20
94.94
 10
-60.11
 20
94.94
 10
-60.11
 20
90.11
 10
-64.94
 20
90.11
  0
LWPOLYLINE
100
AcDbEntity
  8
0
100
AcDbPolyline
 90
4
 70
1
 10
-59.89
 20
94.94
 10
-55.06
 20
94.94
 10
-55.06
 20
90.11
 10
-59.89
 20
90.11
  0
LWPOLYLINE
100
AcDbEntity
  8
0
100
AcDbPolyline
 90
4
 70
1
 10
-54.94
 20
94.94
 10
-50.11
 20
94.94
 10
-50.11
 20
90.11
 10
-54.94
 20
90.11
  0
LWPOLYLINE
100
AcDbEntity
  8
0
100
AcDbPolyline
 90
4
 70
1
 10
-49.89
 20
94.94
 10
-45.06
 20
94.94
 10
-45.06
 20
90.11
 10
-49.89
 20
90.11
  0
LWPOLYLINE
100
AcDbEntity
  8
0
100
AcDbPolyline
 90
4
 70
1
 10
-44.94
 20
94.94
 10
-40.11
 20
94.94
 10
-40.11
 20
90.11
 10
-44.94
 20
90.11
  0
LWPOLYLINE
100
AcDbEntity
  8
0
100
AcDbPolyline
 90
4
 70
1
 10
-39.89
 20
94.94
 10
-35.06
 20
94.94
 10
-35.06
 20
90.11
 10
-39.89
 20
90.11
  0
LWPOLYLINE
100
AcDbEntity
  8
0
100
AcDbPolyline
 90
4
 70
1
 10
-34.94
 20
94.94
 10
-30.11
 20
94.94
 10
-30.11
 20
90.11
 10
-34.94
 20
90.11
  0
LWPOLYLINE
100
AcDbEntity
  8
0
100
AcDbPolyline
 90
4
 70
1
 10
-29.89
 20
94.94
 10
-25.06
 20
94.94
 10
-25.06
 20
90.11
 10
-29.89
 20
90.11
  0
LWPOLYLINE
100
AcDbEntity
  8
0
100
AcDbPolyline
 90
4
 70
1
 10
-24.94
 20
94.94
 10
-20.11
 20
94.94
 10
-20.11
 20
90.11
 10
-24.94
 20
90.11
  0
LWPOLYLINE
100
AcDbEntity
  8
0
100
AcDbPolyline
 90
4
 70
1
 10
-19.89
 20
94.94
 10
-15.06
 20
94.94
 10
-15.06
 20
90.11
 10
-19.89
 20
90.11
  0
LWPOLYLINE
100
AcDbEntity
  8
0
100
AcDbPolyline
 90
4
 70
1
 10
-14.94
 20
94.94
 10
-10.11
 20
94.94
 10
-10.11
 20
90.11
 10
-14.94
 20
90.11
  0
LWPOLYLINE
100
AcDbEntity
  8
0
100
AcDbPolyline
 90
4
 70
1
 10
-9.89
 20
94.94
 10
-5.06
 20
94.94
 10
-5.06
 20
90.11
 10
-9.89
 20
90.11
  0
LWPOLYLINE
100
AcDbEntity
  8
0
100
AcDbPolyline
 90
4
 70
1
 10
-4.94
 20
94.94
 10
-0.2
 20
94.94
 10
-0.2
 20
90.11
 10
-4.94
 20
90.11
  0
LWPOLYLINE
100
AcDbEntity
  8
0
100
AcDbPolyline
 90
4
 70
1
 10
0.2
 20
94.94
 10
4.94
 20
94.94
 10
4.94
 20
90.11
 10
0.2
 20
90.11
  0
LWPOLYLINE
100
AcDbEntity
  8
0
100
AcDbPolyline
 90
4
 70
1
 10
5.06
 20
94.94
 10
9.89
 20
94.94
 10
9.89
 20
90.11
 10
5.06
 20
90.11
  0
LWPOLYLINE
100
AcDbEntity
  8
0
100
AcDbPolyline
 90
4
 70
1
 10
10.11
 20
94.94
 10
14.94
 20
94.94
 10
14.94
 20
90.11
 10
10.11
 20
90.11
  0
LWPOLYLINE
100
AcDbEntity
  8
0
100
AcDbPolyline
 90
4
 70
1
 10
15.06
 20
94.94
 10
19.89
 20
94.94
 10
19.89
 20
90.11
 10
15.06
 20
90.11
  0
LWPOLYLINE
100
AcDbEntity
  8
0
100
AcDbPolyline
 90
4
 70
1
 10
20.11
 20
94.94
 10
24.94
 20
94.94
 10
24.94
 20
90.11
 10
20.11
 20
90.11
  0
LWPOLYLINE
100
AcDbEntity
  8
0
100
AcDbPolyline
 90
4
 70
1
 10
25.06
 20
94.94
 10
29.89
 20
94.94
 10
29.89
 20
90.11
 10
25.06
 20
90.11
  0
LWPOLYLINE
100
AcDbEntity
  8
0
100
AcDbPolyline
 90
4
 70
1
 10
30.11
 20
94.94
 10
34.94
 20
94.94
 10
34.94
 20
90.11
 10
30.11
 20
90.11
  0
LWPOLYLINE
100
AcDbEntity
  8
0
100
AcDbPolyline
 90
4
 70
1
 10
35.06
 20
94.94
 10
39.89
 20
94.94
 10
39.89
 20
90.11
 10
35.06
 20
90.11
  0
LWPOLYLINE
100
AcDbEntity
  8
0
100
AcDbPolyline
 90
4
 70
1
 10
40.11
 20
94.94
 10
44.94
 20
94.94
 10
44.94
 20
90.11
 10
40.11
 20
90.11
  0
LWPOLYLINE
100
AcDbEntity
  8
0
100
AcDbPolyline
 90
4
 70
1
 10
45.06
 20
94.94
 10
49.89
 20
94.94
 10
49.89
 20
90.11
 10
45.06
 20
90.11
  0
LWPOLYLINE
100
AcDbEntity
  8
0
100
AcDbPolyline
 90
4
 70
1
 10
50.11
 20
94.94
 10
54.94
 20
94.94
 10
54.94
 20
90.11
 10
50.11
 20
90.11
  0
LWPOLYLINE
100
AcDbEntity
  8
0
100
AcDbPolyline
 90
4
 70
1
 10
55.06
 20
94.94
 10
59.89
 20
94.94
 10
59.89
 20
90.11
 10
55.06
 20
90.11
  0
LWPOLYLINE
100
AcDbEntity
  8
0
100
AcDbPolyline
 90
4
 70
1
 10
60.11
 20
94.94
 10
64.94
 20
94.94
 10
64.94
 20
90.11
 10
60.11
 20
90.11
  0
LWPOLYLINE
100
AcDbEntity
  8
0
100
AcDbPolyline
 90
4
 70
1
 10
67.625
 20
94.94
 10
69.89
 20
94.94
 10
69.89
 20
90.11
 10
67.625
 20
90.11
  0
LWPOLYLINE
100
AcDbEntity
  8
0
100
AcDbPolyline
 90
4
 70
1
 10
70.11
 20
94.94
 10
74.94
 20
94.94
 10
74.94
 20
90.11
 10
70.11
 20
90.11
  0
LWPOLYLINE
100
AcDbEntity
  8
0
100
AcDbPolyline
 90
4
 70
1
 10
80.11
 20
94.94
 10
84.94
 20
94.94
 10
84.94
 20
90.11
 10
80.11
 20
90.11
  0
LWPOLYLINE
100
AcDbEntity
  8
0
100
AcDbPolyline
 90
4
 70
1
 10
85.06
 20
94.94
 10
89.89
 20
94.94
 10
89.89
 20
90.11
 10
85.06
 20
90.11
  0
LWPOLYLINE
100
AcDbEntity
  8
0
100
AcDbPolyline
 90
4
 70
1
 10
90.11
 20
94.94
 10
94.94
 20
94.94
 10
94.94
 20
90.11
 10
90.11
 20
90.11
  0
LWPOLYLINE
100
AcDbEntity
  8
0
100
AcDbPolyline
 90
4
 70
1
 10
95.06
 20
94.94
 10
99.89
 20
94.94
 10
99.89
 20
90.11
 10
95.06
 20
90.11
  0
LWPOLYLINE
100
AcDbEntity
  8
0
100
AcDbPolyline
 90
4
 70
1
 10
100.11
 20
94.94
 10
104.94
 20
94.94
 10
104.94
 20
90.11
 10
100.11
 20
90.11
  0
LWPOLYLINE
100
AcDbEntity
  8
0
100
AcDbPolyline
 90
4
 70
1
 10
78.6023
 20
94.94
 10
79.3
 20
94.94
 10
79.3
 20
90.11
 10
78.6023
 20
90.11
  0
LWPOLYLINE
100
AcDbEntity
  8
0
100
AcDbPolyline
 90
4
 70
1
 10
75.06
 20
94.94
 10
78.1523
 20
94.94
 10
78.1523
 20
90.11
 10
75.06
 20
90.11
  0
LWPOLYLINE
100
AcDbEntity
  8
0
100
AcDbPolyline
 90
4
 70
1
 10
65.06
 20
94.94
 10
67.075
 20
94.94
 10
67.075
 20
90.11
 10
65.06
 20
90.11
  0
LWPOLYLINE
100
AcDbEntity
  8
0
100
AcDbPolyline
 90
4
 70
1
 10
-69.89
 20
94.94
 10
-67.625
 20
94.94
 10
-67.625
 20
90.11
 10
-69.89
 20
90.11
  0
LWPOLYLINE
100
AcDbEntity
  8
0
100
AcDbPolyline
 90
4
 70
1
 10
-79.3
 20
94.94
 10
-78.6023
 20
94.94
 10
-78.6023
 20
90.11
 10
-79.3
 20
90.11
  0
LWPOLYLINE
100
AcDbEntity
  8
0
100
AcDbPolyline
 90
4
 70
1
 10
-104.94
 20
89.89
 10
-100.11
 20
89.89
 10
-100.11
 20
85.06
 10
-104.94
 20
85.06
  0
LWPOLYLINE
100
AcDbEntity
  8
0
100
AcDbPolyline
 90
4
 70
1
 10
-99.89
 20
89.89
 10
-95.06
 20
89.89
 10
-95.06
 20
85.06
 10
-99.89
 20
85.06
  0
LWPOLYLINE
100
AcDbEntity
  8
0
100
AcDbPolyline
 90
4
 70
1
 10
-94.94
 20
89.89
 10
-90.11
 20
89.89
 10
-90.11
 20
85.06
 10
-94.94
 20
85.06
  0
LWPOLYLINE
100
AcDbEntity
  8
0
100
AcDbPolyline
 90
4
 70
1
 10
-89.89
 20
89.89
 10
-85.06
 20
89.89
 10
-85.06
 20
85.06
 10
-89.89
 20
85.06
  0
LWPOLYLINE
100
AcDbEntity
  8
0
100
AcDbPolyline
 90
4
 70
1
 10
-84.94
 20
89.89
 10
-80.11
 20
89.89
 10
-80.11
 20
85.06
 10
-84.94
 20
85.06
  0
LWPOLYLINE
100
AcDbEntity
  8
0
100
AcDbPolyline
 90
4
 70
1
 10
-78.1523
 20
89.89
 10
-75.06
 20
89.89
 10
-75.06
 20
85.06
 10
-78.1523
 20
85.06
  0
LWPOLYLINE
100
AcDbEntity
  8
0
100
AcDbPolyline
 90
4
 70
1
 10
-74.94
 20
89.89
 10
-70.11
 20
89.89
 10
-70.11
 20
85.06
 10
-74.94
 20
85.06
  0
LWPOLYLINE
100
AcDbEntity
  8
0
100
AcDbPolyline
 90
4
 70
1
 10
-67.075
 20
89.89
 10
-65.06
 20
89.89
 10
-65.06
 20
85.06
 10
-67.075
 20
85.06
  0
LWPOLYLINE
100
AcDbEntity
  8
0
100
AcDbPolyline
 90
4
 70
1
 10
-64.94
 20
89.89
 10
-60.11
 20
89.89
 10
-60.11
 20
85.06
 10
-64.94
 20
85.06
  0
LWPOLYLINE
100
AcDbEntity
  8
0
100
AcDbPolyline
 90
4
 70
1
 10
-59.89
 20
89.89
 10
-55.06
 20
89.89
 10
-55.06
 20
85.06
 10
-59.89
 20
85.06
  0
LWPOLYLINE
100
AcDbEntity
  8
0
100
AcDbPolyline
 90
4
 70
1
 10
-54.94
 20
89.89
 10
-50.11
 20
89.89
 10
-50.11
 20
85.06
 10
-54.94
 20
85.06
  0
LWPOLYLINE
100
AcDbEntity
  8
0
100
AcDbPolyline
 90
4
 70
1
 10
-49.89
 20
89.89
 10
-45.06
 20
89.89
 10
-45.06
 20
85.06
 10
-49.89
 20
85.06
  0
LWPOLYLINE
100
AcDbEntity
  8
0
100
AcDbPolyline
 90
4
 70
1
 10
-44.94
 20
89.89
 10
-40.11
 20
89.89
 10
-40.11
 20
85.06
 10
-44.94
 20
85.06
  0
LWPOLYLINE
100
AcDbEntity
  8
0
100
AcDbPolyline
 90
4
 70
1
 10
-39.89
 20
89.89
 10
-35.06
 20
89.89
 10
-35.06
 20
85.06
 10
-39.89
 20
85.06
  0
LWPOLYLINE
100
AcDbEntity
  8
0
100
AcDbPolyline
 90
4
 70
1
 10
-34.94
 20
89.89
 10
-30.11
 20
89.89
 10
-30.11
 20
85.06
 10
-34.94
 20
85.06
  0
LWPOLYLINE
100
AcDbEntity
  8
0
100
AcDbPolyline
 90
4
 70
1
 10
-29.89
 20
89.89
 10
-25.06
 20
89.89
 10
-25.06
 20
85.06
 10
-29.89
 20
85.06
  0
LWPOLYLINE
100
AcDbEntity
  8
0
100
AcDbPolyline
 90
4
 70
1
 10
-24.94
 20
89.89
 10
-20.11
 20
89.89
 10
-20.11
 20
85.06
 10
-24.94
 20
85.06
  0
LWPOLYLINE
100
AcDbEntity
  8
0
100
AcDbPolyline
 90
4
 70
1
 10
-19.89
 20
89.89
 10
-15.06
 20
89.89
 10
-15.06
 20
85.06
 10
-19.89
 20
85.06
  0
LWPOLYLINE
100
AcDbEntity
  8
0
100
AcDbPolyline
 90
4
 70
1
 10
-14.94
 20
89.89
 10
-10.11
 20
89.89
 10
-10.11
 20
85.06
 10
-14.94
 20
85.06
  0
LWPOLYLINE
100
AcDbEntity
  8
0
100
AcDbPolyline
 90
4
 70
1
 10
-9.89
 20
89.89
 10
-5.06
 20
89.89
 10
-5.06
 20
85.06
 10
-9.89
 20
85.06
  0
LWPOLYLINE
100
AcDbEntity
  8
0
100
AcDbPolyline
 90
4
 70
1
 10
-4.94
 20
89.89
 10
-0.2
 20
89.89
 10
-0.2
 20
85.06
 10
-4.94
 20
85.06
  0
LWPOLYLINE
100
AcDbEntity
  8
0
100
AcDbPolyline
 90
4
 70
1
 10
0.2
 20
89.89
 10
4.94
 20
89.89
 10
4.94
 20
85.06
 10
0.2
 20
85.06
  0
LWPOLYLINE
100
AcDbEntity
  8
0
100
AcDbPolyline
 90
4
 70
1
 10
5.06
 20
89.89
 10
9.89
 20
89.89
 10
9.89
 20
85.06
 10
5.06
 20
85.06
  0
LWPOLYLINE
100
AcDbEntity
  8
0
100
AcDbPolyline
 90
4
 70
1
 10
10.11
 20
89.89
 10
14.94
 20
89.89
 10
14.94
 20
85.06
 10
10.11
 20
85.06
  0
LWPOLYLINE
100
AcDbEntity
  8
0
100
AcDbPolyline
 90
4
 70
1
 10
15.06
 20
89.89
 10
19.89
 20
89.89
 10
19.89
 20
85.06
 10
15.06
 20
85.06
  0
LWPOLYLINE
100
AcDbEntity
  8
0
100
AcDbPolyline
 90
4
 70
1
 10
20.11
 20
89.89
 10
24.94
 20
89.89
 10
24.94
 20
85.06
 10
20.11
 20
85.06
  0
LWPOLYLINE
100
AcDbEntity
  8
0
100
AcDbPolyline
 90
4
 70
1
 10
25.06
 20
89.89
 10
29.89
 20
89.89
 10
29.89
 20
85.06
 10
25.06
 20
85.06
  0
LWPOLYLINE
100
AcDbEntity
  8
0
100
AcDbPolyline
 90
4
 70
1
 10
30.11
 20
89.89
 10
34.94
 20
89.89
 10
34.94
 20
85.06
 10
30.11
 20
85.06
  0
LWPOLYLINE
100
AcDbEntity
  8
0
100
AcDbPolyline
 90
4
 70
1
 10
35.06
 20
89.89
 10
39.89
 20
89.89
 10
39.89
 20
85.06
 10
35.06
 20
85.06
  0
LWPOLYLINE
100
AcDbEntity
  8
0
100
AcDbPolyline
 90
4
 70
1
 10
40.11
 20
89.89
 10
44.94
 20
89.89
 10
44.94
 20
85.06
 10
40.11
 20
85.06
  0
LWPOLYLINE
100
AcDbEntity
  8
0
100
AcDbPolyline
 90
4
 70
1
 10
45.06
 20
89.89
 10
49.89
 20
89.89
 10
49.89
 20
85.06
 10
45.06
 20
85.06
  0
LWPOLYLINE
100
AcDbEntity
  8
0
100
AcDbPolyline
 90
4
 70
1
 10
50.11
 20
89.89
 10
54.94
 20
89.89
 10
54.94
 20
85.06
 10
50.11
 20
85.06
  0
LWPOLYLINE
100
AcDbEntity
  8
0
100
AcDbPolyline
 90
4
 70
1
 10
55.06
 20
89.89
 10
59.89
 20
89.89
 10
59.89
 20
85.06
 10
55.06
 20
85.06
  0
LWPOLYLINE
100
AcDbEntity
  8
0
100
AcDbPolyline
 90
4
 70
1
 10
60.11
 20
89.89
 10
64.94
 20
89.89
 10
64.94
 20
85.06
 10
60.11
 20
85.06
  0
LWPOLYLINE
100
AcDbEntity
  8
0
100
AcDbPolyline
 90
4
 70
1
 10
67.625
 20
89.89
 10
69.89
 20
89.89
 10
69.89
 20
85.06
 10
67.625
 20
85.06
  0
LWPOLYLINE
100
AcDbEntity
  8
0
100
AcDbPolyline
 90
4
 70
1
 10
70.11
 20
89.89
 10
74.94
 20
89.89
 10
74.94
 20
85.06
 10
70.11
 20
85.06
  0
LWPOLYLINE
100
AcDbEntity
  8
0
100
AcDbPolyline
 90
4
 70
1
 10
80.11
 20
89.89
 10
84.94
 20
89.89
 10
84.94
 20
85.06
 10
80.11
 20
85.06
  0
LWPOLYLINE
100
AcDbEntity
  8
0
100
AcDbPolyline
 90
4
 70
1
 10
85.06
 20
89.89
 10
89.89
 20
89.89
 10
89.89
 20
85.06
 10
85.06
 20
85.06
  0
LWPOLYLINE
100
AcDbEntity
  8
0
100
AcDbPolyline
 90
4
 70
1
 10
90.11
 20
89.89
 10
94.94
 20
89.89
 10
94.94
 20
85.06
 10
90.11
 20
85.06
  0
LWPOLYLINE
100
AcDbEntity
  8
0
100
AcDbPolyline
 90
4
 70
1
 10
95.06
 20
89.89
 10
99.89
 20
89.89
 10
99.89
 20
85.06
 10
95.06
 20
85.06
  0
LWPOLYLINE
100
AcDbEntity
  8
0
100
AcDbPolyline
 90
4
 70
1
 10
100.11
 20
89.89
 10
104.94
 20
89.89
 10
104.94
 20
85.06
 10
100.11
 20
85.06
  0
LWPOLYLINE
100
AcDbEntity
  8
0
100
AcDbPolyline
 90
4
 70
1
 10
78.6023
 20
89.89
 10
79.3
 20
89.89
 10
79.3
 20
85.06
 10
78.6023
 20
85.06
  0
LWPOLYLINE
100
AcDbEntity
  8
0
100
AcDbPolyline
 90
4
 70
1
 10
75.06
 20
89.89
 10
78.1523
 20
89.89
 10
78.1523
 20
85.06
 10
75.06
 20
85.06
  0
LWPOLYLINE
100
AcDbEntity
  8
0
100
AcDbPolyline
 90
4
 70
1
 10
65.06
 20
89.89
 10
67.075
 20
89.89
 10
67.075
 20
85.06
 10
65.06
 20
85.06
  0
LWPOLYLINE
100
AcDbEntity
  8
0
100
AcDbPolyline
 90
4
 70
1
 10
-69.89
 20
89.89
 10
-67.625
 20
89.89
 10
-67.625
 20
85.06
 10
-69.89
 20
85.06
  0
LWPOLYLINE
100
AcDbEntity
  8
0
100
AcDbPolyline
 90
4
 70
1
 10
-79.3
 20
89.89
 10
-78.6023
 20
89.89
 10
-78.6023
 20
85.06
 10
-79.3
 20
85.06
  0
LWPOLYLINE
100
AcDbEntity
  8
0
100
AcDbPolyline
 90
4
 70
1
 10
-104.94
 20
84.94
 10
-100.11
 20
84.94
 10
-100.11
 20
80.11
 10
-104.94
 20
80.11
  0
LWPOLYLINE
100
AcDbEntity
  8
0
100
AcDbPolyline
 90
4
 70
1
 10
-99.89
 20
84.94
 10
-95.06
 20
84.94
 10
-95.06
 20
80.11
 10
-99.89
 20
80.11
  0
LWPOLYLINE
100
AcDbEntity
  8
0
100
AcDbPolyline
 90
4
 70
1
 10
-94.94
 20
84.94
 10
-90.11
 20
84.94
 10
-90.11
 20
80.11
 10
-94.94
 20
80.11
  0
LWPOLYLINE
100
AcDbEntity
  8
0
100
AcDbPolyline
 90
4
 70
1
 10
-89.89
 20
84.94
 10
-85.06
 20
84.94
 10
-85.06
 20
80.11
 10
-89.89
 20
80.11
  0
LWPOLYLINE
100
AcDbEntity
  8
0
100
AcDbPolyline
 90
4
 70
1
 10
-84.94
 20
84.94
 10
-80.11
 20
84.94
 10
-80.11
 20
80.11
 10
-84.94
 20
80.11
  0
LWPOLYLINE
100
AcDbEntity
  8
0
100
AcDbPolyline
 90
4
 70
1
 10
-78.1523
 20
84.94
 10
-75.06
 20
84.94
 10
-75.06
 20
80.11
 10
-78.1523
 20
80.11
  0
LWPOLYLINE
100
AcDbEntity
  8
0
100
AcDbPolyline
 90
4
 70
1
 10
-74.94
 20
84.94
 10
-70.11
 20
84.94
 10
-70.11
 20
80.11
 10
-74.94
 20
80.11
  0
LWPOLYLINE
100
AcDbEntity
  8
0
100
AcDbPolyline
 90
4
 70
1
 10
-67.075
 20
84.94
 10
-65.06
 20
84.94
 10
-65.06
 20
80.11
 10
-67.075
 20
80.11
  0
LWPOLYLINE
100
AcDbEntity
  8
0
100
AcDbPolyline
 90
4
 70
1
 10
-64.94
 20
84.94
 10
-60.11
 20
84.94
 10
-60.11
 20
80.11
 10
-64.94
 20
80.11
  0
LWPOLYLINE
100
AcDbEntity
  8
0
100
AcDbPolyline
 90
4
 70
1
 10
-59.89
 20
84.94
 10
-55.06
 20
84.94
 10
-55.06
 20
80.11
 10
-59.89
 20
80.11
  0
LWPOLYLINE
100
AcDbEntity
  8
0
100
AcDbPolyline
 90
4
 70
1
 10
-54.94
 20
84.94
 10
-50.11
 20
84.94
 10
-50.11
 20
80.11
 10
-54.94
 20
80.11
  0
LWPOLYLINE
100
AcDbEntity
  8
0
100
AcDbPolyline
 90
4
 70
1
 10
-49.89
 20
84.94
 10
-45.06
 20
84.94
 10
-45.06
 20
80.11
 10
-49.89
 20
80.11
  0
LWPOLYLINE
100
AcDbEntity
  8
0
100
AcDbPolyline
 90
4
 70
1
 10
-44.94
 20
84.94
 10
-40.11
 20
84.94
 10
-40.11
 20
80.11
 10
-44.94
 20
80.11
  0
LWPOLYLINE
100
AcDbEntity
  8
0
100
AcDbPolyline
 90
4
 70
1
 10
-39.89
 20
84.94
 10
-35.06
 20
84.94
 10
-35.06
 20
80.11
 10
-39.89
 20
80.11
  0
LWPOLYLINE
100
AcDbEntity
  8
0
100
AcDbPolyline
 90
4
 70
1
 10
-34.94
 20
84.94
 10
-30.11
 20
84.94
 10
-30.11
 20
80.11
 10
-34.94
 20
80.11
  0
LWPOLYLINE
100
AcDbEntity
  8
0
100
AcDbPolyline
 90
4
 70
1
 10
-29.89
 20
84.94
 10
-25.06
 20
84.94
 10
-25.06
 20
80.11
 10
-29.89
 20
80.11
  0
LWPOLYLINE
100
AcDbEntity
  8
0
100
AcDbPolyline
 90
4
 70
1
 10
-24.94
 20
84.94
 10
-20.11
 20
84.94
 10
-20.11
 20
80.11
 10
-24.94
 20
80.11
  0
LWPOLYLINE
100
AcDbEntity
  8
0
100
AcDbPolyline
 90
4
 70
1
 10
-19.89
 20
84.94
 10
-15.06
 20
84.94
 10
-15.06
 20
80.11
 10
-19.89
 20
80.11
  0
LWPOLYLINE
100
AcDbEntity
  8
0
100
AcDbPolyline
 90
4
 70
1
 10
-14.94
 20
84.94
 10
-10.11
 20
84.94
 10
-10.11
 20
80.11
 10
-14.94
 20
80.11
  0
LWPOLYLINE
100
AcDbEntity
  8
0
100
AcDbPolyline
 90
4
 70
1
 10
-9.89
 20
84.94
 10
-5.06
 20
84.94
 10
-5.06
 20
80.11
 10
-9.89
 20
80.11
  0
LWPOLYLINE
100
AcDbEntity
  8
0
100
AcDbPolyline
 90
4
 70
1
 10
-4.94
 20
84.94
 10
-0.2
 20
84.94
 10
-0.2
 20
80.11
 10
-4.94
 20
80.11
  0
LWPOLYLINE
100
AcDbEntity
  8
0
100
AcDbPolyline
 90
4
 70
1
 10
0.2
 20
84.94
 10
4.94
 20
84.94
 10
4.94
 20
80.11
 10
0.2
 20
80.11
  0
LWPOLYLINE
100
AcDbEntity
  8
0
100
AcDbPolyline
 90
4
 70
1
 10
5.06
 20
84.94
 10
9.89
 20
84.94
 10
9.89
 20
80.11
 10
5.06
 20
80.11
  0
LWPOLYLINE
100
AcDbEntity
  8
0
100
AcDbPolyline
 90
4
 70
1
 10
10.11
 20
84.94
 10
14.94
 20
84.94
 10
14.94
 20
80.11
 10
10.11
 20
80.11
  0
LWPOLYLINE
100
AcDbEntity
  8
0
100
AcDbPolyline
 90
4
 70
1
 10
15.06
 20
84.94
 10
19.89
 20
84.94
 10
19.89
 20
80.11
 10
15.06
 20
80.11
  0
LWPOLYLINE
100
AcDbEntity
  8
0
100
AcDbPolyline
 90
4
 70
1
 10
20.11
 20
84.94
 10
24.94
 20
84.94
 10
24.94
 20
80.11
 10
20.11
 20
80.11
  0
LWPOLYLINE
100
AcDbEntity
  8
0
100
AcDbPolyline
 90
4
 70
1
 10
25.06
 20
84.94
 10
29.89
 20
84.94
 10
29.89
 20
80.11
 10
25.06
 20
80.11
  0
LWPOLYLINE
100
AcDbEntity
  8
0
100
AcDbPolyline
 90
4
 70
1
 10
30.11
 20
84.94
 10
34.94
 20
84.94
 10
34.94
 20
80.11
 10
30.11
 20
80.11
  0
LWPOLYLINE
100
AcDbEntity
  8
0
100
AcDbPolyline
 90
4
 70
1
 10
35.06
 20
84.94
 10
39.89
 20
84.94
 10
39.89
 20
80.11
 10
35.06
 20
80.11
  0
LWPOLYLINE
100
AcDbEntity
  8
0
100
AcDbPolyline
 90
4
 70
1
 10
40.11
 20
84.94
 10
44.94
 20
84.94
 10
44.94
 20
80.11
 10
40.11
 20
80.11
  0
LWPOLYLINE
100
AcDbEntity
  8
0
100
AcDbPolyline
 90
4
 70
1
 10
45.06
 20
84.94
 10
49.89
 20
84.94
 10
49.89
 20
80.11
 10
45.06
 20
80.11
  0
LWPOLYLINE
100
AcDbEntity
  8
0
100
AcDbPolyline
 90
4
 70
1
 10
50.11
 20
84.94
 10
54.94
 20
84.94
 10
54.94
 20
80.11
 10
50.11
 20
80.11
  0
LWPOLYLINE
100
AcDbEntity
  8
0
100
AcDbPolyline
 90
4
 70
1
 10
55.06
 20
84.94
 10
59.89
 20
84.94
 10
59.89
 20
80.11
 10
55.06
 20
80.11
  0
LWPOLYLINE
100
AcDbEntity
  8
0
100
AcDbPolyline
 90
4
 70
1
 10
60.11
 20
84.94
 10
64.94
 20
84.94
 10
64.94
 20
80.11
 10
60.11
 20
80.11
  0
LWPOLYLINE
100
AcDbEntity
  8
0
100
AcDbPolyline
 90
4
 70
1
 10
67.625
 20
84.94
 10
69.89
 20
84.94
 10
69.89
 20
80.11
 10
67.625
 20
80.11
  0
LWPOLYLINE
100
AcDbEntity
  8
0
100
AcDbPolyline
 90
4
 70
1
 10
70.11
 20
84.94
 10
74.94
 20
84.94
 10
74.94
 20
80.11
 10
70.11
 20
80.11
  0
LWPOLYLINE
100
AcDbEntity
  8
0
100
AcDbPolyline
 90
4
 70
1
 10
80.11
 20
84.94
 10
84.94
 20
84.94
 10
84.94
 20
80.11
 10
80.11
 20
80.11
  0
LWPOLYLINE
100
AcDbEntity
  8
0
100
AcDbPolyline
 90
4
 70
1
 10
85.06
 20
84.94
 10
89.89
 20
84.94
 10
89.89
 20
80.11
 10
85.06
 20
80.11
  0
LWPOLYLINE
100
AcDbEntity
  8
0
100
AcDbPolyline
 90
4
 70
1
 10
90.11
 20
84.94
 10
94.94
 20
84.94
 10
94.94
 20
80.11
 10
90.11
 20
80.11
  0
LWPOLYLINE
100
AcDbEntity
  8
0
100
AcDbPolyline
 90
4
 70
1
 10
95.06
 20
84.94
 10
99.89
 20
84.94
 10
99.89
 20
80.11
 10
95.06
 20
80.11
  0
LWPOLYLINE
100
AcDbEntity
  8
0
100
AcDbPolyline
 90
4
 70
1
 10
100.11
 20
84.94
 10
104.94
 20
84.94
 10
104.94
 20
80.11
 10
100.11
 20
80.11
  0
LWPOLYLINE
100
AcDbEntity
  8
0
100
AcDbPolyline
 90
4
 70
1
 10
78.6023
 20
84.94
 10
79.3
 20
84.94
 10
79.3
 20
80.11
 10
78.6023
 20
80.11
  0
LWPOLYLINE
100
AcDbEntity
  8
0
100
AcDbPolyline
 90
4
 70
1
 10
75.06
 20
84.94
 10
78.1523
 20
84.94
 10
78.1523
 20
80.11
 10
75.06
 20
80.11
  0
LWPOLYLINE
100
AcDbEntity
  8
0
100
AcDbPolyline
 90
4
 70
1
 10
65.06
 20
84.94
 10
67.075
 20
84.94
 10
67.075
 20
80.11
 10
65.06
 20
80.11
  0
LWPOLYLINE
100
AcDbEntity
  8
0
100
AcDbPolyline
 90
4
 70
1
 10
-69.89
 20
84.94
 10
-67.625
 20
84.94
 10
-67.625
 20
80.11
 10
-69.89
 20
80.11
  0
LWPOLYLINE
100
AcDbEntity
  8
0
100
AcDbPolyline
 90
4
 70
1
 10
-79.3
 20
84.94
 10
-78.6023
 20
84.94
 10
-78.6023
 20
80.11
 10
-79.3
 20
80.11
  0
LWPOLYLINE
100
AcDbEntity
  8
0
100
AcDbPolyline
 90
4
 70
1
 10
-104.94
 20
79.89
 10
-100.11
 20
79.89
 10
-100.11
 20
75.06
 10
-104.94
 20
75.06
  0
LWPOLYLINE
100
AcDbEntity
  8
0
100
AcDbPolyline
 90
4
 70
1
 10
-99.89
 20
79.89
 10
-95.06
 20
79.89
 10
-95.06
 20
75.06
 10
-99.89
 20
75.06
  0
LWPOLYLINE
100
AcDbEntity
  8
0
100
AcDbPolyline
 90
4
 70
1
 10
-94.94
 20
79.89
 10
-90.11
 20
79.89
 10
-90.11
 20
75.06
 10
-94.94
 20
75.06
  0
LWPOLYLINE
100
AcDbEntity
  8
0
100
AcDbPolyline
 90
4
 70
1
 10
-89.89
 20
79.89
 10
-85.06
 20
79.89
 10
-85.06
 20
75.06
 10
-89.89
 20
75.06
  0
LWPOLYLINE
100
AcDbEntity
  8
0
100
AcDbPolyline
 90
4
 70
1
 10
-84.94
 20
79.89
 10
-80.11
 20
79.89
 10
-80.11
 20
75.06
 10
-84.94
 20
75.06
  0
LWPOLYLINE
100
AcDbEntity
  8
0
100
AcDbPolyline
 90
4
 70
1
 10
-78.1523
 20
79.89
 10
-75.06
 20
79.89
 10
-75.06
 20
75.06
 10
-78.1523
 20
75.06
  0
LWPOLYLINE
100
AcDbEntity
  8
0
100
AcDbPolyline
 90
4
 70
1
 10
-74.94
 20
79.89
 10
-70.11
 20
79.89
 10
-70.11
 20
75.06
 10
-74.94
 20
75.06
  0
LWPOLYLINE
100
AcDbEntity
  8
0
100
AcDbPolyline
 90
4
 70
1
 10
-67.075
 20
79.89
 10
-65.06
 20
79.89
 10
-65.06
 20
75.06
 10
-67.075
 20
75.06
  0
LWPOLYLINE
100
AcDbEntity
  8
0
100
AcDbPolyline
 90
4
 70
1
 10
-64.94
 20
79.89
 10
-60.11
 20
79.89
 10
-60.11
 20
75.06
 10
-64.94
 20
75.06
  0
LWPOLYLINE
100
AcDbEntity
  8
0
100
AcDbPolyline
 90
4
 70
1
 10
-59.89
 20
79.89
 10
-55.06
 20
79.89
 10
-55.06
 20
75.06
 10
-59.89
 20
75.06
  0
LWPOLYLINE
100
AcDbEntity
  8
0
100
AcDbPolyline
 90
4
 70
1
 10
-54.94
 20
79.89
 10
-50.11
 20
79.89
 10
-50.11
 20
75.06
 10
-54.94
 20
75.06
  0
LWPOLYLINE
100
AcDbEntity
  8
0
100
AcDbPolyline
 90
4
 70
1
 10
-49.89
 20
79.89
 10
-45.06
 20
79.89
 10
-45.06
 20
75.06
 10
-49.89
 20
75.06
  0
LWPOLYLINE
100
AcDbEntity
  8
0
100
AcDbPolyline
 90
4
 70
1
 10
-44.94
 20
79.89
 10
-40.11
 20
79.89
 10
-40.11
 20
75.06
 10
-44.94
 20
75.06
  0
LWPOLYLINE
100
AcDbEntity
  8
0
100
AcDbPolyline
 90
4
 70
1
 10
-39.89
 20
79.89
 10
-35.06
 20
79.89
 10
-35.06
 20
75.06
 10
-39.89
 20
75.06
  0
LWPOLYLINE
100
AcDbEntity
  8
0
100
AcDbPolyline
 90
4
 70
1
 10
-34.94
 20
79.89
 10
-30.11
 20
79.89
 10
-30.11
 20
75.06
 10
-34.94
 20
75.06
  0
LWPOLYLINE
100
AcDbEntity
  8
0
100
AcDbPolyline
 90
4
 70
1
 10
-29.89
 20
79.89
 10
-25.06
 20
79.89
 10
-25.06
 20
75.06
 10
-29.89
 20
75.06
  0
LWPOLYLINE
100
AcDbEntity
  8
0
100
AcDbPolyline
 90
4
 70
1
 10
-24.94
 20
79.89
 10
-20.11
 20
79.89
 10
-20.11
 20
75.06
 10
-24.94
 20
75.06
  0
LWPOLYLINE
100
AcDbEntity
  8
0
100
AcDbPolyline
 90
4
 70
1
 10
-19.89
 20
79.89
 10
-15.06
 20
79.89
 10
-15.06
 20
75.06
 10
-19.89
 20
75.06
  0
LWPOLYLINE
100
AcDbEntity
  8
0
100
AcDbPolyline
 90
4
 70
1
 10
-14.94
 20
79.89
 10
-10.11
 20
79.89
 10
-10.11
 20
75.06
 10
-14.94
 20
75.06
  0
LWPOLYLINE
100
AcDbEntity
  8
0
100
AcDbPolyline
 90
4
 70
1
 10
-9.89
 20
79.89
 10
-5.06
 20
79.89
 10
-5.06
 20
75.06
 10
-9.89
 20
75.06
  0
LWPOLYLINE
100
AcDbEntity
  8
0
100
AcDbPolyline
 90
4
 70
1
 10
-4.94
 20
79.89
 10
-0.2
 20
79.89
 10
-0.2
 20
75.06
 10
-4.94
 20
75.06
  0
LWPOLYLINE
100
AcDbEntity
  8
0
100
AcDbPolyline
 90
4
 70
1
 10
0.2
 20
79.89
 10
4.94
 20
79.89
 10
4.94
 20
75.06
 10
0.2
 20
75.06
  0
LWPOLYLINE
100
AcDbEntity
  8
0
100
AcDbPolyline
 90
4
 70
1
 10
5.06
 20
79.89
 10
9.89
 20
79.89
 10
9.89
 20
75.06
 10
5.06
 20
75.06
  0
LWPOLYLINE
100
AcDbEntity
  8
0
100
AcDbPolyline
 90
4
 70
1
 10
10.11
 20
79.89
 10
14.94
 20
79.89
 10
14.94
 20
75.06
 10
10.11
 20
75.06
  0
LWPOLYLINE
100
AcDbEntity
  8
0
100
AcDbPolyline
 90
4
 70
1
 10
15.06
 20
79.89
 10
19.89
 20
79.89
 10
19.89
 20
75.06
 10
15.06
 20
75.06
  0
LWPOLYLINE
100
AcDbEntity
  8
0
100
AcDbPolyline
 90
4
 70
1
 10
20.11
 20
79.89
 10
24.94
 20
79.89
 10
24.94
 20
75.06
 10
20.11
 20
75.06
  0
LWPOLYLINE
100
AcDbEntity
  8
0
100
AcDbPolyline
 90
4
 70
1
 10
25.06
 20
79.89
 10
29.89
 20
79.89
 10
29.89
 20
75.06
 10
25.06
 20
75.06
  0
LWPOLYLINE
100
AcDbEntity
  8
0
100
AcDbPolyline
 90
4
 70
1
 10
30.11
 20
79.89
 10
34.94
 20
79.89
 10
34.94
 20
75.06
 10
30.11
 20
75.06
  0
LWPOLYLINE
100
AcDbEntity
  8
0
100
AcDbPolyline
 90
4
 70
1
 10
35.06
 20
79.89
 10
39.89
 20
79.89
 10
39.89
 20
75.06
 10
35.06
 20
75.06
  0
LWPOLYLINE
100
AcDbEntity
  8
0
100
AcDbPolyline
 90
4
 70
1
 10
40.11
 20
79.89
 10
44.94
 20
79.89
 10
44.94
 20
75.06
 10
40.11
 20
75.06
  0
LWPOLYLINE
100
AcDbEntity
  8
0
100
AcDbPolyline
 90
4
 70
1
 10
45.06
 20
79.89
 10
49.89
 20
79.89
 10
49.89
 20
75.06
 10
45.06
 20
75.06
  0
LWPOLYLINE
100
AcDbEntity
  8
0
100
AcDbPolyline
 90
4
 70
1
 10
50.11
 20
79.89
 10
54.94
 20
79.89
 10
54.94
 20
75.06
 10
50.11
 20
75.06
  0
LWPOLYLINE
100
AcDbEntity
  8
0
100
AcDbPolyline
 90
4
 70
1
 10
55.06
 20
79.89
 10
59.89
 20
79.89
 10
59.89
 20
75.06
 10
55.06
 20
75.06
  0
LWPOLYLINE
100
AcDbEntity
  8
0
100
AcDbPolyline
 90
4
 70
1
 10
60.11
 20
79.89
 10
64.94
 20
79.89
 10
64.94
 20
75.06
 10
60.11
 20
75.06
  0
LWPOLYLINE
100
AcDbEntity
  8
0
100
AcDbPolyline
 90
4
 70
1
 10
67.625
 20
79.89
 10
69.89
 20
79.89
 10
69.89
 20
75.06
 10
67.625
 20
75.06
  0
LWPOLYLINE
100
AcDbEntity
  8
0
100
AcDbPolyline
 90
4
 70
1
 10
70.11
 20
79.89
 10
74.94
 20
79.89
 10
74.94
 20
75.06
 10
70.11
 20
75.06
  0
LWPOLYLINE
100
AcDbEntity
  8
0
100
AcDbPolyline
 90
4
 70
1
 10
80.11
 20
79.89
 10
84.94
 20
79.89
 10
84.94
 20
75.06
 10
80.11
 20
75.06
  0
LWPOLYLINE
100
AcDbEntity
  8
0
100
AcDbPolyline
 90
4
 70
1
 10
85.06
 20
79.89
 10
89.89
 20
79.89
 10
89.89
 20
75.06
 10
85.06
 20
75.06
  0
LWPOLYLINE
100
AcDbEntity
  8
0
100
AcDbPolyline
 90
4
 70
1
 10
90.11
 20
79.89
 10
94.94
 20
79.89
 10
94.94
 20
75.06
 10
90.11
 20
75.06
  0
LWPOLYLINE
100
AcDbEntity
  8
0
100
AcDbPolyline
 90
4
 70
1
 10
95.06
 20
79.89
 10
99.89
 20
79.89
 10
99.89
 20
75.06
 10
95.06
 20
75.06
  0
LWPOLYLINE
100
AcDbEntity
  8
0
100
AcDbPolyline
 90
4
 70
1
 10
100.11
 20
79.89
 10
104.94
 20
79.89
 10
104.94
 20
75.06
 10
100.11
 20
75.06
  0
LWPOLYLINE
100
AcDbEntity
  8
0
100
AcDbPolyline
 90
4
 70
1
 10
78.6023
 20
79.89
 10
79.3
 20
79.89
 10
79.3
 20
75.06
 10
78.6023
 20
75.06
  0
LWPOLYLINE
100
AcDbEntity
  8
0
100
AcDbPolyline
 90
4
 70
1
 10
75.06
 20
79.89
 10
78.1523
 20
79.89
 10
78.1523
 20
75.06
 10
75.06
 20
75.06
  0
LWPOLYLINE
100
AcDbEntity
  8
0
100
AcDbPolyline
 90
4
 70
1
 10
65.06
 20
79.89
 10
67.075
 20
79.89
 10
67.075
 20
75.06
 10
65.06
 20
75.06
  0
LWPOLYLINE
100
AcDbEntity
  8
0
100
AcDbPolyline
 90
4
 70
1
 10
-69.89
 20
79.89
 10
-67.625
 20
79.89
 10
-67.625
 20
75.06
 10
-69.89
 20
75.06
  0
LWPOLYLINE
100
AcDbEntity
  8
0
100
AcDbPolyline
 90
4
 70
1
 10
-79.3
 20
79.89
 10
-78.6023
 20
79.89
 10
-78.6023
 20
75.06
 10
-79.3
 20
75.06
  0
LWPOLYLINE
100
AcDbEntity
  8
0
100
AcDbPolyline
 90
4
 70
1
 10
-104.94
 20
74.94
 10
-100.11
 20
74.94
 10
-100.11
 20
70.11
 10
-104.94
 20
70.11
  0
LWPOLYLINE
100
AcDbEntity
  8
0
100
AcDbPolyline
 90
4
 70
1
 10
-99.89
 20
74.94
 10
-95.06
 20
74.94
 10
-95.06
 20
70.11
 10
-99.89
 20
70.11
  0
LWPOLYLINE
100
AcDbEntity
  8
0
100
AcDbPolyline
 90
4
 70
1
 10
-94.94
 20
74.94
 10
-90.11
 20
74.94
 10
-90.11
 20
70.11
 10
-94.94
 20
70.11
  0
LWPOLYLINE
100
AcDbEntity
  8
0
100
AcDbPolyline
 90
4
 70
1
 10
-89.89
 20
74.94
 10
-85.06
 20
74.94
 10
-85.06
 20
70.11
 10
-89.89
 20
70.11
  0
LWPOLYLINE
100
AcDbEntity
  8
0
100
AcDbPolyline
 90
4
 70
1
 10
-84.94
 20
74.94
 10
-80.11
 20
74.94
 10
-80.11
 20
70.11
 10
-84.94
 20
70.11
  0
LWPOLYLINE
100
AcDbEntity
  8
0
100
AcDbPolyline
 90
4
 70
1
 10
-78.1523
 20
74.94
 10
-75.06
 20
74.94
 10
-75.06
 20
70.11
 10
-78.1523
 20
70.11
  0
LWPOLYLINE
100
AcDbEntity
  8
0
100
AcDbPolyline
 90
4
 70
1
 10
-74.94
 20
74.94
 10
-70.11
 20
74.94
 10
-70.11
 20
70.11
 10
-74.94
 20
70.11
  0
LWPOLYLINE
100
AcDbEntity
  8
0
100
AcDbPolyline
 90
4
 70
1
 10
-67.075
 20
74.94
 10
-65.06
 20
74.94
 10
-65.06
 20
70.11
 10
-67.075
 20
70.11
  0
LWPOLYLINE
100
AcDbEntity
  8
0
100
AcDbPolyline
 90
4
 70
1
 10
-64.94
 20
74.94
 10
-60.11
 20
74.94
 10
-60.11
 20
70.11
 10
-64.94
 20
70.11
  0
LWPOLYLINE
100
AcDbEntity
  8
0
100
AcDbPolyline
 90
4
 70
1
 10
-59.89
 20
74.94
 10
-55.06
 20
74.94
 10
-55.06
 20
70.11
 10
-59.89
 20
70.11
  0
LWPOLYLINE
100
AcDbEntity
  8
0
100
AcDbPolyline
 90
4
 70
1
 10
-54.94
 20
74.94
 10
-50.11
 20
74.94
 10
-50.11
 20
70.11
 10
-54.94
 20
70.11
  0
LWPOLYLINE
100
AcDbEntity
  8
0
100
AcDbPolyline
 90
4
 70
1
 10
-49.89
 20
74.94
 10
-45.06
 20
74.94
 10
-45.06
 20
70.11
 10
-49.89
 20
70.11
  0
LWPOLYLINE
100
AcDbEntity
  8
0
100
AcDbPolyline
 90
4
 70
1
 10
-44.94
 20
74.94
 10
-40.11
 20
74.94
 10
-40.11
 20
70.11
 10
-44.94
 20
70.11
  0
LWPOLYLINE
100
AcDbEntity
  8
0
100
AcDbPolyline
 90
4
 70
1
 10
-39.89
 20
74.94
 10
-35.06
 20
74.94
 10
-35.06
 20
70.11
 10
-39.89
 20
70.11
  0
LWPOLYLINE
100
AcDbEntity
  8
0
100
AcDbPolyline
 90
4
 70
1
 10
-34.94
 20
74.94
 10
-30.11
 20
74.94
 10
-30.11
 20
70.11
 10
-34.94
 20
70.11
  0
LWPOLYLINE
100
AcDbEntity
  8
0
100
AcDbPolyline
 90
4
 70
1
 10
-29.89
 20
74.94
 10
-25.06
 20
74.94
 10
-25.06
 20
70.11
 10
-29.89
 20
70.11
  0
LWPOLYLINE
100
AcDbEntity
  8
0
100
AcDbPolyline
 90
4
 70
1
 10
-24.94
 20
74.94
 10
-20.11
 20
74.94
 10
-20.11
 20
70.11
 10
-24.94
 20
70.11
  0
LWPOLYLINE
100
AcDbEntity
  8
0
100
AcDbPolyline
 90
4
 70
1
 10
-19.89
 20
74.94
 10
-15.06
 20
74.94
 10
-15.06
 20
70.11
 10
-19.89
 20
70.11
  0
LWPOLYLINE
100
AcDbEntity
  8
0
100
AcDbPolyline
 90
4
 70
1
 10
-14.94
 20
74.94
 10
-10.11
 20
74.94
 10
-10.11
 20
70.11
 10
-14.94
 20
70.11
  0
LWPOLYLINE
100
AcDbEntity
  8
0
100
AcDbPolyline
 90
4
 70
1
 10
-9.89
 20
74.94
 10
-5.06
 20
74.94
 10
-5.06
 20
70.11
 10
-9.89
 20
70.11
  0
LWPOLYLINE
100
AcDbEntity
  8
0
100
AcDbPolyline
 90
4
 70
1
 10
-4.94
 20
74.94
 10
-0.2
 20
74.94
 10
-0.2
 20
70.11
 10
-4.94
 20
70.11
  0
LWPOLYLINE
100
AcDbEntity
  8
0
100
AcDbPolyline
 90
4
 70
1
 10
0.2
 20
74.94
 10
4.94
 20
74.94
 10
4.94
 20
70.11
 10
0.2
 20
70.11
  0
LWPOLYLINE
100
AcDbEntity
  8
0
100
AcDbPolyline
 90
4
 70
1
 10
5.06
 20
74.94
 10
9.89
 20
74.94
 10
9.89
 20
70.11
 10
5.06
 20
70.11
  0
LWPOLYLINE
100
AcDbEntity
  8
0
100
AcDbPolyline
 90
4
 70
1
 10
10.11
 20
74.94
 10
14.94
 20
74.94
 10
14.94
 20
70.11
 10
10.11
 20
70.11
  0
LWPOLYLINE
100
AcDbEntity
  8
0
100
AcDbPolyline
 90
4
 70
1
 10
15.06
 20
74.94
 10
19.89
 20
74.94
 10
19.89
 20
70.11
 10
15.06
 20
70.11
  0
LWPOLYLINE
100
AcDbEntity
  8
0
100
AcDbPolyline
 90
4
 70
1
 10
20.11
 20
74.94
 10
24.94
 20
74.94
 10
24.94
 20
70.11
 10
20.11
 20
70.11
  0
LWPOLYLINE
100
AcDbEntity
  8
0
100
AcDbPolyline
 90
4
 70
1
 10
25.06
 20
74.94
 10
29.89
 20
74.94
 10
29.89
 20
70.11
 10
25.06
 20
70.11
  0
LWPOLYLINE
100
AcDbEntity
  8
0
100
AcDbPolyline
 90
4
 70
1
 10
30.11
 20
74.94
 10
34.94
 20
74.94
 10
34.94
 20
70.11
 10
30.11
 20
70.11
  0
LWPOLYLINE
100
AcDbEntity
  8
0
100
AcDbPolyline
 90
4
 70
1
 10
35.06
 20
74.94
 10
39.89
 20
74.94
 10
39.89
 20
70.11
 10
35.06
 20
70.11
  0
LWPOLYLINE
100
AcDbEntity
  8
0
100
AcDbPolyline
 90
4
 70
1
 10
40.11
 20
74.94
 10
44.94
 20
74.94
 10
44.94
 20
70.11
 10
40.11
 20
70.11
  0
LWPOLYLINE
100
AcDbEntity
  8
0
100
AcDbPolyline
 90
4
 70
1
 10
45.06
 20
74.94
 10
49.89
 20
74.94
 10
49.89
 20
70.11
 10
45.06
 20
70.11
  0
LWPOLYLINE
100
AcDbEntity
  8
0
100
AcDbPolyline
 90
4
 70
1
 10
50.11
 20
74.94
 10
54.94
 20
74.94
 10
54.94
 20
70.11
 10
50.11
 20
70.11
  0
LWPOLYLINE
100
AcDbEntity
  8
0
100
AcDbPolyline
 90
4
 70
1
 10
55.06
 20
74.94
 10
59.89
 20
74.94
 10
59.89
 20
70.11
 10
55.06
 20
70.11
  0
LWPOLYLINE
100
AcDbEntity
  8
0
100
AcDbPolyline
 90
4
 70
1
 10
60.11
 20
74.94
 10
64.94
 20
74.94
 10
64.94
 20
70.11
 10
60.11
 20
70.11
  0
LWPOLYLINE
100
AcDbEntity
  8
0
100
AcDbPolyline
 90
4
 70
1
 10
67.625
 20
74.94
 10
69.89
 20
74.94
 10
69.89
 20
70.11
 10
67.625
 20
70.11
  0
LWPOLYLINE
100
AcDbEntity
  8
0
100
AcDbPolyline
 90
4
 70
1
 10
70.11
 20
74.94
 10
74.94
 20
74.94
 10
74.94
 20
70.11
 10
70.11
 20
70.11
  0
LWPOLYLINE
100
AcDbEntity
  8
0
100
AcDbPolyline
 90
4
 70
1
 10
80.11
 20
74.94
 10
84.94
 20
74.94
 10
84.94
 20
70.11
 10
80.11
 20
70.11
  0
LWPOLYLINE
100
AcDbEntity
  8
0
100
AcDbPolyline
 90
4
 70
1
 10
85.06
 20
74.94
 10
89.89
 20
74.94
 10
89.89
 20
70.11
 10
85.06
 20
70.11
  0
LWPOLYLINE
100
AcDbEntity
  8
0
100
AcDbPolyline
 90
4
 70
1
 10
90.11
 20
74.94
 10
94.94
 20
74.94
 10
94.94
 20
70.11
 10
90.11
 20
70.11
  0
LWPOLYLINE
100
AcDbEntity
  8
0
100
AcDbPolyline
 90
4
 70
1
 10
95.06
 20
74.94
 10
99.89
 20
74.94
 10
99.89
 20
70.11
 10
95.06
 20
70.11
  0
LWPOLYLINE
100
AcDbEntity
  8
0
100
AcDbPolyline
 90
4
 70
1
 10
100.11
 20
74.94
 10
104.94
 20
74.94
 10
104.94
 20
70.11
 10
100.11
 20
70.11
  0
LWPOLYLINE
100
AcDbEntity
  8
0
100
AcDbPolyline
 90
4
 70
1
 10
78.6023
 20
74.94
 10
79.3
 20
74.94
 10
79.3
 20
70.11
 10
78.6023
 20
70.11
  0
LWPOLYLINE
100
AcDbEntity
  8
0
100
AcDbPolyline
 90
4
 70
1
 10
75.06
 20
74.94
 10
78.1523
 20
74.94
 10
78.1523
 20
70.11
 10
75.06
 20
70.11
  0
LWPOLYLINE
100
AcDbEntity
  8
0
100
AcDbPolyline
 90
4
 70
1
 10
65.06
 20
74.94
 10
67.075
 20
74.94
 10
67.075
 20
70.11
 10
65.06
 20
70.11
  0
LWPOLYLINE
100
AcDbEntity
  8
0
100
AcDbPolyline
 90
4
 70
1
 10
-69.89
 20
74.94
 10
-67.625
 20
74.94
 10
-67.625
 20
70.11
 10
-69.89
 20
70.11
  0
LWPOLYLINE
100
AcDbEntity
  8
0
100
AcDbPolyline
 90
4
 70
1
 10
-79.3
 20
74.94
 10
-78.6023
 20
74.94
 10
-78.6023
 20
70.11
 10
-79.3
 20
70.11
  0
LWPOLYLINE
100
AcDbEntity
  8
0
100
AcDbPolyline
 90
4
 70
1
 10
-104.94
 20
69.89
 10
-100.11
 20
69.89
 10
-100.11
 20
65.06
 10
-104.94
 20
65.06
  0
LWPOLYLINE
100
AcDbEntity
  8
0
100
AcDbPolyline
 90
4
 70
1
 10
-99.89
 20
69.89
 10
-95.06
 20
69.89
 10
-95.06
 20
65.06
 10
-99.89
 20
65.06
  0
LWPOLYLINE
100
AcDbEntity
  8
0
100
AcDbPolyline
 90
4
 70
1
 10
-94.94
 20
69.89
 10
-90.11
 20
69.89
 10
-90.11
 20
65.06
 10
-94.94
 20
65.06
  0
LWPOLYLINE
100
AcDbEntity
  8
0
100
AcDbPolyline
 90
4
 70
1
 10
-89.89
 20
69.89
 10
-85.06
 20
69.89
 10
-85.06
 20
65.06
 10
-89.89
 20
65.06
  0
LWPOLYLINE
100
AcDbEntity
  8
0
100
AcDbPolyline
 90
4
 70
1
 10
-84.94
 20
69.89
 10
-80.11
 20
69.89
 10
-80.11
 20
65.06
 10
-84.94
 20
65.06
  0
LWPOLYLINE
100
AcDbEntity
  8
0
100
AcDbPolyline
 90
4
 70
1
 10
-78.1523
 20
69.89
 10
-75.06
 20
69.89
 10
-75.06
 20
65.06
 10
-78.1523
 20
65.06
  0
LWPOLYLINE
100
AcDbEntity
  8
0
100
AcDbPolyline
 90
4
 70
1
 10
-74.94
 20
69.89
 10
-70.11
 20
69.89
 10
-70.11
 20
65.06
 10
-74.94
 20
65.06
  0
LWPOLYLINE
100
AcDbEntity
  8
0
100
AcDbPolyline
 90
4
 70
1
 10
-67.075
 20
69.89
 10
-65.06
 20
69.89
 10
-65.06
 20
65.06
 10
-67.075
 20
65.06
  0
LWPOLYLINE
100
AcDbEntity
  8
0
100
AcDbPolyline
 90
4
 70
1
 10
-64.94
 20
69.89
 10
-60.11
 20
69.89
 10
-60.11
 20
65.06
 10
-64.94
 20
65.06
  0
LWPOLYLINE
100
AcDbEntity
  8
0
100
AcDbPolyline
 90
4
 70
1
 10
-59.89
 20
69.89
 10
-55.06
 20
69.89
 10
-55.06
 20
65.06
 10
-59.89
 20
65.06
  0
LWPOLYLINE
100
AcDbEntity
  8
0
100
AcDbPolyline
 90
4
 70
1
 10
-54.94
 20
69.89
 10
-50.11
 20
69.89
 10
-50.11
 20
65.06
 10
-54.94
 20
65.06
  0
LWPOLYLINE
100
AcDbEntity
  8
0
100
AcDbPolyline
 90
4
 70
1
 10
-49.89
 20
69.89
 10
-45.06
 20
69.89
 10
-45.06
 20
65.06
 10
-49.89
 20
65.06
  0
LWPOLYLINE
100
AcDbEntity
  8
0
100
AcDbPolyline
 90
4
 70
1
 10
-44.94
 20
69.89
 10
-40.11
 20
69.89
 10
-40.11
 20
65.06
 10
-44.94
 20
65.06
  0
LWPOLYLINE
100
AcDbEntity
  8
0
100
AcDbPolyline
 90
4
 70
1
 10
-39.89
 20
69.89
 10
-35.06
 20
69.89
 10
-35.06
 20
65.06
 10
-39.89
 20
65.06
  0
LWPOLYLINE
100
AcDbEntity
  8
0
100
AcDbPolyline
 90
4
 70
1
 10
-34.94
 20
69.89
 10
-30.11
 20
69.89
 10
-30.11
 20
65.06
 10
-34.94
 20
65.06
  0
LWPOLYLINE
100
AcDbEntity
  8
0
100
AcDbPolyline
 90
4
 70
1
 10
-29.89
 20
69.89
 10
-25.06
 20
69.89
 10
-25.06
 20
65.06
 10
-29.89
 20
65.06
  0
LWPOLYLINE
100
AcDbEntity
  8
0
100
AcDbPolyline
 90
4
 70
1
 10
-24.94
 20
69.89
 10
-20.11
 20
69.89
 10
-20.11
 20
65.06
 10
-24.94
 20
65.06
  0
LWPOLYLINE
100
AcDbEntity
  8
0
100
AcDbPolyline
 90
4
 70
1
 10
-19.89
 20
69.89
 10
-15.06
 20
69.89
 10
-15.06
 20
65.06
 10
-19.89
 20
65.06
  0
LWPOLYLINE
100
AcDbEntity
  8
0
100
AcDbPolyline
 90
4
 70
1
 10
-14.94
 20
69.89
 10
-10.11
 20
69.89
 10
-10.11
 20
65.06
 10
-14.94
 20
65.06
  0
LWPOLYLINE
100
AcDbEntity
  8
0
100
AcDbPolyline
 90
4
 70
1
 10
-9.89
 20
69.89
 10
-5.06
 20
69.89
 10
-5.06
 20
65.06
 10
-9.89
 20
65.06
  0
LWPOLYLINE
100
AcDbEntity
  8
0
100
AcDbPolyline
 90
4
 70
1
 10
-4.94
 20
69.89
 10
-0.2
 20
69.89
 10
-0.2
 20
65.06
 10
-4.94
 20
65.06
  0
LWPOLYLINE
100
AcDbEntity
  8
0
100
AcDbPolyline
 90
4
 70
1
 10
0.2
 20
69.89
 10
4.94
 20
69.89
 10
4.94
 20
65.06
 10
0.2
 20
65.06
  0
LWPOLYLINE
100
AcDbEntity
  8
0
100
AcDbPolyline
 90
4
 70
1
 10
5.06
 20
69.89
 10
9.89
 20
69.89
 10
9.89
 20
65.06
 10
5.06
 20
65.06
  0
LWPOLYLINE
100
AcDbEntity
  8
0
100
AcDbPolyline
 90
4
 70
1
 10
10.11
 20
69.89
 10
14.94
 20
69.89
 10
14.94
 20
65.06
 10
10.11
 20
65.06
  0
LWPOLYLINE
100
AcDbEntity
  8
0
100
AcDbPolyline
 90
4
 70
1
 10
15.06
 20
69.89
 10
19.89
 20
69.89
 10
19.89
 20
65.06
 10
15.06
 20
65.06
  0
LWPOLYLINE
100
AcDbEntity
  8
0
100
AcDbPolyline
 90
4
 70
1
 10
20.11
 20
69.89
 10
24.94
 20
69.89
 10
24.94
 20
65.06
 10
20.11
 20
65.06
  0
LWPOLYLINE
100
AcDbEntity
  8
0
100
AcDbPolyline
 90
4
 70
1
 10
25.06
 20
69.89
 10
29.89
 20
69.89
 10
29.89
 20
65.06
 10
25.06
 20
65.06
  0
LWPOLYLINE
100
AcDbEntity
  8
0
100
AcDbPolyline
 90
4
 70
1
 10
30.11
 20
69.89
 10
34.94
 20
69.89
 10
34.94
 20
65.06
 10
30.11
 20
65.06
  0
LWPOLYLINE
100
AcDbEntity
  8
0
100
AcDbPolyline
 90
4
 70
1
 10
35.06
 20
69.89
 10
39.89
 20
69.89
 10
39.89
 20
65.06
 10
35.06
 20
65.06
  0
LWPOLYLINE
100
AcDbEntity
  8
0
100
AcDbPolyline
 90
4
 70
1
 10
40.11
 20
69.89
 10
44.94
 20
69.89
 10
44.94
 20
65.06
 10
40.11
 20
65.06
  0
LWPOLYLINE
100
AcDbEntity
  8
0
100
AcDbPolyline
 90
4
 70
1
 10
45.06
 20
69.89
 10
49.89
 20
69.89
 10
49.89
 20
65.06
 10
45.06
 20
65.06
  0
LWPOLYLINE
100
AcDbEntity
  8
0
100
AcDbPolyline
 90
4
 70
1
 10
50.11
 20
69.89
 10
54.94
 20
69.89
 10
54.94
 20
65.06
 10
50.11
 20
65.06
  0
LWPOLYLINE
100
AcDbEntity
  8
0
100
AcDbPolyline
 90
4
 70
1
 10
55.06
 20
69.89
 10
59.89
 20
69.89
 10
59.89
 20
65.06
 10
55.06
 20
65.06
  0
LWPOLYLINE
100
AcDbEntity
  8
0
100
AcDbPolyline
 90
4
 70
1
 10
60.11
 20
69.89
 10
64.94
 20
69.89
 10
64.94
 20
65.06
 10
60.11
 20
65.06
  0
LWPOLYLINE
100
AcDbEntity
  8
0
100
AcDbPolyline
 90
4
 70
1
 10
67.625
 20
69.89
 10
69.89
 20
69.89
 10
69.89
 20
65.06
 10
67.625
 20
65.06
  0
LWPOLYLINE
100
AcDbEntity
  8
0
100
AcDbPolyline
 90
4
 70
1
 10
70.11
 20
69.89
 10
74.94
 20
69.89
 10
74.94
 20
65.06
 10
70.11
 20
65.06
  0
LWPOLYLINE
100
AcDbEntity
  8
0
100
AcDbPolyline
 90
4
 70
1
 10
80.11
 20
69.89
 10
84.94
 20
69.89
 10
84.94
 20
65.06
 10
80.11
 20
65.06
  0
LWPOLYLINE
100
AcDbEntity
  8
0
100
AcDbPolyline
 90
4
 70
1
 10
85.06
 20
69.89
 10
89.89
 20
69.89
 10
89.89
 20
65.06
 10
85.06
 20
65.06
  0
LWPOLYLINE
100
AcDbEntity
  8
0
100
AcDbPolyline
 90
4
 70
1
 10
90.11
 20
69.89
 10
94.94
 20
69.89
 10
94.94
 20
65.06
 10
90.11
 20
65.06
  0
LWPOLYLINE
100
AcDbEntity
  8
0
100
AcDbPolyline
 90
4
 70
1
 10
95.06
 20
69.89
 10
99.89
 20
69.89
 10
99.89
 20
65.06
 10
95.06
 20
65.06
  0
LWPOLYLINE
100
AcDbEntity
  8
0
100
AcDbPolyline
 90
4
 70
1
 10
100.11
 20
69.89
 10
104.94
 20
69.89
 10
104.94
 20
65.06
 10
100.11
 20
65.06
  0
LWPOLYLINE
100
AcDbEntity
  8
0
100
AcDbPolyline
 90
4
 70
1
 10
78.6023
 20
69.89
 10
79.3
 20
69.89
 10
79.3
 20
65.06
 10
78.6023
 20
65.06
  0
LWPOLYLINE
100
AcDbEntity
  8
0
100
AcDbPolyline
 90
4
 70
1
 10
75.06
 20
69.89
 10
78.1523
 20
69.89
 10
78.1523
 20
65.06
 10
75.06
 20
65.06
  0
LWPOLYLINE
100
AcDbEntity
  8
0
100
AcDbPolyline
 90
4
 70
1
 10
65.06
 20
69.89
 10
67.075
 20
69.89
 10
67.075
 20
65.06
 10
65.06
 20
65.06
  0
LWPOLYLINE
100
AcDbEntity
  8
0
100
AcDbPolyline
 90
4
 70
1
 10
-69.89
 20
69.89
 10
-67.625
 20
69.89
 10
-67.625
 20
65.06
 10
-69.89
 20
65.06
  0
LWPOLYLINE
100
AcDbEntity
  8
0
100
AcDbPolyline
 90
4
 70
1
 10
-79.3
 20
69.89
 10
-78.6023
 20
69.89
 10
-78.6023
 20
65.06
 10
-79.3
 20
65.06
  0
LWPOLYLINE
100
AcDbEntity
  8
0
100
AcDbPolyline
 90
4
 70
1
 10
-104.94
 20
64.94
 10
-100.11
 20
64.94
 10
-100.11
 20
60.11
 10
-104.94
 20
60.11
  0
LWPOLYLINE
100
AcDbEntity
  8
0
100
AcDbPolyline
 90
4
 70
1
 10
-99.89
 20
64.94
 10
-95.06
 20
64.94
 10
-95.06
 20
60.11
 10
-99.89
 20
60.11
  0
LWPOLYLINE
100
AcDbEntity
  8
0
100
AcDbPolyline
 90
4
 70
1
 10
-94.94
 20
64.94
 10
-90.11
 20
64.94
 10
-90.11
 20
60.11
 10
-94.94
 20
60.11
  0
LWPOLYLINE
100
AcDbEntity
  8
0
100
AcDbPolyline
 90
4
 70
1
 10
-89.89
 20
64.94
 10
-85.06
 20
64.94
 10
-85.06
 20
60.11
 10
-89.89
 20
60.11
  0
LWPOLYLINE
100
AcDbEntity
  8
0
100
AcDbPolyline
 90
4
 70
1
 10
-84.94
 20
64.94
 10
-80.11
 20
64.94
 10
-80.11
 20
60.11
 10
-84.94
 20
60.11
  0
LWPOLYLINE
100
AcDbEntity
  8
0
100
AcDbPolyline
 90
4
 70
1
 10
-78.1523
 20
64.94
 10
-75.06
 20
64.94
 10
-75.06
 20
60.11
 10
-78.1523
 20
60.11
  0
LWPOLYLINE
100
AcDbEntity
  8
0
100
AcDbPolyline
 90
4
 70
1
 10
-74.94
 20
64.94
 10
-70.11
 20
64.94
 10
-70.11
 20
60.11
 10
-74.94
 20
60.11
  0
LWPOLYLINE
100
AcDbEntity
  8
0
100
AcDbPolyline
 90
4
 70
1
 10
-67.075
 20
64.94
 10
-65.06
 20
64.94
 10
-65.06
 20
60.11
 10
-67.075
 20
60.11
  0
LWPOLYLINE
100
AcDbEntity
  8
0
100
AcDbPolyline
 90
4
 70
1
 10
-64.94
 20
64.94
 10
-60.11
 20
64.94
 10
-60.11
 20
60.11
 10
-64.94
 20
60.11
  0
LWPOLYLINE
100
AcDbEntity
  8
0
100
AcDbPolyline
 90
4
 70
1
 10
-59.89
 20
64.94
 10
-55.06
 20
64.94
 10
-55.06
 20
60.11
 10
-59.89
 20
60.11
  0
LWPOLYLINE
100
AcDbEntity
  8
0
100
AcDbPolyline
 90
4
 70
1
 10
-54.94
 20
64.94
 10
-50.11
 20
64.94
 10
-50.11
 20
60.11
 10
-54.94
 20
60.11
  0
LWPOLYLINE
100
AcDbEntity
  8
0
100
AcDbPolyline
 90
4
 70
1
 10
-49.89
 20
64.94
 10
-45.06
 20
64.94
 10
-45.06
 20
60.11
 10
-49.89
 20
60.11
  0
LWPOLYLINE
100
AcDbEntity
  8
0
100
AcDbPolyline
 90
4
 70
1
 10
-44.94
 20
64.94
 10
-40.11
 20
64.94
 10
-40.11
 20
60.11
 10
-44.94
 20
60.11
  0
LWPOLYLINE
100
AcDbEntity
  8
0
100
AcDbPolyline
 90
4
 70
1
 10
-39.89
 20
64.94
 10
-35.06
 20
64.94
 10
-35.06
 20
60.11
 10
-39.89
 20
60.11
  0
LWPOLYLINE
100
AcDbEntity
  8
0
100
AcDbPolyline
 90
4
 70
1
 10
-34.94
 20
64.94
 10
-30.11
 20
64.94
 10
-30.11
 20
60.11
 10
-34.94
 20
60.11
  0
LWPOLYLINE
100
AcDbEntity
  8
0
100
AcDbPolyline
 90
4
 70
1
 10
-29.89
 20
64.94
 10
-25.06
 20
64.94
 10
-25.06
 20
60.11
 10
-29.89
 20
60.11
  0
LWPOLYLINE
100
AcDbEntity
  8
0
100
AcDbPolyline
 90
4
 70
1
 10
-24.94
 20
64.94
 10
-20.11
 20
64.94
 10
-20.11
 20
60.11
 10
-24.94
 20
60.11
  0
LWPOLYLINE
100
AcDbEntity
  8
0
100
AcDbPolyline
 90
4
 70
1
 10
-19.89
 20
64.94
 10
-15.06
 20
64.94
 10
-15.06
 20
60.11
 10
-19.89
 20
60.11
  0
LWPOLYLINE
100
AcDbEntity
  8
0
100
AcDbPolyline
 90
4
 70
1
 10
-14.94
 20
64.94
 10
-10.11
 20
64.94
 10
-10.11
 20
60.11
 10
-14.94
 20
60.11
  0
LWPOLYLINE
100
AcDbEntity
  8
0
100
AcDbPolyline
 90
4
 70
1
 10
-9.89
 20
64.94
 10
-5.06
 20
64.94
 10
-5.06
 20
60.11
 10
-9.89
 20
60.11
  0
LWPOLYLINE
100
AcDbEntity
  8
0
100
AcDbPolyline
 90
4
 70
1
 10
-4.94
 20
64.94
 10
-0.2
 20
64.94
 10
-0.2
 20
60.11
 10
-4.94
 20
60.11
  0
LWPOLYLINE
100
AcDbEntity
  8
0
100
AcDbPolyline
 90
4
 70
1
 10
0.2
 20
64.94
 10
4.94
 20
64.94
 10
4.94
 20
60.11
 10
0.2
 20
60.11
  0
LWPOLYLINE
100
AcDbEntity
  8
0
100
AcDbPolyline
 90
4
 70
1
 10
5.06
 20
64.94
 10
9.89
 20
64.94
 10
9.89
 20
60.11
 10
5.06
 20
60.11
  0
LWPOLYLINE
100
AcDbEntity
  8
0
100
AcDbPolyline
 90
4
 70
1
 10
10.11
 20
64.94
 10
14.94
 20
64.94
 10
14.94
 20
60.11
 10
10.11
 20
60.11
  0
LWPOLYLINE
100
AcDbEntity
  8
0
100
AcDbPolyline
 90
4
 70
1
 10
15.06
 20
64.94
 10
19.89
 20
64.94
 10
19.89
 20
60.11
 10
15.06
 20
60.11
  0
LWPOLYLINE
100
AcDbEntity
  8
0
100
AcDbPolyline
 90
4
 70
1
 10
20.11
 20
64.94
 10
24.94
 20
64.94
 10
24.94
 20
60.11
 10
20.11
 20
60.11
  0
LWPOLYLINE
100
AcDbEntity
  8
0
100
AcDbPolyline
 90
4
 70
1
 10
25.06
 20
64.94
 10
29.89
 20
64.94
 10
29.89
 20
60.11
 10
25.06
 20
60.11
  0
LWPOLYLINE
100
AcDbEntity
  8
0
100
AcDbPolyline
 90
4
 70
1
 10
30.11
 20
64.94
 10
34.94
 20
64.94
 10
34.94
 20
60.11
 10
30.11
 20
60.11
  0
LWPOLYLINE
100
AcDbEntity
  8
0
100
AcDbPolyline
 90
4
 70
1
 10
35.06
 20
64.94
 10
39.89
 20
64.94
 10
39.89
 20
60.11
 10
35.06
 20
60.11
  0
LWPOLYLINE
100
AcDbEntity
  8
0
100
AcDbPolyline
 90
4
 70
1
 10
40.11
 20
64.94
 10
44.94
 20
64.94
 10
44.94
 20
60.11
 10
40.11
 20
60.11
  0
LWPOLYLINE
100
AcDbEntity
  8
0
100
AcDbPolyline
 90
4
 70
1
 10
45.06
 20
64.94
 10
49.89
 20
64.94
 10
49.89
 20
60.11
 10
45.06
 20
60.11
  0
LWPOLYLINE
100
AcDbEntity
  8
0
100
AcDbPolyline
 90
4
 70
1
 10
50.11
 20
64.94
 10
54.94
 20
64.94
 10
54.94
 20
60.11
 10
50.11
 20
60.11
  0
LWPOLYLINE
100
AcDbEntity
  8
0
100
AcDbPolyline
 90
4
 70
1
 10
55.06
 20
64.94
 10
59.89
 20
64.94
 10
59.89
 20
60.11
 10
55.06
 20
60.11
  0
LWPOLYLINE
100
AcDbEntity
  8
0
100
AcDbPolyline
 90
4
 70
1
 10
60.11
 20
64.94
 10
64.94
 20
64.94
 10
64.94
 20
60.11
 10
60.11
 20
60.11
  0
LWPOLYLINE
100
AcDbEntity
  8
0
100
AcDbPolyline
 90
4
 70
1
 10
67.625
 20
64.94
 10
69.89
 20
64.94
 10
69.89
 20
60.11
 10
67.625
 20
60.11
  0
LWPOLYLINE
100
AcDbEntity
  8
0
100
AcDbPolyline
 90
4
 70
1
 10
70.11
 20
64.94
 10
74.94
 20
64.94
 10
74.94
 20
60.11
 10
70.11
 20
60.11
  0
LWPOLYLINE
100
AcDbEntity
  8
0
100
AcDbPolyline
 90
4
 70
1
 10
80.11
 20
64.94
 10
84.94
 20
64.94
 10
84.94
 20
60.11
 10
80.11
 20
60.11
  0
LWPOLYLINE
100
AcDbEntity
  8
0
100
AcDbPolyline
 90
4
 70
1
 10
85.06
 20
64.94
 10
89.89
 20
64.94
 10
89.89
 20
60.11
 10
85.06
 20
60.11
  0
LWPOLYLINE
100
AcDbEntity
  8
0
100
AcDbPolyline
 90
4
 70
1
 10
90.11
 20
64.94
 10
94.94
 20
64.94
 10
94.94
 20
60.11
 10
90.11
 20
60.11
  0
LWPOLYLINE
100
AcDbEntity
  8
0
100
AcDbPolyline
 90
4
 70
1
 10
95.06
 20
64.94
 10
99.89
 20
64.94
 10
99.89
 20
60.11
 10
95.06
 20
60.11
  0
LWPOLYLINE
100
AcDbEntity
  8
0
100
AcDbPolyline
 90
4
 70
1
 10
100.11
 20
64.94
 10
104.94
 20
64.94
 10
104.94
 20
60.11
 10
100.11
 20
60.11
  0
LWPOLYLINE
100
AcDbEntity
  8
0
100
AcDbPolyline
 90
4
 70
1
 10
78.6023
 20
64.94
 10
79.3
 20
64.94
 10
79.3
 20
60.11
 10
78.6023
 20
60.11
  0
LWPOLYLINE
100
AcDbEntity
  8
0
100
AcDbPolyline
 90
4
 70
1
 10
75.06
 20
64.94
 10
78.1523
 20
64.94
 10
78.1523
 20
60.11
 10
75.06
 20
60.11
  0
LWPOLYLINE
100
AcDbEntity
  8
0
100
AcDbPolyline
 90
4
 70
1
 10
65.06
 20
64.94
 10
67.075
 20
64.94
 10
67.075
 20
60.11
 10
65.06
 20
60.11
  0
LWPOLYLINE
100
AcDbEntity
  8
0
100
AcDbPolyline
 90
4
 70
1
 10
-69.89
 20
64.94
 10
-67.625
 20
64.94
 10
-67.625
 20
60.11
 10
-69.89
 20
60.11
  0
LWPOLYLINE
100
AcDbEntity
  8
0
100
AcDbPolyline
 90
4
 70
1
 10
-79.3
 20
64.94
 10
-78.6023
 20
64.94
 10
-78.6023
 20
60.11
 10
-79.3
 20
60.11
  0
LWPOLYLINE
100
AcDbEntity
  8
0
100
AcDbPolyline
 90
4
 70
1
 10
-104.94
 20
59.89
 10
-100.11
 20
59.89
 10
-100.11
 20
55.06
 10
-104.94
 20
55.06
  0
LWPOLYLINE
100
AcDbEntity
  8
0
100
AcDbPolyline
 90
4
 70
1
 10
-99.89
 20
59.89
 10
-95.06
 20
59.89
 10
-95.06
 20
55.06
 10
-99.89
 20
55.06
  0
LWPOLYLINE
100
AcDbEntity
  8
0
100
AcDbPolyline
 90
4
 70
1
 10
-94.94
 20
59.89
 10
-90.11
 20
59.89
 10
-90.11
 20
55.06
 10
-94.94
 20
55.06
  0
LWPOLYLINE
100
AcDbEntity
  8
0
100
AcDbPolyline
 90
4
 70
1
 10
-89.89
 20
59.89
 10
-85.06
 20
59.89
 10
-85.06
 20
55.06
 10
-89.89
 20
55.06
  0
LWPOLYLINE
100
AcDbEntity
  8
0
100
AcDbPolyline
 90
4
 70
1
 10
-84.94
 20
59.89
 10
-80.11
 20
59.89
 10
-80.11
 20
55.06
 10
-84.94
 20
55.06
  0
LWPOLYLINE
100
AcDbEntity
  8
0
100
AcDbPolyline
 90
4
 70
1
 10
-78.1523
 20
59.89
 10
-75.06
 20
59.89
 10
-75.06
 20
55.06
 10
-78.1523
 20
55.06
  0
LWPOLYLINE
100
AcDbEntity
  8
0
100
AcDbPolyline
 90
4
 70
1
 10
-74.94
 20
59.89
 10
-70.11
 20
59.89
 10
-70.11
 20
55.06
 10
-74.94
 20
55.06
  0
LWPOLYLINE
100
AcDbEntity
  8
0
100
AcDbPolyline
 90
4
 70
1
 10
-67.075
 20
59.89
 10
-65.06
 20
59.89
 10
-65.06
 20
55.06
 10
-67.075
 20
55.06
  0
LWPOLYLINE
100
AcDbEntity
  8
0
100
AcDbPolyline
 90
4
 70
1
 10
-64.94
 20
59.89
 10
-60.11
 20
59.89
 10
-60.11
 20
55.06
 10
-64.94
 20
55.06
  0
LWPOLYLINE
100
AcDbEntity
  8
0
100
AcDbPolyline
 90
4
 70
1
 10
-59.89
 20
59.89
 10
-55.06
 20
59.89
 10
-55.06
 20
55.06
 10
-59.89
 20
55.06
  0
LWPOLYLINE
100
AcDbEntity
  8
0
100
AcDbPolyline
 90
4
 70
1
 10
-54.94
 20
59.89
 10
-50.11
 20
59.89
 10
-50.11
 20
55.06
 10
-54.94
 20
55.06
  0
LWPOLYLINE
100
AcDbEntity
  8
0
100
AcDbPolyline
 90
4
 70
1
 10
-49.89
 20
59.89
 10
-45.06
 20
59.89
 10
-45.06
 20
55.06
 10
-49.89
 20
55.06
  0
LWPOLYLINE
100
AcDbEntity
  8
0
100
AcDbPolyline
 90
4
 70
1
 10
-44.94
 20
59.89
 10
-40.11
 20
59.89
 10
-40.11
 20
55.06
 10
-44.94
 20
55.06
  0
LWPOLYLINE
100
AcDbEntity
  8
0
100
AcDbPolyline
 90
4
 70
1
 10
-39.89
 20
59.89
 10
-35.06
 20
59.89
 10
-35.06
 20
55.06
 10
-39.89
 20
55.06
  0
LWPOLYLINE
100
AcDbEntity
  8
0
100
AcDbPolyline
 90
4
 70
1
 10
-34.94
 20
59.89
 10
-30.11
 20
59.89
 10
-30.11
 20
55.06
 10
-34.94
 20
55.06
  0
LWPOLYLINE
100
AcDbEntity
  8
0
100
AcDbPolyline
 90
4
 70
1
 10
-29.89
 20
59.89
 10
-25.06
 20
59.89
 10
-25.06
 20
55.06
 10
-29.89
 20
55.06
  0
LWPOLYLINE
100
AcDbEntity
  8
0
100
AcDbPolyline
 90
4
 70
1
 10
-24.94
 20
59.89
 10
-20.11
 20
59.89
 10
-20.11
 20
55.06
 10
-24.94
 20
55.06
  0
LWPOLYLINE
100
AcDbEntity
  8
0
100
AcDbPolyline
 90
4
 70
1
 10
-19.89
 20
59.89
 10
-15.06
 20
59.89
 10
-15.06
 20
55.06
 10
-19.89
 20
55.06
  0
LWPOLYLINE
100
AcDbEntity
  8
0
100
AcDbPolyline
 90
4
 70
1
 10
-14.94
 20
59.89
 10
-10.11
 20
59.89
 10
-10.11
 20
55.06
 10
-14.94
 20
55.06
  0
LWPOLYLINE
100
AcDbEntity
  8
0
100
AcDbPolyline
 90
4
 70
1
 10
-9.89
 20
59.89
 10
-5.06
 20
59.89
 10
-5.06
 20
55.06
 10
-9.89
 20
55.06
  0
LWPOLYLINE
100
AcDbEntity
  8
0
100
AcDbPolyline
 90
4
 70
1
 10
-4.94
 20
59.89
 10
-0.2
 20
59.89
 10
-0.2
 20
55.06
 10
-4.94
 20
55.06
  0
LWPOLYLINE
100
AcDbEntity
  8
0
100
AcDbPolyline
 90
4
 70
1
 10
0.2
 20
59.89
 10
4.94
 20
59.89
 10
4.94
 20
55.06
 10
0.2
 20
55.06
  0
LWPOLYLINE
100
AcDbEntity
  8
0
100
AcDbPolyline
 90
4
 70
1
 10
5.06
 20
59.89
 10
9.89
 20
59.89
 10
9.89
 20
55.06
 10
5.06
 20
55.06
  0
LWPOLYLINE
100
AcDbEntity
  8
0
100
AcDbPolyline
 90
4
 70
1
 10
10.11
 20
59.89
 10
14.94
 20
59.89
 10
14.94
 20
55.06
 10
10.11
 20
55.06
  0
LWPOLYLINE
100
AcDbEntity
  8
0
100
AcDbPolyline
 90
4
 70
1
 10
15.06
 20
59.89
 10
19.89
 20
59.89
 10
19.89
 20
55.06
 10
15.06
 20
55.06
  0
LWPOLYLINE
100
AcDbEntity
  8
0
100
AcDbPolyline
 90
4
 70
1
 10
20.11
 20
59.89
 10
24.94
 20
59.89
 10
24.94
 20
55.06
 10
20.11
 20
55.06
  0
LWPOLYLINE
100
AcDbEntity
  8
0
100
AcDbPolyline
 90
4
 70
1
 10
25.06
 20
59.89
 10
29.89
 20
59.89
 10
29.89
 20
55.06
 10
25.06
 20
55.06
  0
LWPOLYLINE
100
AcDbEntity
  8
0
100
AcDbPolyline
 90
4
 70
1
 10
30.11
 20
59.89
 10
34.94
 20
59.89
 10
34.94
 20
55.06
 10
30.11
 20
55.06
  0
LWPOLYLINE
100
AcDbEntity
  8
0
100
AcDbPolyline
 90
4
 70
1
 10
35.06
 20
59.89
 10
39.89
 20
59.89
 10
39.89
 20
55.06
 10
35.06
 20
55.06
  0
LWPOLYLINE
100
AcDbEntity
  8
0
100
AcDbPolyline
 90
4
 70
1
 10
40.11
 20
59.89
 10
44.94
 20
59.89
 10
44.94
 20
55.06
 10
40.11
 20
55.06
  0
LWPOLYLINE
100
AcDbEntity
  8
0
100
AcDbPolyline
 90
4
 70
1
 10
45.06
 20
59.89
 10
49.89
 20
59.89
 10
49.89
 20
55.06
 10
45.06
 20
55.06
  0
LWPOLYLINE
100
AcDbEntity
  8
0
100
AcDbPolyline
 90
4
 70
1
 10
50.11
 20
59.89
 10
54.94
 20
59.89
 10
54.94
 20
55.06
 10
50.11
 20
55.06
  0
LWPOLYLINE
100
AcDbEntity
  8
0
100
AcDbPolyline
 90
4
 70
1
 10
55.06
 20
59.89
 10
59.89
 20
59.89
 10
59.89
 20
55.06
 10
55.06
 20
55.06
  0
LWPOLYLINE
100
AcDbEntity
  8
0
100
AcDbPolyline
 90
4
 70
1
 10
60.11
 20
59.89
 10
64.94
 20
59.89
 10
64.94
 20
55.06
 10
60.11
 20
55.06
  0
LWPOLYLINE
100
AcDbEntity
  8
0
100
AcDbPolyline
 90
4
 70
1
 10
67.625
 20
59.89
 10
69.89
 20
59.89
 10
69.89
 20
55.06
 10
67.625
 20
55.06
  0
LWPOLYLINE
100
AcDbEntity
  8
0
100
AcDbPolyline
 90
4
 70
1
 10
70.11
 20
59.89
 10
74.94
 20
59.89
 10
74.94
 20
55.06
 10
70.11
 20
55.06
  0
LWPOLYLINE
100
AcDbEntity
  8
0
100
AcDbPolyline
 90
4
 70
1
 10
80.11
 20
59.89
 10
84.94
 20
59.89
 10
84.94
 20
55.06
 10
80.11
 20
55.06
  0
LWPOLYLINE
100
AcDbEntity
  8
0
100
AcDbPolyline
 90
4
 70
1
 10
85.06
 20
59.89
 10
89.89
 20
59.89
 10
89.89
 20
55.06
 10
85.06
 20
55.06
  0
LWPOLYLINE
100
AcDbEntity
  8
0
100
AcDbPolyline
 90
4
 70
1
 10
90.11
 20
59.89
 10
94.94
 20
59.89
 10
94.94
 20
55.06
 10
90.11
 20
55.06
  0
LWPOLYLINE
100
AcDbEntity
  8
0
100
AcDbPolyline
 90
4
 70
1
 10
95.06
 20
59.89
 10
99.89
 20
59.89
 10
99.89
 20
55.06
 10
95.06
 20
55.06
  0
LWPOLYLINE
100
AcDbEntity
  8
0
100
AcDbPolyline
 90
4
 70
1
 10
100.11
 20
59.89
 10
104.94
 20
59.89
 10
104.94
 20
55.06
 10
100.11
 20
55.06
  0
LWPOLYLINE
100
AcDbEntity
  8
0
100
AcDbPolyline
 90
4
 70
1
 10
78.6023
 20
59.89
 10
79.3
 20
59.89
 10
79.3
 20
55.06
 10
78.6023
 20
55.06
  0
LWPOLYLINE
100
AcDbEntity
  8
0
100
AcDbPolyline
 90
4
 70
1
 10
75.06
 20
59.89
 10
78.1523
 20
59.89
 10
78.1523
 20
55.06
 10
75.06
 20
55.06
  0
LWPOLYLINE
100
AcDbEntity
  8
0
100
AcDbPolyline
 90
4
 70
1
 10
65.06
 20
59.89
 10
67.075
 20
59.89
 10
67.075
 20
55.06
 10
65.06
 20
55.06
  0
LWPOLYLINE
100
AcDbEntity
  8
0
100
AcDbPolyline
 90
4
 70
1
 10
-69.89
 20
59.89
 10
-67.625
 20
59.89
 10
-67.625
 20
55.06
 10
-69.89
 20
55.06
  0
LWPOLYLINE
100
AcDbEntity
  8
0
100
AcDbPolyline
 90
4
 70
1
 10
-79.3
 20
59.89
 10
-78.6023
 20
59.89
 10
-78.6023
 20
55.06
 10
-79.3
 20
55.06
  0
LWPOLYLINE
100
AcDbEntity
  8
0
100
AcDbPolyline
 90
4
 70
1
 10
-104.94
 20
54.94
 10
-100.11
 20
54.94
 10
-100.11
 20
50.11
 10
-104.94
 20
50.11
  0
LWPOLYLINE
100
AcDbEntity
  8
0
100
AcDbPolyline
 90
4
 70
1
 10
-99.89
 20
54.94
 10
-95.06
 20
54.94
 10
-95.06
 20
50.11
 10
-99.89
 20
50.11
  0
LWPOLYLINE
100
AcDbEntity
  8
0
100
AcDbPolyline
 90
4
 70
1
 10
-94.94
 20
54.94
 10
-90.11
 20
54.94
 10
-90.11
 20
50.11
 10
-94.94
 20
50.11
  0
LWPOLYLINE
100
AcDbEntity
  8
0
100
AcDbPolyline
 90
4
 70
1
 10
-89.89
 20
54.94
 10
-85.06
 20
54.94
 10
-85.06
 20
50.11
 10
-89.89
 20
50.11
  0
LWPOLYLINE
100
AcDbEntity
  8
0
100
AcDbPolyline
 90
4
 70
1
 10
-84.94
 20
54.94
 10
-80.11
 20
54.94
 10
-80.11
 20
50.11
 10
-84.94
 20
50.11
  0
LWPOLYLINE
100
AcDbEntity
  8
0
100
AcDbPolyline
 90
4
 70
1
 10
-78.1523
 20
54.94
 10
-75.06
 20
54.94
 10
-75.06
 20
50.11
 10
-78.1523
 20
50.11
  0
LWPOLYLINE
100
AcDbEntity
  8
0
100
AcDbPolyline
 90
4
 70
1
 10
-74.94
 20
54.94
 10
-70.11
 20
54.94
 10
-70.11
 20
50.11
 10
-74.94
 20
50.11
  0
LWPOLYLINE
100
AcDbEntity
  8
0
100
AcDbPolyline
 90
4
 70
1
 10
-67.075
 20
54.94
 10
-65.06
 20
54.94
 10
-65.06
 20
50.11
 10
-67.075
 20
50.11
  0
LWPOLYLINE
100
AcDbEntity
  8
0
100
AcDbPolyline
 90
4
 70
1
 10
-64.94
 20
54.94
 10
-60.11
 20
54.94
 10
-60.11
 20
50.11
 10
-64.94
 20
50.11
  0
LWPOLYLINE
100
AcDbEntity
  8
0
100
AcDbPolyline
 90
4
 70
1
 10
-59.89
 20
54.94
 10
-55.06
 20
54.94
 10
-55.06
 20
50.11
 10
-59.89
 20
50.11
  0
LWPOLYLINE
100
AcDbEntity
  8
0
100
AcDbPolyline
 90
4
 70
1
 10
-54.94
 20
54.94
 10
-50.11
 20
54.94
 10
-50.11
 20
50.11
 10
-54.94
 20
50.11
  0
LWPOLYLINE
100
AcDbEntity
  8
0
100
AcDbPolyline
 90
4
 70
1
 10
-49.89
 20
54.94
 10
-45.06
 20
54.94
 10
-45.06
 20
50.11
 10
-49.89
 20
50.11
  0
LWPOLYLINE
100
AcDbEntity
  8
0
100
AcDbPolyline
 90
4
 70
1
 10
-44.94
 20
54.94
 10
-40.11
 20
54.94
 10
-40.11
 20
50.11
 10
-44.94
 20
50.11
  0
LWPOLYLINE
100
AcDbEntity
  8
0
100
AcDbPolyline
 90
4
 70
1
 10
-39.89
 20
54.94
 10
-35.06
 20
54.94
 10
-35.06
 20
50.11
 10
-39.89
 20
50.11
  0
LWPOLYLINE
100
AcDbEntity
  8
0
100
AcDbPolyline
 90
4
 70
1
 10
-34.94
 20
54.94
 10
-30.11
 20
54.94
 10
-30.11
 20
50.11
 10
-34.94
 20
50.11
  0
LWPOLYLINE
100
AcDbEntity
  8
0
100
AcDbPolyline
 90
4
 70
1
 10
-29.89
 20
54.94
 10
-25.06
 20
54.94
 10
-25.06
 20
50.11
 10
-29.89
 20
50.11
  0
LWPOLYLINE
100
AcDbEntity
  8
0
100
AcDbPolyline
 90
4
 70
1
 10
-24.94
 20
54.94
 10
-20.11
 20
54.94
 10
-20.11
 20
50.11
 10
-24.94
 20
50.11
  0
LWPOLYLINE
100
AcDbEntity
  8
0
100
AcDbPolyline
 90
4
 70
1
 10
-19.89
 20
54.94
 10
-15.06
 20
54.94
 10
-15.06
 20
50.11
 10
-19.89
 20
50.11
  0
LWPOLYLINE
100
AcDbEntity
  8
0
100
AcDbPolyline
 90
4
 70
1
 10
-14.94
 20
54.94
 10
-10.11
 20
54.94
 10
-10.11
 20
50.11
 10
-14.94
 20
50.11
  0
LWPOLYLINE
100
AcDbEntity
  8
0
100
AcDbPolyline
 90
4
 70
1
 10
-9.89
 20
54.94
 10
-5.06
 20
54.94
 10
-5.06
 20
50.11
 10
-9.89
 20
50.11
  0
LWPOLYLINE
100
AcDbEntity
  8
0
100
AcDbPolyline
 90
4
 70
1
 10
-4.94
 20
54.94
 10
-0.2
 20
54.94
 10
-0.2
 20
50.11
 10
-4.94
 20
50.11
  0
LWPOLYLINE
100
AcDbEntity
  8
0
100
AcDbPolyline
 90
4
 70
1
 10
0.2
 20
54.94
 10
4.94
 20
54.94
 10
4.94
 20
50.11
 10
0.2
 20
50.11
  0
LWPOLYLINE
100
AcDbEntity
  8
0
100
AcDbPolyline
 90
4
 70
1
 10
5.06
 20
54.94
 10
9.89
 20
54.94
 10
9.89
 20
50.11
 10
5.06
 20
50.11
  0
LWPOLYLINE
100
AcDbEntity
  8
0
100
AcDbPolyline
 90
4
 70
1
 10
10.11
 20
54.94
 10
14.94
 20
54.94
 10
14.94
 20
50.11
 10
10.11
 20
50.11
  0
LWPOLYLINE
100
AcDbEntity
  8
0
100
AcDbPolyline
 90
4
 70
1
 10
15.06
 20
54.94
 10
19.89
 20
54.94
 10
19.89
 20
50.11
 10
15.06
 20
50.11
  0
LWPOLYLINE
100
AcDbEntity
  8
0
100
AcDbPolyline
 90
4
 70
1
 10
20.11
 20
54.94
 10
24.94
 20
54.94
 10
24.94
 20
50.11
 10
20.11
 20
50.11
  0
LWPOLYLINE
100
AcDbEntity
  8
0
100
AcDbPolyline
 90
4
 70
1
 10
25.06
 20
54.94
 10
29.89
 20
54.94
 10
29.89
 20
50.11
 10
25.06
 20
50.11
  0
LWPOLYLINE
100
AcDbEntity
  8
0
100
AcDbPolyline
 90
4
 70
1
 10
30.11
 20
54.94
 10
34.94
 20
54.94
 10
34.94
 20
50.11
 10
30.11
 20
50.11
  0
LWPOLYLINE
100
AcDbEntity
  8
0
100
AcDbPolyline
 90
4
 70
1
 10
35.06
 20
54.94
 10
39.89
 20
54.94
 10
39.89
 20
50.11
 10
35.06
 20
50.11
  0
LWPOLYLINE
100
AcDbEntity
  8
0
100
AcDbPolyline
 90
4
 70
1
 10
40.11
 20
54.94
 10
44.94
 20
54.94
 10
44.94
 20
50.11
 10
40.11
 20
50.11
  0
LWPOLYLINE
100
AcDbEntity
  8
0
100
AcDbPolyline
 90
4
 70
1
 10
45.06
 20
54.94
 10
49.89
 20
54.94
 10
49.89
 20
50.11
 10
45.06
 20
50.11
  0
LWPOLYLINE
100
AcDbEntity
  8
0
100
AcDbPolyline
 90
4
 70
1
 10
50.11
 20
54.94
 10
54.94
 20
54.94
 10
54.94
 20
50.11
 10
50.11
 20
50.11
  0
LWPOLYLINE
100
AcDbEntity
  8
0
100
AcDbPolyline
 90
4
 70
1
 10
55.06
 20
54.94
 10
59.89
 20
54.94
 10
59.89
 20
50.11
 10
55.06
 20
50.11
  0
LWPOLYLINE
100
AcDbEntity
  8
0
100
AcDbPolyline
 90
4
 70
1
 10
60.11
 20
54.94
 10
64.94
 20
54.94
 10
64.94
 20
50.11
 10
60.11
 20
50.11
  0
LWPOLYLINE
100
AcDbEntity
  8
0
100
AcDbPolyline
 90
4
 70
1
 10
67.625
 20
54.94
 10
69.89
 20
54.94
 10
69.89
 20
50.11
 10
67.625
 20
50.11
  0
LWPOLYLINE
100
AcDbEntity
  8
0
100
AcDbPolyline
 90
4
 70
1
 10
70.11
 20
54.94
 10
74.94
 20
54.94
 10
74.94
 20
50.11
 10
70.11
 20
50.11
  0
LWPOLYLINE
100
AcDbEntity
  8
0
100
AcDbPolyline
 90
4
 70
1
 10
80.11
 20
54.94
 10
84.94
 20
54.94
 10
84.94
 20
50.11
 10
80.11
 20
50.11
  0
LWPOLYLINE
100
AcDbEntity
  8
0
100
AcDbPolyline
 90
4
 70
1
 10
85.06
 20
54.94
 10
89.89
 20
54.94
 10
89.89
 20
50.11
 10
85.06
 20
50.11
  0
LWPOLYLINE
100
AcDbEntity
  8
0
100
AcDbPolyline
 90
4
 70
1
 10
90.11
 20
54.94
 10
94.94
 20
54.94
 10
94.94
 20
50.11
 10
90.11
 20
50.11
  0
LWPOLYLINE
100
AcDbEntity
  8
0
100
AcDbPolyline
 90
4
 70
1
 10
95.06
 20
54.94
 10
99.89
 20
54.94
 10
99.89
 20
50.11
 10
95.06
 20
50.11
  0
LWPOLYLINE
100
AcDbEntity
  8
0
100
AcDbPolyline
 90
4
 70
1
 10
100.11
 20
54.94
 10
104.94
 20
54.94
 10
104.94
 20
50.11
 10
100.11
 20
50.11
  0
LWPOLYLINE
100
AcDbEntity
  8
0
100
AcDbPolyline
 90
4
 70
1
 10
78.6023
 20
54.94
 10
79.3
 20
54.94
 10
79.3
 20
50.11
 10
78.6023
 20
50.11
  0
LWPOLYLINE
100
AcDbEntity
  8
0
100
AcDbPolyline
 90
4
 70
1
 10
75.06
 20
54.94
 10
78.1523
 20
54.94
 10
78.1523
 20
50.11
 10
75.06
 20
50.11
  0
LWPOLYLINE
100
AcDbEntity
  8
0
100
AcDbPolyline
 90
4
 70
1
 10
65.06
 20
54.94
 10
67.075
 20
54.94
 10
67.075
 20
50.11
 10
65.06
 20
50.11
  0
LWPOLYLINE
100
AcDbEntity
  8
0
100
AcDbPolyline
 90
4
 70
1
 10
-69.89
 20
54.94
 10
-67.625
 20
54.94
 10
-67.625
 20
50.11
 10
-69.89
 20
50.11
  0
LWPOLYLINE
100
AcDbEntity
  8
0
100
AcDbPolyline
 90
4
 70
1
 10
-79.3
 20
54.94
 10
-78.6023
 20
54.94
 10
-78.6023
 20
50.11
 10
-79.3
 20
50.11
  0
LWPOLYLINE
100
AcDbEntity
  8
0
100
AcDbPolyline
 90
4
 70
1
 10
-104.94
 20
49.89
 10
-100.11
 20
49.89
 10
-100.11
 20
45.06
 10
-104.94
 20
45.06
  0
LWPOLYLINE
100
AcDbEntity
  8
0
100
AcDbPolyline
 90
4
 70
1
 10
-99.89
 20
49.89
 10
-95.06
 20
49.89
 10
-95.06
 20
45.06
 10
-99.89
 20
45.06
  0
LWPOLYLINE
100
AcDbEntity
  8
0
100
AcDbPolyline
 90
4
 70
1
 10
-94.94
 20
49.89
 10
-90.11
 20
49.89
 10
-90.11
 20
45.06
 10
-94.94
 20
45.06
  0
LWPOLYLINE
100
AcDbEntity
  8
0
100
AcDbPolyline
 90
4
 70
1
 10
-89.89
 20
49.89
 10
-85.06
 20
49.89
 10
-85.06
 20
45.06
 10
-89.89
 20
45.06
  0
LWPOLYLINE
100
AcDbEntity
  8
0
100
AcDbPolyline
 90
4
 70
1
 10
-84.94
 20
49.89
 10
-80.11
 20
49.89
 10
-80.11
 20
45.06
 10
-84.94
 20
45.06
  0
LWPOLYLINE
100
AcDbEntity
  8
0
100
AcDbPolyline
 90
4
 70
1
 10
-78.1523
 20
49.89
 10
-75.06
 20
49.89
 10
-75.06
 20
45.06
 10
-78.1523
 20
45.06
  0
LWPOLYLINE
100
AcDbEntity
  8
0
100
AcDbPolyline
 90
4
 70
1
 10
-74.94
 20
49.89
 10
-70.11
 20
49.89
 10
-70.11
 20
45.06
 10
-74.94
 20
45.06
  0
LWPOLYLINE
100
AcDbEntity
  8
0
100
AcDbPolyline
 90
4
 70
1
 10
-67.075
 20
49.89
 10
-65.06
 20
49.89
 10
-65.06
 20
45.06
 10
-67.075
 20
45.06
  0
LWPOLYLINE
100
AcDbEntity
  8
0
100
AcDbPolyline
 90
4
 70
1
 10
-64.94
 20
49.89
 10
-60.11
 20
49.89
 10
-60.11
 20
45.06
 10
-64.94
 20
45.06
  0
LWPOLYLINE
100
AcDbEntity
  8
0
100
AcDbPolyline
 90
4
 70
1
 10
-59.89
 20
49.89
 10
-55.06
 20
49.89
 10
-55.06
 20
45.06
 10
-59.89
 20
45.06
  0
LWPOLYLINE
100
AcDbEntity
  8
0
100
AcDbPolyline
 90
4
 70
1
 10
-54.94
 20
49.89
 10
-50.11
 20
49.89
 10
-50.11
 20
45.06
 10
-54.94
 20
45.06
  0
LWPOLYLINE
100
AcDbEntity
  8
0
100
AcDbPolyline
 90
4
 70
1
 10
-49.89
 20
49.89
 10
-45.06
 20
49.89
 10
-45.06
 20
45.06
 10
-49.89
 20
45.06
  0
LWPOLYLINE
100
AcDbEntity
  8
0
100
AcDbPolyline
 90
4
 70
1
 10
-44.94
 20
49.89
 10
-40.11
 20
49.89
 10
-40.11
 20
45.06
 10
-44.94
 20
45.06
  0
LWPOLYLINE
100
AcDbEntity
  8
0
100
AcDbPolyline
 90
4
 70
1
 10
-39.89
 20
49.89
 10
-35.06
 20
49.89
 10
-35.06
 20
45.06
 10
-39.89
 20
45.06
  0
LWPOLYLINE
100
AcDbEntity
  8
0
100
AcDbPolyline
 90
4
 70
1
 10
-34.94
 20
49.89
 10
-30.11
 20
49.89
 10
-30.11
 20
45.06
 10
-34.94
 20
45.06
  0
LWPOLYLINE
100
AcDbEntity
  8
0
100
AcDbPolyline
 90
4
 70
1
 10
-29.89
 20
49.89
 10
-25.06
 20
49.89
 10
-25.06
 20
45.06
 10
-29.89
 20
45.06
  0
LWPOLYLINE
100
AcDbEntity
  8
0
100
AcDbPolyline
 90
4
 70
1
 10
-24.94
 20
49.89
 10
-20.11
 20
49.89
 10
-20.11
 20
45.06
 10
-24.94
 20
45.06
  0
LWPOLYLINE
100
AcDbEntity
  8
0
100
AcDbPolyline
 90
4
 70
1
 10
-19.89
 20
49.89
 10
-15.06
 20
49.89
 10
-15.06
 20
45.06
 10
-19.89
 20
45.06
  0
LWPOLYLINE
100
AcDbEntity
  8
0
100
AcDbPolyline
 90
4
 70
1
 10
-14.94
 20
49.89
 10
-10.11
 20
49.89
 10
-10.11
 20
45.06
 10
-14.94
 20
45.06
  0
LWPOLYLINE
100
AcDbEntity
  8
0
100
AcDbPolyline
 90
4
 70
1
 10
-9.89
 20
49.89
 10
-5.06
 20
49.89
 10
-5.06
 20
45.06
 10
-9.89
 20
45.06
  0
LWPOLYLINE
100
AcDbEntity
  8
0
100
AcDbPolyline
 90
4
 70
1
 10
-4.94
 20
49.89
 10
-0.2
 20
49.89
 10
-0.2
 20
45.06
 10
-4.94
 20
45.06
  0
LWPOLYLINE
100
AcDbEntity
  8
0
100
AcDbPolyline
 90
4
 70
1
 10
0.2
 20
49.89
 10
4.94
 20
49.89
 10
4.94
 20
45.06
 10
0.2
 20
45.06
  0
LWPOLYLINE
100
AcDbEntity
  8
0
100
AcDbPolyline
 90
4
 70
1
 10
5.06
 20
49.89
 10
9.89
 20
49.89
 10
9.89
 20
45.06
 10
5.06
 20
45.06
  0
LWPOLYLINE
100
AcDbEntity
  8
0
100
AcDbPolyline
 90
4
 70
1
 10
10.11
 20
49.89
 10
14.94
 20
49.89
 10
14.94
 20
45.06
 10
10.11
 20
45.06
  0
LWPOLYLINE
100
AcDbEntity
  8
0
100
AcDbPolyline
 90
4
 70
1
 10
15.06
 20
49.89
 10
19.89
 20
49.89
 10
19.89
 20
45.06
 10
15.06
 20
45.06
  0
LWPOLYLINE
100
AcDbEntity
  8
0
100
AcDbPolyline
 90
4
 70
1
 10
20.11
 20
49.89
 10
24.94
 20
49.89
 10
24.94
 20
45.06
 10
20.11
 20
45.06
  0
LWPOLYLINE
100
AcDbEntity
  8
0
100
AcDbPolyline
 90
4
 70
1
 10
25.06
 20
49.89
 10
29.89
 20
49.89
 10
29.89
 20
45.06
 10
25.06
 20
45.06
  0
LWPOLYLINE
100
AcDbEntity
  8
0
100
AcDbPolyline
 90
4
 70
1
 10
30.11
 20
49.89
 10
34.94
 20
49.89
 10
34.94
 20
45.06
 10
30.11
 20
45.06
  0
LWPOLYLINE
100
AcDbEntity
  8
0
100
AcDbPolyline
 90
4
 70
1
 10
35.06
 20
49.89
 10
39.89
 20
49.89
 10
39.89
 20
45.06
 10
35.06
 20
45.06
  0
LWPOLYLINE
100
AcDbEntity
  8
0
100
AcDbPolyline
 90
4
 70
1
 10
40.11
 20
49.89
 10
44.94
 20
49.89
 10
44.94
 20
45.06
 10
40.11
 20
45.06
  0
LWPOLYLINE
100
AcDbEntity
  8
0
100
AcDbPolyline
 90
4
 70
1
 10
45.06
 20
49.89
 10
49.89
 20
49.89
 10
49.89
 20
45.06
 10
45.06
 20
45.06
  0
LWPOLYLINE
100
AcDbEntity
  8
0
100
AcDbPolyline
 90
4
 70
1
 10
50.11
 20
49.89
 10
54.94
 20
49.89
 10
54.94
 20
45.06
 10
50.11
 20
45.06
  0
LWPOLYLINE
100
AcDbEntity
  8
0
100
AcDbPolyline
 90
4
 70
1
 10
55.06
 20
49.89
 10
59.89
 20
49.89
 10
59.89
 20
45.06
 10
55.06
 20
45.06
  0
LWPOLYLINE
100
AcDbEntity
  8
0
100
AcDbPolyline
 90
4
 70
1
 10
60.11
 20
49.89
 10
64.94
 20
49.89
 10
64.94
 20
45.06
 10
60.11
 20
45.06
  0
LWPOLYLINE
100
AcDbEntity
  8
0
100
AcDbPolyline
 90
4
 70
1
 10
67.625
 20
49.89
 10
69.89
 20
49.89
 10
69.89
 20
45.06
 10
67.625
 20
45.06
  0
LWPOLYLINE
100
AcDbEntity
  8
0
100
AcDbPolyline
 90
4
 70
1
 10
70.11
 20
49.89
 10
74.94
 20
49.89
 10
74.94
 20
45.06
 10
70.11
 20
45.06
  0
LWPOLYLINE
100
AcDbEntity
  8
0
100
AcDbPolyline
 90
4
 70
1
 10
80.11
 20
49.89
 10
84.94
 20
49.89
 10
84.94
 20
45.06
 10
80.11
 20
45.06
  0
LWPOLYLINE
100
AcDbEntity
  8
0
100
AcDbPolyline
 90
4
 70
1
 10
85.06
 20
49.89
 10
89.89
 20
49.89
 10
89.89
 20
45.06
 10
85.06
 20
45.06
  0
LWPOLYLINE
100
AcDbEntity
  8
0
100
AcDbPolyline
 90
4
 70
1
 10
90.11
 20
49.89
 10
94.94
 20
49.89
 10
94.94
 20
45.06
 10
90.11
 20
45.06
  0
LWPOLYLINE
100
AcDbEntity
  8
0
100
AcDbPolyline
 90
4
 70
1
 10
95.06
 20
49.89
 10
99.89
 20
49.89
 10
99.89
 20
45.06
 10
95.06
 20
45.06
  0
LWPOLYLINE
100
AcDbEntity
  8
0
100
AcDbPolyline
 90
4
 70
1
 10
100.11
 20
49.89
 10
104.94
 20
49.89
 10
104.94
 20
45.06
 10
100.11
 20
45.06
  0
LWPOLYLINE
100
AcDbEntity
  8
0
100
AcDbPolyline
 90
4
 70
1
 10
78.6023
 20
49.89
 10
79.3
 20
49.89
 10
79.3
 20
45.06
 10
78.6023
 20
45.06
  0
LWPOLYLINE
100
AcDbEntity
  8
0
100
AcDbPolyline
 90
4
 70
1
 10
75.06
 20
49.89
 10
78.1523
 20
49.89
 10
78.1523
 20
45.06
 10
75.06
 20
45.06
  0
LWPOLYLINE
100
AcDbEntity
  8
0
100
AcDbPolyline
 90
4
 70
1
 10
65.06
 20
49.89
 10
67.075
 20
49.89
 10
67.075
 20
45.06
 10
65.06
 20
45.06
  0
LWPOLYLINE
100
AcDbEntity
  8
0
100
AcDbPolyline
 90
4
 70
1
 10
-69.89
 20
49.89
 10
-67.625
 20
49.89
 10
-67.625
 20
45.06
 10
-69.89
 20
45.06
  0
LWPOLYLINE
100
AcDbEntity
  8
0
100
AcDbPolyline
 90
4
 70
1
 10
-79.3
 20
49.89
 10
-78.6023
 20
49.89
 10
-78.6023
 20
45.06
 10
-79.3
 20
45.06
  0
LWPOLYLINE
100
AcDbEntity
  8
0
100
AcDbPolyline
 90
4
 70
1
 10
-104.94
 20
44.94
 10
-100.11
 20
44.94
 10
-100.11
 20
40.11
 10
-104.94
 20
40.11
  0
LWPOLYLINE
100
AcDbEntity
  8
0
100
AcDbPolyline
 90
4
 70
1
 10
-99.89
 20
44.94
 10
-95.06
 20
44.94
 10
-95.06
 20
40.11
 10
-99.89
 20
40.11
  0
LWPOLYLINE
100
AcDbEntity
  8
0
100
AcDbPolyline
 90
4
 70
1
 10
-94.94
 20
44.94
 10
-90.11
 20
44.94
 10
-90.11
 20
40.11
 10
-94.94
 20
40.11
  0
LWPOLYLINE
100
AcDbEntity
  8
0
100
AcDbPolyline
 90
4
 70
1
 10
-89.89
 20
44.94
 10
-85.06
 20
44.94
 10
-85.06
 20
40.11
 10
-89.89
 20
40.11
  0
LWPOLYLINE
100
AcDbEntity
  8
0
100
AcDbPolyline
 90
4
 70
1
 10
-84.94
 20
44.94
 10
-80.11
 20
44.94
 10
-80.11
 20
40.11
 10
-84.94
 20
40.11
  0
LWPOLYLINE
100
AcDbEntity
  8
0
100
AcDbPolyline
 90
4
 70
1
 10
-78.1523
 20
44.94
 10
-75.06
 20
44.94
 10
-75.06
 20
40.11
 10
-78.1523
 20
40.11
  0
LWPOLYLINE
100
AcDbEntity
  8
0
100
AcDbPolyline
 90
4
 70
1
 10
-74.94
 20
44.94
 10
-70.11
 20
44.94
 10
-70.11
 20
40.11
 10
-74.94
 20
40.11
  0
LWPOLYLINE
100
AcDbEntity
  8
0
100
AcDbPolyline
 90
4
 70
1
 10
-67.075
 20
44.94
 10
-65.06
 20
44.94
 10
-65.06
 20
40.11
 10
-67.075
 20
40.11
  0
LWPOLYLINE
100
AcDbEntity
  8
0
100
AcDbPolyline
 90
4
 70
1
 10
-64.94
 20
44.94
 10
-60.11
 20
44.94
 10
-60.11
 20
40.11
 10
-64.94
 20
40.11
  0
LWPOLYLINE
100
AcDbEntity
  8
0
100
AcDbPolyline
 90
4
 70
1
 10
-59.89
 20
44.94
 10
-55.06
 20
44.94
 10
-55.06
 20
40.11
 10
-59.89
 20
40.11
  0
LWPOLYLINE
100
AcDbEntity
  8
0
100
AcDbPolyline
 90
4
 70
1
 10
-54.94
 20
44.94
 10
-50.11
 20
44.94
 10
-50.11
 20
40.11
 10
-54.94
 20
40.11
  0
LWPOLYLINE
100
AcDbEntity
  8
0
100
AcDbPolyline
 90
4
 70
1
 10
-49.89
 20
44.94
 10
-45.06
 20
44.94
 10
-45.06
 20
40.11
 10
-49.89
 20
40.11
  0
LWPOLYLINE
100
AcDbEntity
  8
0
100
AcDbPolyline
 90
4
 70
1
 10
-44.94
 20
44.94
 10
-40.11
 20
44.94
 10
-40.11
 20
40.11
 10
-44.94
 20
40.11
  0
LWPOLYLINE
100
AcDbEntity
  8
0
100
AcDbPolyline
 90
4
 70
1
 10
-39.89
 20
44.94
 10
-35.06
 20
44.94
 10
-35.06
 20
40.11
 10
-39.89
 20
40.11
  0
LWPOLYLINE
100
AcDbEntity
  8
0
100
AcDbPolyline
 90
4
 70
1
 10
-34.94
 20
44.94
 10
-30.11
 20
44.94
 10
-30.11
 20
40.11
 10
-34.94
 20
40.11
  0
LWPOLYLINE
100
AcDbEntity
  8
0
100
AcDbPolyline
 90
4
 70
1
 10
-29.89
 20
44.94
 10
-25.06
 20
44.94
 10
-25.06
 20
40.11
 10
-29.89
 20
40.11
  0
LWPOLYLINE
100
AcDbEntity
  8
0
100
AcDbPolyline
 90
4
 70
1
 10
-24.94
 20
44.94
 10
-20.11
 20
44.94
 10
-20.11
 20
40.11
 10
-24.94
 20
40.11
  0
LWPOLYLINE
100
AcDbEntity
  8
0
100
AcDbPolyline
 90
4
 70
1
 10
-19.89
 20
44.94
 10
-15.06
 20
44.94
 10
-15.06
 20
40.11
 10
-19.89
 20
40.11
  0
LWPOLYLINE
100
AcDbEntity
  8
0
100
AcDbPolyline
 90
4
 70
1
 10
-14.94
 20
44.94
 10
-10.11
 20
44.94
 10
-10.11
 20
40.11
 10
-14.94
 20
40.11
  0
LWPOLYLINE
100
AcDbEntity
  8
0
100
AcDbPolyline
 90
4
 70
1
 10
-9.89
 20
44.94
 10
-5.06
 20
44.94
 10
-5.06
 20
40.11
 10
-9.89
 20
40.11
  0
LWPOLYLINE
100
AcDbEntity
  8
0
100
AcDbPolyline
 90
4
 70
1
 10
-4.94
 20
44.94
 10
-0.2
 20
44.94
 10
-0.2
 20
40.11
 10
-4.94
 20
40.11
  0
LWPOLYLINE
100
AcDbEntity
  8
0
100
AcDbPolyline
 90
4
 70
1
 10
0.2
 20
44.94
 10
4.94
 20
44.94
 10
4.94
 20
40.11
 10
0.2
 20
40.11
  0
LWPOLYLINE
100
AcDbEntity
  8
0
100
AcDbPolyline
 90
4
 70
1
 10
5.06
 20
44.94
 10
9.89
 20
44.94
 10
9.89
 20
40.11
 10
5.06
 20
40.11
  0
LWPOLYLINE
100
AcDbEntity
  8
0
100
AcDbPolyline
 90
4
 70
1
 10
10.11
 20
44.94
 10
14.94
 20
44.94
 10
14.94
 20
40.11
 10
10.11
 20
40.11
  0
LWPOLYLINE
100
AcDbEntity
  8
0
100
AcDbPolyline
 90
4
 70
1
 10
15.06
 20
44.94
 10
19.89
 20
44.94
 10
19.89
 20
40.11
 10
15.06
 20
40.11
  0
LWPOLYLINE
100
AcDbEntity
  8
0
100
AcDbPolyline
 90
4
 70
1
 10
20.11
 20
44.94
 10
24.94
 20
44.94
 10
24.94
 20
40.11
 10
20.11
 20
40.11
  0
LWPOLYLINE
100
AcDbEntity
  8
0
100
AcDbPolyline
 90
4
 70
1
 10
25.06
 20
44.94
 10
29.89
 20
44.94
 10
29.89
 20
40.11
 10
25.06
 20
40.11
  0
LWPOLYLINE
100
AcDbEntity
  8
0
100
AcDbPolyline
 90
4
 70
1
 10
30.11
 20
44.94
 10
34.94
 20
44.94
 10
34.94
 20
40.11
 10
30.11
 20
40.11
  0
LWPOLYLINE
100
AcDbEntity
  8
0
100
AcDbPolyline
 90
4
 70
1
 10
35.06
 20
44.94
 10
39.89
 20
44.94
 10
39.89
 20
40.11
 10
35.06
 20
40.11
  0
LWPOLYLINE
100
AcDbEntity
  8
0
100
AcDbPolyline
 90
4
 70
1
 10
40.11
 20
44.94
 10
44.94
 20
44.94
 10
44.94
 20
40.11
 10
40.11
 20
40.11
  0
LWPOLYLINE
100
AcDbEntity
  8
0
100
AcDbPolyline
 90
4
 70
1
 10
45.06
 20
44.94
 10
49.89
 20
44.94
 10
49.89
 20
40.11
 10
45.06
 20
40.11
  0
LWPOLYLINE
100
AcDbEntity
  8
0
100
AcDbPolyline
 90
4
 70
1
 10
50.11
 20
44.94
 10
54.94
 20
44.94
 10
54.94
 20
40.11
 10
50.11
 20
40.11
  0
LWPOLYLINE
100
AcDbEntity
  8
0
100
AcDbPolyline
 90
4
 70
1
 10
55.06
 20
44.94
 10
59.89
 20
44.94
 10
59.89
 20
40.11
 10
55.06
 20
40.11
  0
LWPOLYLINE
100
AcDbEntity
  8
0
100
AcDbPolyline
 90
4
 70
1
 10
60.11
 20
44.94
 10
64.94
 20
44.94
 10
64.94
 20
40.11
 10
60.11
 20
40.11
  0
LWPOLYLINE
100
AcDbEntity
  8
0
100
AcDbPolyline
 90
4
 70
1
 10
67.625
 20
44.94
 10
69.89
 20
44.94
 10
69.89
 20
40.11
 10
67.625
 20
40.11
  0
LWPOLYLINE
100
AcDbEntity
  8
0
100
AcDbPolyline
 90
4
 70
1
 10
70.11
 20
44.94
 10
74.94
 20
44.94
 10
74.94
 20
40.11
 10
70.11
 20
40.11
  0
LWPOLYLINE
100
AcDbEntity
  8
0
100
AcDbPolyline
 90
4
 70
1
 10
80.11
 20
44.94
 10
84.94
 20
44.94
 10
84.94
 20
40.11
 10
80.11
 20
40.11
  0
LWPOLYLINE
100
AcDbEntity
  8
0
100
AcDbPolyline
 90
4
 70
1
 10
85.06
 20
44.94
 10
89.89
 20
44.94
 10
89.89
 20
40.11
 10
85.06
 20
40.11
  0
LWPOLYLINE
100
AcDbEntity
  8
0
100
AcDbPolyline
 90
4
 70
1
 10
90.11
 20
44.94
 10
94.94
 20
44.94
 10
94.94
 20
40.11
 10
90.11
 20
40.11
  0
LWPOLYLINE
100
AcDbEntity
  8
0
100
AcDbPolyline
 90
4
 70
1
 10
95.06
 20
44.94
 10
99.89
 20
44.94
 10
99.89
 20
40.11
 10
95.06
 20
40.11
  0
LWPOLYLINE
100
AcDbEntity
  8
0
100
AcDbPolyline
 90
4
 70
1
 10
100.11
 20
44.94
 10
104.94
 20
44.94
 10
104.94
 20
40.11
 10
100.11
 20
40.11
  0
LWPOLYLINE
100
AcDbEntity
  8
0
100
AcDbPolyline
 90
4
 70
1
 10
78.6023
 20
44.94
 10
79.3
 20
44.94
 10
79.3
 20
40.11
 10
78.6023
 20
40.11
  0
LWPOLYLINE
100
AcDbEntity
  8
0
100
AcDbPolyline
 90
4
 70
1
 10
75.06
 20
44.94
 10
78.1523
 20
44.94
 10
78.1523
 20
40.11
 10
75.06
 20
40.11
  0
LWPOLYLINE
100
AcDbEntity
  8
0
100
AcDbPolyline
 90
4
 70
1
 10
65.06
 20
44.94
 10
67.075
 20
44.94
 10
67.075
 20
40.11
 10
65.06
 20
40.11
  0
LWPOLYLINE
100
AcDbEntity
  8
0
100
AcDbPolyline
 90
4
 70
1
 10
-69.89
 20
44.94
 10
-67.625
 20
44.94
 10
-67.625
 20
40.11
 10
-69.89
 20
40.11
  0
LWPOLYLINE
100
AcDbEntity
  8
0
100
AcDbPolyline
 90
4
 70
1
 10
-79.3
 20
44.94
 10
-78.6023
 20
44.94
 10
-78.6023
 20
40.11
 10
-79.3
 20
40.11
  0
LWPOLYLINE
100
AcDbEntity
  8
0
100
AcDbPolyline
 90
4
 70
1
 10
-104.94
 20
39.89
 10
-100.11
 20
39.89
 10
-100.11
 20
35.06
 10
-104.94
 20
35.06
  0
LWPOLYLINE
100
AcDbEntity
  8
0
100
AcDbPolyline
 90
4
 70
1
 10
-99.89
 20
39.89
 10
-95.06
 20
39.89
 10
-95.06
 20
35.06
 10
-99.89
 20
35.06
  0
LWPOLYLINE
100
AcDbEntity
  8
0
100
AcDbPolyline
 90
4
 70
1
 10
-94.94
 20
39.89
 10
-90.11
 20
39.89
 10
-90.11
 20
35.06
 10
-94.94
 20
35.06
  0
LWPOLYLINE
100
AcDbEntity
  8
0
100
AcDbPolyline
 90
4
 70
1
 10
-89.89
 20
39.89
 10
-85.06
 20
39.89
 10
-85.06
 20
35.06
 10
-89.89
 20
35.06
  0
LWPOLYLINE
100
AcDbEntity
  8
0
100
AcDbPolyline
 90
4
 70
1
 10
-84.94
 20
39.89
 10
-80.11
 20
39.89
 10
-80.11
 20
35.06
 10
-84.94
 20
35.06
  0
LWPOLYLINE
100
AcDbEntity
  8
0
100
AcDbPolyline
 90
4
 70
1
 10
-78.1523
 20
39.89
 10
-75.06
 20
39.89
 10
-75.06
 20
35.06
 10
-78.1523
 20
35.06
  0
LWPOLYLINE
100
AcDbEntity
  8
0
100
AcDbPolyline
 90
4
 70
1
 10
-74.94
 20
39.89
 10
-70.11
 20
39.89
 10
-70.11
 20
35.06
 10
-74.94
 20
35.06
  0
LWPOLYLINE
100
AcDbEntity
  8
0
100
AcDbPolyline
 90
4
 70
1
 10
-67.075
 20
39.89
 10
-65.06
 20
39.89
 10
-65.06
 20
35.06
 10
-67.075
 20
35.06
  0
LWPOLYLINE
100
AcDbEntity
  8
0
100
AcDbPolyline
 90
4
 70
1
 10
-64.94
 20
39.89
 10
-60.11
 20
39.89
 10
-60.11
 20
35.06
 10
-64.94
 20
35.06
  0
LWPOLYLINE
100
AcDbEntity
  8
0
100
AcDbPolyline
 90
4
 70
1
 10
-59.89
 20
39.89
 10
-55.06
 20
39.89
 10
-55.06
 20
35.06
 10
-59.89
 20
35.06
  0
LWPOLYLINE
100
AcDbEntity
  8
0
100
AcDbPolyline
 90
4
 70
1
 10
-54.94
 20
39.89
 10
-50.11
 20
39.89
 10
-50.11
 20
35.06
 10
-54.94
 20
35.06
  0
LWPOLYLINE
100
AcDbEntity
  8
0
100
AcDbPolyline
 90
4
 70
1
 10
-49.89
 20
39.89
 10
-45.06
 20
39.89
 10
-45.06
 20
35.06
 10
-49.89
 20
35.06
  0
LWPOLYLINE
100
AcDbEntity
  8
0
100
AcDbPolyline
 90
4
 70
1
 10
-44.94
 20
39.89
 10
-40.11
 20
39.89
 10
-40.11
 20
35.06
 10
-44.94
 20
35.06
  0
LWPOLYLINE
100
AcDbEntity
  8
0
100
AcDbPolyline
 90
4
 70
1
 10
-39.89
 20
39.89
 10
-35.06
 20
39.89
 10
-35.06
 20
35.06
 10
-39.89
 20
35.06
  0
LWPOLYLINE
100
AcDbEntity
  8
0
100
AcDbPolyline
 90
4
 70
1
 10
-34.94
 20
39.89
 10
-30.11
 20
39.89
 10
-30.11
 20
35.06
 10
-34.94
 20
35.06
  0
LWPOLYLINE
100
AcDbEntity
  8
0
100
AcDbPolyline
 90
4
 70
1
 10
-29.89
 20
39.89
 10
-25.06
 20
39.89
 10
-25.06
 20
35.06
 10
-29.89
 20
35.06
  0
LWPOLYLINE
100
AcDbEntity
  8
0
100
AcDbPolyline
 90
4
 70
1
 10
-24.94
 20
39.89
 10
-20.11
 20
39.89
 10
-20.11
 20
35.06
 10
-24.94
 20
35.06
  0
LWPOLYLINE
100
AcDbEntity
  8
0
100
AcDbPolyline
 90
4
 70
1
 10
-19.89
 20
39.89
 10
-15.06
 20
39.89
 10
-15.06
 20
35.06
 10
-19.89
 20
35.06
  0
LWPOLYLINE
100
AcDbEntity
  8
0
100
AcDbPolyline
 90
4
 70
1
 10
-14.94
 20
39.89
 10
-10.11
 20
39.89
 10
-10.11
 20
35.06
 10
-14.94
 20
35.06
  0
LWPOLYLINE
100
AcDbEntity
  8
0
100
AcDbPolyline
 90
4
 70
1
 10
-9.89
 20
39.89
 10
-5.06
 20
39.89
 10
-5.06
 20
35.06
 10
-9.89
 20
35.06
  0
LWPOLYLINE
100
AcDbEntity
  8
0
100
AcDbPolyline
 90
4
 70
1
 10
-4.94
 20
39.89
 10
-0.2
 20
39.89
 10
-0.2
 20
35.06
 10
-4.94
 20
35.06
  0
LWPOLYLINE
100
AcDbEntity
  8
0
100
AcDbPolyline
 90
4
 70
1
 10
0.2
 20
39.89
 10
4.94
 20
39.89
 10
4.94
 20
35.06
 10
0.2
 20
35.06
  0
LWPOLYLINE
100
AcDbEntity
  8
0
100
AcDbPolyline
 90
4
 70
1
 10
5.06
 20
39.89
 10
9.89
 20
39.89
 10
9.89
 20
35.06
 10
5.06
 20
35.06
  0
LWPOLYLINE
100
AcDbEntity
  8
0
100
AcDbPolyline
 90
4
 70
1
 10
10.11
 20
39.89
 10
14.94
 20
39.89
 10
14.94
 20
35.06
 10
10.11
 20
35.06
  0
LWPOLYLINE
100
AcDbEntity
  8
0
100
AcDbPolyline
 90
4
 70
1
 10
15.06
 20
39.89
 10
19.89
 20
39.89
 10
19.89
 20
35.06
 10
15.06
 20
35.06
  0
LWPOLYLINE
100
AcDbEntity
  8
0
100
AcDbPolyline
 90
4
 70
1
 10
20.11
 20
39.89
 10
24.94
 20
39.89
 10
24.94
 20
35.06
 10
20.11
 20
35.06
  0
LWPOLYLINE
100
AcDbEntity
  8
0
100
AcDbPolyline
 90
4
 70
1
 10
25.06
 20
39.89
 10
29.89
 20
39.89
 10
29.89
 20
35.06
 10
25.06
 20
35.06
  0
LWPOLYLINE
100
AcDbEntity
  8
0
100
AcDbPolyline
 90
4
 70
1
 10
30.11
 20
39.89
 10
34.94
 20
39.89
 10
34.94
 20
35.06
 10
30.11
 20
35.06
  0
LWPOLYLINE
100
AcDbEntity
  8
0
100
AcDbPolyline
 90
4
 70
1
 10
35.06
 20
39.89
 10
39.89
 20
39.89
 10
39.89
 20
35.06
 10
35.06
 20
35.06
  0
LWPOLYLINE
100
AcDbEntity
  8
0
100
AcDbPolyline
 90
4
 70
1
 10
40.11
 20
39.89
 10
44.94
 20
39.89
 10
44.94
 20
35.06
 10
40.11
 20
35.06
  0
LWPOLYLINE
100
AcDbEntity
  8
0
100
AcDbPolyline
 90
4
 70
1
 10
45.06
 20
39.89
 10
49.89
 20
39.89
 10
49.89
 20
35.06
 10
45.06
 20
35.06
  0
LWPOLYLINE
100
AcDbEntity
  8
0
100
AcDbPolyline
 90
4
 70
1
 10
50.11
 20
39.89
 10
54.94
 20
39.89
 10
54.94
 20
35.06
 10
50.11
 20
35.06
  0
LWPOLYLINE
100
AcDbEntity
  8
0
100
AcDbPolyline
 90
4
 70
1
 10
55.06
 20
39.89
 10
59.89
 20
39.89
 10
59.89
 20
35.06
 10
55.06
 20
35.06
  0
LWPOLYLINE
100
AcDbEntity
  8
0
100
AcDbPolyline
 90
4
 70
1
 10
60.11
 20
39.89
 10
64.94
 20
39.89
 10
64.94
 20
35.06
 10
60.11
 20
35.06
  0
LWPOLYLINE
100
AcDbEntity
  8
0
100
AcDbPolyline
 90
4
 70
1
 10
67.625
 20
39.89
 10
69.89
 20
39.89
 10
69.89
 20
35.06
 10
67.625
 20
35.06
  0
LWPOLYLINE
100
AcDbEntity
  8
0
100
AcDbPolyline
 90
4
 70
1
 10
70.11
 20
39.89
 10
74.94
 20
39.89
 10
74.94
 20
35.06
 10
70.11
 20
35.06
  0
LWPOLYLINE
100
AcDbEntity
  8
0
100
AcDbPolyline
 90
4
 70
1
 10
80.11
 20
39.89
 10
84.94
 20
39.89
 10
84.94
 20
35.06
 10
80.11
 20
35.06
  0
LWPOLYLINE
100
AcDbEntity
  8
0
100
AcDbPolyline
 90
4
 70
1
 10
85.06
 20
39.89
 10
89.89
 20
39.89
 10
89.89
 20
35.06
 10
85.06
 20
35.06
  0
LWPOLYLINE
100
AcDbEntity
  8
0
100
AcDbPolyline
 90
4
 70
1
 10
90.11
 20
39.89
 10
94.94
 20
39.89
 10
94.94
 20
35.06
 10
90.11
 20
35.06
  0
LWPOLYLINE
100
AcDbEntity
  8
0
100
AcDbPolyline
 90
4
 70
1
 10
95.06
 20
39.89
 10
99.89
 20
39.89
 10
99.89
 20
35.06
 10
95.06
 20
35.06
  0
LWPOLYLINE
100
AcDbEntity
  8
0
100
AcDbPolyline
 90
4
 70
1
 10
100.11
 20
39.89
 10
104.94
 20
39.89
 10
104.94
 20
35.06
 10
100.11
 20
35.06
  0
LWPOLYLINE
100
AcDbEntity
  8
0
100
AcDbPolyline
 90
4
 70
1
 10
78.6023
 20
39.89
 10
79.3
 20
39.89
 10
79.3
 20
35.06
 10
78.6023
 20
35.06
  0
LWPOLYLINE
100
AcDbEntity
  8
0
100
AcDbPolyline
 90
4
 70
1
 10
75.06
 20
39.89
 10
78.1523
 20
39.89
 10
78.1523
 20
35.06
 10
75.06
 20
35.06
  0
LWPOLYLINE
100
AcDbEntity
  8
0
100
AcDbPolyline
 90
4
 70
1
 10
65.06
 20
39.89
 10
67.075
 20
39.89
 10
67.075
 20
35.06
 10
65.06
 20
35.06
  0
LWPOLYLINE
100
AcDbEntity
  8
0
100
AcDbPolyline
 90
4
 70
1
 10
-69.89
 20
39.89
 10
-67.625
 20
39.89
 10
-67.625
 20
35.06
 10
-69.89
 20
35.06
  0
LWPOLYLINE
100
AcDbEntity
  8
0
100
AcDbPolyline
 90
4
 70
1
 10
-79.3
 20
39.89
 10
-78.6023
 20
39.89
 10
-78.6023
 20
35.06
 10
-79.3
 20
35.06
  0
LWPOLYLINE
100
AcDbEntity
  8
0
100
AcDbPolyline
 90
4
 70
1
 10
-104.94
 20
34.94
 10
-100.11
 20
34.94
 10
-100.11
 20
30.11
 10
-104.94
 20
30.11
  0
LWPOLYLINE
100
AcDbEntity
  8
0
100
AcDbPolyline
 90
4
 70
1
 10
-99.89
 20
34.94
 10
-95.06
 20
34.94
 10
-95.06
 20
30.11
 10
-99.89
 20
30.11
  0
LWPOLYLINE
100
AcDbEntity
  8
0
100
AcDbPolyline
 90
4
 70
1
 10
-94.94
 20
34.94
 10
-90.11
 20
34.94
 10
-90.11
 20
30.11
 10
-94.94
 20
30.11
  0
LWPOLYLINE
100
AcDbEntity
  8
0
100
AcDbPolyline
 90
4
 70
1
 10
-89.89
 20
34.94
 10
-85.06
 20
34.94
 10
-85.06
 20
30.11
 10
-89.89
 20
30.11
  0
LWPOLYLINE
100
AcDbEntity
  8
0
100
AcDbPolyline
 90
4
 70
1
 10
-84.94
 20
34.94
 10
-80.11
 20
34.94
 10
-80.11
 20
30.11
 10
-84.94
 20
30.11
  0
LWPOLYLINE
100
AcDbEntity
  8
0
100
AcDbPolyline
 90
4
 70
1
 10
-78.1523
 20
34.94
 10
-75.06
 20
34.94
 10
-75.06
 20
30.11
 10
-78.1523
 20
30.11
  0
LWPOLYLINE
100
AcDbEntity
  8
0
100
AcDbPolyline
 90
4
 70
1
 10
-74.94
 20
34.94
 10
-70.11
 20
34.94
 10
-70.11
 20
30.11
 10
-74.94
 20
30.11
  0
LWPOLYLINE
100
AcDbEntity
  8
0
100
AcDbPolyline
 90
4
 70
1
 10
-67.075
 20
34.94
 10
-65.06
 20
34.94
 10
-65.06
 20
30.11
 10
-67.075
 20
30.11
  0
LWPOLYLINE
100
AcDbEntity
  8
0
100
AcDbPolyline
 90
4
 70
1
 10
-64.94
 20
34.94
 10
-60.11
 20
34.94
 10
-60.11
 20
30.11
 10
-64.94
 20
30.11
  0
LWPOLYLINE
100
AcDbEntity
  8
0
100
AcDbPolyline
 90
4
 70
1
 10
-59.89
 20
34.94
 10
-55.06
 20
34.94
 10
-55.06
 20
30.11
 10
-59.89
 20
30.11
  0
LWPOLYLINE
100
AcDbEntity
  8
0
100
AcDbPolyline
 90
4
 70
1
 10
-54.94
 20
34.94
 10
-50.11
 20
34.94
 10
-50.11
 20
30.11
 10
-54.94
 20
30.11
  0
LWPOLYLINE
100
AcDbEntity
  8
0
100
AcDbPolyline
 90
4
 70
1
 10
-49.89
 20
34.94
 10
-45.06
 20
34.94
 10
-45.06
 20
30.11
 10
-49.89
 20
30.11
  0
LWPOLYLINE
100
AcDbEntity
  8
0
100
AcDbPolyline
 90
4
 70
1
 10
-44.94
 20
34.94
 10
-40.11
 20
34.94
 10
-40.11
 20
30.11
 10
-44.94
 20
30.11
  0
LWPOLYLINE
100
AcDbEntity
  8
0
100
AcDbPolyline
 90
4
 70
1
 10
-39.89
 20
34.94
 10
-35.06
 20
34.94
 10
-35.06
 20
30.11
 10
-39.89
 20
30.11
  0
LWPOLYLINE
100
AcDbEntity
  8
0
100
AcDbPolyline
 90
4
 70
1
 10
-34.94
 20
34.94
 10
-30.11
 20
34.94
 10
-30.11
 20
30.11
 10
-34.94
 20
30.11
  0
LWPOLYLINE
100
AcDbEntity
  8
0
100
AcDbPolyline
 90
4
 70
1
 10
-29.89
 20
34.94
 10
-25.06
 20
34.94
 10
-25.06
 20
30.11
 10
-29.89
 20
30.11
  0
LWPOLYLINE
100
AcDbEntity
  8
0
100
AcDbPolyline
 90
4
 70
1
 10
-24.94
 20
34.94
 10
-20.11
 20
34.94
 10
-20.11
 20
30.11
 10
-24.94
 20
30.11
  0
LWPOLYLINE
100
AcDbEntity
  8
0
100
AcDbPolyline
 90
4
 70
1
 10
-19.89
 20
34.94
 10
-15.06
 20
34.94
 10
-15.06
 20
30.11
 10
-19.89
 20
30.11
  0
LWPOLYLINE
100
AcDbEntity
  8
0
100
AcDbPolyline
 90
4
 70
1
 10
-14.94
 20
34.94
 10
-10.11
 20
34.94
 10
-10.11
 20
30.11
 10
-14.94
 20
30.11
  0
LWPOLYLINE
100
AcDbEntity
  8
0
100
AcDbPolyline
 90
4
 70
1
 10
-9.89
 20
34.94
 10
-5.06
 20
34.94
 10
-5.06
 20
30.11
 10
-9.89
 20
30.11
  0
LWPOLYLINE
100
AcDbEntity
  8
0
100
AcDbPolyline
 90
4
 70
1
 10
-4.94
 20
34.94
 10
-0.2
 20
34.94
 10
-0.2
 20
30.11
 10
-4.94
 20
30.11
  0
LWPOLYLINE
100
AcDbEntity
  8
0
100
AcDbPolyline
 90
4
 70
1
 10
0.2
 20
34.94
 10
4.94
 20
34.94
 10
4.94
 20
30.11
 10
0.2
 20
30.11
  0
LWPOLYLINE
100
AcDbEntity
  8
0
100
AcDbPolyline
 90
4
 70
1
 10
5.06
 20
34.94
 10
9.89
 20
34.94
 10
9.89
 20
30.11
 10
5.06
 20
30.11
  0
LWPOLYLINE
100
AcDbEntity
  8
0
100
AcDbPolyline
 90
4
 70
1
 10
10.11
 20
34.94
 10
14.94
 20
34.94
 10
14.94
 20
30.11
 10
10.11
 20
30.11
  0
LWPOLYLINE
100
AcDbEntity
  8
0
100
AcDbPolyline
 90
4
 70
1
 10
15.06
 20
34.94
 10
19.89
 20
34.94
 10
19.89
 20
30.11
 10
15.06
 20
30.11
  0
LWPOLYLINE
100
AcDbEntity
  8
0
100
AcDbPolyline
 90
4
 70
1
 10
20.11
 20
34.94
 10
24.94
 20
34.94
 10
24.94
 20
30.11
 10
20.11
 20
30.11
  0
LWPOLYLINE
100
AcDbEntity
  8
0
100
AcDbPolyline
 90
4
 70
1
 10
25.06
 20
34.94
 10
29.89
 20
34.94
 10
29.89
 20
30.11
 10
25.06
 20
30.11
  0
LWPOLYLINE
100
AcDbEntity
  8
0
100
AcDbPolyline
 90
4
 70
1
 10
30.11
 20
34.94
 10
34.94
 20
34.94
 10
34.94
 20
30.11
 10
30.11
 20
30.11
  0
LWPOLYLINE
100
AcDbEntity
  8
0
100
AcDbPolyline
 90
4
 70
1
 10
35.06
 20
34.94
 10
39.89
 20
34.94
 10
39.89
 20
30.11
 10
35.06
 20
30.11
  0
LWPOLYLINE
100
AcDbEntity
  8
0
100
AcDbPolyline
 90
4
 70
1
 10
40.11
 20
34.94
 10
44.94
 20
34.94
 10
44.94
 20
30.11
 10
40.11
 20
30.11
  0
LWPOLYLINE
100
AcDbEntity
  8
0
100
AcDbPolyline
 90
4
 70
1
 10
45.06
 20
34.94
 10
49.89
 20
34.94
 10
49.89
 20
30.11
 10
45.06
 20
30.11
  0
LWPOLYLINE
100
AcDbEntity
  8
0
100
AcDbPolyline
 90
4
 70
1
 10
50.11
 20
34.94
 10
54.94
 20
34.94
 10
54.94
 20
30.11
 10
50.11
 20
30.11
  0
LWPOLYLINE
100
AcDbEntity
  8
0
100
AcDbPolyline
 90
4
 70
1
 10
55.06
 20
34.94
 10
59.89
 20
34.94
 10
59.89
 20
30.11
 10
55.06
 20
30.11
  0
LWPOLYLINE
100
AcDbEntity
  8
0
100
AcDbPolyline
 90
4
 70
1
 10
60.11
 20
34.94
 10
64.94
 20
34.94
 10
64.94
 20
30.11
 10
60.11
 20
30.11
  0
LWPOLYLINE
100
AcDbEntity
  8
0
100
AcDbPolyline
 90
4
 70
1
 10
67.625
 20
34.94
 10
69.89
 20
34.94
 10
69.89
 20
30.11
 10
67.625
 20
30.11
  0
LWPOLYLINE
100
AcDbEntity
  8
0
100
AcDbPolyline
 90
4
 70
1
 10
70.11
 20
34.94
 10
74.94
 20
34.94
 10
74.94
 20
30.11
 10
70.11
 20
30.11
  0
LWPOLYLINE
100
AcDbEntity
  8
0
100
AcDbPolyline
 90
4
 70
1
 10
80.11
 20
34.94
 10
84.94
 20
34.94
 10
84.94
 20
30.11
 10
80.11
 20
30.11
  0
LWPOLYLINE
100
AcDbEntity
  8
0
100
AcDbPolyline
 90
4
 70
1
 10
85.06
 20
34.94
 10
89.89
 20
34.94
 10
89.89
 20
30.11
 10
85.06
 20
30.11
  0
LWPOLYLINE
100
AcDbEntity
  8
0
100
AcDbPolyline
 90
4
 70
1
 10
90.11
 20
34.94
 10
94.94
 20
34.94
 10
94.94
 20
30.11
 10
90.11
 20
30.11
  0
LWPOLYLINE
100
AcDbEntity
  8
0
100
AcDbPolyline
 90
4
 70
1
 10
95.06
 20
34.94
 10
99.89
 20
34.94
 10
99.89
 20
30.11
 10
95.06
 20
30.11
  0
LWPOLYLINE
100
AcDbEntity
  8
0
100
AcDbPolyline
 90
4
 70
1
 10
100.11
 20
34.94
 10
104.94
 20
34.94
 10
104.94
 20
30.11
 10
100.11
 20
30.11
  0
LWPOLYLINE
100
AcDbEntity
  8
0
100
AcDbPolyline
 90
4
 70
1
 10
78.6023
 20
34.94
 10
79.3
 20
34.94
 10
79.3
 20
30.11
 10
78.6023
 20
30.11
  0
LWPOLYLINE
100
AcDbEntity
  8
0
100
AcDbPolyline
 90
4
 70
1
 10
75.06
 20
34.94
 10
78.1523
 20
34.94
 10
78.1523
 20
30.11
 10
75.06
 20
30.11
  0
LWPOLYLINE
100
AcDbEntity
  8
0
100
AcDbPolyline
 90
4
 70
1
 10
65.06
 20
34.94
 10
67.075
 20
34.94
 10
67.075
 20
30.11
 10
65.06
 20
30.11
  0
LWPOLYLINE
100
AcDbEntity
  8
0
100
AcDbPolyline
 90
4
 70
1
 10
-69.89
 20
34.94
 10
-67.625
 20
34.94
 10
-67.625
 20
30.11
 10
-69.89
 20
30.11
  0
LWPOLYLINE
100
AcDbEntity
  8
0
100
AcDbPolyline
 90
4
 70
1
 10
-79.3
 20
34.94
 10
-78.6023
 20
34.94
 10
-78.6023
 20
30.11
 10
-79.3
 20
30.11
  0
LWPOLYLINE
100
AcDbEntity
  8
0
100
AcDbPolyline
 90
4
 70
1
 10
-104.94
 20
29.89
 10
-100.11
 20
29.89
 10
-100.11
 20
25.06
 10
-104.94
 20
25.06
  0
LWPOLYLINE
100
AcDbEntity
  8
0
100
AcDbPolyline
 90
4
 70
1
 10
-99.89
 20
29.89
 10
-95.06
 20
29.89
 10
-95.06
 20
25.06
 10
-99.89
 20
25.06
  0
LWPOLYLINE
100
AcDbEntity
  8
0
100
AcDbPolyline
 90
4
 70
1
 10
-94.94
 20
29.89
 10
-90.11
 20
29.89
 10
-90.11
 20
25.06
 10
-94.94
 20
25.06
  0
LWPOLYLINE
100
AcDbEntity
  8
0
100
AcDbPolyline
 90
4
 70
1
 10
-89.89
 20
29.89
 10
-85.06
 20
29.89
 10
-85.06
 20
25.06
 10
-89.89
 20
25.06
  0
LWPOLYLINE
100
AcDbEntity
  8
0
100
AcDbPolyline
 90
4
 70
1
 10
-84.94
 20
29.89
 10
-80.11
 20
29.89
 10
-80.11
 20
25.06
 10
-84.94
 20
25.06
  0
LWPOLYLINE
100
AcDbEntity
  8
0
100
AcDbPolyline
 90
4
 70
1
 10
-78.1523
 20
29.89
 10
-75.06
 20
29.89
 10
-75.06
 20
25.06
 10
-78.1523
 20
25.06
  0
LWPOLYLINE
100
AcDbEntity
  8
0
100
AcDbPolyline
 90
4
 70
1
 10
-74.94
 20
29.89
 10
-70.11
 20
29.89
 10
-70.11
 20
25.06
 10
-74.94
 20
25.06
  0
LWPOLYLINE
100
AcDbEntity
  8
0
100
AcDbPolyline
 90
4
 70
1
 10
-67.075
 20
29.89
 10
-65.06
 20
29.89
 10
-65.06
 20
25.06
 10
-67.075
 20
25.06
  0
LWPOLYLINE
100
AcDbEntity
  8
0
100
AcDbPolyline
 90
4
 70
1
 10
-64.94
 20
29.89
 10
-60.11
 20
29.89
 10
-60.11
 20
25.06
 10
-64.94
 20
25.06
  0
LWPOLYLINE
100
AcDbEntity
  8
0
100
AcDbPolyline
 90
4
 70
1
 10
-59.89
 20
29.89
 10
-55.06
 20
29.89
 10
-55.06
 20
25.06
 10
-59.89
 20
25.06
  0
LWPOLYLINE
100
AcDbEntity
  8
0
100
AcDbPolyline
 90
4
 70
1
 10
-54.94
 20
29.89
 10
-50.11
 20
29.89
 10
-50.11
 20
25.06
 10
-54.94
 20
25.06
  0
LWPOLYLINE
100
AcDbEntity
  8
0
100
AcDbPolyline
 90
4
 70
1
 10
-49.89
 20
29.89
 10
-45.06
 20
29.89
 10
-45.06
 20
25.06
 10
-49.89
 20
25.06
  0
LWPOLYLINE
100
AcDbEntity
  8
0
100
AcDbPolyline
 90
4
 70
1
 10
-44.94
 20
29.89
 10
-40.11
 20
29.89
 10
-40.11
 20
25.06
 10
-44.94
 20
25.06
  0
LWPOLYLINE
100
AcDbEntity
  8
0
100
AcDbPolyline
 90
4
 70
1
 10
-39.89
 20
29.89
 10
-35.06
 20
29.89
 10
-35.06
 20
25.06
 10
-39.89
 20
25.06
  0
LWPOLYLINE
100
AcDbEntity
  8
0
100
AcDbPolyline
 90
4
 70
1
 10
-34.94
 20
29.89
 10
-30.11
 20
29.89
 10
-30.11
 20
25.06
 10
-34.94
 20
25.06
  0
LWPOLYLINE
100
AcDbEntity
  8
0
100
AcDbPolyline
 90
4
 70
1
 10
-29.89
 20
29.89
 10
-25.06
 20
29.89
 10
-25.06
 20
25.06
 10
-29.89
 20
25.06
  0
LWPOLYLINE
100
AcDbEntity
  8
0
100
AcDbPolyline
 90
4
 70
1
 10
-24.94
 20
29.89
 10
-20.11
 20
29.89
 10
-20.11
 20
25.06
 10
-24.94
 20
25.06
  0
LWPOLYLINE
100
AcDbEntity
  8
0
100
AcDbPolyline
 90
4
 70
1
 10
-19.89
 20
29.89
 10
-15.06
 20
29.89
 10
-15.06
 20
25.06
 10
-19.89
 20
25.06
  0
LWPOLYLINE
100
AcDbEntity
  8
0
100
AcDbPolyline
 90
4
 70
1
 10
-14.94
 20
29.89
 10
-10.11
 20
29.89
 10
-10.11
 20
25.06
 10
-14.94
 20
25.06
  0
LWPOLYLINE
100
AcDbEntity
  8
0
100
AcDbPolyline
 90
4
 70
1
 10
-9.89
 20
29.89
 10
-5.06
 20
29.89
 10
-5.06
 20
25.06
 10
-9.89
 20
25.06
  0
LWPOLYLINE
100
AcDbEntity
  8
0
100
AcDbPolyline
 90
4
 70
1
 10
-4.94
 20
29.89
 10
-0.2
 20
29.89
 10
-0.2
 20
25.06
 10
-4.94
 20
25.06
  0
LWPOLYLINE
100
AcDbEntity
  8
0
100
AcDbPolyline
 90
4
 70
1
 10
0.2
 20
29.89
 10
4.94
 20
29.89
 10
4.94
 20
25.06
 10
0.2
 20
25.06
  0
LWPOLYLINE
100
AcDbEntity
  8
0
100
AcDbPolyline
 90
4
 70
1
 10
5.06
 20
29.89
 10
9.89
 20
29.89
 10
9.89
 20
25.06
 10
5.06
 20
25.06
  0
LWPOLYLINE
100
AcDbEntity
  8
0
100
AcDbPolyline
 90
4
 70
1
 10
10.11
 20
29.89
 10
14.94
 20
29.89
 10
14.94
 20
25.06
 10
10.11
 20
25.06
  0
LWPOLYLINE
100
AcDbEntity
  8
0
100
AcDbPolyline
 90
4
 70
1
 10
15.06
 20
29.89
 10
19.89
 20
29.89
 10
19.89
 20
25.06
 10
15.06
 20
25.06
  0
LWPOLYLINE
100
AcDbEntity
  8
0
100
AcDbPolyline
 90
4
 70
1
 10
20.11
 20
29.89
 10
24.94
 20
29.89
 10
24.94
 20
25.06
 10
20.11
 20
25.06
  0
LWPOLYLINE
100
AcDbEntity
  8
0
100
AcDbPolyline
 90
4
 70
1
 10
25.06
 20
29.89
 10
29.89
 20
29.89
 10
29.89
 20
25.06
 10
25.06
 20
25.06
  0
LWPOLYLINE
100
AcDbEntity
  8
0
100
AcDbPolyline
 90
4
 70
1
 10
30.11
 20
29.89
 10
34.94
 20
29.89
 10
34.94
 20
25.06
 10
30.11
 20
25.06
  0
LWPOLYLINE
100
AcDbEntity
  8
0
100
AcDbPolyline
 90
4
 70
1
 10
35.06
 20
29.89
 10
39.89
 20
29.89
 10
39.89
 20
25.06
 10
35.06
 20
25.06
  0
LWPOLYLINE
100
AcDbEntity
  8
0
100
AcDbPolyline
 90
4
 70
1
 10
40.11
 20
29.89
 10
44.94
 20
29.89
 10
44.94
 20
25.06
 10
40.11
 20
25.06
  0
LWPOLYLINE
100
AcDbEntity
  8
0
100
AcDbPolyline
 90
4
 70
1
 10
45.06
 20
29.89
 10
49.89
 20
29.89
 10
49.89
 20
25.06
 10
45.06
 20
25.06
  0
LWPOLYLINE
100
AcDbEntity
  8
0
100
AcDbPolyline
 90
4
 70
1
 10
50.11
 20
29.89
 10
54.94
 20
29.89
 10
54.94
 20
25.06
 10
50.11
 20
25.06
  0
LWPOLYLINE
100
AcDbEntity
  8
0
100
AcDbPolyline
 90
4
 70
1
 10
55.06
 20
29.89
 10
59.89
 20
29.89
 10
59.89
 20
25.06
 10
55.06
 20
25.06
  0
LWPOLYLINE
100
AcDbEntity
  8
0
100
AcDbPolyline
 90
4
 70
1
 10
60.11
 20
29.89
 10
64.94
 20
29.89
 10
64.94
 20
25.06
 10
60.11
 20
25.06
  0
LWPOLYLINE
100
AcDbEntity
  8
0
100
AcDbPolyline
 90
4
 70
1
 10
67.625
 20
29.89
 10
69.89
 20
29.89
 10
69.89
 20
25.06
 10
67.625
 20
25.06
  0
LWPOLYLINE
100
AcDbEntity
  8
0
100
AcDbPolyline
 90
4
 70
1
 10
70.11
 20
29.89
 10
74.94
 20
29.89
 10
74.94
 20
25.06
 10
70.11
 20
25.06
  0
LWPOLYLINE
100
AcDbEntity
  8
0
100
AcDbPolyline
 90
4
 70
1
 10
80.11
 20
29.89
 10
84.94
 20
29.89
 10
84.94
 20
25.06
 10
80.11
 20
25.06
  0
LWPOLYLINE
100
AcDbEntity
  8
0
100
AcDbPolyline
 90
4
 70
1
 10
85.06
 20
29.89
 10
89.89
 20
29.89
 10
89.89
 20
25.06
 10
85.06
 20
25.06
  0
LWPOLYLINE
100
AcDbEntity
  8
0
100
AcDbPolyline
 90
4
 70
1
 10
90.11
 20
29.89
 10
94.94
 20
29.89
 10
94.94
 20
25.06
 10
90.11
 20
25.06
  0
LWPOLYLINE
100
AcDbEntity
  8
0
100
AcDbPolyline
 90
4
 70
1
 10
95.06
 20
29.89
 10
99.89
 20
29.89
 10
99.89
 20
25.06
 10
95.06
 20
25.06
  0
LWPOLYLINE
100
AcDbEntity
  8
0
100
AcDbPolyline
 90
4
 70
1
 10
100.11
 20
29.89
 10
104.94
 20
29.89
 10
104.94
 20
25.06
 10
100.11
 20
25.06
  0
LWPOLYLINE
100
AcDbEntity
  8
0
100
AcDbPolyline
 90
4
 70
1
 10
78.6023
 20
29.89
 10
79.3
 20
29.89
 10
79.3
 20
25.06
 10
78.6023
 20
25.06
  0
LWPOLYLINE
100
AcDbEntity
  8
0
100
AcDbPolyline
 90
4
 70
1
 10
75.06
 20
29.89
 10
78.1523
 20
29.89
 10
78.1523
 20
25.06
 10
75.06
 20
25.06
  0
LWPOLYLINE
100
AcDbEntity
  8
0
100
AcDbPolyline
 90
4
 70
1
 10
65.06
 20
29.89
 10
67.075
 20
29.89
 10
67.075
 20
25.06
 10
65.06
 20
25.06
  0
LWPOLYLINE
100
AcDbEntity
  8
0
100
AcDbPolyline
 90
4
 70
1
 10
-69.89
 20
29.89
 10
-67.625
 20
29.89
 10
-67.625
 20
25.06
 10
-69.89
 20
25.06
  0
LWPOLYLINE
100
AcDbEntity
  8
0
100
AcDbPolyline
 90
4
 70
1
 10
-79.3
 20
29.89
 10
-78.6023
 20
29.89
 10
-78.6023
 20
25.06
 10
-79.3
 20
25.06
  0
LWPOLYLINE
100
AcDbEntity
  8
0
100
AcDbPolyline
 90
4
 70
1
 10
-104.94
 20
24.94
 10
-100.11
 20
24.94
 10
-100.11
 20
20.11
 10
-104.94
 20
20.11
  0
LWPOLYLINE
100
AcDbEntity
  8
0
100
AcDbPolyline
 90
4
 70
1
 10
-99.89
 20
24.94
 10
-95.06
 20
24.94
 10
-95.06
 20
20.11
 10
-99.89
 20
20.11
  0
LWPOLYLINE
100
AcDbEntity
  8
0
100
AcDbPolyline
 90
4
 70
1
 10
-94.94
 20
24.94
 10
-90.11
 20
24.94
 10
-90.11
 20
20.11
 10
-94.94
 20
20.11
  0
LWPOLYLINE
100
AcDbEntity
  8
0
100
AcDbPolyline
 90
4
 70
1
 10
-89.89
 20
24.94
 10
-85.06
 20
24.94
 10
-85.06
 20
20.11
 10
-89.89
 20
20.11
  0
LWPOLYLINE
100
AcDbEntity
  8
0
100
AcDbPolyline
 90
4
 70
1
 10
-84.94
 20
24.94
 10
-80.11
 20
24.94
 10
-80.11
 20
20.11
 10
-84.94
 20
20.11
  0
LWPOLYLINE
100
AcDbEntity
  8
0
100
AcDbPolyline
 90
4
 70
1
 10
-78.1523
 20
24.94
 10
-75.06
 20
24.94
 10
-75.06
 20
20.11
 10
-78.1523
 20
20.11
  0
LWPOLYLINE
100
AcDbEntity
  8
0
100
AcDbPolyline
 90
4
 70
1
 10
-74.94
 20
24.94
 10
-70.11
 20
24.94
 10
-70.11
 20
20.11
 10
-74.94
 20
20.11
  0
LWPOLYLINE
100
AcDbEntity
  8
0
100
AcDbPolyline
 90
4
 70
1
 10
-67.075
 20
24.94
 10
-65.06
 20
24.94
 10
-65.06
 20
20.11
 10
-67.075
 20
20.11
  0
LWPOLYLINE
100
AcDbEntity
  8
0
100
AcDbPolyline
 90
4
 70
1
 10
-64.94
 20
24.94
 10
-60.11
 20
24.94
 10
-60.11
 20
20.11
 10
-64.94
 20
20.11
  0
LWPOLYLINE
100
AcDbEntity
  8
0
100
AcDbPolyline
 90
4
 70
1
 10
-59.89
 20
24.94
 10
-55.06
 20
24.94
 10
-55.06
 20
20.11
 10
-59.89
 20
20.11
  0
LWPOLYLINE
100
AcDbEntity
  8
0
100
AcDbPolyline
 90
4
 70
1
 10
-54.94
 20
24.94
 10
-50.11
 20
24.94
 10
-50.11
 20
20.11
 10
-54.94
 20
20.11
  0
LWPOLYLINE
100
AcDbEntity
  8
0
100
AcDbPolyline
 90
4
 70
1
 10
-49.89
 20
24.94
 10
-45.06
 20
24.94
 10
-45.06
 20
20.11
 10
-49.89
 20
20.11
  0
LWPOLYLINE
100
AcDbEntity
  8
0
100
AcDbPolyline
 90
4
 70
1
 10
-44.94
 20
24.94
 10
-40.11
 20
24.94
 10
-40.11
 20
20.11
 10
-44.94
 20
20.11
  0
LWPOLYLINE
100
AcDbEntity
  8
0
100
AcDbPolyline
 90
4
 70
1
 10
-39.89
 20
24.94
 10
-35.06
 20
24.94
 10
-35.06
 20
20.11
 10
-39.89
 20
20.11
  0
LWPOLYLINE
100
AcDbEntity
  8
0
100
AcDbPolyline
 90
4
 70
1
 10
-34.94
 20
24.94
 10
-30.11
 20
24.94
 10
-30.11
 20
20.11
 10
-34.94
 20
20.11
  0
LWPOLYLINE
100
AcDbEntity
  8
0
100
AcDbPolyline
 90
4
 70
1
 10
-29.89
 20
24.94
 10
-25.06
 20
24.94
 10
-25.06
 20
20.11
 10
-29.89
 20
20.11
  0
LWPOLYLINE
100
AcDbEntity
  8
0
100
AcDbPolyline
 90
4
 70
1
 10
-24.94
 20
24.94
 10
-20.11
 20
24.94
 10
-20.11
 20
20.11
 10
-24.94
 20
20.11
  0
LWPOLYLINE
100
AcDbEntity
  8
0
100
AcDbPolyline
 90
4
 70
1
 10
-19.89
 20
24.94
 10
-15.06
 20
24.94
 10
-15.06
 20
20.11
 10
-19.89
 20
20.11
  0
LWPOLYLINE
100
AcDbEntity
  8
0
100
AcDbPolyline
 90
4
 70
1
 10
-14.94
 20
24.94
 10
-10.11
 20
24.94
 10
-10.11
 20
20.11
 10
-14.94
 20
20.11
  0
LWPOLYLINE
100
AcDbEntity
  8
0
100
AcDbPolyline
 90
4
 70
1
 10
-9.89
 20
24.94
 10
-5.06
 20
24.94
 10
-5.06
 20
20.11
 10
-9.89
 20
20.11
  0
LWPOLYLINE
100
AcDbEntity
  8
0
100
AcDbPolyline
 90
4
 70
1
 10
-4.94
 20
24.94
 10
-0.2
 20
24.94
 10
-0.2
 20
20.11
 10
-4.94
 20
20.11
  0
LWPOLYLINE
100
AcDbEntity
  8
0
100
AcDbPolyline
 90
4
 70
1
 10
0.2
 20
24.94
 10
4.94
 20
24.94
 10
4.94
 20
20.11
 10
0.2
 20
20.11
  0
LWPOLYLINE
100
AcDbEntity
  8
0
100
AcDbPolyline
 90
4
 70
1
 10
5.06
 20
24.94
 10
9.89
 20
24.94
 10
9.89
 20
20.11
 10
5.06
 20
20.11
  0
LWPOLYLINE
100
AcDbEntity
  8
0
100
AcDbPolyline
 90
4
 70
1
 10
10.11
 20
24.94
 10
14.94
 20
24.94
 10
14.94
 20
20.11
 10
10.11
 20
20.11
  0
LWPOLYLINE
100
AcDbEntity
  8
0
100
AcDbPolyline
 90
4
 70
1
 10
15.06
 20
24.94
 10
19.89
 20
24.94
 10
19.89
 20
20.11
 10
15.06
 20
20.11
  0
LWPOLYLINE
100
AcDbEntity
  8
0
100
AcDbPolyline
 90
4
 70
1
 10
20.11
 20
24.94
 10
24.94
 20
24.94
 10
24.94
 20
20.11
 10
20.11
 20
20.11
  0
LWPOLYLINE
100
AcDbEntity
  8
0
100
AcDbPolyline
 90
4
 70
1
 10
25.06
 20
24.94
 10
29.89
 20
24.94
 10
29.89
 20
20.11
 10
25.06
 20
20.11
  0
LWPOLYLINE
100
AcDbEntity
  8
0
100
AcDbPolyline
 90
4
 70
1
 10
30.11
 20
24.94
 10
34.94
 20
24.94
 10
34.94
 20
20.11
 10
30.11
 20
20.11
  0
LWPOLYLINE
100
AcDbEntity
  8
0
100
AcDbPolyline
 90
4
 70
1
 10
35.06
 20
24.94
 10
39.89
 20
24.94
 10
39.89
 20
20.11
 10
35.06
 20
20.11
  0
LWPOLYLINE
100
AcDbEntity
  8
0
100
AcDbPolyline
 90
4
 70
1
 10
40.11
 20
24.94
 10
44.94
 20
24.94
 10
44.94
 20
20.11
 10
40.11
 20
20.11
  0
LWPOLYLINE
100
AcDbEntity
  8
0
100
AcDbPolyline
 90
4
 70
1
 10
45.06
 20
24.94
 10
49.89
 20
24.94
 10
49.89
 20
20.11
 10
45.06
 20
20.11
  0
LWPOLYLINE
100
AcDbEntity
  8
0
100
AcDbPolyline
 90
4
 70
1
 10
50.11
 20
24.94
 10
54.94
 20
24.94
 10
54.94
 20
20.11
 10
50.11
 20
20.11
  0
LWPOLYLINE
100
AcDbEntity
  8
0
100
AcDbPolyline
 90
4
 70
1
 10
55.06
 20
24.94
 10
59.89
 20
24.94
 10
59.89
 20
20.11
 10
55.06
 20
20.11
  0
LWPOLYLINE
100
AcDbEntity
  8
0
100
AcDbPolyline
 90
4
 70
1
 10
60.11
 20
24.94
 10
64.94
 20
24.94
 10
64.94
 20
20.11
 10
60.11
 20
20.11
  0
LWPOLYLINE
100
AcDbEntity
  8
0
100
AcDbPolyline
 90
4
 70
1
 10
67.625
 20
24.94
 10
69.89
 20
24.94
 10
69.89
 20
20.11
 10
67.625
 20
20.11
  0
LWPOLYLINE
100
AcDbEntity
  8
0
100
AcDbPolyline
 90
4
 70
1
 10
70.11
 20
24.94
 10
74.94
 20
24.94
 10
74.94
 20
20.11
 10
70.11
 20
20.11
  0
LWPOLYLINE
100
AcDbEntity
  8
0
100
AcDbPolyline
 90
4
 70
1
 10
80.11
 20
24.94
 10
84.94
 20
24.94
 10
84.94
 20
20.11
 10
80.11
 20
20.11
  0
LWPOLYLINE
100
AcDbEntity
  8
0
100
AcDbPolyline
 90
4
 70
1
 10
85.06
 20
24.94
 10
89.89
 20
24.94
 10
89.89
 20
20.11
 10
85.06
 20
20.11
  0
LWPOLYLINE
100
AcDbEntity
  8
0
100
AcDbPolyline
 90
4
 70
1
 10
90.11
 20
24.94
 10
94.94
 20
24.94
 10
94.94
 20
20.11
 10
90.11
 20
20.11
  0
LWPOLYLINE
100
AcDbEntity
  8
0
100
AcDbPolyline
 90
4
 70
1
 10
95.06
 20
24.94
 10
99.89
 20
24.94
 10
99.89
 20
20.11
 10
95.06
 20
20.11
  0
LWPOLYLINE
100
AcDbEntity
  8
0
100
AcDbPolyline
 90
4
 70
1
 10
100.11
 20
24.94
 10
104.94
 20
24.94
 10
104.94
 20
20.11
 10
100.11
 20
20.11
  0
LWPOLYLINE
100
AcDbEntity
  8
0
100
AcDbPolyline
 90
4
 70
1
 10
78.6023
 20
24.94
 10
79.3
 20
24.94
 10
79.3
 20
20.11
 10
78.6023
 20
20.11
  0
LWPOLYLINE
100
AcDbEntity
  8
0
100
AcDbPolyline
 90
4
 70
1
 10
75.06
 20
24.94
 10
78.1523
 20
24.94
 10
78.1523
 20
20.11
 10
75.06
 20
20.11
  0
LWPOLYLINE
100
AcDbEntity
  8
0
100
AcDbPolyline
 90
4
 70
1
 10
65.06
 20
24.94
 10
67.075
 20
24.94
 10
67.075
 20
20.11
 10
65.06
 20
20.11
  0
LWPOLYLINE
100
AcDbEntity
  8
0
100
AcDbPolyline
 90
4
 70
1
 10
-69.89
 20
24.94
 10
-67.625
 20
24.94
 10
-67.625
 20
20.11
 10
-69.89
 20
20.11
  0
LWPOLYLINE
100
AcDbEntity
  8
0
100
AcDbPolyline
 90
4
 70
1
 10
-79.3
 20
24.94
 10
-78.6023
 20
24.94
 10
-78.6023
 20
20.11
 10
-79.3
 20
20.11
  0
LWPOLYLINE
100
AcDbEntity
  8
0
100
AcDbPolyline
 90
4
 70
1
 10
-104.94
 20
19.89
 10
-100.11
 20
19.89
 10
-100.11
 20
15.06
 10
-104.94
 20
15.06
  0
LWPOLYLINE
100
AcDbEntity
  8
0
100
AcDbPolyline
 90
4
 70
1
 10
-99.89
 20
19.89
 10
-95.06
 20
19.89
 10
-95.06
 20
15.06
 10
-99.89
 20
15.06
  0
LWPOLYLINE
100
AcDbEntity
  8
0
100
AcDbPolyline
 90
4
 70
1
 10
-94.94
 20
19.89
 10
-90.11
 20
19.89
 10
-90.11
 20
15.06
 10
-94.94
 20
15.06
  0
LWPOLYLINE
100
AcDbEntity
  8
0
100
AcDbPolyline
 90
4
 70
1
 10
-89.89
 20
19.89
 10
-85.06
 20
19.89
 10
-85.06
 20
15.06
 10
-89.89
 20
15.06
  0
LWPOLYLINE
100
AcDbEntity
  8
0
100
AcDbPolyline
 90
4
 70
1
 10
-84.94
 20
19.89
 10
-80.11
 20
19.89
 10
-80.11
 20
15.06
 10
-84.94
 20
15.06
  0
LWPOLYLINE
100
AcDbEntity
  8
0
100
AcDbPolyline
 90
4
 70
1
 10
-78.1523
 20
19.89
 10
-75.06
 20
19.89
 10
-75.06
 20
15.06
 10
-78.1523
 20
15.06
  0
LWPOLYLINE
100
AcDbEntity
  8
0
100
AcDbPolyline
 90
4
 70
1
 10
-74.94
 20
19.89
 10
-70.11
 20
19.89
 10
-70.11
 20
15.06
 10
-74.94
 20
15.06
  0
LWPOLYLINE
100
AcDbEntity
  8
0
100
AcDbPolyline
 90
4
 70
1
 10
-67.075
 20
19.89
 10
-65.06
 20
19.89
 10
-65.06
 20
15.06
 10
-67.075
 20
15.06
  0
LWPOLYLINE
100
AcDbEntity
  8
0
100
AcDbPolyline
 90
4
 70
1
 10
-64.94
 20
19.89
 10
-60.11
 20
19.89
 10
-60.11
 20
15.06
 10
-64.94
 20
15.06
  0
LWPOLYLINE
100
AcDbEntity
  8
0
100
AcDbPolyline
 90
4
 70
1
 10
-59.89
 20
19.89
 10
-55.06
 20
19.89
 10
-55.06
 20
15.06
 10
-59.89
 20
15.06
  0
LWPOLYLINE
100
AcDbEntity
  8
0
100
AcDbPolyline
 90
4
 70
1
 10
-54.94
 20
19.89
 10
-50.11
 20
19.89
 10
-50.11
 20
15.06
 10
-54.94
 20
15.06
  0
LWPOLYLINE
100
AcDbEntity
  8
0
100
AcDbPolyline
 90
4
 70
1
 10
-49.89
 20
19.89
 10
-45.06
 20
19.89
 10
-45.06
 20
15.06
 10
-49.89
 20
15.06
  0
LWPOLYLINE
100
AcDbEntity
  8
0
100
AcDbPolyline
 90
4
 70
1
 10
-44.94
 20
19.89
 10
-40.11
 20
19.89
 10
-40.11
 20
15.06
 10
-44.94
 20
15.06
  0
LWPOLYLINE
100
AcDbEntity
  8
0
100
AcDbPolyline
 90
4
 70
1
 10
-39.89
 20
19.89
 10
-35.06
 20
19.89
 10
-35.06
 20
15.06
 10
-39.89
 20
15.06
  0
LWPOLYLINE
100
AcDbEntity
  8
0
100
AcDbPolyline
 90
4
 70
1
 10
-34.94
 20
19.89
 10
-30.11
 20
19.89
 10
-30.11
 20
15.06
 10
-34.94
 20
15.06
  0
LWPOLYLINE
100
AcDbEntity
  8
0
100
AcDbPolyline
 90
4
 70
1
 10
-29.89
 20
19.89
 10
-25.06
 20
19.89
 10
-25.06
 20
15.06
 10
-29.89
 20
15.06
  0
LWPOLYLINE
100
AcDbEntity
  8
0
100
AcDbPolyline
 90
4
 70
1
 10
-24.94
 20
19.89
 10
-20.11
 20
19.89
 10
-20.11
 20
15.06
 10
-24.94
 20
15.06
  0
LWPOLYLINE
100
AcDbEntity
  8
0
100
AcDbPolyline
 90
4
 70
1
 10
-19.89
 20
19.89
 10
-15.06
 20
19.89
 10
-15.06
 20
15.06
 10
-19.89
 20
15.06
  0
LWPOLYLINE
100
AcDbEntity
  8
0
100
AcDbPolyline
 90
4
 70
1
 10
-14.94
 20
19.89
 10
-10.11
 20
19.89
 10
-10.11
 20
15.06
 10
-14.94
 20
15.06
  0
LWPOLYLINE
100
AcDbEntity
  8
0
100
AcDbPolyline
 90
4
 70
1
 10
-9.89
 20
19.89
 10
-5.06
 20
19.89
 10
-5.06
 20
15.06
 10
-9.89
 20
15.06
  0
LWPOLYLINE
100
AcDbEntity
  8
0
100
AcDbPolyline
 90
4
 70
1
 10
-4.94
 20
19.89
 10
-0.2
 20
19.89
 10
-0.2
 20
15.06
 10
-4.94
 20
15.06
  0
LWPOLYLINE
100
AcDbEntity
  8
0
100
AcDbPolyline
 90
4
 70
1
 10
0.2
 20
19.89
 10
4.94
 20
19.89
 10
4.94
 20
15.06
 10
0.2
 20
15.06
  0
LWPOLYLINE
100
AcDbEntity
  8
0
100
AcDbPolyline
 90
4
 70
1
 10
5.06
 20
19.89
 10
9.89
 20
19.89
 10
9.89
 20
15.06
 10
5.06
 20
15.06
  0
LWPOLYLINE
100
AcDbEntity
  8
0
100
AcDbPolyline
 90
4
 70
1
 10
10.11
 20
19.89
 10
14.94
 20
19.89
 10
14.94
 20
15.06
 10
10.11
 20
15.06
  0
LWPOLYLINE
100
AcDbEntity
  8
0
100
AcDbPolyline
 90
4
 70
1
 10
15.06
 20
19.89
 10
19.89
 20
19.89
 10
19.89
 20
15.06
 10
15.06
 20
15.06
  0
LWPOLYLINE
100
AcDbEntity
  8
0
100
AcDbPolyline
 90
4
 70
1
 10
20.11
 20
19.89
 10
24.94
 20
19.89
 10
24.94
 20
15.06
 10
20.11
 20
15.06
  0
LWPOLYLINE
100
AcDbEntity
  8
0
100
AcDbPolyline
 90
4
 70
1
 10
25.06
 20
19.89
 10
29.89
 20
19.89
 10
29.89
 20
15.06
 10
25.06
 20
15.06
  0
LWPOLYLINE
100
AcDbEntity
  8
0
100
AcDbPolyline
 90
4
 70
1
 10
30.11
 20
19.89
 10
34.94
 20
19.89
 10
34.94
 20
15.06
 10
30.11
 20
15.06
  0
LWPOLYLINE
100
AcDbEntity
  8
0
100
AcDbPolyline
 90
4
 70
1
 10
35.06
 20
19.89
 10
39.89
 20
19.89
 10
39.89
 20
15.06
 10
35.06
 20
15.06
  0
LWPOLYLINE
100
AcDbEntity
  8
0
100
AcDbPolyline
 90
4
 70
1
 10
40.11
 20
19.89
 10
44.94
 20
19.89
 10
44.94
 20
15.06
 10
40.11
 20
15.06
  0
LWPOLYLINE
100
AcDbEntity
  8
0
100
AcDbPolyline
 90
4
 70
1
 10
45.06
 20
19.89
 10
49.89
 20
19.89
 10
49.89
 20
15.06
 10
45.06
 20
15.06
  0
LWPOLYLINE
100
AcDbEntity
  8
0
100
AcDbPolyline
 90
4
 70
1
 10
50.11
 20
19.89
 10
54.94
 20
19.89
 10
54.94
 20
15.06
 10
50.11
 20
15.06
  0
LWPOLYLINE
100
AcDbEntity
  8
0
100
AcDbPolyline
 90
4
 70
1
 10
55.06
 20
19.89
 10
59.89
 20
19.89
 10
59.89
 20
15.06
 10
55.06
 20
15.06
  0
LWPOLYLINE
100
AcDbEntity
  8
0
100
AcDbPolyline
 90
4
 70
1
 10
60.11
 20
19.89
 10
64.94
 20
19.89
 10
64.94
 20
15.06
 10
60.11
 20
15.06
  0
LWPOLYLINE
100
AcDbEntity
  8
0
100
AcDbPolyline
 90
4
 70
1
 10
67.625
 20
19.89
 10
69.89
 20
19.89
 10
69.89
 20
15.06
 10
67.625
 20
15.06
  0
LWPOLYLINE
100
AcDbEntity
  8
0
100
AcDbPolyline
 90
4
 70
1
 10
70.11
 20
19.89
 10
74.94
 20
19.89
 10
74.94
 20
15.06
 10
70.11
 20
15.06
  0
LWPOLYLINE
100
AcDbEntity
  8
0
100
AcDbPolyline
 90
4
 70
1
 10
80.11
 20
19.89
 10
84.94
 20
19.89
 10
84.94
 20
15.06
 10
80.11
 20
15.06
  0
LWPOLYLINE
100
AcDbEntity
  8
0
100
AcDbPolyline
 90
4
 70
1
 10
85.06
 20
19.89
 10
89.89
 20
19.89
 10
89.89
 20
15.06
 10
85.06
 20
15.06
  0
LWPOLYLINE
100
AcDbEntity
  8
0
100
AcDbPolyline
 90
4
 70
1
 10
90.11
 20
19.89
 10
94.94
 20
19.89
 10
94.94
 20
15.06
 10
90.11
 20
15.06
  0
LWPOLYLINE
100
AcDbEntity
  8
0
100
AcDbPolyline
 90
4
 70
1
 10
95.06
 20
19.89
 10
99.89
 20
19.89
 10
99.89
 20
15.06
 10
95.06
 20
15.06
  0
LWPOLYLINE
100
AcDbEntity
  8
0
100
AcDbPolyline
 90
4
 70
1
 10
100.11
 20
19.89
 10
104.94
 20
19.89
 10
104.94
 20
15.06
 10
100.11
 20
15.06
  0
LWPOLYLINE
100
AcDbEntity
  8
0
100
AcDbPolyline
 90
4
 70
1
 10
78.6023
 20
19.89
 10
79.3
 20
19.89
 10
79.3
 20
15.06
 10
78.6023
 20
15.06
  0
LWPOLYLINE
100
AcDbEntity
  8
0
100
AcDbPolyline
 90
4
 70
1
 10
75.06
 20
19.89
 10
78.1523
 20
19.89
 10
78.1523
 20
15.06
 10
75.06
 20
15.06
  0
LWPOLYLINE
100
AcDbEntity
  8
0
100
AcDbPolyline
 90
4
 70
1
 10
65.06
 20
19.89
 10
67.075
 20
19.89
 10
67.075
 20
15.06
 10
65.06
 20
15.06
  0
LWPOLYLINE
100
AcDbEntity
  8
0
100
AcDbPolyline
 90
4
 70
1
 10
-69.89
 20
19.89
 10
-67.625
 20
19.89
 10
-67.625
 20
15.06
 10
-69.89
 20
15.06
  0
LWPOLYLINE
100
AcDbEntity
  8
0
100
AcDbPolyline
 90
4
 70
1
 10
-79.3
 20
19.89
 10
-78.6023
 20
19.89
 10
-78.6023
 20
15.06
 10
-79.3
 20
15.06
  0
LWPOLYLINE
100
AcDbEntity
  8
0
100
AcDbPolyline
 90
4
 70
1
 10
-104.94
 20
14.94
 10
-100.11
 20
14.94
 10
-100.11
 20
10.11
 10
-104.94
 20
10.11
  0
LWPOLYLINE
100
AcDbEntity
  8
0
100
AcDbPolyline
 90
4
 70
1
 10
-99.89
 20
14.94
 10
-95.06
 20
14.94
 10
-95.06
 20
10.11
 10
-99.89
 20
10.11
  0
LWPOLYLINE
100
AcDbEntity
  8
0
100
AcDbPolyline
 90
4
 70
1
 10
-94.94
 20
14.94
 10
-90.11
 20
14.94
 10
-90.11
 20
10.11
 10
-94.94
 20
10.11
  0
LWPOLYLINE
100
AcDbEntity
  8
0
100
AcDbPolyline
 90
4
 70
1
 10
-89.89
 20
14.94
 10
-85.06
 20
14.94
 10
-85.06
 20
10.11
 10
-89.89
 20
10.11
  0
LWPOLYLINE
100
AcDbEntity
  8
0
100
AcDbPolyline
 90
4
 70
1
 10
-84.94
 20
14.94
 10
-80.11
 20
14.94
 10
-80.11
 20
10.11
 10
-84.94
 20
10.11
  0
LWPOLYLINE
100
AcDbEntity
  8
0
100
AcDbPolyline
 90
4
 70
1
 10
-78.1523
 20
14.94
 10
-75.06
 20
14.94
 10
-75.06
 20
10.11
 10
-78.1523
 20
10.11
  0
LWPOLYLINE
100
AcDbEntity
  8
0
100
AcDbPolyline
 90
4
 70
1
 10
-74.94
 20
14.94
 10
-70.11
 20
14.94
 10
-70.11
 20
10.11
 10
-74.94
 20
10.11
  0
LWPOLYLINE
100
AcDbEntity
  8
0
100
AcDbPolyline
 90
4
 70
1
 10
-67.075
 20
14.94
 10
-65.06
 20
14.94
 10
-65.06
 20
10.11
 10
-67.075
 20
10.11
  0
LWPOLYLINE
100
AcDbEntity
  8
0
100
AcDbPolyline
 90
4
 70
1
 10
-64.94
 20
14.94
 10
-60.11
 20
14.94
 10
-60.11
 20
10.11
 10
-64.94
 20
10.11
  0
LWPOLYLINE
100
AcDbEntity
  8
0
100
AcDbPolyline
 90
4
 70
1
 10
-59.89
 20
14.94
 10
-55.06
 20
14.94
 10
-55.06
 20
10.11
 10
-59.89
 20
10.11
  0
LWPOLYLINE
100
AcDbEntity
  8
0
100
AcDbPolyline
 90
4
 70
1
 10
-54.94
 20
14.94
 10
-50.11
 20
14.94
 10
-50.11
 20
10.11
 10
-54.94
 20
10.11
  0
LWPOLYLINE
100
AcDbEntity
  8
0
100
AcDbPolyline
 90
4
 70
1
 10
-49.89
 20
14.94
 10
-45.06
 20
14.94
 10
-45.06
 20
10.11
 10
-49.89
 20
10.11
  0
LWPOLYLINE
100
AcDbEntity
  8
0
100
AcDbPolyline
 90
4
 70
1
 10
-44.94
 20
14.94
 10
-40.11
 20
14.94
 10
-40.11
 20
10.11
 10
-44.94
 20
10.11
  0
LWPOLYLINE
100
AcDbEntity
  8
0
100
AcDbPolyline
 90
4
 70
1
 10
-39.89
 20
14.94
 10
-35.06
 20
14.94
 10
-35.06
 20
10.11
 10
-39.89
 20
10.11
  0
LWPOLYLINE
100
AcDbEntity
  8
0
100
AcDbPolyline
 90
4
 70
1
 10
-34.94
 20
14.94
 10
-30.11
 20
14.94
 10
-30.11
 20
10.11
 10
-34.94
 20
10.11
  0
LWPOLYLINE
100
AcDbEntity
  8
0
100
AcDbPolyline
 90
4
 70
1
 10
-29.89
 20
14.94
 10
-25.06
 20
14.94
 10
-25.06
 20
10.11
 10
-29.89
 20
10.11
  0
LWPOLYLINE
100
AcDbEntity
  8
0
100
AcDbPolyline
 90
4
 70
1
 10
-24.94
 20
14.94
 10
-20.11
 20
14.94
 10
-20.11
 20
10.11
 10
-24.94
 20
10.11
  0
LWPOLYLINE
100
AcDbEntity
  8
0
100
AcDbPolyline
 90
4
 70
1
 10
-19.89
 20
14.94
 10
-15.06
 20
14.94
 10
-15.06
 20
10.11
 10
-19.89
 20
10.11
  0
LWPOLYLINE
100
AcDbEntity
  8
0
100
AcDbPolyline
 90
4
 70
1
 10
-14.94
 20
14.94
 10
-10.11
 20
14.94
 10
-10.11
 20
10.11
 10
-14.94
 20
10.11
  0
LWPOLYLINE
100
AcDbEntity
  8
0
100
AcDbPolyline
 90
4
 70
1
 10
-9.89
 20
14.94
 10
-5.06
 20
14.94
 10
-5.06
 20
10.11
 10
-9.89
 20
10.11
  0
LWPOLYLINE
100
AcDbEntity
  8
0
100
AcDbPolyline
 90
4
 70
1
 10
-4.94
 20
14.94
 10
-0.2
 20
14.94
 10
-0.2
 20
10.11
 10
-4.94
 20
10.11
  0
LWPOLYLINE
100
AcDbEntity
  8
0
100
AcDbPolyline
 90
4
 70
1
 10
0.2
 20
14.94
 10
4.94
 20
14.94
 10
4.94
 20
10.11
 10
0.2
 20
10.11
  0
LWPOLYLINE
100
AcDbEntity
  8
0
100
AcDbPolyline
 90
4
 70
1
 10
5.06
 20
14.94
 10
9.89
 20
14.94
 10
9.89
 20
10.11
 10
5.06
 20
10.11
  0
LWPOLYLINE
100
AcDbEntity
  8
0
100
AcDbPolyline
 90
4
 70
1
 10
10.11
 20
14.94
 10
14.94
 20
14.94
 10
14.94
 20
10.11
 10
10.11
 20
10.11
  0
LWPOLYLINE
100
AcDbEntity
  8
0
100
AcDbPolyline
 90
4
 70
1
 10
15.06
 20
14.94
 10
19.89
 20
14.94
 10
19.89
 20
10.11
 10
15.06
 20
10.11
  0
LWPOLYLINE
100
AcDbEntity
  8
0
100
AcDbPolyline
 90
4
 70
1
 10
20.11
 20
14.94
 10
24.94
 20
14.94
 10
24.94
 20
10.11
 10
20.11
 20
10.11
  0
LWPOLYLINE
100
AcDbEntity
  8
0
100
AcDbPolyline
 90
4
 70
1
 10
25.06
 20
14.94
 10
29.89
 20
14.94
 10
29.89
 20
10.11
 10
25.06
 20
10.11
  0
LWPOLYLINE
100
AcDbEntity
  8
0
100
AcDbPolyline
 90
4
 70
1
 10
30.11
 20
14.94
 10
34.94
 20
14.94
 10
34.94
 20
10.11
 10
30.11
 20
10.11
  0
LWPOLYLINE
100
AcDbEntity
  8
0
100
AcDbPolyline
 90
4
 70
1
 10
35.06
 20
14.94
 10
39.89
 20
14.94
 10
39.89
 20
10.11
 10
35.06
 20
10.11
  0
LWPOLYLINE
100
AcDbEntity
  8
0
100
AcDbPolyline
 90
4
 70
1
 10
40.11
 20
14.94
 10
44.94
 20
14.94
 10
44.94
 20
10.11
 10
40.11
 20
10.11
  0
LWPOLYLINE
100
AcDbEntity
  8
0
100
AcDbPolyline
 90
4
 70
1
 10
45.06
 20
14.94
 10
49.89
 20
14.94
 10
49.89
 20
10.11
 10
45.06
 20
10.11
  0
LWPOLYLINE
100
AcDbEntity
  8
0
100
AcDbPolyline
 90
4
 70
1
 10
50.11
 20
14.94
 10
54.94
 20
14.94
 10
54.94
 20
10.11
 10
50.11
 20
10.11
  0
LWPOLYLINE
100
AcDbEntity
  8
0
100
AcDbPolyline
 90
4
 70
1
 10
55.06
 20
14.94
 10
59.89
 20
14.94
 10
59.89
 20
10.11
 10
55.06
 20
10.11
  0
LWPOLYLINE
100
AcDbEntity
  8
0
100
AcDbPolyline
 90
4
 70
1
 10
60.11
 20
14.94
 10
64.94
 20
14.94
 10
64.94
 20
10.11
 10
60.11
 20
10.11
  0
LWPOLYLINE
100
AcDbEntity
  8
0
100
AcDbPolyline
 90
4
 70
1
 10
67.625
 20
14.94
 10
69.89
 20
14.94
 10
69.89
 20
10.11
 10
67.625
 20
10.11
  0
LWPOLYLINE
100
AcDbEntity
  8
0
100
AcDbPolyline
 90
4
 70
1
 10
70.11
 20
14.94
 10
74.94
 20
14.94
 10
74.94
 20
10.11
 10
70.11
 20
10.11
  0
LWPOLYLINE
100
AcDbEntity
  8
0
100
AcDbPolyline
 90
4
 70
1
 10
80.11
 20
14.94
 10
84.94
 20
14.94
 10
84.94
 20
10.11
 10
80.11
 20
10.11
  0
LWPOLYLINE
100
AcDbEntity
  8
0
100
AcDbPolyline
 90
4
 70
1
 10
85.06
 20
14.94
 10
89.89
 20
14.94
 10
89.89
 20
10.11
 10
85.06
 20
10.11
  0
LWPOLYLINE
100
AcDbEntity
  8
0
100
AcDbPolyline
 90
4
 70
1
 10
90.11
 20
14.94
 10
94.94
 20
14.94
 10
94.94
 20
10.11
 10
90.11
 20
10.11
  0
LWPOLYLINE
100
AcDbEntity
  8
0
100
AcDbPolyline
 90
4
 70
1
 10
95.06
 20
14.94
 10
99.89
 20
14.94
 10
99.89
 20
10.11
 10
95.06
 20
10.11
  0
LWPOLYLINE
100
AcDbEntity
  8
0
100
AcDbPolyline
 90
4
 70
1
 10
100.11
 20
14.94
 10
104.94
 20
14.94
 10
104.94
 20
10.11
 10
100.11
 20
10.11
  0
LWPOLYLINE
100
AcDbEntity
  8
0
100
AcDbPolyline
 90
4
 70
1
 10
78.6023
 20
14.94
 10
79.3
 20
14.94
 10
79.3
 20
10.11
 10
78.6023
 20
10.11
  0
LWPOLYLINE
100
AcDbEntity
  8
0
100
AcDbPolyline
 90
4
 70
1
 10
75.06
 20
14.94
 10
78.1523
 20
14.94
 10
78.1523
 20
10.11
 10
75.06
 20
10.11
  0
LWPOLYLINE
100
AcDbEntity
  8
0
100
AcDbPolyline
 90
4
 70
1
 10
65.06
 20
14.94
 10
67.075
 20
14.94
 10
67.075
 20
10.11
 10
65.06
 20
10.11
  0
LWPOLYLINE
100
AcDbEntity
  8
0
100
AcDbPolyline
 90
4
 70
1
 10
-69.89
 20
14.94
 10
-67.625
 20
14.94
 10
-67.625
 20
10.11
 10
-69.89
 20
10.11
  0
LWPOLYLINE
100
AcDbEntity
  8
0
100
AcDbPolyline
 90
4
 70
1
 10
-79.3
 20
14.94
 10
-78.6023
 20
14.94
 10
-78.6023
 20
10.11
 10
-79.3
 20
10.11
  0
LWPOLYLINE
100
AcDbEntity
  8
0
100
AcDbPolyline
 90
4
 70
1
 10
-104.94
 20
9.89
 10
-100.11
 20
9.89
 10
-100.11
 20
5.06
 10
-104.94
 20
5.06
  0
LWPOLYLINE
100
AcDbEntity
  8
0
100
AcDbPolyline
 90
4
 70
1
 10
-99.89
 20
9.89
 10
-95.06
 20
9.89
 10
-95.06
 20
5.06
 10
-99.89
 20
5.06
  0
LWPOLYLINE
100
AcDbEntity
  8
0
100
AcDbPolyline
 90
4
 70
1
 10
-94.94
 20
9.89
 10
-90.11
 20
9.89
 10
-90.11
 20
5.06
 10
-94.94
 20
5.06
  0
LWPOLYLINE
100
AcDbEntity
  8
0
100
AcDbPolyline
 90
4
 70
1
 10
-89.89
 20
9.89
 10
-85.06
 20
9.89
 10
-85.06
 20
5.06
 10
-89.89
 20
5.06
  0
LWPOLYLINE
100
AcDbEntity
  8
0
100
AcDbPolyline
 90
4
 70
1
 10
-84.94
 20
9.89
 10
-80.11
 20
9.89
 10
-80.11
 20
5.06
 10
-84.94
 20
5.06
  0
LWPOLYLINE
100
AcDbEntity
  8
0
100
AcDbPolyline
 90
4
 70
1
 10
-78.1523
 20
9.89
 10
-75.06
 20
9.89
 10
-75.06
 20
5.06
 10
-78.1523
 20
5.06
  0
LWPOLYLINE
100
AcDbEntity
  8
0
100
AcDbPolyline
 90
4
 70
1
 10
-74.94
 20
9.89
 10
-70.11
 20
9.89
 10
-70.11
 20
5.06
 10
-74.94
 20
5.06
  0
LWPOLYLINE
100
AcDbEntity
  8
0
100
AcDbPolyline
 90
4
 70
1
 10
-67.075
 20
9.89
 10
-65.06
 20
9.89
 10
-65.06
 20
5.06
 10
-67.075
 20
5.06
  0
LWPOLYLINE
100
AcDbEntity
  8
0
100
AcDbPolyline
 90
4
 70
1
 10
-64.94
 20
9.89
 10
-60.11
 20
9.89
 10
-60.11
 20
5.06
 10
-64.94
 20
5.06
  0
LWPOLYLINE
100
AcDbEntity
  8
0
100
AcDbPolyline
 90
4
 70
1
 10
-59.89
 20
9.89
 10
-55.06
 20
9.89
 10
-55.06
 20
5.06
 10
-59.89
 20
5.06
  0
LWPOLYLINE
100
AcDbEntity
  8
0
100
AcDbPolyline
 90
4
 70
1
 10
-54.94
 20
9.89
 10
-50.11
 20
9.89
 10
-50.11
 20
5.06
 10
-54.94
 20
5.06
  0
LWPOLYLINE
100
AcDbEntity
  8
0
100
AcDbPolyline
 90
4
 70
1
 10
-49.89
 20
9.89
 10
-45.06
 20
9.89
 10
-45.06
 20
5.06
 10
-49.89
 20
5.06
  0
LWPOLYLINE
100
AcDbEntity
  8
0
100
AcDbPolyline
 90
4
 70
1
 10
-44.94
 20
9.89
 10
-40.11
 20
9.89
 10
-40.11
 20
5.06
 10
-44.94
 20
5.06
  0
LWPOLYLINE
100
AcDbEntity
  8
0
100
AcDbPolyline
 90
4
 70
1
 10
-39.89
 20
9.89
 10
-35.06
 20
9.89
 10
-35.06
 20
5.06
 10
-39.89
 20
5.06
  0
LWPOLYLINE
100
AcDbEntity
  8
0
100
AcDbPolyline
 90
4
 70
1
 10
-34.94
 20
9.89
 10
-30.11
 20
9.89
 10
-30.11
 20
5.06
 10
-34.94
 20
5.06
  0
LWPOLYLINE
100
AcDbEntity
  8
0
100
AcDbPolyline
 90
4
 70
1
 10
-29.89
 20
9.89
 10
-25.06
 20
9.89
 10
-25.06
 20
5.06
 10
-29.89
 20
5.06
  0
LWPOLYLINE
100
AcDbEntity
  8
0
100
AcDbPolyline
 90
4
 70
1
 10
-24.94
 20
9.89
 10
-20.11
 20
9.89
 10
-20.11
 20
5.06
 10
-24.94
 20
5.06
  0
LWPOLYLINE
100
AcDbEntity
  8
0
100
AcDbPolyline
 90
4
 70
1
 10
-19.89
 20
9.89
 10
-15.06
 20
9.89
 10
-15.06
 20
5.06
 10
-19.89
 20
5.06
  0
LWPOLYLINE
100
AcDbEntity
  8
0
100
AcDbPolyline
 90
4
 70
1
 10
-14.94
 20
9.89
 10
-10.11
 20
9.89
 10
-10.11
 20
5.06
 10
-14.94
 20
5.06
  0
LWPOLYLINE
100
AcDbEntity
  8
0
100
AcDbPolyline
 90
4
 70
1
 10
-9.89
 20
9.89
 10
-5.06
 20
9.89
 10
-5.06
 20
5.06
 10
-9.89
 20
5.06
  0
LWPOLYLINE
100
AcDbEntity
  8
0
100
AcDbPolyline
 90
4
 70
1
 10
-4.94
 20
9.89
 10
-0.2
 20
9.89
 10
-0.2
 20
5.06
 10
-4.94
 20
5.06
  0
LWPOLYLINE
100
AcDbEntity
  8
0
100
AcDbPolyline
 90
18
 70
1
 10
0.2
 20
9.89
 10
4.94
 20
9.89
 10
4.94
 20
7.02284
 10
4.90936
 20
7.01116
 10
4.76442
 20
6.88936
 10
4.651
 20
6.71314
 10
4.64287
 20
6.71314
 10
4.64159
 20
6.76805
 10
4.63777
 20
6.85552
 10
4.63295
 20
6.9458
 10
4.62862
 20
7.00912
 10
4.62506
 20
7.04855
 10
4.62253
 20
7.06711
 10
4.26853
 20
7.06711
 10
4.27769
 20
6.89978
 10
4.28074
 20
6.61753
 10
4.28074
 20
5.06
 10
0.2
 20
5.06
  0
LWPOLYLINE
100
AcDbEntity
  8
0
100
AcDbPolyline
 90
59
 70
1
 10
5.93979
 20
5.1131
 10
6.14221
 20
5.9767
 10
6.09185
 20
6.48275
 10
5.94079
 20
6.83317
 10
5.68802
 20
7.03763
 10
5.33251
 20
7.10578
 10
5.0955
 20
7.08213
 10
5.06
 20
7.06859
 10
5.06
 20
9.89
 10
9.89
 20
9.89
 10
9.89
 20
7.09802
 10
9.75729
 20
7.08414
 10
9.57139
 20
7.0132
 10
9.41552
 20
6.8853
 10
9.27949
 20
6.69076
 10
9.27337
 20
6.69076
 10
9.26957
 20
6.82578
 10
9.26626
 20
6.90943
 10
9.26346
 20
6.96411
 10
9.26116
 20
7.01218
 10
9.25913
 20
7.04829
 10
9.25711
 20
7.06711
 10
8.91127
 20
7.06711
 10
8.92041
 20
6.9069
 10
8.92345
 20
6.59716
 10
8.92345
 20
5.06
 10
8.63443
 20
5.06
 10
8.63443
 20
5.10598
 10
8.57087
 20
5.09529
 10
8.51443
 20
5.09173
 10
8.41372
 20
5.11232
 10
8.35165
 20
5.17411
 10
8.31961
 20
5.27661
 10
8.30893
 20
5.41927
 10
8.30893
 20
6.3673
 10
8.25654
 20
6.6849
 10
8.09938
 20
6.91756
 10
7.83849
 20
7.06023
 10
7.47484
 20
7.10779
 10
6.85945
 20
6.95928
 10
6.59194
 20
6.51376
 10
6.97438
 20
6.47917
 10
7.01914
 20
6.63734
 10
7.10866
 20
6.74566
 10
7.25412
 20
6.80823
 10
7.46671
 20
6.82909
 10
7.67829
 20
6.80009
 10
7.82476
 20
6.71311
 10
7.91021
 20
6.55901
 10
7.9387
 20
6.32863
 10
7.9387
 20
6.2086
 10
7.44433
 20
6.20047
 10
7.01279
 20
6.14554
 10
6.71908
 20
6.00517
 10
6.55049
 20
5.7824
 10
6.49429
 20
5.48029
 10
6.53599
 20
5.2077
 10
6.62504
 20
5.06
 10
5.82776
 20
5.06
  0
LWPOLYLINE
100
AcDbEntity
  8
0
100
AcDbPolyline
 90
35
 70
1
 10
10.6811
 20
6.33271
 10
10.6392
 20
6.68898
 10
10.5133
 20
6.92776
 10
10.2969
 20
7.06278
 10
10.11
 20
7.08961
 10
10.11
 20
9.89
 10
14.94
 20
9.89
 10
14.94
 20
5.06
 10
13.9161
 20
5.06
 10
13.9161
 20
7.88494
 10
13.5499
 20
7.88494
 10
13.5499
 20
5.06
 10
12.7884
 20
5.06
 10
13.0249
 20
5.34604
 10
12.7035
 20
5.43757
 10
12.6295
 20
5.30381
 10
12.5092
 20
5.19547
 10
12.3421
 20
5.12376
 10
12.1278
 20
5.09986
 10
11.8628
 20
5.15123
 10
11.67
 20
5.30533
 10
11.5525
 20
5.55405
 10
11.5134
 20
5.88922
 10
13.0839
 20
5.88922
 10
13.0839
 20
5.93803
 10
12.8413
 20
6.81535
 10
12.1135
 20
7.10779
 10
11.6942
 20
7.03506
 10
11.3842
 20
6.81688
 10
11.1927
 20
6.46239
 10
11.1289
 20
5.98075
 10
11.1927
 20
5.47776
 10
11.3842
 20
5.11615
 10
11.4649
 20
5.06
 10
10.6811
 20
5.06
  0
LWPOLYLINE
100
AcDbEntity
  8
0
100
AcDbPolyline
 90
38
 70
1
 10
15.06
 20
9.89
 10
19.89
 20
9.89
 10
19.89
 20
5.06
 10
19.8406
 20
5.06
 10
19.8406
 20
5.31145
 10
19.4439
 20
5.31145
 10
19.4439
 20
5.06
 10
18.4825
 20
5.06
 10
18.6411
 20
5.20363
 10
18.8311
 20
5.66696
 10
18.8944
 20
6.30016
 10
18.8342
 20
6.94099
 10
18.6534
 20
7.40278
 10
18.3459
 20
7.68201
 10
17.9057
 20
7.77508
 10
17.4549
 20
7.68303
 10
17.1439
 20
7.40686
 10
16.9631
 20
6.94607
 10
16.9028
 20
6.30016
 10
16.9648
 20
5.66441
 10
17.151
 20
5.20159
 10
17.3064
 20
5.06
 10
16.1143
 20
5.06
 10
16.0231
 20
5.403
 10
15.9791
 20
5.94415
 10
16.0236
 20
6.48733
 10
16.1571
 20
6.98575
 10
16.3857
 20
7.44857
 10
16.7155
 20
7.88494
 10
16.3616
 20
7.88494
 10
16.0287
 20
7.45823
 10
15.795
 20
7.00405
 10
15.6569
 20
6.50613
 10
15.6109
 20
5.9482
 10
15.6109
 20
5.94007
 10
15.6566
 20
5.38494
 10
15.7463
 20
5.06
 10
15.06
 20
5.06
  0
LWPOLYLINE
100
AcDbEntity
  8
0
100
AcDbPolyline
 90
34
 70
1
 10
20.11
 20
9.89
 10
24.94
 20
9.89
 10
24.94
 20
5.06
 10
23.526
 20
5.06
 10
23.6153
 20
5.38214
 10
23.6613
 20
5.94007
 10
23.6613
 20
5.9482
 10
23.6156
 20
6.50333
 10
23.4782
 20
7.00099
 10
23.2448
 20
7.45644
 10
22.9106
 20
7.88494
 10
22.5567
 20
7.88494
 10
22.8865
 20
7.44754
 10
23.1151
 20
6.98572
 10
23.2486
 20
6.48833
 10
23.2931
 20
5.94415
 10
23.2489
 20
5.4002
 10
23.1579
 20
5.06
 10
21.9574
 20
5.06
 10
22.1161
 20
5.20363
 10
22.306
 20
5.66696
 10
22.3694
 20
6.30016
 10
22.3091
 20
6.94099
 10
22.1283
 20
7.40278
 10
21.8209
 20
7.68201
 10
21.3807
 20
7.77508
 10
20.9298
 20
7.68303
 10
20.6188
 20
7.40686
 10
20.438
 20
6.94607
 10
20.3777
 20
6.30016
 10
20.4398
 20
5.66441
 10
20.6259
 20
5.20159
 10
20.7813
 20
5.06
 10
20.11
 20
5.06
  0
LWPOLYLINE
100
AcDbEntity
  8
0
100
AcDbPolyline
 90
4
 70
1
 10
25.06
 20
9.89
 10
29.89
 20
9.89
 10
29.89
 20
5.06
 10
25.06
 20
5.06
  0
LWPOLYLINE
100
AcDbEntity
  8
0
100
AcDbPolyline
 90
4
 70
1
 10
30.11
 20
9.89
 10
34.94
 20
9.89
 10
34.94
 20
5.06
 10
30.11
 20
5.06
  0
LWPOLYLINE
100
AcDbEntity
  8
0
100
AcDbPolyline
 90
4
 70
1
 10
35.06
 20
9.89
 10
39.89
 20
9.89
 10
39.89
 20
5.06
 10
35.06
 20
5.06
  0
LWPOLYLINE
100
AcDbEntity
  8
0
100
AcDbPolyline
 90
4
 70
1
 10
40.11
 20
9.89
 10
44.94
 20
9.89
 10
44.94
 20
5.06
 10
40.11
 20
5.06
  0
LWPOLYLINE
100
AcDbEntity
  8
0
100
AcDbPolyline
 90
4
 70
1
 10
45.06
 20
9.89
 10
49.89
 20
9.89
 10
49.89
 20
5.06
 10
45.06
 20
5.06
  0
LWPOLYLINE
100
AcDbEntity
  8
0
100
AcDbPolyline
 90
4
 70
1
 10
50.11
 20
9.89
 10
54.94
 20
9.89
 10
54.94
 20
5.06
 10
50.11
 20
5.06
  0
LWPOLYLINE
100
AcDbEntity
  8
0
100
AcDbPolyline
 90
4
 70
1
 10
55.06
 20
9.89
 10
59.89
 20
9.89
 10
59.89
 20
5.06
 10
55.06
 20
5.06
  0
LWPOLYLINE
100
AcDbEntity
  8
0
100
AcDbPolyline
 90
4
 70
1
 10
60.11
 20
9.89
 10
64.94
 20
9.89
 10
64.94
 20
5.06
 10
60.11
 20
5.06
  0
LWPOLYLINE
100
AcDbEntity
  8
0
100
AcDbPolyline
 90
4
 70
1
 10
67.625
 20
9.89
 10
69.89
 20
9.89
 10
69.89
 20
5.06
 10
67.625
 20
5.06
  0
LWPOLYLINE
100
AcDbEntity
  8
0
100
AcDbPolyline
 90
4
 70
1
 10
70.11
 20
9.89
 10
74.94
 20
9.89
 10
74.94
 20
5.06
 10
70.11
 20
5.06
  0
LWPOLYLINE
100
AcDbEntity
  8
0
100
AcDbPolyline
 90
4
 70
1
 10
80.11
 20
9.89
 10
84.94
 20
9.89
 10
84.94
 20
5.06
 10
80.11
 20
5.06
  0
LWPOLYLINE
100
AcDbEntity
  8
0
100
AcDbPolyline
 90
4
 70
1
 10
85.06
 20
9.89
 10
89.89
 20
9.89
 10
89.89
 20
5.06
 10
85.06
 20
5.06
  0
LWPOLYLINE
100
AcDbEntity
  8
0
100
AcDbPolyline
 90
4
 70
1
 10
90.11
 20
9.89
 10
94.94
 20
9.89
 10
94.94
 20
5.06
 10
90.11
 20
5.06
  0
LWPOLYLINE
100
AcDbEntity
  8
0
100
AcDbPolyline
 90
4
 70
1
 10
95.06
 20
9.89
 10
99.89
 20
9.89
 10
99.89
 20
5.06
 10
95.06
 20
5.06
  0
LWPOLYLINE
100
AcDbEntity
  8
0
100
AcDbPolyline
 90
4
 70
1
 10
100.11
 20
9.89
 10
104.94
 20
9.89
 10
104.94
 20
5.06
 10
100.11
 20
5.06
  0
LWPOLYLINE
100
AcDbEntity
  8
0
100
AcDbPolyline
 90
4
 70
1
 10
78.6023
 20
9.89
 10
79.3
 20
9.89
 10
79.3
 20
5.06
 10
78.6023
 20
5.06
  0
LWPOLYLINE
100
AcDbEntity
  8
0
100
AcDbPolyline
 90
4
 70
1
 10
75.06
 20
9.89
 10
78.1523
 20
9.89
 10
78.1523
 20
5.06
 10
75.06
 20
5.06
  0
LWPOLYLINE
100
AcDbEntity
  8
0
100
AcDbPolyline
 90
4
 70
1
 10
65.06
 20
9.89
 10
67.075
 20
9.89
 10
67.075
 20
5.06
 10
65.06
 20
5.06
  0
LWPOLYLINE
100
AcDbEntity
  8
0
100
AcDbPolyline
 90
4
 70
1
 10
-69.89
 20
9.89
 10
-67.625
 20
9.89
 10
-67.625
 20
5.06
 10
-69.89
 20
5.06
  0
LWPOLYLINE
100
AcDbEntity
  8
0
100
AcDbPolyline
 90
4
 70
1
 10
-79.3
 20
9.89
 10
-78.6023
 20
9.89
 10
-78.6023
 20
5.06
 10
-79.3
 20
5.06
  0
LWPOLYLINE
100
AcDbEntity
  8
0
100
AcDbPolyline
 90
16
 70
1
 10
17.6161
 20
5.19498
 10
17.4226
 20
5.40706
 10
17.3104
 20
5.77172
 10
17.2731
 20
6.30016
 10
17.3099
 20
6.84028
 10
17.4205
 20
7.2034
 10
17.6156
 20
7.40939
 10
17.9057
 20
7.47805
 10
18.1888
 20
7.40838
 10
18.3787
 20
7.19935
 10
18.4863
 20
6.8352
 10
18.5222
 20
6.30016
 10
18.4845
 20
5.77935
 10
18.3716
 20
5.41315
 10
18.1778
 20
5.1965
 10
17.8976
 20
5.12428
  0
LWPOLYLINE
100
AcDbEntity
  8
0
100
AcDbPolyline
 90
16
 70
1
 10
21.091
 20
5.19498
 10
20.8975
 20
5.40706
 10
20.7854
 20
5.77172
 10
20.748
 20
6.30016
 10
20.7849
 20
6.84028
 10
20.8955
 20
7.2034
 10
21.0905
 20
7.40939
 10
21.3807
 20
7.47805
 10
21.6637
 20
7.40838
 10
21.8537
 20
7.19935
 10
21.9612
 20
6.8352
 10
21.9971
 20
6.30016
 10
21.9595
 20
5.77935
 10
21.8466
 20
5.41315
 10
21.6528
 20
5.1965
 10
21.3725
 20
5.12428
  0
LWPOLYLINE
100
AcDbEntity
  8
0
100
AcDbPolyline
 90
9
 70
1
 10
11.5655
 20
6.44789
 10
11.6852
 20
6.6592
 10
11.8686
 20
6.79271
 10
12.1074
 20
6.83722
 10
12.35
 20
6.7973
 10
12.5285
 20
6.67753
 10
12.646
 20
6.47079
 10
12.7055
 20
6.16996
 10
11.5174
 20
6.16996
  0
LWPOLYLINE
100
AcDbEntity
  8
0
100
AcDbPolyline
 90
8
 70
1
 10
9.28966
 20
6.14146
 10
9.3278
 20
6.42781
 10
9.44224
 20
6.64396
 10
9.62279
 20
6.77975
 10
9.85927
 20
6.82501
 10
9.89
 20
6.82246
 10
9.89
 20
5.06
 10
9.28966
 20
5.06
  0
LWPOLYLINE
100
AcDbEntity
  8
0
100
AcDbPolyline
 90
11
 70
1
 10
5.06
 20
5.12932
 10
5.06
 20
6.80189
 10
5.23894
 20
6.823
 10
5.47289
 20
6.77367
 10
5.63359
 20
6.62566
 10
5.72667
 20
6.36271
 10
5.7577
 20
5.96854
 10
5.72642
 20
5.56447
 10
5.63257
 20
5.29618
 10
5.47059
 20
5.1459
 10
5.23486
 20
5.09581
  0
LWPOLYLINE
100
AcDbEntity
  8
0
100
AcDbPolyline
 90
8
 70
1
 10
10.11
 20
6.78033
 10
10.1339
 20
6.77212
 10
10.2148
 20
6.70245
 10
10.2702
 20
6.5992
 10
10.3022
 20
6.45476
 10
10.3129
 20
6.26149
 10
10.3129
 20
5.06
 10
10.11
 20
5.06
  0
LWPOLYLINE
100
AcDbEntity
  8
0
100
AcDbPolyline
 90
9
 70
1
 10
4.78525
 20
5.30128
 10
4.6815
 20
5.56371
 10
4.64692
 20
5.94007
 10
4.66294
 20
6.22208
 10
4.711
 20
6.4456
 10
4.78985
 20
6.61422
 10
4.89817
 20
6.73144
 10
4.94
 20
6.75102
 10
4.94
 20
5.16995
  0
LWPOLYLINE
100
AcDbEntity
  8
0
100
AcDbPolyline
 90
18
 70
1
 10
7.0845
 20
5.12427
 10
6.96727
 20
5.19751
 10
6.8948
 20
5.31551
 10
6.87064
 20
5.4742
 10
6.88844
 20
5.62322
 10
6.94183
 20
5.74069
 10
7.02855
 20
5.82919
 10
7.14628
 20
5.89123
 10
7.31082
 20
5.92888
 10
7.53793
 20
5.94415
 10
7.9387
 20
5.95228
 10
7.9387
 20
5.77123
 10
7.91606
 20
5.60465
 10
7.84816
 20
5.44267
 10
7.74109
 20
5.30001
 10
7.60096
 20
5.19142
 10
7.43314
 20
5.12275
 10
7.24294
 20
5.09986
  0
LWPOLYLINE
100
AcDbEntity
  8
0
100
AcDbPolyline
 90
6
 70
1
 10
7.78689
 20
5.07164
 10
7.9387
 20
5.28703
 10
7.95088
 20
5.28703
 10
7.98318
 20
5.08944
 10
7.99874
 20
5.06
 10
7.77253
 20
5.06
  0
LWPOLYLINE
100
AcDbEntity
  8
0
100
AcDbPolyline
 90
5
 70
1
 10
4.64489
 20
5.1131
 10
4.63879
 20
5.20771
 10
4.64896
 20
5.20771
 10
4.782
 20
5.06
 10
4.64532
 20
5.06
  0
LWPOLYLINE
100
AcDbEntity
  8
0
100
AcDbPolyline
 90
4
 70
1
 10
-104.94
 20
4.94
 10
-100.11
 20
4.94
 10
-100.11
 20
0.2
 10
-104.94
 20
0.2
  0
LWPOLYLINE
100
AcDbEntity
  8
0
100
AcDbPolyline
 90
4
 70
1
 10
-99.89
 20
4.94
 10
-95.06
 20
4.94
 10
-95.06
 20
0.2
 10
-99.89
 20
0.2
  0
LWPOLYLINE
100
AcDbEntity
  8
0
100
AcDbPolyline
 90
4
 70
1
 10
-94.94
 20
4.94
 10
-90.11
 20
4.94
 10
-90.11
 20
0.2
 10
-94.94
 20
0.2
  0
LWPOLYLINE
100
AcDbEntity
  8
0
100
AcDbPolyline
 90
4
 70
1
 10
-89.89
 20
4.94
 10
-85.06
 20
4.94
 10
-85.06
 20
0.2
 10
-89.89
 20
0.2
  0
LWPOLYLINE
100
AcDbEntity
  8
0
100
AcDbPolyline
 90
4
 70
1
 10
-84.94
 20
4.94
 10
-80.11
 20
4.94
 10
-80.11
 20
0.2
 10
-84.94
 20
0.2
  0
LWPOLYLINE
100
AcDbEntity
  8
0
100
AcDbPolyline
 90
4
 70
1
 10
-78.1523
 20
4.94
 10
-75.06
 20
4.94
 10
-75.06
 20
0.2
 10
-78.1523
 20
0.2
  0
LWPOLYLINE
100
AcDbEntity
  8
0
100
AcDbPolyline
 90
20
 70
1
 10
-74.94
 20
4.94
 10
-70.11
 20
4.94
 10
-70.11
 20
0.779137
 10
-70.2246
 20
1.025
 10
-70.4296
 20
1.31771
 10
-70.6823
 20
1.57039
 10
-70.975
 20
1.77535
 10
-71.2989
 20
1.92637
 10
-71.644
 20
2.01886
 10
-72
 20
2.05
 10
-72.356
 20
2.01886
 10
-72.7011
 20
1.92637
 10
-73.025
 20
1.77535
 10
-73.3177
 20
1.57039
 10
-73.5704
 20
1.31771
 10
-73.7754
 20
1.025
 10
-73.9264
 20
0.701141
 10
-74.0189
 20
0.355979
 10
-74.0325
 20
0.2
 10
-74.94
 20
0.2
  0
LWPOLYLINE
100
AcDbEntity
  8
0
100
AcDbPolyline
 90
4
 70
1
 10
-67.075
 20
4.94
 10
-65.06
 20
4.94
 10
-65.06
 20
0.2
 10
-67.075
 20
0.2
  0
LWPOLYLINE
100
AcDbEntity
  8
0
100
AcDbPolyline
 90
4
 70
1
 10
-64.94
 20
4.94
 10
-60.11
 20
4.94
 10
-60.11
 20
0.2
 10
-64.94
 20
0.2
  0
LWPOLYLINE
100
AcDbEntity
  8
0
100
AcDbPolyline
 90
4
 70
1
 10
-59.89
 20
4.94
 10
-55.06
 20
4.94
 10
-55.06
 20
0.2
 10
-59.89
 20
0.2
  0
LWPOLYLINE
100
AcDbEntity
  8
0
100
AcDbPolyline
 90
4
 70
1
 10
-54.94
 20
4.94
 10
-50.11
 20
4.94
 10
-50.11
 20
0.2
 10
-54.94
 20
0.2
  0
LWPOLYLINE
100
AcDbEntity
  8
0
100
AcDbPolyline
 90
4
 70
1
 10
-49.89
 20
4.94
 10
-45.06
 20
4.94
 10
-45.06
 20
0.2
 10
-49.89
 20
0.2
  0
LWPOLYLINE
100
AcDbEntity
  8
0
100
AcDbPolyline
 90
4
 70
1
 10
-44.94
 20
4.94
 10
-40.11
 20
4.94
 10
-40.11
 20
0.2
 10
-44.94
 20
0.2
  0
LWPOLYLINE
100
AcDbEntity
  8
0
100
AcDbPolyline
 90
4
 70
1
 10
-39.89
 20
4.94
 10
-35.06
 20
4.94
 10
-35.06
 20
0.2
 10
-39.89
 20
0.2
  0
LWPOLYLINE
100
AcDbEntity
  8
0
100
AcDbPolyline
 90
4
 70
1
 10
-34.94
 20
4.94
 10
-30.11
 20
4.94
 10
-30.11
 20
0.2
 10
-34.94
 20
0.2
  0
LWPOLYLINE
100
AcDbEntity
  8
0
100
AcDbPolyline
 90
4
 70
1
 10
-29.89
 20
4.94
 10
-25.06
 20
4.94
 10
-25.06
 20
0.2
 10
-29.89
 20
0.2
  0
LWPOLYLINE
100
AcDbEntity
  8
0
100
AcDbPolyline
 90
4
 70
1
 10
-24.94
 20
4.94
 10
-20.11
 20
4.94
 10
-20.11
 20
0.2
 10
-24.94
 20
0.2
  0
LWPOLYLINE
100
AcDbEntity
  8
0
100
AcDbPolyline
 90
4
 70
1
 10
-19.89
 20
4.94
 10
-15.06
 20
4.94
 10
-15.06
 20
0.2
 10
-19.89
 20
0.2
  0
LWPOLYLINE
100
AcDbEntity
  8
0
100
AcDbPolyline
 90
4
 70
1
 10
-14.94
 20
4.94
 10
-10.11
 20
4.94
 10
-10.11
 20
0.2
 10
-14.94
 20
0.2
  0
LWPOLYLINE
100
AcDbEntity
  8
0
100
AcDbPolyline
 90
4
 70
1
 10
-9.89
 20
4.94
 10
-5.06
 20
4.94
 10
-5.06
 20
0.2
 10
-9.89
 20
0.2
  0
LWPOLYLINE
100
AcDbEntity
  8
0
100
AcDbPolyline
 90
8
 70
1
 10
-4.94
 20
4.94
 10
-0.2
 20
4.94
 10
-0.2
 20
2.5
 10
-0.35
 20
2.5
 10
-0.35
 20
0.35
 10
-2.5
 20
0.35
 10
-2.5
 20
0.2
 10
-4.94
 20
0.2
  0
LWPOLYLINE
100
AcDbEntity
  8
0
100
AcDbPolyline
 90
22
 70
1
 10
5.06
 20
4.88652
 10
5.33251
 20
4.82524
 10
5.57461
 20
4.94
 10
6.75652
 20
4.94
 10
6.86911
 20
4.86898
 10
7.15951
 20
4.82524
 10
7.40594
 20
4.85143
 10
7.61218
 20
4.93
 10
7.62451
 20
4.94
 10
8.07423
 20
4.94
 10
8.17594
 20
4.87228
 10
8.35168
 20
4.84558
 10
8.49458
 20
4.85372
 10
8.63443
 20
4.87813
 10
8.63443
 20
4.94
 10
8.92345
 20
4.94
 10
8.92345
 20
4.86592
 10
9.28966
 20
4.86592
 10
9.28966
 20
4.94
 10
9.89
 20
4.94
 10
9.89
 20
0.2
 10
5.06
 20
0.2
  0
LWPOLYLINE
100
AcDbEntity
  8
0
100
AcDbPolyline
 90
16
 70
1
 10
10.11
 20
4.94
 10
10.3129
 20
4.94
 10
10.3129
 20
4.86592
 10
10.6811
 20
4.86592
 10
10.6811
 20
4.94
 10
11.6373
 20
4.94
 10
11.6977
 20
4.89797
 10
12.1278
 20
4.82524
 10
12.6339
 20
4.94
 10
13.5499
 20
4.94
 10
13.5499
 20
4.86592
 10
13.9161
 20
4.86592
 10
13.9161
 20
4.94
 10
14.94
 20
4.94
 10
14.94
 20
0.2
 10
10.11
 20
0.2
  0
LWPOLYLINE
100
AcDbEntity
  8
0
100
AcDbPolyline
 90
27
 70
1
 10
15.06
 20
4.94
 10
15.7794
 20
4.94
 10
15.794
 20
4.88728
 10
16.0274
 20
4.43183
 10
16.3616
 20
4.00333
 10
16.7155
 20
4.00333
 10
16.3832
 20
4.44378
 10
16.1551
 20
4.9066
 10
16.1462
 20
4.94
 10
17.438
 20
4.94
 10
17.4607
 20
4.91933
 10
17.8935
 20
4.82524
 10
18.3276
 20
4.91984
 10
18.3499
 20
4.94
 10
19.4439
 20
4.94
 10
19.4439
 20
4.86592
 10
19.6229
 20
4.86592
 10
19.5751
 20
4.60451
 10
19.4317
 20
4.33291
 10
19.6819
 20
4.33291
 10
19.7526
 20
4.4682
 10
19.8019
 20
4.6096
 10
19.8309
 20
4.77183
 10
19.8391
 20
4.94
 10
19.89
 20
4.94
 10
19.89
 20
0.2
 10
15.06
 20
0.2
  0
LWPOLYLINE
100
AcDbEntity
  8
0
100
AcDbPolyline
 90
17
 70
1
 10
20.11
 20
4.94
 10
20.913
 20
4.94
 10
20.9356
 20
4.91933
 10
21.3685
 20
4.82524
 10
21.8025
 20
4.91984
 10
21.8248
 20
4.94
 10
23.1259
 20
4.94
 10
23.1161
 20
4.90354
 10
22.8878
 20
4.442
 10
22.5567
 20
4.00333
 10
22.9106
 20
4.00333
 10
23.2435
 20
4.43004
 10
23.4772
 20
4.88422
 10
23.4927
 20
4.94
 10
24.94
 20
4.94
 10
24.94
 20
0.2
 10
20.11
 20
0.2
  0
LWPOLYLINE
100
AcDbEntity
  8
0
100
AcDbPolyline
 90
4
 70
1
 10
25.06
 20
4.94
 10
29.89
 20
4.94
 10
29.89
 20
0.2
 10
25.06
 20
0.2
  0
LWPOLYLINE
100
AcDbEntity
  8
0
100
AcDbPolyline
 90
4
 70
1
 10
30.11
 20
4.94
 10
34.94
 20
4.94
 10
34.94
 20
0.2
 10
30.11
 20
0.2
  0
LWPOLYLINE
100
AcDbEntity
  8
0
100
AcDbPolyline
 90
4
 70
1
 10
35.06
 20
4.94
 10
39.89
 20
4.94
 10
39.89
 20
0.2
 10
35.06
 20
0.2
  0
LWPOLYLINE
100
AcDbEntity
  8
0
100
AcDbPolyline
 90
4
 70
1
 10
40.11
 20
4.94
 10
44.94
 20
4.94
 10
44.94
 20
0.2
 10
40.11
 20
0.2
  0
LWPOLYLINE
100
AcDbEntity
  8
0
100
AcDbPolyline
 90
4
 70
1
 10
45.06
 20
4.94
 10
49.89
 20
4.94
 10
49.89
 20
0.2
 10
45.06
 20
0.2
  0
LWPOLYLINE
100
AcDbEntity
  8
0
100
AcDbPolyline
 90
4
 70
1
 10
50.11
 20
4.94
 10
54.94
 20
4.94
 10
54.94
 20
0.2
 10
50.11
 20
0.2
  0
LWPOLYLINE
100
AcDbEntity
  8
0
100
AcDbPolyline
 90
4
 70
1
 10
55.06
 20
4.94
 10
59.89
 20
4.94
 10
59.89
 20
0.2
 10
55.06
 20
0.2
  0
LWPOLYLINE
100
AcDbEntity
  8
0
100
AcDbPolyline
 90
4
 70
1
 10
60.11
 20
4.94
 10
64.94
 20
4.94
 10
64.94
 20
0.2
 10
60.11
 20
0.2
  0
LWPOLYLINE
100
AcDbEntity
  8
0
100
AcDbPolyline
 90
4
 70
1
 10
67.625
 20
4.94
 10
69.89
 20
4.94
 10
69.89
 20
0.2
 10
67.625
 20
0.2
  0
LWPOLYLINE
100
AcDbEntity
  8
0
100
AcDbPolyline
 90
20
 70
1
 10
74.0189
 20
0.355979
 10
73.9264
 20
0.701141
 10
73.7754
 20
1.025
 10
73.5704
 20
1.31771
 10
73.3177
 20
1.57039
 10
73.025
 20
1.77535
 10
72.7011
 20
1.92637
 10
72.356
 20
2.01886
 10
72
 20
2.05
 10
71.644
 20
2.01886
 10
71.2989
 20
1.92637
 10
70.975
 20
1.77535
 10
70.6823
 20
1.57039
 10
70.4296
 20
1.31771
 10
70.2246
 20
1.025
 10
70.11
 20
0.779137
 10
70.11
 20
4.94
 10
74.94
 20
4.94
 10
74.94
 20
0.2
 10
74.0325
 20
0.2
  0
LWPOLYLINE
100
AcDbEntity
  8
0
100
AcDbPolyline
 90
4
 70
1
 10
80.11
 20
4.94
 10
84.94
 20
4.94
 10
84.94
 20
0.2
 10
80.11
 20
0.2
  0
LWPOLYLINE
100
AcDbEntity
  8
0
100
AcDbPolyline
 90
4
 70
1
 10
85.06
 20
4.94
 10
89.89
 20
4.94
 10
89.89
 20
0.2
 10
85.06
 20
0.2
  0
LWPOLYLINE
100
AcDbEntity
  8
0
100
AcDbPolyline
 90
4
 70
1
 10
90.11
 20
4.94
 10
94.94
 20
4.94
 10
94.94
 20
0.2
 10
90.11
 20
0.2
  0
LWPOLYLINE
100
AcDbEntity
  8
0
100
AcDbPolyline
 90
4
 70
1
 10
95.06
 20
4.94
 10
99.89
 20
4.94
 10
99.89
 20
0.2
 10
95.06
 20
0.2
  0
LWPOLYLINE
100
AcDbEntity
  8
0
100
AcDbPolyline
 90
4
 70
1
 10
100.11
 20
4.94
 10
104.94
 20
4.94
 10
104.94
 20
0.2
 10
100.11
 20
0.2
  0
LWPOLYLINE
100
AcDbEntity
  8
0
100
AcDbPolyline
 90
4
 70
1
 10
78.6023
 20
4.94
 10
79.3
 20
4.94
 10
79.3
 20
0.2
 10
78.6023
 20
0.2
  0
LWPOLYLINE
100
AcDbEntity
  8
0
100
AcDbPolyline
 90
4
 70
1
 10
75.06
 20
4.94
 10
78.1523
 20
4.94
 10
78.1523
 20
0.2
 10
75.06
 20
0.2
  0
LWPOLYLINE
100
AcDbEntity
  8
0
100
AcDbPolyline
 90
4
 70
1
 10
65.06
 20
4.94
 10
67.075
 20
4.94
 10
67.075
 20
0.2
 10
65.06
 20
0.2
  0
LWPOLYLINE
100
AcDbEntity
  8
0
100
AcDbPolyline
 90
15
 70
1
 10
2.5
 20
0.35
 10
0.35
 20
0.35
 10
0.35
 20
2.5
 10
0.2
 20
2.5
 10
0.2
 20
4.94
 10
4.28074
 20
4.94
 10
4.28074
 20
4.00132
 10
4.64692
 20
4.00132
 10
4.64692
 20
4.86184
 10
4.64629
 20
4.94
 10
4.89009
 20
4.94
 10
4.90733
 20
4.92086
 10
4.94
 20
4.91351
 10
4.94
 20
0.2
 10
2.5
 20
0.2
  0
LWPOLYLINE
100
AcDbEntity
  8
0
100
AcDbPolyline
 90
4
 70
1
 10
-69.89
 20
4.94
 10
-67.625
 20
4.94
 10
-67.625
 20
0.2
 10
-69.89
 20
0.2
  0
LWPOLYLINE
100
AcDbEntity
  8
0
100
AcDbPolyline
 90
4
 70
1
 10
-79.3
 20
4.94
 10
-78.6023
 20
4.94
 10
-78.6023
 20
0.2
 10
-79.3
 20
0.2
  0
LWPOLYLINE
100
AcDbEntity
  8
0
100
AcDbPolyline
 90
19
 70
1
 10
-73.4772
 20
0.260472
 10
-73.4095
 20
0.51303
 10
-73.299
 20
0.75
 10
-73.1491
 20
0.964181
 10
-72.9642
 20
1.14907
 10
-72.75
 20
1.29904
 10
-72.513
 20
1.40954
 10
-72.2605
 20
1.47721
 10
-72
 20
1.5
 10
-71.7395
 20
1.47721
 10
-71.487
 20
1.40954
 10
-71.25
 20
1.29904
 10
-71.0358
 20
1.14907
 10
-70.8509
 20
0.964181
 10
-70.701
 20
0.75
 10
-70.5905
 20
0.51303
 10
-70.5228
 20
0.260472
 10
-70.5175
 20
0.2
 10
-73.4825
 20
0.2
  0
LWPOLYLINE
100
AcDbEntity
  8
0
100
AcDbPolyline
 90
19
 70
1
 10
70.5228
 20
0.260472
 10
70.5905
 20
0.51303
 10
70.701
 20
0.75
 10
70.8509
 20
0.964181
 10
71.0358
 20
1.14907
 10
71.25
 20
1.29904
 10
71.487
 20
1.40954
 10
71.7395
 20
1.47721
 10
72
 20
1.5
 10
72.2605
 20
1.47721
 10
72.513
 20
1.40954
 10
72.75
 20
1.29904
 10
72.9642
 20
1.14907
 10
73.1491
 20
0.964181
 10
73.299
 20
0.75
 10
73.4095
 20
0.51303
 10
73.4772
 20
0.260472
 10
73.4825
 20
0.2
 10
70.5175
 20
0.2
  0
LWPOLYLINE
100
AcDbEntity
  8
0
100
AcDbPolyline
 90
4
 70
1
 10
-104.94
 20
-0.2
 10
-100.11
 20
-0.2
 10
-100.11
 20
-4.94
 10
-104.94
 20
-4.94
  0
LWPOLYLINE
100
AcDbEntity
  8
0
100
AcDbPolyline
 90
4
 70
1
 10
-99.89
 20
-0.2
 10
-95.06
 20
-0.2
 10
-95.06
 20
-4.94
 10
-99.89
 20
-4.94
  0
LWPOLYLINE
100
AcDbEntity
  8
0
100
AcDbPolyline
 90
4
 70
1
 10
-94.94
 20
-0.2
 10
-90.11
 20
-0.2
 10
-90.11
 20
-4.94
 10
-94.94
 20
-4.94
  0
LWPOLYLINE
100
AcDbEntity
  8
0
100
AcDbPolyline
 90
4
 70
1
 10
-89.89
 20
-0.2
 10
-85.06
 20
-0.2
 10
-85.06
 20
-4.94
 10
-89.89
 20
-4.94
  0
LWPOLYLINE
100
AcDbEntity
  8
0
100
AcDbPolyline
 90
4
 70
1
 10
-84.94
 20
-0.2
 10
-80.11
 20
-0.2
 10
-80.11
 20
-4.94
 10
-84.94
 20
-4.94
  0
LWPOLYLINE
100
AcDbEntity
  8
0
100
AcDbPolyline
 90
4
 70
1
 10
-78.1523
 20
-0.2
 10
-75.06
 20
-0.2
 10
-75.06
 20
-4.94
 10
-78.1523
 20
-4.94
  0
LWPOLYLINE
100
AcDbEntity
  8
0
100
AcDbPolyline
 90
4
 70
1
 10
-67.075
 20
-0.2
 10
-65.06
 20
-0.2
 10
-65.06
 20
-4.94
 10
-67.075
 20
-4.94
  0
LWPOLYLINE
100
AcDbEntity
  8
0
100
AcDbPolyline
 90
4
 70
1
 10
-64.94
 20
-0.2
 10
-60.11
 20
-0.2
 10
-60.11
 20
-4.94
 10
-64.94
 20
-4.94
  0
LWPOLYLINE
100
AcDbEntity
  8
0
100
AcDbPolyline
 90
4
 70
1
 10
-59.89
 20
-0.2
 10
-55.06
 20
-0.2
 10
-55.06
 20
-4.94
 10
-59.89
 20
-4.94
  0
LWPOLYLINE
100
AcDbEntity
  8
0
100
AcDbPolyline
 90
4
 70
1
 10
-54.94
 20
-0.2
 10
-50.11
 20
-0.2
 10
-50.11
 20
-4.94
 10
-54.94
 20
-4.94
  0
LWPOLYLINE
100
AcDbEntity
  8
0
100
AcDbPolyline
 90
4
 70
1
 10
-49.89
 20
-0.2
 10
-45.06
 20
-0.2
 10
-45.06
 20
-4.94
 10
-49.89
 20
-4.94
  0
LWPOLYLINE
100
AcDbEntity
  8
0
100
AcDbPolyline
 90
4
 70
1
 10
-44.94
 20
-0.2
 10
-40.11
 20
-0.2
 10
-40.11
 20
-4.94
 10
-44.94
 20
-4.94
  0
LWPOLYLINE
100
AcDbEntity
  8
0
100
AcDbPolyline
 90
4
 70
1
 10
-39.89
 20
-0.2
 10
-35.06
 20
-0.2
 10
-35.06
 20
-4.94
 10
-39.89
 20
-4.94
  0
LWPOLYLINE
100
AcDbEntity
  8
0
100
AcDbPolyline
 90
4
 70
1
 10
-34.94
 20
-0.2
 10
-30.11
 20
-0.2
 10
-30.11
 20
-4.94
 10
-34.94
 20
-4.94
  0
LWPOLYLINE
100
AcDbEntity
  8
0
100
AcDbPolyline
 90
4
 70
1
 10
-29.89
 20
-0.2
 10
-25.06
 20
-0.2
 10
-25.06
 20
-4.94
 10
-29.89
 20
-4.94
  0
LWPOLYLINE
100
AcDbEntity
  8
0
100
AcDbPolyline
 90
4
 70
1
 10
-24.94
 20
-0.2
 10
-20.11
 20
-0.2
 10
-20.11
 20
-4.94
 10
-24.94
 20
-4.94
  0
LWPOLYLINE
100
AcDbEntity
  8
0
100
AcDbPolyline
 90
4
 70
1
 10
-19.89
 20
-0.2
 10
-15.06
 20
-0.2
 10
-15.06
 20
-4.94
 10
-19.89
 20
-4.94
  0
LWPOLYLINE
100
AcDbEntity
  8
0
100
AcDbPolyline
 90
4
 70
1
 10
-14.94
 20
-0.2
 10
-10.11
 20
-0.2
 10
-10.11
 20
-4.94
 10
-14.94
 20
-4.94
  0
LWPOLYLINE
100
AcDbEntity
  8
0
100
AcDbPolyline
 90
4
 70
1
 10
-9.89
 20
-0.2
 10
-5.06
 20
-0.2
 10
-5.06
 20
-4.94
 10
-9.89
 20
-4.94
  0
LWPOLYLINE
100
AcDbEntity
  8
0
100
AcDbPolyline
 90
8
 70
1
 10
0.2
 20
-2.5
 10
0.35
 20
-2.5
 10
0.35
 20
-0.35
 10
2.5
 20
-0.35
 10
2.5
 20
-0.2
 10
4.94
 20
-0.2
 10
4.94
 20
-4.94
 10
0.2
 20
-4.94
  0
LWPOLYLINE
100
AcDbEntity
  8
0
100
AcDbPolyline
 90
4
 70
1
 10
5.06
 20
-0.2
 10
9.89
 20
-0.2
 10
9.89
 20
-4.94
 10
5.06
 20
-4.94
  0
LWPOLYLINE
100
AcDbEntity
  8
0
100
AcDbPolyline
 90
4
 70
1
 10
10.11
 20
-0.2
 10
14.94
 20
-0.2
 10
14.94
 20
-4.94
 10
10.11
 20
-4.94
  0
LWPOLYLINE
100
AcDbEntity
  8
0
100
AcDbPolyline
 90
4
 70
1
 10
15.06
 20
-0.2
 10
19.89
 20
-0.2
 10
19.89
 20
-4.94
 10
15.06
 20
-4.94
  0
LWPOLYLINE
100
AcDbEntity
  8
0
100
AcDbPolyline
 90
4
 70
1
 10
20.11
 20
-0.2
 10
24.94
 20
-0.2
 10
24.94
 20
-4.94
 10
20.11
 20
-4.94
  0
LWPOLYLINE
100
AcDbEntity
  8
0
100
AcDbPolyline
 90
4
 70
1
 10
25.06
 20
-0.2
 10
29.89
 20
-0.2
 10
29.89
 20
-4.94
 10
25.06
 20
-4.94
  0
LWPOLYLINE
100
AcDbEntity
  8
0
100
AcDbPolyline
 90
4
 70
1
 10
30.11
 20
-0.2
 10
34.94
 20
-0.2
 10
34.94
 20
-4.94
 10
30.11
 20
-4.94
  0
LWPOLYLINE
100
AcDbEntity
  8
0
100
AcDbPolyline
 90
4
 70
1
 10
35.06
 20
-0.2
 10
39.89
 20
-0.2
 10
39.89
 20
-4.94
 10
35.06
 20
-4.94
  0
LWPOLYLINE
100
AcDbEntity
  8
0
100
AcDbPolyline
 90
4
 70
1
 10
40.11
 20
-0.2
 10
44.94
 20
-0.2
 10
44.94
 20
-4.94
 10
40.11
 20
-4.94
  0
LWPOLYLINE
100
AcDbEntity
  8
0
100
AcDbPolyline
 90
4
 70
1
 10
45.06
 20
-0.2
 10
49.89
 20
-0.2
 10
49.89
 20
-4.94
 10
45.06
 20
-4.94
  0
LWPOLYLINE
100
AcDbEntity
  8
0
100
AcDbPolyline
 90
4
 70
1
 10
50.11
 20
-0.2
 10
54.94
 20
-0.2
 10
54.94
 20
-4.94
 10
50.11
 20
-4.94
  0
LWPOLYLINE
100
AcDbEntity
  8
0
100
AcDbPolyline
 90
4
 70
1
 10
55.06
 20
-0.2
 10
59.89
 20
-0.2
 10
59.89
 20
-4.94
 10
55.06
 20
-4.94
  0
LWPOLYLINE
100
AcDbEntity
  8
0
100
AcDbPolyline
 90
4
 70
1
 10
60.11
 20
-0.2
 10
64.94
 20
-0.2
 10
64.94
 20
-4.94
 10
60.11
 20
-4.94
  0
LWPOLYLINE
100
AcDbEntity
  8
0
100
AcDbPolyline
 90
4
 70
1
 10
67.625
 20
-0.2
 10
69.89
 20
-0.2
 10
69.89
 20
-4.94
 10
67.625
 20
-4.94
  0
LWPOLYLINE
100
AcDbEntity
  8
0
100
AcDbPolyline
 90
20
 70
1
 10
70.11
 20
-0.779137
 10
70.2246
 20
-1.025
 10
70.4296
 20
-1.31771
 10
70.6823
 20
-1.57039
 10
70.975
 20
-1.77535
 10
71.2989
 20
-1.92637
 10
71.644
 20
-2.01886
 10
72
 20
-2.05
 10
72.356
 20
-2.01886
 10
72.7011
 20
-1.92637
 10
73.025
 20
-1.77535
 10
73.3177
 20
-1.57039
 10
73.5704
 20
-1.31771
 10
73.7754
 20
-1.025
 10
73.9264
 20
-0.701141
 10
74.0189
 20
-0.355979
 10
74.0325
 20
-0.2
 10
74.94
 20
-0.2
 10
74.94
 20
-4.94
 10
70.11
 20
-4.94
  0
LWPOLYLINE
100
AcDbEntity
  8
0
100
AcDbPolyline
 90
4
 70
1
 10
80.11
 20
-0.2
 10
84.94
 20
-0.2
 10
84.94
 20
-4.94
 10
80.11
 20
-4.94
  0
LWPOLYLINE
100
AcDbEntity
  8
0
100
AcDbPolyline
 90
4
 70
1
 10
85.06
 20
-0.2
 10
89.89
 20
-0.2
 10
89.89
 20
-4.94
 10
85.06
 20
-4.94
  0
LWPOLYLINE
100
AcDbEntity
  8
0
100
AcDbPolyline
 90
4
 70
1
 10
90.11
 20
-0.2
 10
94.94
 20
-0.2
 10
94.94
 20
-4.94
 10
90.11
 20
-4.94
  0
LWPOLYLINE
100
AcDbEntity
  8
0
100
AcDbPolyline
 90
4
 70
1
 10
95.06
 20
-0.2
 10
99.89
 20
-0.2
 10
99.89
 20
-4.94
 10
95.06
 20
-4.94
  0
LWPOLYLINE
100
AcDbEntity
  8
0
100
AcDbPolyline
 90
4
 70
1
 10
100.11
 20
-0.2
 10
104.94
 20
-0.2
 10
104.94
 20
-4.94
 10
100.11
 20
-4.94
  0
LWPOLYLINE
100
AcDbEntity
  8
0
100
AcDbPolyline
 90
4
 70
1
 10
78.6023
 20
-0.2
 10
79.3
 20
-0.2
 10
79.3
 20
-4.94
 10
78.6023
 20
-4.94
  0
LWPOLYLINE
100
AcDbEntity
  8
0
100
AcDbPolyline
 90
4
 70
1
 10
75.06
 20
-0.2
 10
78.1523
 20
-0.2
 10
78.1523
 20
-4.94
 10
75.06
 20
-4.94
  0
LWPOLYLINE
100
AcDbEntity
  8
0
100
AcDbPolyline
 90
19
 70
1
 10
71.7395
 20
-1.47721
 10
71.487
 20
-1.40954
 10
71.25
 20
-1.29904
 10
71.0358
 20
-1.14907
 10
70.8509
 20
-0.964181
 10
70.701
 20
-0.75
 10
70.5905
 20
-0.51303
 10
70.5228
 20
-0.260472
 10
70.5175
 20
-0.2
 10
73.4825
 20
-0.2
 10
73.4772
 20
-0.260472
 10
73.4095
 20
-0.51303
 10
73.299
 20
-0.75
 10
73.1491
 20
-0.964181
 10
72.9642
 20
-1.14907
 10
72.75
 20
-1.29904
 10
72.513
 20
-1.40954
 10
72.2605
 20
-1.47721
 10
72
 20
-1.5
  0
LWPOLYLINE
100
AcDbEntity
  8
0
100
AcDbPolyline
 90
4
 70
1
 10
65.06
 20
-0.2
 10
67.075
 20
-0.2
 10
67.075
 20
-4.94
 10
65.06
 20
-4.94
  0
LWPOLYLINE
100
AcDbEntity
  8
0
100
AcDbPolyline
 90
8
 70
1
 10
-4.94
 20
-0.2
 10
-2.5
 20
-0.2
 10
-2.5
 20
-0.35
 10
-0.35
 20
-0.35
 10
-0.35
 20
-2.5
 10
-0.2
 20
-2.5
 10
-0.2
 20
-4.94
 10
-4.94
 20
-4.94
  0
LWPOLYLINE
100
AcDbEntity
  8
0
100
AcDbPolyline
 90
4
 70
1
 10
-69.89
 20
-0.2
 10
-67.625
 20
-0.2
 10
-67.625
 20
-4.94
 10
-69.89
 20
-4.94
  0
LWPOLYLINE
100
AcDbEntity
  8
0
100
AcDbPolyline
 90
19
 70
1
 10
-72.2605
 20
-1.47721
 10
-72.513
 20
-1.40954
 10
-72.75
 20
-1.29904
 10
-72.9642
 20
-1.14907
 10
-73.1491
 20
-0.964181
 10
-73.299
 20
-0.75
 10
-73.4095
 20
-0.51303
 10
-73.4772
 20
-0.260472
 10
-73.4825
 20
-0.2
 10
-70.5175
 20
-0.2
 10
-70.5228
 20
-0.260472
 10
-70.5905
 20
-0.51303
 10
-70.701
 20
-0.75
 10
-70.8509
 20
-0.964181
 10
-71.0358
 20
-1.14907
 10
-71.25
 20
-1.29904
 10
-71.487
 20
-1.40954
 10
-71.7395
 20
-1.47721
 10
-72
 20
-1.5
  0
LWPOLYLINE
100
AcDbEntity
  8
0
100
AcDbPolyline
 90
20
 70
1
 10
-74.94
 20
-0.2
 10
-74.0325
 20
-0.2
 10
-74.0189
 20
-0.355979
 10
-73.9264
 20
-0.701141
 10
-73.7754
 20
-1.025
 10
-73.5704
 20
-1.31771
 10
-73.3177
 20
-1.57039
 10
-73.025
 20
-1.77535
 10
-72.7011
 20
-1.92637
 10
-72.356
 20
-2.01886
 10
-72
 20
-2.05
 10
-71.644
 20
-2.01886
 10
-71.2989
 20
-1.92637
 10
-70.975
 20
-1.77535
 10
-70.6823
 20
-1.57039
 10
-70.4296
 20
-1.31771
 10
-70.2246
 20
-1.025
 10
-70.11
 20
-0.779137
 10
-70.11
 20
-4.94
 10
-74.94
 20
-4.94
  0
LWPOLYLINE
100
AcDbEntity
  8
0
100
AcDbPolyline
 90
4
 70
1
 10
-79.3
 20
-0.2
 10
-78.6023
 20
-0.2
 10
-78.6023
 20
-4.94
 10
-79.3
 20
-4.94
  0
LWPOLYLINE
100
AcDbEntity
  8
0
100
AcDbPolyline
 90
4
 70
1
 10
-104.94
 20
-5.06
 10
-100.11
 20
-5.06
 10
-100.11
 20
-9.89
 10
-104.94
 20
-9.89
  0
LWPOLYLINE
100
AcDbEntity
  8
0
100
AcDbPolyline
 90
4
 70
1
 10
-99.89
 20
-5.06
 10
-95.06
 20
-5.06
 10
-95.06
 20
-9.89
 10
-99.89
 20
-9.89
  0
LWPOLYLINE
100
AcDbEntity
  8
0
100
AcDbPolyline
 90
4
 70
1
 10
-94.94
 20
-5.06
 10
-90.11
 20
-5.06
 10
-90.11
 20
-9.89
 10
-94.94
 20
-9.89
  0
LWPOLYLINE
100
AcDbEntity
  8
0
100
AcDbPolyline
 90
4
 70
1
 10
-89.89
 20
-5.06
 10
-85.06
 20
-5.06
 10
-85.06
 20
-9.89
 10
-89.89
 20
-9.89
  0
LWPOLYLINE
100
AcDbEntity
  8
0
100
AcDbPolyline
 90
4
 70
1
 10
-84.94
 20
-5.06
 10
-80.11
 20
-5.06
 10
-80.11
 20
-9.89
 10
-84.94
 20
-9.89
  0
LWPOLYLINE
100
AcDbEntity
  8
0
100
AcDbPolyline
 90
4
 70
1
 10
-78.1523
 20
-5.06
 10
-75.06
 20
-5.06
 10
-75.06
 20
-9.89
 10
-78.1523
 20
-9.89
  0
LWPOLYLINE
100
AcDbEntity
  8
0
100
AcDbPolyline
 90
4
 70
1
 10
-74.94
 20
-5.06
 10
-70.11
 20
-5.06
 10
-70.11
 20
-9.89
 10
-74.94
 20
-9.89
  0
LWPOLYLINE
100
AcDbEntity
  8
0
100
AcDbPolyline
 90
4
 70
1
 10
-67.075
 20
-5.06
 10
-65.06
 20
-5.06
 10
-65.06
 20
-9.89
 10
-67.075
 20
-9.89
  0
LWPOLYLINE
100
AcDbEntity
  8
0
100
AcDbPolyline
 90
4
 70
1
 10
-64.94
 20
-5.06
 10
-60.11
 20
-5.06
 10
-60.11
 20
-9.89
 10
-64.94
 20
-9.89
  0
LWPOLYLINE
100
AcDbEntity
  8
0
100
AcDbPolyline
 90
4
 70
1
 10
-59.89
 20
-5.06
 10
-55.06
 20
-5.06
 10
-55.06
 20
-9.89
 10
-59.89
 20
-9.89
  0
LWPOLYLINE
100
AcDbEntity
  8
0
100
AcDbPolyline
 90
4
 70
1
 10
-54.94
 20
-5.06
 10
-50.11
 20
-5.06
 10
-50.11
 20
-9.89
 10
-54.94
 20
-9.89
  0
LWPOLYLINE
100
AcDbEntity
  8
0
100
AcDbPolyline
 90
4
 70
1
 10
-49.89
 20
-5.06
 10
-45.06
 20
-5.06
 10
-45.06
 20
-9.89
 10
-49.89
 20
-9.89
  0
LWPOLYLINE
100
AcDbEntity
  8
0
100
AcDbPolyline
 90
4
 70
1
 10
-44.94
 20
-5.06
 10
-40.11
 20
-5.06
 10
-40.11
 20
-9.89
 10
-44.94
 20
-9.89
  0
LWPOLYLINE
100
AcDbEntity
  8
0
100
AcDbPolyline
 90
4
 70
1
 10
-39.89
 20
-5.06
 10
-35.06
 20
-5.06
 10
-35.06
 20
-9.89
 10
-39.89
 20
-9.89
  0
LWPOLYLINE
100
AcDbEntity
  8
0
100
AcDbPolyline
 90
4
 70
1
 10
-34.94
 20
-5.06
 10
-30.11
 20
-5.06
 10
-30.11
 20
-9.89
 10
-34.94
 20
-9.89
  0
LWPOLYLINE
100
AcDbEntity
  8
0
100
AcDbPolyline
 90
4
 70
1
 10
-29.89
 20
-5.06
 10
-25.06
 20
-5.06
 10
-25.06
 20
-9.89
 10
-29.89
 20
-9.89
  0
LWPOLYLINE
100
AcDbEntity
  8
0
100
AcDbPolyline
 90
4
 70
1
 10
-24.94
 20
-5.06
 10
-20.11
 20
-5.06
 10
-20.11
 20
-9.89
 10
-24.94
 20
-9.89
  0
LWPOLYLINE
100
AcDbEntity
  8
0
100
AcDbPolyline
 90
4
 70
1
 10
-19.89
 20
-5.06
 10
-15.06
 20
-5.06
 10
-15.06
 20
-9.89
 10
-19.89
 20
-9.89
  0
LWPOLYLINE
100
AcDbEntity
  8
0
100
AcDbPolyline
 90
4
 70
1
 10
-14.94
 20
-5.06
 10
-10.11
 20
-5.06
 10
-10.11
 20
-9.89
 10
-14.94
 20
-9.89
  0
LWPOLYLINE
100
AcDbEntity
  8
0
100
AcDbPolyline
 90
4
 70
1
 10
-9.89
 20
-5.06
 10
-5.06
 20
-5.06
 10
-5.06
 20
-9.89
 10
-9.89
 20
-9.89
  0
LWPOLYLINE
100
AcDbEntity
  8
0
100
AcDbPolyline
 90
4
 70
1
 10
-4.94
 20
-5.06
 10
-0.2
 20
-5.06
 10
-0.2
 20
-9.89
 10
-4.94
 20
-9.89
  0
LWPOLYLINE
100
AcDbEntity
  8
0
100
AcDbPolyline
 90
4
 70
1
 10
0.2
 20
-5.06
 10
4.94
 20
-5.06
 10
4.94
 20
-9.89
 10
0.2
 20
-9.89
  0
LWPOLYLINE
100
AcDbEntity
  8
0
100
AcDbPolyline
 90
4
 70
1
 10
5.06
 20
-5.06
 10
9.89
 20
-5.06
 10
9.89
 20
-9.89
 10
5.06
 20
-9.89
  0
LWPOLYLINE
100
AcDbEntity
  8
0
100
AcDbPolyline
 90
4
 70
1
 10
10.11
 20
-5.06
 10
14.94
 20
-5.06
 10
14.94
 20
-9.89
 10
10.11
 20
-9.89
  0
LWPOLYLINE
100
AcDbEntity
  8
0
100
AcDbPolyline
 90
4
 70
1
 10
15.06
 20
-5.06
 10
19.89
 20
-5.06
 10
19.89
 20
-9.89
 10
15.06
 20
-9.89
  0
LWPOLYLINE
100
AcDbEntity
  8
0
100
AcDbPolyline
 90
4
 70
1
 10
20.11
 20
-5.06
 10
24.94
 20
-5.06
 10
24.94
 20
-9.89
 10
20.11
 20
-9.89
  0
LWPOLYLINE
100
AcDbEntity
  8
0
100
AcDbPolyline
 90
4
 70
1
 10
25.06
 20
-5.06
 10
29.89
 20
-5.06
 10
29.89
 20
-9.89
 10
25.06
 20
-9.89
  0
LWPOLYLINE
100
AcDbEntity
  8
0
100
AcDbPolyline
 90
4
 70
1
 10
30.11
 20
-5.06
 10
34.94
 20
-5.06
 10
34.94
 20
-9.89
 10
30.11
 20
-9.89
  0
LWPOLYLINE
100
AcDbEntity
  8
0
100
AcDbPolyline
 90
4
 70
1
 10
35.06
 20
-5.06
 10
39.89
 20
-5.06
 10
39.89
 20
-9.89
 10
35.06
 20
-9.89
  0
LWPOLYLINE
100
AcDbEntity
  8
0
100
AcDbPolyline
 90
4
 70
1
 10
40.11
 20
-5.06
 10
44.94
 20
-5.06
 10
44.94
 20
-9.89
 10
40.11
 20
-9.89
  0
LWPOLYLINE
100
AcDbEntity
  8
0
100
AcDbPolyline
 90
4
 70
1
 10
45.06
 20
-5.06
 10
49.89
 20
-5.06
 10
49.89
 20
-9.89
 10
45.06
 20
-9.89
  0
LWPOLYLINE
100
AcDbEntity
  8
0
100
AcDbPolyline
 90
4
 70
1
 10
50.11
 20
-5.06
 10
54.94
 20
-5.06
 10
54.94
 20
-9.89
 10
50.11
 20
-9.89
  0
LWPOLYLINE
100
AcDbEntity
  8
0
100
AcDbPolyline
 90
4
 70
1
 10
55.06
 20
-5.06
 10
59.89
 20
-5.06
 10
59.89
 20
-9.89
 10
55.06
 20
-9.89
  0
LWPOLYLINE
100
AcDbEntity
  8
0
100
AcDbPolyline
 90
4
 70
1
 10
60.11
 20
-5.06
 10
64.94
 20
-5.06
 10
64.94
 20
-9.89
 10
60.11
 20
-9.89
  0
LWPOLYLINE
100
AcDbEntity
  8
0
100
AcDbPolyline
 90
4
 70
1
 10
67.625
 20
-5.06
 10
69.89
 20
-5.06
 10
69.89
 20
-9.89
 10
67.625
 20
-9.89
  0
LWPOLYLINE
100
AcDbEntity
  8
0
100
AcDbPolyline
 90
4
 70
1
 10
70.11
 20
-5.06
 10
74.94
 20
-5.06
 10
74.94
 20
-9.89
 10
70.11
 20
-9.89
  0
LWPOLYLINE
100
AcDbEntity
  8
0
100
AcDbPolyline
 90
4
 70
1
 10
80.11
 20
-5.06
 10
84.94
 20
-5.06
 10
84.94
 20
-9.89
 10
80.11
 20
-9.89
  0
LWPOLYLINE
100
AcDbEntity
  8
0
100
AcDbPolyline
 90
4
 70
1
 10
85.06
 20
-5.06
 10
89.89
 20
-5.06
 10
89.89
 20
-9.89
 10
85.06
 20
-9.89
  0
LWPOLYLINE
100
AcDbEntity
  8
0
100
AcDbPolyline
 90
4
 70
1
 10
90.11
 20
-5.06
 10
94.94
 20
-5.06
 10
94.94
 20
-9.89
 10
90.11
 20
-9.89
  0
LWPOLYLINE
100
AcDbEntity
  8
0
100
AcDbPolyline
 90
4
 70
1
 10
95.06
 20
-5.06
 10
99.89
 20
-5.06
 10
99.89
 20
-9.89
 10
95.06
 20
-9.89
  0
LWPOLYLINE
100
AcDbEntity
  8
0
100
AcDbPolyline
 90
4
 70
1
 10
100.11
 20
-5.06
 10
104.94
 20
-5.06
 10
104.94
 20
-9.89
 10
100.11
 20
-9.89
  0
LWPOLYLINE
100
AcDbEntity
  8
0
100
AcDbPolyline
 90
4
 70
1
 10
78.6023
 20
-5.06
 10
79.3
 20
-5.06
 10
79.3
 20
-9.89
 10
78.6023
 20
-9.89
  0
LWPOLYLINE
100
AcDbEntity
  8
0
100
AcDbPolyline
 90
4
 70
1
 10
75.06
 20
-5.06
 10
78.1523
 20
-5.06
 10
78.1523
 20
-9.89
 10
75.06
 20
-9.89
  0
LWPOLYLINE
100
AcDbEntity
  8
0
100
AcDbPolyline
 90
4
 70
1
 10
65.06
 20
-5.06
 10
67.075
 20
-5.06
 10
67.075
 20
-9.89
 10
65.06
 20
-9.89
  0
LWPOLYLINE
100
AcDbEntity
  8
0
100
AcDbPolyline
 90
4
 70
1
 10
-69.89
 20
-5.06
 10
-67.625
 20
-5.06
 10
-67.625
 20
-9.89
 10
-69.89
 20
-9.89
  0
LWPOLYLINE
100
AcDbEntity
  8
0
100
AcDbPolyline
 90
4
 70
1
 10
-79.3
 20
-5.06
 10
-78.6023
 20
-5.06
 10
-78.6023
 20
-9.89
 10
-79.3
 20
-9.89
  0
LWPOLYLINE
100
AcDbEntity
  8
0
100
AcDbPolyline
 90
4
 70
1
 10
-104.94
 20
-10.11
 10
-100.11
 20
-10.11
 10
-100.11
 20
-14.94
 10
-104.94
 20
-14.94
  0
LWPOLYLINE
100
AcDbEntity
  8
0
100
AcDbPolyline
 90
4
 70
1
 10
-99.89
 20
-10.11
 10
-95.06
 20
-10.11
 10
-95.06
 20
-14.94
 10
-99.89
 20
-14.94
  0
LWPOLYLINE
100
AcDbEntity
  8
0
100
AcDbPolyline
 90
4
 70
1
 10
-94.94
 20
-10.11
 10
-90.11
 20
-10.11
 10
-90.11
 20
-14.94
 10
-94.94
 20
-14.94
  0
LWPOLYLINE
100
AcDbEntity
  8
0
100
AcDbPolyline
 90
4
 70
1
 10
-89.89
 20
-10.11
 10
-85.06
 20
-10.11
 10
-85.06
 20
-14.94
 10
-89.89
 20
-14.94
  0
LWPOLYLINE
100
AcDbEntity
  8
0
100
AcDbPolyline
 90
4
 70
1
 10
-84.94
 20
-10.11
 10
-80.11
 20
-10.11
 10
-80.11
 20
-14.94
 10
-84.94
 20
-14.94
  0
LWPOLYLINE
100
AcDbEntity
  8
0
100
AcDbPolyline
 90
4
 70
1
 10
-78.1523
 20
-10.11
 10
-75.06
 20
-10.11
 10
-75.06
 20
-14.94
 10
-78.1523
 20
-14.94
  0
LWPOLYLINE
100
AcDbEntity
  8
0
100
AcDbPolyline
 90
4
 70
1
 10
-74.94
 20
-10.11
 10
-70.11
 20
-10.11
 10
-70.11
 20
-14.94
 10
-74.94
 20
-14.94
  0
LWPOLYLINE
100
AcDbEntity
  8
0
100
AcDbPolyline
 90
4
 70
1
 10
-67.075
 20
-10.11
 10
-65.06
 20
-10.11
 10
-65.06
 20
-14.94
 10
-67.075
 20
-14.94
  0
LWPOLYLINE
100
AcDbEntity
  8
0
100
AcDbPolyline
 90
4
 70
1
 10
-64.94
 20
-10.11
 10
-60.11
 20
-10.11
 10
-60.11
 20
-14.94
 10
-64.94
 20
-14.94
  0
LWPOLYLINE
100
AcDbEntity
  8
0
100
AcDbPolyline
 90
4
 70
1
 10
-59.89
 20
-10.11
 10
-55.06
 20
-10.11
 10
-55.06
 20
-14.94
 10
-59.89
 20
-14.94
  0
LWPOLYLINE
100
AcDbEntity
  8
0
100
AcDbPolyline
 90
4
 70
1
 10
-54.94
 20
-10.11
 10
-50.11
 20
-10.11
 10
-50.11
 20
-14.94
 10
-54.94
 20
-14.94
  0
LWPOLYLINE
100
AcDbEntity
  8
0
100
AcDbPolyline
 90
4
 70
1
 10
-49.89
 20
-10.11
 10
-45.06
 20
-10.11
 10
-45.06
 20
-14.94
 10
-49.89
 20
-14.94
  0
LWPOLYLINE
100
AcDbEntity
  8
0
100
AcDbPolyline
 90
4
 70
1
 10
-44.94
 20
-10.11
 10
-40.11
 20
-10.11
 10
-40.11
 20
-14.94
 10
-44.94
 20
-14.94
  0
LWPOLYLINE
100
AcDbEntity
  8
0
100
AcDbPolyline
 90
4
 70
1
 10
-39.89
 20
-10.11
 10
-35.06
 20
-10.11
 10
-35.06
 20
-14.94
 10
-39.89
 20
-14.94
  0
LWPOLYLINE
100
AcDbEntity
  8
0
100
AcDbPolyline
 90
4
 70
1
 10
-34.94
 20
-10.11
 10
-30.11
 20
-10.11
 10
-30.11
 20
-14.94
 10
-34.94
 20
-14.94
  0
LWPOLYLINE
100
AcDbEntity
  8
0
100
AcDbPolyline
 90
4
 70
1
 10
-29.89
 20
-10.11
 10
-25.06
 20
-10.11
 10
-25.06
 20
-14.94
 10
-29.89
 20
-14.94
  0
LWPOLYLINE
100
AcDbEntity
  8
0
100
AcDbPolyline
 90
4
 70
1
 10
-24.94
 20
-10.11
 10
-20.11
 20
-10.11
 10
-20.11
 20
-14.94
 10
-24.94
 20
-14.94
  0
LWPOLYLINE
100
AcDbEntity
  8
0
100
AcDbPolyline
 90
4
 70
1
 10
-19.89
 20
-10.11
 10
-15.06
 20
-10.11
 10
-15.06
 20
-14.94
 10
-19.89
 20
-14.94
  0
LWPOLYLINE
100
AcDbEntity
  8
0
100
AcDbPolyline
 90
4
 70
1
 10
-14.94
 20
-10.11
 10
-10.11
 20
-10.11
 10
-10.11
 20
-14.94
 10
-14.94
 20
-14.94
  0
LWPOLYLINE
100
AcDbEntity
  8
0
100
AcDbPolyline
 90
4
 70
1
 10
-9.89
 20
-10.11
 10
-5.06
 20
-10.11
 10
-5.06
 20
-14.94
 10
-9.89
 20
-14.94
  0
LWPOLYLINE
100
AcDbEntity
  8
0
100
AcDbPolyline
 90
4
 70
1
 10
-4.94
 20
-10.11
 10
-0.2
 20
-10.11
 10
-0.2
 20
-14.94
 10
-4.94
 20
-14.94
  0
LWPOLYLINE
100
AcDbEntity
  8
0
100
AcDbPolyline
 90
4
 70
1
 10
0.2
 20
-10.11
 10
4.94
 20
-10.11
 10
4.94
 20
-14.94
 10
0.2
 20
-14.94
  0
LWPOLYLINE
100
AcDbEntity
  8
0
100
AcDbPolyline
 90
4
 70
1
 10
5.06
 20
-10.11
 10
9.89
 20
-10.11
 10
9.89
 20
-14.94
 10
5.06
 20
-14.94
  0
LWPOLYLINE
100
AcDbEntity
  8
0
100
AcDbPolyline
 90
4
 70
1
 10
10.11
 20
-10.11
 10
14.94
 20
-10.11
 10
14.94
 20
-14.94
 10
10.11
 20
-14.94
  0
LWPOLYLINE
100
AcDbEntity
  8
0
100
AcDbPolyline
 90
4
 70
1
 10
15.06
 20
-10.11
 10
19.89
 20
-10.11
 10
19.89
 20
-14.94
 10
15.06
 20
-14.94
  0
LWPOLYLINE
100
AcDbEntity
  8
0
100
AcDbPolyline
 90
4
 70
1
 10
20.11
 20
-10.11
 10
24.94
 20
-10.11
 10
24.94
 20
-14.94
 10
20.11
 20
-14.94
  0
LWPOLYLINE
100
AcDbEntity
  8
0
100
AcDbPolyline
 90
4
 70
1
 10
25.06
 20
-10.11
 10
29.89
 20
-10.11
 10
29.89
 20
-14.94
 10
25.06
 20
-14.94
  0
LWPOLYLINE
100
AcDbEntity
  8
0
100
AcDbPolyline
 90
4
 70
1
 10
30.11
 20
-10.11
 10
34.94
 20
-10.11
 10
34.94
 20
-14.94
 10
30.11
 20
-14.94
  0
LWPOLYLINE
100
AcDbEntity
  8
0
100
AcDbPolyline
 90
4
 70
1
 10
35.06
 20
-10.11
 10
39.89
 20
-10.11
 10
39.89
 20
-14.94
 10
35.06
 20
-14.94
  0
LWPOLYLINE
100
AcDbEntity
  8
0
100
AcDbPolyline
 90
4
 70
1
 10
40.11
 20
-10.11
 10
44.94
 20
-10.11
 10
44.94
 20
-14.94
 10
40.11
 20
-14.94
  0
LWPOLYLINE
100
AcDbEntity
  8
0
100
AcDbPolyline
 90
4
 70
1
 10
45.06
 20
-10.11
 10
49.89
 20
-10.11
 10
49.89
 20
-14.94
 10
45.06
 20
-14.94
  0
LWPOLYLINE
100
AcDbEntity
  8
0
100
AcDbPolyline
 90
4
 70
1
 10
50.11
 20
-10.11
 10
54.94
 20
-10.11
 10
54.94
 20
-14.94
 10
50.11
 20
-14.94
  0
LWPOLYLINE
100
AcDbEntity
  8
0
100
AcDbPolyline
 90
4
 70
1
 10
55.06
 20
-10.11
 10
59.89
 20
-10.11
 10
59.89
 20
-14.94
 10
55.06
 20
-14.94
  0
LWPOLYLINE
100
AcDbEntity
  8
0
100
AcDbPolyline
 90
4
 70
1
 10
60.11
 20
-10.11
 10
64.94
 20
-10.11
 10
64.94
 20
-14.94
 10
60.11
 20
-14.94
  0
LWPOLYLINE
100
AcDbEntity
  8
0
100
AcDbPolyline
 90
4
 70
1
 10
67.625
 20
-10.11
 10
69.89
 20
-10.11
 10
69.89
 20
-14.94
 10
67.625
 20
-14.94
  0
LWPOLYLINE
100
AcDbEntity
  8
0
100
AcDbPolyline
 90
4
 70
1
 10
70.11
 20
-10.11
 10
74.94
 20
-10.11
 10
74.94
 20
-14.94
 10
70.11
 20
-14.94
  0
LWPOLYLINE
100
AcDbEntity
  8
0
100
AcDbPolyline
 90
4
 70
1
 10
80.11
 20
-10.11
 10
84.94
 20
-10.11
 10
84.94
 20
-14.94
 10
80.11
 20
-14.94
  0
LWPOLYLINE
100
AcDbEntity
  8
0
100
AcDbPolyline
 90
4
 70
1
 10
85.06
 20
-10.11
 10
89.89
 20
-10.11
 10
89.89
 20
-14.94
 10
85.06
 20
-14.94
  0
LWPOLYLINE
100
AcDbEntity
  8
0
100
AcDbPolyline
 90
4
 70
1
 10
90.11
 20
-10.11
 10
94.94
 20
-10.11
 10
94.94
 20
-14.94
 10
90.11
 20
-14.94
  0
LWPOLYLINE
100
AcDbEntity
  8
0
100
AcDbPolyline
 90
4
 70
1
 10
95.06
 20
-10.11
 10
99.89
 20
-10.11
 10
99.89
 20
-14.94
 10
95.06
 20
-14.94
  0
LWPOLYLINE
100
AcDbEntity
  8
0
100
AcDbPolyline
 90
4
 70
1
 10
100.11
 20
-10.11
 10
104.94
 20
-10.11
 10
104.94
 20
-14.94
 10
100.11
 20
-14.94
  0
LWPOLYLINE
100
AcDbEntity
  8
0
100
AcDbPolyline
 90
4
 70
1
 10
78.6023
 20
-10.11
 10
79.3
 20
-10.11
 10
79.3
 20
-14.94
 10
78.6023
 20
-14.94
  0
LWPOLYLINE
100
AcDbEntity
  8
0
100
AcDbPolyline
 90
4
 70
1
 10
75.06
 20
-10.11
 10
78.1523
 20
-10.11
 10
78.1523
 20
-14.94
 10
75.06
 20
-14.94
  0
LWPOLYLINE
100
AcDbEntity
  8
0
100
AcDbPolyline
 90
4
 70
1
 10
65.06
 20
-10.11
 10
67.075
 20
-10.11
 10
67.075
 20
-14.94
 10
65.06
 20
-14.94
  0
LWPOLYLINE
100
AcDbEntity
  8
0
100
AcDbPolyline
 90
4
 70
1
 10
-69.89
 20
-10.11
 10
-67.625
 20
-10.11
 10
-67.625
 20
-14.94
 10
-69.89
 20
-14.94
  0
LWPOLYLINE
100
AcDbEntity
  8
0
100
AcDbPolyline
 90
4
 70
1
 10
-79.3
 20
-10.11
 10
-78.6023
 20
-10.11
 10
-78.6023
 20
-14.94
 10
-79.3
 20
-14.94
  0
LWPOLYLINE
100
AcDbEntity
  8
0
100
AcDbPolyline
 90
4
 70
1
 10
-104.94
 20
-15.06
 10
-100.11
 20
-15.06
 10
-100.11
 20
-19.89
 10
-104.94
 20
-19.89
  0
LWPOLYLINE
100
AcDbEntity
  8
0
100
AcDbPolyline
 90
4
 70
1
 10
-99.89
 20
-15.06
 10
-95.06
 20
-15.06
 10
-95.06
 20
-19.89
 10
-99.89
 20
-19.89
  0
LWPOLYLINE
100
AcDbEntity
  8
0
100
AcDbPolyline
 90
4
 70
1
 10
-94.94
 20
-15.06
 10
-90.11
 20
-15.06
 10
-90.11
 20
-19.89
 10
-94.94
 20
-19.89
  0
LWPOLYLINE
100
AcDbEntity
  8
0
100
AcDbPolyline
 90
4
 70
1
 10
-89.89
 20
-15.06
 10
-85.06
 20
-15.06
 10
-85.06
 20
-19.89
 10
-89.89
 20
-19.89
  0
LWPOLYLINE
100
AcDbEntity
  8
0
100
AcDbPolyline
 90
4
 70
1
 10
-84.94
 20
-15.06
 10
-80.11
 20
-15.06
 10
-80.11
 20
-19.89
 10
-84.94
 20
-19.89
  0
LWPOLYLINE
100
AcDbEntity
  8
0
100
AcDbPolyline
 90
4
 70
1
 10
-78.1523
 20
-15.06
 10
-75.06
 20
-15.06
 10
-75.06
 20
-19.89
 10
-78.1523
 20
-19.89
  0
LWPOLYLINE
100
AcDbEntity
  8
0
100
AcDbPolyline
 90
4
 70
1
 10
-74.94
 20
-15.06
 10
-70.11
 20
-15.06
 10
-70.11
 20
-19.89
 10
-74.94
 20
-19.89
  0
LWPOLYLINE
100
AcDbEntity
  8
0
100
AcDbPolyline
 90
4
 70
1
 10
-67.075
 20
-15.06
 10
-65.06
 20
-15.06
 10
-65.06
 20
-19.89
 10
-67.075
 20
-19.89
  0
LWPOLYLINE
100
AcDbEntity
  8
0
100
AcDbPolyline
 90
4
 70
1
 10
-64.94
 20
-15.06
 10
-60.11
 20
-15.06
 10
-60.11
 20
-19.89
 10
-64.94
 20
-19.89
  0
LWPOLYLINE
100
AcDbEntity
  8
0
100
AcDbPolyline
 90
4
 70
1
 10
-59.89
 20
-15.06
 10
-55.06
 20
-15.06
 10
-55.06
 20
-19.89
 10
-59.89
 20
-19.89
  0
LWPOLYLINE
100
AcDbEntity
  8
0
100
AcDbPolyline
 90
4
 70
1
 10
-54.94
 20
-15.06
 10
-50.11
 20
-15.06
 10
-50.11
 20
-19.89
 10
-54.94
 20
-19.89
  0
LWPOLYLINE
100
AcDbEntity
  8
0
100
AcDbPolyline
 90
4
 70
1
 10
-49.89
 20
-15.06
 10
-45.06
 20
-15.06
 10
-45.06
 20
-19.89
 10
-49.89
 20
-19.89
  0
LWPOLYLINE
100
AcDbEntity
  8
0
100
AcDbPolyline
 90
4
 70
1
 10
-44.94
 20
-15.06
 10
-40.11
 20
-15.06
 10
-40.11
 20
-19.89
 10
-44.94
 20
-19.89
  0
LWPOLYLINE
100
AcDbEntity
  8
0
100
AcDbPolyline
 90
4
 70
1
 10
-39.89
 20
-15.06
 10
-35.06
 20
-15.06
 10
-35.06
 20
-19.89
 10
-39.89
 20
-19.89
  0
LWPOLYLINE
100
AcDbEntity
  8
0
100
AcDbPolyline
 90
4
 70
1
 10
-34.94
 20
-15.06
 10
-30.11
 20
-15.06
 10
-30.11
 20
-19.89
 10
-34.94
 20
-19.89
  0
LWPOLYLINE
100
AcDbEntity
  8
0
100
AcDbPolyline
 90
4
 70
1
 10
-29.89
 20
-15.06
 10
-25.06
 20
-15.06
 10
-25.06
 20
-19.89
 10
-29.89
 20
-19.89
  0
LWPOLYLINE
100
AcDbEntity
  8
0
100
AcDbPolyline
 90
4
 70
1
 10
-24.94
 20
-15.06
 10
-20.11
 20
-15.06
 10
-20.11
 20
-19.89
 10
-24.94
 20
-19.89
  0
LWPOLYLINE
100
AcDbEntity
  8
0
100
AcDbPolyline
 90
4
 70
1
 10
-19.89
 20
-15.06
 10
-15.06
 20
-15.06
 10
-15.06
 20
-19.89
 10
-19.89
 20
-19.89
  0
LWPOLYLINE
100
AcDbEntity
  8
0
100
AcDbPolyline
 90
4
 70
1
 10
-14.94
 20
-15.06
 10
-10.11
 20
-15.06
 10
-10.11
 20
-19.89
 10
-14.94
 20
-19.89
  0
LWPOLYLINE
100
AcDbEntity
  8
0
100
AcDbPolyline
 90
4
 70
1
 10
-9.89
 20
-15.06
 10
-5.06
 20
-15.06
 10
-5.06
 20
-19.89
 10
-9.89
 20
-19.89
  0
LWPOLYLINE
100
AcDbEntity
  8
0
100
AcDbPolyline
 90
4
 70
1
 10
-4.94
 20
-15.06
 10
-0.2
 20
-15.06
 10
-0.2
 20
-19.89
 10
-4.94
 20
-19.89
  0
LWPOLYLINE
100
AcDbEntity
  8
0
100
AcDbPolyline
 90
4
 70
1
 10
0.2
 20
-15.06
 10
4.94
 20
-15.06
 10
4.94
 20
-19.89
 10
0.2
 20
-19.89
  0
LWPOLYLINE
100
AcDbEntity
  8
0
100
AcDbPolyline
 90
4
 70
1
 10
5.06
 20
-15.06
 10
9.89
 20
-15.06
 10
9.89
 20
-19.89
 10
5.06
 20
-19.89
  0
LWPOLYLINE
100
AcDbEntity
  8
0
100
AcDbPolyline
 90
4
 70
1
 10
10.11
 20
-15.06
 10
14.94
 20
-15.06
 10
14.94
 20
-19.89
 10
10.11
 20
-19.89
  0
LWPOLYLINE
100
AcDbEntity
  8
0
100
AcDbPolyline
 90
4
 70
1
 10
15.06
 20
-15.06
 10
19.89
 20
-15.06
 10
19.89
 20
-19.89
 10
15.06
 20
-19.89
  0
LWPOLYLINE
100
AcDbEntity
  8
0
100
AcDbPolyline
 90
4
 70
1
 10
20.11
 20
-15.06
 10
24.94
 20
-15.06
 10
24.94
 20
-19.89
 10
20.11
 20
-19.89
  0
LWPOLYLINE
100
AcDbEntity
  8
0
100
AcDbPolyline
 90
4
 70
1
 10
25.06
 20
-15.06
 10
29.89
 20
-15.06
 10
29.89
 20
-19.89
 10
25.06
 20
-19.89
  0
LWPOLYLINE
100
AcDbEntity
  8
0
100
AcDbPolyline
 90
4
 70
1
 10
30.11
 20
-15.06
 10
34.94
 20
-15.06
 10
34.94
 20
-19.89
 10
30.11
 20
-19.89
  0
LWPOLYLINE
100
AcDbEntity
  8
0
100
AcDbPolyline
 90
4
 70
1
 10
35.06
 20
-15.06
 10
39.89
 20
-15.06
 10
39.89
 20
-19.89
 10
35.06
 20
-19.89
  0
LWPOLYLINE
100
AcDbEntity
  8
0
100
AcDbPolyline
 90
4
 70
1
 10
40.11
 20
-15.06
 10
44.94
 20
-15.06
 10
44.94
 20
-19.89
 10
40.11
 20
-19.89
  0
LWPOLYLINE
100
AcDbEntity
  8
0
100
AcDbPolyline
 90
4
 70
1
 10
45.06
 20
-15.06
 10
49.89
 20
-15.06
 10
49.89
 20
-19.89
 10
45.06
 20
-19.89
  0
LWPOLYLINE
100
AcDbEntity
  8
0
100
AcDbPolyline
 90
4
 70
1
 10
50.11
 20
-15.06
 10
54.94
 20
-15.06
 10
54.94
 20
-19.89
 10
50.11
 20
-19.89
  0
LWPOLYLINE
100
AcDbEntity
  8
0
100
AcDbPolyline
 90
4
 70
1
 10
55.06
 20
-15.06
 10
59.89
 20
-15.06
 10
59.89
 20
-19.89
 10
55.06
 20
-19.89
  0
LWPOLYLINE
100
AcDbEntity
  8
0
100
AcDbPolyline
 90
4
 70
1
 10
60.11
 20
-15.06
 10
64.94
 20
-15.06
 10
64.94
 20
-19.89
 10
60.11
 20
-19.89
  0
LWPOLYLINE
100
AcDbEntity
  8
0
100
AcDbPolyline
 90
4
 70
1
 10
67.625
 20
-15.06
 10
69.89
 20
-15.06
 10
69.89
 20
-19.89
 10
67.625
 20
-19.89
  0
LWPOLYLINE
100
AcDbEntity
  8
0
100
AcDbPolyline
 90
4
 70
1
 10
70.11
 20
-15.06
 10
74.94
 20
-15.06
 10
74.94
 20
-19.89
 10
70.11
 20
-19.89
  0
LWPOLYLINE
100
AcDbEntity
  8
0
100
AcDbPolyline
 90
4
 70
1
 10
80.11
 20
-15.06
 10
84.94
 20
-15.06
 10
84.94
 20
-19.89
 10
80.11
 20
-19.89
  0
LWPOLYLINE
100
AcDbEntity
  8
0
100
AcDbPolyline
 90
4
 70
1
 10
85.06
 20
-15.06
 10
89.89
 20
-15.06
 10
89.89
 20
-19.89
 10
85.06
 20
-19.89
  0
LWPOLYLINE
100
AcDbEntity
  8
0
100
AcDbPolyline
 90
4
 70
1
 10
90.11
 20
-15.06
 10
94.94
 20
-15.06
 10
94.94
 20
-19.89
 10
90.11
 20
-19.89
  0
LWPOLYLINE
100
AcDbEntity
  8
0
100
AcDbPolyline
 90
4
 70
1
 10
95.06
 20
-15.06
 10
99.89
 20
-15.06
 10
99.89
 20
-19.89
 10
95.06
 20
-19.89
  0
LWPOLYLINE
100
AcDbEntity
  8
0
100
AcDbPolyline
 90
4
 70
1
 10
100.11
 20
-15.06
 10
104.94
 20
-15.06
 10
104.94
 20
-19.89
 10
100.11
 20
-19.89
  0
LWPOLYLINE
100
AcDbEntity
  8
0
100
AcDbPolyline
 90
4
 70
1
 10
78.6023
 20
-15.06
 10
79.3
 20
-15.06
 10
79.3
 20
-19.89
 10
78.6023
 20
-19.89
  0
LWPOLYLINE
100
AcDbEntity
  8
0
100
AcDbPolyline
 90
4
 70
1
 10
75.06
 20
-15.06
 10
78.1523
 20
-15.06
 10
78.1523
 20
-19.89
 10
75.06
 20
-19.89
  0
LWPOLYLINE
100
AcDbEntity
  8
0
100
AcDbPolyline
 90
4
 70
1
 10
65.06
 20
-15.06
 10
67.075
 20
-15.06
 10
67.075
 20
-19.89
 10
65.06
 20
-19.89
  0
LWPOLYLINE
100
AcDbEntity
  8
0
100
AcDbPolyline
 90
4
 70
1
 10
-69.89
 20
-15.06
 10
-67.625
 20
-15.06
 10
-67.625
 20
-19.89
 10
-69.89
 20
-19.89
  0
LWPOLYLINE
100
AcDbEntity
  8
0
100
AcDbPolyline
 90
4
 70
1
 10
-79.3
 20
-15.06
 10
-78.6023
 20
-15.06
 10
-78.6023
 20
-19.89
 10
-79.3
 20
-19.89
  0
LWPOLYLINE
100
AcDbEntity
  8
0
100
AcDbPolyline
 90
4
 70
1
 10
-104.94
 20
-20.11
 10
-100.11
 20
-20.11
 10
-100.11
 20
-24.94
 10
-104.94
 20
-24.94
  0
LWPOLYLINE
100
AcDbEntity
  8
0
100
AcDbPolyline
 90
4
 70
1
 10
-99.89
 20
-20.11
 10
-95.06
 20
-20.11
 10
-95.06
 20
-24.94
 10
-99.89
 20
-24.94
  0
LWPOLYLINE
100
AcDbEntity
  8
0
100
AcDbPolyline
 90
4
 70
1
 10
-94.94
 20
-20.11
 10
-90.11
 20
-20.11
 10
-90.11
 20
-24.94
 10
-94.94
 20
-24.94
  0
LWPOLYLINE
100
AcDbEntity
  8
0
100
AcDbPolyline
 90
4
 70
1
 10
-89.89
 20
-20.11
 10
-85.06
 20
-20.11
 10
-85.06
 20
-24.94
 10
-89.89
 20
-24.94
  0
LWPOLYLINE
100
AcDbEntity
  8
0
100
AcDbPolyline
 90
4
 70
1
 10
-84.94
 20
-20.11
 10
-80.11
 20
-20.11
 10
-80.11
 20
-24.94
 10
-84.94
 20
-24.94
  0
LWPOLYLINE
100
AcDbEntity
  8
0
100
AcDbPolyline
 90
4
 70
1
 10
-78.1523
 20
-20.11
 10
-75.06
 20
-20.11
 10
-75.06
 20
-24.94
 10
-78.1523
 20
-24.94
  0
LWPOLYLINE
100
AcDbEntity
  8
0
100
AcDbPolyline
 90
4
 70
1
 10
-74.94
 20
-20.11
 10
-70.11
 20
-20.11
 10
-70.11
 20
-24.94
 10
-74.94
 20
-24.94
  0
LWPOLYLINE
100
AcDbEntity
  8
0
100
AcDbPolyline
 90
4
 70
1
 10
-67.075
 20
-20.11
 10
-65.06
 20
-20.11
 10
-65.06
 20
-24.94
 10
-67.075
 20
-24.94
  0
LWPOLYLINE
100
AcDbEntity
  8
0
100
AcDbPolyline
 90
4
 70
1
 10
-64.94
 20
-20.11
 10
-60.11
 20
-20.11
 10
-60.11
 20
-24.94
 10
-64.94
 20
-24.94
  0
LWPOLYLINE
100
AcDbEntity
  8
0
100
AcDbPolyline
 90
4
 70
1
 10
-59.89
 20
-20.11
 10
-55.06
 20
-20.11
 10
-55.06
 20
-24.94
 10
-59.89
 20
-24.94
  0
LWPOLYLINE
100
AcDbEntity
  8
0
100
AcDbPolyline
 90
4
 70
1
 10
-54.94
 20
-20.11
 10
-50.11
 20
-20.11
 10
-50.11
 20
-24.94
 10
-54.94
 20
-24.94
  0
LWPOLYLINE
100
AcDbEntity
  8
0
100
AcDbPolyline
 90
4
 70
1
 10
-49.89
 20
-20.11
 10
-45.06
 20
-20.11
 10
-45.06
 20
-24.94
 10
-49.89
 20
-24.94
  0
LWPOLYLINE
100
AcDbEntity
  8
0
100
AcDbPolyline
 90
4
 70
1
 10
-44.94
 20
-20.11
 10
-40.11
 20
-20.11
 10
-40.11
 20
-24.94
 10
-44.94
 20
-24.94
  0
LWPOLYLINE
100
AcDbEntity
  8
0
100
AcDbPolyline
 90
4
 70
1
 10
-39.89
 20
-20.11
 10
-35.06
 20
-20.11
 10
-35.06
 20
-24.94
 10
-39.89
 20
-24.94
  0
LWPOLYLINE
100
AcDbEntity
  8
0
100
AcDbPolyline
 90
4
 70
1
 10
-34.94
 20
-20.11
 10
-30.11
 20
-20.11
 10
-30.11
 20
-24.94
 10
-34.94
 20
-24.94
  0
LWPOLYLINE
100
AcDbEntity
  8
0
100
AcDbPolyline
 90
4
 70
1
 10
-29.89
 20
-20.11
 10
-25.06
 20
-20.11
 10
-25.06
 20
-24.94
 10
-29.89
 20
-24.94
  0
LWPOLYLINE
100
AcDbEntity
  8
0
100
AcDbPolyline
 90
4
 70
1
 10
-24.94
 20
-20.11
 10
-20.11
 20
-20.11
 10
-20.11
 20
-24.94
 10
-24.94
 20
-24.94
  0
LWPOLYLINE
100
AcDbEntity
  8
0
100
AcDbPolyline
 90
4
 70
1
 10
-19.89
 20
-20.11
 10
-15.06
 20
-20.11
 10
-15.06
 20
-24.94
 10
-19.89
 20
-24.94
  0
LWPOLYLINE
100
AcDbEntity
  8
0
100
AcDbPolyline
 90
4
 70
1
 10
-14.94
 20
-20.11
 10
-10.11
 20
-20.11
 10
-10.11
 20
-24.94
 10
-14.94
 20
-24.94
  0
LWPOLYLINE
100
AcDbEntity
  8
0
100
AcDbPolyline
 90
4
 70
1
 10
-9.89
 20
-20.11
 10
-5.06
 20
-20.11
 10
-5.06
 20
-24.94
 10
-9.89
 20
-24.94
  0
LWPOLYLINE
100
AcDbEntity
  8
0
100
AcDbPolyline
 90
4
 70
1
 10
-4.94
 20
-20.11
 10
-0.2
 20
-20.11
 10
-0.2
 20
-24.94
 10
-4.94
 20
-24.94
  0
LWPOLYLINE
100
AcDbEntity
  8
0
100
AcDbPolyline
 90
4
 70
1
 10
0.2
 20
-20.11
 10
4.94
 20
-20.11
 10
4.94
 20
-24.94
 10
0.2
 20
-24.94
  0
LWPOLYLINE
100
AcDbEntity
  8
0
100
AcDbPolyline
 90
4
 70
1
 10
5.06
 20
-20.11
 10
9.89
 20
-20.11
 10
9.89
 20
-24.94
 10
5.06
 20
-24.94
  0
LWPOLYLINE
100
AcDbEntity
  8
0
100
AcDbPolyline
 90
4
 70
1
 10
10.11
 20
-20.11
 10
14.94
 20
-20.11
 10
14.94
 20
-24.94
 10
10.11
 20
-24.94
  0
LWPOLYLINE
100
AcDbEntity
  8
0
100
AcDbPolyline
 90
4
 70
1
 10
15.06
 20
-20.11
 10
19.89
 20
-20.11
 10
19.89
 20
-24.94
 10
15.06
 20
-24.94
  0
LWPOLYLINE
100
AcDbEntity
  8
0
100
AcDbPolyline
 90
4
 70
1
 10
20.11
 20
-20.11
 10
24.94
 20
-20.11
 10
24.94
 20
-24.94
 10
20.11
 20
-24.94
  0
LWPOLYLINE
100
AcDbEntity
  8
0
100
AcDbPolyline
 90
4
 70
1
 10
25.06
 20
-20.11
 10
29.89
 20
-20.11
 10
29.89
 20
-24.94
 10
25.06
 20
-24.94
  0
LWPOLYLINE
100
AcDbEntity
  8
0
100
AcDbPolyline
 90
4
 70
1
 10
30.11
 20
-20.11
 10
34.94
 20
-20.11
 10
34.94
 20
-24.94
 10
30.11
 20
-24.94
  0
LWPOLYLINE
100
AcDbEntity
  8
0
100
AcDbPolyline
 90
4
 70
1
 10
35.06
 20
-20.11
 10
39.89
 20
-20.11
 10
39.89
 20
-24.94
 10
35.06
 20
-24.94
  0
LWPOLYLINE
100
AcDbEntity
  8
0
100
AcDbPolyline
 90
4
 70
1
 10
40.11
 20
-20.11
 10
44.94
 20
-20.11
 10
44.94
 20
-24.94
 10
40.11
 20
-24.94
  0
LWPOLYLINE
100
AcDbEntity
  8
0
100
AcDbPolyline
 90
4
 70
1
 10
45.06
 20
-20.11
 10
49.89
 20
-20.11
 10
49.89
 20
-24.94
 10
45.06
 20
-24.94
  0
LWPOLYLINE
100
AcDbEntity
  8
0
100
AcDbPolyline
 90
4
 70
1
 10
50.11
 20
-20.11
 10
54.94
 20
-20.11
 10
54.94
 20
-24.94
 10
50.11
 20
-24.94
  0
LWPOLYLINE
100
AcDbEntity
  8
0
100
AcDbPolyline
 90
4
 70
1
 10
55.06
 20
-20.11
 10
59.89
 20
-20.11
 10
59.89
 20
-24.94
 10
55.06
 20
-24.94
  0
LWPOLYLINE
100
AcDbEntity
  8
0
100
AcDbPolyline
 90
4
 70
1
 10
60.11
 20
-20.11
 10
64.94
 20
-20.11
 10
64.94
 20
-24.94
 10
60.11
 20
-24.94
  0
LWPOLYLINE
100
AcDbEntity
  8
0
100
AcDbPolyline
 90
4
 70
1
 10
67.625
 20
-20.11
 10
69.89
 20
-20.11
 10
69.89
 20
-24.94
 10
67.625
 20
-24.94
  0
LWPOLYLINE
100
AcDbEntity
  8
0
100
AcDbPolyline
 90
4
 70
1
 10
70.11
 20
-20.11
 10
74.94
 20
-20.11
 10
74.94
 20
-24.94
 10
70.11
 20
-24.94
  0
LWPOLYLINE
100
AcDbEntity
  8
0
100
AcDbPolyline
 90
4
 70
1
 10
80.11
 20
-20.11
 10
84.94
 20
-20.11
 10
84.94
 20
-24.94
 10
80.11
 20
-24.94
  0
LWPOLYLINE
100
AcDbEntity
  8
0
100
AcDbPolyline
 90
4
 70
1
 10
85.06
 20
-20.11
 10
89.89
 20
-20.11
 10
89.89
 20
-24.94
 10
85.06
 20
-24.94
  0
LWPOLYLINE
100
AcDbEntity
  8
0
100
AcDbPolyline
 90
4
 70
1
 10
90.11
 20
-20.11
 10
94.94
 20
-20.11
 10
94.94
 20
-24.94
 10
90.11
 20
-24.94
  0
LWPOLYLINE
100
AcDbEntity
  8
0
100
AcDbPolyline
 90
4
 70
1
 10
95.06
 20
-20.11
 10
99.89
 20
-20.11
 10
99.89
 20
-24.94
 10
95.06
 20
-24.94
  0
LWPOLYLINE
100
AcDbEntity
  8
0
100
AcDbPolyline
 90
4
 70
1
 10
100.11
 20
-20.11
 10
104.94
 20
-20.11
 10
104.94
 20
-24.94
 10
100.11
 20
-24.94
  0
LWPOLYLINE
100
AcDbEntity
  8
0
100
AcDbPolyline
 90
4
 70
1
 10
78.6023
 20
-20.11
 10
79.3
 20
-20.11
 10
79.3
 20
-24.94
 10
78.6023
 20
-24.94
  0
LWPOLYLINE
100
AcDbEntity
  8
0
100
AcDbPolyline
 90
4
 70
1
 10
75.06
 20
-20.11
 10
78.1523
 20
-20.11
 10
78.1523
 20
-24.94
 10
75.06
 20
-24.94
  0
LWPOLYLINE
100
AcDbEntity
  8
0
100
AcDbPolyline
 90
4
 70
1
 10
65.06
 20
-20.11
 10
67.075
 20
-20.11
 10
67.075
 20
-24.94
 10
65.06
 20
-24.94
  0
LWPOLYLINE
100
AcDbEntity
  8
0
100
AcDbPolyline
 90
4
 70
1
 10
-69.89
 20
-20.11
 10
-67.625
 20
-20.11
 10
-67.625
 20
-24.94
 10
-69.89
 20
-24.94
  0
LWPOLYLINE
100
AcDbEntity
  8
0
100
AcDbPolyline
 90
4
 70
1
 10
-79.3
 20
-20.11
 10
-78.6023
 20
-20.11
 10
-78.6023
 20
-24.94
 10
-79.3
 20
-24.94
  0
LWPOLYLINE
100
AcDbEntity
  8
0
100
AcDbPolyline
 90
4
 70
1
 10
-104.94
 20
-25.06
 10
-100.11
 20
-25.06
 10
-100.11
 20
-29.89
 10
-104.94
 20
-29.89
  0
LWPOLYLINE
100
AcDbEntity
  8
0
100
AcDbPolyline
 90
4
 70
1
 10
-99.89
 20
-25.06
 10
-95.06
 20
-25.06
 10
-95.06
 20
-29.89
 10
-99.89
 20
-29.89
  0
LWPOLYLINE
100
AcDbEntity
  8
0
100
AcDbPolyline
 90
4
 70
1
 10
-94.94
 20
-25.06
 10
-90.11
 20
-25.06
 10
-90.11
 20
-29.89
 10
-94.94
 20
-29.89
  0
LWPOLYLINE
100
AcDbEntity
  8
0
100
AcDbPolyline
 90
4
 70
1
 10
-89.89
 20
-25.06
 10
-85.06
 20
-25.06
 10
-85.06
 20
-29.89
 10
-89.89
 20
-29.89
  0
LWPOLYLINE
100
AcDbEntity
  8
0
100
AcDbPolyline
 90
4
 70
1
 10
-84.94
 20
-25.06
 10
-80.11
 20
-25.06
 10
-80.11
 20
-29.89
 10
-84.94
 20
-29.89
  0
LWPOLYLINE
100
AcDbEntity
  8
0
100
AcDbPolyline
 90
4
 70
1
 10
-78.1523
 20
-25.06
 10
-75.06
 20
-25.06
 10
-75.06
 20
-29.89
 10
-78.1523
 20
-29.89
  0
LWPOLYLINE
100
AcDbEntity
  8
0
100
AcDbPolyline
 90
4
 70
1
 10
-74.94
 20
-25.06
 10
-70.11
 20
-25.06
 10
-70.11
 20
-29.89
 10
-74.94
 20
-29.89
  0
LWPOLYLINE
100
AcDbEntity
  8
0
100
AcDbPolyline
 90
4
 70
1
 10
-67.075
 20
-25.06
 10
-65.06
 20
-25.06
 10
-65.06
 20
-29.89
 10
-67.075
 20
-29.89
  0
LWPOLYLINE
100
AcDbEntity
  8
0
100
AcDbPolyline
 90
4
 70
1
 10
-64.94
 20
-25.06
 10
-60.11
 20
-25.06
 10
-60.11
 20
-29.89
 10
-64.94
 20
-29.89
  0
LWPOLYLINE
100
AcDbEntity
  8
0
100
AcDbPolyline
 90
4
 70
1
 10
-59.89
 20
-25.06
 10
-55.06
 20
-25.06
 10
-55.06
 20
-29.89
 10
-59.89
 20
-29.89
  0
LWPOLYLINE
100
AcDbEntity
  8
0
100
AcDbPolyline
 90
4
 70
1
 10
-54.94
 20
-25.06
 10
-50.11
 20
-25.06
 10
-50.11
 20
-29.89
 10
-54.94
 20
-29.89
  0
LWPOLYLINE
100
AcDbEntity
  8
0
100
AcDbPolyline
 90
4
 70
1
 10
-49.89
 20
-25.06
 10
-45.06
 20
-25.06
 10
-45.06
 20
-29.89
 10
-49.89
 20
-29.89
  0
LWPOLYLINE
100
AcDbEntity
  8
0
100
AcDbPolyline
 90
4
 70
1
 10
-44.94
 20
-25.06
 10
-40.11
 20
-25.06
 10
-40.11
 20
-29.89
 10
-44.94
 20
-29.89
  0
LWPOLYLINE
100
AcDbEntity
  8
0
100
AcDbPolyline
 90
4
 70
1
 10
-39.89
 20
-25.06
 10
-35.06
 20
-25.06
 10
-35.06
 20
-29.89
 10
-39.89
 20
-29.89
  0
LWPOLYLINE
100
AcDbEntity
  8
0
100
AcDbPolyline
 90
4
 70
1
 10
-34.94
 20
-25.06
 10
-30.11
 20
-25.06
 10
-30.11
 20
-29.89
 10
-34.94
 20
-29.89
  0
LWPOLYLINE
100
AcDbEntity
  8
0
100
AcDbPolyline
 90
4
 70
1
 10
-29.89
 20
-25.06
 10
-25.06
 20
-25.06
 10
-25.06
 20
-29.89
 10
-29.89
 20
-29.89
  0
LWPOLYLINE
100
AcDbEntity
  8
0
100
AcDbPolyline
 90
4
 70
1
 10
-24.94
 20
-25.06
 10
-20.11
 20
-25.06
 10
-20.11
 20
-29.89
 10
-24.94
 20
-29.89
  0
LWPOLYLINE
100
AcDbEntity
  8
0
100
AcDbPolyline
 90
4
 70
1
 10
-19.89
 20
-25.06
 10
-15.06
 20
-25.06
 10
-15.06
 20
-29.89
 10
-19.89
 20
-29.89
  0
LWPOLYLINE
100
AcDbEntity
  8
0
100
AcDbPolyline
 90
4
 70
1
 10
-14.94
 20
-25.06
 10
-10.11
 20
-25.06
 10
-10.11
 20
-29.89
 10
-14.94
 20
-29.89
  0
LWPOLYLINE
100
AcDbEntity
  8
0
100
AcDbPolyline
 90
4
 70
1
 10
-9.89
 20
-25.06
 10
-5.06
 20
-25.06
 10
-5.06
 20
-29.89
 10
-9.89
 20
-29.89
  0
LWPOLYLINE
100
AcDbEntity
  8
0
100
AcDbPolyline
 90
4
 70
1
 10
-4.94
 20
-25.06
 10
-0.2
 20
-25.06
 10
-0.2
 20
-29.89
 10
-4.94
 20
-29.89
  0
LWPOLYLINE
100
AcDbEntity
  8
0
100
AcDbPolyline
 90
4
 70
1
 10
0.2
 20
-25.06
 10
4.94
 20
-25.06
 10
4.94
 20
-29.89
 10
0.2
 20
-29.89
  0
LWPOLYLINE
100
AcDbEntity
  8
0
100
AcDbPolyline
 90
4
 70
1
 10
5.06
 20
-25.06
 10
9.89
 20
-25.06
 10
9.89
 20
-29.89
 10
5.06
 20
-29.89
  0
LWPOLYLINE
100
AcDbEntity
  8
0
100
AcDbPolyline
 90
4
 70
1
 10
10.11
 20
-25.06
 10
14.94
 20
-25.06
 10
14.94
 20
-29.89
 10
10.11
 20
-29.89
  0
LWPOLYLINE
100
AcDbEntity
  8
0
100
AcDbPolyline
 90
4
 70
1
 10
15.06
 20
-25.06
 10
19.89
 20
-25.06
 10
19.89
 20
-29.89
 10
15.06
 20
-29.89
  0
LWPOLYLINE
100
AcDbEntity
  8
0
100
AcDbPolyline
 90
4
 70
1
 10
20.11
 20
-25.06
 10
24.94
 20
-25.06
 10
24.94
 20
-29.89
 10
20.11
 20
-29.89
  0
LWPOLYLINE
100
AcDbEntity
  8
0
100
AcDbPolyline
 90
4
 70
1
 10
25.06
 20
-25.06
 10
29.89
 20
-25.06
 10
29.89
 20
-29.89
 10
25.06
 20
-29.89
  0
LWPOLYLINE
100
AcDbEntity
  8
0
100
AcDbPolyline
 90
4
 70
1
 10
30.11
 20
-25.06
 10
34.94
 20
-25.06
 10
34.94
 20
-29.89
 10
30.11
 20
-29.89
  0
LWPOLYLINE
100
AcDbEntity
  8
0
100
AcDbPolyline
 90
4
 70
1
 10
35.06
 20
-25.06
 10
39.89
 20
-25.06
 10
39.89
 20
-29.89
 10
35.06
 20
-29.89
  0
LWPOLYLINE
100
AcDbEntity
  8
0
100
AcDbPolyline
 90
4
 70
1
 10
40.11
 20
-25.06
 10
44.94
 20
-25.06
 10
44.94
 20
-29.89
 10
40.11
 20
-29.89
  0
LWPOLYLINE
100
AcDbEntity
  8
0
100
AcDbPolyline
 90
4
 70
1
 10
45.06
 20
-25.06
 10
49.89
 20
-25.06
 10
49.89
 20
-29.89
 10
45.06
 20
-29.89
  0
LWPOLYLINE
100
AcDbEntity
  8
0
100
AcDbPolyline
 90
4
 70
1
 10
50.11
 20
-25.06
 10
54.94
 20
-25.06
 10
54.94
 20
-29.89
 10
50.11
 20
-29.89
  0
LWPOLYLINE
100
AcDbEntity
  8
0
100
AcDbPolyline
 90
4
 70
1
 10
55.06
 20
-25.06
 10
59.89
 20
-25.06
 10
59.89
 20
-29.89
 10
55.06
 20
-29.89
  0
LWPOLYLINE
100
AcDbEntity
  8
0
100
AcDbPolyline
 90
4
 70
1
 10
60.11
 20
-25.06
 10
64.94
 20
-25.06
 10
64.94
 20
-29.89
 10
60.11
 20
-29.89
  0
LWPOLYLINE
100
AcDbEntity
  8
0
100
AcDbPolyline
 90
4
 70
1
 10
67.625
 20
-25.06
 10
69.89
 20
-25.06
 10
69.89
 20
-29.89
 10
67.625
 20
-29.89
  0
LWPOLYLINE
100
AcDbEntity
  8
0
100
AcDbPolyline
 90
4
 70
1
 10
70.11
 20
-25.06
 10
74.94
 20
-25.06
 10
74.94
 20
-29.89
 10
70.11
 20
-29.89
  0
LWPOLYLINE
100
AcDbEntity
  8
0
100
AcDbPolyline
 90
4
 70
1
 10
80.11
 20
-25.06
 10
84.94
 20
-25.06
 10
84.94
 20
-29.89
 10
80.11
 20
-29.89
  0
LWPOLYLINE
100
AcDbEntity
  8
0
100
AcDbPolyline
 90
4
 70
1
 10
85.06
 20
-25.06
 10
89.89
 20
-25.06
 10
89.89
 20
-29.89
 10
85.06
 20
-29.89
  0
LWPOLYLINE
100
AcDbEntity
  8
0
100
AcDbPolyline
 90
4
 70
1
 10
90.11
 20
-25.06
 10
94.94
 20
-25.06
 10
94.94
 20
-29.89
 10
90.11
 20
-29.89
  0
LWPOLYLINE
100
AcDbEntity
  8
0
100
AcDbPolyline
 90
4
 70
1
 10
95.06
 20
-25.06
 10
99.89
 20
-25.06
 10
99.89
 20
-29.89
 10
95.06
 20
-29.89
  0
LWPOLYLINE
100
AcDbEntity
  8
0
100
AcDbPolyline
 90
4
 70
1
 10
100.11
 20
-25.06
 10
104.94
 20
-25.06
 10
104.94
 20
-29.89
 10
100.11
 20
-29.89
  0
LWPOLYLINE
100
AcDbEntity
  8
0
100
AcDbPolyline
 90
4
 70
1
 10
78.6023
 20
-25.06
 10
79.3
 20
-25.06
 10
79.3
 20
-29.89
 10
78.6023
 20
-29.89
  0
LWPOLYLINE
100
AcDbEntity
  8
0
100
AcDbPolyline
 90
4
 70
1
 10
75.06
 20
-25.06
 10
78.1523
 20
-25.06
 10
78.1523
 20
-29.89
 10
75.06
 20
-29.89
  0
LWPOLYLINE
100
AcDbEntity
  8
0
100
AcDbPolyline
 90
4
 70
1
 10
65.06
 20
-25.06
 10
67.075
 20
-25.06
 10
67.075
 20
-29.89
 10
65.06
 20
-29.89
  0
LWPOLYLINE
100
AcDbEntity
  8
0
100
AcDbPolyline
 90
4
 70
1
 10
-69.89
 20
-25.06
 10
-67.625
 20
-25.06
 10
-67.625
 20
-29.89
 10
-69.89
 20
-29.89
  0
LWPOLYLINE
100
AcDbEntity
  8
0
100
AcDbPolyline
 90
4
 70
1
 10
-79.3
 20
-25.06
 10
-78.6023
 20
-25.06
 10
-78.6023
 20
-29.89
 10
-79.3
 20
-29.89
  0
LWPOLYLINE
100
AcDbEntity
  8
0
100
AcDbPolyline
 90
4
 70
1
 10
-104.94
 20
-30.11
 10
-100.11
 20
-30.11
 10
-100.11
 20
-34.94
 10
-104.94
 20
-34.94
  0
LWPOLYLINE
100
AcDbEntity
  8
0
100
AcDbPolyline
 90
4
 70
1
 10
-99.89
 20
-30.11
 10
-95.06
 20
-30.11
 10
-95.06
 20
-34.94
 10
-99.89
 20
-34.94
  0
LWPOLYLINE
100
AcDbEntity
  8
0
100
AcDbPolyline
 90
4
 70
1
 10
-94.94
 20
-30.11
 10
-90.11
 20
-30.11
 10
-90.11
 20
-34.94
 10
-94.94
 20
-34.94
  0
LWPOLYLINE
100
AcDbEntity
  8
0
100
AcDbPolyline
 90
4
 70
1
 10
-89.89
 20
-30.11
 10
-85.06
 20
-30.11
 10
-85.06
 20
-34.94
 10
-89.89
 20
-34.94
  0
LWPOLYLINE
100
AcDbEntity
  8
0
100
AcDbPolyline
 90
4
 70
1
 10
-84.94
 20
-30.11
 10
-80.11
 20
-30.11
 10
-80.11
 20
-34.94
 10
-84.94
 20
-34.94
  0
LWPOLYLINE
100
AcDbEntity
  8
0
100
AcDbPolyline
 90
4
 70
1
 10
-78.1523
 20
-30.11
 10
-75.06
 20
-30.11
 10
-75.06
 20
-34.94
 10
-78.1523
 20
-34.94
  0
LWPOLYLINE
100
AcDbEntity
  8
0
100
AcDbPolyline
 90
4
 70
1
 10
-74.94
 20
-30.11
 10
-70.11
 20
-30.11
 10
-70.11
 20
-34.94
 10
-74.94
 20
-34.94
  0
LWPOLYLINE
100
AcDbEntity
  8
0
100
AcDbPolyline
 90
4
 70
1
 10
-67.075
 20
-30.11
 10
-65.06
 20
-30.11
 10
-65.06
 20
-34.94
 10
-67.075
 20
-34.94
  0
LWPOLYLINE
100
AcDbEntity
  8
0
100
AcDbPolyline
 90
4
 70
1
 10
-64.94
 20
-30.11
 10
-60.11
 20
-30.11
 10
-60.11
 20
-34.94
 10
-64.94
 20
-34.94
  0
LWPOLYLINE
100
AcDbEntity
  8
0
100
AcDbPolyline
 90
4
 70
1
 10
-59.89
 20
-30.11
 10
-55.06
 20
-30.11
 10
-55.06
 20
-34.94
 10
-59.89
 20
-34.94
  0
LWPOLYLINE
100
AcDbEntity
  8
0
100
AcDbPolyline
 90
4
 70
1
 10
-54.94
 20
-30.11
 10
-50.11
 20
-30.11
 10
-50.11
 20
-34.94
 10
-54.94
 20
-34.94
  0
LWPOLYLINE
100
AcDbEntity
  8
0
100
AcDbPolyline
 90
4
 70
1
 10
-49.89
 20
-30.11
 10
-45.06
 20
-30.11
 10
-45.06
 20
-34.94
 10
-49.89
 20
-34.94
  0
LWPOLYLINE
100
AcDbEntity
  8
0
100
AcDbPolyline
 90
4
 70
1
 10
-44.94
 20
-30.11
 10
-40.11
 20
-30.11
 10
-40.11
 20
-34.94
 10
-44.94
 20
-34.94
  0
LWPOLYLINE
100
AcDbEntity
  8
0
100
AcDbPolyline
 90
4
 70
1
 10
-39.89
 20
-30.11
 10
-35.06
 20
-30.11
 10
-35.06
 20
-34.94
 10
-39.89
 20
-34.94
  0
LWPOLYLINE
100
AcDbEntity
  8
0
100
AcDbPolyline
 90
4
 70
1
 10
-34.94
 20
-30.11
 10
-30.11
 20
-30.11
 10
-30.11
 20
-34.94
 10
-34.94
 20
-34.94
  0
LWPOLYLINE
100
AcDbEntity
  8
0
100
AcDbPolyline
 90
4
 70
1
 10
-29.89
 20
-30.11
 10
-25.06
 20
-30.11
 10
-25.06
 20
-34.94
 10
-29.89
 20
-34.94
  0
LWPOLYLINE
100
AcDbEntity
  8
0
100
AcDbPolyline
 90
4
 70
1
 10
-24.94
 20
-30.11
 10
-20.11
 20
-30.11
 10
-20.11
 20
-34.94
 10
-24.94
 20
-34.94
  0
LWPOLYLINE
100
AcDbEntity
  8
0
100
AcDbPolyline
 90
4
 70
1
 10
-19.89
 20
-30.11
 10
-15.06
 20
-30.11
 10
-15.06
 20
-34.94
 10
-19.89
 20
-34.94
  0
LWPOLYLINE
100
AcDbEntity
  8
0
100
AcDbPolyline
 90
4
 70
1
 10
-14.94
 20
-30.11
 10
-10.11
 20
-30.11
 10
-10.11
 20
-34.94
 10
-14.94
 20
-34.94
  0
LWPOLYLINE
100
AcDbEntity
  8
0
100
AcDbPolyline
 90
4
 70
1
 10
-9.89
 20
-30.11
 10
-5.06
 20
-30.11
 10
-5.06
 20
-34.94
 10
-9.89
 20
-34.94
  0
LWPOLYLINE
100
AcDbEntity
  8
0
100
AcDbPolyline
 90
4
 70
1
 10
-4.94
 20
-30.11
 10
-0.2
 20
-30.11
 10
-0.2
 20
-34.94
 10
-4.94
 20
-34.94
  0
LWPOLYLINE
100
AcDbEntity
  8
0
100
AcDbPolyline
 90
4
 70
1
 10
0.2
 20
-30.11
 10
4.94
 20
-30.11
 10
4.94
 20
-34.94
 10
0.2
 20
-34.94
  0
LWPOLYLINE
100
AcDbEntity
  8
0
100
AcDbPolyline
 90
4
 70
1
 10
5.06
 20
-30.11
 10
9.89
 20
-30.11
 10
9.89
 20
-34.94
 10
5.06
 20
-34.94
  0
LWPOLYLINE
100
AcDbEntity
  8
0
100
AcDbPolyline
 90
4
 70
1
 10
10.11
 20
-30.11
 10
14.94
 20
-30.11
 10
14.94
 20
-34.94
 10
10.11
 20
-34.94
  0
LWPOLYLINE
100
AcDbEntity
  8
0
100
AcDbPolyline
 90
4
 70
1
 10
15.06
 20
-30.11
 10
19.89
 20
-30.11
 10
19.89
 20
-34.94
 10
15.06
 20
-34.94
  0
LWPOLYLINE
100
AcDbEntity
  8
0
100
AcDbPolyline
 90
4
 70
1
 10
20.11
 20
-30.11
 10
24.94
 20
-30.11
 10
24.94
 20
-34.94
 10
20.11
 20
-34.94
  0
LWPOLYLINE
100
AcDbEntity
  8
0
100
AcDbPolyline
 90
4
 70
1
 10
25.06
 20
-30.11
 10
29.89
 20
-30.11
 10
29.89
 20
-34.94
 10
25.06
 20
-34.94
  0
LWPOLYLINE
100
AcDbEntity
  8
0
100
AcDbPolyline
 90
4
 70
1
 10
30.11
 20
-30.11
 10
34.94
 20
-30.11
 10
34.94
 20
-34.94
 10
30.11
 20
-34.94
  0
LWPOLYLINE
100
AcDbEntity
  8
0
100
AcDbPolyline
 90
4
 70
1
 10
35.06
 20
-30.11
 10
39.89
 20
-30.11
 10
39.89
 20
-34.94
 10
35.06
 20
-34.94
  0
LWPOLYLINE
100
AcDbEntity
  8
0
100
AcDbPolyline
 90
4
 70
1
 10
40.11
 20
-30.11
 10
44.94
 20
-30.11
 10
44.94
 20
-34.94
 10
40.11
 20
-34.94
  0
LWPOLYLINE
100
AcDbEntity
  8
0
100
AcDbPolyline
 90
4
 70
1
 10
45.06
 20
-30.11
 10
49.89
 20
-30.11
 10
49.89
 20
-34.94
 10
45.06
 20
-34.94
  0
LWPOLYLINE
100
AcDbEntity
  8
0
100
AcDbPolyline
 90
4
 70
1
 10
50.11
 20
-30.11
 10
54.94
 20
-30.11
 10
54.94
 20
-34.94
 10
50.11
 20
-34.94
  0
LWPOLYLINE
100
AcDbEntity
  8
0
100
AcDbPolyline
 90
4
 70
1
 10
55.06
 20
-30.11
 10
59.89
 20
-30.11
 10
59.89
 20
-34.94
 10
55.06
 20
-34.94
  0
LWPOLYLINE
100
AcDbEntity
  8
0
100
AcDbPolyline
 90
4
 70
1
 10
60.11
 20
-30.11
 10
64.94
 20
-30.11
 10
64.94
 20
-34.94
 10
60.11
 20
-34.94
  0
LWPOLYLINE
100
AcDbEntity
  8
0
100
AcDbPolyline
 90
4
 70
1
 10
67.625
 20
-30.11
 10
69.89
 20
-30.11
 10
69.89
 20
-34.94
 10
67.625
 20
-34.94
  0
LWPOLYLINE
100
AcDbEntity
  8
0
100
AcDbPolyline
 90
4
 70
1
 10
70.11
 20
-30.11
 10
74.94
 20
-30.11
 10
74.94
 20
-34.94
 10
70.11
 20
-34.94
  0
LWPOLYLINE
100
AcDbEntity
  8
0
100
AcDbPolyline
 90
4
 70
1
 10
80.11
 20
-30.11
 10
84.94
 20
-30.11
 10
84.94
 20
-34.94
 10
80.11
 20
-34.94
  0
LWPOLYLINE
100
AcDbEntity
  8
0
100
AcDbPolyline
 90
4
 70
1
 10
85.06
 20
-30.11
 10
89.89
 20
-30.11
 10
89.89
 20
-34.94
 10
85.06
 20
-34.94
  0
LWPOLYLINE
100
AcDbEntity
  8
0
100
AcDbPolyline
 90
4
 70
1
 10
90.11
 20
-30.11
 10
94.94
 20
-30.11
 10
94.94
 20
-34.94
 10
90.11
 20
-34.94
  0
LWPOLYLINE
100
AcDbEntity
  8
0
100
AcDbPolyline
 90
4
 70
1
 10
95.06
 20
-30.11
 10
99.89
 20
-30.11
 10
99.89
 20
-34.94
 10
95.06
 20
-34.94
  0
LWPOLYLINE
100
AcDbEntity
  8
0
100
AcDbPolyline
 90
4
 70
1
 10
100.11
 20
-30.11
 10
104.94
 20
-30.11
 10
104.94
 20
-34.94
 10
100.11
 20
-34.94
  0
LWPOLYLINE
100
AcDbEntity
  8
0
100
AcDbPolyline
 90
4
 70
1
 10
78.6023
 20
-30.11
 10
79.3
 20
-30.11
 10
79.3
 20
-34.94
 10
78.6023
 20
-34.94
  0
LWPOLYLINE
100
AcDbEntity
  8
0
100
AcDbPolyline
 90
4
 70
1
 10
75.06
 20
-30.11
 10
78.1523
 20
-30.11
 10
78.1523
 20
-34.94
 10
75.06
 20
-34.94
  0
LWPOLYLINE
100
AcDbEntity
  8
0
100
AcDbPolyline
 90
4
 70
1
 10
65.06
 20
-30.11
 10
67.075
 20
-30.11
 10
67.075
 20
-34.94
 10
65.06
 20
-34.94
  0
LWPOLYLINE
100
AcDbEntity
  8
0
100
AcDbPolyline
 90
4
 70
1
 10
-69.89
 20
-30.11
 10
-67.625
 20
-30.11
 10
-67.625
 20
-34.94
 10
-69.89
 20
-34.94
  0
LWPOLYLINE
100
AcDbEntity
  8
0
100
AcDbPolyline
 90
4
 70
1
 10
-79.3
 20
-30.11
 10
-78.6023
 20
-30.11
 10
-78.6023
 20
-34.94
 10
-79.3
 20
-34.94
  0
LWPOLYLINE
100
AcDbEntity
  8
0
100
AcDbPolyline
 90
4
 70
1
 10
-104.94
 20
-35.06
 10
-100.11
 20
-35.06
 10
-100.11
 20
-39.89
 10
-104.94
 20
-39.89
  0
LWPOLYLINE
100
AcDbEntity
  8
0
100
AcDbPolyline
 90
4
 70
1
 10
-99.89
 20
-35.06
 10
-95.06
 20
-35.06
 10
-95.06
 20
-39.89
 10
-99.89
 20
-39.89
  0
LWPOLYLINE
100
AcDbEntity
  8
0
100
AcDbPolyline
 90
4
 70
1
 10
-94.94
 20
-35.06
 10
-90.11
 20
-35.06
 10
-90.11
 20
-39.89
 10
-94.94
 20
-39.89
  0
LWPOLYLINE
100
AcDbEntity
  8
0
100
AcDbPolyline
 90
4
 70
1
 10
-89.89
 20
-35.06
 10
-85.06
 20
-35.06
 10
-85.06
 20
-39.89
 10
-89.89
 20
-39.89
  0
LWPOLYLINE
100
AcDbEntity
  8
0
100
AcDbPolyline
 90
4
 70
1
 10
-84.94
 20
-35.06
 10
-80.11
 20
-35.06
 10
-80.11
 20
-39.89
 10
-84.94
 20
-39.89
  0
LWPOLYLINE
100
AcDbEntity
  8
0
100
AcDbPolyline
 90
4
 70
1
 10
-78.1523
 20
-35.06
 10
-75.06
 20
-35.06
 10
-75.06
 20
-39.89
 10
-78.1523
 20
-39.89
  0
LWPOLYLINE
100
AcDbEntity
  8
0
100
AcDbPolyline
 90
4
 70
1
 10
-74.94
 20
-35.06
 10
-70.11
 20
-35.06
 10
-70.11
 20
-39.89
 10
-74.94
 20
-39.89
  0
LWPOLYLINE
100
AcDbEntity
  8
0
100
AcDbPolyline
 90
4
 70
1
 10
-67.075
 20
-35.06
 10
-65.06
 20
-35.06
 10
-65.06
 20
-39.89
 10
-67.075
 20
-39.89
  0
LWPOLYLINE
100
AcDbEntity
  8
0
100
AcDbPolyline
 90
4
 70
1
 10
-64.94
 20
-35.06
 10
-60.11
 20
-35.06
 10
-60.11
 20
-39.89
 10
-64.94
 20
-39.89
  0
LWPOLYLINE
100
AcDbEntity
  8
0
100
AcDbPolyline
 90
4
 70
1
 10
-59.89
 20
-35.06
 10
-55.06
 20
-35.06
 10
-55.06
 20
-39.89
 10
-59.89
 20
-39.89
  0
LWPOLYLINE
100
AcDbEntity
  8
0
100
AcDbPolyline
 90
4
 70
1
 10
-54.94
 20
-35.06
 10
-50.11
 20
-35.06
 10
-50.11
 20
-39.89
 10
-54.94
 20
-39.89
  0
LWPOLYLINE
100
AcDbEntity
  8
0
100
AcDbPolyline
 90
4
 70
1
 10
-49.89
 20
-35.06
 10
-45.06
 20
-35.06
 10
-45.06
 20
-39.89
 10
-49.89
 20
-39.89
  0
LWPOLYLINE
100
AcDbEntity
  8
0
100
AcDbPolyline
 90
4
 70
1
 10
-44.94
 20
-35.06
 10
-40.11
 20
-35.06
 10
-40.11
 20
-39.89
 10
-44.94
 20
-39.89
  0
LWPOLYLINE
100
AcDbEntity
  8
0
100
AcDbPolyline
 90
4
 70
1
 10
-39.89
 20
-35.06
 10
-35.06
 20
-35.06
 10
-35.06
 20
-39.89
 10
-39.89
 20
-39.89
  0
LWPOLYLINE
100
AcDbEntity
  8
0
100
AcDbPolyline
 90
4
 70
1
 10
-34.94
 20
-35.06
 10
-30.11
 20
-35.06
 10
-30.11
 20
-39.89
 10
-34.94
 20
-39.89
  0
LWPOLYLINE
100
AcDbEntity
  8
0
100
AcDbPolyline
 90
4
 70
1
 10
-29.89
 20
-35.06
 10
-25.06
 20
-35.06
 10
-25.06
 20
-39.89
 10
-29.89
 20
-39.89
  0
LWPOLYLINE
100
AcDbEntity
  8
0
100
AcDbPolyline
 90
4
 70
1
 10
-24.94
 20
-35.06
 10
-20.11
 20
-35.06
 10
-20.11
 20
-39.89
 10
-24.94
 20
-39.89
  0
LWPOLYLINE
100
AcDbEntity
  8
0
100
AcDbPolyline
 90
4
 70
1
 10
-19.89
 20
-35.06
 10
-15.06
 20
-35.06
 10
-15.06
 20
-39.89
 10
-19.89
 20
-39.89
  0
LWPOLYLINE
100
AcDbEntity
  8
0
100
AcDbPolyline
 90
4
 70
1
 10
-14.94
 20
-35.06
 10
-10.11
 20
-35.06
 10
-10.11
 20
-39.89
 10
-14.94
 20
-39.89
  0
LWPOLYLINE
100
AcDbEntity
  8
0
100
AcDbPolyline
 90
4
 70
1
 10
-9.89
 20
-35.06
 10
-5.06
 20
-35.06
 10
-5.06
 20
-39.89
 10
-9.89
 20
-39.89
  0
LWPOLYLINE
100
AcDbEntity
  8
0
100
AcDbPolyline
 90
4
 70
1
 10
-4.94
 20
-35.06
 10
-0.2
 20
-35.06
 10
-0.2
 20
-39.89
 10
-4.94
 20
-39.89
  0
LWPOLYLINE
100
AcDbEntity
  8
0
100
AcDbPolyline
 90
4
 70
1
 10
0.2
 20
-35.06
 10
4.94
 20
-35.06
 10
4.94
 20
-39.89
 10
0.2
 20
-39.89
  0
LWPOLYLINE
100
AcDbEntity
  8
0
100
AcDbPolyline
 90
4
 70
1
 10
5.06
 20
-35.06
 10
9.89
 20
-35.06
 10
9.89
 20
-39.89
 10
5.06
 20
-39.89
  0
LWPOLYLINE
100
AcDbEntity
  8
0
100
AcDbPolyline
 90
4
 70
1
 10
10.11
 20
-35.06
 10
14.94
 20
-35.06
 10
14.94
 20
-39.89
 10
10.11
 20
-39.89
  0
LWPOLYLINE
100
AcDbEntity
  8
0
100
AcDbPolyline
 90
4
 70
1
 10
15.06
 20
-35.06
 10
19.89
 20
-35.06
 10
19.89
 20
-39.89
 10
15.06
 20
-39.89
  0
LWPOLYLINE
100
AcDbEntity
  8
0
100
AcDbPolyline
 90
4
 70
1
 10
20.11
 20
-35.06
 10
24.94
 20
-35.06
 10
24.94
 20
-39.89
 10
20.11
 20
-39.89
  0
LWPOLYLINE
100
AcDbEntity
  8
0
100
AcDbPolyline
 90
4
 70
1
 10
25.06
 20
-35.06
 10
29.89
 20
-35.06
 10
29.89
 20
-39.89
 10
25.06
 20
-39.89
  0
LWPOLYLINE
100
AcDbEntity
  8
0
100
AcDbPolyline
 90
4
 70
1
 10
30.11
 20
-35.06
 10
34.94
 20
-35.06
 10
34.94
 20
-39.89
 10
30.11
 20
-39.89
  0
LWPOLYLINE
100
AcDbEntity
  8
0
100
AcDbPolyline
 90
4
 70
1
 10
35.06
 20
-35.06
 10
39.89
 20
-35.06
 10
39.89
 20
-39.89
 10
35.06
 20
-39.89
  0
LWPOLYLINE
100
AcDbEntity
  8
0
100
AcDbPolyline
 90
4
 70
1
 10
40.11
 20
-35.06
 10
44.94
 20
-35.06
 10
44.94
 20
-39.89
 10
40.11
 20
-39.89
  0
LWPOLYLINE
100
AcDbEntity
  8
0
100
AcDbPolyline
 90
4
 70
1
 10
45.06
 20
-35.06
 10
49.89
 20
-35.06
 10
49.89
 20
-39.89
 10
45.06
 20
-39.89
  0
LWPOLYLINE
100
AcDbEntity
  8
0
100
AcDbPolyline
 90
4
 70
1
 10
50.11
 20
-35.06
 10
54.94
 20
-35.06
 10
54.94
 20
-39.89
 10
50.11
 20
-39.89
  0
LWPOLYLINE
100
AcDbEntity
  8
0
100
AcDbPolyline
 90
4
 70
1
 10
55.06
 20
-35.06
 10
59.89
 20
-35.06
 10
59.89
 20
-39.89
 10
55.06
 20
-39.89
  0
LWPOLYLINE
100
AcDbEntity
  8
0
100
AcDbPolyline
 90
4
 70
1
 10
60.11
 20
-35.06
 10
64.94
 20
-35.06
 10
64.94
 20
-39.89
 10
60.11
 20
-39.89
  0
LWPOLYLINE
100
AcDbEntity
  8
0
100
AcDbPolyline
 90
4
 70
1
 10
67.625
 20
-35.06
 10
69.89
 20
-35.06
 10
69.89
 20
-39.89
 10
67.625
 20
-39.89
  0
LWPOLYLINE
100
AcDbEntity
  8
0
100
AcDbPolyline
 90
4
 70
1
 10
70.11
 20
-35.06
 10
74.94
 20
-35.06
 10
74.94
 20
-39.89
 10
70.11
 20
-39.89
  0
LWPOLYLINE
100
AcDbEntity
  8
0
100
AcDbPolyline
 90
4
 70
1
 10
80.11
 20
-35.06
 10
84.94
 20
-35.06
 10
84.94
 20
-39.89
 10
80.11
 20
-39.89
  0
LWPOLYLINE
100
AcDbEntity
  8
0
100
AcDbPolyline
 90
4
 70
1
 10
85.06
 20
-35.06
 10
89.89
 20
-35.06
 10
89.89
 20
-39.89
 10
85.06
 20
-39.89
  0
LWPOLYLINE
100
AcDbEntity
  8
0
100
AcDbPolyline
 90
4
 70
1
 10
90.11
 20
-35.06
 10
94.94
 20
-35.06
 10
94.94
 20
-39.89
 10
90.11
 20
-39.89
  0
LWPOLYLINE
100
AcDbEntity
  8
0
100
AcDbPolyline
 90
4
 70
1
 10
95.06
 20
-35.06
 10
99.89
 20
-35.06
 10
99.89
 20
-39.89
 10
95.06
 20
-39.89
  0
LWPOLYLINE
100
AcDbEntity
  8
0
100
AcDbPolyline
 90
4
 70
1
 10
100.11
 20
-35.06
 10
104.94
 20
-35.06
 10
104.94
 20
-39.89
 10
100.11
 20
-39.89
  0
LWPOLYLINE
100
AcDbEntity
  8
0
100
AcDbPolyline
 90
4
 70
1
 10
78.6023
 20
-35.06
 10
79.3
 20
-35.06
 10
79.3
 20
-39.89
 10
78.6023
 20
-39.89
  0
LWPOLYLINE
100
AcDbEntity
  8
0
100
AcDbPolyline
 90
4
 70
1
 10
75.06
 20
-35.06
 10
78.1523
 20
-35.06
 10
78.1523
 20
-39.89
 10
75.06
 20
-39.89
  0
LWPOLYLINE
100
AcDbEntity
  8
0
100
AcDbPolyline
 90
4
 70
1
 10
65.06
 20
-35.06
 10
67.075
 20
-35.06
 10
67.075
 20
-39.89
 10
65.06
 20
-39.89
  0
LWPOLYLINE
100
AcDbEntity
  8
0
100
AcDbPolyline
 90
4
 70
1
 10
-69.89
 20
-35.06
 10
-67.625
 20
-35.06
 10
-67.625
 20
-39.89
 10
-69.89
 20
-39.89
  0
LWPOLYLINE
100
AcDbEntity
  8
0
100
AcDbPolyline
 90
4
 70
1
 10
-79.3
 20
-35.06
 10
-78.6023
 20
-35.06
 10
-78.6023
 20
-39.89
 10
-79.3
 20
-39.89
  0
LWPOLYLINE
100
AcDbEntity
  8
0
100
AcDbPolyline
 90
4
 70
1
 10
-104.94
 20
-40.11
 10
-100.11
 20
-40.11
 10
-100.11
 20
-44.94
 10
-104.94
 20
-44.94
  0
LWPOLYLINE
100
AcDbEntity
  8
0
100
AcDbPolyline
 90
4
 70
1
 10
-99.89
 20
-40.11
 10
-95.06
 20
-40.11
 10
-95.06
 20
-44.94
 10
-99.89
 20
-44.94
  0
LWPOLYLINE
100
AcDbEntity
  8
0
100
AcDbPolyline
 90
4
 70
1
 10
-94.94
 20
-40.11
 10
-90.11
 20
-40.11
 10
-90.11
 20
-44.94
 10
-94.94
 20
-44.94
  0
LWPOLYLINE
100
AcDbEntity
  8
0
100
AcDbPolyline
 90
4
 70
1
 10
-89.89
 20
-40.11
 10
-85.06
 20
-40.11
 10
-85.06
 20
-44.94
 10
-89.89
 20
-44.94
  0
LWPOLYLINE
100
AcDbEntity
  8
0
100
AcDbPolyline
 90
4
 70
1
 10
-84.94
 20
-40.11
 10
-80.11
 20
-40.11
 10
-80.11
 20
-44.94
 10
-84.94
 20
-44.94
  0
LWPOLYLINE
100
AcDbEntity
  8
0
100
AcDbPolyline
 90
4
 70
1
 10
-78.1523
 20
-40.11
 10
-75.06
 20
-40.11
 10
-75.06
 20
-44.94
 10
-78.1523
 20
-44.94
  0
LWPOLYLINE
100
AcDbEntity
  8
0
100
AcDbPolyline
 90
4
 70
1
 10
-74.94
 20
-40.11
 10
-70.11
 20
-40.11
 10
-70.11
 20
-44.94
 10
-74.94
 20
-44.94
  0
LWPOLYLINE
100
AcDbEntity
  8
0
100
AcDbPolyline
 90
4
 70
1
 10
-67.075
 20
-40.11
 10
-65.06
 20
-40.11
 10
-65.06
 20
-44.94
 10
-67.075
 20
-44.94
  0
LWPOLYLINE
100
AcDbEntity
  8
0
100
AcDbPolyline
 90
4
 70
1
 10
-64.94
 20
-40.11
 10
-60.11
 20
-40.11
 10
-60.11
 20
-44.94
 10
-64.94
 20
-44.94
  0
LWPOLYLINE
100
AcDbEntity
  8
0
100
AcDbPolyline
 90
4
 70
1
 10
-59.89
 20
-40.11
 10
-55.06
 20
-40.11
 10
-55.06
 20
-44.94
 10
-59.89
 20
-44.94
  0
LWPOLYLINE
100
AcDbEntity
  8
0
100
AcDbPolyline
 90
4
 70
1
 10
-54.94
 20
-40.11
 10
-50.11
 20
-40.11
 10
-50.11
 20
-44.94
 10
-54.94
 20
-44.94
  0
LWPOLYLINE
100
AcDbEntity
  8
0
100
AcDbPolyline
 90
4
 70
1
 10
-49.89
 20
-40.11
 10
-45.06
 20
-40.11
 10
-45.06
 20
-44.94
 10
-49.89
 20
-44.94
  0
LWPOLYLINE
100
AcDbEntity
  8
0
100
AcDbPolyline
 90
4
 70
1
 10
-44.94
 20
-40.11
 10
-40.11
 20
-40.11
 10
-40.11
 20
-44.94
 10
-44.94
 20
-44.94
  0
LWPOLYLINE
100
AcDbEntity
  8
0
100
AcDbPolyline
 90
4
 70
1
 10
-39.89
 20
-40.11
 10
-35.06
 20
-40.11
 10
-35.06
 20
-44.94
 10
-39.89
 20
-44.94
  0
LWPOLYLINE
100
AcDbEntity
  8
0
100
AcDbPolyline
 90
4
 70
1
 10
-34.94
 20
-40.11
 10
-30.11
 20
-40.11
 10
-30.11
 20
-44.94
 10
-34.94
 20
-44.94
  0
LWPOLYLINE
100
AcDbEntity
  8
0
100
AcDbPolyline
 90
4
 70
1
 10
-29.89
 20
-40.11
 10
-25.06
 20
-40.11
 10
-25.06
 20
-44.94
 10
-29.89
 20
-44.94
  0
LWPOLYLINE
100
AcDbEntity
  8
0
100
AcDbPolyline
 90
4
 70
1
 10
-24.94
 20
-40.11
 10
-20.11
 20
-40.11
 10
-20.11
 20
-44.94
 10
-24.94
 20
-44.94
  0
LWPOLYLINE
100
AcDbEntity
  8
0
100
AcDbPolyline
 90
4
 70
1
 10
-19.89
 20
-40.11
 10
-15.06
 20
-40.11
 10
-15.06
 20
-44.94
 10
-19.89
 20
-44.94
  0
LWPOLYLINE
100
AcDbEntity
  8
0
100
AcDbPolyline
 90
4
 70
1
 10
-14.94
 20
-40.11
 10
-10.11
 20
-40.11
 10
-10.11
 20
-44.94
 10
-14.94
 20
-44.94
  0
LWPOLYLINE
100
AcDbEntity
  8
0
100
AcDbPolyline
 90
4
 70
1
 10
-9.89
 20
-40.11
 10
-5.06
 20
-40.11
 10
-5.06
 20
-44.94
 10
-9.89
 20
-44.94
  0
LWPOLYLINE
100
AcDbEntity
  8
0
100
AcDbPolyline
 90
4
 70
1
 10
-4.94
 20
-40.11
 10
-0.2
 20
-40.11
 10
-0.2
 20
-44.94
 10
-4.94
 20
-44.94
  0
LWPOLYLINE
100
AcDbEntity
  8
0
100
AcDbPolyline
 90
4
 70
1
 10
0.2
 20
-40.11
 10
4.94
 20
-40.11
 10
4.94
 20
-44.94
 10
0.2
 20
-44.94
  0
LWPOLYLINE
100
AcDbEntity
  8
0
100
AcDbPolyline
 90
4
 70
1
 10
5.06
 20
-40.11
 10
9.89
 20
-40.11
 10
9.89
 20
-44.94
 10
5.06
 20
-44.94
  0
LWPOLYLINE
100
AcDbEntity
  8
0
100
AcDbPolyline
 90
4
 70
1
 10
10.11
 20
-40.11
 10
14.94
 20
-40.11
 10
14.94
 20
-44.94
 10
10.11
 20
-44.94
  0
LWPOLYLINE
100
AcDbEntity
  8
0
100
AcDbPolyline
 90
4
 70
1
 10
15.06
 20
-40.11
 10
19.89
 20
-40.11
 10
19.89
 20
-44.94
 10
15.06
 20
-44.94
  0
LWPOLYLINE
100
AcDbEntity
  8
0
100
AcDbPolyline
 90
4
 70
1
 10
20.11
 20
-40.11
 10
24.94
 20
-40.11
 10
24.94
 20
-44.94
 10
20.11
 20
-44.94
  0
LWPOLYLINE
100
AcDbEntity
  8
0
100
AcDbPolyline
 90
4
 70
1
 10
25.06
 20
-40.11
 10
29.89
 20
-40.11
 10
29.89
 20
-44.94
 10
25.06
 20
-44.94
  0
LWPOLYLINE
100
AcDbEntity
  8
0
100
AcDbPolyline
 90
4
 70
1
 10
30.11
 20
-40.11
 10
34.94
 20
-40.11
 10
34.94
 20
-44.94
 10
30.11
 20
-44.94
  0
LWPOLYLINE
100
AcDbEntity
  8
0
100
AcDbPolyline
 90
4
 70
1
 10
35.06
 20
-40.11
 10
39.89
 20
-40.11
 10
39.89
 20
-44.94
 10
35.06
 20
-44.94
  0
LWPOLYLINE
100
AcDbEntity
  8
0
100
AcDbPolyline
 90
4
 70
1
 10
40.11
 20
-40.11
 10
44.94
 20
-40.11
 10
44.94
 20
-44.94
 10
40.11
 20
-44.94
  0
LWPOLYLINE
100
AcDbEntity
  8
0
100
AcDbPolyline
 90
4
 70
1
 10
45.06
 20
-40.11
 10
49.89
 20
-40.11
 10
49.89
 20
-44.94
 10
45.06
 20
-44.94
  0
LWPOLYLINE
100
AcDbEntity
  8
0
100
AcDbPolyline
 90
4
 70
1
 10
50.11
 20
-40.11
 10
54.94
 20
-40.11
 10
54.94
 20
-44.94
 10
50.11
 20
-44.94
  0
LWPOLYLINE
100
AcDbEntity
  8
0
100
AcDbPolyline
 90
4
 70
1
 10
55.06
 20
-40.11
 10
59.89
 20
-40.11
 10
59.89
 20
-44.94
 10
55.06
 20
-44.94
  0
LWPOLYLINE
100
AcDbEntity
  8
0
100
AcDbPolyline
 90
4
 70
1
 10
60.11
 20
-40.11
 10
64.94
 20
-40.11
 10
64.94
 20
-44.94
 10
60.11
 20
-44.94
  0
LWPOLYLINE
100
AcDbEntity
  8
0
100
AcDbPolyline
 90
4
 70
1
 10
67.625
 20
-40.11
 10
69.89
 20
-40.11
 10
69.89
 20
-44.94
 10
67.625
 20
-44.94
  0
LWPOLYLINE
100
AcDbEntity
  8
0
100
AcDbPolyline
 90
4
 70
1
 10
70.11
 20
-40.11
 10
74.94
 20
-40.11
 10
74.94
 20
-44.94
 10
70.11
 20
-44.94
  0
LWPOLYLINE
100
AcDbEntity
  8
0
100
AcDbPolyline
 90
4
 70
1
 10
80.11
 20
-40.11
 10
84.94
 20
-40.11
 10
84.94
 20
-44.94
 10
80.11
 20
-44.94
  0
LWPOLYLINE
100
AcDbEntity
  8
0
100
AcDbPolyline
 90
4
 70
1
 10
85.06
 20
-40.11
 10
89.89
 20
-40.11
 10
89.89
 20
-44.94
 10
85.06
 20
-44.94
  0
LWPOLYLINE
100
AcDbEntity
  8
0
100
AcDbPolyline
 90
4
 70
1
 10
90.11
 20
-40.11
 10
94.94
 20
-40.11
 10
94.94
 20
-44.94
 10
90.11
 20
-44.94
  0
LWPOLYLINE
100
AcDbEntity
  8
0
100
AcDbPolyline
 90
4
 70
1
 10
95.06
 20
-40.11
 10
99.89
 20
-40.11
 10
99.89
 20
-44.94
 10
95.06
 20
-44.94
  0
LWPOLYLINE
100
AcDbEntity
  8
0
100
AcDbPolyline
 90
4
 70
1
 10
100.11
 20
-40.11
 10
104.94
 20
-40.11
 10
104.94
 20
-44.94
 10
100.11
 20
-44.94
  0
LWPOLYLINE
100
AcDbEntity
  8
0
100
AcDbPolyline
 90
4
 70
1
 10
78.6023
 20
-40.11
 10
79.3
 20
-40.11
 10
79.3
 20
-44.94
 10
78.6023
 20
-44.94
  0
LWPOLYLINE
100
AcDbEntity
  8
0
100
AcDbPolyline
 90
4
 70
1
 10
75.06
 20
-40.11
 10
78.1523
 20
-40.11
 10
78.1523
 20
-44.94
 10
75.06
 20
-44.94
  0
LWPOLYLINE
100
AcDbEntity
  8
0
100
AcDbPolyline
 90
4
 70
1
 10
65.06
 20
-40.11
 10
67.075
 20
-40.11
 10
67.075
 20
-44.94
 10
65.06
 20
-44.94
  0
LWPOLYLINE
100
AcDbEntity
  8
0
100
AcDbPolyline
 90
4
 70
1
 10
-69.89
 20
-40.11
 10
-67.625
 20
-40.11
 10
-67.625
 20
-44.94
 10
-69.89
 20
-44.94
  0
LWPOLYLINE
100
AcDbEntity
  8
0
100
AcDbPolyline
 90
4
 70
1
 10
-79.3
 20
-40.11
 10
-78.6023
 20
-40.11
 10
-78.6023
 20
-44.94
 10
-79.3
 20
-44.94
  0
LWPOLYLINE
100
AcDbEntity
  8
0
100
AcDbPolyline
 90
4
 70
1
 10
-104.94
 20
-45.06
 10
-100.11
 20
-45.06
 10
-100.11
 20
-49.89
 10
-104.94
 20
-49.89
  0
LWPOLYLINE
100
AcDbEntity
  8
0
100
AcDbPolyline
 90
4
 70
1
 10
-99.89
 20
-45.06
 10
-95.06
 20
-45.06
 10
-95.06
 20
-49.89
 10
-99.89
 20
-49.89
  0
LWPOLYLINE
100
AcDbEntity
  8
0
100
AcDbPolyline
 90
4
 70
1
 10
-94.94
 20
-45.06
 10
-90.11
 20
-45.06
 10
-90.11
 20
-49.89
 10
-94.94
 20
-49.89
  0
LWPOLYLINE
100
AcDbEntity
  8
0
100
AcDbPolyline
 90
4
 70
1
 10
-89.89
 20
-45.06
 10
-85.06
 20
-45.06
 10
-85.06
 20
-49.89
 10
-89.89
 20
-49.89
  0
LWPOLYLINE
100
AcDbEntity
  8
0
100
AcDbPolyline
 90
4
 70
1
 10
-84.94
 20
-45.06
 10
-80.11
 20
-45.06
 10
-80.11
 20
-49.89
 10
-84.94
 20
-49.89
  0
LWPOLYLINE
100
AcDbEntity
  8
0
100
AcDbPolyline
 90
4
 70
1
 10
-78.1523
 20
-45.06
 10
-75.06
 20
-45.06
 10
-75.06
 20
-49.89
 10
-78.1523
 20
-49.89
  0
LWPOLYLINE
100
AcDbEntity
  8
0
100
AcDbPolyline
 90
4
 70
1
 10
-74.94
 20
-45.06
 10
-70.11
 20
-45.06
 10
-70.11
 20
-49.89
 10
-74.94
 20
-49.89
  0
LWPOLYLINE
100
AcDbEntity
  8
0
100
AcDbPolyline
 90
4
 70
1
 10
-67.075
 20
-45.06
 10
-65.06
 20
-45.06
 10
-65.06
 20
-49.89
 10
-67.075
 20
-49.89
  0
LWPOLYLINE
100
AcDbEntity
  8
0
100
AcDbPolyline
 90
4
 70
1
 10
-64.94
 20
-45.06
 10
-60.11
 20
-45.06
 10
-60.11
 20
-49.89
 10
-64.94
 20
-49.89
  0
LWPOLYLINE
100
AcDbEntity
  8
0
100
AcDbPolyline
 90
4
 70
1
 10
-59.89
 20
-45.06
 10
-55.06
 20
-45.06
 10
-55.06
 20
-49.89
 10
-59.89
 20
-49.89
  0
LWPOLYLINE
100
AcDbEntity
  8
0
100
AcDbPolyline
 90
4
 70
1
 10
-54.94
 20
-45.06
 10
-50.11
 20
-45.06
 10
-50.11
 20
-49.89
 10
-54.94
 20
-49.89
  0
LWPOLYLINE
100
AcDbEntity
  8
0
100
AcDbPolyline
 90
4
 70
1
 10
-49.89
 20
-45.06
 10
-45.06
 20
-45.06
 10
-45.06
 20
-49.89
 10
-49.89
 20
-49.89
  0
LWPOLYLINE
100
AcDbEntity
  8
0
100
AcDbPolyline
 90
4
 70
1
 10
-44.94
 20
-45.06
 10
-40.11
 20
-45.06
 10
-40.11
 20
-49.89
 10
-44.94
 20
-49.89
  0
LWPOLYLINE
100
AcDbEntity
  8
0
100
AcDbPolyline
 90
4
 70
1
 10
-39.89
 20
-45.06
 10
-35.06
 20
-45.06
 10
-35.06
 20
-49.89
 10
-39.89
 20
-49.89
  0
LWPOLYLINE
100
AcDbEntity
  8
0
100
AcDbPolyline
 90
4
 70
1
 10
-34.94
 20
-45.06
 10
-30.11
 20
-45.06
 10
-30.11
 20
-49.89
 10
-34.94
 20
-49.89
  0
LWPOLYLINE
100
AcDbEntity
  8
0
100
AcDbPolyline
 90
4
 70
1
 10
-29.89
 20
-45.06
 10
-25.06
 20
-45.06
 10
-25.06
 20
-49.89
 10
-29.89
 20
-49.89
  0
LWPOLYLINE
100
AcDbEntity
  8
0
100
AcDbPolyline
 90
4
 70
1
 10
-24.94
 20
-45.06
 10
-20.11
 20
-45.06
 10
-20.11
 20
-49.89
 10
-24.94
 20
-49.89
  0
LWPOLYLINE
100
AcDbEntity
  8
0
100
AcDbPolyline
 90
4
 70
1
 10
-19.89
 20
-45.06
 10
-15.06
 20
-45.06
 10
-15.06
 20
-49.89
 10
-19.89
 20
-49.89
  0
LWPOLYLINE
100
AcDbEntity
  8
0
100
AcDbPolyline
 90
4
 70
1
 10
-14.94
 20
-45.06
 10
-10.11
 20
-45.06
 10
-10.11
 20
-49.89
 10
-14.94
 20
-49.89
  0
LWPOLYLINE
100
AcDbEntity
  8
0
100
AcDbPolyline
 90
4
 70
1
 10
-9.89
 20
-45.06
 10
-5.06
 20
-45.06
 10
-5.06
 20
-49.89
 10
-9.89
 20
-49.89
  0
LWPOLYLINE
100
AcDbEntity
  8
0
100
AcDbPolyline
 90
4
 70
1
 10
-4.94
 20
-45.06
 10
-0.2
 20
-45.06
 10
-0.2
 20
-49.89
 10
-4.94
 20
-49.89
  0
LWPOLYLINE
100
AcDbEntity
  8
0
100
AcDbPolyline
 90
4
 70
1
 10
0.2
 20
-45.06
 10
4.94
 20
-45.06
 10
4.94
 20
-49.89
 10
0.2
 20
-49.89
  0
LWPOLYLINE
100
AcDbEntity
  8
0
100
AcDbPolyline
 90
4
 70
1
 10
5.06
 20
-45.06
 10
9.89
 20
-45.06
 10
9.89
 20
-49.89
 10
5.06
 20
-49.89
  0
LWPOLYLINE
100
AcDbEntity
  8
0
100
AcDbPolyline
 90
4
 70
1
 10
10.11
 20
-45.06
 10
14.94
 20
-45.06
 10
14.94
 20
-49.89
 10
10.11
 20
-49.89
  0
LWPOLYLINE
100
AcDbEntity
  8
0
100
AcDbPolyline
 90
4
 70
1
 10
15.06
 20
-45.06
 10
19.89
 20
-45.06
 10
19.89
 20
-49.89
 10
15.06
 20
-49.89
  0
LWPOLYLINE
100
AcDbEntity
  8
0
100
AcDbPolyline
 90
4
 70
1
 10
20.11
 20
-45.06
 10
24.94
 20
-45.06
 10
24.94
 20
-49.89
 10
20.11
 20
-49.89
  0
LWPOLYLINE
100
AcDbEntity
  8
0
100
AcDbPolyline
 90
4
 70
1
 10
25.06
 20
-45.06
 10
29.89
 20
-45.06
 10
29.89
 20
-49.89
 10
25.06
 20
-49.89
  0
LWPOLYLINE
100
AcDbEntity
  8
0
100
AcDbPolyline
 90
4
 70
1
 10
30.11
 20
-45.06
 10
34.94
 20
-45.06
 10
34.94
 20
-49.89
 10
30.11
 20
-49.89
  0
LWPOLYLINE
100
AcDbEntity
  8
0
100
AcDbPolyline
 90
4
 70
1
 10
35.06
 20
-45.06
 10
39.89
 20
-45.06
 10
39.89
 20
-49.89
 10
35.06
 20
-49.89
  0
LWPOLYLINE
100
AcDbEntity
  8
0
100
AcDbPolyline
 90
4
 70
1
 10
40.11
 20
-45.06
 10
44.94
 20
-45.06
 10
44.94
 20
-49.89
 10
40.11
 20
-49.89
  0
LWPOLYLINE
100
AcDbEntity
  8
0
100
AcDbPolyline
 90
4
 70
1
 10
45.06
 20
-45.06
 10
49.89
 20
-45.06
 10
49.89
 20
-49.89
 10
45.06
 20
-49.89
  0
LWPOLYLINE
100
AcDbEntity
  8
0
100
AcDbPolyline
 90
4
 70
1
 10
50.11
 20
-45.06
 10
54.94
 20
-45.06
 10
54.94
 20
-49.89
 10
50.11
 20
-49.89
  0
LWPOLYLINE
100
AcDbEntity
  8
0
100
AcDbPolyline
 90
4
 70
1
 10
55.06
 20
-45.06
 10
59.89
 20
-45.06
 10
59.89
 20
-49.89
 10
55.06
 20
-49.89
  0
LWPOLYLINE
100
AcDbEntity
  8
0
100
AcDbPolyline
 90
4
 70
1
 10
60.11
 20
-45.06
 10
64.94
 20
-45.06
 10
64.94
 20
-49.89
 10
60.11
 20
-49.89
  0
LWPOLYLINE
100
AcDbEntity
  8
0
100
AcDbPolyline
 90
4
 70
1
 10
67.625
 20
-45.06
 10
69.89
 20
-45.06
 10
69.89
 20
-49.89
 10
67.625
 20
-49.89
  0
LWPOLYLINE
100
AcDbEntity
  8
0
100
AcDbPolyline
 90
4
 70
1
 10
70.11
 20
-45.06
 10
74.94
 20
-45.06
 10
74.94
 20
-49.89
 10
70.11
 20
-49.89
  0
LWPOLYLINE
100
AcDbEntity
  8
0
100
AcDbPolyline
 90
4
 70
1
 10
80.11
 20
-45.06
 10
84.94
 20
-45.06
 10
84.94
 20
-49.89
 10
80.11
 20
-49.89
  0
LWPOLYLINE
100
AcDbEntity
  8
0
100
AcDbPolyline
 90
4
 70
1
 10
85.06
 20
-45.06
 10
89.89
 20
-45.06
 10
89.89
 20
-49.89
 10
85.06
 20
-49.89
  0
LWPOLYLINE
100
AcDbEntity
  8
0
100
AcDbPolyline
 90
4
 70
1
 10
90.11
 20
-45.06
 10
94.94
 20
-45.06
 10
94.94
 20
-49.89
 10
90.11
 20
-49.89
  0
LWPOLYLINE
100
AcDbEntity
  8
0
100
AcDbPolyline
 90
4
 70
1
 10
95.06
 20
-45.06
 10
99.89
 20
-45.06
 10
99.89
 20
-49.89
 10
95.06
 20
-49.89
  0
LWPOLYLINE
100
AcDbEntity
  8
0
100
AcDbPolyline
 90
4
 70
1
 10
100.11
 20
-45.06
 10
104.94
 20
-45.06
 10
104.94
 20
-49.89
 10
100.11
 20
-49.89
  0
LWPOLYLINE
100
AcDbEntity
  8
0
100
AcDbPolyline
 90
4
 70
1
 10
78.6023
 20
-45.06
 10
79.3
 20
-45.06
 10
79.3
 20
-49.89
 10
78.6023
 20
-49.89
  0
LWPOLYLINE
100
AcDbEntity
  8
0
100
AcDbPolyline
 90
4
 70
1
 10
75.06
 20
-45.06
 10
78.1523
 20
-45.06
 10
78.1523
 20
-49.89
 10
75.06
 20
-49.89
  0
LWPOLYLINE
100
AcDbEntity
  8
0
100
AcDbPolyline
 90
4
 70
1
 10
65.06
 20
-45.06
 10
67.075
 20
-45.06
 10
67.075
 20
-49.89
 10
65.06
 20
-49.89
  0
LWPOLYLINE
100
AcDbEntity
  8
0
100
AcDbPolyline
 90
4
 70
1
 10
-69.89
 20
-45.06
 10
-67.625
 20
-45.06
 10
-67.625
 20
-49.89
 10
-69.89
 20
-49.89
  0
LWPOLYLINE
100
AcDbEntity
  8
0
100
AcDbPolyline
 90
4
 70
1
 10
-79.3
 20
-45.06
 10
-78.6023
 20
-45.06
 10
-78.6023
 20
-49.89
 10
-79.3
 20
-49.89
  0
LWPOLYLINE
100
AcDbEntity
  8
0
100
AcDbPolyline
 90
4
 70
1
 10
-104.94
 20
-50.11
 10
-100.11
 20
-50.11
 10
-100.11
 20
-54.94
 10
-104.94
 20
-54.94
  0
LWPOLYLINE
100
AcDbEntity
  8
0
100
AcDbPolyline
 90
4
 70
1
 10
-99.89
 20
-50.11
 10
-95.06
 20
-50.11
 10
-95.06
 20
-54.94
 10
-99.89
 20
-54.94
  0
LWPOLYLINE
100
AcDbEntity
  8
0
100
AcDbPolyline
 90
4
 70
1
 10
-94.94
 20
-50.11
 10
-90.11
 20
-50.11
 10
-90.11
 20
-54.94
 10
-94.94
 20
-54.94
  0
LWPOLYLINE
100
AcDbEntity
  8
0
100
AcDbPolyline
 90
4
 70
1
 10
-89.89
 20
-50.11
 10
-85.06
 20
-50.11
 10
-85.06
 20
-54.94
 10
-89.89
 20
-54.94
  0
LWPOLYLINE
100
AcDbEntity
  8
0
100
AcDbPolyline
 90
4
 70
1
 10
-84.94
 20
-50.11
 10
-80.11
 20
-50.11
 10
-80.11
 20
-54.94
 10
-84.94
 20
-54.94
  0
LWPOLYLINE
100
AcDbEntity
  8
0
100
AcDbPolyline
 90
4
 70
1
 10
-78.1523
 20
-50.11
 10
-75.06
 20
-50.11
 10
-75.06
 20
-54.94
 10
-78.1523
 20
-54.94
  0
LWPOLYLINE
100
AcDbEntity
  8
0
100
AcDbPolyline
 90
4
 70
1
 10
-74.94
 20
-50.11
 10
-70.11
 20
-50.11
 10
-70.11
 20
-54.94
 10
-74.94
 20
-54.94
  0
LWPOLYLINE
100
AcDbEntity
  8
0
100
AcDbPolyline
 90
4
 70
1
 10
-67.075
 20
-50.11
 10
-65.06
 20
-50.11
 10
-65.06
 20
-54.94
 10
-67.075
 20
-54.94
  0
LWPOLYLINE
100
AcDbEntity
  8
0
100
AcDbPolyline
 90
4
 70
1
 10
-64.94
 20
-50.11
 10
-60.11
 20
-50.11
 10
-60.11
 20
-54.94
 10
-64.94
 20
-54.94
  0
LWPOLYLINE
100
AcDbEntity
  8
0
100
AcDbPolyline
 90
4
 70
1
 10
-59.89
 20
-50.11
 10
-55.06
 20
-50.11
 10
-55.06
 20
-54.94
 10
-59.89
 20
-54.94
  0
LWPOLYLINE
100
AcDbEntity
  8
0
100
AcDbPolyline
 90
4
 70
1
 10
-54.94
 20
-50.11
 10
-50.11
 20
-50.11
 10
-50.11
 20
-54.94
 10
-54.94
 20
-54.94
  0
LWPOLYLINE
100
AcDbEntity
  8
0
100
AcDbPolyline
 90
4
 70
1
 10
-49.89
 20
-50.11
 10
-45.06
 20
-50.11
 10
-45.06
 20
-54.94
 10
-49.89
 20
-54.94
  0
LWPOLYLINE
100
AcDbEntity
  8
0
100
AcDbPolyline
 90
4
 70
1
 10
-44.94
 20
-50.11
 10
-40.11
 20
-50.11
 10
-40.11
 20
-54.94
 10
-44.94
 20
-54.94
  0
LWPOLYLINE
100
AcDbEntity
  8
0
100
AcDbPolyline
 90
4
 70
1
 10
-39.89
 20
-50.11
 10
-35.06
 20
-50.11
 10
-35.06
 20
-54.94
 10
-39.89
 20
-54.94
  0
LWPOLYLINE
100
AcDbEntity
  8
0
100
AcDbPolyline
 90
4
 70
1
 10
-34.94
 20
-50.11
 10
-30.11
 20
-50.11
 10
-30.11
 20
-54.94
 10
-34.94
 20
-54.94
  0
LWPOLYLINE
100
AcDbEntity
  8
0
100
AcDbPolyline
 90
4
 70
1
 10
-29.89
 20
-50.11
 10
-25.06
 20
-50.11
 10
-25.06
 20
-54.94
 10
-29.89
 20
-54.94
  0
LWPOLYLINE
100
AcDbEntity
  8
0
100
AcDbPolyline
 90
4
 70
1
 10
-24.94
 20
-50.11
 10
-20.11
 20
-50.11
 10
-20.11
 20
-54.94
 10
-24.94
 20
-54.94
  0
LWPOLYLINE
100
AcDbEntity
  8
0
100
AcDbPolyline
 90
4
 70
1
 10
-19.89
 20
-50.11
 10
-15.06
 20
-50.11
 10
-15.06
 20
-54.94
 10
-19.89
 20
-54.94
  0
LWPOLYLINE
100
AcDbEntity
  8
0
100
AcDbPolyline
 90
4
 70
1
 10
-14.94
 20
-50.11
 10
-10.11
 20
-50.11
 10
-10.11
 20
-54.94
 10
-14.94
 20
-54.94
  0
LWPOLYLINE
100
AcDbEntity
  8
0
100
AcDbPolyline
 90
4
 70
1
 10
-9.89
 20
-50.11
 10
-5.06
 20
-50.11
 10
-5.06
 20
-54.94
 10
-9.89
 20
-54.94
  0
LWPOLYLINE
100
AcDbEntity
  8
0
100
AcDbPolyline
 90
4
 70
1
 10
-4.94
 20
-50.11
 10
-0.2
 20
-50.11
 10
-0.2
 20
-54.94
 10
-4.94
 20
-54.94
  0
LWPOLYLINE
100
AcDbEntity
  8
0
100
AcDbPolyline
 90
4
 70
1
 10
0.2
 20
-50.11
 10
4.94
 20
-50.11
 10
4.94
 20
-54.94
 10
0.2
 20
-54.94
  0
LWPOLYLINE
100
AcDbEntity
  8
0
100
AcDbPolyline
 90
4
 70
1
 10
5.06
 20
-50.11
 10
9.89
 20
-50.11
 10
9.89
 20
-54.94
 10
5.06
 20
-54.94
  0
LWPOLYLINE
100
AcDbEntity
  8
0
100
AcDbPolyline
 90
4
 70
1
 10
10.11
 20
-50.11
 10
14.94
 20
-50.11
 10
14.94
 20
-54.94
 10
10.11
 20
-54.94
  0
LWPOLYLINE
100
AcDbEntity
  8
0
100
AcDbPolyline
 90
4
 70
1
 10
15.06
 20
-50.11
 10
19.89
 20
-50.11
 10
19.89
 20
-54.94
 10
15.06
 20
-54.94
  0
LWPOLYLINE
100
AcDbEntity
  8
0
100
AcDbPolyline
 90
4
 70
1
 10
20.11
 20
-50.11
 10
24.94
 20
-50.11
 10
24.94
 20
-54.94
 10
20.11
 20
-54.94
  0
LWPOLYLINE
100
AcDbEntity
  8
0
100
AcDbPolyline
 90
4
 70
1
 10
25.06
 20
-50.11
 10
29.89
 20
-50.11
 10
29.89
 20
-54.94
 10
25.06
 20
-54.94
  0
LWPOLYLINE
100
AcDbEntity
  8
0
100
AcDbPolyline
 90
4
 70
1
 10
30.11
 20
-50.11
 10
34.94
 20
-50.11
 10
34.94
 20
-54.94
 10
30.11
 20
-54.94
  0
LWPOLYLINE
100
AcDbEntity
  8
0
100
AcDbPolyline
 90
4
 70
1
 10
35.06
 20
-50.11
 10
39.89
 20
-50.11
 10
39.89
 20
-54.94
 10
35.06
 20
-54.94
  0
LWPOLYLINE
100
AcDbEntity
  8
0
100
AcDbPolyline
 90
4
 70
1
 10
40.11
 20
-50.11
 10
44.94
 20
-50.11
 10
44.94
 20
-54.94
 10
40.11
 20
-54.94
  0
LWPOLYLINE
100
AcDbEntity
  8
0
100
AcDbPolyline
 90
4
 70
1
 10
45.06
 20
-50.11
 10
49.89
 20
-50.11
 10
49.89
 20
-54.94
 10
45.06
 20
-54.94
  0
LWPOLYLINE
100
AcDbEntity
  8
0
100
AcDbPolyline
 90
4
 70
1
 10
50.11
 20
-50.11
 10
54.94
 20
-50.11
 10
54.94
 20
-54.94
 10
50.11
 20
-54.94
  0
LWPOLYLINE
100
AcDbEntity
  8
0
100
AcDbPolyline
 90
4
 70
1
 10
55.06
 20
-50.11
 10
59.89
 20
-50.11
 10
59.89
 20
-54.94
 10
55.06
 20
-54.94
  0
LWPOLYLINE
100
AcDbEntity
  8
0
100
AcDbPolyline
 90
4
 70
1
 10
60.11
 20
-50.11
 10
64.94
 20
-50.11
 10
64.94
 20
-54.94
 10
60.11
 20
-54.94
  0
LWPOLYLINE
100
AcDbEntity
  8
0
100
AcDbPolyline
 90
4
 70
1
 10
67.625
 20
-50.11
 10
69.89
 20
-50.11
 10
69.89
 20
-54.94
 10
67.625
 20
-54.94
  0
LWPOLYLINE
100
AcDbEntity
  8
0
100
AcDbPolyline
 90
4
 70
1
 10
70.11
 20
-50.11
 10
74.94
 20
-50.11
 10
74.94
 20
-54.94
 10
70.11
 20
-54.94
  0
LWPOLYLINE
100
AcDbEntity
  8
0
100
AcDbPolyline
 90
4
 70
1
 10
80.11
 20
-50.11
 10
84.94
 20
-50.11
 10
84.94
 20
-54.94
 10
80.11
 20
-54.94
  0
LWPOLYLINE
100
AcDbEntity
  8
0
100
AcDbPolyline
 90
4
 70
1
 10
85.06
 20
-50.11
 10
89.89
 20
-50.11
 10
89.89
 20
-54.94
 10
85.06
 20
-54.94
  0
LWPOLYLINE
100
AcDbEntity
  8
0
100
AcDbPolyline
 90
4
 70
1
 10
90.11
 20
-50.11
 10
94.94
 20
-50.11
 10
94.94
 20
-54.94
 10
90.11
 20
-54.94
  0
LWPOLYLINE
100
AcDbEntity
  8
0
100
AcDbPolyline
 90
4
 70
1
 10
95.06
 20
-50.11
 10
99.89
 20
-50.11
 10
99.89
 20
-54.94
 10
95.06
 20
-54.94
  0
LWPOLYLINE
100
AcDbEntity
  8
0
100
AcDbPolyline
 90
4
 70
1
 10
100.11
 20
-50.11
 10
104.94
 20
-50.11
 10
104.94
 20
-54.94
 10
100.11
 20
-54.94
  0
LWPOLYLINE
100
AcDbEntity
  8
0
100
AcDbPolyline
 90
4
 70
1
 10
78.6023
 20
-50.11
 10
79.3
 20
-50.11
 10
79.3
 20
-54.94
 10
78.6023
 20
-54.94
  0
LWPOLYLINE
100
AcDbEntity
  8
0
100
AcDbPolyline
 90
4
 70
1
 10
75.06
 20
-50.11
 10
78.1523
 20
-50.11
 10
78.1523
 20
-54.94
 10
75.06
 20
-54.94
  0
LWPOLYLINE
100
AcDbEntity
  8
0
100
AcDbPolyline
 90
4
 70
1
 10
65.06
 20
-50.11
 10
67.075
 20
-50.11
 10
67.075
 20
-54.94
 10
65.06
 20
-54.94
  0
LWPOLYLINE
100
AcDbEntity
  8
0
100
AcDbPolyline
 90
4
 70
1
 10
-69.89
 20
-50.11
 10
-67.625
 20
-50.11
 10
-67.625
 20
-54.94
 10
-69.89
 20
-54.94
  0
LWPOLYLINE
100
AcDbEntity
  8
0
100
AcDbPolyline
 90
4
 70
1
 10
-79.3
 20
-50.11
 10
-78.6023
 20
-50.11
 10
-78.6023
 20
-54.94
 10
-79.3
 20
-54.94
  0
LWPOLYLINE
100
AcDbEntity
  8
0
100
AcDbPolyline
 90
4
 70
1
 10
-104.94
 20
-55.06
 10
-100.11
 20
-55.06
 10
-100.11
 20
-59.89
 10
-104.94
 20
-59.89
  0
LWPOLYLINE
100
AcDbEntity
  8
0
100
AcDbPolyline
 90
4
 70
1
 10
-99.89
 20
-55.06
 10
-95.06
 20
-55.06
 10
-95.06
 20
-59.89
 10
-99.89
 20
-59.89
  0
LWPOLYLINE
100
AcDbEntity
  8
0
100
AcDbPolyline
 90
4
 70
1
 10
-94.94
 20
-55.06
 10
-90.11
 20
-55.06
 10
-90.11
 20
-59.89
 10
-94.94
 20
-59.89
  0
LWPOLYLINE
100
AcDbEntity
  8
0
100
AcDbPolyline
 90
4
 70
1
 10
-89.89
 20
-55.06
 10
-85.06
 20
-55.06
 10
-85.06
 20
-59.89
 10
-89.89
 20
-59.89
  0
LWPOLYLINE
100
AcDbEntity
  8
0
100
AcDbPolyline
 90
4
 70
1
 10
-84.94
 20
-55.06
 10
-80.11
 20
-55.06
 10
-80.11
 20
-59.89
 10
-84.94
 20
-59.89
  0
LWPOLYLINE
100
AcDbEntity
  8
0
100
AcDbPolyline
 90
4
 70
1
 10
-78.1523
 20
-55.06
 10
-75.06
 20
-55.06
 10
-75.06
 20
-59.89
 10
-78.1523
 20
-59.89
  0
LWPOLYLINE
100
AcDbEntity
  8
0
100
AcDbPolyline
 90
4
 70
1
 10
-74.94
 20
-55.06
 10
-70.11
 20
-55.06
 10
-70.11
 20
-59.89
 10
-74.94
 20
-59.89
  0
LWPOLYLINE
100
AcDbEntity
  8
0
100
AcDbPolyline
 90
4
 70
1
 10
-67.075
 20
-55.06
 10
-65.06
 20
-55.06
 10
-65.06
 20
-59.89
 10
-67.075
 20
-59.89
  0
LWPOLYLINE
100
AcDbEntity
  8
0
100
AcDbPolyline
 90
4
 70
1
 10
-64.94
 20
-55.06
 10
-60.11
 20
-55.06
 10
-60.11
 20
-59.89
 10
-64.94
 20
-59.89
  0
LWPOLYLINE
100
AcDbEntity
  8
0
100
AcDbPolyline
 90
4
 70
1
 10
-59.89
 20
-55.06
 10
-55.06
 20
-55.06
 10
-55.06
 20
-59.89
 10
-59.89
 20
-59.89
  0
LWPOLYLINE
100
AcDbEntity
  8
0
100
AcDbPolyline
 90
4
 70
1
 10
-54.94
 20
-55.06
 10
-50.11
 20
-55.06
 10
-50.11
 20
-59.89
 10
-54.94
 20
-59.89
  0
LWPOLYLINE
100
AcDbEntity
  8
0
100
AcDbPolyline
 90
4
 70
1
 10
-49.89
 20
-55.06
 10
-45.06
 20
-55.06
 10
-45.06
 20
-59.89
 10
-49.89
 20
-59.89
  0
LWPOLYLINE
100
AcDbEntity
  8
0
100
AcDbPolyline
 90
4
 70
1
 10
-44.94
 20
-55.06
 10
-40.11
 20
-55.06
 10
-40.11
 20
-59.89
 10
-44.94
 20
-59.89
  0
LWPOLYLINE
100
AcDbEntity
  8
0
100
AcDbPolyline
 90
4
 70
1
 10
-39.89
 20
-55.06
 10
-35.06
 20
-55.06
 10
-35.06
 20
-59.89
 10
-39.89
 20
-59.89
  0
LWPOLYLINE
100
AcDbEntity
  8
0
100
AcDbPolyline
 90
4
 70
1
 10
-34.94
 20
-55.06
 10
-30.11
 20
-55.06
 10
-30.11
 20
-59.89
 10
-34.94
 20
-59.89
  0
LWPOLYLINE
100
AcDbEntity
  8
0
100
AcDbPolyline
 90
4
 70
1
 10
-29.89
 20
-55.06
 10
-25.06
 20
-55.06
 10
-25.06
 20
-59.89
 10
-29.89
 20
-59.89
  0
LWPOLYLINE
100
AcDbEntity
  8
0
100
AcDbPolyline
 90
4
 70
1
 10
-24.94
 20
-55.06
 10
-20.11
 20
-55.06
 10
-20.11
 20
-59.89
 10
-24.94
 20
-59.89
  0
LWPOLYLINE
100
AcDbEntity
  8
0
100
AcDbPolyline
 90
4
 70
1
 10
-19.89
 20
-55.06
 10
-15.06
 20
-55.06
 10
-15.06
 20
-59.89
 10
-19.89
 20
-59.89
  0
LWPOLYLINE
100
AcDbEntity
  8
0
100
AcDbPolyline
 90
4
 70
1
 10
-14.94
 20
-55.06
 10
-10.11
 20
-55.06
 10
-10.11
 20
-59.89
 10
-14.94
 20
-59.89
  0
LWPOLYLINE
100
AcDbEntity
  8
0
100
AcDbPolyline
 90
4
 70
1
 10
-9.89
 20
-55.06
 10
-5.06
 20
-55.06
 10
-5.06
 20
-59.89
 10
-9.89
 20
-59.89
  0
LWPOLYLINE
100
AcDbEntity
  8
0
100
AcDbPolyline
 90
4
 70
1
 10
-4.94
 20
-55.06
 10
-0.2
 20
-55.06
 10
-0.2
 20
-59.89
 10
-4.94
 20
-59.89
  0
LWPOLYLINE
100
AcDbEntity
  8
0
100
AcDbPolyline
 90
4
 70
1
 10
0.2
 20
-55.06
 10
4.94
 20
-55.06
 10
4.94
 20
-59.89
 10
0.2
 20
-59.89
  0
LWPOLYLINE
100
AcDbEntity
  8
0
100
AcDbPolyline
 90
4
 70
1
 10
5.06
 20
-55.06
 10
9.89
 20
-55.06
 10
9.89
 20
-59.89
 10
5.06
 20
-59.89
  0
LWPOLYLINE
100
AcDbEntity
  8
0
100
AcDbPolyline
 90
4
 70
1
 10
10.11
 20
-55.06
 10
14.94
 20
-55.06
 10
14.94
 20
-59.89
 10
10.11
 20
-59.89
  0
LWPOLYLINE
100
AcDbEntity
  8
0
100
AcDbPolyline
 90
4
 70
1
 10
15.06
 20
-55.06
 10
19.89
 20
-55.06
 10
19.89
 20
-59.89
 10
15.06
 20
-59.89
  0
LWPOLYLINE
100
AcDbEntity
  8
0
100
AcDbPolyline
 90
4
 70
1
 10
20.11
 20
-55.06
 10
24.94
 20
-55.06
 10
24.94
 20
-59.89
 10
20.11
 20
-59.89
  0
LWPOLYLINE
100
AcDbEntity
  8
0
100
AcDbPolyline
 90
4
 70
1
 10
25.06
 20
-55.06
 10
29.89
 20
-55.06
 10
29.89
 20
-59.89
 10
25.06
 20
-59.89
  0
LWPOLYLINE
100
AcDbEntity
  8
0
100
AcDbPolyline
 90
4
 70
1
 10
30.11
 20
-55.06
 10
34.94
 20
-55.06
 10
34.94
 20
-59.89
 10
30.11
 20
-59.89
  0
LWPOLYLINE
100
AcDbEntity
  8
0
100
AcDbPolyline
 90
4
 70
1
 10
35.06
 20
-55.06
 10
39.89
 20
-55.06
 10
39.89
 20
-59.89
 10
35.06
 20
-59.89
  0
LWPOLYLINE
100
AcDbEntity
  8
0
100
AcDbPolyline
 90
4
 70
1
 10
40.11
 20
-55.06
 10
44.94
 20
-55.06
 10
44.94
 20
-59.89
 10
40.11
 20
-59.89
  0
LWPOLYLINE
100
AcDbEntity
  8
0
100
AcDbPolyline
 90
4
 70
1
 10
45.06
 20
-55.06
 10
49.89
 20
-55.06
 10
49.89
 20
-59.89
 10
45.06
 20
-59.89
  0
LWPOLYLINE
100
AcDbEntity
  8
0
100
AcDbPolyline
 90
4
 70
1
 10
50.11
 20
-55.06
 10
54.94
 20
-55.06
 10
54.94
 20
-59.89
 10
50.11
 20
-59.89
  0
LWPOLYLINE
100
AcDbEntity
  8
0
100
AcDbPolyline
 90
4
 70
1
 10
55.06
 20
-55.06
 10
59.89
 20
-55.06
 10
59.89
 20
-59.89
 10
55.06
 20
-59.89
  0
LWPOLYLINE
100
AcDbEntity
  8
0
100
AcDbPolyline
 90
4
 70
1
 10
60.11
 20
-55.06
 10
64.94
 20
-55.06
 10
64.94
 20
-59.89
 10
60.11
 20
-59.89
  0
LWPOLYLINE
100
AcDbEntity
  8
0
100
AcDbPolyline
 90
4
 70
1
 10
67.625
 20
-55.06
 10
69.89
 20
-55.06
 10
69.89
 20
-59.89
 10
67.625
 20
-59.89
  0
LWPOLYLINE
100
AcDbEntity
  8
0
100
AcDbPolyline
 90
4
 70
1
 10
70.11
 20
-55.06
 10
74.94
 20
-55.06
 10
74.94
 20
-59.89
 10
70.11
 20
-59.89
  0
LWPOLYLINE
100
AcDbEntity
  8
0
100
AcDbPolyline
 90
4
 70
1
 10
80.11
 20
-55.06
 10
84.94
 20
-55.06
 10
84.94
 20
-59.89
 10
80.11
 20
-59.89
  0
LWPOLYLINE
100
AcDbEntity
  8
0
100
AcDbPolyline
 90
4
 70
1
 10
85.06
 20
-55.06
 10
89.89
 20
-55.06
 10
89.89
 20
-59.89
 10
85.06
 20
-59.89
  0
LWPOLYLINE
100
AcDbEntity
  8
0
100
AcDbPolyline
 90
4
 70
1
 10
90.11
 20
-55.06
 10
94.94
 20
-55.06
 10
94.94
 20
-59.89
 10
90.11
 20
-59.89
  0
LWPOLYLINE
100
AcDbEntity
  8
0
100
AcDbPolyline
 90
4
 70
1
 10
95.06
 20
-55.06
 10
99.89
 20
-55.06
 10
99.89
 20
-59.89
 10
95.06
 20
-59.89
  0
LWPOLYLINE
100
AcDbEntity
  8
0
100
AcDbPolyline
 90
4
 70
1
 10
100.11
 20
-55.06
 10
104.94
 20
-55.06
 10
104.94
 20
-59.89
 10
100.11
 20
-59.89
  0
LWPOLYLINE
100
AcDbEntity
  8
0
100
AcDbPolyline
 90
4
 70
1
 10
78.6023
 20
-55.06
 10
79.3
 20
-55.06
 10
79.3
 20
-59.89
 10
78.6023
 20
-59.89
  0
LWPOLYLINE
100
AcDbEntity
  8
0
100
AcDbPolyline
 90
4
 70
1
 10
75.06
 20
-55.06
 10
78.1523
 20
-55.06
 10
78.1523
 20
-59.89
 10
75.06
 20
-59.89
  0
LWPOLYLINE
100
AcDbEntity
  8
0
100
AcDbPolyline
 90
4
 70
1
 10
65.06
 20
-55.06
 10
67.075
 20
-55.06
 10
67.075
 20
-59.89
 10
65.06
 20
-59.89
  0
LWPOLYLINE
100
AcDbEntity
  8
0
100
AcDbPolyline
 90
4
 70
1
 10
-69.89
 20
-55.06
 10
-67.625
 20
-55.06
 10
-67.625
 20
-59.89
 10
-69.89
 20
-59.89
  0
LWPOLYLINE
100
AcDbEntity
  8
0
100
AcDbPolyline
 90
4
 70
1
 10
-79.3
 20
-55.06
 10
-78.6023
 20
-55.06
 10
-78.6023
 20
-59.89
 10
-79.3
 20
-59.89
  0
LWPOLYLINE
100
AcDbEntity
  8
0
100
AcDbPolyline
 90
4
 70
1
 10
-104.94
 20
-60.11
 10
-100.11
 20
-60.11
 10
-100.11
 20
-64.94
 10
-104.94
 20
-64.94
  0
LWPOLYLINE
100
AcDbEntity
  8
0
100
AcDbPolyline
 90
4
 70
1
 10
-99.89
 20
-60.11
 10
-95.06
 20
-60.11
 10
-95.06
 20
-64.94
 10
-99.89
 20
-64.94
  0
LWPOLYLINE
100
AcDbEntity
  8
0
100
AcDbPolyline
 90
4
 70
1
 10
-94.94
 20
-60.11
 10
-90.11
 20
-60.11
 10
-90.11
 20
-64.94
 10
-94.94
 20
-64.94
  0
LWPOLYLINE
100
AcDbEntity
  8
0
100
AcDbPolyline
 90
4
 70
1
 10
-89.89
 20
-60.11
 10
-85.06
 20
-60.11
 10
-85.06
 20
-64.94
 10
-89.89
 20
-64.94
  0
LWPOLYLINE
100
AcDbEntity
  8
0
100
AcDbPolyline
 90
4
 70
1
 10
-84.94
 20
-60.11
 10
-80.11
 20
-60.11
 10
-80.11
 20
-64.94
 10
-84.94
 20
-64.94
  0
LWPOLYLINE
100
AcDbEntity
  8
0
100
AcDbPolyline
 90
4
 70
1
 10
-78.1523
 20
-60.11
 10
-75.06
 20
-60.11
 10
-75.06
 20
-64.94
 10
-78.1523
 20
-64.94
  0
LWPOLYLINE
100
AcDbEntity
  8
0
100
AcDbPolyline
 90
4
 70
1
 10
-74.94
 20
-60.11
 10
-70.11
 20
-60.11
 10
-70.11
 20
-64.94
 10
-74.94
 20
-64.94
  0
LWPOLYLINE
100
AcDbEntity
  8
0
100
AcDbPolyline
 90
4
 70
1
 10
-67.075
 20
-60.11
 10
-65.06
 20
-60.11
 10
-65.06
 20
-64.94
 10
-67.075
 20
-64.94
  0
LWPOLYLINE
100
AcDbEntity
  8
0
100
AcDbPolyline
 90
4
 70
1
 10
-64.94
 20
-60.11
 10
-60.11
 20
-60.11
 10
-60.11
 20
-64.94
 10
-64.94
 20
-64.94
  0
LWPOLYLINE
100
AcDbEntity
  8
0
100
AcDbPolyline
 90
4
 70
1
 10
-59.89
 20
-60.11
 10
-55.06
 20
-60.11
 10
-55.06
 20
-64.94
 10
-59.89
 20
-64.94
  0
LWPOLYLINE
100
AcDbEntity
  8
0
100
AcDbPolyline
 90
4
 70
1
 10
-54.94
 20
-60.11
 10
-50.11
 20
-60.11
 10
-50.11
 20
-64.94
 10
-54.94
 20
-64.94
  0
LWPOLYLINE
100
AcDbEntity
  8
0
100
AcDbPolyline
 90
4
 70
1
 10
-49.89
 20
-60.11
 10
-45.06
 20
-60.11
 10
-45.06
 20
-64.94
 10
-49.89
 20
-64.94
  0
LWPOLYLINE
100
AcDbEntity
  8
0
100
AcDbPolyline
 90
4
 70
1
 10
-44.94
 20
-60.11
 10
-40.11
 20
-60.11
 10
-40.11
 20
-64.94
 10
-44.94
 20
-64.94
  0
LWPOLYLINE
100
AcDbEntity
  8
0
100
AcDbPolyline
 90
4
 70
1
 10
-39.89
 20
-60.11
 10
-35.06
 20
-60.11
 10
-35.06
 20
-64.94
 10
-39.89
 20
-64.94
  0
LWPOLYLINE
100
AcDbEntity
  8
0
100
AcDbPolyline
 90
4
 70
1
 10
-34.94
 20
-60.11
 10
-30.11
 20
-60.11
 10
-30.11
 20
-64.94
 10
-34.94
 20
-64.94
  0
LWPOLYLINE
100
AcDbEntity
  8
0
100
AcDbPolyline
 90
4
 70
1
 10
-29.89
 20
-60.11
 10
-25.06
 20
-60.11
 10
-25.06
 20
-64.94
 10
-29.89
 20
-64.94
  0
LWPOLYLINE
100
AcDbEntity
  8
0
100
AcDbPolyline
 90
4
 70
1
 10
-24.94
 20
-60.11
 10
-20.11
 20
-60.11
 10
-20.11
 20
-64.94
 10
-24.94
 20
-64.94
  0
LWPOLYLINE
100
AcDbEntity
  8
0
100
AcDbPolyline
 90
4
 70
1
 10
-19.89
 20
-60.11
 10
-15.06
 20
-60.11
 10
-15.06
 20
-64.94
 10
-19.89
 20
-64.94
  0
LWPOLYLINE
100
AcDbEntity
  8
0
100
AcDbPolyline
 90
4
 70
1
 10
-14.94
 20
-60.11
 10
-10.11
 20
-60.11
 10
-10.11
 20
-64.94
 10
-14.94
 20
-64.94
  0
LWPOLYLINE
100
AcDbEntity
  8
0
100
AcDbPolyline
 90
4
 70
1
 10
-9.89
 20
-60.11
 10
-5.06
 20
-60.11
 10
-5.06
 20
-64.94
 10
-9.89
 20
-64.94
  0
LWPOLYLINE
100
AcDbEntity
  8
0
100
AcDbPolyline
 90
4
 70
1
 10
-4.94
 20
-60.11
 10
-0.2
 20
-60.11
 10
-0.2
 20
-64.94
 10
-4.94
 20
-64.94
  0
LWPOLYLINE
100
AcDbEntity
  8
0
100
AcDbPolyline
 90
4
 70
1
 10
0.2
 20
-60.11
 10
4.94
 20
-60.11
 10
4.94
 20
-64.94
 10
0.2
 20
-64.94
  0
LWPOLYLINE
100
AcDbEntity
  8
0
100
AcDbPolyline
 90
4
 70
1
 10
5.06
 20
-60.11
 10
9.89
 20
-60.11
 10
9.89
 20
-64.94
 10
5.06
 20
-64.94
  0
LWPOLYLINE
100
AcDbEntity
  8
0
100
AcDbPolyline
 90
4
 70
1
 10
10.11
 20
-60.11
 10
14.94
 20
-60.11
 10
14.94
 20
-64.94
 10
10.11
 20
-64.94
  0
LWPOLYLINE
100
AcDbEntity
  8
0
100
AcDbPolyline
 90
4
 70
1
 10
15.06
 20
-60.11
 10
19.89
 20
-60.11
 10
19.89
 20
-64.94
 10
15.06
 20
-64.94
  0
LWPOLYLINE
100
AcDbEntity
  8
0
100
AcDbPolyline
 90
4
 70
1
 10
20.11
 20
-60.11
 10
24.94
 20
-60.11
 10
24.94
 20
-64.94
 10
20.11
 20
-64.94
  0
LWPOLYLINE
100
AcDbEntity
  8
0
100
AcDbPolyline
 90
4
 70
1
 10
25.06
 20
-60.11
 10
29.89
 20
-60.11
 10
29.89
 20
-64.94
 10
25.06
 20
-64.94
  0
LWPOLYLINE
100
AcDbEntity
  8
0
100
AcDbPolyline
 90
4
 70
1
 10
30.11
 20
-60.11
 10
34.94
 20
-60.11
 10
34.94
 20
-64.94
 10
30.11
 20
-64.94
  0
LWPOLYLINE
100
AcDbEntity
  8
0
100
AcDbPolyline
 90
4
 70
1
 10
35.06
 20
-60.11
 10
39.89
 20
-60.11
 10
39.89
 20
-64.94
 10
35.06
 20
-64.94
  0
LWPOLYLINE
100
AcDbEntity
  8
0
100
AcDbPolyline
 90
4
 70
1
 10
40.11
 20
-60.11
 10
44.94
 20
-60.11
 10
44.94
 20
-64.94
 10
40.11
 20
-64.94
  0
LWPOLYLINE
100
AcDbEntity
  8
0
100
AcDbPolyline
 90
4
 70
1
 10
45.06
 20
-60.11
 10
49.89
 20
-60.11
 10
49.89
 20
-64.94
 10
45.06
 20
-64.94
  0
LWPOLYLINE
100
AcDbEntity
  8
0
100
AcDbPolyline
 90
4
 70
1
 10
50.11
 20
-60.11
 10
54.94
 20
-60.11
 10
54.94
 20
-64.94
 10
50.11
 20
-64.94
  0
LWPOLYLINE
100
AcDbEntity
  8
0
100
AcDbPolyline
 90
4
 70
1
 10
55.06
 20
-60.11
 10
59.89
 20
-60.11
 10
59.89
 20
-64.94
 10
55.06
 20
-64.94
  0
LWPOLYLINE
100
AcDbEntity
  8
0
100
AcDbPolyline
 90
4
 70
1
 10
60.11
 20
-60.11
 10
64.94
 20
-60.11
 10
64.94
 20
-64.94
 10
60.11
 20
-64.94
  0
LWPOLYLINE
100
AcDbEntity
  8
0
100
AcDbPolyline
 90
4
 70
1
 10
67.625
 20
-60.11
 10
69.89
 20
-60.11
 10
69.89
 20
-64.94
 10
67.625
 20
-64.94
  0
LWPOLYLINE
100
AcDbEntity
  8
0
100
AcDbPolyline
 90
4
 70
1
 10
70.11
 20
-60.11
 10
74.94
 20
-60.11
 10
74.94
 20
-64.94
 10
70.11
 20
-64.94
  0
LWPOLYLINE
100
AcDbEntity
  8
0
100
AcDbPolyline
 90
4
 70
1
 10
80.11
 20
-60.11
 10
84.94
 20
-60.11
 10
84.94
 20
-64.94
 10
80.11
 20
-64.94
  0
LWPOLYLINE
100
AcDbEntity
  8
0
100
AcDbPolyline
 90
4
 70
1
 10
85.06
 20
-60.11
 10
89.89
 20
-60.11
 10
89.89
 20
-64.94
 10
85.06
 20
-64.94
  0
LWPOLYLINE
100
AcDbEntity
  8
0
100
AcDbPolyline
 90
4
 70
1
 10
90.11
 20
-60.11
 10
94.94
 20
-60.11
 10
94.94
 20
-64.94
 10
90.11
 20
-64.94
  0
LWPOLYLINE
100
AcDbEntity
  8
0
100
AcDbPolyline
 90
4
 70
1
 10
95.06
 20
-60.11
 10
99.89
 20
-60.11
 10
99.89
 20
-64.94
 10
95.06
 20
-64.94
  0
LWPOLYLINE
100
AcDbEntity
  8
0
100
AcDbPolyline
 90
4
 70
1
 10
100.11
 20
-60.11
 10
104.94
 20
-60.11
 10
104.94
 20
-64.94
 10
100.11
 20
-64.94
  0
LWPOLYLINE
100
AcDbEntity
  8
0
100
AcDbPolyline
 90
4
 70
1
 10
78.6023
 20
-60.11
 10
79.3
 20
-60.11
 10
79.3
 20
-64.94
 10
78.6023
 20
-64.94
  0
LWPOLYLINE
100
AcDbEntity
  8
0
100
AcDbPolyline
 90
4
 70
1
 10
75.06
 20
-60.11
 10
78.1523
 20
-60.11
 10
78.1523
 20
-64.94
 10
75.06
 20
-64.94
  0
LWPOLYLINE
100
AcDbEntity
  8
0
100
AcDbPolyline
 90
4
 70
1
 10
65.06
 20
-60.11
 10
67.075
 20
-60.11
 10
67.075
 20
-64.94
 10
65.06
 20
-64.94
  0
LWPOLYLINE
100
AcDbEntity
  8
0
100
AcDbPolyline
 90
4
 70
1
 10
-69.89
 20
-60.11
 10
-67.625
 20
-60.11
 10
-67.625
 20
-64.94
 10
-69.89
 20
-64.94
  0
LWPOLYLINE
100
AcDbEntity
  8
0
100
AcDbPolyline
 90
4
 70
1
 10
-79.3
 20
-60.11
 10
-78.6023
 20
-60.11
 10
-78.6023
 20
-64.94
 10
-79.3
 20
-64.94
  0
LWPOLYLINE
100
AcDbEntity
  8
0
100
AcDbPolyline
 90
4
 70
1
 10
-104.94
 20
-65.06
 10
-100.11
 20
-65.06
 10
-100.11
 20
-69.89
 10
-104.94
 20
-69.89
  0
LWPOLYLINE
100
AcDbEntity
  8
0
100
AcDbPolyline
 90
4
 70
1
 10
-99.89
 20
-65.06
 10
-95.06
 20
-65.06
 10
-95.06
 20
-69.89
 10
-99.89
 20
-69.89
  0
LWPOLYLINE
100
AcDbEntity
  8
0
100
AcDbPolyline
 90
4
 70
1
 10
-94.94
 20
-65.06
 10
-90.11
 20
-65.06
 10
-90.11
 20
-69.89
 10
-94.94
 20
-69.89
  0
LWPOLYLINE
100
AcDbEntity
  8
0
100
AcDbPolyline
 90
4
 70
1
 10
-89.89
 20
-65.06
 10
-85.06
 20
-65.06
 10
-85.06
 20
-69.89
 10
-89.89
 20
-69.89
  0
LWPOLYLINE
100
AcDbEntity
  8
0
100
AcDbPolyline
 90
4
 70
1
 10
-84.94
 20
-65.06
 10
-80.11
 20
-65.06
 10
-80.11
 20
-69.89
 10
-84.94
 20
-69.89
  0
LWPOLYLINE
100
AcDbEntity
  8
0
100
AcDbPolyline
 90
4
 70
1
 10
-78.1523
 20
-65.06
 10
-75.06
 20
-65.06
 10
-75.06
 20
-69.89
 10
-78.1523
 20
-69.89
  0
LWPOLYLINE
100
AcDbEntity
  8
0
100
AcDbPolyline
 90
4
 70
1
 10
-74.94
 20
-65.06
 10
-70.11
 20
-65.06
 10
-70.11
 20
-69.89
 10
-74.94
 20
-69.89
  0
LWPOLYLINE
100
AcDbEntity
  8
0
100
AcDbPolyline
 90
4
 70
1
 10
-67.075
 20
-65.06
 10
-65.06
 20
-65.06
 10
-65.06
 20
-69.89
 10
-67.075
 20
-69.89
  0
LWPOLYLINE
100
AcDbEntity
  8
0
100
AcDbPolyline
 90
4
 70
1
 10
-64.94
 20
-65.06
 10
-60.11
 20
-65.06
 10
-60.11
 20
-69.89
 10
-64.94
 20
-69.89
  0
LWPOLYLINE
100
AcDbEntity
  8
0
100
AcDbPolyline
 90
4
 70
1
 10
-59.89
 20
-65.06
 10
-55.06
 20
-65.06
 10
-55.06
 20
-69.89
 10
-59.89
 20
-69.89
  0
LWPOLYLINE
100
AcDbEntity
  8
0
100
AcDbPolyline
 90
4
 70
1
 10
-54.94
 20
-65.06
 10
-50.11
 20
-65.06
 10
-50.11
 20
-69.89
 10
-54.94
 20
-69.89
  0
LWPOLYLINE
100
AcDbEntity
  8
0
100
AcDbPolyline
 90
4
 70
1
 10
-49.89
 20
-65.06
 10
-45.06
 20
-65.06
 10
-45.06
 20
-69.89
 10
-49.89
 20
-69.89
  0
LWPOLYLINE
100
AcDbEntity
  8
0
100
AcDbPolyline
 90
4
 70
1
 10
-44.94
 20
-65.06
 10
-40.11
 20
-65.06
 10
-40.11
 20
-69.89
 10
-44.94
 20
-69.89
  0
LWPOLYLINE
100
AcDbEntity
  8
0
100
AcDbPolyline
 90
4
 70
1
 10
-39.89
 20
-65.06
 10
-35.06
 20
-65.06
 10
-35.06
 20
-69.89
 10
-39.89
 20
-69.89
  0
LWPOLYLINE
100
AcDbEntity
  8
0
100
AcDbPolyline
 90
4
 70
1
 10
-34.94
 20
-65.06
 10
-30.11
 20
-65.06
 10
-30.11
 20
-69.89
 10
-34.94
 20
-69.89
  0
LWPOLYLINE
100
AcDbEntity
  8
0
100
AcDbPolyline
 90
4
 70
1
 10
-29.89
 20
-65.06
 10
-25.06
 20
-65.06
 10
-25.06
 20
-69.89
 10
-29.89
 20
-69.89
  0
LWPOLYLINE
100
AcDbEntity
  8
0
100
AcDbPolyline
 90
4
 70
1
 10
-24.94
 20
-65.06
 10
-20.11
 20
-65.06
 10
-20.11
 20
-69.89
 10
-24.94
 20
-69.89
  0
LWPOLYLINE
100
AcDbEntity
  8
0
100
AcDbPolyline
 90
4
 70
1
 10
-19.89
 20
-65.06
 10
-15.06
 20
-65.06
 10
-15.06
 20
-69.89
 10
-19.89
 20
-69.89
  0
LWPOLYLINE
100
AcDbEntity
  8
0
100
AcDbPolyline
 90
4
 70
1
 10
-14.94
 20
-65.06
 10
-10.11
 20
-65.06
 10
-10.11
 20
-69.89
 10
-14.94
 20
-69.89
  0
LWPOLYLINE
100
AcDbEntity
  8
0
100
AcDbPolyline
 90
4
 70
1
 10
-9.89
 20
-65.06
 10
-5.06
 20
-65.06
 10
-5.06
 20
-69.89
 10
-9.89
 20
-69.89
  0
LWPOLYLINE
100
AcDbEntity
  8
0
100
AcDbPolyline
 90
4
 70
1
 10
-4.94
 20
-65.06
 10
-0.2
 20
-65.06
 10
-0.2
 20
-69.89
 10
-4.94
 20
-69.89
  0
LWPOLYLINE
100
AcDbEntity
  8
0
100
AcDbPolyline
 90
4
 70
1
 10
0.2
 20
-65.06
 10
4.94
 20
-65.06
 10
4.94
 20
-69.89
 10
0.2
 20
-69.89
  0
LWPOLYLINE
100
AcDbEntity
  8
0
100
AcDbPolyline
 90
4
 70
1
 10
5.06
 20
-65.06
 10
9.89
 20
-65.06
 10
9.89
 20
-69.89
 10
5.06
 20
-69.89
  0
LWPOLYLINE
100
AcDbEntity
  8
0
100
AcDbPolyline
 90
4
 70
1
 10
10.11
 20
-65.06
 10
14.94
 20
-65.06
 10
14.94
 20
-69.89
 10
10.11
 20
-69.89
  0
LWPOLYLINE
100
AcDbEntity
  8
0
100
AcDbPolyline
 90
4
 70
1
 10
15.06
 20
-65.06
 10
19.89
 20
-65.06
 10
19.89
 20
-69.89
 10
15.06
 20
-69.89
  0
LWPOLYLINE
100
AcDbEntity
  8
0
100
AcDbPolyline
 90
4
 70
1
 10
20.11
 20
-65.06
 10
24.94
 20
-65.06
 10
24.94
 20
-69.89
 10
20.11
 20
-69.89
  0
LWPOLYLINE
100
AcDbEntity
  8
0
100
AcDbPolyline
 90
4
 70
1
 10
25.06
 20
-65.06
 10
29.89
 20
-65.06
 10
29.89
 20
-69.89
 10
25.06
 20
-69.89
  0
LWPOLYLINE
100
AcDbEntity
  8
0
100
AcDbPolyline
 90
4
 70
1
 10
30.11
 20
-65.06
 10
34.94
 20
-65.06
 10
34.94
 20
-69.89
 10
30.11
 20
-69.89
  0
LWPOLYLINE
100
AcDbEntity
  8
0
100
AcDbPolyline
 90
4
 70
1
 10
35.06
 20
-65.06
 10
39.89
 20
-65.06
 10
39.89
 20
-69.89
 10
35.06
 20
-69.89
  0
LWPOLYLINE
100
AcDbEntity
  8
0
100
AcDbPolyline
 90
4
 70
1
 10
40.11
 20
-65.06
 10
44.94
 20
-65.06
 10
44.94
 20
-69.89
 10
40.11
 20
-69.89
  0
LWPOLYLINE
100
AcDbEntity
  8
0
100
AcDbPolyline
 90
4
 70
1
 10
45.06
 20
-65.06
 10
49.89
 20
-65.06
 10
49.89
 20
-69.89
 10
45.06
 20
-69.89
  0
LWPOLYLINE
100
AcDbEntity
  8
0
100
AcDbPolyline
 90
4
 70
1
 10
50.11
 20
-65.06
 10
54.94
 20
-65.06
 10
54.94
 20
-69.89
 10
50.11
 20
-69.89
  0
LWPOLYLINE
100
AcDbEntity
  8
0
100
AcDbPolyline
 90
4
 70
1
 10
55.06
 20
-65.06
 10
59.89
 20
-65.06
 10
59.89
 20
-69.89
 10
55.06
 20
-69.89
  0
LWPOLYLINE
100
AcDbEntity
  8
0
100
AcDbPolyline
 90
4
 70
1
 10
60.11
 20
-65.06
 10
64.94
 20
-65.06
 10
64.94
 20
-69.89
 10
60.11
 20
-69.89
  0
LWPOLYLINE
100
AcDbEntity
  8
0
100
AcDbPolyline
 90
4
 70
1
 10
67.625
 20
-65.06
 10
69.89
 20
-65.06
 10
69.89
 20
-69.89
 10
67.625
 20
-69.89
  0
LWPOLYLINE
100
AcDbEntity
  8
0
100
AcDbPolyline
 90
4
 70
1
 10
70.11
 20
-65.06
 10
74.94
 20
-65.06
 10
74.94
 20
-69.89
 10
70.11
 20
-69.89
  0
LWPOLYLINE
100
AcDbEntity
  8
0
100
AcDbPolyline
 90
4
 70
1
 10
80.11
 20
-65.06
 10
84.94
 20
-65.06
 10
84.94
 20
-69.89
 10
80.11
 20
-69.89
  0
LWPOLYLINE
100
AcDbEntity
  8
0
100
AcDbPolyline
 90
4
 70
1
 10
85.06
 20
-65.06
 10
89.89
 20
-65.06
 10
89.89
 20
-69.89
 10
85.06
 20
-69.89
  0
LWPOLYLINE
100
AcDbEntity
  8
0
100
AcDbPolyline
 90
4
 70
1
 10
90.11
 20
-65.06
 10
94.94
 20
-65.06
 10
94.94
 20
-69.89
 10
90.11
 20
-69.89
  0
LWPOLYLINE
100
AcDbEntity
  8
0
100
AcDbPolyline
 90
4
 70
1
 10
95.06
 20
-65.06
 10
99.89
 20
-65.06
 10
99.89
 20
-69.89
 10
95.06
 20
-69.89
  0
LWPOLYLINE
100
AcDbEntity
  8
0
100
AcDbPolyline
 90
4
 70
1
 10
100.11
 20
-65.06
 10
104.94
 20
-65.06
 10
104.94
 20
-69.89
 10
100.11
 20
-69.89
  0
LWPOLYLINE
100
AcDbEntity
  8
0
100
AcDbPolyline
 90
4
 70
1
 10
78.6023
 20
-65.06
 10
79.3
 20
-65.06
 10
79.3
 20
-69.89
 10
78.6023
 20
-69.89
  0
LWPOLYLINE
100
AcDbEntity
  8
0
100
AcDbPolyline
 90
4
 70
1
 10
75.06
 20
-65.06
 10
78.1523
 20
-65.06
 10
78.1523
 20
-69.89
 10
75.06
 20
-69.89
  0
LWPOLYLINE
100
AcDbEntity
  8
0
100
AcDbPolyline
 90
4
 70
1
 10
65.06
 20
-65.06
 10
67.075
 20
-65.06
 10
67.075
 20
-69.89
 10
65.06
 20
-69.89
  0
LWPOLYLINE
100
AcDbEntity
  8
0
100
AcDbPolyline
 90
4
 70
1
 10
-69.89
 20
-65.06
 10
-67.625
 20
-65.06
 10
-67.625
 20
-69.89
 10
-69.89
 20
-69.89
  0
LWPOLYLINE
100
AcDbEntity
  8
0
100
AcDbPolyline
 90
4
 70
1
 10
-79.3
 20
-65.06
 10
-78.6023
 20
-65.06
 10
-78.6023
 20
-69.89
 10
-79.3
 20
-69.89
  0
LWPOLYLINE
100
AcDbEntity
  8
0
100
AcDbPolyline
 90
4
 70
1
 10
-104.94
 20
-70.11
 10
-100.11
 20
-70.11
 10
-100.11
 20
-74.94
 10
-104.94
 20
-74.94
  0
LWPOLYLINE
100
AcDbEntity
  8
0
100
AcDbPolyline
 90
4
 70
1
 10
-99.89
 20
-70.11
 10
-95.06
 20
-70.11
 10
-95.06
 20
-74.94
 10
-99.89
 20
-74.94
  0
LWPOLYLINE
100
AcDbEntity
  8
0
100
AcDbPolyline
 90
4
 70
1
 10
-94.94
 20
-70.11
 10
-90.11
 20
-70.11
 10
-90.11
 20
-74.94
 10
-94.94
 20
-74.94
  0
LWPOLYLINE
100
AcDbEntity
  8
0
100
AcDbPolyline
 90
4
 70
1
 10
-89.89
 20
-70.11
 10
-85.06
 20
-70.11
 10
-85.06
 20
-74.94
 10
-89.89
 20
-74.94
  0
LWPOLYLINE
100
AcDbEntity
  8
0
100
AcDbPolyline
 90
4
 70
1
 10
-84.94
 20
-70.11
 10
-80.11
 20
-70.11
 10
-80.11
 20
-74.94
 10
-84.94
 20
-74.94
  0
LWPOLYLINE
100
AcDbEntity
  8
0
100
AcDbPolyline
 90
4
 70
1
 10
-78.1523
 20
-70.11
 10
-75.06
 20
-70.11
 10
-75.06
 20
-74.94
 10
-78.1523
 20
-74.94
  0
LWPOLYLINE
100
AcDbEntity
  8
0
100
AcDbPolyline
 90
4
 70
1
 10
-74.94
 20
-70.11
 10
-70.11
 20
-70.11
 10
-70.11
 20
-74.94
 10
-74.94
 20
-74.94
  0
LWPOLYLINE
100
AcDbEntity
  8
0
100
AcDbPolyline
 90
4
 70
1
 10
-67.075
 20
-70.11
 10
-65.06
 20
-70.11
 10
-65.06
 20
-74.94
 10
-67.075
 20
-74.94
  0
LWPOLYLINE
100
AcDbEntity
  8
0
100
AcDbPolyline
 90
4
 70
1
 10
-64.94
 20
-70.11
 10
-60.11
 20
-70.11
 10
-60.11
 20
-74.94
 10
-64.94
 20
-74.94
  0
LWPOLYLINE
100
AcDbEntity
  8
0
100
AcDbPolyline
 90
4
 70
1
 10
-59.89
 20
-70.11
 10
-55.06
 20
-70.11
 10
-55.06
 20
-74.94
 10
-59.89
 20
-74.94
  0
LWPOLYLINE
100
AcDbEntity
  8
0
100
AcDbPolyline
 90
4
 70
1
 10
-54.94
 20
-70.11
 10
-50.11
 20
-70.11
 10
-50.11
 20
-74.94
 10
-54.94
 20
-74.94
  0
LWPOLYLINE
100
AcDbEntity
  8
0
100
AcDbPolyline
 90
4
 70
1
 10
-49.89
 20
-70.11
 10
-45.06
 20
-70.11
 10
-45.06
 20
-74.94
 10
-49.89
 20
-74.94
  0
LWPOLYLINE
100
AcDbEntity
  8
0
100
AcDbPolyline
 90
4
 70
1
 10
-44.94
 20
-70.11
 10
-40.11
 20
-70.11
 10
-40.11
 20
-74.94
 10
-44.94
 20
-74.94
  0
LWPOLYLINE
100
AcDbEntity
  8
0
100
AcDbPolyline
 90
4
 70
1
 10
-39.89
 20
-70.11
 10
-35.06
 20
-70.11
 10
-35.06
 20
-74.94
 10
-39.89
 20
-74.94
  0
LWPOLYLINE
100
AcDbEntity
  8
0
100
AcDbPolyline
 90
4
 70
1
 10
-34.94
 20
-70.11
 10
-30.11
 20
-70.11
 10
-30.11
 20
-74.94
 10
-34.94
 20
-74.94
  0
LWPOLYLINE
100
AcDbEntity
  8
0
100
AcDbPolyline
 90
4
 70
1
 10
-29.89
 20
-70.11
 10
-25.06
 20
-70.11
 10
-25.06
 20
-74.94
 10
-29.89
 20
-74.94
  0
LWPOLYLINE
100
AcDbEntity
  8
0
100
AcDbPolyline
 90
4
 70
1
 10
-24.94
 20
-70.11
 10
-20.11
 20
-70.11
 10
-20.11
 20
-74.94
 10
-24.94
 20
-74.94
  0
LWPOLYLINE
100
AcDbEntity
  8
0
100
AcDbPolyline
 90
4
 70
1
 10
-19.89
 20
-70.11
 10
-15.06
 20
-70.11
 10
-15.06
 20
-74.94
 10
-19.89
 20
-74.94
  0
LWPOLYLINE
100
AcDbEntity
  8
0
100
AcDbPolyline
 90
4
 70
1
 10
-14.94
 20
-70.11
 10
-10.11
 20
-70.11
 10
-10.11
 20
-74.94
 10
-14.94
 20
-74.94
  0
LWPOLYLINE
100
AcDbEntity
  8
0
100
AcDbPolyline
 90
4
 70
1
 10
-9.89
 20
-70.11
 10
-5.06
 20
-70.11
 10
-5.06
 20
-74.94
 10
-9.89
 20
-74.94
  0
LWPOLYLINE
100
AcDbEntity
  8
0
100
AcDbPolyline
 90
4
 70
1
 10
-4.94
 20
-70.11
 10
-0.2
 20
-70.11
 10
-0.2
 20
-74.94
 10
-4.94
 20
-74.94
  0
LWPOLYLINE
100
AcDbEntity
  8
0
100
AcDbPolyline
 90
4
 70
1
 10
0.2
 20
-70.11
 10
4.94
 20
-70.11
 10
4.94
 20
-74.94
 10
0.2
 20
-74.94
  0
LWPOLYLINE
100
AcDbEntity
  8
0
100
AcDbPolyline
 90
4
 70
1
 10
5.06
 20
-70.11
 10
9.89
 20
-70.11
 10
9.89
 20
-74.94
 10
5.06
 20
-74.94
  0
LWPOLYLINE
100
AcDbEntity
  8
0
100
AcDbPolyline
 90
4
 70
1
 10
10.11
 20
-70.11
 10
14.94
 20
-70.11
 10
14.94
 20
-74.94
 10
10.11
 20
-74.94
  0
LWPOLYLINE
100
AcDbEntity
  8
0
100
AcDbPolyline
 90
4
 70
1
 10
15.06
 20
-70.11
 10
19.89
 20
-70.11
 10
19.89
 20
-74.94
 10
15.06
 20
-74.94
  0
LWPOLYLINE
100
AcDbEntity
  8
0
100
AcDbPolyline
 90
4
 70
1
 10
20.11
 20
-70.11
 10
24.94
 20
-70.11
 10
24.94
 20
-74.94
 10
20.11
 20
-74.94
  0
LWPOLYLINE
100
AcDbEntity
  8
0
100
AcDbPolyline
 90
4
 70
1
 10
25.06
 20
-70.11
 10
29.89
 20
-70.11
 10
29.89
 20
-74.94
 10
25.06
 20
-74.94
  0
LWPOLYLINE
100
AcDbEntity
  8
0
100
AcDbPolyline
 90
4
 70
1
 10
30.11
 20
-70.11
 10
34.94
 20
-70.11
 10
34.94
 20
-74.94
 10
30.11
 20
-74.94
  0
LWPOLYLINE
100
AcDbEntity
  8
0
100
AcDbPolyline
 90
4
 70
1
 10
35.06
 20
-70.11
 10
39.89
 20
-70.11
 10
39.89
 20
-74.94
 10
35.06
 20
-74.94
  0
LWPOLYLINE
100
AcDbEntity
  8
0
100
AcDbPolyline
 90
4
 70
1
 10
40.11
 20
-70.11
 10
44.94
 20
-70.11
 10
44.94
 20
-74.94
 10
40.11
 20
-74.94
  0
LWPOLYLINE
100
AcDbEntity
  8
0
100
AcDbPolyline
 90
4
 70
1
 10
45.06
 20
-70.11
 10
49.89
 20
-70.11
 10
49.89
 20
-74.94
 10
45.06
 20
-74.94
  0
LWPOLYLINE
100
AcDbEntity
  8
0
100
AcDbPolyline
 90
4
 70
1
 10
50.11
 20
-70.11
 10
54.94
 20
-70.11
 10
54.94
 20
-74.94
 10
50.11
 20
-74.94
  0
LWPOLYLINE
100
AcDbEntity
  8
0
100
AcDbPolyline
 90
4
 70
1
 10
55.06
 20
-70.11
 10
59.89
 20
-70.11
 10
59.89
 20
-74.94
 10
55.06
 20
-74.94
  0
LWPOLYLINE
100
AcDbEntity
  8
0
100
AcDbPolyline
 90
4
 70
1
 10
60.11
 20
-70.11
 10
64.94
 20
-70.11
 10
64.94
 20
-74.94
 10
60.11
 20
-74.94
  0
LWPOLYLINE
100
AcDbEntity
  8
0
100
AcDbPolyline
 90
4
 70
1
 10
67.625
 20
-70.11
 10
69.89
 20
-70.11
 10
69.89
 20
-74.94
 10
67.625
 20
-74.94
  0
LWPOLYLINE
100
AcDbEntity
  8
0
100
AcDbPolyline
 90
4
 70
1
 10
70.11
 20
-70.11
 10
74.94
 20
-70.11
 10
74.94
 20
-74.94
 10
70.11
 20
-74.94
  0
LWPOLYLINE
100
AcDbEntity
  8
0
100
AcDbPolyline
 90
4
 70
1
 10
80.11
 20
-70.11
 10
84.94
 20
-70.11
 10
84.94
 20
-74.94
 10
80.11
 20
-74.94
  0
LWPOLYLINE
100
AcDbEntity
  8
0
100
AcDbPolyline
 90
4
 70
1
 10
85.06
 20
-70.11
 10
89.89
 20
-70.11
 10
89.89
 20
-74.94
 10
85.06
 20
-74.94
  0
LWPOLYLINE
100
AcDbEntity
  8
0
100
AcDbPolyline
 90
4
 70
1
 10
90.11
 20
-70.11
 10
94.94
 20
-70.11
 10
94.94
 20
-74.94
 10
90.11
 20
-74.94
  0
LWPOLYLINE
100
AcDbEntity
  8
0
100
AcDbPolyline
 90
4
 70
1
 10
95.06
 20
-70.11
 10
99.89
 20
-70.11
 10
99.89
 20
-74.94
 10
95.06
 20
-74.94
  0
LWPOLYLINE
100
AcDbEntity
  8
0
100
AcDbPolyline
 90
4
 70
1
 10
100.11
 20
-70.11
 10
104.94
 20
-70.11
 10
104.94
 20
-74.94
 10
100.11
 20
-74.94
  0
LWPOLYLINE
100
AcDbEntity
  8
0
100
AcDbPolyline
 90
4
 70
1
 10
78.6023
 20
-70.11
 10
79.3
 20
-70.11
 10
79.3
 20
-74.94
 10
78.6023
 20
-74.94
  0
LWPOLYLINE
100
AcDbEntity
  8
0
100
AcDbPolyline
 90
4
 70
1
 10
75.06
 20
-70.11
 10
78.1523
 20
-70.11
 10
78.1523
 20
-74.94
 10
75.06
 20
-74.94
  0
LWPOLYLINE
100
AcDbEntity
  8
0
100
AcDbPolyline
 90
4
 70
1
 10
65.06
 20
-70.11
 10
67.075
 20
-70.11
 10
67.075
 20
-74.94
 10
65.06
 20
-74.94
  0
LWPOLYLINE
100
AcDbEntity
  8
0
100
AcDbPolyline
 90
4
 70
1
 10
-69.89
 20
-70.11
 10
-67.625
 20
-70.11
 10
-67.625
 20
-74.94
 10
-69.89
 20
-74.94
  0
LWPOLYLINE
100
AcDbEntity
  8
0
100
AcDbPolyline
 90
4
 70
1
 10
-79.3
 20
-70.11
 10
-78.6023
 20
-70.11
 10
-78.6023
 20
-74.94
 10
-79.3
 20
-74.94
  0
LWPOLYLINE
100
AcDbEntity
  8
0
100
AcDbPolyline
 90
4
 70
1
 10
-104.94
 20
-75.06
 10
-100.11
 20
-75.06
 10
-100.11
 20
-79.89
 10
-104.94
 20
-79.89
  0
LWPOLYLINE
100
AcDbEntity
  8
0
100
AcDbPolyline
 90
4
 70
1
 10
-99.89
 20
-75.06
 10
-95.06
 20
-75.06
 10
-95.06
 20
-79.89
 10
-99.89
 20
-79.89
  0
LWPOLYLINE
100
AcDbEntity
  8
0
100
AcDbPolyline
 90
4
 70
1
 10
-94.94
 20
-75.06
 10
-90.11
 20
-75.06
 10
-90.11
 20
-79.89
 10
-94.94
 20
-79.89
  0
LWPOLYLINE
100
AcDbEntity
  8
0
100
AcDbPolyline
 90
4
 70
1
 10
-89.89
 20
-75.06
 10
-85.06
 20
-75.06
 10
-85.06
 20
-79.89
 10
-89.89
 20
-79.89
  0
LWPOLYLINE
100
AcDbEntity
  8
0
100
AcDbPolyline
 90
4
 70
1
 10
-84.94
 20
-75.06
 10
-80.11
 20
-75.06
 10
-80.11
 20
-79.89
 10
-84.94
 20
-79.89
  0
LWPOLYLINE
100
AcDbEntity
  8
0
100
AcDbPolyline
 90
4
 70
1
 10
-78.1523
 20
-75.06
 10
-75.06
 20
-75.06
 10
-75.06
 20
-79.89
 10
-78.1523
 20
-79.89
  0
LWPOLYLINE
100
AcDbEntity
  8
0
100
AcDbPolyline
 90
4
 70
1
 10
-74.94
 20
-75.06
 10
-70.11
 20
-75.06
 10
-70.11
 20
-79.89
 10
-74.94
 20
-79.89
  0
LWPOLYLINE
100
AcDbEntity
  8
0
100
AcDbPolyline
 90
4
 70
1
 10
-67.075
 20
-75.06
 10
-65.06
 20
-75.06
 10
-65.06
 20
-79.89
 10
-67.075
 20
-79.89
  0
LWPOLYLINE
100
AcDbEntity
  8
0
100
AcDbPolyline
 90
4
 70
1
 10
-64.94
 20
-75.06
 10
-60.11
 20
-75.06
 10
-60.11
 20
-79.89
 10
-64.94
 20
-79.89
  0
LWPOLYLINE
100
AcDbEntity
  8
0
100
AcDbPolyline
 90
4
 70
1
 10
-59.89
 20
-75.06
 10
-55.06
 20
-75.06
 10
-55.06
 20
-79.89
 10
-59.89
 20
-79.89
  0
LWPOLYLINE
100
AcDbEntity
  8
0
100
AcDbPolyline
 90
4
 70
1
 10
-54.94
 20
-75.06
 10
-50.11
 20
-75.06
 10
-50.11
 20
-79.89
 10
-54.94
 20
-79.89
  0
LWPOLYLINE
100
AcDbEntity
  8
0
100
AcDbPolyline
 90
4
 70
1
 10
-49.89
 20
-75.06
 10
-45.06
 20
-75.06
 10
-45.06
 20
-79.89
 10
-49.89
 20
-79.89
  0
LWPOLYLINE
100
AcDbEntity
  8
0
100
AcDbPolyline
 90
4
 70
1
 10
-44.94
 20
-75.06
 10
-40.11
 20
-75.06
 10
-40.11
 20
-79.89
 10
-44.94
 20
-79.89
  0
LWPOLYLINE
100
AcDbEntity
  8
0
100
AcDbPolyline
 90
4
 70
1
 10
-39.89
 20
-75.06
 10
-35.06
 20
-75.06
 10
-35.06
 20
-79.89
 10
-39.89
 20
-79.89
  0
LWPOLYLINE
100
AcDbEntity
  8
0
100
AcDbPolyline
 90
4
 70
1
 10
-34.94
 20
-75.06
 10
-30.11
 20
-75.06
 10
-30.11
 20
-79.89
 10
-34.94
 20
-79.89
  0
LWPOLYLINE
100
AcDbEntity
  8
0
100
AcDbPolyline
 90
4
 70
1
 10
-29.89
 20
-75.06
 10
-25.06
 20
-75.06
 10
-25.06
 20
-79.89
 10
-29.89
 20
-79.89
  0
LWPOLYLINE
100
AcDbEntity
  8
0
100
AcDbPolyline
 90
4
 70
1
 10
-24.94
 20
-75.06
 10
-20.11
 20
-75.06
 10
-20.11
 20
-79.89
 10
-24.94
 20
-79.89
  0
LWPOLYLINE
100
AcDbEntity
  8
0
100
AcDbPolyline
 90
4
 70
1
 10
-19.89
 20
-75.06
 10
-15.06
 20
-75.06
 10
-15.06
 20
-79.89
 10
-19.89
 20
-79.89
  0
LWPOLYLINE
100
AcDbEntity
  8
0
100
AcDbPolyline
 90
4
 70
1
 10
-14.94
 20
-75.06
 10
-10.11
 20
-75.06
 10
-10.11
 20
-79.89
 10
-14.94
 20
-79.89
  0
LWPOLYLINE
100
AcDbEntity
  8
0
100
AcDbPolyline
 90
4
 70
1
 10
-9.89
 20
-75.06
 10
-5.06
 20
-75.06
 10
-5.06
 20
-79.89
 10
-9.89
 20
-79.89
  0
LWPOLYLINE
100
AcDbEntity
  8
0
100
AcDbPolyline
 90
4
 70
1
 10
-4.94
 20
-75.06
 10
-0.2
 20
-75.06
 10
-0.2
 20
-79.89
 10
-4.94
 20
-79.89
  0
LWPOLYLINE
100
AcDbEntity
  8
0
100
AcDbPolyline
 90
4
 70
1
 10
0.2
 20
-75.06
 10
4.94
 20
-75.06
 10
4.94
 20
-79.89
 10
0.2
 20
-79.89
  0
LWPOLYLINE
100
AcDbEntity
  8
0
100
AcDbPolyline
 90
4
 70
1
 10
5.06
 20
-75.06
 10
9.89
 20
-75.06
 10
9.89
 20
-79.89
 10
5.06
 20
-79.89
  0
LWPOLYLINE
100
AcDbEntity
  8
0
100
AcDbPolyline
 90
4
 70
1
 10
10.11
 20
-75.06
 10
14.94
 20
-75.06
 10
14.94
 20
-79.89
 10
10.11
 20
-79.89
  0
LWPOLYLINE
100
AcDbEntity
  8
0
100
AcDbPolyline
 90
4
 70
1
 10
15.06
 20
-75.06
 10
19.89
 20
-75.06
 10
19.89
 20
-79.89
 10
15.06
 20
-79.89
  0
LWPOLYLINE
100
AcDbEntity
  8
0
100
AcDbPolyline
 90
4
 70
1
 10
20.11
 20
-75.06
 10
24.94
 20
-75.06
 10
24.94
 20
-79.89
 10
20.11
 20
-79.89
  0
LWPOLYLINE
100
AcDbEntity
  8
0
100
AcDbPolyline
 90
4
 70
1
 10
25.06
 20
-75.06
 10
29.89
 20
-75.06
 10
29.89
 20
-79.89
 10
25.06
 20
-79.89
  0
LWPOLYLINE
100
AcDbEntity
  8
0
100
AcDbPolyline
 90
4
 70
1
 10
30.11
 20
-75.06
 10
34.94
 20
-75.06
 10
34.94
 20
-79.89
 10
30.11
 20
-79.89
  0
LWPOLYLINE
100
AcDbEntity
  8
0
100
AcDbPolyline
 90
4
 70
1
 10
35.06
 20
-75.06
 10
39.89
 20
-75.06
 10
39.89
 20
-79.89
 10
35.06
 20
-79.89
  0
LWPOLYLINE
100
AcDbEntity
  8
0
100
AcDbPolyline
 90
4
 70
1
 10
40.11
 20
-75.06
 10
44.94
 20
-75.06
 10
44.94
 20
-79.89
 10
40.11
 20
-79.89
  0
LWPOLYLINE
100
AcDbEntity
  8
0
100
AcDbPolyline
 90
4
 70
1
 10
45.06
 20
-75.06
 10
49.89
 20
-75.06
 10
49.89
 20
-79.89
 10
45.06
 20
-79.89
  0
LWPOLYLINE
100
AcDbEntity
  8
0
100
AcDbPolyline
 90
4
 70
1
 10
50.11
 20
-75.06
 10
54.94
 20
-75.06
 10
54.94
 20
-79.89
 10
50.11
 20
-79.89
  0
LWPOLYLINE
100
AcDbEntity
  8
0
100
AcDbPolyline
 90
4
 70
1
 10
55.06
 20
-75.06
 10
59.89
 20
-75.06
 10
59.89
 20
-79.89
 10
55.06
 20
-79.89
  0
LWPOLYLINE
100
AcDbEntity
  8
0
100
AcDbPolyline
 90
4
 70
1
 10
60.11
 20
-75.06
 10
64.94
 20
-75.06
 10
64.94
 20
-79.89
 10
60.11
 20
-79.89
  0
LWPOLYLINE
100
AcDbEntity
  8
0
100
AcDbPolyline
 90
4
 70
1
 10
67.625
 20
-75.06
 10
69.89
 20
-75.06
 10
69.89
 20
-79.89
 10
67.625
 20
-79.89
  0
LWPOLYLINE
100
AcDbEntity
  8
0
100
AcDbPolyline
 90
4
 70
1
 10
70.11
 20
-75.06
 10
74.94
 20
-75.06
 10
74.94
 20
-79.89
 10
70.11
 20
-79.89
  0
LWPOLYLINE
100
AcDbEntity
  8
0
100
AcDbPolyline
 90
4
 70
1
 10
80.11
 20
-75.06
 10
84.94
 20
-75.06
 10
84.94
 20
-79.89
 10
80.11
 20
-79.89
  0
LWPOLYLINE
100
AcDbEntity
  8
0
100
AcDbPolyline
 90
4
 70
1
 10
85.06
 20
-75.06
 10
89.89
 20
-75.06
 10
89.89
 20
-79.89
 10
85.06
 20
-79.89
  0
LWPOLYLINE
100
AcDbEntity
  8
0
100
AcDbPolyline
 90
4
 70
1
 10
90.11
 20
-75.06
 10
94.94
 20
-75.06
 10
94.94
 20
-79.89
 10
90.11
 20
-79.89
  0
LWPOLYLINE
100
AcDbEntity
  8
0
100
AcDbPolyline
 90
4
 70
1
 10
95.06
 20
-75.06
 10
99.89
 20
-75.06
 10
99.89
 20
-79.89
 10
95.06
 20
-79.89
  0
LWPOLYLINE
100
AcDbEntity
  8
0
100
AcDbPolyline
 90
4
 70
1
 10
100.11
 20
-75.06
 10
104.94
 20
-75.06
 10
104.94
 20
-79.89
 10
100.11
 20
-79.89
  0
LWPOLYLINE
100
AcDbEntity
  8
0
100
AcDbPolyline
 90
4
 70
1
 10
78.6023
 20
-75.06
 10
79.3
 20
-75.06
 10
79.3
 20
-79.89
 10
78.6023
 20
-79.89
  0
LWPOLYLINE
100
AcDbEntity
  8
0
100
AcDbPolyline
 90
4
 70
1
 10
75.06
 20
-75.06
 10
78.1523
 20
-75.06
 10
78.1523
 20
-79.89
 10
75.06
 20
-79.89
  0
LWPOLYLINE
100
AcDbEntity
  8
0
100
AcDbPolyline
 90
4
 70
1
 10
65.06
 20
-75.06
 10
67.075
 20
-75.06
 10
67.075
 20
-79.89
 10
65.06
 20
-79.89
  0
LWPOLYLINE
100
AcDbEntity
  8
0
100
AcDbPolyline
 90
4
 70
1
 10
-69.89
 20
-75.06
 10
-67.625
 20
-75.06
 10
-67.625
 20
-79.89
 10
-69.89
 20
-79.89
  0
LWPOLYLINE
100
AcDbEntity
  8
0
100
AcDbPolyline
 90
4
 70
1
 10
-79.3
 20
-75.06
 10
-78.6023
 20
-75.06
 10
-78.6023
 20
-79.89
 10
-79.3
 20
-79.89
  0
LWPOLYLINE
100
AcDbEntity
  8
0
100
AcDbPolyline
 90
4
 70
1
 10
-104.94
 20
-80.11
 10
-100.11
 20
-80.11
 10
-100.11
 20
-84.94
 10
-104.94
 20
-84.94
  0
LWPOLYLINE
100
AcDbEntity
  8
0
100
AcDbPolyline
 90
4
 70
1
 10
-99.89
 20
-80.11
 10
-95.06
 20
-80.11
 10
-95.06
 20
-84.94
 10
-99.89
 20
-84.94
  0
LWPOLYLINE
100
AcDbEntity
  8
0
100
AcDbPolyline
 90
4
 70
1
 10
-94.94
 20
-80.11
 10
-90.11
 20
-80.11
 10
-90.11
 20
-84.94
 10
-94.94
 20
-84.94
  0
LWPOLYLINE
100
AcDbEntity
  8
0
100
AcDbPolyline
 90
4
 70
1
 10
-89.89
 20
-80.11
 10
-85.06
 20
-80.11
 10
-85.06
 20
-84.94
 10
-89.89
 20
-84.94
  0
LWPOLYLINE
100
AcDbEntity
  8
0
100
AcDbPolyline
 90
4
 70
1
 10
-84.94
 20
-80.11
 10
-80.11
 20
-80.11
 10
-80.11
 20
-84.94
 10
-84.94
 20
-84.94
  0
LWPOLYLINE
100
AcDbEntity
  8
0
100
AcDbPolyline
 90
4
 70
1
 10
-78.1523
 20
-80.11
 10
-75.06
 20
-80.11
 10
-75.06
 20
-84.94
 10
-78.1523
 20
-84.94
  0
LWPOLYLINE
100
AcDbEntity
  8
0
100
AcDbPolyline
 90
4
 70
1
 10
-74.94
 20
-80.11
 10
-70.11
 20
-80.11
 10
-70.11
 20
-84.94
 10
-74.94
 20
-84.94
  0
LWPOLYLINE
100
AcDbEntity
  8
0
100
AcDbPolyline
 90
4
 70
1
 10
-67.075
 20
-80.11
 10
-65.06
 20
-80.11
 10
-65.06
 20
-84.94
 10
-67.075
 20
-84.94
  0
LWPOLYLINE
100
AcDbEntity
  8
0
100
AcDbPolyline
 90
4
 70
1
 10
-64.94
 20
-80.11
 10
-60.11
 20
-80.11
 10
-60.11
 20
-84.94
 10
-64.94
 20
-84.94
  0
LWPOLYLINE
100
AcDbEntity
  8
0
100
AcDbPolyline
 90
4
 70
1
 10
-59.89
 20
-80.11
 10
-55.06
 20
-80.11
 10
-55.06
 20
-84.94
 10
-59.89
 20
-84.94
  0
LWPOLYLINE
100
AcDbEntity
  8
0
100
AcDbPolyline
 90
4
 70
1
 10
-54.94
 20
-80.11
 10
-50.11
 20
-80.11
 10
-50.11
 20
-84.94
 10
-54.94
 20
-84.94
  0
LWPOLYLINE
100
AcDbEntity
  8
0
100
AcDbPolyline
 90
4
 70
1
 10
-49.89
 20
-80.11
 10
-45.06
 20
-80.11
 10
-45.06
 20
-84.94
 10
-49.89
 20
-84.94
  0
LWPOLYLINE
100
AcDbEntity
  8
0
100
AcDbPolyline
 90
4
 70
1
 10
-44.94
 20
-80.11
 10
-40.11
 20
-80.11
 10
-40.11
 20
-84.94
 10
-44.94
 20
-84.94
  0
LWPOLYLINE
100
AcDbEntity
  8
0
100
AcDbPolyline
 90
4
 70
1
 10
-39.89
 20
-80.11
 10
-35.06
 20
-80.11
 10
-35.06
 20
-84.94
 10
-39.89
 20
-84.94
  0
LWPOLYLINE
100
AcDbEntity
  8
0
100
AcDbPolyline
 90
4
 70
1
 10
-34.94
 20
-80.11
 10
-30.11
 20
-80.11
 10
-30.11
 20
-84.94
 10
-34.94
 20
-84.94
  0
LWPOLYLINE
100
AcDbEntity
  8
0
100
AcDbPolyline
 90
4
 70
1
 10
-29.89
 20
-80.11
 10
-25.06
 20
-80.11
 10
-25.06
 20
-84.94
 10
-29.89
 20
-84.94
  0
LWPOLYLINE
100
AcDbEntity
  8
0
100
AcDbPolyline
 90
4
 70
1
 10
-24.94
 20
-80.11
 10
-20.11
 20
-80.11
 10
-20.11
 20
-84.94
 10
-24.94
 20
-84.94
  0
LWPOLYLINE
100
AcDbEntity
  8
0
100
AcDbPolyline
 90
4
 70
1
 10
-19.89
 20
-80.11
 10
-15.06
 20
-80.11
 10
-15.06
 20
-84.94
 10
-19.89
 20
-84.94
  0
LWPOLYLINE
100
AcDbEntity
  8
0
100
AcDbPolyline
 90
4
 70
1
 10
-14.94
 20
-80.11
 10
-10.11
 20
-80.11
 10
-10.11
 20
-84.94
 10
-14.94
 20
-84.94
  0
LWPOLYLINE
100
AcDbEntity
  8
0
100
AcDbPolyline
 90
4
 70
1
 10
-9.89
 20
-80.11
 10
-5.06
 20
-80.11
 10
-5.06
 20
-84.94
 10
-9.89
 20
-84.94
  0
LWPOLYLINE
100
AcDbEntity
  8
0
100
AcDbPolyline
 90
4
 70
1
 10
-4.94
 20
-80.11
 10
-0.2
 20
-80.11
 10
-0.2
 20
-84.94
 10
-4.94
 20
-84.94
  0
LWPOLYLINE
100
AcDbEntity
  8
0
100
AcDbPolyline
 90
4
 70
1
 10
0.2
 20
-80.11
 10
4.94
 20
-80.11
 10
4.94
 20
-84.94
 10
0.2
 20
-84.94
  0
LWPOLYLINE
100
AcDbEntity
  8
0
100
AcDbPolyline
 90
4
 70
1
 10
5.06
 20
-80.11
 10
9.89
 20
-80.11
 10
9.89
 20
-84.94
 10
5.06
 20
-84.94
  0
LWPOLYLINE
100
AcDbEntity
  8
0
100
AcDbPolyline
 90
4
 70
1
 10
10.11
 20
-80.11
 10
14.94
 20
-80.11
 10
14.94
 20
-84.94
 10
10.11
 20
-84.94
  0
LWPOLYLINE
100
AcDbEntity
  8
0
100
AcDbPolyline
 90
4
 70
1
 10
15.06
 20
-80.11
 10
19.89
 20
-80.11
 10
19.89
 20
-84.94
 10
15.06
 20
-84.94
  0
LWPOLYLINE
100
AcDbEntity
  8
0
100
AcDbPolyline
 90
4
 70
1
 10
20.11
 20
-80.11
 10
24.94
 20
-80.11
 10
24.94
 20
-84.94
 10
20.11
 20
-84.94
  0
LWPOLYLINE
100
AcDbEntity
  8
0
100
AcDbPolyline
 90
4
 70
1
 10
25.06
 20
-80.11
 10
29.89
 20
-80.11
 10
29.89
 20
-84.94
 10
25.06
 20
-84.94
  0
LWPOLYLINE
100
AcDbEntity
  8
0
100
AcDbPolyline
 90
4
 70
1
 10
30.11
 20
-80.11
 10
34.94
 20
-80.11
 10
34.94
 20
-84.94
 10
30.11
 20
-84.94
  0
LWPOLYLINE
100
AcDbEntity
  8
0
100
AcDbPolyline
 90
4
 70
1
 10
35.06
 20
-80.11
 10
39.89
 20
-80.11
 10
39.89
 20
-84.94
 10
35.06
 20
-84.94
  0
LWPOLYLINE
100
AcDbEntity
  8
0
100
AcDbPolyline
 90
4
 70
1
 10
40.11
 20
-80.11
 10
44.94
 20
-80.11
 10
44.94
 20
-84.94
 10
40.11
 20
-84.94
  0
LWPOLYLINE
100
AcDbEntity
  8
0
100
AcDbPolyline
 90
4
 70
1
 10
45.06
 20
-80.11
 10
49.89
 20
-80.11
 10
49.89
 20
-84.94
 10
45.06
 20
-84.94
  0
LWPOLYLINE
100
AcDbEntity
  8
0
100
AcDbPolyline
 90
4
 70
1
 10
50.11
 20
-80.11
 10
54.94
 20
-80.11
 10
54.94
 20
-84.94
 10
50.11
 20
-84.94
  0
LWPOLYLINE
100
AcDbEntity
  8
0
100
AcDbPolyline
 90
4
 70
1
 10
55.06
 20
-80.11
 10
59.89
 20
-80.11
 10
59.89
 20
-84.94
 10
55.06
 20
-84.94
  0
LWPOLYLINE
100
AcDbEntity
  8
0
100
AcDbPolyline
 90
4
 70
1
 10
60.11
 20
-80.11
 10
64.94
 20
-80.11
 10
64.94
 20
-84.94
 10
60.11
 20
-84.94
  0
LWPOLYLINE
100
AcDbEntity
  8
0
100
AcDbPolyline
 90
4
 70
1
 10
67.625
 20
-80.11
 10
69.89
 20
-80.11
 10
69.89
 20
-84.94
 10
67.625
 20
-84.94
  0
LWPOLYLINE
100
AcDbEntity
  8
0
100
AcDbPolyline
 90
4
 70
1
 10
70.11
 20
-80.11
 10
74.94
 20
-80.11
 10
74.94
 20
-84.94
 10
70.11
 20
-84.94
  0
LWPOLYLINE
100
AcDbEntity
  8
0
100
AcDbPolyline
 90
4
 70
1
 10
80.11
 20
-80.11
 10
84.94
 20
-80.11
 10
84.94
 20
-84.94
 10
80.11
 20
-84.94
  0
LWPOLYLINE
100
AcDbEntity
  8
0
100
AcDbPolyline
 90
4
 70
1
 10
85.06
 20
-80.11
 10
89.89
 20
-80.11
 10
89.89
 20
-84.94
 10
85.06
 20
-84.94
  0
LWPOLYLINE
100
AcDbEntity
  8
0
100
AcDbPolyline
 90
4
 70
1
 10
90.11
 20
-80.11
 10
94.94
 20
-80.11
 10
94.94
 20
-84.94
 10
90.11
 20
-84.94
  0
LWPOLYLINE
100
AcDbEntity
  8
0
100
AcDbPolyline
 90
4
 70
1
 10
95.06
 20
-80.11
 10
99.89
 20
-80.11
 10
99.89
 20
-84.94
 10
95.06
 20
-84.94
  0
LWPOLYLINE
100
AcDbEntity
  8
0
100
AcDbPolyline
 90
4
 70
1
 10
100.11
 20
-80.11
 10
104.94
 20
-80.11
 10
104.94
 20
-84.94
 10
100.11
 20
-84.94
  0
LWPOLYLINE
100
AcDbEntity
  8
0
100
AcDbPolyline
 90
4
 70
1
 10
78.6023
 20
-80.11
 10
79.3
 20
-80.11
 10
79.3
 20
-84.94
 10
78.6023
 20
-84.94
  0
LWPOLYLINE
100
AcDbEntity
  8
0
100
AcDbPolyline
 90
4
 70
1
 10
75.06
 20
-80.11
 10
78.1523
 20
-80.11
 10
78.1523
 20
-84.94
 10
75.06
 20
-84.94
  0
LWPOLYLINE
100
AcDbEntity
  8
0
100
AcDbPolyline
 90
4
 70
1
 10
65.06
 20
-80.11
 10
67.075
 20
-80.11
 10
67.075
 20
-84.94
 10
65.06
 20
-84.94
  0
LWPOLYLINE
100
AcDbEntity
  8
0
100
AcDbPolyline
 90
4
 70
1
 10
-69.89
 20
-80.11
 10
-67.625
 20
-80.11
 10
-67.625
 20
-84.94
 10
-69.89
 20
-84.94
  0
LWPOLYLINE
100
AcDbEntity
  8
0
100
AcDbPolyline
 90
4
 70
1
 10
-79.3
 20
-80.11
 10
-78.6023
 20
-80.11
 10
-78.6023
 20
-84.94
 10
-79.3
 20
-84.94
  0
LWPOLYLINE
100
AcDbEntity
  8
0
100
AcDbPolyline
 90
4
 70
1
 10
-104.94
 20
-85.06
 10
-100.11
 20
-85.06
 10
-100.11
 20
-89.89
 10
-104.94
 20
-89.89
  0
LWPOLYLINE
100
AcDbEntity
  8
0
100
AcDbPolyline
 90
4
 70
1
 10
-99.89
 20
-85.06
 10
-95.06
 20
-85.06
 10
-95.06
 20
-89.89
 10
-99.89
 20
-89.89
  0
LWPOLYLINE
100
AcDbEntity
  8
0
100
AcDbPolyline
 90
4
 70
1
 10
-94.94
 20
-85.06
 10
-90.11
 20
-85.06
 10
-90.11
 20
-89.89
 10
-94.94
 20
-89.89
  0
LWPOLYLINE
100
AcDbEntity
  8
0
100
AcDbPolyline
 90
4
 70
1
 10
-89.89
 20
-85.06
 10
-85.06
 20
-85.06
 10
-85.06
 20
-89.89
 10
-89.89
 20
-89.89
  0
LWPOLYLINE
100
AcDbEntity
  8
0
100
AcDbPolyline
 90
4
 70
1
 10
-84.94
 20
-85.06
 10
-80.11
 20
-85.06
 10
-80.11
 20
-89.89
 10
-84.94
 20
-89.89
  0
LWPOLYLINE
100
AcDbEntity
  8
0
100
AcDbPolyline
 90
4
 70
1
 10
-78.1523
 20
-85.06
 10
-75.06
 20
-85.06
 10
-75.06
 20
-89.89
 10
-78.1523
 20
-89.89
  0
LWPOLYLINE
100
AcDbEntity
  8
0
100
AcDbPolyline
 90
4
 70
1
 10
-74.94
 20
-85.06
 10
-70.11
 20
-85.06
 10
-70.11
 20
-89.89
 10
-74.94
 20
-89.89
  0
LWPOLYLINE
100
AcDbEntity
  8
0
100
AcDbPolyline
 90
4
 70
1
 10
-67.075
 20
-85.06
 10
-65.06
 20
-85.06
 10
-65.06
 20
-89.89
 10
-67.075
 20
-89.89
  0
LWPOLYLINE
100
AcDbEntity
  8
0
100
AcDbPolyline
 90
4
 70
1
 10
-64.94
 20
-85.06
 10
-60.11
 20
-85.06
 10
-60.11
 20
-89.89
 10
-64.94
 20
-89.89
  0
LWPOLYLINE
100
AcDbEntity
  8
0
100
AcDbPolyline
 90
4
 70
1
 10
-59.89
 20
-85.06
 10
-55.06
 20
-85.06
 10
-55.06
 20
-89.89
 10
-59.89
 20
-89.89
  0
LWPOLYLINE
100
AcDbEntity
  8
0
100
AcDbPolyline
 90
4
 70
1
 10
-54.94
 20
-85.06
 10
-50.11
 20
-85.06
 10
-50.11
 20
-89.89
 10
-54.94
 20
-89.89
  0
LWPOLYLINE
100
AcDbEntity
  8
0
100
AcDbPolyline
 90
4
 70
1
 10
-49.89
 20
-85.06
 10
-45.06
 20
-85.06
 10
-45.06
 20
-89.89
 10
-49.89
 20
-89.89
  0
LWPOLYLINE
100
AcDbEntity
  8
0
100
AcDbPolyline
 90
4
 70
1
 10
-44.94
 20
-85.06
 10
-40.11
 20
-85.06
 10
-40.11
 20
-89.89
 10
-44.94
 20
-89.89
  0
LWPOLYLINE
100
AcDbEntity
  8
0
100
AcDbPolyline
 90
4
 70
1
 10
-39.89
 20
-85.06
 10
-35.06
 20
-85.06
 10
-35.06
 20
-89.89
 10
-39.89
 20
-89.89
  0
LWPOLYLINE
100
AcDbEntity
  8
0
100
AcDbPolyline
 90
4
 70
1
 10
-34.94
 20
-85.06
 10
-30.11
 20
-85.06
 10
-30.11
 20
-89.89
 10
-34.94
 20
-89.89
  0
LWPOLYLINE
100
AcDbEntity
  8
0
100
AcDbPolyline
 90
4
 70
1
 10
-29.89
 20
-85.06
 10
-25.06
 20
-85.06
 10
-25.06
 20
-89.89
 10
-29.89
 20
-89.89
  0
LWPOLYLINE
100
AcDbEntity
  8
0
100
AcDbPolyline
 90
4
 70
1
 10
-24.94
 20
-85.06
 10
-20.11
 20
-85.06
 10
-20.11
 20
-89.89
 10
-24.94
 20
-89.89
  0
LWPOLYLINE
100
AcDbEntity
  8
0
100
AcDbPolyline
 90
4
 70
1
 10
-19.89
 20
-85.06
 10
-15.06
 20
-85.06
 10
-15.06
 20
-89.89
 10
-19.89
 20
-89.89
  0
LWPOLYLINE
100
AcDbEntity
  8
0
100
AcDbPolyline
 90
4
 70
1
 10
-14.94
 20
-85.06
 10
-10.11
 20
-85.06
 10
-10.11
 20
-89.89
 10
-14.94
 20
-89.89
  0
LWPOLYLINE
100
AcDbEntity
  8
0
100
AcDbPolyline
 90
4
 70
1
 10
-9.89
 20
-85.06
 10
-5.06
 20
-85.06
 10
-5.06
 20
-89.89
 10
-9.89
 20
-89.89
  0
LWPOLYLINE
100
AcDbEntity
  8
0
100
AcDbPolyline
 90
4
 70
1
 10
-4.94
 20
-85.06
 10
-0.2
 20
-85.06
 10
-0.2
 20
-89.89
 10
-4.94
 20
-89.89
  0
LWPOLYLINE
100
AcDbEntity
  8
0
100
AcDbPolyline
 90
4
 70
1
 10
0.2
 20
-85.06
 10
4.94
 20
-85.06
 10
4.94
 20
-89.89
 10
0.2
 20
-89.89
  0
LWPOLYLINE
100
AcDbEntity
  8
0
100
AcDbPolyline
 90
4
 70
1
 10
5.06
 20
-85.06
 10
9.89
 20
-85.06
 10
9.89
 20
-89.89
 10
5.06
 20
-89.89
  0
LWPOLYLINE
100
AcDbEntity
  8
0
100
AcDbPolyline
 90
4
 70
1
 10
10.11
 20
-85.06
 10
14.94
 20
-85.06
 10
14.94
 20
-89.89
 10
10.11
 20
-89.89
  0
LWPOLYLINE
100
AcDbEntity
  8
0
100
AcDbPolyline
 90
4
 70
1
 10
15.06
 20
-85.06
 10
19.89
 20
-85.06
 10
19.89
 20
-89.89
 10
15.06
 20
-89.89
  0
LWPOLYLINE
100
AcDbEntity
  8
0
100
AcDbPolyline
 90
4
 70
1
 10
20.11
 20
-85.06
 10
24.94
 20
-85.06
 10
24.94
 20
-89.89
 10
20.11
 20
-89.89
  0
LWPOLYLINE
100
AcDbEntity
  8
0
100
AcDbPolyline
 90
4
 70
1
 10
25.06
 20
-85.06
 10
29.89
 20
-85.06
 10
29.89
 20
-89.89
 10
25.06
 20
-89.89
  0
LWPOLYLINE
100
AcDbEntity
  8
0
100
AcDbPolyline
 90
4
 70
1
 10
30.11
 20
-85.06
 10
34.94
 20
-85.06
 10
34.94
 20
-89.89
 10
30.11
 20
-89.89
  0
LWPOLYLINE
100
AcDbEntity
  8
0
100
AcDbPolyline
 90
4
 70
1
 10
35.06
 20
-85.06
 10
39.89
 20
-85.06
 10
39.89
 20
-89.89
 10
35.06
 20
-89.89
  0
LWPOLYLINE
100
AcDbEntity
  8
0
100
AcDbPolyline
 90
4
 70
1
 10
40.11
 20
-85.06
 10
44.94
 20
-85.06
 10
44.94
 20
-89.89
 10
40.11
 20
-89.89
  0
LWPOLYLINE
100
AcDbEntity
  8
0
100
AcDbPolyline
 90
4
 70
1
 10
45.06
 20
-85.06
 10
49.89
 20
-85.06
 10
49.89
 20
-89.89
 10
45.06
 20
-89.89
  0
LWPOLYLINE
100
AcDbEntity
  8
0
100
AcDbPolyline
 90
4
 70
1
 10
50.11
 20
-85.06
 10
54.94
 20
-85.06
 10
54.94
 20
-89.89
 10
50.11
 20
-89.89
  0
LWPOLYLINE
100
AcDbEntity
  8
0
100
AcDbPolyline
 90
4
 70
1
 10
55.06
 20
-85.06
 10
59.89
 20
-85.06
 10
59.89
 20
-89.89
 10
55.06
 20
-89.89
  0
LWPOLYLINE
100
AcDbEntity
  8
0
100
AcDbPolyline
 90
4
 70
1
 10
60.11
 20
-85.06
 10
64.94
 20
-85.06
 10
64.94
 20
-89.89
 10
60.11
 20
-89.89
  0
LWPOLYLINE
100
AcDbEntity
  8
0
100
AcDbPolyline
 90
4
 70
1
 10
67.625
 20
-85.06
 10
69.89
 20
-85.06
 10
69.89
 20
-89.89
 10
67.625
 20
-89.89
  0
LWPOLYLINE
100
AcDbEntity
  8
0
100
AcDbPolyline
 90
4
 70
1
 10
70.11
 20
-85.06
 10
74.94
 20
-85.06
 10
74.94
 20
-89.89
 10
70.11
 20
-89.89
  0
LWPOLYLINE
100
AcDbEntity
  8
0
100
AcDbPolyline
 90
4
 70
1
 10
80.11
 20
-85.06
 10
84.94
 20
-85.06
 10
84.94
 20
-89.89
 10
80.11
 20
-89.89
  0
LWPOLYLINE
100
AcDbEntity
  8
0
100
AcDbPolyline
 90
4
 70
1
 10
85.06
 20
-85.06
 10
89.89
 20
-85.06
 10
89.89
 20
-89.89
 10
85.06
 20
-89.89
  0
LWPOLYLINE
100
AcDbEntity
  8
0
100
AcDbPolyline
 90
4
 70
1
 10
90.11
 20
-85.06
 10
94.94
 20
-85.06
 10
94.94
 20
-89.89
 10
90.11
 20
-89.89
  0
LWPOLYLINE
100
AcDbEntity
  8
0
100
AcDbPolyline
 90
4
 70
1
 10
95.06
 20
-85.06
 10
99.89
 20
-85.06
 10
99.89
 20
-89.89
 10
95.06
 20
-89.89
  0
LWPOLYLINE
100
AcDbEntity
  8
0
100
AcDbPolyline
 90
4
 70
1
 10
100.11
 20
-85.06
 10
104.94
 20
-85.06
 10
104.94
 20
-89.89
 10
100.11
 20
-89.89
  0
LWPOLYLINE
100
AcDbEntity
  8
0
100
AcDbPolyline
 90
4
 70
1
 10
78.6023
 20
-85.06
 10
79.3
 20
-85.06
 10
79.3
 20
-89.89
 10
78.6023
 20
-89.89
  0
LWPOLYLINE
100
AcDbEntity
  8
0
100
AcDbPolyline
 90
4
 70
1
 10
75.06
 20
-85.06
 10
78.1523
 20
-85.06
 10
78.1523
 20
-89.89
 10
75.06
 20
-89.89
  0
LWPOLYLINE
100
AcDbEntity
  8
0
100
AcDbPolyline
 90
4
 70
1
 10
65.06
 20
-85.06
 10
67.075
 20
-85.06
 10
67.075
 20
-89.89
 10
65.06
 20
-89.89
  0
LWPOLYLINE
100
AcDbEntity
  8
0
100
AcDbPolyline
 90
4
 70
1
 10
-69.89
 20
-85.06
 10
-67.625
 20
-85.06
 10
-67.625
 20
-89.89
 10
-69.89
 20
-89.89
  0
LWPOLYLINE
100
AcDbEntity
  8
0
100
AcDbPolyline
 90
4
 70
1
 10
-79.3
 20
-85.06
 10
-78.6023
 20
-85.06
 10
-78.6023
 20
-89.89
 10
-79.3
 20
-89.89
  0
LWPOLYLINE
100
AcDbEntity
  8
0
100
AcDbPolyline
 90
4
 70
1
 10
-104.94
 20
-90.11
 10
-100.11
 20
-90.11
 10
-100.11
 20
-94.94
 10
-104.94
 20
-94.94
  0
LWPOLYLINE
100
AcDbEntity
  8
0
100
AcDbPolyline
 90
4
 70
1
 10
-99.89
 20
-90.11
 10
-95.06
 20
-90.11
 10
-95.06
 20
-94.94
 10
-99.89
 20
-94.94
  0
LWPOLYLINE
100
AcDbEntity
  8
0
100
AcDbPolyline
 90
4
 70
1
 10
-94.94
 20
-90.11
 10
-90.11
 20
-90.11
 10
-90.11
 20
-94.94
 10
-94.94
 20
-94.94
  0
LWPOLYLINE
100
AcDbEntity
  8
0
100
AcDbPolyline
 90
4
 70
1
 10
-89.89
 20
-90.11
 10
-85.06
 20
-90.11
 10
-85.06
 20
-94.94
 10
-89.89
 20
-94.94
  0
LWPOLYLINE
100
AcDbEntity
  8
0
100
AcDbPolyline
 90
4
 70
1
 10
-84.94
 20
-90.11
 10
-80.11
 20
-90.11
 10
-80.11
 20
-94.94
 10
-84.94
 20
-94.94
  0
LWPOLYLINE
100
AcDbEntity
  8
0
100
AcDbPolyline
 90
4
 70
1
 10
-78.1523
 20
-90.11
 10
-75.06
 20
-90.11
 10
-75.06
 20
-94.94
 10
-78.1523
 20
-94.94
  0
LWPOLYLINE
100
AcDbEntity
  8
0
100
AcDbPolyline
 90
4
 70
1
 10
-74.94
 20
-90.11
 10
-70.11
 20
-90.11
 10
-70.11
 20
-94.94
 10
-74.94
 20
-94.94
  0
LWPOLYLINE
100
AcDbEntity
  8
0
100
AcDbPolyline
 90
4
 70
1
 10
-67.075
 20
-90.11
 10
-65.06
 20
-90.11
 10
-65.06
 20
-94.94
 10
-67.075
 20
-94.94
  0
LWPOLYLINE
100
AcDbEntity
  8
0
100
AcDbPolyline
 90
4
 70
1
 10
-64.94
 20
-90.11
 10
-60.11
 20
-90.11
 10
-60.11
 20
-94.94
 10
-64.94
 20
-94.94
  0
LWPOLYLINE
100
AcDbEntity
  8
0
100
AcDbPolyline
 90
4
 70
1
 10
-59.89
 20
-90.11
 10
-55.06
 20
-90.11
 10
-55.06
 20
-94.94
 10
-59.89
 20
-94.94
  0
LWPOLYLINE
100
AcDbEntity
  8
0
100
AcDbPolyline
 90
4
 70
1
 10
-54.94
 20
-90.11
 10
-50.11
 20
-90.11
 10
-50.11
 20
-94.94
 10
-54.94
 20
-94.94
  0
LWPOLYLINE
100
AcDbEntity
  8
0
100
AcDbPolyline
 90
4
 70
1
 10
-49.89
 20
-90.11
 10
-45.06
 20
-90.11
 10
-45.06
 20
-94.94
 10
-49.89
 20
-94.94
  0
LWPOLYLINE
100
AcDbEntity
  8
0
100
AcDbPolyline
 90
4
 70
1
 10
-44.94
 20
-90.11
 10
-40.11
 20
-90.11
 10
-40.11
 20
-94.94
 10
-44.94
 20
-94.94
  0
LWPOLYLINE
100
AcDbEntity
  8
0
100
AcDbPolyline
 90
4
 70
1
 10
-39.89
 20
-90.11
 10
-35.06
 20
-90.11
 10
-35.06
 20
-94.94
 10
-39.89
 20
-94.94
  0
LWPOLYLINE
100
AcDbEntity
  8
0
100
AcDbPolyline
 90
4
 70
1
 10
-34.94
 20
-90.11
 10
-30.11
 20
-90.11
 10
-30.11
 20
-94.94
 10
-34.94
 20
-94.94
  0
LWPOLYLINE
100
AcDbEntity
  8
0
100
AcDbPolyline
 90
4
 70
1
 10
-29.89
 20
-90.11
 10
-25.06
 20
-90.11
 10
-25.06
 20
-94.94
 10
-29.89
 20
-94.94
  0
LWPOLYLINE
100
AcDbEntity
  8
0
100
AcDbPolyline
 90
4
 70
1
 10
-24.94
 20
-90.11
 10
-20.11
 20
-90.11
 10
-20.11
 20
-94.94
 10
-24.94
 20
-94.94
  0
LWPOLYLINE
100
AcDbEntity
  8
0
100
AcDbPolyline
 90
4
 70
1
 10
-19.89
 20
-90.11
 10
-15.06
 20
-90.11
 10
-15.06
 20
-94.94
 10
-19.89
 20
-94.94
  0
LWPOLYLINE
100
AcDbEntity
  8
0
100
AcDbPolyline
 90
4
 70
1
 10
-14.94
 20
-90.11
 10
-10.11
 20
-90.11
 10
-10.11
 20
-94.94
 10
-14.94
 20
-94.94
  0
LWPOLYLINE
100
AcDbEntity
  8
0
100
AcDbPolyline
 90
4
 70
1
 10
-9.89
 20
-90.11
 10
-5.06
 20
-90.11
 10
-5.06
 20
-94.94
 10
-9.89
 20
-94.94
  0
LWPOLYLINE
100
AcDbEntity
  8
0
100
AcDbPolyline
 90
4
 70
1
 10
-4.94
 20
-90.11
 10
-0.2
 20
-90.11
 10
-0.2
 20
-94.94
 10
-4.94
 20
-94.94
  0
LWPOLYLINE
100
AcDbEntity
  8
0
100
AcDbPolyline
 90
4
 70
1
 10
0.2
 20
-90.11
 10
4.94
 20
-90.11
 10
4.94
 20
-94.94
 10
0.2
 20
-94.94
  0
LWPOLYLINE
100
AcDbEntity
  8
0
100
AcDbPolyline
 90
4
 70
1
 10
5.06
 20
-90.11
 10
9.89
 20
-90.11
 10
9.89
 20
-94.94
 10
5.06
 20
-94.94
  0
LWPOLYLINE
100
AcDbEntity
  8
0
100
AcDbPolyline
 90
4
 70
1
 10
10.11
 20
-90.11
 10
14.94
 20
-90.11
 10
14.94
 20
-94.94
 10
10.11
 20
-94.94
  0
LWPOLYLINE
100
AcDbEntity
  8
0
100
AcDbPolyline
 90
4
 70
1
 10
15.06
 20
-90.11
 10
19.89
 20
-90.11
 10
19.89
 20
-94.94
 10
15.06
 20
-94.94
  0
LWPOLYLINE
100
AcDbEntity
  8
0
100
AcDbPolyline
 90
4
 70
1
 10
20.11
 20
-90.11
 10
24.94
 20
-90.11
 10
24.94
 20
-94.94
 10
20.11
 20
-94.94
  0
LWPOLYLINE
100
AcDbEntity
  8
0
100
AcDbPolyline
 90
4
 70
1
 10
25.06
 20
-90.11
 10
29.89
 20
-90.11
 10
29.89
 20
-94.94
 10
25.06
 20
-94.94
  0
LWPOLYLINE
100
AcDbEntity
  8
0
100
AcDbPolyline
 90
4
 70
1
 10
30.11
 20
-90.11
 10
34.94
 20
-90.11
 10
34.94
 20
-94.94
 10
30.11
 20
-94.94
  0
LWPOLYLINE
100
AcDbEntity
  8
0
100
AcDbPolyline
 90
4
 70
1
 10
35.06
 20
-90.11
 10
39.89
 20
-90.11
 10
39.89
 20
-94.94
 10
35.06
 20
-94.94
  0
LWPOLYLINE
100
AcDbEntity
  8
0
100
AcDbPolyline
 90
4
 70
1
 10
40.11
 20
-90.11
 10
44.94
 20
-90.11
 10
44.94
 20
-94.94
 10
40.11
 20
-94.94
  0
LWPOLYLINE
100
AcDbEntity
  8
0
100
AcDbPolyline
 90
4
 70
1
 10
45.06
 20
-90.11
 10
49.89
 20
-90.11
 10
49.89
 20
-94.94
 10
45.06
 20
-94.94
  0
LWPOLYLINE
100
AcDbEntity
  8
0
100
AcDbPolyline
 90
4
 70
1
 10
50.11
 20
-90.11
 10
54.94
 20
-90.11
 10
54.94
 20
-94.94
 10
50.11
 20
-94.94
  0
LWPOLYLINE
100
AcDbEntity
  8
0
100
AcDbPolyline
 90
4
 70
1
 10
55.06
 20
-90.11
 10
59.89
 20
-90.11
 10
59.89
 20
-94.94
 10
55.06
 20
-94.94
  0
LWPOLYLINE
100
AcDbEntity
  8
0
100
AcDbPolyline
 90
4
 70
1
 10
60.11
 20
-90.11
 10
64.94
 20
-90.11
 10
64.94
 20
-94.94
 10
60.11
 20
-94.94
  0
LWPOLYLINE
100
AcDbEntity
  8
0
100
AcDbPolyline
 90
4
 70
1
 10
67.625
 20
-90.11
 10
69.89
 20
-90.11
 10
69.89
 20
-94.94
 10
67.625
 20
-94.94
  0
LWPOLYLINE
100
AcDbEntity
  8
0
100
AcDbPolyline
 90
4
 70
1
 10
70.11
 20
-90.11
 10
74.94
 20
-90.11
 10
74.94
 20
-94.94
 10
70.11
 20
-94.94
  0
LWPOLYLINE
100
AcDbEntity
  8
0
100
AcDbPolyline
 90
4
 70
1
 10
80.11
 20
-90.11
 10
84.94
 20
-90.11
 10
84.94
 20
-94.94
 10
80.11
 20
-94.94
  0
LWPOLYLINE
100
AcDbEntity
  8
0
100
AcDbPolyline
 90
4
 70
1
 10
85.06
 20
-90.11
 10
89.89
 20
-90.11
 10
89.89
 20
-94.94
 10
85.06
 20
-94.94
  0
LWPOLYLINE
100
AcDbEntity
  8
0
100
AcDbPolyline
 90
4
 70
1
 10
90.11
 20
-90.11
 10
94.94
 20
-90.11
 10
94.94
 20
-94.94
 10
90.11
 20
-94.94
  0
LWPOLYLINE
100
AcDbEntity
  8
0
100
AcDbPolyline
 90
4
 70
1
 10
95.06
 20
-90.11
 10
99.89
 20
-90.11
 10
99.89
 20
-94.94
 10
95.06
 20
-94.94
  0
LWPOLYLINE
100
AcDbEntity
  8
0
100
AcDbPolyline
 90
4
 70
1
 10
100.11
 20
-90.11
 10
104.94
 20
-90.11
 10
104.94
 20
-94.94
 10
100.11
 20
-94.94
  0
LWPOLYLINE
100
AcDbEntity
  8
0
100
AcDbPolyline
 90
4
 70
1
 10
78.6023
 20
-90.11
 10
79.3
 20
-90.11
 10
79.3
 20
-94.94
 10
78.6023
 20
-94.94
  0
LWPOLYLINE
100
AcDbEntity
  8
0
100
AcDbPolyline
 90
4
 70
1
 10
75.06
 20
-90.11
 10
78.1523
 20
-90.11
 10
78.1523
 20
-94.94
 10
75.06
 20
-94.94
  0
LWPOLYLINE
100
AcDbEntity
  8
0
100
AcDbPolyline
 90
4
 70
1
 10
65.06
 20
-90.11
 10
67.075
 20
-90.11
 10
67.075
 20
-94.94
 10
65.06
 20
-94.94
  0
LWPOLYLINE
100
AcDbEntity
  8
0
100
AcDbPolyline
 90
4
 70
1
 10
-69.89
 20
-90.11
 10
-67.625
 20
-90.11
 10
-67.625
 20
-94.94
 10
-69.89
 20
-94.94
  0
LWPOLYLINE
100
AcDbEntity
  8
0
100
AcDbPolyline
 90
4
 70
1
 10
-79.3
 20
-90.11
 10
-78.6023
 20
-90.11
 10
-78.6023
 20
-94.94
 10
-79.3
 20
-94.94
  0
LWPOLYLINE
100
AcDbEntity
  8
0
100
AcDbPolyline
 90
4
 70
1
 10
-104.94
 20
-95.06
 10
-100.11
 20
-95.06
 10
-100.11
 20
-99.89
 10
-104.94
 20
-99.89
  0
LWPOLYLINE
100
AcDbEntity
  8
0
100
AcDbPolyline
 90
4
 70
1
 10
-99.89
 20
-95.06
 10
-95.06
 20
-95.06
 10
-95.06
 20
-99.89
 10
-99.89
 20
-99.89
  0
LWPOLYLINE
100
AcDbEntity
  8
0
100
AcDbPolyline
 90
4
 70
1
 10
-94.94
 20
-95.06
 10
-90.11
 20
-95.06
 10
-90.11
 20
-99.89
 10
-94.94
 20
-99.89
  0
LWPOLYLINE
100
AcDbEntity
  8
0
100
AcDbPolyline
 90
4
 70
1
 10
-89.89
 20
-95.06
 10
-85.06
 20
-95.06
 10
-85.06
 20
-99.89
 10
-89.89
 20
-99.89
  0
LWPOLYLINE
100
AcDbEntity
  8
0
100
AcDbPolyline
 90
4
 70
1
 10
-84.94
 20
-95.06
 10
-80.11
 20
-95.06
 10
-80.11
 20
-99.89
 10
-84.94
 20
-99.89
  0
LWPOLYLINE
100
AcDbEntity
  8
0
100
AcDbPolyline
 90
4
 70
1
 10
-78.1523
 20
-95.06
 10
-75.06
 20
-95.06
 10
-75.06
 20
-99.89
 10
-78.1523
 20
-99.89
  0
LWPOLYLINE
100
AcDbEntity
  8
0
100
AcDbPolyline
 90
4
 70
1
 10
-74.94
 20
-95.06
 10
-70.11
 20
-95.06
 10
-70.11
 20
-99.89
 10
-74.94
 20
-99.89
  0
LWPOLYLINE
100
AcDbEntity
  8
0
100
AcDbPolyline
 90
4
 70
1
 10
-67.075
 20
-95.06
 10
-65.06
 20
-95.06
 10
-65.06
 20
-99.89
 10
-67.075
 20
-99.89
  0
LWPOLYLINE
100
AcDbEntity
  8
0
100
AcDbPolyline
 90
4
 70
1
 10
-64.94
 20
-95.06
 10
-60.11
 20
-95.06
 10
-60.11
 20
-99.89
 10
-64.94
 20
-99.89
  0
LWPOLYLINE
100
AcDbEntity
  8
0
100
AcDbPolyline
 90
4
 70
1
 10
-59.89
 20
-95.06
 10
-55.06
 20
-95.06
 10
-55.06
 20
-99.89
 10
-59.89
 20
-99.89
  0
LWPOLYLINE
100
AcDbEntity
  8
0
100
AcDbPolyline
 90
4
 70
1
 10
-54.94
 20
-95.06
 10
-50.11
 20
-95.06
 10
-50.11
 20
-99.89
 10
-54.94
 20
-99.89
  0
LWPOLYLINE
100
AcDbEntity
  8
0
100
AcDbPolyline
 90
4
 70
1
 10
-49.89
 20
-95.06
 10
-45.06
 20
-95.06
 10
-45.06
 20
-99.89
 10
-49.89
 20
-99.89
  0
LWPOLYLINE
100
AcDbEntity
  8
0
100
AcDbPolyline
 90
4
 70
1
 10
-44.94
 20
-95.06
 10
-40.11
 20
-95.06
 10
-40.11
 20
-99.89
 10
-44.94
 20
-99.89
  0
LWPOLYLINE
100
AcDbEntity
  8
0
100
AcDbPolyline
 90
4
 70
1
 10
-39.89
 20
-95.06
 10
-35.06
 20
-95.06
 10
-35.06
 20
-99.89
 10
-39.89
 20
-99.89
  0
LWPOLYLINE
100
AcDbEntity
  8
0
100
AcDbPolyline
 90
4
 70
1
 10
-34.94
 20
-95.06
 10
-30.11
 20
-95.06
 10
-30.11
 20
-99.89
 10
-34.94
 20
-99.89
  0
LWPOLYLINE
100
AcDbEntity
  8
0
100
AcDbPolyline
 90
4
 70
1
 10
-29.89
 20
-95.06
 10
-25.06
 20
-95.06
 10
-25.06
 20
-99.89
 10
-29.89
 20
-99.89
  0
LWPOLYLINE
100
AcDbEntity
  8
0
100
AcDbPolyline
 90
4
 70
1
 10
-24.94
 20
-95.06
 10
-20.11
 20
-95.06
 10
-20.11
 20
-99.89
 10
-24.94
 20
-99.89
  0
LWPOLYLINE
100
AcDbEntity
  8
0
100
AcDbPolyline
 90
4
 70
1
 10
-19.89
 20
-95.06
 10
-15.06
 20
-95.06
 10
-15.06
 20
-99.89
 10
-19.89
 20
-99.89
  0
LWPOLYLINE
100
AcDbEntity
  8
0
100
AcDbPolyline
 90
4
 70
1
 10
-14.94
 20
-95.06
 10
-10.11
 20
-95.06
 10
-10.11
 20
-99.89
 10
-14.94
 20
-99.89
  0
LWPOLYLINE
100
AcDbEntity
  8
0
100
AcDbPolyline
 90
4
 70
1
 10
-9.89
 20
-95.06
 10
-5.06
 20
-95.06
 10
-5.06
 20
-99.89
 10
-9.89
 20
-99.89
  0
LWPOLYLINE
100
AcDbEntity
  8
0
100
AcDbPolyline
 90
4
 70
1
 10
-4.94
 20
-95.06
 10
-0.2
 20
-95.06
 10
-0.2
 20
-99.89
 10
-4.94
 20
-99.89
  0
LWPOLYLINE
100
AcDbEntity
  8
0
100
AcDbPolyline
 90
4
 70
1
 10
0.2
 20
-95.06
 10
4.94
 20
-95.06
 10
4.94
 20
-99.89
 10
0.2
 20
-99.89
  0
LWPOLYLINE
100
AcDbEntity
  8
0
100
AcDbPolyline
 90
4
 70
1
 10
5.06
 20
-95.06
 10
9.89
 20
-95.06
 10
9.89
 20
-99.89
 10
5.06
 20
-99.89
  0
LWPOLYLINE
100
AcDbEntity
  8
0
100
AcDbPolyline
 90
4
 70
1
 10
10.11
 20
-95.06
 10
14.94
 20
-95.06
 10
14.94
 20
-99.89
 10
10.11
 20
-99.89
  0
LWPOLYLINE
100
AcDbEntity
  8
0
100
AcDbPolyline
 90
4
 70
1
 10
15.06
 20
-95.06
 10
19.89
 20
-95.06
 10
19.89
 20
-99.89
 10
15.06
 20
-99.89
  0
LWPOLYLINE
100
AcDbEntity
  8
0
100
AcDbPolyline
 90
4
 70
1
 10
20.11
 20
-95.06
 10
24.94
 20
-95.06
 10
24.94
 20
-99.89
 10
20.11
 20
-99.89
  0
LWPOLYLINE
100
AcDbEntity
  8
0
100
AcDbPolyline
 90
4
 70
1
 10
25.06
 20
-95.06
 10
29.89
 20
-95.06
 10
29.89
 20
-99.89
 10
25.06
 20
-99.89
  0
LWPOLYLINE
100
AcDbEntity
  8
0
100
AcDbPolyline
 90
4
 70
1
 10
30.11
 20
-95.06
 10
34.94
 20
-95.06
 10
34.94
 20
-99.89
 10
30.11
 20
-99.89
  0
LWPOLYLINE
100
AcDbEntity
  8
0
100
AcDbPolyline
 90
4
 70
1
 10
35.06
 20
-95.06
 10
39.89
 20
-95.06
 10
39.89
 20
-99.89
 10
35.06
 20
-99.89
  0
LWPOLYLINE
100
AcDbEntity
  8
0
100
AcDbPolyline
 90
4
 70
1
 10
40.11
 20
-95.06
 10
44.94
 20
-95.06
 10
44.94
 20
-99.89
 10
40.11
 20
-99.89
  0
LWPOLYLINE
100
AcDbEntity
  8
0
100
AcDbPolyline
 90
4
 70
1
 10
45.06
 20
-95.06
 10
49.89
 20
-95.06
 10
49.89
 20
-99.89
 10
45.06
 20
-99.89
  0
LWPOLYLINE
100
AcDbEntity
  8
0
100
AcDbPolyline
 90
4
 70
1
 10
50.11
 20
-95.06
 10
54.94
 20
-95.06
 10
54.94
 20
-99.89
 10
50.11
 20
-99.89
  0
LWPOLYLINE
100
AcDbEntity
  8
0
100
AcDbPolyline
 90
4
 70
1
 10
55.06
 20
-95.06
 10
59.89
 20
-95.06
 10
59.89
 20
-99.89
 10
55.06
 20
-99.89
  0
LWPOLYLINE
100
AcDbEntity
  8
0
100
AcDbPolyline
 90
4
 70
1
 10
60.11
 20
-95.06
 10
64.94
 20
-95.06
 10
64.94
 20
-99.89
 10
60.11
 20
-99.89
  0
LWPOLYLINE
100
AcDbEntity
  8
0
100
AcDbPolyline
 90
4
 70
1
 10
67.625
 20
-95.06
 10
69.89
 20
-95.06
 10
69.89
 20
-99.89
 10
67.625
 20
-99.89
  0
LWPOLYLINE
100
AcDbEntity
  8
0
100
AcDbPolyline
 90
4
 70
1
 10
70.11
 20
-95.06
 10
74.94
 20
-95.06
 10
74.94
 20
-99.89
 10
70.11
 20
-99.89
  0
LWPOLYLINE
100
AcDbEntity
  8
0
100
AcDbPolyline
 90
4
 70
1
 10
80.11
 20
-95.06
 10
84.94
 20
-95.06
 10
84.94
 20
-99.89
 10
80.11
 20
-99.89
  0
LWPOLYLINE
100
AcDbEntity
  8
0
100
AcDbPolyline
 90
4
 70
1
 10
85.06
 20
-95.06
 10
89.89
 20
-95.06
 10
89.89
 20
-99.89
 10
85.06
 20
-99.89
  0
LWPOLYLINE
100
AcDbEntity
  8
0
100
AcDbPolyline
 90
4
 70
1
 10
90.11
 20
-95.06
 10
94.94
 20
-95.06
 10
94.94
 20
-99.89
 10
90.11
 20
-99.89
  0
LWPOLYLINE
100
AcDbEntity
  8
0
100
AcDbPolyline
 90
4
 70
1
 10
95.06
 20
-95.06
 10
99.89
 20
-95.06
 10
99.89
 20
-99.89
 10
95.06
 20
-99.89
  0
LWPOLYLINE
100
AcDbEntity
  8
0
100
AcDbPolyline
 90
4
 70
1
 10
100.11
 20
-95.06
 10
104.94
 20
-95.06
 10
104.94
 20
-99.89
 10
100.11
 20
-99.89
  0
LWPOLYLINE
100
AcDbEntity
  8
0
100
AcDbPolyline
 90
4
 70
1
 10
78.6023
 20
-95.06
 10
79.3
 20
-95.06
 10
79.3
 20
-99.89
 10
78.6023
 20
-99.89
  0
LWPOLYLINE
100
AcDbEntity
  8
0
100
AcDbPolyline
 90
4
 70
1
 10
75.06
 20
-95.06
 10
78.1523
 20
-95.06
 10
78.1523
 20
-99.89
 10
75.06
 20
-99.89
  0
LWPOLYLINE
100
AcDbEntity
  8
0
100
AcDbPolyline
 90
4
 70
1
 10
65.06
 20
-95.06
 10
67.075
 20
-95.06
 10
67.075
 20
-99.89
 10
65.06
 20
-99.89
  0
LWPOLYLINE
100
AcDbEntity
  8
0
100
AcDbPolyline
 90
4
 70
1
 10
-69.89
 20
-95.06
 10
-67.625
 20
-95.06
 10
-67.625
 20
-99.89
 10
-69.89
 20
-99.89
  0
LWPOLYLINE
100
AcDbEntity
  8
0
100
AcDbPolyline
 90
4
 70
1
 10
-79.3
 20
-95.06
 10
-78.6023
 20
-95.06
 10
-78.6023
 20
-99.89
 10
-79.3
 20
-99.89
  0
LWPOLYLINE
100
AcDbEntity
  8
0
100
AcDbPolyline
 90
4
 70
1
 10
-104.94
 20
-100.11
 10
-100.11
 20
-100.11
 10
-100.11
 20
-104.94
 10
-104.94
 20
-104.94
  0
LWPOLYLINE
100
AcDbEntity
  8
0
100
AcDbPolyline
 90
4
 70
1
 10
-99.89
 20
-100.11
 10
-95.06
 20
-100.11
 10
-95.06
 20
-104.94
 10
-99.89
 20
-104.94
  0
LWPOLYLINE
100
AcDbEntity
  8
0
100
AcDbPolyline
 90
4
 70
1
 10
-94.94
 20
-100.11
 10
-90.11
 20
-100.11
 10
-90.11
 20
-104.94
 10
-94.94
 20
-104.94
  0
LWPOLYLINE
100
AcDbEntity
  8
0
100
AcDbPolyline
 90
4
 70
1
 10
-89.89
 20
-100.11
 10
-85.06
 20
-100.11
 10
-85.06
 20
-104.94
 10
-89.89
 20
-104.94
  0
LWPOLYLINE
100
AcDbEntity
  8
0
100
AcDbPolyline
 90
4
 70
1
 10
-84.94
 20
-100.11
 10
-80.11
 20
-100.11
 10
-80.11
 20
-104.94
 10
-84.94
 20
-104.94
  0
LWPOLYLINE
100
AcDbEntity
  8
0
100
AcDbPolyline
 90
4
 70
1
 10
-78.1523
 20
-100.11
 10
-75.06
 20
-100.11
 10
-75.06
 20
-104.94
 10
-78.1523
 20
-104.94
  0
LWPOLYLINE
100
AcDbEntity
  8
0
100
AcDbPolyline
 90
4
 70
1
 10
-74.94
 20
-100.11
 10
-70.11
 20
-100.11
 10
-70.11
 20
-104.94
 10
-74.94
 20
-104.94
  0
LWPOLYLINE
100
AcDbEntity
  8
0
100
AcDbPolyline
 90
4
 70
1
 10
-67.075
 20
-100.11
 10
-65.06
 20
-100.11
 10
-65.06
 20
-104.94
 10
-67.075
 20
-104.94
  0
LWPOLYLINE
100
AcDbEntity
  8
0
100
AcDbPolyline
 90
4
 70
1
 10
-64.94
 20
-100.11
 10
-60.11
 20
-100.11
 10
-60.11
 20
-104.94
 10
-64.94
 20
-104.94
  0
LWPOLYLINE
100
AcDbEntity
  8
0
100
AcDbPolyline
 90
4
 70
1
 10
-59.89
 20
-100.11
 10
-55.06
 20
-100.11
 10
-55.06
 20
-104.94
 10
-59.89
 20
-104.94
  0
LWPOLYLINE
100
AcDbEntity
  8
0
100
AcDbPolyline
 90
4
 70
1
 10
-54.94
 20
-100.11
 10
-50.11
 20
-100.11
 10
-50.11
 20
-104.94
 10
-54.94
 20
-104.94
  0
LWPOLYLINE
100
AcDbEntity
  8
0
100
AcDbPolyline
 90
4
 70
1
 10
-49.89
 20
-100.11
 10
-45.06
 20
-100.11
 10
-45.06
 20
-104.94
 10
-49.89
 20
-104.94
  0
LWPOLYLINE
100
AcDbEntity
  8
0
100
AcDbPolyline
 90
4
 70
1
 10
-44.94
 20
-100.11
 10
-40.11
 20
-100.11
 10
-40.11
 20
-104.94
 10
-44.94
 20
-104.94
  0
LWPOLYLINE
100
AcDbEntity
  8
0
100
AcDbPolyline
 90
4
 70
1
 10
-39.89
 20
-100.11
 10
-35.06
 20
-100.11
 10
-35.06
 20
-104.94
 10
-39.89
 20
-104.94
  0
LWPOLYLINE
100
AcDbEntity
  8
0
100
AcDbPolyline
 90
4
 70
1
 10
-34.94
 20
-100.11
 10
-30.11
 20
-100.11
 10
-30.11
 20
-104.94
 10
-34.94
 20
-104.94
  0
LWPOLYLINE
100
AcDbEntity
  8
0
100
AcDbPolyline
 90
4
 70
1
 10
-29.89
 20
-100.11
 10
-25.06
 20
-100.11
 10
-25.06
 20
-104.94
 10
-29.89
 20
-104.94
  0
LWPOLYLINE
100
AcDbEntity
  8
0
100
AcDbPolyline
 90
4
 70
1
 10
-24.94
 20
-100.11
 10
-20.11
 20
-100.11
 10
-20.11
 20
-104.94
 10
-24.94
 20
-104.94
  0
LWPOLYLINE
100
AcDbEntity
  8
0
100
AcDbPolyline
 90
4
 70
1
 10
-19.89
 20
-100.11
 10
-15.06
 20
-100.11
 10
-15.06
 20
-104.94
 10
-19.89
 20
-104.94
  0
LWPOLYLINE
100
AcDbEntity
  8
0
100
AcDbPolyline
 90
4
 70
1
 10
-14.94
 20
-100.11
 10
-10.11
 20
-100.11
 10
-10.11
 20
-104.94
 10
-14.94
 20
-104.94
  0
LWPOLYLINE
100
AcDbEntity
  8
0
100
AcDbPolyline
 90
4
 70
1
 10
-9.89
 20
-100.11
 10
-5.06
 20
-100.11
 10
-5.06
 20
-104.94
 10
-9.89
 20
-104.94
  0
LWPOLYLINE
100
AcDbEntity
  8
0
100
AcDbPolyline
 90
4
 70
1
 10
-4.94
 20
-100.11
 10
-0.2
 20
-100.11
 10
-0.2
 20
-104.94
 10
-4.94
 20
-104.94
  0
LWPOLYLINE
100
AcDbEntity
  8
0
100
AcDbPolyline
 90
4
 70
1
 10
0.2
 20
-100.11
 10
4.94
 20
-100.11
 10
4.94
 20
-104.94
 10
0.2
 20
-104.94
  0
LWPOLYLINE
100
AcDbEntity
  8
0
100
AcDbPolyline
 90
4
 70
1
 10
5.06
 20
-100.11
 10
9.89
 20
-100.11
 10
9.89
 20
-104.94
 10
5.06
 20
-104.94
  0
LWPOLYLINE
100
AcDbEntity
  8
0
100
AcDbPolyline
 90
4
 70
1
 10
10.11
 20
-100.11
 10
14.94
 20
-100.11
 10
14.94
 20
-104.94
 10
10.11
 20
-104.94
  0
LWPOLYLINE
100
AcDbEntity
  8
0
100
AcDbPolyline
 90
4
 70
1
 10
15.06
 20
-100.11
 10
19.89
 20
-100.11
 10
19.89
 20
-104.94
 10
15.06
 20
-104.94
  0
LWPOLYLINE
100
AcDbEntity
  8
0
100
AcDbPolyline
 90
4
 70
1
 10
20.11
 20
-100.11
 10
24.94
 20
-100.11
 10
24.94
 20
-104.94
 10
20.11
 20
-104.94
  0
LWPOLYLINE
100
AcDbEntity
  8
0
100
AcDbPolyline
 90
4
 70
1
 10
25.06
 20
-100.11
 10
29.89
 20
-100.11
 10
29.89
 20
-104.94
 10
25.06
 20
-104.94
  0
LWPOLYLINE
100
AcDbEntity
  8
0
100
AcDbPolyline
 90
4
 70
1
 10
30.11
 20
-100.11
 10
34.94
 20
-100.11
 10
34.94
 20
-104.94
 10
30.11
 20
-104.94
  0
LWPOLYLINE
100
AcDbEntity
  8
0
100
AcDbPolyline
 90
4
 70
1
 10
35.06
 20
-100.11
 10
39.89
 20
-100.11
 10
39.89
 20
-104.94
 10
35.06
 20
-104.94
  0
LWPOLYLINE
100
AcDbEntity
  8
0
100
AcDbPolyline
 90
4
 70
1
 10
40.11
 20
-100.11
 10
44.94
 20
-100.11
 10
44.94
 20
-104.94
 10
40.11
 20
-104.94
  0
LWPOLYLINE
100
AcDbEntity
  8
0
100
AcDbPolyline
 90
4
 70
1
 10
45.06
 20
-100.11
 10
49.89
 20
-100.11
 10
49.89
 20
-104.94
 10
45.06
 20
-104.94
  0
LWPOLYLINE
100
AcDbEntity
  8
0
100
AcDbPolyline
 90
4
 70
1
 10
50.11
 20
-100.11
 10
54.94
 20
-100.11
 10
54.94
 20
-104.94
 10
50.11
 20
-104.94
  0
LWPOLYLINE
100
AcDbEntity
  8
0
100
AcDbPolyline
 90
4
 70
1
 10
55.06
 20
-100.11
 10
59.89
 20
-100.11
 10
59.89
 20
-104.94
 10
55.06
 20
-104.94
  0
LWPOLYLINE
100
AcDbEntity
  8
0
100
AcDbPolyline
 90
4
 70
1
 10
60.11
 20
-100.11
 10
64.94
 20
-100.11
 10
64.94
 20
-104.94
 10
60.11
 20
-104.94
  0
LWPOLYLINE
100
AcDbEntity
  8
0
100
AcDbPolyline
 90
4
 70
1
 10
67.625
 20
-100.11
 10
69.89
 20
-100.11
 10
69.89
 20
-104.94
 10
67.625
 20
-104.94
  0
LWPOLYLINE
100
AcDbEntity
  8
0
100
AcDbPolyline
 90
4
 70
1
 10
70.11
 20
-100.11
 10
74.94
 20
-100.11
 10
74.94
 20
-104.94
 10
70.11
 20
-104.94
  0
LWPOLYLINE
100
AcDbEntity
  8
0
100
AcDbPolyline
 90
4
 70
1
 10
80.11
 20
-100.11
 10
84.94
 20
-100.11
 10
84.94
 20
-104.94
 10
80.11
 20
-104.94
  0
LWPOLYLINE
100
AcDbEntity
  8
0
100
AcDbPolyline
 90
4
 70
1
 10
85.06
 20
-100.11
 10
89.89
 20
-100.11
 10
89.89
 20
-104.94
 10
85.06
 20
-104.94
  0
LWPOLYLINE
100
AcDbEntity
  8
0
100
AcDbPolyline
 90
4
 70
1
 10
90.11
 20
-100.11
 10
94.94
 20
-100.11
 10
94.94
 20
-104.94
 10
90.11
 20
-104.94
  0
LWPOLYLINE
100
AcDbEntity
  8
0
100
AcDbPolyline
 90
4
 70
1
 10
95.06
 20
-100.11
 10
99.89
 20
-100.11
 10
99.89
 20
-104.94
 10
95.06
 20
-104.94
  0
LWPOLYLINE
100
AcDbEntity
  8
0
100
AcDbPolyline
 90
4
 70
1
 10
100.11
 20
-100.11
 10
104.94
 20
-100.11
 10
104.94
 20
-104.94
 10
100.11
 20
-104.94
  0
LWPOLYLINE
100
AcDbEntity
  8
0
100
AcDbPolyline
 90
4
 70
1
 10
78.6023
 20
-100.11
 10
79.3
 20
-100.11
 10
79.3
 20
-104.94
 10
78.6023
 20
-104.94
  0
LWPOLYLINE
100
AcDbEntity
  8
0
100
AcDbPolyline
 90
4
 70
1
 10
75.06
 20
-100.11
 10
78.1523
 20
-100.11
 10
78.1523
 20
-104.94
 10
75.06
 20
-104.94
  0
LWPOLYLINE
100
AcDbEntity
  8
0
100
AcDbPolyline
 90
4
 70
1
 10
65.06
 20
-100.11
 10
67.075
 20
-100.11
 10
67.075
 20
-104.94
 10
65.06
 20
-104.94
  0
LWPOLYLINE
100
AcDbEntity
  8
0
100
AcDbPolyline
 90
4
 70
1
 10
-69.89
 20
-100.11
 10
-67.625
 20
-100.11
 10
-67.625
 20
-104.94
 10
-69.89
 20
-104.94
  0
LWPOLYLINE
100
AcDbEntity
  8
0
100
AcDbPolyline
 90
4
 70
1
 10
-79.3
 20
-100.11
 10
-78.6023
 20
-100.11
 10
-78.6023
 20
-104.94
 10
-79.3
 20
-104.94
  0
LWPOLYLINE
100
AcDbEntity
  8
0
100
AcDbPolyline
 90
4
 70
1
 10
-104.94
 20
-105.06
 10
-100.11
 20
-105.06
 10
-100.11
 20
-109.89
 10
-104.94
 20
-109.89
  0
LWPOLYLINE
100
AcDbEntity
  8
0
100
AcDbPolyline
 90
4
 70
1
 10
-99.89
 20
-105.06
 10
-95.06
 20
-105.06
 10
-95.06
 20
-109.89
 10
-99.89
 20
-109.89
  0
LWPOLYLINE
100
AcDbEntity
  8
0
100
AcDbPolyline
 90
4
 70
1
 10
-94.94
 20
-105.06
 10
-90.11
 20
-105.06
 10
-90.11
 20
-109.89
 10
-94.94
 20
-109.89
  0
LWPOLYLINE
100
AcDbEntity
  8
0
100
AcDbPolyline
 90
4
 70
1
 10
-89.89
 20
-105.06
 10
-85.06
 20
-105.06
 10
-85.06
 20
-109.89
 10
-89.89
 20
-109.89
  0
LWPOLYLINE
100
AcDbEntity
  8
0
100
AcDbPolyline
 90
4
 70
1
 10
-84.94
 20
-105.06
 10
-80.11
 20
-105.06
 10
-80.11
 20
-109.89
 10
-84.94
 20
-109.89
  0
LWPOLYLINE
100
AcDbEntity
  8
0
100
AcDbPolyline
 90
4
 70
1
 10
-78.1523
 20
-105.06
 10
-75.06
 20
-105.06
 10
-75.06
 20
-109.89
 10
-78.1523
 20
-109.89
  0
LWPOLYLINE
100
AcDbEntity
  8
0
100
AcDbPolyline
 90
4
 70
1
 10
-74.94
 20
-105.06
 10
-70.11
 20
-105.06
 10
-70.11
 20
-109.89
 10
-74.94
 20
-109.89
  0
LWPOLYLINE
100
AcDbEntity
  8
0
100
AcDbPolyline
 90
4
 70
1
 10
-67.075
 20
-105.06
 10
-65.06
 20
-105.06
 10
-65.06
 20
-109.89
 10
-67.075
 20
-109.89
  0
LWPOLYLINE
100
AcDbEntity
  8
0
100
AcDbPolyline
 90
4
 70
1
 10
-64.94
 20
-105.06
 10
-60.11
 20
-105.06
 10
-60.11
 20
-109.89
 10
-64.94
 20
-109.89
  0
LWPOLYLINE
100
AcDbEntity
  8
0
100
AcDbPolyline
 90
4
 70
1
 10
-59.89
 20
-105.06
 10
-55.06
 20
-105.06
 10
-55.06
 20
-109.89
 10
-59.89
 20
-109.89
  0
LWPOLYLINE
100
AcDbEntity
  8
0
100
AcDbPolyline
 90
4
 70
1
 10
-54.94
 20
-105.06
 10
-50.11
 20
-105.06
 10
-50.11
 20
-109.89
 10
-54.94
 20
-109.89
  0
LWPOLYLINE
100
AcDbEntity
  8
0
100
AcDbPolyline
 90
4
 70
1
 10
-49.89
 20
-105.06
 10
-45.06
 20
-105.06
 10
-45.06
 20
-109.89
 10
-49.89
 20
-109.89
  0
LWPOLYLINE
100
AcDbEntity
  8
0
100
AcDbPolyline
 90
4
 70
1
 10
-44.94
 20
-105.06
 10
-40.11
 20
-105.06
 10
-40.11
 20
-109.89
 10
-44.94
 20
-109.89
  0
LWPOLYLINE
100
AcDbEntity
  8
0
100
AcDbPolyline
 90
4
 70
1
 10
-39.89
 20
-105.06
 10
-35.06
 20
-105.06
 10
-35.06
 20
-109.89
 10
-39.89
 20
-109.89
  0
LWPOLYLINE
100
AcDbEntity
  8
0
100
AcDbPolyline
 90
4
 70
1
 10
-34.94
 20
-105.06
 10
-30.11
 20
-105.06
 10
-30.11
 20
-109.89
 10
-34.94
 20
-109.89
  0
LWPOLYLINE
100
AcDbEntity
  8
0
100
AcDbPolyline
 90
4
 70
1
 10
-29.89
 20
-105.06
 10
-25.06
 20
-105.06
 10
-25.06
 20
-109.89
 10
-29.89
 20
-109.89
  0
LWPOLYLINE
100
AcDbEntity
  8
0
100
AcDbPolyline
 90
4
 70
1
 10
-24.94
 20
-105.06
 10
-20.11
 20
-105.06
 10
-20.11
 20
-109.89
 10
-24.94
 20
-109.89
  0
LWPOLYLINE
100
AcDbEntity
  8
0
100
AcDbPolyline
 90
4
 70
1
 10
-19.89
 20
-105.06
 10
-15.06
 20
-105.06
 10
-15.06
 20
-109.89
 10
-19.89
 20
-109.89
  0
LWPOLYLINE
100
AcDbEntity
  8
0
100
AcDbPolyline
 90
4
 70
1
 10
-14.94
 20
-105.06
 10
-10.11
 20
-105.06
 10
-10.11
 20
-109.89
 10
-14.94
 20
-109.89
  0
LWPOLYLINE
100
AcDbEntity
  8
0
100
AcDbPolyline
 90
4
 70
1
 10
-9.89
 20
-105.06
 10
-5.06
 20
-105.06
 10
-5.06
 20
-109.89
 10
-9.89
 20
-109.89
  0
LWPOLYLINE
100
AcDbEntity
  8
0
100
AcDbPolyline
 90
4
 70
1
 10
-4.94
 20
-105.06
 10
-0.2
 20
-105.06
 10
-0.2
 20
-109.89
 10
-4.94
 20
-109.89
  0
LWPOLYLINE
100
AcDbEntity
  8
0
100
AcDbPolyline
 90
4
 70
1
 10
0.2
 20
-105.06
 10
4.94
 20
-105.06
 10
4.94
 20
-109.89
 10
0.2
 20
-109.89
  0
LWPOLYLINE
100
AcDbEntity
  8
0
100
AcDbPolyline
 90
4
 70
1
 10
5.06
 20
-105.06
 10
9.89
 20
-105.06
 10
9.89
 20
-109.89
 10
5.06
 20
-109.89
  0
LWPOLYLINE
100
AcDbEntity
  8
0
100
AcDbPolyline
 90
4
 70
1
 10
10.11
 20
-105.06
 10
14.94
 20
-105.06
 10
14.94
 20
-109.89
 10
10.11
 20
-109.89
  0
LWPOLYLINE
100
AcDbEntity
  8
0
100
AcDbPolyline
 90
4
 70
1
 10
15.06
 20
-105.06
 10
19.89
 20
-105.06
 10
19.89
 20
-109.89
 10
15.06
 20
-109.89
  0
LWPOLYLINE
100
AcDbEntity
  8
0
100
AcDbPolyline
 90
4
 70
1
 10
20.11
 20
-105.06
 10
24.94
 20
-105.06
 10
24.94
 20
-109.89
 10
20.11
 20
-109.89
  0
LWPOLYLINE
100
AcDbEntity
  8
0
100
AcDbPolyline
 90
4
 70
1
 10
25.06
 20
-105.06
 10
29.89
 20
-105.06
 10
29.89
 20
-109.89
 10
25.06
 20
-109.89
  0
LWPOLYLINE
100
AcDbEntity
  8
0
100
AcDbPolyline
 90
4
 70
1
 10
30.11
 20
-105.06
 10
34.94
 20
-105.06
 10
34.94
 20
-109.89
 10
30.11
 20
-109.89
  0
LWPOLYLINE
100
AcDbEntity
  8
0
100
AcDbPolyline
 90
4
 70
1
 10
35.06
 20
-105.06
 10
39.89
 20
-105.06
 10
39.89
 20
-109.89
 10
35.06
 20
-109.89
  0
LWPOLYLINE
100
AcDbEntity
  8
0
100
AcDbPolyline
 90
4
 70
1
 10
40.11
 20
-105.06
 10
44.94
 20
-105.06
 10
44.94
 20
-109.89
 10
40.11
 20
-109.89
  0
LWPOLYLINE
100
AcDbEntity
  8
0
100
AcDbPolyline
 90
4
 70
1
 10
45.06
 20
-105.06
 10
49.89
 20
-105.06
 10
49.89
 20
-109.89
 10
45.06
 20
-109.89
  0
LWPOLYLINE
100
AcDbEntity
  8
0
100
AcDbPolyline
 90
4
 70
1
 10
50.11
 20
-105.06
 10
54.94
 20
-105.06
 10
54.94
 20
-109.89
 10
50.11
 20
-109.89
  0
LWPOLYLINE
100
AcDbEntity
  8
0
100
AcDbPolyline
 90
4
 70
1
 10
55.06
 20
-105.06
 10
59.89
 20
-105.06
 10
59.89
 20
-109.89
 10
55.06
 20
-109.89
  0
LWPOLYLINE
100
AcDbEntity
  8
0
100
AcDbPolyline
 90
4
 70
1
 10
60.11
 20
-105.06
 10
64.94
 20
-105.06
 10
64.94
 20
-109.89
 10
60.11
 20
-109.89
  0
LWPOLYLINE
100
AcDbEntity
  8
0
100
AcDbPolyline
 90
4
 70
1
 10
67.625
 20
-105.06
 10
69.89
 20
-105.06
 10
69.89
 20
-109.89
 10
67.625
 20
-109.89
  0
LWPOLYLINE
100
AcDbEntity
  8
0
100
AcDbPolyline
 90
4
 70
1
 10
70.11
 20
-105.06
 10
74.94
 20
-105.06
 10
74.94
 20
-109.89
 10
70.11
 20
-109.89
  0
LWPOLYLINE
100
AcDbEntity
  8
0
100
AcDbPolyline
 90
4
 70
1
 10
80.11
 20
-105.06
 10
84.94
 20
-105.06
 10
84.94
 20
-109.89
 10
80.11
 20
-109.89
  0
LWPOLYLINE
100
AcDbEntity
  8
0
100
AcDbPolyline
 90
4
 70
1
 10
85.06
 20
-105.06
 10
89.89
 20
-105.06
 10
89.89
 20
-109.89
 10
85.06
 20
-109.89
  0
LWPOLYLINE
100
AcDbEntity
  8
0
100
AcDbPolyline
 90
4
 70
1
 10
90.11
 20
-105.06
 10
94.94
 20
-105.06
 10
94.94
 20
-109.89
 10
90.11
 20
-109.89
  0
LWPOLYLINE
100
AcDbEntity
  8
0
100
AcDbPolyline
 90
4
 70
1
 10
95.06
 20
-105.06
 10
99.89
 20
-105.06
 10
99.89
 20
-109.89
 10
95.06
 20
-109.89
  0
LWPOLYLINE
100
AcDbEntity
  8
0
100
AcDbPolyline
 90
4
 70
1
 10
100.11
 20
-105.06
 10
104.94
 20
-105.06
 10
104.94
 20
-109.89
 10
100.11
 20
-109.89
  0
LWPOLYLINE
100
AcDbEntity
  8
0
100
AcDbPolyline
 90
4
 70
1
 10
78.6023
 20
-105.06
 10
79.3
 20
-105.06
 10
79.3
 20
-109.89
 10
78.6023
 20
-109.89
  0
LWPOLYLINE
100
AcDbEntity
  8
0
100
AcDbPolyline
 90
4
 70
1
 10
75.06
 20
-105.06
 10
78.1523
 20
-105.06
 10
78.1523
 20
-109.89
 10
75.06
 20
-109.89
  0
LWPOLYLINE
100
AcDbEntity
  8
0
100
AcDbPolyline
 90
4
 70
1
 10
65.06
 20
-105.06
 10
67.075
 20
-105.06
 10
67.075
 20
-109.89
 10
65.06
 20
-109.89
  0
LWPOLYLINE
100
AcDbEntity
  8
0
100
AcDbPolyline
 90
4
 70
1
 10
-69.89
 20
-105.06
 10
-67.625
 20
-105.06
 10
-67.625
 20
-109.89
 10
-69.89
 20
-109.89
  0
LWPOLYLINE
100
AcDbEntity
  8
0
100
AcDbPolyline
 90
4
 70
1
 10
-79.3
 20
-105.06
 10
-78.6023
 20
-105.06
 10
-78.6023
 20
-109.89
 10
-79.3
 20
-109.89
  0
LWPOLYLINE
100
AcDbEntity
  8
0
100
AcDbPolyline
 90
4
 70
1
 10
-104.94
 20
-110.11
 10
-100.11
 20
-110.11
 10
-100.11
 20
-114.94
 10
-104.94
 20
-114.94
  0
LWPOLYLINE
100
AcDbEntity
  8
0
100
AcDbPolyline
 90
4
 70
1
 10
-99.89
 20
-110.11
 10
-95.06
 20
-110.11
 10
-95.06
 20
-114.94
 10
-99.89
 20
-114.94
  0
LWPOLYLINE
100
AcDbEntity
  8
0
100
AcDbPolyline
 90
4
 70
1
 10
-94.94
 20
-110.11
 10
-90.11
 20
-110.11
 10
-90.11
 20
-114.94
 10
-94.94
 20
-114.94
  0
LWPOLYLINE
100
AcDbEntity
  8
0
100
AcDbPolyline
 90
4
 70
1
 10
-89.89
 20
-110.11
 10
-85.06
 20
-110.11
 10
-85.06
 20
-114.94
 10
-89.89
 20
-114.94
  0
LWPOLYLINE
100
AcDbEntity
  8
0
100
AcDbPolyline
 90
4
 70
1
 10
-84.94
 20
-110.11
 10
-80.11
 20
-110.11
 10
-80.11
 20
-114.94
 10
-84.94
 20
-114.94
  0
LWPOLYLINE
100
AcDbEntity
  8
0
100
AcDbPolyline
 90
4
 70
1
 10
-78.1523
 20
-110.11
 10
-75.06
 20
-110.11
 10
-75.06
 20
-114.94
 10
-78.1523
 20
-114.94
  0
LWPOLYLINE
100
AcDbEntity
  8
0
100
AcDbPolyline
 90
4
 70
1
 10
-74.94
 20
-110.11
 10
-70.11
 20
-110.11
 10
-70.11
 20
-114.94
 10
-74.94
 20
-114.94
  0
LWPOLYLINE
100
AcDbEntity
  8
0
100
AcDbPolyline
 90
4
 70
1
 10
-67.075
 20
-110.11
 10
-65.06
 20
-110.11
 10
-65.06
 20
-114.94
 10
-67.075
 20
-114.94
  0
LWPOLYLINE
100
AcDbEntity
  8
0
100
AcDbPolyline
 90
4
 70
1
 10
-64.94
 20
-110.11
 10
-60.11
 20
-110.11
 10
-60.11
 20
-114.94
 10
-64.94
 20
-114.94
  0
LWPOLYLINE
100
AcDbEntity
  8
0
100
AcDbPolyline
 90
4
 70
1
 10
-59.89
 20
-110.11
 10
-55.06
 20
-110.11
 10
-55.06
 20
-114.94
 10
-59.89
 20
-114.94
  0
LWPOLYLINE
100
AcDbEntity
  8
0
100
AcDbPolyline
 90
4
 70
1
 10
-54.94
 20
-110.11
 10
-50.11
 20
-110.11
 10
-50.11
 20
-114.94
 10
-54.94
 20
-114.94
  0
LWPOLYLINE
100
AcDbEntity
  8
0
100
AcDbPolyline
 90
4
 70
1
 10
-49.89
 20
-110.11
 10
-45.06
 20
-110.11
 10
-45.06
 20
-114.94
 10
-49.89
 20
-114.94
  0
LWPOLYLINE
100
AcDbEntity
  8
0
100
AcDbPolyline
 90
4
 70
1
 10
-44.94
 20
-110.11
 10
-40.11
 20
-110.11
 10
-40.11
 20
-114.94
 10
-44.94
 20
-114.94
  0
LWPOLYLINE
100
AcDbEntity
  8
0
100
AcDbPolyline
 90
4
 70
1
 10
-39.89
 20
-110.11
 10
-35.06
 20
-110.11
 10
-35.06
 20
-114.94
 10
-39.89
 20
-114.94
  0
LWPOLYLINE
100
AcDbEntity
  8
0
100
AcDbPolyline
 90
4
 70
1
 10
-34.94
 20
-110.11
 10
-30.11
 20
-110.11
 10
-30.11
 20
-114.94
 10
-34.94
 20
-114.94
  0
LWPOLYLINE
100
AcDbEntity
  8
0
100
AcDbPolyline
 90
4
 70
1
 10
-29.89
 20
-110.11
 10
-25.06
 20
-110.11
 10
-25.06
 20
-114.94
 10
-29.89
 20
-114.94
  0
LWPOLYLINE
100
AcDbEntity
  8
0
100
AcDbPolyline
 90
4
 70
1
 10
-24.94
 20
-110.11
 10
-20.11
 20
-110.11
 10
-20.11
 20
-114.94
 10
-24.94
 20
-114.94
  0
LWPOLYLINE
100
AcDbEntity
  8
0
100
AcDbPolyline
 90
4
 70
1
 10
-19.89
 20
-110.11
 10
-15.06
 20
-110.11
 10
-15.06
 20
-114.94
 10
-19.89
 20
-114.94
  0
LWPOLYLINE
100
AcDbEntity
  8
0
100
AcDbPolyline
 90
4
 70
1
 10
-14.94
 20
-110.11
 10
-10.11
 20
-110.11
 10
-10.11
 20
-114.94
 10
-14.94
 20
-114.94
  0
LWPOLYLINE
100
AcDbEntity
  8
0
100
AcDbPolyline
 90
4
 70
1
 10
-9.89
 20
-110.11
 10
-5.06
 20
-110.11
 10
-5.06
 20
-114.94
 10
-9.89
 20
-114.94
  0
LWPOLYLINE
100
AcDbEntity
  8
0
100
AcDbPolyline
 90
4
 70
1
 10
-4.94
 20
-110.11
 10
-0.2
 20
-110.11
 10
-0.2
 20
-114.94
 10
-4.94
 20
-114.94
  0
LWPOLYLINE
100
AcDbEntity
  8
0
100
AcDbPolyline
 90
4
 70
1
 10
0.2
 20
-110.11
 10
4.94
 20
-110.11
 10
4.94
 20
-114.94
 10
0.2
 20
-114.94
  0
LWPOLYLINE
100
AcDbEntity
  8
0
100
AcDbPolyline
 90
4
 70
1
 10
5.06
 20
-110.11
 10
9.89
 20
-110.11
 10
9.89
 20
-114.94
 10
5.06
 20
-114.94
  0
LWPOLYLINE
100
AcDbEntity
  8
0
100
AcDbPolyline
 90
4
 70
1
 10
10.11
 20
-110.11
 10
14.94
 20
-110.11
 10
14.94
 20
-114.94
 10
10.11
 20
-114.94
  0
LWPOLYLINE
100
AcDbEntity
  8
0
100
AcDbPolyline
 90
4
 70
1
 10
15.06
 20
-110.11
 10
19.89
 20
-110.11
 10
19.89
 20
-114.94
 10
15.06
 20
-114.94
  0
LWPOLYLINE
100
AcDbEntity
  8
0
100
AcDbPolyline
 90
4
 70
1
 10
20.11
 20
-110.11
 10
24.94
 20
-110.11
 10
24.94
 20
-114.94
 10
20.11
 20
-114.94
  0
LWPOLYLINE
100
AcDbEntity
  8
0
100
AcDbPolyline
 90
4
 70
1
 10
25.06
 20
-110.11
 10
29.89
 20
-110.11
 10
29.89
 20
-114.94
 10
25.06
 20
-114.94
  0
LWPOLYLINE
100
AcDbEntity
  8
0
100
AcDbPolyline
 90
4
 70
1
 10
30.11
 20
-110.11
 10
34.94
 20
-110.11
 10
34.94
 20
-114.94
 10
30.11
 20
-114.94
  0
LWPOLYLINE
100
AcDbEntity
  8
0
100
AcDbPolyline
 90
4
 70
1
 10
35.06
 20
-110.11
 10
39.89
 20
-110.11
 10
39.89
 20
-114.94
 10
35.06
 20
-114.94
  0
LWPOLYLINE
100
AcDbEntity
  8
0
100
AcDbPolyline
 90
4
 70
1
 10
40.11
 20
-110.11
 10
44.94
 20
-110.11
 10
44.94
 20
-114.94
 10
40.11
 20
-114.94
  0
LWPOLYLINE
100
AcDbEntity
  8
0
100
AcDbPolyline
 90
4
 70
1
 10
45.06
 20
-110.11
 10
49.89
 20
-110.11
 10
49.89
 20
-114.94
 10
45.06
 20
-114.94
  0
LWPOLYLINE
100
AcDbEntity
  8
0
100
AcDbPolyline
 90
4
 70
1
 10
50.11
 20
-110.11
 10
54.94
 20
-110.11
 10
54.94
 20
-114.94
 10
50.11
 20
-114.94
  0
LWPOLYLINE
100
AcDbEntity
  8
0
100
AcDbPolyline
 90
4
 70
1
 10
55.06
 20
-110.11
 10
59.89
 20
-110.11
 10
59.89
 20
-114.94
 10
55.06
 20
-114.94
  0
LWPOLYLINE
100
AcDbEntity
  8
0
100
AcDbPolyline
 90
4
 70
1
 10
60.11
 20
-110.11
 10
64.94
 20
-110.11
 10
64.94
 20
-114.94
 10
60.11
 20
-114.94
  0
LWPOLYLINE
100
AcDbEntity
  8
0
100
AcDbPolyline
 90
4
 70
1
 10
67.625
 20
-110.11
 10
69.89
 20
-110.11
 10
69.89
 20
-114.94
 10
67.625
 20
-114.94
  0
LWPOLYLINE
100
AcDbEntity
  8
0
100
AcDbPolyline
 90
4
 70
1
 10
70.11
 20
-110.11
 10
74.94
 20
-110.11
 10
74.94
 20
-114.94
 10
70.11
 20
-114.94
  0
LWPOLYLINE
100
AcDbEntity
  8
0
100
AcDbPolyline
 90
4
 70
1
 10
80.11
 20
-110.11
 10
84.94
 20
-110.11
 10
84.94
 20
-114.94
 10
80.11
 20
-114.94
  0
LWPOLYLINE
100
AcDbEntity
  8
0
100
AcDbPolyline
 90
4
 70
1
 10
85.06
 20
-110.11
 10
89.89
 20
-110.11
 10
89.89
 20
-114.94
 10
85.06
 20
-114.94
  0
LWPOLYLINE
100
AcDbEntity
  8
0
100
AcDbPolyline
 90
4
 70
1
 10
90.11
 20
-110.11
 10
94.94
 20
-110.11
 10
94.94
 20
-114.94
 10
90.11
 20
-114.94
  0
LWPOLYLINE
100
AcDbEntity
  8
0
100
AcDbPolyline
 90
4
 70
1
 10
95.06
 20
-110.11
 10
99.89
 20
-110.11
 10
99.89
 20
-114.94
 10
95.06
 20
-114.94
  0
LWPOLYLINE
100
AcDbEntity
  8
0
100
AcDbPolyline
 90
4
 70
1
 10
100.11
 20
-110.11
 10
104.94
 20
-110.11
 10
104.94
 20
-114.94
 10
100.11
 20
-114.94
  0
LWPOLYLINE
100
AcDbEntity
  8
0
100
AcDbPolyline
 90
4
 70
1
 10
78.6023
 20
-110.11
 10
79.3
 20
-110.11
 10
79.3
 20
-114.94
 10
78.6023
 20
-114.94
  0
LWPOLYLINE
100
AcDbEntity
  8
0
100
AcDbPolyline
 90
4
 70
1
 10
75.06
 20
-110.11
 10
78.1523
 20
-110.11
 10
78.1523
 20
-114.94
 10
75.06
 20
-114.94
  0
LWPOLYLINE
100
AcDbEntity
  8
0
100
AcDbPolyline
 90
4
 70
1
 10
65.06
 20
-110.11
 10
67.075
 20
-110.11
 10
67.075
 20
-114.94
 10
65.06
 20
-114.94
  0
LWPOLYLINE
100
AcDbEntity
  8
0
100
AcDbPolyline
 90
4
 70
1
 10
-69.89
 20
-110.11
 10
-67.625
 20
-110.11
 10
-67.625
 20
-114.94
 10
-69.89
 20
-114.94
  0
LWPOLYLINE
100
AcDbEntity
  8
0
100
AcDbPolyline
 90
4
 70
1
 10
-79.3
 20
-110.11
 10
-78.6023
 20
-110.11
 10
-78.6023
 20
-114.94
 10
-79.3
 20
-114.94
  0
LWPOLYLINE
100
AcDbEntity
  8
0
100
AcDbPolyline
 90
4
 70
1
 10
-104.94
 20
-115.06
 10
-100.11
 20
-115.06
 10
-100.11
 20
-119.89
 10
-104.94
 20
-119.89
  0
LWPOLYLINE
100
AcDbEntity
  8
0
100
AcDbPolyline
 90
4
 70
1
 10
-99.89
 20
-115.06
 10
-95.06
 20
-115.06
 10
-95.06
 20
-119.89
 10
-99.89
 20
-119.89
  0
LWPOLYLINE
100
AcDbEntity
  8
0
100
AcDbPolyline
 90
4
 70
1
 10
-94.94
 20
-115.06
 10
-90.11
 20
-115.06
 10
-90.11
 20
-119.89
 10
-94.94
 20
-119.89
  0
LWPOLYLINE
100
AcDbEntity
  8
0
100
AcDbPolyline
 90
4
 70
1
 10
-89.89
 20
-115.06
 10
-85.06
 20
-115.06
 10
-85.06
 20
-119.89
 10
-89.89
 20
-119.89
  0
LWPOLYLINE
100
AcDbEntity
  8
0
100
AcDbPolyline
 90
4
 70
1
 10
-84.94
 20
-115.06
 10
-80.11
 20
-115.06
 10
-80.11
 20
-119.89
 10
-84.94
 20
-119.89
  0
LWPOLYLINE
100
AcDbEntity
  8
0
100
AcDbPolyline
 90
4
 70
1
 10
-78.1523
 20
-115.06
 10
-75.06
 20
-115.06
 10
-75.06
 20
-119.89
 10
-78.1523
 20
-119.89
  0
LWPOLYLINE
100
AcDbEntity
  8
0
100
AcDbPolyline
 90
4
 70
1
 10
-74.94
 20
-115.06
 10
-70.11
 20
-115.06
 10
-70.11
 20
-119.89
 10
-74.94
 20
-119.89
  0
LWPOLYLINE
100
AcDbEntity
  8
0
100
AcDbPolyline
 90
4
 70
1
 10
-67.075
 20
-115.06
 10
-65.06
 20
-115.06
 10
-65.06
 20
-119.89
 10
-67.075
 20
-119.89
  0
LWPOLYLINE
100
AcDbEntity
  8
0
100
AcDbPolyline
 90
4
 70
1
 10
-64.94
 20
-115.06
 10
-60.11
 20
-115.06
 10
-60.11
 20
-119.89
 10
-64.94
 20
-119.89
  0
LWPOLYLINE
100
AcDbEntity
  8
0
100
AcDbPolyline
 90
4
 70
1
 10
-59.89
 20
-115.06
 10
-55.06
 20
-115.06
 10
-55.06
 20
-119.89
 10
-59.89
 20
-119.89
  0
LWPOLYLINE
100
AcDbEntity
  8
0
100
AcDbPolyline
 90
4
 70
1
 10
-54.94
 20
-115.06
 10
-50.11
 20
-115.06
 10
-50.11
 20
-119.89
 10
-54.94
 20
-119.89
  0
LWPOLYLINE
100
AcDbEntity
  8
0
100
AcDbPolyline
 90
4
 70
1
 10
-49.89
 20
-115.06
 10
-45.06
 20
-115.06
 10
-45.06
 20
-119.89
 10
-49.89
 20
-119.89
  0
LWPOLYLINE
100
AcDbEntity
  8
0
100
AcDbPolyline
 90
4
 70
1
 10
-44.94
 20
-115.06
 10
-40.11
 20
-115.06
 10
-40.11
 20
-119.89
 10
-44.94
 20
-119.89
  0
LWPOLYLINE
100
AcDbEntity
  8
0
100
AcDbPolyline
 90
4
 70
1
 10
-39.89
 20
-115.06
 10
-35.06
 20
-115.06
 10
-35.06
 20
-119.89
 10
-39.89
 20
-119.89
  0
LWPOLYLINE
100
AcDbEntity
  8
0
100
AcDbPolyline
 90
4
 70
1
 10
-34.94
 20
-115.06
 10
-30.11
 20
-115.06
 10
-30.11
 20
-119.89
 10
-34.94
 20
-119.89
  0
LWPOLYLINE
100
AcDbEntity
  8
0
100
AcDbPolyline
 90
4
 70
1
 10
-29.89
 20
-115.06
 10
-25.06
 20
-115.06
 10
-25.06
 20
-119.89
 10
-29.89
 20
-119.89
  0
LWPOLYLINE
100
AcDbEntity
  8
0
100
AcDbPolyline
 90
4
 70
1
 10
-24.94
 20
-115.06
 10
-20.11
 20
-115.06
 10
-20.11
 20
-119.89
 10
-24.94
 20
-119.89
  0
LWPOLYLINE
100
AcDbEntity
  8
0
100
AcDbPolyline
 90
4
 70
1
 10
-19.89
 20
-115.06
 10
-15.06
 20
-115.06
 10
-15.06
 20
-119.89
 10
-19.89
 20
-119.89
  0
LWPOLYLINE
100
AcDbEntity
  8
0
100
AcDbPolyline
 90
4
 70
1
 10
-14.94
 20
-115.06
 10
-10.11
 20
-115.06
 10
-10.11
 20
-119.89
 10
-14.94
 20
-119.89
  0
LWPOLYLINE
100
AcDbEntity
  8
0
100
AcDbPolyline
 90
4
 70
1
 10
-9.89
 20
-115.06
 10
-5.06
 20
-115.06
 10
-5.06
 20
-119.89
 10
-9.89
 20
-119.89
  0
LWPOLYLINE
100
AcDbEntity
  8
0
100
AcDbPolyline
 90
4
 70
1
 10
-4.94
 20
-115.06
 10
-0.2
 20
-115.06
 10
-0.2
 20
-119.89
 10
-4.94
 20
-119.89
  0
LWPOLYLINE
100
AcDbEntity
  8
0
100
AcDbPolyline
 90
4
 70
1
 10
0.2
 20
-115.06
 10
4.94
 20
-115.06
 10
4.94
 20
-119.89
 10
0.2
 20
-119.89
  0
LWPOLYLINE
100
AcDbEntity
  8
0
100
AcDbPolyline
 90
4
 70
1
 10
5.06
 20
-115.06
 10
9.89
 20
-115.06
 10
9.89
 20
-119.89
 10
5.06
 20
-119.89
  0
LWPOLYLINE
100
AcDbEntity
  8
0
100
AcDbPolyline
 90
4
 70
1
 10
10.11
 20
-115.06
 10
14.94
 20
-115.06
 10
14.94
 20
-119.89
 10
10.11
 20
-119.89
  0
LWPOLYLINE
100
AcDbEntity
  8
0
100
AcDbPolyline
 90
4
 70
1
 10
15.06
 20
-115.06
 10
19.89
 20
-115.06
 10
19.89
 20
-119.89
 10
15.06
 20
-119.89
  0
LWPOLYLINE
100
AcDbEntity
  8
0
100
AcDbPolyline
 90
4
 70
1
 10
20.11
 20
-115.06
 10
24.94
 20
-115.06
 10
24.94
 20
-119.89
 10
20.11
 20
-119.89
  0
LWPOLYLINE
100
AcDbEntity
  8
0
100
AcDbPolyline
 90
4
 70
1
 10
25.06
 20
-115.06
 10
29.89
 20
-115.06
 10
29.89
 20
-119.89
 10
25.06
 20
-119.89
  0
LWPOLYLINE
100
AcDbEntity
  8
0
100
AcDbPolyline
 90
4
 70
1
 10
30.11
 20
-115.06
 10
34.94
 20
-115.06
 10
34.94
 20
-119.89
 10
30.11
 20
-119.89
  0
LWPOLYLINE
100
AcDbEntity
  8
0
100
AcDbPolyline
 90
4
 70
1
 10
35.06
 20
-115.06
 10
39.89
 20
-115.06
 10
39.89
 20
-119.89
 10
35.06
 20
-119.89
  0
LWPOLYLINE
100
AcDbEntity
  8
0
100
AcDbPolyline
 90
4
 70
1
 10
40.11
 20
-115.06
 10
44.94
 20
-115.06
 10
44.94
 20
-119.89
 10
40.11
 20
-119.89
  0
LWPOLYLINE
100
AcDbEntity
  8
0
100
AcDbPolyline
 90
4
 70
1
 10
45.06
 20
-115.06
 10
49.89
 20
-115.06
 10
49.89
 20
-119.89
 10
45.06
 20
-119.89
  0
LWPOLYLINE
100
AcDbEntity
  8
0
100
AcDbPolyline
 90
4
 70
1
 10
50.11
 20
-115.06
 10
54.94
 20
-115.06
 10
54.94
 20
-119.89
 10
50.11
 20
-119.89
  0
LWPOLYLINE
100
AcDbEntity
  8
0
100
AcDbPolyline
 90
4
 70
1
 10
55.06
 20
-115.06
 10
59.89
 20
-115.06
 10
59.89
 20
-119.89
 10
55.06
 20
-119.89
  0
LWPOLYLINE
100
AcDbEntity
  8
0
100
AcDbPolyline
 90
4
 70
1
 10
60.11
 20
-115.06
 10
64.94
 20
-115.06
 10
64.94
 20
-119.89
 10
60.11
 20
-119.89
  0
LWPOLYLINE
100
AcDbEntity
  8
0
100
AcDbPolyline
 90
4
 70
1
 10
67.625
 20
-115.06
 10
69.89
 20
-115.06
 10
69.89
 20
-119.89
 10
67.625
 20
-119.89
  0
LWPOLYLINE
100
AcDbEntity
  8
0
100
AcDbPolyline
 90
4
 70
1
 10
70.11
 20
-115.06
 10
74.94
 20
-115.06
 10
74.94
 20
-119.89
 10
70.11
 20
-119.89
  0
LWPOLYLINE
100
AcDbEntity
  8
0
100
AcDbPolyline
 90
4
 70
1
 10
80.11
 20
-115.06
 10
84.94
 20
-115.06
 10
84.94
 20
-119.89
 10
80.11
 20
-119.89
  0
LWPOLYLINE
100
AcDbEntity
  8
0
100
AcDbPolyline
 90
4
 70
1
 10
85.06
 20
-115.06
 10
89.89
 20
-115.06
 10
89.89
 20
-119.89
 10
85.06
 20
-119.89
  0
LWPOLYLINE
100
AcDbEntity
  8
0
100
AcDbPolyline
 90
4
 70
1
 10
90.11
 20
-115.06
 10
94.94
 20
-115.06
 10
94.94
 20
-119.89
 10
90.11
 20
-119.89
  0
LWPOLYLINE
100
AcDbEntity
  8
0
100
AcDbPolyline
 90
4
 70
1
 10
95.06
 20
-115.06
 10
99.89
 20
-115.06
 10
99.89
 20
-119.89
 10
95.06
 20
-119.89
  0
LWPOLYLINE
100
AcDbEntity
  8
0
100
AcDbPolyline
 90
4
 70
1
 10
100.11
 20
-115.06
 10
104.94
 20
-115.06
 10
104.94
 20
-119.89
 10
100.11
 20
-119.89
  0
LWPOLYLINE
100
AcDbEntity
  8
0
100
AcDbPolyline
 90
4
 70
1
 10
78.6023
 20
-115.06
 10
79.3
 20
-115.06
 10
79.3
 20
-119.89
 10
78.6023
 20
-119.89
  0
LWPOLYLINE
100
AcDbEntity
  8
0
100
AcDbPolyline
 90
4
 70
1
 10
75.06
 20
-115.06
 10
78.1523
 20
-115.06
 10
78.1523
 20
-119.89
 10
75.06
 20
-119.89
  0
LWPOLYLINE
100
AcDbEntity
  8
0
100
AcDbPolyline
 90
4
 70
1
 10
65.06
 20
-115.06
 10
67.075
 20
-115.06
 10
67.075
 20
-119.89
 10
65.06
 20
-119.89
  0
LWPOLYLINE
100
AcDbEntity
  8
0
100
AcDbPolyline
 90
4
 70
1
 10
-69.89
 20
-115.06
 10
-67.625
 20
-115.06
 10
-67.625
 20
-119.89
 10
-69.89
 20
-119.89
  0
LWPOLYLINE
100
AcDbEntity
  8
0
100
AcDbPolyline
 90
4
 70
1
 10
-79.3
 20
-115.06
 10
-78.6023
 20
-115.06
 10
-78.6023
 20
-119.89
 10
-79.3
 20
-119.89
  0
LWPOLYLINE
100
AcDbEntity
  8
0
100
AcDbPolyline
 90
4
 70
1
 10
-104.94
 20
-120.11
 10
-100.11
 20
-120.11
 10
-100.11
 20
-124.94
 10
-104.94
 20
-124.94
  0
LWPOLYLINE
100
AcDbEntity
  8
0
100
AcDbPolyline
 90
4
 70
1
 10
-99.89
 20
-120.11
 10
-95.06
 20
-120.11
 10
-95.06
 20
-124.94
 10
-99.89
 20
-124.94
  0
LWPOLYLINE
100
AcDbEntity
  8
0
100
AcDbPolyline
 90
4
 70
1
 10
-94.94
 20
-120.11
 10
-90.11
 20
-120.11
 10
-90.11
 20
-124.94
 10
-94.94
 20
-124.94
  0
LWPOLYLINE
100
AcDbEntity
  8
0
100
AcDbPolyline
 90
4
 70
1
 10
-89.89
 20
-120.11
 10
-85.06
 20
-120.11
 10
-85.06
 20
-124.94
 10
-89.89
 20
-124.94
  0
LWPOLYLINE
100
AcDbEntity
  8
0
100
AcDbPolyline
 90
4
 70
1
 10
-84.94
 20
-120.11
 10
-80.11
 20
-120.11
 10
-80.11
 20
-124.94
 10
-84.94
 20
-124.94
  0
LWPOLYLINE
100
AcDbEntity
  8
0
100
AcDbPolyline
 90
4
 70
1
 10
-78.1523
 20
-120.11
 10
-75.06
 20
-120.11
 10
-75.06
 20
-124.94
 10
-78.1523
 20
-124.94
  0
LWPOLYLINE
100
AcDbEntity
  8
0
100
AcDbPolyline
 90
4
 70
1
 10
-74.94
 20
-120.11
 10
-70.11
 20
-120.11
 10
-70.11
 20
-124.94
 10
-74.94
 20
-124.94
  0
LWPOLYLINE
100
AcDbEntity
  8
0
100
AcDbPolyline
 90
4
 70
1
 10
-67.075
 20
-120.11
 10
-65.06
 20
-120.11
 10
-65.06
 20
-124.94
 10
-67.075
 20
-124.94
  0
LWPOLYLINE
100
AcDbEntity
  8
0
100
AcDbPolyline
 90
4
 70
1
 10
-64.94
 20
-120.11
 10
-60.11
 20
-120.11
 10
-60.11
 20
-124.94
 10
-64.94
 20
-124.94
  0
LWPOLYLINE
100
AcDbEntity
  8
0
100
AcDbPolyline
 90
4
 70
1
 10
-59.89
 20
-120.11
 10
-55.06
 20
-120.11
 10
-55.06
 20
-124.94
 10
-59.89
 20
-124.94
  0
LWPOLYLINE
100
AcDbEntity
  8
0
100
AcDbPolyline
 90
4
 70
1
 10
-54.94
 20
-120.11
 10
-50.11
 20
-120.11
 10
-50.11
 20
-124.94
 10
-54.94
 20
-124.94
  0
LWPOLYLINE
100
AcDbEntity
  8
0
100
AcDbPolyline
 90
4
 70
1
 10
-49.89
 20
-120.11
 10
-45.06
 20
-120.11
 10
-45.06
 20
-124.94
 10
-49.89
 20
-124.94
  0
LWPOLYLINE
100
AcDbEntity
  8
0
100
AcDbPolyline
 90
4
 70
1
 10
-44.94
 20
-120.11
 10
-40.11
 20
-120.11
 10
-40.11
 20
-124.94
 10
-44.94
 20
-124.94
  0
LWPOLYLINE
100
AcDbEntity
  8
0
100
AcDbPolyline
 90
4
 70
1
 10
-39.89
 20
-120.11
 10
-35.06
 20
-120.11
 10
-35.06
 20
-124.94
 10
-39.89
 20
-124.94
  0
LWPOLYLINE
100
AcDbEntity
  8
0
100
AcDbPolyline
 90
4
 70
1
 10
-34.94
 20
-120.11
 10
-30.11
 20
-120.11
 10
-30.11
 20
-124.94
 10
-34.94
 20
-124.94
  0
LWPOLYLINE
100
AcDbEntity
  8
0
100
AcDbPolyline
 90
4
 70
1
 10
-29.89
 20
-120.11
 10
-25.06
 20
-120.11
 10
-25.06
 20
-124.94
 10
-29.89
 20
-124.94
  0
LWPOLYLINE
100
AcDbEntity
  8
0
100
AcDbPolyline
 90
4
 70
1
 10
-24.94
 20
-120.11
 10
-20.11
 20
-120.11
 10
-20.11
 20
-124.94
 10
-24.94
 20
-124.94
  0
LWPOLYLINE
100
AcDbEntity
  8
0
100
AcDbPolyline
 90
4
 70
1
 10
-19.89
 20
-120.11
 10
-15.06
 20
-120.11
 10
-15.06
 20
-124.94
 10
-19.89
 20
-124.94
  0
LWPOLYLINE
100
AcDbEntity
  8
0
100
AcDbPolyline
 90
4
 70
1
 10
-14.94
 20
-120.11
 10
-10.11
 20
-120.11
 10
-10.11
 20
-124.94
 10
-14.94
 20
-124.94
  0
LWPOLYLINE
100
AcDbEntity
  8
0
100
AcDbPolyline
 90
4
 70
1
 10
-9.89
 20
-120.11
 10
-5.06
 20
-120.11
 10
-5.06
 20
-124.94
 10
-9.89
 20
-124.94
  0
LWPOLYLINE
100
AcDbEntity
  8
0
100
AcDbPolyline
 90
4
 70
1
 10
-4.94
 20
-120.11
 10
-0.2
 20
-120.11
 10
-0.2
 20
-124.94
 10
-4.94
 20
-124.94
  0
LWPOLYLINE
100
AcDbEntity
  8
0
100
AcDbPolyline
 90
4
 70
1
 10
0.2
 20
-120.11
 10
4.94
 20
-120.11
 10
4.94
 20
-124.94
 10
0.2
 20
-124.94
  0
LWPOLYLINE
100
AcDbEntity
  8
0
100
AcDbPolyline
 90
4
 70
1
 10
5.06
 20
-120.11
 10
9.89
 20
-120.11
 10
9.89
 20
-124.94
 10
5.06
 20
-124.94
  0
LWPOLYLINE
100
AcDbEntity
  8
0
100
AcDbPolyline
 90
4
 70
1
 10
10.11
 20
-120.11
 10
14.94
 20
-120.11
 10
14.94
 20
-124.94
 10
10.11
 20
-124.94
  0
LWPOLYLINE
100
AcDbEntity
  8
0
100
AcDbPolyline
 90
4
 70
1
 10
15.06
 20
-120.11
 10
19.89
 20
-120.11
 10
19.89
 20
-124.94
 10
15.06
 20
-124.94
  0
LWPOLYLINE
100
AcDbEntity
  8
0
100
AcDbPolyline
 90
4
 70
1
 10
20.11
 20
-120.11
 10
24.94
 20
-120.11
 10
24.94
 20
-124.94
 10
20.11
 20
-124.94
  0
LWPOLYLINE
100
AcDbEntity
  8
0
100
AcDbPolyline
 90
4
 70
1
 10
25.06
 20
-120.11
 10
29.89
 20
-120.11
 10
29.89
 20
-124.94
 10
25.06
 20
-124.94
  0
LWPOLYLINE
100
AcDbEntity
  8
0
100
AcDbPolyline
 90
4
 70
1
 10
30.11
 20
-120.11
 10
34.94
 20
-120.11
 10
34.94
 20
-124.94
 10
30.11
 20
-124.94
  0
LWPOLYLINE
100
AcDbEntity
  8
0
100
AcDbPolyline
 90
4
 70
1
 10
35.06
 20
-120.11
 10
39.89
 20
-120.11
 10
39.89
 20
-124.94
 10
35.06
 20
-124.94
  0
LWPOLYLINE
100
AcDbEntity
  8
0
100
AcDbPolyline
 90
4
 70
1
 10
40.11
 20
-120.11
 10
44.94
 20
-120.11
 10
44.94
 20
-124.94
 10
40.11
 20
-124.94
  0
LWPOLYLINE
100
AcDbEntity
  8
0
100
AcDbPolyline
 90
4
 70
1
 10
45.06
 20
-120.11
 10
49.89
 20
-120.11
 10
49.89
 20
-124.94
 10
45.06
 20
-124.94
  0
LWPOLYLINE
100
AcDbEntity
  8
0
100
AcDbPolyline
 90
4
 70
1
 10
50.11
 20
-120.11
 10
54.94
 20
-120.11
 10
54.94
 20
-124.94
 10
50.11
 20
-124.94
  0
LWPOLYLINE
100
AcDbEntity
  8
0
100
AcDbPolyline
 90
4
 70
1
 10
55.06
 20
-120.11
 10
59.89
 20
-120.11
 10
59.89
 20
-124.94
 10
55.06
 20
-124.94
  0
LWPOLYLINE
100
AcDbEntity
  8
0
100
AcDbPolyline
 90
4
 70
1
 10
60.11
 20
-120.11
 10
64.94
 20
-120.11
 10
64.94
 20
-124.94
 10
60.11
 20
-124.94
  0
LWPOLYLINE
100
AcDbEntity
  8
0
100
AcDbPolyline
 90
4
 70
1
 10
67.625
 20
-120.11
 10
69.89
 20
-120.11
 10
69.89
 20
-124.94
 10
67.625
 20
-124.94
  0
LWPOLYLINE
100
AcDbEntity
  8
0
100
AcDbPolyline
 90
4
 70
1
 10
70.11
 20
-120.11
 10
74.94
 20
-120.11
 10
74.94
 20
-124.94
 10
70.11
 20
-124.94
  0
LWPOLYLINE
100
AcDbEntity
  8
0
100
AcDbPolyline
 90
4
 70
1
 10
80.11
 20
-120.11
 10
84.94
 20
-120.11
 10
84.94
 20
-124.94
 10
80.11
 20
-124.94
  0
LWPOLYLINE
100
AcDbEntity
  8
0
100
AcDbPolyline
 90
4
 70
1
 10
85.06
 20
-120.11
 10
89.89
 20
-120.11
 10
89.89
 20
-124.94
 10
85.06
 20
-124.94
  0
LWPOLYLINE
100
AcDbEntity
  8
0
100
AcDbPolyline
 90
4
 70
1
 10
90.11
 20
-120.11
 10
94.94
 20
-120.11
 10
94.94
 20
-124.94
 10
90.11
 20
-124.94
  0
LWPOLYLINE
100
AcDbEntity
  8
0
100
AcDbPolyline
 90
4
 70
1
 10
95.06
 20
-120.11
 10
99.89
 20
-120.11
 10
99.89
 20
-124.94
 10
95.06
 20
-124.94
  0
LWPOLYLINE
100
AcDbEntity
  8
0
100
AcDbPolyline
 90
4
 70
1
 10
100.11
 20
-120.11
 10
104.94
 20
-120.11
 10
104.94
 20
-124.94
 10
100.11
 20
-124.94
  0
LWPOLYLINE
100
AcDbEntity
  8
0
100
AcDbPolyline
 90
4
 70
1
 10
78.6023
 20
-120.11
 10
79.3
 20
-120.11
 10
79.3
 20
-124.94
 10
78.6023
 20
-124.94
  0
LWPOLYLINE
100
AcDbEntity
  8
0
100
AcDbPolyline
 90
4
 70
1
 10
75.06
 20
-120.11
 10
78.1523
 20
-120.11
 10
78.1523
 20
-124.94
 10
75.06
 20
-124.94
  0
LWPOLYLINE
100
AcDbEntity
  8
0
100
AcDbPolyline
 90
4
 70
1
 10
65.06
 20
-120.11
 10
67.075
 20
-120.11
 10
67.075
 20
-124.94
 10
65.06
 20
-124.94
  0
LWPOLYLINE
100
AcDbEntity
  8
0
100
AcDbPolyline
 90
4
 70
1
 10
-69.89
 20
-120.11
 10
-67.625
 20
-120.11
 10
-67.625
 20
-124.94
 10
-69.89
 20
-124.94
  0
LWPOLYLINE
100
AcDbEntity
  8
0
100
AcDbPolyline
 90
4
 70
1
 10
-79.3
 20
-120.11
 10
-78.6023
 20
-120.11
 10
-78.6023
 20
-124.94
 10
-79.3
 20
-124.94
  0
LWPOLYLINE
100
AcDbEntity
  8
0
100
AcDbPolyline
 90
4
 70
1
 10
-104.94
 20
-125.06
 10
-100.11
 20
-125.06
 10
-100.11
 20
-129.89
 10
-104.94
 20
-129.89
  0
LWPOLYLINE
100
AcDbEntity
  8
0
100
AcDbPolyline
 90
4
 70
1
 10
-99.89
 20
-125.06
 10
-95.06
 20
-125.06
 10
-95.06
 20
-129.89
 10
-99.89
 20
-129.89
  0
LWPOLYLINE
100
AcDbEntity
  8
0
100
AcDbPolyline
 90
4
 70
1
 10
-94.94
 20
-125.06
 10
-90.11
 20
-125.06
 10
-90.11
 20
-129.89
 10
-94.94
 20
-129.89
  0
LWPOLYLINE
100
AcDbEntity
  8
0
100
AcDbPolyline
 90
4
 70
1
 10
-89.89
 20
-125.06
 10
-85.06
 20
-125.06
 10
-85.06
 20
-129.89
 10
-89.89
 20
-129.89
  0
LWPOLYLINE
100
AcDbEntity
  8
0
100
AcDbPolyline
 90
4
 70
1
 10
-84.94
 20
-125.06
 10
-80.11
 20
-125.06
 10
-80.11
 20
-129.89
 10
-84.94
 20
-129.89
  0
LWPOLYLINE
100
AcDbEntity
  8
0
100
AcDbPolyline
 90
4
 70
1
 10
-78.1523
 20
-125.06
 10
-75.06
 20
-125.06
 10
-75.06
 20
-129.89
 10
-78.1523
 20
-129.89
  0
LWPOLYLINE
100
AcDbEntity
  8
0
100
AcDbPolyline
 90
4
 70
1
 10
-74.94
 20
-125.06
 10
-70.11
 20
-125.06
 10
-70.11
 20
-129.89
 10
-74.94
 20
-129.89
  0
LWPOLYLINE
100
AcDbEntity
  8
0
100
AcDbPolyline
 90
4
 70
1
 10
-67.075
 20
-125.06
 10
-65.06
 20
-125.06
 10
-65.06
 20
-129.89
 10
-67.075
 20
-129.89
  0
LWPOLYLINE
100
AcDbEntity
  8
0
100
AcDbPolyline
 90
4
 70
1
 10
-64.94
 20
-125.06
 10
-60.11
 20
-125.06
 10
-60.11
 20
-129.89
 10
-64.94
 20
-129.89
  0
LWPOLYLINE
100
AcDbEntity
  8
0
100
AcDbPolyline
 90
4
 70
1
 10
-59.89
 20
-125.06
 10
-55.06
 20
-125.06
 10
-55.06
 20
-129.89
 10
-59.89
 20
-129.89
  0
LWPOLYLINE
100
AcDbEntity
  8
0
100
AcDbPolyline
 90
4
 70
1
 10
-54.94
 20
-125.06
 10
-50.11
 20
-125.06
 10
-50.11
 20
-129.89
 10
-54.94
 20
-129.89
  0
LWPOLYLINE
100
AcDbEntity
  8
0
100
AcDbPolyline
 90
4
 70
1
 10
-49.89
 20
-125.06
 10
-45.06
 20
-125.06
 10
-45.06
 20
-129.89
 10
-49.89
 20
-129.89
  0
LWPOLYLINE
100
AcDbEntity
  8
0
100
AcDbPolyline
 90
4
 70
1
 10
-44.94
 20
-125.06
 10
-40.11
 20
-125.06
 10
-40.11
 20
-129.89
 10
-44.94
 20
-129.89
  0
LWPOLYLINE
100
AcDbEntity
  8
0
100
AcDbPolyline
 90
4
 70
1
 10
-39.89
 20
-125.06
 10
-35.06
 20
-125.06
 10
-35.06
 20
-129.89
 10
-39.89
 20
-129.89
  0
LWPOLYLINE
100
AcDbEntity
  8
0
100
AcDbPolyline
 90
4
 70
1
 10
-34.94
 20
-125.06
 10
-30.11
 20
-125.06
 10
-30.11
 20
-129.89
 10
-34.94
 20
-129.89
  0
LWPOLYLINE
100
AcDbEntity
  8
0
100
AcDbPolyline
 90
4
 70
1
 10
-29.89
 20
-125.06
 10
-25.06
 20
-125.06
 10
-25.06
 20
-129.89
 10
-29.89
 20
-129.89
  0
LWPOLYLINE
100
AcDbEntity
  8
0
100
AcDbPolyline
 90
4
 70
1
 10
-24.94
 20
-125.06
 10
-20.11
 20
-125.06
 10
-20.11
 20
-129.89
 10
-24.94
 20
-129.89
  0
LWPOLYLINE
100
AcDbEntity
  8
0
100
AcDbPolyline
 90
4
 70
1
 10
-19.89
 20
-125.06
 10
-15.06
 20
-125.06
 10
-15.06
 20
-129.89
 10
-19.89
 20
-129.89
  0
LWPOLYLINE
100
AcDbEntity
  8
0
100
AcDbPolyline
 90
4
 70
1
 10
-14.94
 20
-125.06
 10
-10.11
 20
-125.06
 10
-10.11
 20
-129.89
 10
-14.94
 20
-129.89
  0
LWPOLYLINE
100
AcDbEntity
  8
0
100
AcDbPolyline
 90
4
 70
1
 10
-9.89
 20
-125.06
 10
-5.06
 20
-125.06
 10
-5.06
 20
-129.89
 10
-9.89
 20
-129.89
  0
LWPOLYLINE
100
AcDbEntity
  8
0
100
AcDbPolyline
 90
4
 70
1
 10
-4.94
 20
-125.06
 10
-0.2
 20
-125.06
 10
-0.2
 20
-129.89
 10
-4.94
 20
-129.89
  0
LWPOLYLINE
100
AcDbEntity
  8
0
100
AcDbPolyline
 90
4
 70
1
 10
0.2
 20
-125.06
 10
4.94
 20
-125.06
 10
4.94
 20
-129.89
 10
0.2
 20
-129.89
  0
LWPOLYLINE
100
AcDbEntity
  8
0
100
AcDbPolyline
 90
4
 70
1
 10
5.06
 20
-125.06
 10
9.89
 20
-125.06
 10
9.89
 20
-129.89
 10
5.06
 20
-129.89
  0
LWPOLYLINE
100
AcDbEntity
  8
0
100
AcDbPolyline
 90
4
 70
1
 10
10.11
 20
-125.06
 10
14.94
 20
-125.06
 10
14.94
 20
-129.89
 10
10.11
 20
-129.89
  0
LWPOLYLINE
100
AcDbEntity
  8
0
100
AcDbPolyline
 90
4
 70
1
 10
15.06
 20
-125.06
 10
19.89
 20
-125.06
 10
19.89
 20
-129.89
 10
15.06
 20
-129.89
  0
LWPOLYLINE
100
AcDbEntity
  8
0
100
AcDbPolyline
 90
4
 70
1
 10
20.11
 20
-125.06
 10
24.94
 20
-125.06
 10
24.94
 20
-129.89
 10
20.11
 20
-129.89
  0
LWPOLYLINE
100
AcDbEntity
  8
0
100
AcDbPolyline
 90
4
 70
1
 10
25.06
 20
-125.06
 10
29.89
 20
-125.06
 10
29.89
 20
-129.89
 10
25.06
 20
-129.89
  0
LWPOLYLINE
100
AcDbEntity
  8
0
100
AcDbPolyline
 90
4
 70
1
 10
30.11
 20
-125.06
 10
34.94
 20
-125.06
 10
34.94
 20
-129.89
 10
30.11
 20
-129.89
  0
LWPOLYLINE
100
AcDbEntity
  8
0
100
AcDbPolyline
 90
4
 70
1
 10
35.06
 20
-125.06
 10
39.89
 20
-125.06
 10
39.89
 20
-129.89
 10
35.06
 20
-129.89
  0
LWPOLYLINE
100
AcDbEntity
  8
0
100
AcDbPolyline
 90
4
 70
1
 10
40.11
 20
-125.06
 10
44.94
 20
-125.06
 10
44.94
 20
-129.89
 10
40.11
 20
-129.89
  0
LWPOLYLINE
100
AcDbEntity
  8
0
100
AcDbPolyline
 90
4
 70
1
 10
45.06
 20
-125.06
 10
49.89
 20
-125.06
 10
49.89
 20
-129.89
 10
45.06
 20
-129.89
  0
LWPOLYLINE
100
AcDbEntity
  8
0
100
AcDbPolyline
 90
4
 70
1
 10
50.11
 20
-125.06
 10
54.94
 20
-125.06
 10
54.94
 20
-129.89
 10
50.11
 20
-129.89
  0
LWPOLYLINE
100
AcDbEntity
  8
0
100
AcDbPolyline
 90
4
 70
1
 10
55.06
 20
-125.06
 10
59.89
 20
-125.06
 10
59.89
 20
-129.89
 10
55.06
 20
-129.89
  0
LWPOLYLINE
100
AcDbEntity
  8
0
100
AcDbPolyline
 90
4
 70
1
 10
60.11
 20
-125.06
 10
64.94
 20
-125.06
 10
64.94
 20
-129.89
 10
60.11
 20
-129.89
  0
LWPOLYLINE
100
AcDbEntity
  8
0
100
AcDbPolyline
 90
4
 70
1
 10
67.625
 20
-125.06
 10
69.89
 20
-125.06
 10
69.89
 20
-129.89
 10
67.625
 20
-129.89
  0
LWPOLYLINE
100
AcDbEntity
  8
0
100
AcDbPolyline
 90
4
 70
1
 10
70.11
 20
-125.06
 10
74.94
 20
-125.06
 10
74.94
 20
-129.89
 10
70.11
 20
-129.89
  0
LWPOLYLINE
100
AcDbEntity
  8
0
100
AcDbPolyline
 90
4
 70
1
 10
80.11
 20
-125.06
 10
84.94
 20
-125.06
 10
84.94
 20
-129.89
 10
80.11
 20
-129.89
  0
LWPOLYLINE
100
AcDbEntity
  8
0
100
AcDbPolyline
 90
4
 70
1
 10
85.06
 20
-125.06
 10
89.89
 20
-125.06
 10
89.89
 20
-129.89
 10
85.06
 20
-129.89
  0
LWPOLYLINE
100
AcDbEntity
  8
0
100
AcDbPolyline
 90
4
 70
1
 10
90.11
 20
-125.06
 10
94.94
 20
-125.06
 10
94.94
 20
-129.89
 10
90.11
 20
-129.89
  0
LWPOLYLINE
100
AcDbEntity
  8
0
100
AcDbPolyline
 90
4
 70
1
 10
95.06
 20
-125.06
 10
99.89
 20
-125.06
 10
99.89
 20
-129.89
 10
95.06
 20
-129.89
  0
LWPOLYLINE
100
AcDbEntity
  8
0
100
AcDbPolyline
 90
4
 70
1
 10
100.11
 20
-125.06
 10
104.94
 20
-125.06
 10
104.94
 20
-129.89
 10
100.11
 20
-129.89
  0
LWPOLYLINE
100
AcDbEntity
  8
0
100
AcDbPolyline
 90
4
 70
1
 10
78.6023
 20
-125.06
 10
79.3
 20
-125.06
 10
79.3
 20
-129.89
 10
78.6023
 20
-129.89
  0
LWPOLYLINE
100
AcDbEntity
  8
0
100
AcDbPolyline
 90
4
 70
1
 10
75.06
 20
-125.06
 10
78.1523
 20
-125.06
 10
78.1523
 20
-129.89
 10
75.06
 20
-129.89
  0
LWPOLYLINE
100
AcDbEntity
  8
0
100
AcDbPolyline
 90
4
 70
1
 10
65.06
 20
-125.06
 10
67.075
 20
-125.06
 10
67.075
 20
-129.89
 10
65.06
 20
-129.89
  0
LWPOLYLINE
100
AcDbEntity
  8
0
100
AcDbPolyline
 90
4
 70
1
 10
-69.89
 20
-125.06
 10
-67.625
 20
-125.06
 10
-67.625
 20
-129.89
 10
-69.89
 20
-129.89
  0
LWPOLYLINE
100
AcDbEntity
  8
0
100
AcDbPolyline
 90
4
 70
1
 10
-79.3
 20
-125.06
 10
-78.6023
 20
-125.06
 10
-78.6023
 20
-129.89
 10
-79.3
 20
-129.89
  0
LWPOLYLINE
100
AcDbEntity
  8
0
100
AcDbPolyline
 90
4
 70
1
 10
-104.94
 20
-130.11
 10
-100.11
 20
-130.11
 10
-100.11
 20
-134.94
 10
-104.94
 20
-134.94
  0
LWPOLYLINE
100
AcDbEntity
  8
0
100
AcDbPolyline
 90
4
 70
1
 10
-99.89
 20
-130.11
 10
-95.06
 20
-130.11
 10
-95.06
 20
-134.94
 10
-99.89
 20
-134.94
  0
LWPOLYLINE
100
AcDbEntity
  8
0
100
AcDbPolyline
 90
4
 70
1
 10
-94.94
 20
-130.11
 10
-90.11
 20
-130.11
 10
-90.11
 20
-134.94
 10
-94.94
 20
-134.94
  0
LWPOLYLINE
100
AcDbEntity
  8
0
100
AcDbPolyline
 90
4
 70
1
 10
-89.89
 20
-130.11
 10
-85.06
 20
-130.11
 10
-85.06
 20
-134.94
 10
-89.89
 20
-134.94
  0
LWPOLYLINE
100
AcDbEntity
  8
0
100
AcDbPolyline
 90
4
 70
1
 10
-84.94
 20
-130.11
 10
-80.11
 20
-130.11
 10
-80.11
 20
-134.94
 10
-84.94
 20
-134.94
  0
LWPOLYLINE
100
AcDbEntity
  8
0
100
AcDbPolyline
 90
4
 70
1
 10
-78.1523
 20
-130.11
 10
-75.06
 20
-130.11
 10
-75.06
 20
-134.94
 10
-78.1523
 20
-134.94
  0
LWPOLYLINE
100
AcDbEntity
  8
0
100
AcDbPolyline
 90
4
 70
1
 10
-74.94
 20
-130.11
 10
-70.11
 20
-130.11
 10
-70.11
 20
-134.94
 10
-74.94
 20
-134.94
  0
LWPOLYLINE
100
AcDbEntity
  8
0
100
AcDbPolyline
 90
4
 70
1
 10
-67.075
 20
-130.11
 10
-65.06
 20
-130.11
 10
-65.06
 20
-134.94
 10
-67.075
 20
-134.94
  0
LWPOLYLINE
100
AcDbEntity
  8
0
100
AcDbPolyline
 90
4
 70
1
 10
-64.94
 20
-130.11
 10
-60.11
 20
-130.11
 10
-60.11
 20
-134.94
 10
-64.94
 20
-134.94
  0
LWPOLYLINE
100
AcDbEntity
  8
0
100
AcDbPolyline
 90
4
 70
1
 10
-59.89
 20
-130.11
 10
-55.06
 20
-130.11
 10
-55.06
 20
-134.94
 10
-59.89
 20
-134.94
  0
LWPOLYLINE
100
AcDbEntity
  8
0
100
AcDbPolyline
 90
4
 70
1
 10
-54.94
 20
-130.11
 10
-50.11
 20
-130.11
 10
-50.11
 20
-134.94
 10
-54.94
 20
-134.94
  0
LWPOLYLINE
100
AcDbEntity
  8
0
100
AcDbPolyline
 90
4
 70
1
 10
-49.89
 20
-130.11
 10
-45.06
 20
-130.11
 10
-45.06
 20
-134.94
 10
-49.89
 20
-134.94
  0
LWPOLYLINE
100
AcDbEntity
  8
0
100
AcDbPolyline
 90
4
 70
1
 10
-44.94
 20
-130.11
 10
-40.11
 20
-130.11
 10
-40.11
 20
-134.94
 10
-44.94
 20
-134.94
  0
LWPOLYLINE
100
AcDbEntity
  8
0
100
AcDbPolyline
 90
4
 70
1
 10
-39.89
 20
-130.11
 10
-35.06
 20
-130.11
 10
-35.06
 20
-134.94
 10
-39.89
 20
-134.94
  0
LWPOLYLINE
100
AcDbEntity
  8
0
100
AcDbPolyline
 90
4
 70
1
 10
-34.94
 20
-130.11
 10
-30.11
 20
-130.11
 10
-30.11
 20
-134.94
 10
-34.94
 20
-134.94
  0
LWPOLYLINE
100
AcDbEntity
  8
0
100
AcDbPolyline
 90
4
 70
1
 10
-29.89
 20
-130.11
 10
-25.06
 20
-130.11
 10
-25.06
 20
-134.94
 10
-29.89
 20
-134.94
  0
LWPOLYLINE
100
AcDbEntity
  8
0
100
AcDbPolyline
 90
4
 70
1
 10
-24.94
 20
-130.11
 10
-20.11
 20
-130.11
 10
-20.11
 20
-134.94
 10
-24.94
 20
-134.94
  0
LWPOLYLINE
100
AcDbEntity
  8
0
100
AcDbPolyline
 90
4
 70
1
 10
-19.89
 20
-130.11
 10
-15.06
 20
-130.11
 10
-15.06
 20
-134.94
 10
-19.89
 20
-134.94
  0
LWPOLYLINE
100
AcDbEntity
  8
0
100
AcDbPolyline
 90
4
 70
1
 10
-14.94
 20
-130.11
 10
-10.11
 20
-130.11
 10
-10.11
 20
-134.94
 10
-14.94
 20
-134.94
  0
LWPOLYLINE
100
AcDbEntity
  8
0
100
AcDbPolyline
 90
4
 70
1
 10
-9.89
 20
-130.11
 10
-5.06
 20
-130.11
 10
-5.06
 20
-134.94
 10
-9.89
 20
-134.94
  0
LWPOLYLINE
100
AcDbEntity
  8
0
100
AcDbPolyline
 90
4
 70
1
 10
-4.94
 20
-130.11
 10
-0.2
 20
-130.11
 10
-0.2
 20
-134.94
 10
-4.94
 20
-134.94
  0
LWPOLYLINE
100
AcDbEntity
  8
0
100
AcDbPolyline
 90
4
 70
1
 10
0.2
 20
-130.11
 10
4.94
 20
-130.11
 10
4.94
 20
-134.94
 10
0.2
 20
-134.94
  0
LWPOLYLINE
100
AcDbEntity
  8
0
100
AcDbPolyline
 90
4
 70
1
 10
5.06
 20
-130.11
 10
9.89
 20
-130.11
 10
9.89
 20
-134.94
 10
5.06
 20
-134.94
  0
LWPOLYLINE
100
AcDbEntity
  8
0
100
AcDbPolyline
 90
4
 70
1
 10
10.11
 20
-130.11
 10
14.94
 20
-130.11
 10
14.94
 20
-134.94
 10
10.11
 20
-134.94
  0
LWPOLYLINE
100
AcDbEntity
  8
0
100
AcDbPolyline
 90
4
 70
1
 10
15.06
 20
-130.11
 10
19.89
 20
-130.11
 10
19.89
 20
-134.94
 10
15.06
 20
-134.94
  0
LWPOLYLINE
100
AcDbEntity
  8
0
100
AcDbPolyline
 90
4
 70
1
 10
20.11
 20
-130.11
 10
24.94
 20
-130.11
 10
24.94
 20
-134.94
 10
20.11
 20
-134.94
  0
LWPOLYLINE
100
AcDbEntity
  8
0
100
AcDbPolyline
 90
4
 70
1
 10
25.06
 20
-130.11
 10
29.89
 20
-130.11
 10
29.89
 20
-134.94
 10
25.06
 20
-134.94
  0
LWPOLYLINE
100
AcDbEntity
  8
0
100
AcDbPolyline
 90
4
 70
1
 10
30.11
 20
-130.11
 10
34.94
 20
-130.11
 10
34.94
 20
-134.94
 10
30.11
 20
-134.94
  0
LWPOLYLINE
100
AcDbEntity
  8
0
100
AcDbPolyline
 90
4
 70
1
 10
35.06
 20
-130.11
 10
39.89
 20
-130.11
 10
39.89
 20
-134.94
 10
35.06
 20
-134.94
  0
LWPOLYLINE
100
AcDbEntity
  8
0
100
AcDbPolyline
 90
4
 70
1
 10
40.11
 20
-130.11
 10
44.94
 20
-130.11
 10
44.94
 20
-134.94
 10
40.11
 20
-134.94
  0
LWPOLYLINE
100
AcDbEntity
  8
0
100
AcDbPolyline
 90
4
 70
1
 10
45.06
 20
-130.11
 10
49.89
 20
-130.11
 10
49.89
 20
-134.94
 10
45.06
 20
-134.94
  0
LWPOLYLINE
100
AcDbEntity
  8
0
100
AcDbPolyline
 90
4
 70
1
 10
50.11
 20
-130.11
 10
54.94
 20
-130.11
 10
54.94
 20
-134.94
 10
50.11
 20
-134.94
  0
LWPOLYLINE
100
AcDbEntity
  8
0
100
AcDbPolyline
 90
4
 70
1
 10
55.06
 20
-130.11
 10
59.89
 20
-130.11
 10
59.89
 20
-134.94
 10
55.06
 20
-134.94
  0
LWPOLYLINE
100
AcDbEntity
  8
0
100
AcDbPolyline
 90
4
 70
1
 10
60.11
 20
-130.11
 10
64.94
 20
-130.11
 10
64.94
 20
-134.94
 10
60.11
 20
-134.94
  0
LWPOLYLINE
100
AcDbEntity
  8
0
100
AcDbPolyline
 90
4
 70
1
 10
67.625
 20
-130.11
 10
69.89
 20
-130.11
 10
69.89
 20
-134.94
 10
67.625
 20
-134.94
  0
LWPOLYLINE
100
AcDbEntity
  8
0
100
AcDbPolyline
 90
4
 70
1
 10
70.11
 20
-130.11
 10
74.94
 20
-130.11
 10
74.94
 20
-134.94
 10
70.11
 20
-134.94
  0
LWPOLYLINE
100
AcDbEntity
  8
0
100
AcDbPolyline
 90
4
 70
1
 10
80.11
 20
-130.11
 10
84.94
 20
-130.11
 10
84.94
 20
-134.94
 10
80.11
 20
-134.94
  0
LWPOLYLINE
100
AcDbEntity
  8
0
100
AcDbPolyline
 90
4
 70
1
 10
85.06
 20
-130.11
 10
89.89
 20
-130.11
 10
89.89
 20
-134.94
 10
85.06
 20
-134.94
  0
LWPOLYLINE
100
AcDbEntity
  8
0
100
AcDbPolyline
 90
4
 70
1
 10
90.11
 20
-130.11
 10
94.94
 20
-130.11
 10
94.94
 20
-134.94
 10
90.11
 20
-134.94
  0
LWPOLYLINE
100
AcDbEntity
  8
0
100
AcDbPolyline
 90
4
 70
1
 10
95.06
 20
-130.11
 10
99.89
 20
-130.11
 10
99.89
 20
-134.94
 10
95.06
 20
-134.94
  0
LWPOLYLINE
100
AcDbEntity
  8
0
100
AcDbPolyline
 90
4
 70
1
 10
100.11
 20
-130.11
 10
104.94
 20
-130.11
 10
104.94
 20
-134.94
 10
100.11
 20
-134.94
  0
LWPOLYLINE
100
AcDbEntity
  8
0
100
AcDbPolyline
 90
4
 70
1
 10
78.6023
 20
-130.11
 10
79.3
 20
-130.11
 10
79.3
 20
-134.94
 10
78.6023
 20
-134.94
  0
LWPOLYLINE
100
AcDbEntity
  8
0
100
AcDbPolyline
 90
4
 70
1
 10
75.06
 20
-130.11
 10
78.1523
 20
-130.11
 10
78.1523
 20
-134.94
 10
75.06
 20
-134.94
  0
LWPOLYLINE
100
AcDbEntity
  8
0
100
AcDbPolyline
 90
4
 70
1
 10
65.06
 20
-130.11
 10
67.075
 20
-130.11
 10
67.075
 20
-134.94
 10
65.06
 20
-134.94
  0
LWPOLYLINE
100
AcDbEntity
  8
0
100
AcDbPolyline
 90
4
 70
1
 10
-69.89
 20
-130.11
 10
-67.625
 20
-130.11
 10
-67.625
 20
-134.94
 10
-69.89
 20
-134.94
  0
LWPOLYLINE
100
AcDbEntity
  8
0
100
AcDbPolyline
 90
4
 70
1
 10
-79.3
 20
-130.11
 10
-78.6023
 20
-130.11
 10
-78.6023
 20
-134.94
 10
-79.3
 20
-134.94
  0
LWPOLYLINE
100
AcDbEntity
  8
0
100
AcDbPolyline
 90
4
 70
1
 10
-104.94
 20
-135.06
 10
-100.11
 20
-135.06
 10
-100.11
 20
-139.89
 10
-104.94
 20
-139.89
  0
LWPOLYLINE
100
AcDbEntity
  8
0
100
AcDbPolyline
 90
4
 70
1
 10
-99.89
 20
-135.06
 10
-95.06
 20
-135.06
 10
-95.06
 20
-139.89
 10
-99.89
 20
-139.89
  0
LWPOLYLINE
100
AcDbEntity
  8
0
100
AcDbPolyline
 90
4
 70
1
 10
-94.94
 20
-135.06
 10
-90.11
 20
-135.06
 10
-90.11
 20
-139.89
 10
-94.94
 20
-139.89
  0
LWPOLYLINE
100
AcDbEntity
  8
0
100
AcDbPolyline
 90
4
 70
1
 10
-89.89
 20
-135.06
 10
-85.06
 20
-135.06
 10
-85.06
 20
-139.89
 10
-89.89
 20
-139.89
  0
LWPOLYLINE
100
AcDbEntity
  8
0
100
AcDbPolyline
 90
4
 70
1
 10
-84.94
 20
-135.06
 10
-80.11
 20
-135.06
 10
-80.11
 20
-139.89
 10
-84.94
 20
-139.89
  0
LWPOLYLINE
100
AcDbEntity
  8
0
100
AcDbPolyline
 90
4
 70
1
 10
-78.1523
 20
-135.06
 10
-75.06
 20
-135.06
 10
-75.06
 20
-139.89
 10
-78.1523
 20
-139.89
  0
LWPOLYLINE
100
AcDbEntity
  8
0
100
AcDbPolyline
 90
4
 70
1
 10
-74.94
 20
-135.06
 10
-70.11
 20
-135.06
 10
-70.11
 20
-139.89
 10
-74.94
 20
-139.89
  0
LWPOLYLINE
100
AcDbEntity
  8
0
100
AcDbPolyline
 90
4
 70
1
 10
-67.075
 20
-135.06
 10
-65.06
 20
-135.06
 10
-65.06
 20
-139.89
 10
-67.075
 20
-139.89
  0
LWPOLYLINE
100
AcDbEntity
  8
0
100
AcDbPolyline
 90
4
 70
1
 10
-64.94
 20
-135.06
 10
-60.11
 20
-135.06
 10
-60.11
 20
-139.89
 10
-64.94
 20
-139.89
  0
LWPOLYLINE
100
AcDbEntity
  8
0
100
AcDbPolyline
 90
4
 70
1
 10
-59.89
 20
-135.06
 10
-55.06
 20
-135.06
 10
-55.06
 20
-139.89
 10
-59.89
 20
-139.89
  0
LWPOLYLINE
100
AcDbEntity
  8
0
100
AcDbPolyline
 90
4
 70
1
 10
-54.94
 20
-135.06
 10
-50.11
 20
-135.06
 10
-50.11
 20
-139.89
 10
-54.94
 20
-139.89
  0
LWPOLYLINE
100
AcDbEntity
  8
0
100
AcDbPolyline
 90
4
 70
1
 10
-49.89
 20
-135.06
 10
-45.06
 20
-135.06
 10
-45.06
 20
-139.89
 10
-49.89
 20
-139.89
  0
LWPOLYLINE
100
AcDbEntity
  8
0
100
AcDbPolyline
 90
4
 70
1
 10
-44.94
 20
-135.06
 10
-40.11
 20
-135.06
 10
-40.11
 20
-139.89
 10
-44.94
 20
-139.89
  0
LWPOLYLINE
100
AcDbEntity
  8
0
100
AcDbPolyline
 90
4
 70
1
 10
-39.89
 20
-135.06
 10
-35.06
 20
-135.06
 10
-35.06
 20
-139.89
 10
-39.89
 20
-139.89
  0
LWPOLYLINE
100
AcDbEntity
  8
0
100
AcDbPolyline
 90
4
 70
1
 10
-34.94
 20
-135.06
 10
-30.11
 20
-135.06
 10
-30.11
 20
-139.89
 10
-34.94
 20
-139.89
  0
LWPOLYLINE
100
AcDbEntity
  8
0
100
AcDbPolyline
 90
4
 70
1
 10
-29.89
 20
-135.06
 10
-25.06
 20
-135.06
 10
-25.06
 20
-139.89
 10
-29.89
 20
-139.89
  0
LWPOLYLINE
100
AcDbEntity
  8
0
100
AcDbPolyline
 90
4
 70
1
 10
-24.94
 20
-135.06
 10
-20.11
 20
-135.06
 10
-20.11
 20
-139.89
 10
-24.94
 20
-139.89
  0
LWPOLYLINE
100
AcDbEntity
  8
0
100
AcDbPolyline
 90
4
 70
1
 10
-19.89
 20
-135.06
 10
-15.06
 20
-135.06
 10
-15.06
 20
-139.89
 10
-19.89
 20
-139.89
  0
LWPOLYLINE
100
AcDbEntity
  8
0
100
AcDbPolyline
 90
4
 70
1
 10
-14.94
 20
-135.06
 10
-10.11
 20
-135.06
 10
-10.11
 20
-139.89
 10
-14.94
 20
-139.89
  0
LWPOLYLINE
100
AcDbEntity
  8
0
100
AcDbPolyline
 90
4
 70
1
 10
-9.89
 20
-135.06
 10
-5.06
 20
-135.06
 10
-5.06
 20
-139.89
 10
-9.89
 20
-139.89
  0
LWPOLYLINE
100
AcDbEntity
  8
0
100
AcDbPolyline
 90
4
 70
1
 10
-4.94
 20
-135.06
 10
-0.2
 20
-135.06
 10
-0.2
 20
-139.89
 10
-4.94
 20
-139.89
  0
LWPOLYLINE
100
AcDbEntity
  8
0
100
AcDbPolyline
 90
4
 70
1
 10
0.2
 20
-135.06
 10
4.94
 20
-135.06
 10
4.94
 20
-139.89
 10
0.2
 20
-139.89
  0
LWPOLYLINE
100
AcDbEntity
  8
0
100
AcDbPolyline
 90
4
 70
1
 10
5.06
 20
-135.06
 10
9.89
 20
-135.06
 10
9.89
 20
-139.89
 10
5.06
 20
-139.89
  0
LWPOLYLINE
100
AcDbEntity
  8
0
100
AcDbPolyline
 90
4
 70
1
 10
10.11
 20
-135.06
 10
14.94
 20
-135.06
 10
14.94
 20
-139.89
 10
10.11
 20
-139.89
  0
LWPOLYLINE
100
AcDbEntity
  8
0
100
AcDbPolyline
 90
4
 70
1
 10
15.06
 20
-135.06
 10
19.89
 20
-135.06
 10
19.89
 20
-139.89
 10
15.06
 20
-139.89
  0
LWPOLYLINE
100
AcDbEntity
  8
0
100
AcDbPolyline
 90
4
 70
1
 10
20.11
 20
-135.06
 10
24.94
 20
-135.06
 10
24.94
 20
-139.89
 10
20.11
 20
-139.89
  0
LWPOLYLINE
100
AcDbEntity
  8
0
100
AcDbPolyline
 90
4
 70
1
 10
25.06
 20
-135.06
 10
29.89
 20
-135.06
 10
29.89
 20
-139.89
 10
25.06
 20
-139.89
  0
LWPOLYLINE
100
AcDbEntity
  8
0
100
AcDbPolyline
 90
4
 70
1
 10
30.11
 20
-135.06
 10
34.94
 20
-135.06
 10
34.94
 20
-139.89
 10
30.11
 20
-139.89
  0
LWPOLYLINE
100
AcDbEntity
  8
0
100
AcDbPolyline
 90
4
 70
1
 10
35.06
 20
-135.06
 10
39.89
 20
-135.06
 10
39.89
 20
-139.89
 10
35.06
 20
-139.89
  0
LWPOLYLINE
100
AcDbEntity
  8
0
100
AcDbPolyline
 90
4
 70
1
 10
40.11
 20
-135.06
 10
44.94
 20
-135.06
 10
44.94
 20
-139.89
 10
40.11
 20
-139.89
  0
LWPOLYLINE
100
AcDbEntity
  8
0
100
AcDbPolyline
 90
4
 70
1
 10
45.06
 20
-135.06
 10
49.89
 20
-135.06
 10
49.89
 20
-139.89
 10
45.06
 20
-139.89
  0
LWPOLYLINE
100
AcDbEntity
  8
0
100
AcDbPolyline
 90
4
 70
1
 10
50.11
 20
-135.06
 10
54.94
 20
-135.06
 10
54.94
 20
-139.89
 10
50.11
 20
-139.89
  0
LWPOLYLINE
100
AcDbEntity
  8
0
100
AcDbPolyline
 90
4
 70
1
 10
55.06
 20
-135.06
 10
59.89
 20
-135.06
 10
59.89
 20
-139.89
 10
55.06
 20
-139.89
  0
LWPOLYLINE
100
AcDbEntity
  8
0
100
AcDbPolyline
 90
4
 70
1
 10
60.11
 20
-135.06
 10
64.94
 20
-135.06
 10
64.94
 20
-139.89
 10
60.11
 20
-139.89
  0
LWPOLYLINE
100
AcDbEntity
  8
0
100
AcDbPolyline
 90
4
 70
1
 10
67.625
 20
-135.06
 10
69.89
 20
-135.06
 10
69.89
 20
-139.89
 10
67.625
 20
-139.89
  0
LWPOLYLINE
100
AcDbEntity
  8
0
100
AcDbPolyline
 90
4
 70
1
 10
70.11
 20
-135.06
 10
74.94
 20
-135.06
 10
74.94
 20
-139.89
 10
70.11
 20
-139.89
  0
LWPOLYLINE
100
AcDbEntity
  8
0
100
AcDbPolyline
 90
4
 70
1
 10
80.11
 20
-135.06
 10
84.94
 20
-135.06
 10
84.94
 20
-139.89
 10
80.11
 20
-139.89
  0
LWPOLYLINE
100
AcDbEntity
  8
0
100
AcDbPolyline
 90
4
 70
1
 10
85.06
 20
-135.06
 10
89.89
 20
-135.06
 10
89.89
 20
-139.89
 10
85.06
 20
-139.89
  0
LWPOLYLINE
100
AcDbEntity
  8
0
100
AcDbPolyline
 90
4
 70
1
 10
90.11
 20
-135.06
 10
94.94
 20
-135.06
 10
94.94
 20
-139.89
 10
90.11
 20
-139.89
  0
LWPOLYLINE
100
AcDbEntity
  8
0
100
AcDbPolyline
 90
4
 70
1
 10
95.06
 20
-135.06
 10
99.89
 20
-135.06
 10
99.89
 20
-139.89
 10
95.06
 20
-139.89
  0
LWPOLYLINE
100
AcDbEntity
  8
0
100
AcDbPolyline
 90
4
 70
1
 10
100.11
 20
-135.06
 10
104.94
 20
-135.06
 10
104.94
 20
-139.89
 10
100.11
 20
-139.89
  0
LWPOLYLINE
100
AcDbEntity
  8
0
100
AcDbPolyline
 90
4
 70
1
 10
78.6023
 20
-135.06
 10
79.3
 20
-135.06
 10
79.3
 20
-139.89
 10
78.6023
 20
-139.89
  0
LWPOLYLINE
100
AcDbEntity
  8
0
100
AcDbPolyline
 90
4
 70
1
 10
75.06
 20
-135.06
 10
78.1523
 20
-135.06
 10
78.1523
 20
-139.89
 10
75.06
 20
-139.89
  0
LWPOLYLINE
100
AcDbEntity
  8
0
100
AcDbPolyline
 90
4
 70
1
 10
65.06
 20
-135.06
 10
67.075
 20
-135.06
 10
67.075
 20
-139.89
 10
65.06
 20
-139.89
  0
LWPOLYLINE
100
AcDbEntity
  8
0
100
AcDbPolyline
 90
4
 70
1
 10
-69.89
 20
-135.06
 10
-67.625
 20
-135.06
 10
-67.625
 20
-139.89
 10
-69.89
 20
-139.89
  0
LWPOLYLINE
100
AcDbEntity
  8
0
100
AcDbPolyline
 90
4
 70
1
 10
-79.3
 20
-135.06
 10
-78.6023
 20
-135.06
 10
-78.6023
 20
-139.89
 10
-79.3
 20
-139.89
  0
LWPOLYLINE
100
AcDbEntity
  8
0
100
AcDbPolyline
 90
4
 70
1
 10
-104.94
 20
-140.11
 10
-100.11
 20
-140.11
 10
-100.11
 20
-144.94
 10
-104.94
 20
-144.94
  0
LWPOLYLINE
100
AcDbEntity
  8
0
100
AcDbPolyline
 90
4
 70
1
 10
-99.89
 20
-140.11
 10
-95.06
 20
-140.11
 10
-95.06
 20
-144.94
 10
-99.89
 20
-144.94
  0
LWPOLYLINE
100
AcDbEntity
  8
0
100
AcDbPolyline
 90
4
 70
1
 10
-94.94
 20
-140.11
 10
-90.11
 20
-140.11
 10
-90.11
 20
-144.94
 10
-94.94
 20
-144.94
  0
LWPOLYLINE
100
AcDbEntity
  8
0
100
AcDbPolyline
 90
4
 70
1
 10
-89.89
 20
-140.11
 10
-85.06
 20
-140.11
 10
-85.06
 20
-144.94
 10
-89.89
 20
-144.94
  0
LWPOLYLINE
100
AcDbEntity
  8
0
100
AcDbPolyline
 90
4
 70
1
 10
-84.94
 20
-140.11
 10
-80.11
 20
-140.11
 10
-80.11
 20
-144.94
 10
-84.94
 20
-144.94
  0
LWPOLYLINE
100
AcDbEntity
  8
0
100
AcDbPolyline
 90
4
 70
1
 10
-78.1523
 20
-140.11
 10
-75.06
 20
-140.11
 10
-75.06
 20
-144.94
 10
-78.1523
 20
-144.94
  0
LWPOLYLINE
100
AcDbEntity
  8
0
100
AcDbPolyline
 90
4
 70
1
 10
-74.94
 20
-140.11
 10
-70.11
 20
-140.11
 10
-70.11
 20
-144.94
 10
-74.94
 20
-144.94
  0
LWPOLYLINE
100
AcDbEntity
  8
0
100
AcDbPolyline
 90
4
 70
1
 10
-67.075
 20
-140.11
 10
-65.06
 20
-140.11
 10
-65.06
 20
-144.94
 10
-67.075
 20
-144.94
  0
LWPOLYLINE
100
AcDbEntity
  8
0
100
AcDbPolyline
 90
4
 70
1
 10
-64.94
 20
-140.11
 10
-60.11
 20
-140.11
 10
-60.11
 20
-144.94
 10
-64.94
 20
-144.94
  0
LWPOLYLINE
100
AcDbEntity
  8
0
100
AcDbPolyline
 90
4
 70
1
 10
-59.89
 20
-140.11
 10
-55.06
 20
-140.11
 10
-55.06
 20
-144.94
 10
-59.89
 20
-144.94
  0
LWPOLYLINE
100
AcDbEntity
  8
0
100
AcDbPolyline
 90
4
 70
1
 10
-54.94
 20
-140.11
 10
-50.11
 20
-140.11
 10
-50.11
 20
-144.94
 10
-54.94
 20
-144.94
  0
LWPOLYLINE
100
AcDbEntity
  8
0
100
AcDbPolyline
 90
4
 70
1
 10
-49.89
 20
-140.11
 10
-45.06
 20
-140.11
 10
-45.06
 20
-144.94
 10
-49.89
 20
-144.94
  0
LWPOLYLINE
100
AcDbEntity
  8
0
100
AcDbPolyline
 90
4
 70
1
 10
-44.94
 20
-140.11
 10
-40.11
 20
-140.11
 10
-40.11
 20
-144.94
 10
-44.94
 20
-144.94
  0
LWPOLYLINE
100
AcDbEntity
  8
0
100
AcDbPolyline
 90
4
 70
1
 10
-39.89
 20
-140.11
 10
-35.06
 20
-140.11
 10
-35.06
 20
-144.94
 10
-39.89
 20
-144.94
  0
LWPOLYLINE
100
AcDbEntity
  8
0
100
AcDbPolyline
 90
4
 70
1
 10
-34.94
 20
-140.11
 10
-30.11
 20
-140.11
 10
-30.11
 20
-144.94
 10
-34.94
 20
-144.94
  0
LWPOLYLINE
100
AcDbEntity
  8
0
100
AcDbPolyline
 90
4
 70
1
 10
-29.89
 20
-140.11
 10
-25.06
 20
-140.11
 10
-25.06
 20
-144.94
 10
-29.89
 20
-144.94
  0
LWPOLYLINE
100
AcDbEntity
  8
0
100
AcDbPolyline
 90
4
 70
1
 10
-24.94
 20
-140.11
 10
-20.11
 20
-140.11
 10
-20.11
 20
-144.94
 10
-24.94
 20
-144.94
  0
LWPOLYLINE
100
AcDbEntity
  8
0
100
AcDbPolyline
 90
4
 70
1
 10
-19.89
 20
-140.11
 10
-15.06
 20
-140.11
 10
-15.06
 20
-144.94
 10
-19.89
 20
-144.94
  0
LWPOLYLINE
100
AcDbEntity
  8
0
100
AcDbPolyline
 90
4
 70
1
 10
-14.94
 20
-140.11
 10
-10.11
 20
-140.11
 10
-10.11
 20
-144.94
 10
-14.94
 20
-144.94
  0
LWPOLYLINE
100
AcDbEntity
  8
0
100
AcDbPolyline
 90
4
 70
1
 10
-9.89
 20
-140.11
 10
-5.06
 20
-140.11
 10
-5.06
 20
-144.94
 10
-9.89
 20
-144.94
  0
LWPOLYLINE
100
AcDbEntity
  8
0
100
AcDbPolyline
 90
4
 70
1
 10
-4.94
 20
-140.11
 10
-0.2
 20
-140.11
 10
-0.2
 20
-144.94
 10
-4.94
 20
-144.94
  0
LWPOLYLINE
100
AcDbEntity
  8
0
100
AcDbPolyline
 90
4
 70
1
 10
0.2
 20
-140.11
 10
4.94
 20
-140.11
 10
4.94
 20
-144.94
 10
0.2
 20
-144.94
  0
LWPOLYLINE
100
AcDbEntity
  8
0
100
AcDbPolyline
 90
4
 70
1
 10
5.06
 20
-140.11
 10
9.89
 20
-140.11
 10
9.89
 20
-144.94
 10
5.06
 20
-144.94
  0
LWPOLYLINE
100
AcDbEntity
  8
0
100
AcDbPolyline
 90
4
 70
1
 10
10.11
 20
-140.11
 10
14.94
 20
-140.11
 10
14.94
 20
-144.94
 10
10.11
 20
-144.94
  0
LWPOLYLINE
100
AcDbEntity
  8
0
100
AcDbPolyline
 90
4
 70
1
 10
15.06
 20
-140.11
 10
19.89
 20
-140.11
 10
19.89
 20
-144.94
 10
15.06
 20
-144.94
  0
LWPOLYLINE
100
AcDbEntity
  8
0
100
AcDbPolyline
 90
4
 70
1
 10
20.11
 20
-140.11
 10
24.94
 20
-140.11
 10
24.94
 20
-144.94
 10
20.11
 20
-144.94
  0
LWPOLYLINE
100
AcDbEntity
  8
0
100
AcDbPolyline
 90
4
 70
1
 10
25.06
 20
-140.11
 10
29.89
 20
-140.11
 10
29.89
 20
-144.94
 10
25.06
 20
-144.94
  0
LWPOLYLINE
100
AcDbEntity
  8
0
100
AcDbPolyline
 90
4
 70
1
 10
30.11
 20
-140.11
 10
34.94
 20
-140.11
 10
34.94
 20
-144.94
 10
30.11
 20
-144.94
  0
LWPOLYLINE
100
AcDbEntity
  8
0
100
AcDbPolyline
 90
4
 70
1
 10
35.06
 20
-140.11
 10
39.89
 20
-140.11
 10
39.89
 20
-144.94
 10
35.06
 20
-144.94
  0
LWPOLYLINE
100
AcDbEntity
  8
0
100
AcDbPolyline
 90
4
 70
1
 10
40.11
 20
-140.11
 10
44.94
 20
-140.11
 10
44.94
 20
-144.94
 10
40.11
 20
-144.94
  0
LWPOLYLINE
100
AcDbEntity
  8
0
100
AcDbPolyline
 90
4
 70
1
 10
45.06
 20
-140.11
 10
49.89
 20
-140.11
 10
49.89
 20
-144.94
 10
45.06
 20
-144.94
  0
LWPOLYLINE
100
AcDbEntity
  8
0
100
AcDbPolyline
 90
4
 70
1
 10
50.11
 20
-140.11
 10
54.94
 20
-140.11
 10
54.94
 20
-144.94
 10
50.11
 20
-144.94
  0
LWPOLYLINE
100
AcDbEntity
  8
0
100
AcDbPolyline
 90
4
 70
1
 10
55.06
 20
-140.11
 10
59.89
 20
-140.11
 10
59.89
 20
-144.94
 10
55.06
 20
-144.94
  0
LWPOLYLINE
100
AcDbEntity
  8
0
100
AcDbPolyline
 90
4
 70
1
 10
60.11
 20
-140.11
 10
64.94
 20
-140.11
 10
64.94
 20
-144.94
 10
60.11
 20
-144.94
  0
LWPOLYLINE
100
AcDbEntity
  8
0
100
AcDbPolyline
 90
4
 70
1
 10
67.625
 20
-140.11
 10
69.89
 20
-140.11
 10
69.89
 20
-144.94
 10
67.625
 20
-144.94
  0
LWPOLYLINE
100
AcDbEntity
  8
0
100
AcDbPolyline
 90
4
 70
1
 10
70.11
 20
-140.11
 10
74.94
 20
-140.11
 10
74.94
 20
-144.94
 10
70.11
 20
-144.94
  0
LWPOLYLINE
100
AcDbEntity
  8
0
100
AcDbPolyline
 90
4
 70
1
 10
80.11
 20
-140.11
 10
84.94
 20
-140.11
 10
84.94
 20
-144.94
 10
80.11
 20
-144.94
  0
LWPOLYLINE
100
AcDbEntity
  8
0
100
AcDbPolyline
 90
4
 70
1
 10
85.06
 20
-140.11
 10
89.89
 20
-140.11
 10
89.89
 20
-144.94
 10
85.06
 20
-144.94
  0
LWPOLYLINE
100
AcDbEntity
  8
0
100
AcDbPolyline
 90
4
 70
1
 10
90.11
 20
-140.11
 10
94.94
 20
-140.11
 10
94.94
 20
-144.94
 10
90.11
 20
-144.94
  0
LWPOLYLINE
100
AcDbEntity
  8
0
100
AcDbPolyline
 90
4
 70
1
 10
95.06
 20
-140.11
 10
99.89
 20
-140.11
 10
99.89
 20
-144.94
 10
95.06
 20
-144.94
  0
LWPOLYLINE
100
AcDbEntity
  8
0
100
AcDbPolyline
 90
4
 70
1
 10
100.11
 20
-140.11
 10
104.94
 20
-140.11
 10
104.94
 20
-144.94
 10
100.11
 20
-144.94
  0
LWPOLYLINE
100
AcDbEntity
  8
0
100
AcDbPolyline
 90
4
 70
1
 10
78.6023
 20
-140.11
 10
79.3
 20
-140.11
 10
79.3
 20
-144.94
 10
78.6023
 20
-144.94
  0
LWPOLYLINE
100
AcDbEntity
  8
0
100
AcDbPolyline
 90
4
 70
1
 10
75.06
 20
-140.11
 10
78.1523
 20
-140.11
 10
78.1523
 20
-144.94
 10
75.06
 20
-144.94
  0
LWPOLYLINE
100
AcDbEntity
  8
0
100
AcDbPolyline
 90
4
 70
1
 10
65.06
 20
-140.11
 10
67.075
 20
-140.11
 10
67.075
 20
-144.94
 10
65.06
 20
-144.94
  0
LWPOLYLINE
100
AcDbEntity
  8
0
100
AcDbPolyline
 90
4
 70
1
 10
-69.89
 20
-140.11
 10
-67.625
 20
-140.11
 10
-67.625
 20
-144.94
 10
-69.89
 20
-144.94
  0
LWPOLYLINE
100
AcDbEntity
  8
0
100
AcDbPolyline
 90
4
 70
1
 10
-79.3
 20
-140.11
 10
-78.6023
 20
-140.11
 10
-78.6023
 20
-144.94
 10
-79.3
 20
-144.94
  0
LWPOLYLINE
100
AcDbEntity
  8
0
100
AcDbPolyline
 90
4
 70
1
 10
-104.94
 20
-145.06
 10
-100.11
 20
-145.06
 10
-100.11
 20
-149.89
 10
-104.94
 20
-149.89
  0
LWPOLYLINE
100
AcDbEntity
  8
0
100
AcDbPolyline
 90
4
 70
1
 10
-99.89
 20
-145.06
 10
-95.06
 20
-145.06
 10
-95.06
 20
-149.89
 10
-99.89
 20
-149.89
  0
LWPOLYLINE
100
AcDbEntity
  8
0
100
AcDbPolyline
 90
4
 70
1
 10
-94.94
 20
-145.06
 10
-90.11
 20
-145.06
 10
-90.11
 20
-149.89
 10
-94.94
 20
-149.89
  0
LWPOLYLINE
100
AcDbEntity
  8
0
100
AcDbPolyline
 90
4
 70
1
 10
-89.89
 20
-145.06
 10
-85.06
 20
-145.06
 10
-85.06
 20
-149.89
 10
-89.89
 20
-149.89
  0
LWPOLYLINE
100
AcDbEntity
  8
0
100
AcDbPolyline
 90
4
 70
1
 10
-84.94
 20
-145.06
 10
-80.11
 20
-145.06
 10
-80.11
 20
-149.89
 10
-84.94
 20
-149.89
  0
LWPOLYLINE
100
AcDbEntity
  8
0
100
AcDbPolyline
 90
4
 70
1
 10
-78.1523
 20
-145.06
 10
-75.06
 20
-145.06
 10
-75.06
 20
-149.89
 10
-78.1523
 20
-149.89
  0
LWPOLYLINE
100
AcDbEntity
  8
0
100
AcDbPolyline
 90
4
 70
1
 10
-74.94
 20
-145.06
 10
-70.11
 20
-145.06
 10
-70.11
 20
-149.89
 10
-74.94
 20
-149.89
  0
LWPOLYLINE
100
AcDbEntity
  8
0
100
AcDbPolyline
 90
4
 70
1
 10
-67.075
 20
-145.06
 10
-65.06
 20
-145.06
 10
-65.06
 20
-148.83
 10
-67.075
 20
-148.83
  0
LWPOLYLINE
100
AcDbEntity
  8
0
100
AcDbPolyline
 90
4
 70
1
 10
-64.94
 20
-145.06
 10
-60.11
 20
-145.06
 10
-60.11
 20
-148.83
 10
-64.94
 20
-148.83
  0
LWPOLYLINE
100
AcDbEntity
  8
0
100
AcDbPolyline
 90
4
 70
1
 10
-59.89
 20
-145.06
 10
-55.06
 20
-145.06
 10
-55.06
 20
-148.83
 10
-59.89
 20
-148.83
  0
LWPOLYLINE
100
AcDbEntity
  8
0
100
AcDbPolyline
 90
4
 70
1
 10
-54.94
 20
-145.06
 10
-50.11
 20
-145.06
 10
-50.11
 20
-148.83
 10
-54.94
 20
-148.83
  0
LWPOLYLINE
100
AcDbEntity
  8
0
100
AcDbPolyline
 90
4
 70
1
 10
-49.89
 20
-145.06
 10
-45.06
 20
-145.06
 10
-45.06
 20
-148.83
 10
-49.89
 20
-148.83
  0
LWPOLYLINE
100
AcDbEntity
  8
0
100
AcDbPolyline
 90
4
 70
1
 10
-44.94
 20
-145.06
 10
-40.11
 20
-145.06
 10
-40.11
 20
-148.83
 10
-44.94
 20
-148.83
  0
LWPOLYLINE
100
AcDbEntity
  8
0
100
AcDbPolyline
 90
4
 70
1
 10
-39.89
 20
-145.06
 10
-35.06
 20
-145.06
 10
-35.06
 20
-148.83
 10
-39.89
 20
-148.83
  0
LWPOLYLINE
100
AcDbEntity
  8
0
100
AcDbPolyline
 90
4
 70
1
 10
-34.94
 20
-145.06
 10
-30.11
 20
-145.06
 10
-30.11
 20
-148.83
 10
-34.94
 20
-148.83
  0
LWPOLYLINE
100
AcDbEntity
  8
0
100
AcDbPolyline
 90
4
 70
1
 10
-29.89
 20
-145.06
 10
-25.06
 20
-145.06
 10
-25.06
 20
-148.83
 10
-29.89
 20
-148.83
  0
LWPOLYLINE
100
AcDbEntity
  8
0
100
AcDbPolyline
 90
4
 70
1
 10
-24.94
 20
-145.06
 10
-20.11
 20
-145.06
 10
-20.11
 20
-148.83
 10
-24.94
 20
-148.83
  0
LWPOLYLINE
100
AcDbEntity
  8
0
100
AcDbPolyline
 90
4
 70
1
 10
-19.89
 20
-145.06
 10
-15.06
 20
-145.06
 10
-15.06
 20
-148.83
 10
-19.89
 20
-148.83
  0
LWPOLYLINE
100
AcDbEntity
  8
0
100
AcDbPolyline
 90
4
 70
1
 10
-14.94
 20
-145.06
 10
-10.11
 20
-145.06
 10
-10.11
 20
-148.83
 10
-14.94
 20
-148.83
  0
LWPOLYLINE
100
AcDbEntity
  8
0
100
AcDbPolyline
 90
4
 70
1
 10
-9.89
 20
-145.06
 10
-5.06
 20
-145.06
 10
-5.06
 20
-148.83
 10
-9.89
 20
-148.83
  0
LWPOLYLINE
100
AcDbEntity
  8
0
100
AcDbPolyline
 90
4
 70
1
 10
-4.94
 20
-145.06
 10
-0.2
 20
-145.06
 10
-0.2
 20
-148.83
 10
-4.94
 20
-148.83
  0
LWPOLYLINE
100
AcDbEntity
  8
0
100
AcDbPolyline
 90
4
 70
1
 10
0.2
 20
-145.06
 10
4.94
 20
-145.06
 10
4.94
 20
-148.83
 10
0.2
 20
-148.83
  0
LWPOLYLINE
100
AcDbEntity
  8
0
100
AcDbPolyline
 90
4
 70
1
 10
5.06
 20
-145.06
 10
9.89
 20
-145.06
 10
9.89
 20
-148.83
 10
5.06
 20
-148.83
  0
LWPOLYLINE
100
AcDbEntity
  8
0
100
AcDbPolyline
 90
4
 70
1
 10
10.11
 20
-145.06
 10
14.94
 20
-145.06
 10
14.94
 20
-148.83
 10
10.11
 20
-148.83
  0
LWPOLYLINE
100
AcDbEntity
  8
0
100
AcDbPolyline
 90
4
 70
1
 10
15.06
 20
-145.06
 10
19.89
 20
-145.06
 10
19.89
 20
-148.83
 10
15.06
 20
-148.83
  0
LWPOLYLINE
100
AcDbEntity
  8
0
100
AcDbPolyline
 90
4
 70
1
 10
20.11
 20
-145.06
 10
24.94
 20
-145.06
 10
24.94
 20
-148.83
 10
20.11
 20
-148.83
  0
LWPOLYLINE
100
AcDbEntity
  8
0
100
AcDbPolyline
 90
4
 70
1
 10
25.06
 20
-145.06
 10
29.89
 20
-145.06
 10
29.89
 20
-148.83
 10
25.06
 20
-148.83
  0
LWPOLYLINE
100
AcDbEntity
  8
0
100
AcDbPolyline
 90
4
 70
1
 10
30.11
 20
-145.06
 10
34.94
 20
-145.06
 10
34.94
 20
-148.83
 10
30.11
 20
-148.83
  0
LWPOLYLINE
100
AcDbEntity
  8
0
100
AcDbPolyline
 90
4
 70
1
 10
35.06
 20
-145.06
 10
39.89
 20
-145.06
 10
39.89
 20
-148.83
 10
35.06
 20
-148.83
  0
LWPOLYLINE
100
AcDbEntity
  8
0
100
AcDbPolyline
 90
4
 70
1
 10
40.11
 20
-145.06
 10
44.94
 20
-145.06
 10
44.94
 20
-148.83
 10
40.11
 20
-148.83
  0
LWPOLYLINE
100
AcDbEntity
  8
0
100
AcDbPolyline
 90
4
 70
1
 10
45.06
 20
-145.06
 10
49.89
 20
-145.06
 10
49.89
 20
-148.83
 10
45.06
 20
-148.83
  0
LWPOLYLINE
100
AcDbEntity
  8
0
100
AcDbPolyline
 90
4
 70
1
 10
50.11
 20
-145.06
 10
54.94
 20
-145.06
 10
54.94
 20
-148.83
 10
50.11
 20
-148.83
  0
LWPOLYLINE
100
AcDbEntity
  8
0
100
AcDbPolyline
 90
4
 70
1
 10
55.06
 20
-145.06
 10
59.89
 20
-145.06
 10
59.89
 20
-148.83
 10
55.06
 20
-148.83
  0
LWPOLYLINE
100
AcDbEntity
  8
0
100
AcDbPolyline
 90
4
 70
1
 10
60.11
 20
-145.06
 10
64.94
 20
-145.06
 10
64.94
 20
-148.83
 10
60.11
 20
-148.83
  0
LWPOLYLINE
100
AcDbEntity
  8
0
100
AcDbPolyline
 90
8
 70
1
 10
65.06
 20
-149.38
 10
67.35
 20
-149.38
 10
67.35
 20
-149.105
 10
67.625
 20
-149.105
 10
67.625
 20
-145.06
 10
69.89
 20
-145.06
 10
69.89
 20
-149.89
 10
65.06
 20
-149.89
  0
LWPOLYLINE
100
AcDbEntity
  8
0
100
AcDbPolyline
 90
4
 70
1
 10
70.11
 20
-145.06
 10
74.94
 20
-145.06
 10
74.94
 20
-149.89
 10
70.11
 20
-149.89
  0
LWPOLYLINE
100
AcDbEntity
  8
0
100
AcDbPolyline
 90
4
 70
1
 10
80.11
 20
-145.06
 10
84.94
 20
-145.06
 10
84.94
 20
-149.89
 10
80.11
 20
-149.89
  0
LWPOLYLINE
100
AcDbEntity
  8
0
100
AcDbPolyline
 90
4
 70
1
 10
85.06
 20
-145.06
 10
89.89
 20
-145.06
 10
89.89
 20
-149.89
 10
85.06
 20
-149.89
  0
LWPOLYLINE
100
AcDbEntity
  8
0
100
AcDbPolyline
 90
4
 70
1
 10
90.11
 20
-145.06
 10
94.94
 20
-145.06
 10
94.94
 20
-149.89
 10
90.11
 20
-149.89
  0
LWPOLYLINE
100
AcDbEntity
  8
0
100
AcDbPolyline
 90
4
 70
1
 10
95.06
 20
-145.06
 10
99.89
 20
-145.06
 10
99.89
 20
-149.89
 10
95.06
 20
-149.89
  0
LWPOLYLINE
100
AcDbEntity
  8
0
100
AcDbPolyline
 90
4
 70
1
 10
100.11
 20
-145.06
 10
104.94
 20
-145.06
 10
104.94
 20
-149.89
 10
100.11
 20
-149.89
  0
LWPOLYLINE
100
AcDbEntity
  8
0
100
AcDbPolyline
 90
4
 70
1
 10
78.6023
 20
-145.06
 10
79.3
 20
-145.06
 10
79.3
 20
-149.89
 10
78.6023
 20
-149.89
  0
LWPOLYLINE
100
AcDbEntity
  8
0
100
AcDbPolyline
 90
4
 70
1
 10
75.06
 20
-145.06
 10
78.1523
 20
-145.06
 10
78.1523
 20
-149.89
 10
75.06
 20
-149.89
  0
LWPOLYLINE
100
AcDbEntity
  8
0
100
AcDbPolyline
 90
4
 70
1
 10
65.06
 20
-145.06
 10
67.075
 20
-145.06
 10
67.075
 20
-148.83
 10
65.06
 20
-148.83
  0
LWPOLYLINE
100
AcDbEntity
  8
0
100
AcDbPolyline
 90
8
 70
1
 10
-69.89
 20
-145.06
 10
-67.625
 20
-145.06
 10
-67.625
 20
-149.105
 10
-67.35
 20
-149.105
 10
-67.35
 20
-149.38
 10
-65.06
 20
-149.38
 10
-65.06
 20
-149.89
 10
-69.89
 20
-149.89
  0
LWPOLYLINE
100
AcDbEntity
  8
0
100
AcDbPolyline
 90
4
 70
1
 10
-79.3
 20
-145.06
 10
-78.6023
 20
-145.06
 10
-78.6023
 20
-149.89
 10
-79.3
 20
-149.89
  0
LWPOLYLINE
100
AcDbEntity
  8
0
100
AcDbPolyline
 90
4
 70
1
 10
-64.94
 20
-149.38
 10
-60.11
 20
-149.38
 10
-60.11
 20
-149.89
 10
-64.94
 20
-149.89
  0
LWPOLYLINE
100
AcDbEntity
  8
0
100
AcDbPolyline
 90
4
 70
1
 10
-59.89
 20
-149.38
 10
-55.06
 20
-149.38
 10
-55.06
 20
-149.89
 10
-59.89
 20
-149.89
  0
LWPOLYLINE
100
AcDbEntity
  8
0
100
AcDbPolyline
 90
4
 70
1
 10
-54.94
 20
-149.38
 10
-50.11
 20
-149.38
 10
-50.11
 20
-149.89
 10
-54.94
 20
-149.89
  0
LWPOLYLINE
100
AcDbEntity
  8
0
100
AcDbPolyline
 90
4
 70
1
 10
-49.89
 20
-149.38
 10
-45.06
 20
-149.38
 10
-45.06
 20
-149.89
 10
-49.89
 20
-149.89
  0
LWPOLYLINE
100
AcDbEntity
  8
0
100
AcDbPolyline
 90
4
 70
1
 10
-44.94
 20
-149.38
 10
-40.11
 20
-149.38
 10
-40.11
 20
-149.89
 10
-44.94
 20
-149.89
  0
LWPOLYLINE
100
AcDbEntity
  8
0
100
AcDbPolyline
 90
4
 70
1
 10
-39.89
 20
-149.38
 10
-35.06
 20
-149.38
 10
-35.06
 20
-149.89
 10
-39.89
 20
-149.89
  0
LWPOLYLINE
100
AcDbEntity
  8
0
100
AcDbPolyline
 90
4
 70
1
 10
-34.94
 20
-149.38
 10
-30.11
 20
-149.38
 10
-30.11
 20
-149.89
 10
-34.94
 20
-149.89
  0
LWPOLYLINE
100
AcDbEntity
  8
0
100
AcDbPolyline
 90
4
 70
1
 10
-29.89
 20
-149.38
 10
-25.06
 20
-149.38
 10
-25.06
 20
-149.89
 10
-29.89
 20
-149.89
  0
LWPOLYLINE
100
AcDbEntity
  8
0
100
AcDbPolyline
 90
4
 70
1
 10
-24.94
 20
-149.38
 10
-20.11
 20
-149.38
 10
-20.11
 20
-149.89
 10
-24.94
 20
-149.89
  0
LWPOLYLINE
100
AcDbEntity
  8
0
100
AcDbPolyline
 90
4
 70
1
 10
-19.89
 20
-149.38
 10
-15.06
 20
-149.38
 10
-15.06
 20
-149.89
 10
-19.89
 20
-149.89
  0
LWPOLYLINE
100
AcDbEntity
  8
0
100
AcDbPolyline
 90
4
 70
1
 10
-14.94
 20
-149.38
 10
-10.11
 20
-149.38
 10
-10.11
 20
-149.89
 10
-14.94
 20
-149.89
  0
LWPOLYLINE
100
AcDbEntity
  8
0
100
AcDbPolyline
 90
4
 70
1
 10
-9.89
 20
-149.38
 10
-5.06
 20
-149.38
 10
-5.06
 20
-149.89
 10
-9.89
 20
-149.89
  0
LWPOLYLINE
100
AcDbEntity
  8
0
100
AcDbPolyline
 90
4
 70
1
 10
-4.94
 20
-149.38
 10
-0.2
 20
-149.38
 10
-0.2
 20
-149.89
 10
-4.94
 20
-149.89
  0
LWPOLYLINE
100
AcDbEntity
  8
0
100
AcDbPolyline
 90
4
 70
1
 10
0.2
 20
-149.38
 10
4.94
 20
-149.38
 10
4.94
 20
-149.89
 10
0.2
 20
-149.89
  0
LWPOLYLINE
100
AcDbEntity
  8
0
100
AcDbPolyline
 90
4
 70
1
 10
5.06
 20
-149.38
 10
9.89
 20
-149.38
 10
9.89
 20
-149.89
 10
5.06
 20
-149.89
  0
LWPOLYLINE
100
AcDbEntity
  8
0
100
AcDbPolyline
 90
4
 70
1
 10
10.11
 20
-149.38
 10
14.94
 20
-149.38
 10
14.94
 20
-149.89
 10
10.11
 20
-149.89
  0
LWPOLYLINE
100
AcDbEntity
  8
0
100
AcDbPolyline
 90
4
 70
1
 10
15.06
 20
-149.38
 10
19.89
 20
-149.38
 10
19.89
 20
-149.89
 10
15.06
 20
-149.89
  0
LWPOLYLINE
100
AcDbEntity
  8
0
100
AcDbPolyline
 90
4
 70
1
 10
20.11
 20
-149.38
 10
24.94
 20
-149.38
 10
24.94
 20
-149.89
 10
20.11
 20
-149.89
  0
LWPOLYLINE
100
AcDbEntity
  8
0
100
AcDbPolyline
 90
4
 70
1
 10
25.06
 20
-149.38
 10
29.89
 20
-149.38
 10
29.89
 20
-149.89
 10
25.06
 20
-149.89
  0
LWPOLYLINE
100
AcDbEntity
  8
0
100
AcDbPolyline
 90
4
 70
1
 10
30.11
 20
-149.38
 10
34.94
 20
-149.38
 10
34.94
 20
-149.89
 10
30.11
 20
-149.89
  0
LWPOLYLINE
100
AcDbEntity
  8
0
100
AcDbPolyline
 90
4
 70
1
 10
35.06
 20
-149.38
 10
39.89
 20
-149.38
 10
39.89
 20
-149.89
 10
35.06
 20
-149.89
  0
LWPOLYLINE
100
AcDbEntity
  8
0
100
AcDbPolyline
 90
4
 70
1
 10
40.11
 20
-149.38
 10
44.94
 20
-149.38
 10
44.94
 20
-149.89
 10
40.11
 20
-149.89
  0
LWPOLYLINE
100
AcDbEntity
  8
0
100
AcDbPolyline
 90
4
 70
1
 10
45.06
 20
-149.38
 10
49.89
 20
-149.38
 10
49.89
 20
-149.89
 10
45.06
 20
-149.89
  0
LWPOLYLINE
100
AcDbEntity
  8
0
100
AcDbPolyline
 90
4
 70
1
 10
50.11
 20
-149.38
 10
54.94
 20
-149.38
 10
54.94
 20
-149.89
 10
50.11
 20
-149.89
  0
LWPOLYLINE
100
AcDbEntity
  8
0
100
AcDbPolyline
 90
4
 70
1
 10
55.06
 20
-149.38
 10
59.89
 20
-149.38
 10
59.89
 20
-149.89
 10
55.06
 20
-149.89
  0
LWPOLYLINE
100
AcDbEntity
  8
0
100
AcDbPolyline
 90
4
 70
1
 10
60.11
 20
-149.38
 10
64.94
 20
-149.38
 10
64.94
 20
-149.89
 10
60.11
 20
-149.89
  0
LWPOLYLINE
100
AcDbEntity
  8
0
100
AcDbPolyline
 90
4
 70
1
 10
-104.94
 20
-150.11
 10
-100.11
 20
-150.11
 10
-100.11
 20
-154.94
 10
-104.94
 20
-154.94
  0
LWPOLYLINE
100
AcDbEntity
  8
0
100
AcDbPolyline
 90
4
 70
1
 10
-99.89
 20
-150.11
 10
-95.06
 20
-150.11
 10
-95.06
 20
-154.94
 10
-99.89
 20
-154.94
  0
LWPOLYLINE
100
AcDbEntity
  8
0
100
AcDbPolyline
 90
4
 70
1
 10
-94.94
 20
-150.11
 10
-90.11
 20
-150.11
 10
-90.11
 20
-154.94
 10
-94.94
 20
-154.94
  0
LWPOLYLINE
100
AcDbEntity
  8
0
100
AcDbPolyline
 90
4
 70
1
 10
-89.89
 20
-150.11
 10
-85.06
 20
-150.11
 10
-85.06
 20
-154.94
 10
-89.89
 20
-154.94
  0
LWPOLYLINE
100
AcDbEntity
  8
0
100
AcDbPolyline
 90
4
 70
1
 10
-84.94
 20
-150.11
 10
-80.11
 20
-150.11
 10
-80.11
 20
-154.94
 10
-84.94
 20
-154.94
  0
LWPOLYLINE
100
AcDbEntity
  8
0
100
AcDbPolyline
 90
4
 70
1
 10
-78.1523
 20
-150.11
 10
-75.06
 20
-150.11
 10
-75.06
 20
-154.94
 10
-78.1523
 20
-154.94
  0
LWPOLYLINE
100
AcDbEntity
  8
0
100
AcDbPolyline
 90
7
 70
1
 10
-70.2246
 20
-150.975
 10
-70.4296
 20
-150.682
 10
-70.6823
 20
-150.43
 10
-70.975
 20
-150.225
 10
-71.2209
 20
-150.11
 10
-70.11
 20
-150.11
 10
-70.11
 20
-151.221
  0
LWPOLYLINE
100
AcDbEntity
  8
0
100
AcDbPolyline
 90
4
 70
1
 10
-69.89
 20
-150.11
 10
-65.06
 20
-150.11
 10
-65.06
 20
-154.94
 10
-69.89
 20
-154.94
  0
LWPOLYLINE
100
AcDbEntity
  8
0
100
AcDbPolyline
 90
4
 70
1
 10
-64.94
 20
-150.11
 10
-60.11
 20
-150.11
 10
-60.11
 20
-154.94
 10
-64.94
 20
-154.94
  0
LWPOLYLINE
100
AcDbEntity
  8
0
100
AcDbPolyline
 90
4
 70
1
 10
-59.89
 20
-150.11
 10
-55.06
 20
-150.11
 10
-55.06
 20
-154.94
 10
-59.89
 20
-154.94
  0
LWPOLYLINE
100
AcDbEntity
  8
0
100
AcDbPolyline
 90
4
 70
1
 10
-54.94
 20
-150.11
 10
-50.11
 20
-150.11
 10
-50.11
 20
-154.94
 10
-54.94
 20
-154.94
  0
LWPOLYLINE
100
AcDbEntity
  8
0
100
AcDbPolyline
 90
4
 70
1
 10
-49.89
 20
-150.11
 10
-45.06
 20
-150.11
 10
-45.06
 20
-154.94
 10
-49.89
 20
-154.94
  0
LWPOLYLINE
100
AcDbEntity
  8
0
100
AcDbPolyline
 90
4
 70
1
 10
-44.94
 20
-150.11
 10
-40.11
 20
-150.11
 10
-40.11
 20
-154.94
 10
-44.94
 20
-154.94
  0
LWPOLYLINE
100
AcDbEntity
  8
0
100
AcDbPolyline
 90
4
 70
1
 10
-39.89
 20
-150.11
 10
-35.06
 20
-150.11
 10
-35.06
 20
-154.94
 10
-39.89
 20
-154.94
  0
LWPOLYLINE
100
AcDbEntity
  8
0
100
AcDbPolyline
 90
4
 70
1
 10
-34.94
 20
-150.11
 10
-30.11
 20
-150.11
 10
-30.11
 20
-154.94
 10
-34.94
 20
-154.94
  0
LWPOLYLINE
100
AcDbEntity
  8
0
100
AcDbPolyline
 90
4
 70
1
 10
-29.89
 20
-150.11
 10
-25.06
 20
-150.11
 10
-25.06
 20
-154.94
 10
-29.89
 20
-154.94
  0
LWPOLYLINE
100
AcDbEntity
  8
0
100
AcDbPolyline
 90
4
 70
1
 10
-24.94
 20
-150.11
 10
-20.11
 20
-150.11
 10
-20.11
 20
-154.94
 10
-24.94
 20
-154.94
  0
LWPOLYLINE
100
AcDbEntity
  8
0
100
AcDbPolyline
 90
4
 70
1
 10
-19.89
 20
-150.11
 10
-15.06
 20
-150.11
 10
-15.06
 20
-154.94
 10
-19.89
 20
-154.94
  0
LWPOLYLINE
100
AcDbEntity
  8
0
100
AcDbPolyline
 90
4
 70
1
 10
-14.94
 20
-150.11
 10
-10.11
 20
-150.11
 10
-10.11
 20
-154.94
 10
-14.94
 20
-154.94
  0
LWPOLYLINE
100
AcDbEntity
  8
0
100
AcDbPolyline
 90
4
 70
1
 10
-9.89
 20
-150.11
 10
-5.06
 20
-150.11
 10
-5.06
 20
-154.94
 10
-9.89
 20
-154.94
  0
LWPOLYLINE
100
AcDbEntity
  8
0
100
AcDbPolyline
 90
4
 70
1
 10
-4.94
 20
-150.11
 10
-0.2
 20
-150.11
 10
-0.2
 20
-154.94
 10
-4.94
 20
-154.94
  0
LWPOLYLINE
100
AcDbEntity
  8
0
100
AcDbPolyline
 90
4
 70
1
 10
0.2
 20
-150.11
 10
4.94
 20
-150.11
 10
4.94
 20
-154.94
 10
0.2
 20
-154.94
  0
LWPOLYLINE
100
AcDbEntity
  8
0
100
AcDbPolyline
 90
4
 70
1
 10
5.06
 20
-150.11
 10
9.89
 20
-150.11
 10
9.89
 20
-154.94
 10
5.06
 20
-154.94
  0
LWPOLYLINE
100
AcDbEntity
  8
0
100
AcDbPolyline
 90
4
 70
1
 10
10.11
 20
-150.11
 10
14.94
 20
-150.11
 10
14.94
 20
-154.94
 10
10.11
 20
-154.94
  0
LWPOLYLINE
100
AcDbEntity
  8
0
100
AcDbPolyline
 90
4
 70
1
 10
15.06
 20
-150.11
 10
19.89
 20
-150.11
 10
19.89
 20
-154.94
 10
15.06
 20
-154.94
  0
LWPOLYLINE
100
AcDbEntity
  8
0
100
AcDbPolyline
 90
4
 70
1
 10
20.11
 20
-150.11
 10
24.94
 20
-150.11
 10
24.94
 20
-154.94
 10
20.11
 20
-154.94
  0
LWPOLYLINE
100
AcDbEntity
  8
0
100
AcDbPolyline
 90
4
 70
1
 10
25.06
 20
-150.11
 10
29.89
 20
-150.11
 10
29.89
 20
-154.94
 10
25.06
 20
-154.94
  0
LWPOLYLINE
100
AcDbEntity
  8
0
100
AcDbPolyline
 90
4
 70
1
 10
30.11
 20
-150.11
 10
34.94
 20
-150.11
 10
34.94
 20
-154.94
 10
30.11
 20
-154.94
  0
LWPOLYLINE
100
AcDbEntity
  8
0
100
AcDbPolyline
 90
4
 70
1
 10
35.06
 20
-150.11
 10
39.89
 20
-150.11
 10
39.89
 20
-154.94
 10
35.06
 20
-154.94
  0
LWPOLYLINE
100
AcDbEntity
  8
0
100
AcDbPolyline
 90
4
 70
1
 10
40.11
 20
-150.11
 10
44.94
 20
-150.11
 10
44.94
 20
-154.94
 10
40.11
 20
-154.94
  0
LWPOLYLINE
100
AcDbEntity
  8
0
100
AcDbPolyline
 90
4
 70
1
 10
45.06
 20
-150.11
 10
49.89
 20
-150.11
 10
49.89
 20
-154.94
 10
45.06
 20
-154.94
  0
LWPOLYLINE
100
AcDbEntity
  8
0
100
AcDbPolyline
 90
4
 70
1
 10
50.11
 20
-150.11
 10
54.94
 20
-150.11
 10
54.94
 20
-154.94
 10
50.11
 20
-154.94
  0
LWPOLYLINE
100
AcDbEntity
  8
0
100
AcDbPolyline
 90
4
 70
1
 10
55.06
 20
-150.11
 10
59.89
 20
-150.11
 10
59.89
 20
-154.94
 10
55.06
 20
-154.94
  0
LWPOLYLINE
100
AcDbEntity
  8
0
100
AcDbPolyline
 90
4
 70
1
 10
60.11
 20
-150.11
 10
64.94
 20
-150.11
 10
64.94
 20
-154.94
 10
60.11
 20
-154.94
  0
LWPOLYLINE
100
AcDbEntity
  8
0
100
AcDbPolyline
 90
4
 70
1
 10
65.06
 20
-150.11
 10
69.89
 20
-150.11
 10
69.89
 20
-154.94
 10
65.06
 20
-154.94
  0
LWPOLYLINE
100
AcDbEntity
  8
0
100
AcDbPolyline
 90
27
 70
1
 10
70.11
 20
-152.779
 10
70.2246
 20
-153.025
 10
70.4296
 20
-153.318
 10
70.6823
 20
-153.57
 10
70.975
 20
-153.775
 10
71.2989
 20
-153.926
 10
71.644
 20
-154.019
 10
72
 20
-154.05
 10
72.356
 20
-154.019
 10
72.7011
 20
-153.926
 10
73.025
 20
-153.775
 10
73.3177
 20
-153.57
 10
73.5704
 20
-153.318
 10
73.7754
 20
-153.025
 10
73.9264
 20
-152.701
 10
74.0189
 20
-152.356
 10
74.05
 20
-152
 10
74.0189
 20
-151.644
 10
73.9264
 20
-151.299
 10
73.7754
 20
-150.975
 10
73.5704
 20
-150.682
 10
73.3177
 20
-150.43
 10
73.025
 20
-150.225
 10
72.7791
 20
-150.11
 10
74.94
 20
-150.11
 10
74.94
 20
-154.94
 10
70.11
 20
-154.94
  0
LWPOLYLINE
100
AcDbEntity
  8
0
100
AcDbPolyline
 90
4
 70
1
 10
80.11
 20
-150.11
 10
84.94
 20
-150.11
 10
84.94
 20
-154.94
 10
80.11
 20
-154.94
  0
LWPOLYLINE
100
AcDbEntity
  8
0
100
AcDbPolyline
 90
4
 70
1
 10
85.06
 20
-150.11
 10
89.89
 20
-150.11
 10
89.89
 20
-154.94
 10
85.06
 20
-154.94
  0
LWPOLYLINE
100
AcDbEntity
  8
0
100
AcDbPolyline
 90
4
 70
1
 10
90.11
 20
-150.11
 10
94.94
 20
-150.11
 10
94.94
 20
-154.94
 10
90.11
 20
-154.94
  0
LWPOLYLINE
100
AcDbEntity
  8
0
100
AcDbPolyline
 90
4
 70
1
 10
95.06
 20
-150.11
 10
99.89
 20
-150.11
 10
99.89
 20
-154.94
 10
95.06
 20
-154.94
  0
LWPOLYLINE
100
AcDbEntity
  8
0
100
AcDbPolyline
 90
4
 70
1
 10
100.11
 20
-150.11
 10
104.94
 20
-150.11
 10
104.94
 20
-154.94
 10
100.11
 20
-154.94
  0
LWPOLYLINE
100
AcDbEntity
  8
0
100
AcDbPolyline
 90
4
 70
1
 10
78.6023
 20
-150.11
 10
79.3
 20
-150.11
 10
79.3
 20
-154.94
 10
78.6023
 20
-154.94
  0
LWPOLYLINE
100
AcDbEntity
  8
0
100
AcDbPolyline
 90
4
 70
1
 10
75.06
 20
-150.11
 10
78.1523
 20
-150.11
 10
78.1523
 20
-154.94
 10
75.06
 20
-154.94
  0
LWPOLYLINE
100
AcDbEntity
  8
0
100
AcDbPolyline
 90
7
 70
1
 10
70.11
 20
-150.11
 10
71.2209
 20
-150.11
 10
70.975
 20
-150.225
 10
70.6823
 20
-150.43
 10
70.4296
 20
-150.682
 10
70.2246
 20
-150.975
 10
70.11
 20
-151.221
  0
LWPOLYLINE
100
AcDbEntity
  8
0
100
AcDbPolyline
 90
27
 70
1
 10
-74.94
 20
-150.11
 10
-72.7791
 20
-150.11
 10
-73.025
 20
-150.225
 10
-73.3177
 20
-150.43
 10
-73.5704
 20
-150.682
 10
-73.7754
 20
-150.975
 10
-73.9264
 20
-151.299
 10
-74.0189
 20
-151.644
 10
-74.05
 20
-152
 10
-74.0189
 20
-152.356
 10
-73.9264
 20
-152.701
 10
-73.7754
 20
-153.025
 10
-73.5704
 20
-153.318
 10
-73.3177
 20
-153.57
 10
-73.025
 20
-153.775
 10
-72.7011
 20
-153.926
 10
-72.356
 20
-154.019
 10
-72
 20
-154.05
 10
-71.644
 20
-154.019
 10
-71.2989
 20
-153.926
 10
-70.975
 20
-153.775
 10
-70.6823
 20
-153.57
 10
-70.4296
 20
-153.318
 10
-70.2246
 20
-153.025
 10
-70.11
 20
-152.779
 10
-70.11
 20
-154.94
 10
-74.94
 20
-154.94
  0
LWPOLYLINE
100
AcDbEntity
  8
0
100
AcDbPolyline
 90
4
 70
1
 10
-79.3
 20
-150.11
 10
-78.6023
 20
-150.11
 10
-78.6023
 20
-154.94
 10
-79.3
 20
-154.94
  0
LWPOLYLINE
100
AcDbEntity
  8
0
100
AcDbPolyline
 90
36
 70
1
 10
-72.2605
 20
-153.477
 10
-72.513
 20
-153.41
 10
-72.75
 20
-153.299
 10
-72.9642
 20
-153.149
 10
-73.1491
 20
-152.964
 10
-73.299
 20
-152.75
 10
-73.4095
 20
-152.513
 10
-73.4772
 20
-152.26
 10
-73.5
 20
-152
 10
-73.4772
 20
-151.74
 10
-73.4095
 20
-151.487
 10
-73.299
 20
-151.25
 10
-73.1491
 20
-151.036
 10
-72.9642
 20
-150.851
 10
-72.75
 20
-150.701
 10
-72.513
 20
-150.59
 10
-72.2605
 20
-150.523
 10
-72
 20
-150.5
 10
-71.7395
 20
-150.523
 10
-71.487
 20
-150.59
 10
-71.25
 20
-150.701
 10
-71.0358
 20
-150.851
 10
-70.8509
 20
-151.036
 10
-70.701
 20
-151.25
 10
-70.5905
 20
-151.487
 10
-70.5228
 20
-151.74
 10
-70.5
 20
-152
 10
-70.5228
 20
-152.26
 10
-70.5905
 20
-152.513
 10
-70.701
 20
-152.75
 10
-70.8509
 20
-152.964
 10
-71.0358
 20
-153.149
 10
-71.25
 20
-153.299
 10
-71.487
 20
-153.41
 10
-71.7395
 20
-153.477
 10
-72
 20
-153.5
  0
LWPOLYLINE
100
AcDbEntity
  8
0
100
AcDbPolyline
 90
36
 70
1
 10
71.7395
 20
-153.477
 10
71.487
 20
-153.41
 10
71.25
 20
-153.299
 10
71.0358
 20
-153.149
 10
70.8509
 20
-152.964
 10
70.701
 20
-152.75
 10
70.5905
 20
-152.513
 10
70.5228
 20
-152.26
 10
70.5
 20
-152
 10
70.5228
 20
-151.74
 10
70.5905
 20
-151.487
 10
70.701
 20
-151.25
 10
70.8509
 20
-151.036
 10
71.0358
 20
-150.851
 10
71.25
 20
-150.701
 10
71.487
 20
-150.59
 10
71.7395
 20
-150.523
 10
72
 20
-150.5
 10
72.2605
 20
-150.523
 10
72.513
 20
-150.59
 10
72.75
 20
-150.701
 10
72.9642
 20
-150.851
 10
73.1491
 20
-151.036
 10
73.299
 20
-151.25
 10
73.4095
 20
-151.487
 10
73.4772
 20
-151.74
 10
73.5
 20
-152
 10
73.4772
 20
-152.26
 10
73.4095
 20
-152.513
 10
73.299
 20
-152.75
 10
73.1491
 20
-152.964
 10
72.9642
 20
-153.149
 10
72.75
 20
-153.299
 10
72.513
 20
-153.41
 10
72.2605
 20
-153.477
 10
72
 20
-153.5
  0
LWPOLYLINE
100
AcDbEntity
  8
0
100
AcDbPolyline
 90
4
 70
1
 10
-104.94
 20
-155.06
 10
-100.11
 20
-155.06
 10
-100.11
 20
-159.89
 10
-104.94
 20
-159.89
  0
LWPOLYLINE
100
AcDbEntity
  8
0
100
AcDbPolyline
 90
4
 70
1
 10
-99.89
 20
-155.06
 10
-95.06
 20
-155.06
 10
-95.06
 20
-159.89
 10
-99.89
 20
-159.89
  0
LWPOLYLINE
100
AcDbEntity
  8
0
100
AcDbPolyline
 90
4
 70
1
 10
-94.94
 20
-155.06
 10
-90.11
 20
-155.06
 10
-90.11
 20
-159.89
 10
-94.94
 20
-159.89
  0
LWPOLYLINE
100
AcDbEntity
  8
0
100
AcDbPolyline
 90
4
 70
1
 10
-89.89
 20
-155.06
 10
-85.06
 20
-155.06
 10
-85.06
 20
-159.89
 10
-89.89
 20
-159.89
  0
LWPOLYLINE
100
AcDbEntity
  8
0
100
AcDbPolyline
 90
4
 70
1
 10
-84.94
 20
-155.06
 10
-80.11
 20
-155.06
 10
-80.11
 20
-159.89
 10
-84.94
 20
-159.89
  0
LWPOLYLINE
100
AcDbEntity
  8
0
100
AcDbPolyline
 90
4
 70
1
 10
-78.1523
 20
-155.06
 10
-75.06
 20
-155.06
 10
-75.06
 20
-158.156
 10
-78.1523
 20
-158.156
  0
LWPOLYLINE
100
AcDbEntity
  8
0
100
AcDbPolyline
 90
4
 70
1
 10
-74.94
 20
-155.06
 10
-70.11
 20
-155.06
 10
-70.11
 20
-158.156
 10
-74.94
 20
-158.156
  0
LWPOLYLINE
100
AcDbEntity
  8
0
100
AcDbPolyline
 90
4
 70
1
 10
-69.89
 20
-155.06
 10
-65.06
 20
-155.06
 10
-65.06
 20
-158.156
 10
-69.89
 20
-158.156
  0
LWPOLYLINE
100
AcDbEntity
  8
0
100
AcDbPolyline
 90
4
 70
1
 10
-64.94
 20
-155.06
 10
-60.11
 20
-155.06
 10
-60.11
 20
-158.156
 10
-64.94
 20
-158.156
  0
LWPOLYLINE
100
AcDbEntity
  8
0
100
AcDbPolyline
 90
4
 70
1
 10
-59.89
 20
-155.06
 10
-55.06
 20
-155.06
 10
-55.06
 20
-158.156
 10
-59.89
 20
-158.156
  0
LWPOLYLINE
100
AcDbEntity
  8
0
100
AcDbPolyline
 90
4
 70
1
 10
-54.94
 20
-155.06
 10
-50.11
 20
-155.06
 10
-50.11
 20
-158.156
 10
-54.94
 20
-158.156
  0
LWPOLYLINE
100
AcDbEntity
  8
0
100
AcDbPolyline
 90
4
 70
1
 10
-49.89
 20
-155.06
 10
-45.06
 20
-155.06
 10
-45.06
 20
-158.156
 10
-49.89
 20
-158.156
  0
LWPOLYLINE
100
AcDbEntity
  8
0
100
AcDbPolyline
 90
4
 70
1
 10
-44.94
 20
-155.06
 10
-40.11
 20
-155.06
 10
-40.11
 20
-158.156
 10
-44.94
 20
-158.156
  0
LWPOLYLINE
100
AcDbEntity
  8
0
100
AcDbPolyline
 90
4
 70
1
 10
-39.89
 20
-155.06
 10
-35.06
 20
-155.06
 10
-35.06
 20
-158.156
 10
-39.89
 20
-158.156
  0
LWPOLYLINE
100
AcDbEntity
  8
0
100
AcDbPolyline
 90
4
 70
1
 10
-34.94
 20
-155.06
 10
-30.11
 20
-155.06
 10
-30.11
 20
-158.156
 10
-34.94
 20
-158.156
  0
LWPOLYLINE
100
AcDbEntity
  8
0
100
AcDbPolyline
 90
4
 70
1
 10
-29.89
 20
-155.06
 10
-25.06
 20
-155.06
 10
-25.06
 20
-158.156
 10
-29.89
 20
-158.156
  0
LWPOLYLINE
100
AcDbEntity
  8
0
100
AcDbPolyline
 90
4
 70
1
 10
-24.94
 20
-155.06
 10
-20.11
 20
-155.06
 10
-20.11
 20
-158.156
 10
-24.94
 20
-158.156
  0
LWPOLYLINE
100
AcDbEntity
  8
0
100
AcDbPolyline
 90
4
 70
1
 10
-19.89
 20
-155.06
 10
-15.06
 20
-155.06
 10
-15.06
 20
-158.156
 10
-19.89
 20
-158.156
  0
LWPOLYLINE
100
AcDbEntity
  8
0
100
AcDbPolyline
 90
4
 70
1
 10
-14.94
 20
-155.06
 10
-10.11
 20
-155.06
 10
-10.11
 20
-158.156
 10
-14.94
 20
-158.156
  0
LWPOLYLINE
100
AcDbEntity
  8
0
100
AcDbPolyline
 90
4
 70
1
 10
-9.89
 20
-155.06
 10
-5.06
 20
-155.06
 10
-5.06
 20
-158.156
 10
-9.89
 20
-158.156
  0
LWPOLYLINE
100
AcDbEntity
  8
0
100
AcDbPolyline
 90
4
 70
1
 10
-4.94
 20
-155.06
 10
-0.2
 20
-155.06
 10
-0.2
 20
-158.156
 10
-4.94
 20
-158.156
  0
LWPOLYLINE
100
AcDbEntity
  8
0
100
AcDbPolyline
 90
4
 70
1
 10
0.2
 20
-155.06
 10
4.94
 20
-155.06
 10
4.94
 20
-158.156
 10
0.2
 20
-158.156
  0
LWPOLYLINE
100
AcDbEntity
  8
0
100
AcDbPolyline
 90
4
 70
1
 10
5.06
 20
-155.06
 10
9.89
 20
-155.06
 10
9.89
 20
-158.156
 10
5.06
 20
-158.156
  0
LWPOLYLINE
100
AcDbEntity
  8
0
100
AcDbPolyline
 90
4
 70
1
 10
10.11
 20
-155.06
 10
14.94
 20
-155.06
 10
14.94
 20
-158.156
 10
10.11
 20
-158.156
  0
LWPOLYLINE
100
AcDbEntity
  8
0
100
AcDbPolyline
 90
4
 70
1
 10
15.06
 20
-155.06
 10
19.89
 20
-155.06
 10
19.89
 20
-158.156
 10
15.06
 20
-158.156
  0
LWPOLYLINE
100
AcDbEntity
  8
0
100
AcDbPolyline
 90
4
 70
1
 10
20.11
 20
-155.06
 10
24.94
 20
-155.06
 10
24.94
 20
-158.156
 10
20.11
 20
-158.156
  0
LWPOLYLINE
100
AcDbEntity
  8
0
100
AcDbPolyline
 90
4
 70
1
 10
25.06
 20
-155.06
 10
29.89
 20
-155.06
 10
29.89
 20
-158.156
 10
25.06
 20
-158.156
  0
LWPOLYLINE
100
AcDbEntity
  8
0
100
AcDbPolyline
 90
4
 70
1
 10
30.11
 20
-155.06
 10
34.94
 20
-155.06
 10
34.94
 20
-158.156
 10
30.11
 20
-158.156
  0
LWPOLYLINE
100
AcDbEntity
  8
0
100
AcDbPolyline
 90
4
 70
1
 10
35.06
 20
-155.06
 10
39.89
 20
-155.06
 10
39.89
 20
-158.156
 10
35.06
 20
-158.156
  0
LWPOLYLINE
100
AcDbEntity
  8
0
100
AcDbPolyline
 90
4
 70
1
 10
40.11
 20
-155.06
 10
44.94
 20
-155.06
 10
44.94
 20
-158.156
 10
40.11
 20
-158.156
  0
LWPOLYLINE
100
AcDbEntity
  8
0
100
AcDbPolyline
 90
4
 70
1
 10
45.06
 20
-155.06
 10
49.89
 20
-155.06
 10
49.89
 20
-158.156
 10
45.06
 20
-158.156
  0
LWPOLYLINE
100
AcDbEntity
  8
0
100
AcDbPolyline
 90
4
 70
1
 10
50.11
 20
-155.06
 10
54.94
 20
-155.06
 10
54.94
 20
-158.156
 10
50.11
 20
-158.156
  0
LWPOLYLINE
100
AcDbEntity
  8
0
100
AcDbPolyline
 90
4
 70
1
 10
55.06
 20
-155.06
 10
59.89
 20
-155.06
 10
59.89
 20
-158.156
 10
55.06
 20
-158.156
  0
LWPOLYLINE
100
AcDbEntity
  8
0
100
AcDbPolyline
 90
4
 70
1
 10
60.11
 20
-155.06
 10
64.94
 20
-155.06
 10
64.94
 20
-158.156
 10
60.11
 20
-158.156
  0
LWPOLYLINE
100
AcDbEntity
  8
0
100
AcDbPolyline
 90
4
 70
1
 10
65.06
 20
-155.06
 10
69.89
 20
-155.06
 10
69.89
 20
-158.156
 10
65.06
 20
-158.156
  0
LWPOLYLINE
100
AcDbEntity
  8
0
100
AcDbPolyline
 90
4
 70
1
 10
70.11
 20
-155.06
 10
74.94
 20
-155.06
 10
74.94
 20
-158.156
 10
70.11
 20
-158.156
  0
LWPOLYLINE
100
AcDbEntity
  8
0
100
AcDbPolyline
 90
4
 70
1
 10
80.11
 20
-155.06
 10
84.94
 20
-155.06
 10
84.94
 20
-159.89
 10
80.11
 20
-159.89
  0
LWPOLYLINE
100
AcDbEntity
  8
0
100
AcDbPolyline
 90
4
 70
1
 10
85.06
 20
-155.06
 10
89.89
 20
-155.06
 10
89.89
 20
-159.89
 10
85.06
 20
-159.89
  0
LWPOLYLINE
100
AcDbEntity
  8
0
100
AcDbPolyline
 90
4
 70
1
 10
90.11
 20
-155.06
 10
94.94
 20
-155.06
 10
94.94
 20
-159.89
 10
90.11
 20
-159.89
  0
LWPOLYLINE
100
AcDbEntity
  8
0
100
AcDbPolyline
 90
4
 70
1
 10
95.06
 20
-155.06
 10
99.89
 20
-155.06
 10
99.89
 20
-159.89
 10
95.06
 20
-159.89
  0
LWPOLYLINE
100
AcDbEntity
  8
0
100
AcDbPolyline
 90
4
 70
1
 10
100.11
 20
-155.06
 10
104.94
 20
-155.06
 10
104.94
 20
-159.89
 10
100.11
 20
-159.89
  0
LWPOLYLINE
100
AcDbEntity
  8
0
100
AcDbPolyline
 90
6
 70
1
 10
75.06
 20
-158.606
 10
78.6023
 20
-158.606
 10
78.6023
 20
-155.06
 10
79.3
 20
-155.06
 10
79.3
 20
-159.3
 10
75.06
 20
-159.3
  0
LWPOLYLINE
100
AcDbEntity
  8
0
100
AcDbPolyline
 90
4
 70
1
 10
75.06
 20
-155.06
 10
78.1523
 20
-155.06
 10
78.1523
 20
-158.156
 10
75.06
 20
-158.156
  0
LWPOLYLINE
100
AcDbEntity
  8
0
100
AcDbPolyline
 90
6
 70
1
 10
-79.3
 20
-155.06
 10
-78.6023
 20
-155.06
 10
-78.6023
 20
-158.606
 10
-75.06
 20
-158.606
 10
-75.06
 20
-159.3
 10
-79.3
 20
-159.3
  0
LWPOLYLINE
100
AcDbEntity
  8
0
100
AcDbPolyline
 90
4
 70
1
 10
-74.94
 20
-158.606
 10
-70.11
 20
-158.606
 10
-70.11
 20
-159.3
 10
-74.94
 20
-159.3
  0
LWPOLYLINE
100
AcDbEntity
  8
0
100
AcDbPolyline
 90
4
 70
1
 10
-69.89
 20
-158.606
 10
-65.06
 20
-158.606
 10
-65.06
 20
-159.3
 10
-69.89
 20
-159.3
  0
LWPOLYLINE
100
AcDbEntity
  8
0
100
AcDbPolyline
 90
4
 70
1
 10
-64.94
 20
-158.606
 10
-60.11
 20
-158.606
 10
-60.11
 20
-159.3
 10
-64.94
 20
-159.3
  0
LWPOLYLINE
100
AcDbEntity
  8
0
100
AcDbPolyline
 90
4
 70
1
 10
-59.89
 20
-158.606
 10
-55.06
 20
-158.606
 10
-55.06
 20
-159.3
 10
-59.89
 20
-159.3
  0
LWPOLYLINE
100
AcDbEntity
  8
0
100
AcDbPolyline
 90
4
 70
1
 10
-54.94
 20
-158.606
 10
-50.11
 20
-158.606
 10
-50.11
 20
-159.3
 10
-54.94
 20
-159.3
  0
LWPOLYLINE
100
AcDbEntity
  8
0
100
AcDbPolyline
 90
4
 70
1
 10
-49.89
 20
-158.606
 10
-45.06
 20
-158.606
 10
-45.06
 20
-159.3
 10
-49.89
 20
-159.3
  0
LWPOLYLINE
100
AcDbEntity
  8
0
100
AcDbPolyline
 90
4
 70
1
 10
-44.94
 20
-158.606
 10
-40.11
 20
-158.606
 10
-40.11
 20
-159.3
 10
-44.94
 20
-159.3
  0
LWPOLYLINE
100
AcDbEntity
  8
0
100
AcDbPolyline
 90
4
 70
1
 10
-39.89
 20
-158.606
 10
-35.06
 20
-158.606
 10
-35.06
 20
-159.3
 10
-39.89
 20
-159.3
  0
LWPOLYLINE
100
AcDbEntity
  8
0
100
AcDbPolyline
 90
4
 70
1
 10
-34.94
 20
-158.606
 10
-30.11
 20
-158.606
 10
-30.11
 20
-159.3
 10
-34.94
 20
-159.3
  0
LWPOLYLINE
100
AcDbEntity
  8
0
100
AcDbPolyline
 90
4
 70
1
 10
-29.89
 20
-158.606
 10
-25.06
 20
-158.606
 10
-25.06
 20
-159.3
 10
-29.89
 20
-159.3
  0
LWPOLYLINE
100
AcDbEntity
  8
0
100
AcDbPolyline
 90
4
 70
1
 10
-24.94
 20
-158.606
 10
-20.11
 20
-158.606
 10
-20.11
 20
-159.3
 10
-24.94
 20
-159.3
  0
LWPOLYLINE
100
AcDbEntity
  8
0
100
AcDbPolyline
 90
4
 70
1
 10
-19.89
 20
-158.606
 10
-15.06
 20
-158.606
 10
-15.06
 20
-159.3
 10
-19.89
 20
-159.3
  0
LWPOLYLINE
100
AcDbEntity
  8
0
100
AcDbPolyline
 90
4
 70
1
 10
-14.94
 20
-158.606
 10
-10.11
 20
-158.606
 10
-10.11
 20
-159.3
 10
-14.94
 20
-159.3
  0
LWPOLYLINE
100
AcDbEntity
  8
0
100
AcDbPolyline
 90
4
 70
1
 10
-9.89
 20
-158.606
 10
-5.06
 20
-158.606
 10
-5.06
 20
-159.3
 10
-9.89
 20
-159.3
  0
LWPOLYLINE
100
AcDbEntity
  8
0
100
AcDbPolyline
 90
4
 70
1
 10
-4.94
 20
-158.606
 10
-0.2
 20
-158.606
 10
-0.2
 20
-159.3
 10
-4.94
 20
-159.3
  0
LWPOLYLINE
100
AcDbEntity
  8
0
100
AcDbPolyline
 90
4
 70
1
 10
0.2
 20
-158.606
 10
4.94
 20
-158.606
 10
4.94
 20
-159.3
 10
0.2
 20
-159.3
  0
LWPOLYLINE
100
AcDbEntity
  8
0
100
AcDbPolyline
 90
4
 70
1
 10
5.06
 20
-158.606
 10
9.89
 20
-158.606
 10
9.89
 20
-159.3
 10
5.06
 20
-159.3
  0
LWPOLYLINE
100
AcDbEntity
  8
0
100
AcDbPolyline
 90
4
 70
1
 10
10.11
 20
-158.606
 10
14.94
 20
-158.606
 10
14.94
 20
-159.3
 10
10.11
 20
-159.3
  0
LWPOLYLINE
100
AcDbEntity
  8
0
100
AcDbPolyline
 90
4
 70
1
 10
15.06
 20
-158.606
 10
19.89
 20
-158.606
 10
19.89
 20
-159.3
 10
15.06
 20
-159.3
  0
LWPOLYLINE
100
AcDbEntity
  8
0
100
AcDbPolyline
 90
4
 70
1
 10
20.11
 20
-158.606
 10
24.94
 20
-158.606
 10
24.94
 20
-159.3
 10
20.11
 20
-159.3
  0
LWPOLYLINE
100
AcDbEntity
  8
0
100
AcDbPolyline
 90
4
 70
1
 10
25.06
 20
-158.606
 10
29.89
 20
-158.606
 10
29.89
 20
-159.3
 10
25.06
 20
-159.3
  0
LWPOLYLINE
100
AcDbEntity
  8
0
100
AcDbPolyline
 90
4
 70
1
 10
30.11
 20
-158.606
 10
34.94
 20
-158.606
 10
34.94
 20
-159.3
 10
30.11
 20
-159.3
  0
LWPOLYLINE
100
AcDbEntity
  8
0
100
AcDbPolyline
 90
4
 70
1
 10
35.06
 20
-158.606
 10
39.89
 20
-158.606
 10
39.89
 20
-159.3
 10
35.06
 20
-159.3
  0
LWPOLYLINE
100
AcDbEntity
  8
0
100
AcDbPolyline
 90
4
 70
1
 10
40.11
 20
-158.606
 10
44.94
 20
-158.606
 10
44.94
 20
-159.3
 10
40.11
 20
-159.3
  0
LWPOLYLINE
100
AcDbEntity
  8
0
100
AcDbPolyline
 90
4
 70
1
 10
45.06
 20
-158.606
 10
49.89
 20
-158.606
 10
49.89
 20
-159.3
 10
45.06
 20
-159.3
  0
LWPOLYLINE
100
AcDbEntity
  8
0
100
AcDbPolyline
 90
4
 70
1
 10
50.11
 20
-158.606
 10
54.94
 20
-158.606
 10
54.94
 20
-159.3
 10
50.11
 20
-159.3
  0
LWPOLYLINE
100
AcDbEntity
  8
0
100
AcDbPolyline
 90
4
 70
1
 10
55.06
 20
-158.606
 10
59.89
 20
-158.606
 10
59.89
 20
-159.3
 10
55.06
 20
-159.3
  0
LWPOLYLINE
100
AcDbEntity
  8
0
100
AcDbPolyline
 90
4
 70
1
 10
60.11
 20
-158.606
 10
64.94
 20
-158.606
 10
64.94
 20
-159.3
 10
60.11
 20
-159.3
  0
LWPOLYLINE
100
AcDbEntity
  8
0
100
AcDbPolyline
 90
4
 70
1
 10
65.06
 20
-158.606
 10
69.89
 20
-158.606
 10
69.89
 20
-159.3
 10
65.06
 20
-159.3
  0
LWPOLYLINE
100
AcDbEntity
  8
0
100
AcDbPolyline
 90
4
 70
1
 10
70.11
 20
-158.606
 10
74.94
 20
-158.606
 10
74.94
 20
-159.3
 10
70.11
 20
-159.3
  0
LWPOLYLINE
100
AcDbEntity
  8
0
100
AcDbPolyline
 90
4
 70
1
 10
-104.94
 20
-160.11
 10
-100.11
 20
-160.11
 10
-100.11
 20
-164.94
 10
-104.94
 20
-164.94
  0
LWPOLYLINE
100
AcDbEntity
  8
0
100
AcDbPolyline
 90
4
 70
1
 10
-99.89
 20
-160.11
 10
-95.06
 20
-160.11
 10
-95.06
 20
-164.94
 10
-99.89
 20
-164.94
  0
LWPOLYLINE
100
AcDbEntity
  8
0
100
AcDbPolyline
 90
4
 70
1
 10
-94.94
 20
-160.11
 10
-90.11
 20
-160.11
 10
-90.11
 20
-164.94
 10
-94.94
 20
-164.94
  0
LWPOLYLINE
100
AcDbEntity
  8
0
100
AcDbPolyline
 90
4
 70
1
 10
-89.89
 20
-160.11
 10
-85.06
 20
-160.11
 10
-85.06
 20
-164.94
 10
-89.89
 20
-164.94
  0
LWPOLYLINE
100
AcDbEntity
  8
0
100
AcDbPolyline
 90
4
 70
1
 10
-84.94
 20
-160.11
 10
-80.11
 20
-160.11
 10
-80.11
 20
-164.94
 10
-84.94
 20
-164.94
  0
LWPOLYLINE
100
AcDbEntity
  8
0
100
AcDbPolyline
 90
4
 70
1
 10
-79.89
 20
-160.11
 10
-75.06
 20
-160.11
 10
-75.06
 20
-164.94
 10
-79.89
 20
-164.94
  0
LWPOLYLINE
100
AcDbEntity
  8
0
100
AcDbPolyline
 90
4
 70
1
 10
-74.94
 20
-160.11
 10
-70.11
 20
-160.11
 10
-70.11
 20
-164.94
 10
-74.94
 20
-164.94
  0
LWPOLYLINE
100
AcDbEntity
  8
0
100
AcDbPolyline
 90
4
 70
1
 10
-69.89
 20
-160.11
 10
-65.06
 20
-160.11
 10
-65.06
 20
-164.94
 10
-69.89
 20
-164.94
  0
LWPOLYLINE
100
AcDbEntity
  8
0
100
AcDbPolyline
 90
4
 70
1
 10
-64.94
 20
-160.11
 10
-60.11
 20
-160.11
 10
-60.11
 20
-164.94
 10
-64.94
 20
-164.94
  0
LWPOLYLINE
100
AcDbEntity
  8
0
100
AcDbPolyline
 90
4
 70
1
 10
-59.89
 20
-160.11
 10
-55.06
 20
-160.11
 10
-55.06
 20
-164.94
 10
-59.89
 20
-164.94
  0
LWPOLYLINE
100
AcDbEntity
  8
0
100
AcDbPolyline
 90
4
 70
1
 10
-54.94
 20
-160.11
 10
-50.11
 20
-160.11
 10
-50.11
 20
-164.94
 10
-54.94
 20
-164.94
  0
LWPOLYLINE
100
AcDbEntity
  8
0
100
AcDbPolyline
 90
4
 70
1
 10
-49.89
 20
-160.11
 10
-45.06
 20
-160.11
 10
-45.06
 20
-164.94
 10
-49.89
 20
-164.94
  0
LWPOLYLINE
100
AcDbEntity
  8
0
100
AcDbPolyline
 90
4
 70
1
 10
-44.94
 20
-160.11
 10
-40.11
 20
-160.11
 10
-40.11
 20
-164.94
 10
-44.94
 20
-164.94
  0
LWPOLYLINE
100
AcDbEntity
  8
0
100
AcDbPolyline
 90
4
 70
1
 10
-39.89
 20
-160.11
 10
-35.06
 20
-160.11
 10
-35.06
 20
-164.94
 10
-39.89
 20
-164.94
  0
LWPOLYLINE
100
AcDbEntity
  8
0
100
AcDbPolyline
 90
4
 70
1
 10
-34.94
 20
-160.11
 10
-30.11
 20
-160.11
 10
-30.11
 20
-164.94
 10
-34.94
 20
-164.94
  0
LWPOLYLINE
100
AcDbEntity
  8
0
100
AcDbPolyline
 90
4
 70
1
 10
-29.89
 20
-160.11
 10
-25.06
 20
-160.11
 10
-25.06
 20
-164.94
 10
-29.89
 20
-164.94
  0
LWPOLYLINE
100
AcDbEntity
  8
0
100
AcDbPolyline
 90
4
 70
1
 10
-24.94
 20
-160.11
 10
-20.11
 20
-160.11
 10
-20.11
 20
-164.94
 10
-24.94
 20
-164.94
  0
LWPOLYLINE
100
AcDbEntity
  8
0
100
AcDbPolyline
 90
4
 70
1
 10
-19.89
 20
-160.11
 10
-15.06
 20
-160.11
 10
-15.06
 20
-164.94
 10
-19.89
 20
-164.94
  0
LWPOLYLINE
100
AcDbEntity
  8
0
100
AcDbPolyline
 90
4
 70
1
 10
-14.94
 20
-160.11
 10
-10.11
 20
-160.11
 10
-10.11
 20
-164.94
 10
-14.94
 20
-164.94
  0
LWPOLYLINE
100
AcDbEntity
  8
0
100
AcDbPolyline
 90
4
 70
1
 10
-9.89
 20
-160.11
 10
-5.06
 20
-160.11
 10
-5.06
 20
-164.94
 10
-9.89
 20
-164.94
  0
LWPOLYLINE
100
AcDbEntity
  8
0
100
AcDbPolyline
 90
4
 70
1
 10
-4.94
 20
-160.11
 10
-0.2
 20
-160.11
 10
-0.2
 20
-164.94
 10
-4.94
 20
-164.94
  0
LWPOLYLINE
100
AcDbEntity
  8
0
100
AcDbPolyline
 90
4
 70
1
 10
0.2
 20
-160.11
 10
4.94
 20
-160.11
 10
4.94
 20
-164.94
 10
0.2
 20
-164.94
  0
LWPOLYLINE
100
AcDbEntity
  8
0
100
AcDbPolyline
 90
4
 70
1
 10
5.06
 20
-160.11
 10
9.89
 20
-160.11
 10
9.89
 20
-164.94
 10
5.06
 20
-164.94
  0
LWPOLYLINE
100
AcDbEntity
  8
0
100
AcDbPolyline
 90
4
 70
1
 10
10.11
 20
-160.11
 10
14.94
 20
-160.11
 10
14.94
 20
-164.94
 10
10.11
 20
-164.94
  0
LWPOLYLINE
100
AcDbEntity
  8
0
100
AcDbPolyline
 90
4
 70
1
 10
15.06
 20
-160.11
 10
19.89
 20
-160.11
 10
19.89
 20
-164.94
 10
15.06
 20
-164.94
  0
LWPOLYLINE
100
AcDbEntity
  8
0
100
AcDbPolyline
 90
4
 70
1
 10
20.11
 20
-160.11
 10
24.94
 20
-160.11
 10
24.94
 20
-164.94
 10
20.11
 20
-164.94
  0
LWPOLYLINE
100
AcDbEntity
  8
0
100
AcDbPolyline
 90
4
 70
1
 10
25.06
 20
-160.11
 10
29.89
 20
-160.11
 10
29.89
 20
-164.94
 10
25.06
 20
-164.94
  0
LWPOLYLINE
100
AcDbEntity
  8
0
100
AcDbPolyline
 90
4
 70
1
 10
30.11
 20
-160.11
 10
34.94
 20
-160.11
 10
34.94
 20
-164.94
 10
30.11
 20
-164.94
  0
LWPOLYLINE
100
AcDbEntity
  8
0
100
AcDbPolyline
 90
4
 70
1
 10
35.06
 20
-160.11
 10
39.89
 20
-160.11
 10
39.89
 20
-164.94
 10
35.06
 20
-164.94
  0
LWPOLYLINE
100
AcDbEntity
  8
0
100
AcDbPolyline
 90
4
 70
1
 10
40.11
 20
-160.11
 10
44.94
 20
-160.11
 10
44.94
 20
-164.94
 10
40.11
 20
-164.94
  0
LWPOLYLINE
100
AcDbEntity
  8
0
100
AcDbPolyline
 90
4
 70
1
 10
45.06
 20
-160.11
 10
49.89
 20
-160.11
 10
49.89
 20
-164.94
 10
45.06
 20
-164.94
  0
LWPOLYLINE
100
AcDbEntity
  8
0
100
AcDbPolyline
 90
4
 70
1
 10
50.11
 20
-160.11
 10
54.94
 20
-160.11
 10
54.94
 20
-164.94
 10
50.11
 20
-164.94
  0
LWPOLYLINE
100
AcDbEntity
  8
0
100
AcDbPolyline
 90
4
 70
1
 10
55.06
 20
-160.11
 10
59.89
 20
-160.11
 10
59.89
 20
-164.94
 10
55.06
 20
-164.94
  0
LWPOLYLINE
100
AcDbEntity
  8
0
100
AcDbPolyline
 90
4
 70
1
 10
60.11
 20
-160.11
 10
64.94
 20
-160.11
 10
64.94
 20
-164.94
 10
60.11
 20
-164.94
  0
LWPOLYLINE
100
AcDbEntity
  8
0
100
AcDbPolyline
 90
4
 70
1
 10
65.06
 20
-160.11
 10
69.89
 20
-160.11
 10
69.89
 20
-164.94
 10
65.06
 20
-164.94
  0
LWPOLYLINE
100
AcDbEntity
  8
0
100
AcDbPolyline
 90
4
 70
1
 10
70.11
 20
-160.11
 10
74.94
 20
-160.11
 10
74.94
 20
-164.94
 10
70.11
 20
-164.94
  0
LWPOLYLINE
100
AcDbEntity
  8
0
100
AcDbPolyline
 90
4
 70
1
 10
75.06
 20
-160.11
 10
79.89
 20
-160.11
 10
79.89
 20
-164.94
 10
75.06
 20
-164.94
  0
LWPOLYLINE
100
AcDbEntity
  8
0
100
AcDbPolyline
 90
4
 70
1
 10
80.11
 20
-160.11
 10
84.94
 20
-160.11
 10
84.94
 20
-164.94
 10
80.11
 20
-164.94
  0
LWPOLYLINE
100
AcDbEntity
  8
0
100
AcDbPolyline
 90
4
 70
1
 10
85.06
 20
-160.11
 10
89.89
 20
-160.11
 10
89.89
 20
-164.94
 10
85.06
 20
-164.94
  0
LWPOLYLINE
100
AcDbEntity
  8
0
100
AcDbPolyline
 90
4
 70
1
 10
90.11
 20
-160.11
 10
94.94
 20
-160.11
 10
94.94
 20
-164.94
 10
90.11
 20
-164.94
  0
LWPOLYLINE
100
AcDbEntity
  8
0
100
AcDbPolyline
 90
4
 70
1
 10
95.06
 20
-160.11
 10
99.89
 20
-160.11
 10
99.89
 20
-164.94
 10
95.06
 20
-164.94
  0
LWPOLYLINE
100
AcDbEntity
  8
0
100
AcDbPolyline
 90
4
 70
1
 10
100.11
 20
-160.11
 10
104.94
 20
-160.11
 10
104.94
 20
-164.94
 10
100.11
 20
-164.94
  0
LWPOLYLINE
100
AcDbEntity
  8
0
100
AcDbPolyline
 90
4
 70
1
 10
-104.94
 20
-165.06
 10
-100.11
 20
-165.06
 10
-100.11
 20
-169.89
 10
-104.94
 20
-169.89
  0
LWPOLYLINE
100
AcDbEntity
  8
0
100
AcDbPolyline
 90
4
 70
1
 10
-99.89
 20
-165.06
 10
-95.06
 20
-165.06
 10
-95.06
 20
-169.89
 10
-99.89
 20
-169.89
  0
LWPOLYLINE
100
AcDbEntity
  8
0
100
AcDbPolyline
 90
4
 70
1
 10
-94.94
 20
-165.06
 10
-90.11
 20
-165.06
 10
-90.11
 20
-169.89
 10
-94.94
 20
-169.89
  0
LWPOLYLINE
100
AcDbEntity
  8
0
100
AcDbPolyline
 90
4
 70
1
 10
-89.89
 20
-165.06
 10
-85.06
 20
-165.06
 10
-85.06
 20
-169.89
 10
-89.89
 20
-169.89
  0
LWPOLYLINE
100
AcDbEntity
  8
0
100
AcDbPolyline
 90
4
 70
1
 10
-84.94
 20
-165.06
 10
-80.11
 20
-165.06
 10
-80.11
 20
-169.89
 10
-84.94
 20
-169.89
  0
LWPOLYLINE
100
AcDbEntity
  8
0
100
AcDbPolyline
 90
4
 70
1
 10
-79.89
 20
-165.06
 10
-75.06
 20
-165.06
 10
-75.06
 20
-169.89
 10
-79.89
 20
-169.89
  0
LWPOLYLINE
100
AcDbEntity
  8
0
100
AcDbPolyline
 90
4
 70
1
 10
-74.94
 20
-165.06
 10
-70.11
 20
-165.06
 10
-70.11
 20
-169.89
 10
-74.94
 20
-169.89
  0
LWPOLYLINE
100
AcDbEntity
  8
0
100
AcDbPolyline
 90
4
 70
1
 10
-69.89
 20
-165.06
 10
-65.06
 20
-165.06
 10
-65.06
 20
-169.89
 10
-69.89
 20
-169.89
  0
LWPOLYLINE
100
AcDbEntity
  8
0
100
AcDbPolyline
 90
4
 70
1
 10
-64.94
 20
-165.06
 10
-60.11
 20
-165.06
 10
-60.11
 20
-169.89
 10
-64.94
 20
-169.89
  0
LWPOLYLINE
100
AcDbEntity
  8
0
100
AcDbPolyline
 90
4
 70
1
 10
-59.89
 20
-165.06
 10
-55.06
 20
-165.06
 10
-55.06
 20
-169.89
 10
-59.89
 20
-169.89
  0
LWPOLYLINE
100
AcDbEntity
  8
0
100
AcDbPolyline
 90
4
 70
1
 10
-54.94
 20
-165.06
 10
-50.11
 20
-165.06
 10
-50.11
 20
-169.89
 10
-54.94
 20
-169.89
  0
LWPOLYLINE
100
AcDbEntity
  8
0
100
AcDbPolyline
 90
4
 70
1
 10
-49.89
 20
-165.06
 10
-45.06
 20
-165.06
 10
-45.06
 20
-169.89
 10
-49.89
 20
-169.89
  0
LWPOLYLINE
100
AcDbEntity
  8
0
100
AcDbPolyline
 90
4
 70
1
 10
-44.94
 20
-165.06
 10
-40.11
 20
-165.06
 10
-40.11
 20
-169.89
 10
-44.94
 20
-169.89
  0
LWPOLYLINE
100
AcDbEntity
  8
0
100
AcDbPolyline
 90
4
 70
1
 10
-39.89
 20
-165.06
 10
-35.06
 20
-165.06
 10
-35.06
 20
-169.89
 10
-39.89
 20
-169.89
  0
LWPOLYLINE
100
AcDbEntity
  8
0
100
AcDbPolyline
 90
4
 70
1
 10
-34.94
 20
-165.06
 10
-30.11
 20
-165.06
 10
-30.11
 20
-169.89
 10
-34.94
 20
-169.89
  0
LWPOLYLINE
100
AcDbEntity
  8
0
100
AcDbPolyline
 90
4
 70
1
 10
-29.89
 20
-165.06
 10
-25.06
 20
-165.06
 10
-25.06
 20
-169.89
 10
-29.89
 20
-169.89
  0
LWPOLYLINE
100
AcDbEntity
  8
0
100
AcDbPolyline
 90
4
 70
1
 10
-24.94
 20
-165.06
 10
-20.11
 20
-165.06
 10
-20.11
 20
-169.89
 10
-24.94
 20
-169.89
  0
LWPOLYLINE
100
AcDbEntity
  8
0
100
AcDbPolyline
 90
24
 70
1
 10
-19.89
 20
-165.06
 10
-15.06
 20
-165.06
 10
-15.06
 20
-169.89
 10
-15.5736
 20
-169.89
 10
-15.5999
 20
-169.666
 10
-15.7258
 20
-169.427
 10
-15.9422
 20
-169.292
 10
-16.2558
 20
-169.247
 10
-16.4818
 20
-169.271
 10
-16.6677
 20
-169.342
 10
-16.8236
 20
-169.47
 10
-16.9596
 20
-169.664
 10
-16.9658
 20
-169.664
 10
-16.9696
 20
-169.529
 10
-16.9729
 20
-169.445
 10
-16.9757
 20
-169.391
 10
-16.978
 20
-169.343
 10
-16.98
 20
-169.307
 10
-16.982
 20
-169.288
 10
-17.3279
 20
-169.288
 10
-17.3187
 20
-169.448
 10
-17.3157
 20
-169.758
 10
-17.3157
 20
-169.89
 10
-19.89
 20
-169.89
  0
LWPOLYLINE
100
AcDbEntity
  8
0
100
AcDbPolyline
 90
36
 70
1
 10
-13.2046
 20
-169.879
 10
-13.3831
 20
-169.525
 10
-13.6877
 20
-169.317
 10
-14.1256
 20
-169.247
 10
-14.8656
 20
-169.532
 10
-14.94
 20
-169.789
 10
-14.94
 20
-165.06
 10
-10.11
 20
-165.06
 10
-10.11
 20
-169.301
 10
-10.1226
 20
-169.292
 10
-10.4107
 20
-169.247
 10
-10.6236
 20
-169.272
 10
-10.8024
 20
-169.345
 10
-10.9521
 20
-169.473
 10
-11.078
 20
-169.664
 10
-11.0841
 20
-169.664
 10
-11.1632
 20
-169.476
 10
-11.2866
 20
-169.347
 10
-11.4582
 20
-169.272
 10
-11.6822
 20
-169.247
 10
-11.8851
 20
-169.27
 10
-12.0545
 20
-169.339
 10
-12.1984
 20
-169.466
 10
-12.3251
 20
-169.664
 10
-12.3312
 20
-169.664
 10
-12.335
 20
-169.529
 10
-12.3383
 20
-169.445
 10
-12.3411
 20
-169.391
 10
-12.3434
 20
-169.343
 10
-12.3454
 20
-169.307
 10
-12.3474
 20
-169.288
 10
-12.6933
 20
-169.288
 10
-12.6842
 20
-169.448
 10
-12.6811
 20
-169.758
 10
-12.6811
 20
-169.89
 10
-13.2033
 20
-169.89
  0
LWPOLYLINE
100
AcDbEntity
  8
0
100
AcDbPolyline
 90
40
 70
1
 10
-9.81188
 20
-169.667
 10
-9.89
 20
-169.503
 10
-9.89
 20
-165.06
 10
-5.06
 20
-165.06
 10
-5.06
 20
-169.252
 10
-5.09854
 20
-169.247
 10
-5.71394
 20
-169.396
 10
-5.98144
 20
-169.841
 10
-5.599
 20
-169.876
 10
-5.55425
 20
-169.718
 10
-5.46473
 20
-169.609
 10
-5.31926
 20
-169.547
 10
-5.10667
 20
-169.526
 10
-5.06
 20
-169.532
 10
-5.06
 20
-169.89
 10
-6.54238
 20
-169.89
 10
-6.56878
 20
-169.666
 10
-6.69466
 20
-169.427
 10
-6.91105
 20
-169.292
 10
-7.22458
 20
-169.247
 10
-7.45067
 20
-169.271
 10
-7.63657
 20
-169.342
 10
-7.79244
 20
-169.47
 10
-7.92847
 20
-169.664
 10
-7.9346
 20
-169.664
 10
-7.9384
 20
-169.529
 10
-7.94171
 20
-169.445
 10
-7.94451
 20
-169.391
 10
-7.94681
 20
-169.343
 10
-7.94884
 20
-169.307
 10
-7.95086
 20
-169.288
 10
-8.2967
 20
-169.288
 10
-8.28756
 20
-169.448
 10
-8.28452
 20
-169.758
 10
-8.28452
 20
-169.89
 10
-8.85419
 20
-169.89
 10
-8.85419
 20
-169.288
 10
-9.22039
 20
-169.288
 10
-9.22039
 20
-169.89
 10
-9.78809
 20
-169.89
  0
LWPOLYLINE
100
AcDbEntity
  8
0
100
AcDbPolyline
 90
4
 70
1
 10
-8.85419
 20
-168.47
 10
-9.22039
 20
-168.47
 10
-9.22039
 20
-168.82
 10
-8.85419
 20
-168.82
  0
LWPOLYLINE
100
AcDbEntity
  8
0
100
AcDbPolyline
 90
16
 70
1
 10
-4.31684
 20
-169.67
 10
-4.474
 20
-169.437
 10
-4.7349
 20
-169.295
 10
-4.94
 20
-169.268
 10
-4.94
 20
-165.06
 10
-0.2
 20
-165.06
 10
-0.2
 20
-169.022
 10
-0.297045
 20
-169.088
 10
-0.297045
 20
-169.434
 10
-0.2
 20
-169.365
 10
-0.2
 20
-169.89
 10
-3.29189
 20
-169.89
 10
-3.29189
 20
-168.47
 10
-3.65806
 20
-168.47
 10
-3.65806
 20
-169.89
 10
-4.28055
 20
-169.89
  0
LWPOLYLINE
100
AcDbEntity
  8
0
100
AcDbPolyline
 90
4
 70
1
 10
-2.23597
 20
-169.288
 10
-2.63267
 20
-169.288
 10
-2.63267
 20
-169.709
 10
-2.23597
 20
-169.709
  0
LWPOLYLINE
100
AcDbEntity
  8
0
100
AcDbPolyline
 90
33
 70
1
 10
0.718125
 20
-168.623
 10
0.380415
 20
-168.623
 10
0.2
 20
-168.747
 10
0.2
 20
-165.06
 10
4.94
 20
-165.06
 10
4.94
 20
-168.613
 10
4.65161
 20
-168.672
 10
4.34059
 20
-168.948
 10
4.15979
 20
-169.409
 10
4.11488
 20
-169.89
 10
3.52427
 20
-169.89
 10
3.52058
 20
-169.884
 10
3.24671
 20
-169.698
 10
2.89096
 20
-169.636
 10
2.67023
 20
-169.66
 10
2.47595
 20
-169.732
 10
2.31523
 20
-169.851
 10
2.28654
 20
-169.89
 10
2.20613
 20
-169.89
 10
2.23818
 20
-169.526
 10
2.3671
 20
-169.169
 10
2.57435
 20
-168.95
 10
2.85229
 20
-168.877
 10
3.15238
 20
-168.964
 10
3.32429
 20
-169.227
 10
3.6742
 20
-169.164
 10
3.38531
 20
-168.726
 10
2.85638
 20
-168.58
 10
2.42051
 20
-168.679
 10
2.09755
 20
-168.979
 10
1.89769
 20
-169.464
 10
1.85454
 20
-169.89
 10
0.718125
 20
-169.89
  0
LWPOLYLINE
100
AcDbEntity
  8
0
100
AcDbPolyline
 90
17
 70
1
 10
6.03089
 20
-169.414
 10
5.85007
 20
-168.952
 10
5.54265
 20
-168.673
 10
5.10248
 20
-168.58
 10
5.06
 20
-168.588
 10
5.06
 20
-165.06
 10
9.89
 20
-165.06
 10
9.89
 20
-169.89
 10
8.98155
 20
-169.89
 10
9.40333
 20
-169.288
 10
8.99443
 20
-169.288
 10
8.61106
 20
-169.89
 10
8.28617
 20
-169.89
 10
7.89994
 20
-169.288
 10
7.49509
 20
-169.288
 10
7.9153
 20
-169.89
 10
6.07566
 20
-169.89
  0
LWPOLYLINE
100
AcDbEntity
  8
0
100
AcDbPolyline
 90
51
 70
1
 10
10.11
 20
-165.06
 10
14.94
 20
-165.06
 10
14.94
 20
-168.983
 10
14.7999
 20
-168.784
 10
14.5169
 20
-168.631
 10
14.1336
 20
-168.58
 10
13.7748
 20
-168.631
 10
13.4877
 20
-168.783
 10
13.2891
 20
-169.022
 10
13.1958
 20
-169.33
 10
13.5701
 20
-169.365
 10
13.6278
 20
-169.161
 10
13.7481
 20
-169.008
 10
13.9203
 20
-168.913
 10
14.1336
 20
-168.881
 10
14.3528
 20
-168.913
 10
14.5181
 20
-169.011
 10
14.6219
 20
-169.168
 10
14.6565
 20
-169.377
 10
14.6364
 20
-169.543
 10
14.5761
 20
-169.691
 10
14.4833
 20
-169.826
 10
14.4248
 20
-169.89
 10
12.4168
 20
-169.89
 10
12.5538
 20
-169.785
 10
12.669
 20
-169.588
 10
12.7074
 20
-169.339
 10
12.6477
 20
-169.02
 10
12.4684
 20
-168.78
 10
12.1813
 20
-168.63
 10
11.798
 20
-168.58
 10
11.4392
 20
-168.629
 10
11.1521
 20
-168.777
 10
10.9535
 20
-169.013
 10
10.8602
 20
-169.326
 10
11.2284
 20
-169.355
 10
11.2841
 20
-169.155
 10
11.4024
 20
-169.005
 10
11.575
 20
-168.912
 10
11.794
 20
-168.881
 10
12.0277
 20
-168.914
 10
12.1957
 20
-169.014
 10
12.2972
 20
-169.172
 10
12.331
 20
-169.377
 10
12.2896
 20
-169.584
 10
12.1652
 20
-169.74
 10
11.9656
 20
-169.839
 10
11.6984
 20
-169.872
 10
11.499
 20
-169.872
 10
11.499
 20
-169.89
 10
10.11
 20
-169.89
  0
LWPOLYLINE
100
AcDbEntity
  8
0
100
AcDbPolyline
 90
13
 70
1
 10
15.06
 20
-165.06
 10
19.89
 20
-165.06
 10
19.89
 20
-169.89
 10
17.4262
 20
-169.89
 10
17.3814
 20
-169.414
 10
17.2006
 20
-168.952
 10
16.8932
 20
-168.673
 10
16.453
 20
-168.58
 10
16.0021
 20
-168.672
 10
15.6911
 20
-168.948
 10
15.5103
 20
-169.409
 10
15.4654
 20
-169.89
 10
15.06
 20
-169.89
  0
LWPOLYLINE
100
AcDbEntity
  8
0
100
AcDbPolyline
 90
4
 70
1
 10
20.11
 20
-165.06
 10
24.94
 20
-165.06
 10
24.94
 20
-169.89
 10
20.11
 20
-169.89
  0
LWPOLYLINE
100
AcDbEntity
  8
0
100
AcDbPolyline
 90
4
 70
1
 10
25.06
 20
-165.06
 10
29.89
 20
-165.06
 10
29.89
 20
-169.89
 10
25.06
 20
-169.89
  0
LWPOLYLINE
100
AcDbEntity
  8
0
100
AcDbPolyline
 90
4
 70
1
 10
30.11
 20
-165.06
 10
34.94
 20
-165.06
 10
34.94
 20
-169.89
 10
30.11
 20
-169.89
  0
LWPOLYLINE
100
AcDbEntity
  8
0
100
AcDbPolyline
 90
4
 70
1
 10
35.06
 20
-165.06
 10
39.89
 20
-165.06
 10
39.89
 20
-169.89
 10
35.06
 20
-169.89
  0
LWPOLYLINE
100
AcDbEntity
  8
0
100
AcDbPolyline
 90
4
 70
1
 10
40.11
 20
-165.06
 10
44.94
 20
-165.06
 10
44.94
 20
-169.89
 10
40.11
 20
-169.89
  0
LWPOLYLINE
100
AcDbEntity
  8
0
100
AcDbPolyline
 90
4
 70
1
 10
45.06
 20
-165.06
 10
49.89
 20
-165.06
 10
49.89
 20
-169.89
 10
45.06
 20
-169.89
  0
LWPOLYLINE
100
AcDbEntity
  8
0
100
AcDbPolyline
 90
4
 70
1
 10
50.11
 20
-165.06
 10
54.94
 20
-165.06
 10
54.94
 20
-169.89
 10
50.11
 20
-169.89
  0
LWPOLYLINE
100
AcDbEntity
  8
0
100
AcDbPolyline
 90
4
 70
1
 10
55.06
 20
-165.06
 10
59.89
 20
-165.06
 10
59.89
 20
-169.89
 10
55.06
 20
-169.89
  0
LWPOLYLINE
100
AcDbEntity
  8
0
100
AcDbPolyline
 90
4
 70
1
 10
60.11
 20
-165.06
 10
64.94
 20
-165.06
 10
64.94
 20
-169.89
 10
60.11
 20
-169.89
  0
LWPOLYLINE
100
AcDbEntity
  8
0
100
AcDbPolyline
 90
4
 70
1
 10
65.06
 20
-165.06
 10
69.89
 20
-165.06
 10
69.89
 20
-169.89
 10
65.06
 20
-169.89
  0
LWPOLYLINE
100
AcDbEntity
  8
0
100
AcDbPolyline
 90
4
 70
1
 10
70.11
 20
-165.06
 10
74.94
 20
-165.06
 10
74.94
 20
-169.89
 10
70.11
 20
-169.89
  0
LWPOLYLINE
100
AcDbEntity
  8
0
100
AcDbPolyline
 90
4
 70
1
 10
75.06
 20
-165.06
 10
79.89
 20
-165.06
 10
79.89
 20
-169.89
 10
75.06
 20
-169.89
  0
LWPOLYLINE
100
AcDbEntity
  8
0
100
AcDbPolyline
 90
4
 70
1
 10
80.11
 20
-165.06
 10
84.94
 20
-165.06
 10
84.94
 20
-169.89
 10
80.11
 20
-169.89
  0
LWPOLYLINE
100
AcDbEntity
  8
0
100
AcDbPolyline
 90
4
 70
1
 10
85.06
 20
-165.06
 10
89.89
 20
-165.06
 10
89.89
 20
-169.89
 10
85.06
 20
-169.89
  0
LWPOLYLINE
100
AcDbEntity
  8
0
100
AcDbPolyline
 90
4
 70
1
 10
90.11
 20
-165.06
 10
94.94
 20
-165.06
 10
94.94
 20
-169.89
 10
90.11
 20
-169.89
  0
LWPOLYLINE
100
AcDbEntity
  8
0
100
AcDbPolyline
 90
4
 70
1
 10
95.06
 20
-165.06
 10
99.89
 20
-165.06
 10
99.89
 20
-169.89
 10
95.06
 20
-169.89
  0
LWPOLYLINE
100
AcDbEntity
  8
0
100
AcDbPolyline
 90
4
 70
1
 10
100.11
 20
-165.06
 10
104.94
 20
-165.06
 10
104.94
 20
-169.89
 10
100.11
 20
-169.89
  0
LWPOLYLINE
100
AcDbEntity
  8
0
100
AcDbPolyline
 90
7
 70
1
 10
5.06
 20
-168.887
 10
5.10248
 20
-168.877
 10
5.38549
 20
-168.947
 10
5.57546
 20
-169.156
 10
5.68303
 20
-169.52
 10
5.70785
 20
-169.89
 10
5.06
 20
-169.89
  0
LWPOLYLINE
100
AcDbEntity
  8
0
100
AcDbPolyline
 90
9
 70
1
 10
15.8571
 20
-169.515
 10
15.9678
 20
-169.151
 10
16.1628
 20
-168.945
 10
16.453
 20
-168.877
 10
16.736
 20
-168.947
 10
16.926
 20
-169.156
 10
17.0335
 20
-169.52
 10
17.0583
 20
-169.89
 10
15.8315
 20
-169.89
  0
LWPOLYLINE
100
AcDbEntity
  8
0
100
AcDbPolyline
 90
6
 70
1
 10
4.50665
 20
-169.515
 10
4.61726
 20
-169.151
 10
4.81232
 20
-168.945
 10
4.94
 20
-168.915
 10
4.94
 20
-169.89
 10
4.48102
 20
-169.89
  0
LWPOLYLINE
100
AcDbEntity
  8
0
100
AcDbPolyline
 90
4
 70
1
 10
0.2
 20
-169.079
 10
0.349875
 20
-168.972
 10
0.349875
 20
-169.89
 10
0.2
 20
-169.89
  0
LWPOLYLINE
100
AcDbEntity
  8
0
100
AcDbPolyline
 90
7
 70
1
 10
-14.5844
 20
-169.728
 10
-14.3965
 20
-169.57
 10
-14.1195
 20
-169.518
 10
-13.8462
 20
-169.569
 10
-13.6649
 20
-169.724
 10
-13.6023
 20
-169.89
 10
-14.6489
 20
-169.89
  0
LWPOLYLINE
100
AcDbEntity
  8
0
100
AcDbPolyline
 90
9
 70
1
 10
-16.7969
 20
-169.711
 10
-16.6163
 20
-169.575
 10
-16.3799
 20
-169.53
 10
-16.2207
 20
-169.543
 10
-16.1052
 20
-169.583
 10
-16.0244
 20
-169.652
 10
-15.9689
 20
-169.756
 10
-15.9391
 20
-169.89
 10
-16.8917
 20
-169.89
  0
LWPOLYLINE
100
AcDbEntity
  8
0
100
AcDbPolyline
 90
8
 70
1
 10
-12.1806
 20
-169.709
 10
-12.0199
 20
-169.575
 10
-11.8104
 20
-169.53
 10
-11.6176
 20
-169.56
 10
-11.4951
 20
-169.652
 10
-11.4294
 20
-169.823
 10
-11.424
 20
-169.89
 10
-12.2665
 20
-169.89
  0
LWPOLYLINE
100
AcDbEntity
  8
0
100
AcDbPolyline
 90
8
 70
1
 10
-10.9122
 20
-169.708
 10
-10.7523
 20
-169.574
 10
-10.5389
 20
-169.53
 10
-10.3461
 20
-169.56
 10
-10.2236
 20
-169.652
 10
-10.158
 20
-169.823
 10
-10.1526
 20
-169.89
 10
-10.9967
 20
-169.89
  0
LWPOLYLINE
100
AcDbEntity
  8
0
100
AcDbPolyline
 90
9
 70
1
 10
-7.76573
 20
-169.711
 10
-7.58518
 20
-169.575
 10
-7.3487
 20
-169.53
 10
-7.18952
 20
-169.543
 10
-7.07407
 20
-169.583
 10
-6.99319
 20
-169.652
 10
-6.93776
 20
-169.756
 10
-6.90796
 20
-169.89
 10
-7.86053
 20
-169.89
  0
LWPOLYLINE
100
AcDbEntity
  8
0
100
AcDbPolyline
 90
6
 70
1
 10
-4.94
 20
-169.549
 10
-4.89509
 20
-169.555
 10
-4.74863
 20
-169.642
 10
-4.66317
 20
-169.796
 10
-4.65153
 20
-169.89
 10
-4.94
 20
-169.89
  0
LWPOLYLINE
100
AcDbEntity
  8
0
100
AcDbPolyline
 90
4
 70
1
 10
14.8617
 20
-169.861
 10
14.94
 20
-169.725
 10
14.94
 20
-169.89
 10
14.8388
 20
-169.89
  0
LWPOLYLINE
100
AcDbEntity
  8
0
100
AcDbPolyline
 90
4
 70
1
 10
-104.94
 20
-170.11
 10
-100.11
 20
-170.11
 10
-100.11
 20
-174.94
 10
-104.94
 20
-174.94
  0
LWPOLYLINE
100
AcDbEntity
  8
0
100
AcDbPolyline
 90
4
 70
1
 10
-99.89
 20
-170.11
 10
-95.06
 20
-170.11
 10
-95.06
 20
-174.94
 10
-99.89
 20
-174.94
  0
LWPOLYLINE
100
AcDbEntity
  8
0
100
AcDbPolyline
 90
4
 70
1
 10
-94.94
 20
-170.11
 10
-90.11
 20
-170.11
 10
-90.11
 20
-174.94
 10
-94.94
 20
-174.94
  0
LWPOLYLINE
100
AcDbEntity
  8
0
100
AcDbPolyline
 90
4
 70
1
 10
-89.89
 20
-170.11
 10
-85.06
 20
-170.11
 10
-85.06
 20
-174.94
 10
-89.89
 20
-174.94
  0
LWPOLYLINE
100
AcDbEntity
  8
0
100
AcDbPolyline
 90
4
 70
1
 10
-84.94
 20
-170.11
 10
-80.11
 20
-170.11
 10
-80.11
 20
-174.94
 10
-84.94
 20
-174.94
  0
LWPOLYLINE
100
AcDbEntity
  8
0
100
AcDbPolyline
 90
4
 70
1
 10
-79.89
 20
-170.11
 10
-75.06
 20
-170.11
 10
-75.06
 20
-174.94
 10
-79.89
 20
-174.94
  0
LWPOLYLINE
100
AcDbEntity
  8
0
100
AcDbPolyline
 90
4
 70
1
 10
-74.94
 20
-170.11
 10
-70.11
 20
-170.11
 10
-70.11
 20
-174.94
 10
-74.94
 20
-174.94
  0
LWPOLYLINE
100
AcDbEntity
  8
0
100
AcDbPolyline
 90
4
 70
1
 10
-69.89
 20
-170.11
 10
-65.06
 20
-170.11
 10
-65.06
 20
-174.94
 10
-69.89
 20
-174.94
  0
LWPOLYLINE
100
AcDbEntity
  8
0
100
AcDbPolyline
 90
4
 70
1
 10
-64.94
 20
-170.11
 10
-60.11
 20
-170.11
 10
-60.11
 20
-174.94
 10
-64.94
 20
-174.94
  0
LWPOLYLINE
100
AcDbEntity
  8
0
100
AcDbPolyline
 90
4
 70
1
 10
-59.89
 20
-170.11
 10
-55.06
 20
-170.11
 10
-55.06
 20
-174.94
 10
-59.89
 20
-174.94
  0
LWPOLYLINE
100
AcDbEntity
  8
0
100
AcDbPolyline
 90
4
 70
1
 10
-54.94
 20
-170.11
 10
-50.11
 20
-170.11
 10
-50.11
 20
-174.94
 10
-54.94
 20
-174.94
  0
LWPOLYLINE
100
AcDbEntity
  8
0
100
AcDbPolyline
 90
4
 70
1
 10
-49.89
 20
-170.11
 10
-45.06
 20
-170.11
 10
-45.06
 20
-174.94
 10
-49.89
 20
-174.94
  0
LWPOLYLINE
100
AcDbEntity
  8
0
100
AcDbPolyline
 90
4
 70
1
 10
-44.94
 20
-170.11
 10
-40.11
 20
-170.11
 10
-40.11
 20
-174.94
 10
-44.94
 20
-174.94
  0
LWPOLYLINE
100
AcDbEntity
  8
0
100
AcDbPolyline
 90
4
 70
1
 10
-39.89
 20
-170.11
 10
-35.06
 20
-170.11
 10
-35.06
 20
-174.94
 10
-39.89
 20
-174.94
  0
LWPOLYLINE
100
AcDbEntity
  8
0
100
AcDbPolyline
 90
4
 70
1
 10
-34.94
 20
-170.11
 10
-30.11
 20
-170.11
 10
-30.11
 20
-174.94
 10
-34.94
 20
-174.94
  0
LWPOLYLINE
100
AcDbEntity
  8
0
100
AcDbPolyline
 90
4
 70
1
 10
-29.89
 20
-170.11
 10
-25.06
 20
-170.11
 10
-25.06
 20
-174.94
 10
-29.89
 20
-174.94
  0
LWPOLYLINE
100
AcDbEntity
  8
0
100
AcDbPolyline
 90
4
 70
1
 10
-24.94
 20
-170.11
 10
-20.11
 20
-170.11
 10
-20.11
 20
-174.94
 10
-24.94
 20
-174.94
  0
LWPOLYLINE
100
AcDbEntity
  8
0
100
AcDbPolyline
 90
63
 70
1
 10
-19.89
 20
-170.11
 10
-17.3157
 20
-170.11
 10
-17.3157
 20
-171.489
 10
-16.9495
 20
-171.489
 10
-16.9495
 20
-170.213
 10
-16.9357
 20
-170.11
 10
-15.9262
 20
-170.11
 10
-15.9262
 20
-171.489
 10
-15.558
 20
-171.489
 10
-15.558
 20
-170.11
 10
-15.06
 20
-170.11
 10
-15.06
 20
-170.205
 10
-15.1123
 20
-170.386
 10
-15.06
 20
-170.803
 10
-15.06
 20
-174.3
 10
-15.4043
 20
-174.245
 10
-16.1443
 20
-174.53
 10
-16.2627
 20
-174.94
 10
-17.2397
 20
-174.94
 10
-17.1783
 20
-174.777
 10
-17.0314
 20
-174.63
 10
-16.8305
 20
-174.581
 10
-16.7206
 20
-174.586
 10
-16.6352
 20
-174.601
 10
-16.6352
 20
-174.266
 10
-16.7099
 20
-174.25
 10
-16.7837
 20
-174.245
 10
-16.9678
 20
-174.271
 10
-17.1051
 20
-174.349
 10
-17.2124
 20
-174.497
 10
-17.3065
 20
-174.735
 10
-17.3147
 20
-174.735
 10
-17.3187
 20
-174.585
 10
-17.3309
 20
-174.286
 10
-17.6768
 20
-174.286
 10
-17.6676
 20
-174.554
 10
-17.6646
 20
-174.799
 10
-17.6646
 20
-174.94
 10
-18.3767
 20
-174.94
 10
-18.3767
 20
-174.552
 10
-17.9474
 20
-174.552
 10
-17.9474
 20
-174.286
 10
-18.3767
 20
-174.286
 10
-18.3767
 20
-174.089
 10
-18.3609
 20
-173.93
 10
-18.3136
 20
-173.83
 10
-18.2312
 20
-173.777
 10
-18.1102
 20
-173.759
 10
-18.0339
 20
-173.763
 10
-17.9474
 20
-173.775
 10
-17.9474
 20
-173.497
 10
-18.0649
 20
-173.478
 10
-18.2058
 20
-173.472
 10
-18.4433
 20
-173.505
 10
-18.6106
 20
-173.604
 10
-18.7098
 20
-173.779
 10
-18.7429
 20
-174.038
 10
-18.7429
 20
-174.286
 10
-19.0521
 20
-174.286
 10
-19.0521
 20
-174.552
 10
-18.7429
 20
-174.552
 10
-18.7429
 20
-174.94
 10
-19.89
 20
-174.94
  0
LWPOLYLINE
100
AcDbEntity
  8
0
100
AcDbPolyline
 90
40
 70
1
 10
-9.89
 20
-171.489
 10
-9.77398
 20
-171.489
 10
-9.77398
 20
-170.11
 10
-9.22039
 20
-170.11
 10
-9.22039
 20
-171.489
 10
-8.85419
 20
-171.489
 10
-8.85419
 20
-170.11
 10
-8.28452
 20
-170.11
 10
-8.28452
 20
-171.489
 10
-7.91831
 20
-171.489
 10
-7.91831
 20
-170.213
 10
-7.90453
 20
-170.11
 10
-6.89503
 20
-170.11
 10
-6.89503
 20
-171.489
 10
-6.52681
 20
-171.489
 10
-6.52681
 20
-170.11
 10
-5.06
 20
-170.11
 10
-5.06
 20
-170.153
 10
-5.12906
 20
-170.154
 10
-5.5606
 20
-170.209
 10
-5.8543
 20
-170.35
 10
-6.0229
 20
-170.572
 10
-6.07909
 20
-170.875
 10
-6.0374
 20
-171.147
 10
-5.91229
 20
-171.355
 10
-5.70427
 20
-171.486
 10
-5.41387
 20
-171.53
 10
-5.16745
 20
-171.503
 10
-5.06
 20
-171.463
 10
-5.06
 20
-173.621
 10
-5.7953
 20
-173.621
 10
-5.8771
 20
-174.94
 10
-7.04248
 20
-174.94
 10
-7.04248
 20
-173.621
 10
-7.38019
 20
-173.621
 10
-8.05765
 20
-174.086
 10
-8.05765
 20
-174.432
 10
-7.41074
 20
-173.971
 10
-7.41074
 20
-174.94
 10
-9.89
 20
-174.94
  0
LWPOLYLINE
100
AcDbEntity
  8
0
100
AcDbPolyline
 90
48
 70
1
 10
-4.25017
 20
-174.906
 10
-4.5444
 20
-174.72
 10
-4.92458
 20
-174.658
 10
-4.94
 20
-174.66
 10
-4.94
 20
-173.932
 10
-4.16576
 20
-173.932
 10
-4.16576
 20
-173.621
 10
-4.94
 20
-173.621
 10
-4.94
 20
-171.408
 10
-4.7865
 20
-171.283
 10
-4.63469
 20
-171.068
 10
-4.62251
 20
-171.068
 10
-4.59021
 20
-171.265
 10
-4.51775
 20
-171.403
 10
-4.39745
 20
-171.483
 10
-4.2217
 20
-171.509
 10
-4.07881
 20
-171.501
 10
-3.93896
 20
-171.477
 10
-3.93896
 20
-171.249
 10
-4.00251
 20
-171.26
 10
-4.05895
 20
-171.263
 10
-4.15967
 20
-171.243
 10
-4.22174
 20
-171.181
 10
-4.25378
 20
-171.078
 10
-4.26445
 20
-170.936
 10
-4.26445
 20
-170.11
 10
-3.65806
 20
-170.11
 10
-3.65806
 20
-171.489
 10
-3.29189
 20
-171.489
 10
-3.29189
 20
-170.11
 10
-0.2
 20
-170.11
 10
-0.2
 20
-171.178
 10
-0.380445
 20
-171.178
 10
-0.380445
 20
-171.489
 10
-0.2
 20
-171.489
 10
-0.2
 20
-174.94
 10
-1.70955
 20
-174.94
 10
-1.76556
 20
-174.375
 10
-1.95019
 20
-173.932
 10
-2.25433
 20
-173.666
 10
-2.67442
 20
-173.578
 10
-3.07468
 20
-173.642
 10
-3.37628
 20
-173.835
 10
-3.56548
 20
-174.141
 10
-3.62855
 20
-174.542
 10
-3.57057
 20
-174.936
 10
-3.5685
 20
-174.94
 10
-4.22798
 20
-174.94
  0
LWPOLYLINE
100
AcDbEntity
  8
0
100
AcDbPolyline
 90
4
 70
1
 10
-2.23597
 20
-171.068
 10
-2.63267
 20
-171.068
 10
-2.63267
 20
-171.489
 10
-2.23597
 20
-171.489
  0
LWPOLYLINE
100
AcDbEntity
  8
0
100
AcDbPolyline
 90
6
 70
1
 10
4.81281
 20
-171.16
 10
4.6193
 20
-170.948
 10
4.50716
 20
-170.583
 10
4.47369
 20
-170.11
 10
4.94
 20
-170.11
 10
4.94
 20
-171.192
  0
LWPOLYLINE
100
AcDbEntity
  8
0
100
AcDbPolyline
 90
54
 70
1
 10
5.06
 20
-174.368
 10
5.11766
 20
-174.286
 10
5.06
 20
-174.286
 10
5.06
 20
-171.523
 10
5.09026
 20
-171.53
 10
5.52433
 20
-171.435
 10
5.83787
 20
-171.151
 10
6.02783
 20
-170.688
 10
6.08563
 20
-170.11
 10
8.0688
 20
-170.11
 10
8.24173
 20
-170.358
 10
7.45849
 20
-171.489
 10
7.85315
 20
-171.489
 10
8.44922
 20
-170.586
 10
9.04123
 20
-171.489
 10
9.45014
 20
-171.489
 10
8.65672
 20
-170.354
 10
8.82747
 20
-170.11
 10
9.89
 20
-170.11
 10
9.89
 20
-173.621
 10
9.76252
 20
-173.621
 10
9.08506
 20
-174.086
 10
9.08506
 20
-174.432
 10
9.73199
 20
-173.971
 10
9.73199
 20
-174.94
 10
8.04317
 20
-174.94
 10
8.0797
 20
-174.927
 10
8.26813
 20
-174.783
 10
8.38334
 20
-174.586
 10
8.42174
 20
-174.337
 10
8.36197
 20
-174.018
 10
8.1827
 20
-173.778
 10
7.89559
 20
-173.628
 10
7.51235
 20
-173.578
 10
7.15354
 20
-173.627
 10
6.86644
 20
-173.775
 10
6.66784
 20
-174.011
 10
6.57451
 20
-174.324
 10
6.94274
 20
-174.353
 10
6.99843
 20
-174.153
 10
7.11667
 20
-174.003
 10
7.28934
 20
-173.91
 10
7.50829
 20
-173.879
 10
7.74198
 20
-173.912
 10
7.91005
 20
-174.012
 10
8.01153
 20
-174.17
 10
8.04535
 20
-174.375
 10
8.0039
 20
-174.582
 10
7.87955
 20
-174.738
 10
7.67994
 20
-174.837
 10
7.41268
 20
-174.87
 10
7.2133
 20
-174.87
 10
7.2133
 20
-174.94
 10
5.06
 20
-174.94
  0
LWPOLYLINE
100
AcDbEntity
  8
0
100
AcDbPolyline
 90
9
 70
1
 10
13.5823
 20
-171.178
 10
13.6627
 20
-171.033
 10
13.7817
 20
-170.882
 10
13.9439
 20
-170.719
 10
14.154
 20
-170.537
 10
14.5105
 20
-170.236
 10
14.6423
 20
-170.11
 10
14.94
 20
-170.11
 10
14.94
 20
-171.178
  0
LWPOLYLINE
100
AcDbEntity
  8
0
100
AcDbPolyline
 90
28
 70
1
 10
16.2093
 20
-174.516
 10
16.5841
 20
-173.918
 10
16.5841
 20
-173.621
 10
15.06
 20
-173.621
 10
15.06
 20
-171.489
 10
15.0776
 20
-171.489
 10
15.0776
 20
-171.178
 10
15.06
 20
-171.178
 10
15.06
 20
-170.11
 10
15.4554
 20
-170.11
 10
15.5121
 20
-170.69
 10
15.6982
 20
-171.153
 10
16.0079
 20
-171.436
 10
16.4408
 20
-171.53
 10
16.8748
 20
-171.435
 10
17.1884
 20
-171.151
 10
17.3783
 20
-170.688
 10
17.4361
 20
-170.11
 10
19.89
 20
-170.11
 10
19.89
 20
-174.94
 10
18.2097
 20
-174.94
 10
18.2097
 20
-173.621
 10
17.872
 20
-173.621
 10
17.1946
 20
-174.086
 10
17.1946
 20
-174.432
 10
17.8415
 20
-173.971
 10
17.8415
 20
-174.94
 10
15.9796
 20
-174.94
  0
LWPOLYLINE
100
AcDbEntity
  8
0
100
AcDbPolyline
 90
4
 70
1
 10
20.11
 20
-170.11
 10
24.94
 20
-170.11
 10
24.94
 20
-174.94
 10
20.11
 20
-174.94
  0
LWPOLYLINE
100
AcDbEntity
  8
0
100
AcDbPolyline
 90
4
 70
1
 10
25.06
 20
-170.11
 10
29.89
 20
-170.11
 10
29.89
 20
-174.94
 10
25.06
 20
-174.94
  0
LWPOLYLINE
100
AcDbEntity
  8
0
100
AcDbPolyline
 90
4
 70
1
 10
30.11
 20
-170.11
 10
34.94
 20
-170.11
 10
34.94
 20
-174.94
 10
30.11
 20
-174.94
  0
LWPOLYLINE
100
AcDbEntity
  8
0
100
AcDbPolyline
 90
4
 70
1
 10
35.06
 20
-170.11
 10
39.89
 20
-170.11
 10
39.89
 20
-174.94
 10
35.06
 20
-174.94
  0
LWPOLYLINE
100
AcDbEntity
  8
0
100
AcDbPolyline
 90
4
 70
1
 10
40.11
 20
-170.11
 10
44.94
 20
-170.11
 10
44.94
 20
-174.94
 10
40.11
 20
-174.94
  0
LWPOLYLINE
100
AcDbEntity
  8
0
100
AcDbPolyline
 90
4
 70
1
 10
45.06
 20
-170.11
 10
49.89
 20
-170.11
 10
49.89
 20
-174.94
 10
45.06
 20
-174.94
  0
LWPOLYLINE
100
AcDbEntity
  8
0
100
AcDbPolyline
 90
4
 70
1
 10
50.11
 20
-170.11
 10
54.94
 20
-170.11
 10
54.94
 20
-174.94
 10
50.11
 20
-174.94
  0
LWPOLYLINE
100
AcDbEntity
  8
0
100
AcDbPolyline
 90
4
 70
1
 10
55.06
 20
-170.11
 10
59.89
 20
-170.11
 10
59.89
 20
-174.94
 10
55.06
 20
-174.94
  0
LWPOLYLINE
100
AcDbEntity
  8
0
100
AcDbPolyline
 90
4
 70
1
 10
60.11
 20
-170.11
 10
64.94
 20
-170.11
 10
64.94
 20
-174.94
 10
60.11
 20
-174.94
  0
LWPOLYLINE
100
AcDbEntity
  8
0
100
AcDbPolyline
 90
4
 70
1
 10
65.06
 20
-170.11
 10
69.89
 20
-170.11
 10
69.89
 20
-174.94
 10
65.06
 20
-174.94
  0
LWPOLYLINE
100
AcDbEntity
  8
0
100
AcDbPolyline
 90
4
 70
1
 10
70.11
 20
-170.11
 10
74.94
 20
-170.11
 10
74.94
 20
-174.94
 10
70.11
 20
-174.94
  0
LWPOLYLINE
100
AcDbEntity
  8
0
100
AcDbPolyline
 90
4
 70
1
 10
75.06
 20
-170.11
 10
79.89
 20
-170.11
 10
79.89
 20
-174.94
 10
75.06
 20
-174.94
  0
LWPOLYLINE
100
AcDbEntity
  8
0
100
AcDbPolyline
 90
4
 70
1
 10
80.11
 20
-170.11
 10
84.94
 20
-170.11
 10
84.94
 20
-174.94
 10
80.11
 20
-174.94
  0
LWPOLYLINE
100
AcDbEntity
  8
0
100
AcDbPolyline
 90
4
 70
1
 10
85.06
 20
-170.11
 10
89.89
 20
-170.11
 10
89.89
 20
-174.94
 10
85.06
 20
-174.94
  0
LWPOLYLINE
100
AcDbEntity
  8
0
100
AcDbPolyline
 90
4
 70
1
 10
90.11
 20
-170.11
 10
94.94
 20
-170.11
 10
94.94
 20
-174.94
 10
90.11
 20
-174.94
  0
LWPOLYLINE
100
AcDbEntity
  8
0
100
AcDbPolyline
 90
4
 70
1
 10
95.06
 20
-170.11
 10
99.89
 20
-170.11
 10
99.89
 20
-174.94
 10
95.06
 20
-174.94
  0
LWPOLYLINE
100
AcDbEntity
  8
0
100
AcDbPolyline
 90
4
 70
1
 10
100.11
 20
-170.11
 10
104.94
 20
-170.11
 10
104.94
 20
-174.94
 10
100.11
 20
-174.94
  0
LWPOLYLINE
100
AcDbEntity
  8
0
100
AcDbPolyline
 90
9
 70
1
 10
16.1633
 20
-171.16
 10
15.9698
 20
-170.948
 10
15.8577
 20
-170.583
 10
15.8242
 20
-170.11
 10
17.0654
 20
-170.11
 10
17.0318
 20
-170.576
 10
16.9188
 20
-170.942
 10
16.7251
 20
-171.158
 10
16.4448
 20
-171.231
  0
LWPOLYLINE
100
AcDbEntity
  8
0
100
AcDbPolyline
 90
53
 70
1
 10
10.11
 20
-170.11
 10
11.499
 20
-170.11
 10
11.499
 20
-170.189
 10
11.7065
 20
-170.189
 10
12.0063
 20
-170.222
 10
12.2263
 20
-170.32
 10
12.3613
 20
-170.477
 10
12.4063
 20
-170.685
 10
12.3669
 20
-170.921
 10
12.2486
 20
-171.09
 10
12.0612
 20
-171.192
 10
11.8143
 20
-171.227
 10
11.3825
 20
-171.099
 10
11.1898
 20
-170.718
 10
10.8114
 20
-170.753
 10
10.9128
 20
-171.09
 10
11.1196
 20
-171.333
 10
11.4229
 20
-171.481
 10
11.8143
 20
-171.53
 10
12.2283
 20
-171.475
 10
12.5345
 20
-171.312
 10
12.7237
 20
-171.05
 10
12.7867
 20
-170.698
 10
12.742
 20
-170.446
 10
12.6077
 20
-170.242
 10
12.4117
 20
-170.11
 10
14.1923
 20
-170.11
 10
14.0736
 20
-170.207
 10
13.9111
 20
-170.339
 10
13.7471
 20
-170.481
 10
13.5861
 20
-170.637
 10
13.4328
 20
-170.811
 10
13.2947
 20
-171.007
 10
13.1795
 20
-171.231
 10
13.1795
 20
-171.489
 10
14.94
 20
-171.489
 10
14.94
 20
-173.621
 10
14.6901
 20
-173.621
 10
14.6901
 20
-173.932
 10
14.94
 20
-173.932
 10
14.94
 20
-174.94
 10
13.1159
 20
-174.94
 10
13.0599
 20
-174.375
 10
12.8752
 20
-173.932
 10
12.5711
 20
-173.666
 10
12.151
 20
-173.578
 10
11.7508
 20
-173.642
 10
11.4492
 20
-173.835
 10
11.26
 20
-174.141
 10
11.1969
 20
-174.542
 10
11.2549
 20
-174.936
 10
11.2569
 20
-174.94
 10
10.11
 20
-174.94
  0
LWPOLYLINE
100
AcDbEntity
  8
0
100
AcDbPolyline
 90
3
 70
1
 10
8.42726
 20
-170.11
 10
8.47101
 20
-170.11
 10
8.44922
 20
-170.144
  0
LWPOLYLINE
100
AcDbEntity
  8
0
100
AcDbPolyline
 90
7
 70
1
 10
5.06
 20
-171.222
 10
5.06
 20
-170.11
 10
5.71489
 20
-170.11
 10
5.68125
 20
-170.576
 10
5.56835
 20
-170.942
 10
5.37457
 20
-171.158
 10
5.09431
 20
-171.231
  0
LWPOLYLINE
100
AcDbEntity
  8
0
100
AcDbPolyline
 90
34
 70
1
 10
1.38386
 20
-174.516
 10
1.7587
 20
-173.918
 10
1.7587
 20
-173.621
 10
0.2
 20
-173.621
 10
0.2
 20
-171.489
 10
1.4159
 20
-171.489
 10
1.4159
 20
-171.178
 10
0.718125
 20
-171.178
 10
0.718125
 20
-170.11
 10
1.83227
 20
-170.11
 10
1.83106
 20
-170.122
 10
1.89514
 20
-170.728
 10
2.08738
 20
-171.17
 10
2.40067
 20
-171.44
 10
2.8279
 20
-171.53
 10
3.21443
 20
-171.464
 10
3.50738
 20
-171.267
 10
3.69199
 20
-170.957
 10
3.75352
 20
-170.551
 10
3.69529
 20
-170.175
 10
3.6564
 20
-170.11
 10
4.10491
 20
-170.11
 10
4.16156
 20
-170.69
 10
4.3477
 20
-171.153
 10
4.65744
 20
-171.436
 10
4.94
 20
-171.497
 10
4.94
 20
-174.286
 10
4.70876
 20
-174.286
 10
4.29233
 20
-174.94
 10
4.03378
 20
-174.94
 10
3.61427
 20
-174.286
 10
3.20942
 20
-174.286
 10
3.66585
 20
-174.94
 10
1.15415
 20
-174.94
  0
LWPOLYLINE
100
AcDbEntity
  8
0
100
AcDbPolyline
 90
13
 70
1
 10
2.58249
 20
-171.182
 10
2.39558
 20
-171.023
 10
2.27277
 20
-170.781
 10
2.23184
 20
-170.48
 10
2.27125
 20
-170.246
 10
2.36151
 20
-170.11
 10
3.24138
 20
-170.11
 10
3.34311
 20
-170.292
 10
3.38126
 20
-170.567
 10
3.34361
 20
-170.845
 10
3.23069
 20
-171.057
 10
3.05167
 20
-171.19
 10
2.8157
 20
-171.235
  0
LWPOLYLINE
100
AcDbEntity
  8
0
100
AcDbPolyline
 90
4
 70
1
 10
0.2
 20
-170.11
 10
0.349875
 20
-170.11
 10
0.349875
 20
-171.178
 10
0.2
 20
-171.178
  0
LWPOLYLINE
100
AcDbEntity
  8
0
100
AcDbPolyline
 90
4
 70
1
 10
-4.94
 20
-170.11
 10
-4.63469
 20
-170.11
 10
-4.63469
 20
-170.146
 10
-4.94
 20
-170.151
  0
LWPOLYLINE
100
AcDbEntity
  8
0
100
AcDbPolyline
 90
63
 70
1
 10
-14.4832
 20
-174.877
 10
-14.6618
 20
-174.523
 10
-14.94
 20
-174.333
 10
-14.94
 20
-171.092
 10
-14.8662
 20
-171.236
 10
-14.561
 20
-171.456
 10
-14.1378
 20
-171.53
 10
-13.7111
 20
-171.459
 10
-13.3994
 20
-171.247
 10
-13.2086
 20
-170.89
 10
-13.1451
 20
-170.386
 10
-13.1775
 20
-170.11
 10
-12.6811
 20
-170.11
 10
-12.6811
 20
-171.489
 10
-12.3169
 20
-171.489
 10
-12.3169
 20
-170.213
 10
-12.3047
 20
-170.11
 10
-11.4076
 20
-170.11
 10
-11.4076
 20
-171.489
 10
-11.0454
 20
-171.489
 10
-11.0454
 20
-170.213
 10
-11.0336
 20
-170.11
 10
-10.1361
 20
-170.11
 10
-10.1361
 20
-171.489
 10
-10.11
 20
-171.489
 10
-10.11
 20
-174.286
 10
-10.3933
 20
-174.286
 10
-10.3933
 20
-174.707
 10
-10.11
 20
-174.707
 10
-10.11
 20
-174.94
 10
-11.2478
 20
-174.94
 10
-11.2478
 20
-174.552
 10
-10.8409
 20
-174.552
 10
-10.8409
 20
-174.286
 10
-11.2478
 20
-174.286
 10
-11.2478
 20
-173.794
 10
-11.4919
 20
-173.794
 10
-11.5998
 20
-174.286
 10
-11.8683
 20
-174.286
 10
-11.8683
 20
-174.552
 10
-11.614
 20
-174.552
 10
-11.614
 20
-174.94
 10
-12.2115
 20
-174.94
 10
-12.244
 20
-174.664
 10
-12.3699
 20
-174.425
 10
-12.5863
 20
-174.29
 10
-12.8998
 20
-174.245
 10
-13.1259
 20
-174.269
 10
-13.3118
 20
-174.34
 10
-13.4677
 20
-174.468
 10
-13.6037
 20
-174.662
 10
-13.6098
 20
-174.662
 10
-13.6136
 20
-174.527
 10
-13.617
 20
-174.444
 10
-13.6198
 20
-174.389
 10
-13.6221
 20
-174.341
 10
-13.6241
 20
-174.305
 10
-13.6261
 20
-174.286
 10
-13.9719
 20
-174.286
 10
-13.9628
 20
-174.446
 10
-13.9598
 20
-174.756
 10
-13.9598
 20
-174.94
 10
-14.4758
 20
-174.94
  0
LWPOLYLINE
100
AcDbEntity
  8
0
100
AcDbPolyline
 90
11
 70
1
 10
-14.4046
 20
-171.204
 10
-14.5864
 20
-171.04
 10
-14.6925
 20
-170.768
 10
-14.7278
 20
-170.386
 10
-14.7023
 20
-170.11
 10
-13.5533
 20
-170.11
 10
-13.5296
 20
-170.386
 10
-13.5649
 20
-170.776
 10
-13.671
 20
-171.048
 10
-13.8594
 20
-171.206
 10
-14.1419
 20
-171.259
  0
LWPOLYLINE
100
AcDbEntity
  8
0
100
AcDbPolyline
 90
7
 70
1
 10
-4.94
 20
-170.409
 10
-4.63469
 20
-170.403
 10
-4.63469
 20
-170.584
 10
-4.65732
 20
-170.75
 10
-4.72523
 20
-170.912
 10
-4.8323
 20
-171.055
 10
-4.94
 20
-171.138
  0
LWPOLYLINE
100
AcDbEntity
  8
0
100
AcDbPolyline
 90
13
 70
1
 10
-5.48888
 20
-171.231
 10
-5.60611
 20
-171.157
 10
-5.67859
 20
-171.039
 10
-5.70274
 20
-170.881
 10
-5.68495
 20
-170.732
 10
-5.63155
 20
-170.614
 10
-5.54483
 20
-170.526
 10
-5.42711
 20
-170.464
 10
-5.26256
 20
-170.426
 10
-5.06
 20
-170.412
 10
-5.06
 20
-171.199
 10
-5.14024
 20
-171.232
 10
-5.33044
 20
-171.255
  0
LWPOLYLINE
100
AcDbEntity
  8
0
100
AcDbPolyline
 90
13
 70
1
 10
-3.2181
 20
-174.823
 10
-3.25625
 20
-174.542
 10
-3.2181
 20
-174.267
 10
-3.10367
 20
-174.055
 10
-2.92312
 20
-173.92
 10
-2.68664
 20
-173.875
 10
-2.44708
 20
-173.928
 10
-2.26145
 20
-174.085
 10
-2.14244
 20
-174.33
 10
-2.10278
 20
-174.642
 10
-2.12236
 20
-174.802
 10
-2.17988
 20
-174.94
 10
-3.15562
 20
-174.94
  0
LWPOLYLINE
100
AcDbEntity
  8
0
100
AcDbPolyline
 90
13
 70
1
 10
11.6073
 20
-174.823
 10
11.5692
 20
-174.542
 10
11.6073
 20
-174.267
 10
11.7218
 20
-174.055
 10
11.9023
 20
-173.92
 10
12.1388
 20
-173.875
 10
12.3784
 20
-173.928
 10
12.564
 20
-174.085
 10
12.683
 20
-174.33
 10
12.7227
 20
-174.642
 10
12.7031
 20
-174.802
 10
12.6455
 20
-174.94
 10
11.6698
 20
-174.94
  0
LWPOLYLINE
100
AcDbEntity
  8
0
100
AcDbPolyline
 90
5
 70
1
 10
15.06
 20
-173.932
 10
16.2301
 20
-173.932
 10
15.763
 20
-174.677
 10
15.6379
 20
-174.94
 10
15.06
 20
-174.94
  0
LWPOLYLINE
100
AcDbEntity
  8
0
100
AcDbPolyline
 90
5
 70
1
 10
0.2
 20
-173.932
 10
1.40471
 20
-173.932
 10
0.937575
 20
-174.677
 10
0.812473
 20
-174.94
 10
0.2
 20
-174.94
  0
LWPOLYLINE
100
AcDbEntity
  8
0
100
AcDbPolyline
 90
5
 70
1
 10
-5.46166
 20
-173.932
 10
-5.06
 20
-173.932
 10
-5.06
 20
-174.677
 10
-5.24956
 20
-174.704
 10
-5.51659
 20
-174.841
  0
LWPOLYLINE
100
AcDbEntity
  8
0
100
AcDbPolyline
 90
7
 70
1
 10
-15.8631
 20
-174.726
 10
-15.6751
 20
-174.568
 10
-15.3982
 20
-174.516
 10
-15.1248
 20
-174.567
 10
-15.06
 20
-174.623
 10
-15.06
 20
-174.94
 10
-15.9483
 20
-174.94
  0
LWPOLYLINE
100
AcDbEntity
  8
0
100
AcDbPolyline
 90
11
 70
1
 10
-13.5554
 20
-174.925
 10
-13.441
 20
-174.709
 10
-13.2604
 20
-174.573
 10
-13.0239
 20
-174.528
 10
-12.8648
 20
-174.541
 10
-12.7493
 20
-174.581
 10
-12.6684
 20
-174.651
 10
-12.613
 20
-174.754
 10
-12.581
 20
-174.898
 10
-12.5787
 20
-174.94
 10
-13.5574
 20
-174.94
  0
LWPOLYLINE
100
AcDbEntity
  8
0
100
AcDbPolyline
 90
3
 70
1
 10
4.94
 20
-174.54
 10
4.94
 20
-174.94
 10
4.65951
 20
-174.94
  0
LWPOLYLINE
100
AcDbEntity
  8
0
100
AcDbPolyline
 90
3
 70
1
 10
-14.94
 20
-174.732
 10
-14.8613
 20
-174.94
 10
-14.94
 20
-174.94
  0
LWPOLYLINE
100
AcDbEntity
  8
0
100
AcDbPolyline
 90
4
 70
1
 10
-104.94
 20
-175.06
 10
-100.11
 20
-175.06
 10
-100.11
 20
-179.89
 10
-104.94
 20
-179.89
  0
LWPOLYLINE
100
AcDbEntity
  8
0
100
AcDbPolyline
 90
4
 70
1
 10
-99.89
 20
-175.06
 10
-95.06
 20
-175.06
 10
-95.06
 20
-179.89
 10
-99.89
 20
-179.89
  0
LWPOLYLINE
100
AcDbEntity
  8
0
100
AcDbPolyline
 90
4
 70
1
 10
-94.94
 20
-175.06
 10
-90.11
 20
-175.06
 10
-90.11
 20
-179.89
 10
-94.94
 20
-179.89
  0
LWPOLYLINE
100
AcDbEntity
  8
0
100
AcDbPolyline
 90
4
 70
1
 10
-89.89
 20
-175.06
 10
-85.06
 20
-175.06
 10
-85.06
 20
-179.89
 10
-89.89
 20
-179.89
  0
LWPOLYLINE
100
AcDbEntity
  8
0
100
AcDbPolyline
 90
4
 70
1
 10
-84.94
 20
-175.06
 10
-80.11
 20
-175.06
 10
-80.11
 20
-179.89
 10
-84.94
 20
-179.89
  0
LWPOLYLINE
100
AcDbEntity
  8
0
100
AcDbPolyline
 90
4
 70
1
 10
-79.89
 20
-175.06
 10
-75.06
 20
-175.06
 10
-75.06
 20
-179.89
 10
-79.89
 20
-179.89
  0
LWPOLYLINE
100
AcDbEntity
  8
0
100
AcDbPolyline
 90
4
 70
1
 10
-74.94
 20
-175.06
 10
-70.11
 20
-175.06
 10
-70.11
 20
-179.89
 10
-74.94
 20
-179.89
  0
LWPOLYLINE
100
AcDbEntity
  8
0
100
AcDbPolyline
 90
4
 70
1
 10
-69.89
 20
-175.06
 10
-65.06
 20
-175.06
 10
-65.06
 20
-179.89
 10
-69.89
 20
-179.89
  0
LWPOLYLINE
100
AcDbEntity
  8
0
100
AcDbPolyline
 90
4
 70
1
 10
-64.94
 20
-175.06
 10
-60.11
 20
-175.06
 10
-60.11
 20
-179.89
 10
-64.94
 20
-179.89
  0
LWPOLYLINE
100
AcDbEntity
  8
0
100
AcDbPolyline
 90
4
 70
1
 10
-59.89
 20
-175.06
 10
-55.06
 20
-175.06
 10
-55.06
 20
-179.89
 10
-59.89
 20
-179.89
  0
LWPOLYLINE
100
AcDbEntity
  8
0
100
AcDbPolyline
 90
4
 70
1
 10
-54.94
 20
-175.06
 10
-50.11
 20
-175.06
 10
-50.11
 20
-179.89
 10
-54.94
 20
-179.89
  0
LWPOLYLINE
100
AcDbEntity
  8
0
100
AcDbPolyline
 90
4
 70
1
 10
-49.89
 20
-175.06
 10
-45.06
 20
-175.06
 10
-45.06
 20
-179.89
 10
-49.89
 20
-179.89
  0
LWPOLYLINE
100
AcDbEntity
  8
0
100
AcDbPolyline
 90
4
 70
1
 10
-44.94
 20
-175.06
 10
-40.11
 20
-175.06
 10
-40.11
 20
-179.89
 10
-44.94
 20
-179.89
  0
LWPOLYLINE
100
AcDbEntity
  8
0
100
AcDbPolyline
 90
4
 70
1
 10
-39.89
 20
-175.06
 10
-35.06
 20
-175.06
 10
-35.06
 20
-179.89
 10
-39.89
 20
-179.89
  0
LWPOLYLINE
100
AcDbEntity
  8
0
100
AcDbPolyline
 90
4
 70
1
 10
-34.94
 20
-175.06
 10
-30.11
 20
-175.06
 10
-30.11
 20
-179.89
 10
-34.94
 20
-179.89
  0
LWPOLYLINE
100
AcDbEntity
  8
0
100
AcDbPolyline
 90
4
 70
1
 10
-29.89
 20
-175.06
 10
-25.06
 20
-175.06
 10
-25.06
 20
-179.89
 10
-29.89
 20
-179.89
  0
LWPOLYLINE
100
AcDbEntity
  8
0
100
AcDbPolyline
 90
27
 70
1
 10
-24.94
 20
-175.06
 10
-20.11
 20
-175.06
 10
-20.11
 20
-179.347
 10
-20.3033
 20
-179.483
 10
-20.4948
 20
-179.838
 10
-20.5017
 20
-179.89
 10
-21.4105
 20
-179.89
 10
-21.348
 20
-179.724
 10
-21.2011
 20
-179.577
 10
-21.0002
 20
-179.528
 10
-20.8903
 20
-179.533
 10
-20.8049
 20
-179.548
 10
-20.8049
 20
-179.213
 10
-20.8796
 20
-179.197
 10
-20.9534
 20
-179.192
 10
-21.1375
 20
-179.218
 10
-21.2748
 20
-179.296
 10
-21.3821
 20
-179.445
 10
-21.4762
 20
-179.683
 10
-21.4844
 20
-179.683
 10
-21.4884
 20
-179.533
 10
-21.5006
 20
-179.233
 10
-21.8465
 20
-179.233
 10
-21.8373
 20
-179.502
 10
-21.8343
 20
-179.746
 10
-21.8343
 20
-179.89
 10
-24.94
 20
-179.89
  0
LWPOLYLINE
100
AcDbEntity
  8
0
100
AcDbPolyline
 90
9
 70
1
 10
-15.6833
 20
-176.202
 10
-15.8651
 20
-176.038
 10
-15.9711
 20
-175.766
 10
-16.0065
 20
-175.384
 10
-15.9765
 20
-175.06
 10
-15.06
 20
-175.06
 10
-15.06
 20
-176.139
 10
-15.1381
 20
-176.204
 10
-15.4206
 20
-176.257
  0
LWPOLYLINE
100
AcDbEntity
  8
0
100
AcDbPolyline
 90
50
 70
1
 10
-14.94
 20
-179.53
 10
-14.8682
 20
-179.533
 10
-14.7828
 20
-179.548
 10
-14.7828
 20
-179.213
 10
-14.8575
 20
-179.197
 10
-14.9313
 20
-179.192
 10
-14.94
 20
-179.194
 10
-14.94
 20
-176.423
 10
-14.678
 20
-176.245
 10
-14.4873
 20
-175.888
 10
-14.4237
 20
-175.384
 10
-14.4618
 20
-175.06
 10
-13.9598
 20
-175.06
 10
-13.9598
 20
-176.487
 10
-13.5936
 20
-176.487
 10
-13.5936
 20
-175.211
 10
-13.5734
 20
-175.06
 10
-12.572
 20
-175.06
 10
-12.5703
 20
-175.091
 10
-12.5703
 20
-176.487
 10
-12.2021
 20
-176.487
 10
-12.2021
 20
-175.06
 10
-11.614
 20
-175.06
 10
-11.614
 20
-176.021
 10
-11.5041
 20
-176.395
 10
-11.1746
 20
-176.52
 10
-10.9874
 20
-176.507
 10
-10.8043
 20
-176.471
 10
-10.8043
 20
-176.2
 10
-10.9264
 20
-176.222
 10
-11.0159
 20
-176.229
 10
-11.125
 20
-176.213
 10
-11.1959
 20
-176.165
 10
-11.2348
 20
-176.077
 10
-11.2478
 20
-175.942
 10
-11.2478
 20
-175.06
 10
-10.11
 20
-175.06
 10
-10.11
 20
-176.066
 10
-10.3933
 20
-176.066
 10
-10.3933
 20
-176.487
 10
-10.11
 20
-176.487
 10
-10.11
 20
-179.89
 10
-10.9823
 20
-179.89
 10
-10.9823
 20
-178.568
 10
-11.32
 20
-178.568
 10
-11.9975
 20
-179.034
 10
-11.9975
 20
-179.38
 10
-11.3505
 20
-178.918
 10
-11.3505
 20
-179.89
 10
-14.94
 20
-179.89
  0
LWPOLYLINE
100
AcDbEntity
  8
0
100
AcDbPolyline
 90
4
 70
1
 10
-13.9364
 20
-179.233
 10
-14.3331
 20
-179.233
 10
-14.3331
 20
-179.654
 10
-13.9364
 20
-179.654
  0
LWPOLYLINE
100
AcDbEntity
  8
0
100
AcDbPolyline
 90
45
 70
1
 10
-9.89
 20
-175.06
 10
-7.41074
 20
-175.06
 10
-7.41074
 20
-176.176
 10
-8.14106
 20
-176.176
 10
-8.14106
 20
-176.487
 10
-6.34471
 20
-176.487
 10
-6.34471
 20
-176.176
 10
-7.04248
 20
-176.176
 10
-7.04248
 20
-175.06
 10
-5.88454
 20
-175.06
 10
-5.89091
 20
-175.163
 10
-5.53285
 20
-175.163
 10
-5.40469
 20
-175.067
 10
-5.39038
 20
-175.06
 10
-5.06
 20
-175.06
 10
-5.06
 20
-176.214
 10
-5.39705
 20
-176.122
 10
-5.60405
 20
-175.803
 10
-5.9743
 20
-175.846
 10
-5.86394
 20
-176.139
 10
-5.66306
 20
-176.353
 10
-5.37825
 20
-176.484
 10
-5.06
 20
-176.522
 10
-5.06
 20
-179.89
 10
-6.26211
 20
-179.89
 10
-6.03088
 20
-179.463
 10
-5.65603
 20
-178.865
 10
-5.65603
 20
-178.568
 10
-7.55005
 20
-178.568
 10
-7.55005
 20
-178.879
 10
-6.01004
 20
-178.879
 10
-6.47716
 20
-179.624
 10
-6.6036
 20
-179.89
 10
-8.16595
 20
-179.89
 10
-8.18998
 20
-179.854
 10
-8.48421
 20
-179.667
 10
-8.86439
 20
-179.605
 10
-9.18937
 20
-179.651
 10
-9.4564
 20
-179.788
 10
-9.40147
 20
-178.879
 10
-8.10556
 20
-178.879
 10
-8.10556
 20
-178.568
 10
-9.73511
 20
-178.568
 10
-9.81708
 20
-179.89
 10
-9.89
 20
-179.89
  0
LWPOLYLINE
100
AcDbEntity
  8
0
100
AcDbPolyline
 90
65
 70
1
 10
-4.94
 20
-176.516
 10
-4.59019
 20
-176.463
 10
-4.2685
 20
-176.267
 10
-4.06632
 20
-175.959
 10
-3.99893
 20
-175.553
 10
-4.06174
 20
-175.192
 10
-4.14887
 20
-175.06
 10
-3.50067
 20
-175.06
 10
-3.39665
 20
-175.244
 10
-3.12606
 20
-175.442
 10
-2.77816
 20
-175.509
 10
-2.55184
 20
-175.481
 10
-2.34484
 20
-175.398
 10
-2.1765
 20
-175.269
 10
-2.06615
 20
-175.104
 10
-2.11547
 20
-175.584
 10
-2.24719
 20
-175.94
 10
-2.45572
 20
-176.159
 10
-2.73545
 20
-176.233
 10
-3.04366
 20
-176.143
 10
-3.21965
 20
-175.875
 10
-3.56954
 20
-175.93
 10
-3.45332
 20
-176.201
 10
-3.27965
 20
-176.386
 10
-3.04392
 20
-176.492
 10
-2.74156
 20
-176.528
 10
-2.30036
 20
-176.429
 10
-1.9736
 20
-176.131
 10
-1.77141
 20
-175.649
 10
-1.71064
 20
-175.06
 10
-0.2
 20
-175.06
 10
-0.2
 20
-178.769
 10
-0.36555
 20
-178.618
 10
-0.805725
 20
-178.525
 10
-1.2566
 20
-178.617
 10
-1.56761
 20
-178.893
 10
-1.74842
 20
-179.354
 10
-1.79842
 20
-179.89
 10
-2.46369
 20
-179.89
 10
-2.39701
 20
-179.807
 10
-2.30216
 20
-179.642
 10
-2.24494
 20
-179.477
 10
-2.22586
 20
-179.31
 10
-2.2841
 20
-178.977
 10
-2.45882
 20
-178.73
 10
-2.74183
 20
-178.576
 10
-3.12506
 20
-178.525
 10
-3.48388
 20
-178.576
 10
-3.77098
 20
-178.729
 10
-3.96959
 20
-178.967
 10
-4.06291
 20
-179.276
 10
-3.68857
 20
-179.31
 10
-3.63086
 20
-179.106
 10
-3.51059
 20
-178.953
 10
-3.33842
 20
-178.858
 10
-3.12506
 20
-178.826
 10
-2.90586
 20
-178.859
 10
-2.74058
 20
-178.956
 10
-2.6368
 20
-179.113
 10
-2.60221
 20
-179.323
 10
-2.62231
 20
-179.488
 10
-2.68259
 20
-179.636
 10
-2.77541
 20
-179.771
 10
-2.88373
 20
-179.89
 10
-4.94
 20
-179.89
  0
LWPOLYLINE
100
AcDbEntity
  8
0
100
AcDbPolyline
 90
4
 70
1
 10
-0.729435
 20
-176.042
 10
-1.12613
 20
-176.042
 10
-1.12613
 20
-176.487
 10
-0.729435
 20
-176.487
  0
LWPOLYLINE
100
AcDbEntity
  8
0
100
AcDbPolyline
 90
4
 70
1
 10
4.37105
 20
-175.352
 10
4.57546
 20
-175.06
 10
4.94
 20
-175.06
 10
4.94
 20
-176.166
  0
LWPOLYLINE
100
AcDbEntity
  8
0
100
AcDbPolyline
 90
43
 70
1
 10
10.795
 20
-178.568
 10
10.4573
 20
-178.568
 10
10.11
 20
-178.807
 10
10.11
 20
-176.487
 10
10.798
 20
-176.487
 10
10.798
 20
-176.176
 10
10.11
 20
-176.176
 10
10.11
 20
-175.06
 10
11.3248
 20
-175.06
 10
11.4288
 20
-175.244
 10
11.6994
 20
-175.442
 10
12.0473
 20
-175.509
 10
12.2736
 20
-175.481
 10
12.4806
 20
-175.398
 10
12.6489
 20
-175.269
 10
12.7593
 20
-175.104
 10
12.71
 20
-175.584
 10
12.5782
 20
-175.94
 10
12.3697
 20
-176.159
 10
12.09
 20
-176.233
 10
11.7818
 20
-176.143
 10
11.6058
 20
-175.875
 10
11.2559
 20
-175.93
 10
11.3721
 20
-176.201
 10
11.5458
 20
-176.386
 10
11.7815
 20
-176.492
 10
12.0839
 20
-176.528
 10
12.5251
 20
-176.429
 10
12.8518
 20
-176.131
 10
13.054
 20
-175.649
 10
13.1148
 20
-175.06
 10
14.94
 20
-175.06
 10
14.94
 20
-179.89
 10
13.1979
 20
-179.89
 10
13.4291
 20
-179.463
 10
13.804
 20
-178.865
 10
13.804
 20
-178.568
 10
11.91
 20
-178.568
 10
11.91
 20
-178.879
 10
13.45
 20
-178.879
 10
12.9828
 20
-179.624
 10
12.8564
 20
-179.89
 10
10.795
 20
-179.89
  0
LWPOLYLINE
100
AcDbEntity
  8
0
100
AcDbPolyline
 90
4
 70
1
 10
14.096
 20
-176.042
 10
13.6993
 20
-176.042
 10
13.6993
 20
-176.487
 10
14.096
 20
-176.487
  0
LWPOLYLINE
100
AcDbEntity
  8
0
100
AcDbPolyline
 90
54
 70
1
 10
15.06
 20
-175.06
 10
15.5808
 20
-175.06
 10
15.452
 20
-175.331
 10
15.2773
 20
-175.923
 10
15.2191
 20
-176.487
 10
15.6015
 20
-176.487
 10
15.6242
 20
-176.097
 10
15.6921
 20
-175.72
 10
15.8052
 20
-175.347
 10
15.9257
 20
-175.06
 10
17.8415
 20
-175.06
 10
17.8415
 20
-176.176
 10
17.1112
 20
-176.176
 10
17.1112
 20
-176.487
 10
18.9075
 20
-176.487
 10
18.9075
 20
-176.176
 10
18.2097
 20
-176.176
 10
18.2097
 20
-175.06
 10
19.89
 20
-175.06
 10
19.89
 20
-179.89
 10
18.9045
 20
-179.89
 10
18.9045
 20
-178.568
 10
18.5668
 20
-178.568
 10
17.8893
 20
-179.034
 10
17.8893
 20
-179.38
 10
18.5363
 20
-178.918
 10
18.5363
 20
-179.89
 10
16.9963
 20
-179.89
 10
17.063
 20
-179.807
 10
17.1579
 20
-179.642
 10
17.2151
 20
-179.477
 10
17.2341
 20
-179.31
 10
17.1759
 20
-178.977
 10
17.0012
 20
-178.73
 10
16.7182
 20
-178.576
 10
16.335
 20
-178.525
 10
15.9761
 20
-178.576
 10
15.689
 20
-178.729
 10
15.4904
 20
-178.967
 10
15.3971
 20
-179.276
 10
15.7714
 20
-179.31
 10
15.8291
 20
-179.106
 10
15.9494
 20
-178.953
 10
16.1216
 20
-178.858
 10
16.335
 20
-178.826
 10
16.5542
 20
-178.859
 10
16.7194
 20
-178.956
 10
16.8232
 20
-179.113
 10
16.8578
 20
-179.323
 10
16.8377
 20
-179.488
 10
16.7774
 20
-179.636
 10
16.6846
 20
-179.771
 10
16.5763
 20
-179.89
 10
15.06
 20
-179.89
  0
LWPOLYLINE
100
AcDbEntity
  8
0
100
AcDbPolyline
 90
16
 70
1
 10
21.6976
 20
-179.807
 10
21.7924
 20
-179.642
 10
21.8497
 20
-179.477
 10
21.8687
 20
-179.31
 10
21.8105
 20
-178.977
 10
21.6358
 20
-178.73
 10
21.3528
 20
-178.576
 10
20.9695
 20
-178.525
 10
20.6107
 20
-178.576
 10
20.3236
 20
-178.729
 10
20.125
 20
-178.967
 10
20.11
 20
-179.017
 10
20.11
 20
-175.06
 10
24.94
 20
-175.06
 10
24.94
 20
-179.89
 10
21.6309
 20
-179.89
  0
LWPOLYLINE
100
AcDbEntity
  8
0
100
AcDbPolyline
 90
4
 70
1
 10
25.06
 20
-175.06
 10
29.89
 20
-175.06
 10
29.89
 20
-179.89
 10
25.06
 20
-179.89
  0
LWPOLYLINE
100
AcDbEntity
  8
0
100
AcDbPolyline
 90
4
 70
1
 10
30.11
 20
-175.06
 10
34.94
 20
-175.06
 10
34.94
 20
-179.89
 10
30.11
 20
-179.89
  0
LWPOLYLINE
100
AcDbEntity
  8
0
100
AcDbPolyline
 90
4
 70
1
 10
35.06
 20
-175.06
 10
39.89
 20
-175.06
 10
39.89
 20
-179.89
 10
35.06
 20
-179.89
  0
LWPOLYLINE
100
AcDbEntity
  8
0
100
AcDbPolyline
 90
4
 70
1
 10
40.11
 20
-175.06
 10
44.94
 20
-175.06
 10
44.94
 20
-179.89
 10
40.11
 20
-179.89
  0
LWPOLYLINE
100
AcDbEntity
  8
0
100
AcDbPolyline
 90
4
 70
1
 10
45.06
 20
-175.06
 10
49.89
 20
-175.06
 10
49.89
 20
-179.89
 10
45.06
 20
-179.89
  0
LWPOLYLINE
100
AcDbEntity
  8
0
100
AcDbPolyline
 90
4
 70
1
 10
50.11
 20
-175.06
 10
54.94
 20
-175.06
 10
54.94
 20
-179.89
 10
50.11
 20
-179.89
  0
LWPOLYLINE
100
AcDbEntity
  8
0
100
AcDbPolyline
 90
4
 70
1
 10
55.06
 20
-175.06
 10
59.89
 20
-175.06
 10
59.89
 20
-179.89
 10
55.06
 20
-179.89
  0
LWPOLYLINE
100
AcDbEntity
  8
0
100
AcDbPolyline
 90
4
 70
1
 10
60.11
 20
-175.06
 10
64.94
 20
-175.06
 10
64.94
 20
-179.89
 10
60.11
 20
-179.89
  0
LWPOLYLINE
100
AcDbEntity
  8
0
100
AcDbPolyline
 90
4
 70
1
 10
65.06
 20
-175.06
 10
69.89
 20
-175.06
 10
69.89
 20
-179.89
 10
65.06
 20
-179.89
  0
LWPOLYLINE
100
AcDbEntity
  8
0
100
AcDbPolyline
 90
4
 70
1
 10
70.11
 20
-175.06
 10
74.94
 20
-175.06
 10
74.94
 20
-179.89
 10
70.11
 20
-179.89
  0
LWPOLYLINE
100
AcDbEntity
  8
0
100
AcDbPolyline
 90
4
 70
1
 10
75.06
 20
-175.06
 10
79.89
 20
-175.06
 10
79.89
 20
-179.89
 10
75.06
 20
-179.89
  0
LWPOLYLINE
100
AcDbEntity
  8
0
100
AcDbPolyline
 90
4
 70
1
 10
80.11
 20
-175.06
 10
84.94
 20
-175.06
 10
84.94
 20
-179.89
 10
80.11
 20
-179.89
  0
LWPOLYLINE
100
AcDbEntity
  8
0
100
AcDbPolyline
 90
4
 70
1
 10
85.06
 20
-175.06
 10
89.89
 20
-175.06
 10
89.89
 20
-179.89
 10
85.06
 20
-179.89
  0
LWPOLYLINE
100
AcDbEntity
  8
0
100
AcDbPolyline
 90
4
 70
1
 10
90.11
 20
-175.06
 10
94.94
 20
-175.06
 10
94.94
 20
-179.89
 10
90.11
 20
-179.89
  0
LWPOLYLINE
100
AcDbEntity
  8
0
100
AcDbPolyline
 90
4
 70
1
 10
95.06
 20
-175.06
 10
99.89
 20
-175.06
 10
99.89
 20
-179.89
 10
95.06
 20
-179.89
  0
LWPOLYLINE
100
AcDbEntity
  8
0
100
AcDbPolyline
 90
4
 70
1
 10
100.11
 20
-175.06
 10
104.94
 20
-175.06
 10
104.94
 20
-179.89
 10
100.11
 20
-179.89
  0
LWPOLYLINE
100
AcDbEntity
  8
0
100
AcDbPolyline
 90
7
 70
1
 10
11.9013
 20
-175.174
 10
11.7513
 20
-175.06
 10
12.5517
 20
-175.06
 10
12.5515
 20
-175.06
 10
12.4297
 20
-175.147
 10
12.2878
 20
-175.202
 10
12.1347
 20
-175.22
  0
LWPOLYLINE
100
AcDbEntity
  8
0
100
AcDbPolyline
 90
72
 70
1
 10
5.81243
 20
-179.233
 10
5.40353
 20
-179.233
 10
5.06
 20
-179.773
 10
5.06
 20
-176.487
 10
5.16445
 20
-176.487
 10
5.06
 20
-176.338
 10
5.06
 20
-175.06
 10
7.2133
 20
-175.06
 10
7.2133
 20
-175.187
 10
7.42081
 20
-175.187
 10
7.72063
 20
-175.22
 10
7.9406
 20
-175.318
 10
8.07562
 20
-175.475
 10
8.12062
 20
-175.683
 10
8.08121
 20
-175.919
 10
7.96294
 20
-176.088
 10
7.77554
 20
-176.191
 10
7.52864
 20
-176.225
 10
7.09685
 20
-176.097
 10
6.9041
 20
-175.716
 10
6.52567
 20
-175.751
 10
6.62715
 20
-176.088
 10
6.83389
 20
-176.331
 10
7.13727
 20
-176.479
 10
7.52864
 20
-176.528
 10
7.94263
 20
-176.473
 10
8.24878
 20
-176.31
 10
8.43799
 20
-176.048
 10
8.50106
 20
-175.696
 10
8.45629
 20
-175.444
 10
8.32202
 20
-175.24
 10
8.1074
 20
-175.096
 10
7.96476
 20
-175.06
 10
9.73199
 20
-175.06
 10
9.73199
 20
-176.176
 10
9.00167
 20
-176.176
 10
9.00167
 20
-176.487
 10
9.89
 20
-176.487
 10
9.89
 20
-178.958
 10
9.77984
 20
-179.034
 10
9.77984
 20
-179.38
 10
9.89
 20
-179.301
 10
9.89
 20
-179.89
 10
8.72979
 20
-179.89
 10
8.77447
 20
-179.875
 10
8.9629
 20
-179.73
 10
9.07811
 20
-179.533
 10
9.1165
 20
-179.284
 10
9.05675
 20
-178.965
 10
8.87747
 20
-178.725
 10
8.59036
 20
-178.575
 10
8.20712
 20
-178.525
 10
7.84832
 20
-178.574
 10
7.56121
 20
-178.722
 10
7.36261
 20
-178.958
 10
7.26929
 20
-179.272
 10
7.63751
 20
-179.3
 10
7.6932
 20
-179.1
 10
7.81144
 20
-178.95
 10
7.98411
 20
-178.857
 10
8.20307
 20
-178.826
 10
8.43675
 20
-178.859
 10
8.60482
 20
-178.959
 10
8.7063
 20
-179.117
 10
8.74013
 20
-179.323
 10
8.69867
 20
-179.529
 10
8.57431
 20
-179.686
 10
8.37471
 20
-179.784
 10
8.10746
 20
-179.817
 10
7.90807
 20
-179.817
 10
7.90807
 20
-179.89
 10
5.35232
 20
-179.89
  0
LWPOLYLINE
100
AcDbEntity
  8
0
100
AcDbPolyline
 90
3
 70
1
 10
4.11074
 20
-175.06
 10
4.21594
 20
-175.06
 10
4.16353
 20
-175.142
  0
LWPOLYLINE
100
AcDbEntity
  8
0
100
AcDbPolyline
 90
34
 70
1
 10
0.2
 20
-175.06
 10
0.755345
 20
-175.06
 10
0.626565
 20
-175.331
 10
0.451875
 20
-175.923
 10
0.393645
 20
-176.487
 10
0.776085
 20
-176.487
 10
0.79872
 20
-176.097
 10
0.866625
 20
-175.72
 10
0.979792
 20
-175.347
 10
1.10023
 20
-175.06
 10
3.74958
 20
-175.06
 10
3.95606
 20
-175.356
 10
3.17282
 20
-176.487
 10
3.56746
 20
-176.487
 10
4.16353
 20
-175.584
 10
4.75555
 20
-176.487
 10
4.94
 20
-176.487
 10
4.94
 20
-179.89
 10
4.73035
 20
-179.89
 10
4.30904
 20
-179.233
 10
3.90418
 20
-179.233
 10
4.36257
 20
-179.89
 10
2.26085
 20
-179.89
 10
2.23681
 20
-179.854
 10
1.94259
 20
-179.667
 10
1.56241
 20
-179.605
 10
1.23742
 20
-179.651
 10
0.970395
 20
-179.788
 10
1.02533
 20
-178.879
 10
2.32124
 20
-178.879
 10
2.32124
 20
-178.568
 10
0.691695
 20
-178.568
 10
0.609717
 20
-179.89
 10
0.2
 20
-179.89
  0
LWPOLYLINE
100
AcDbEntity
  8
0
100
AcDbPolyline
 90
7
 70
1
 10
-2.92413
 20
-175.174
 10
-3.07416
 20
-175.06
 10
-2.27377
 20
-175.06
 10
-2.27391
 20
-175.06
 10
-2.39572
 20
-175.147
 10
-2.53761
 20
-175.202
 10
-2.69068
 20
-175.22
  0
LWPOLYLINE
100
AcDbEntity
  8
0
100
AcDbPolyline
 90
9
 70
1
 10
-4.94
 20
-175.06
 10
-4.64804
 20
-175.06
 10
-4.54721
 20
-175.124
 10
-4.42132
 20
-175.317
 10
-4.37935
 20
-175.561
 10
-4.42106
 20
-175.839
 10
-4.54619
 20
-176.051
 10
-4.74505
 20
-176.184
 10
-4.94
 20
-176.217
  0
LWPOLYLINE
100
AcDbEntity
  8
0
100
AcDbPolyline
 90
5
 70
1
 10
-14.94
 20
-175.06
 10
-14.8361
 20
-175.06
 10
-14.8082
 20
-175.384
 10
-14.8436
 20
-175.775
 10
-14.94
 20
-176.021
  0
LWPOLYLINE
100
AcDbEntity
  8
0
100
AcDbPolyline
 90
49
 70
1
 10
-18.8462
 20
-179.485
 10
-19.574
 20
-179.192
 10
-19.89
 20
-179.247
 10
-19.89
 20
-175.06
 10
-18.7429
 20
-175.06
 10
-18.7429
 20
-176.487
 10
-18.3767
 20
-176.487
 10
-18.3767
 20
-175.06
 10
-17.6646
 20
-175.06
 10
-17.6646
 20
-176.487
 10
-17.2984
 20
-176.487
 10
-17.2984
 20
-175.34
 10
-17.2725
 20
-175.06
 10
-16.2973
 20
-175.06
 10
-16.391
 20
-175.384
 10
-16.3294
 20
-175.874
 10
-16.1448
 20
-176.234
 10
-15.8396
 20
-176.454
 10
-15.4165
 20
-176.528
 10
-15.06
 20
-176.469
 10
-15.06
 20
-179.211
 10
-15.1154
 20
-179.218
 10
-15.2527
 20
-179.296
 10
-15.36
 20
-179.445
 10
-15.4541
 20
-179.683
 10
-15.4623
 20
-179.683
 10
-15.4663
 20
-179.533
 10
-15.4785
 20
-179.233
 10
-15.8244
 20
-179.233
 10
-15.8152
 20
-179.502
 10
-15.8122
 20
-179.746
 10
-15.8122
 20
-179.89
 10
-16.4338
 20
-179.89
 10
-16.4791
 20
-179.615
 10
-16.6362
 20
-179.383
 10
-16.8971
 20
-179.24
 10
-17.2608
 20
-179.192
 10
-17.8762
 20
-179.341
 10
-18.1437
 20
-179.786
 10
-17.7612
 20
-179.821
 10
-17.7165
 20
-179.663
 10
-17.627
 20
-179.554
 10
-17.4815
 20
-179.492
 10
-17.2689
 20
-179.471
 10
-17.0573
 20
-179.5
 10
-16.9109
 20
-179.587
 10
-16.8254
 20
-179.741
 10
-16.807
 20
-179.89
 10
-18.7341
 20
-179.89
  0
LWPOLYLINE
100
AcDbEntity
  8
0
100
AcDbPolyline
 90
10
 70
1
 10
-1.40156
 20
-179.46
 10
-1.29095
 20
-179.097
 10
-1.09589
 20
-178.891
 10
-0.805725
 20
-178.822
 10
-0.522705
 20
-178.892
 10
-0.332745
 20
-179.101
 10
-0.225172
 20
-179.465
 10
-0.2
 20
-179.841
 10
-0.2
 20
-179.89
 10
-1.43092
 20
-179.89
  0
LWPOLYLINE
100
AcDbEntity
  8
0
100
AcDbPolyline
 90
15
 70
1
 10
20.11
 20
-179.283
 10
20.406
 20
-179.31
 10
20.4637
 20
-179.106
 10
20.584
 20
-178.953
 10
20.7562
 20
-178.858
 10
20.9695
 20
-178.826
 10
21.1887
 20
-178.859
 10
21.354
 20
-178.956
 10
21.4578
 20
-179.113
 10
21.4924
 20
-179.323
 10
21.4723
 20
-179.488
 10
21.412
 20
-179.636
 10
21.3192
 20
-179.771
 10
21.2109
 20
-179.89
 10
20.11
 20
-179.89
  0
LWPOLYLINE
100
AcDbEntity
  8
0
100
AcDbPolyline
 90
4
 70
1
 10
10.11
 20
-179.144
 10
10.4268
 20
-178.918
 10
10.4268
 20
-179.89
 10
10.11
 20
-179.89
  0
LWPOLYLINE
100
AcDbEntity
  8
0
100
AcDbPolyline
 90
8
 70
1
 10
-19.89
 20
-179.559
 10
-19.8189
 20
-179.507
 10
-19.5801
 20
-179.463
 10
-19.3375
 20
-179.503
 10
-19.159
 20
-179.623
 10
-19.0415
 20
-179.829
 10
-19.0295
 20
-179.89
 10
-19.89
 20
-179.89
  0
LWPOLYLINE
100
AcDbEntity
  8
0
100
AcDbPolyline
 90
5
 70
1
 10
-15.3259
 20
-179.724
 10
-15.1789
 20
-179.577
 10
-15.06
 20
-179.548
 10
-15.06
 20
-179.89
 10
-15.3884
 20
-179.89
  0
LWPOLYLINE
100
AcDbEntity
  8
0
100
AcDbPolyline
 90
4
 70
1
 10
-20.122
 20
-179.852
 10
-20.11
 20
-179.831
 10
-20.11
 20
-179.89
 10
-20.1285
 20
-179.89
  0
LWPOLYLINE
100
AcDbEntity
  8
0
100
AcDbPolyline
 90
4
 70
1
 10
-104.94
 20
-180.11
 10
-100.11
 20
-180.11
 10
-100.11
 20
-184.94
 10
-104.94
 20
-184.94
  0
LWPOLYLINE
100
AcDbEntity
  8
0
100
AcDbPolyline
 90
4
 70
1
 10
-99.89
 20
-180.11
 10
-95.06
 20
-180.11
 10
-95.06
 20
-184.94
 10
-99.89
 20
-184.94
  0
LWPOLYLINE
100
AcDbEntity
  8
0
100
AcDbPolyline
 90
4
 70
1
 10
-94.94
 20
-180.11
 10
-90.11
 20
-180.11
 10
-90.11
 20
-184.94
 10
-94.94
 20
-184.94
  0
LWPOLYLINE
100
AcDbEntity
  8
0
100
AcDbPolyline
 90
4
 70
1
 10
-89.89
 20
-180.11
 10
-85.06
 20
-180.11
 10
-85.06
 20
-184.94
 10
-89.89
 20
-184.94
  0
LWPOLYLINE
100
AcDbEntity
  8
0
100
AcDbPolyline
 90
4
 70
1
 10
-84.94
 20
-180.11
 10
-80.11
 20
-180.11
 10
-80.11
 20
-184.94
 10
-84.94
 20
-184.94
  0
LWPOLYLINE
100
AcDbEntity
  8
0
100
AcDbPolyline
 90
4
 70
1
 10
-79.89
 20
-180.11
 10
-75.06
 20
-180.11
 10
-75.06
 20
-184.94
 10
-79.89
 20
-184.94
  0
LWPOLYLINE
100
AcDbEntity
  8
0
100
AcDbPolyline
 90
4
 70
1
 10
-74.94
 20
-180.11
 10
-70.11
 20
-180.11
 10
-70.11
 20
-184.94
 10
-74.94
 20
-184.94
  0
LWPOLYLINE
100
AcDbEntity
  8
0
100
AcDbPolyline
 90
4
 70
1
 10
-69.89
 20
-180.11
 10
-65.06
 20
-180.11
 10
-65.06
 20
-184.94
 10
-69.89
 20
-184.94
  0
LWPOLYLINE
100
AcDbEntity
  8
0
100
AcDbPolyline
 90
4
 70
1
 10
-64.94
 20
-180.11
 10
-60.11
 20
-180.11
 10
-60.11
 20
-184.94
 10
-64.94
 20
-184.94
  0
LWPOLYLINE
100
AcDbEntity
  8
0
100
AcDbPolyline
 90
4
 70
1
 10
-59.89
 20
-180.11
 10
-55.06
 20
-180.11
 10
-55.06
 20
-184.94
 10
-59.89
 20
-184.94
  0
LWPOLYLINE
100
AcDbEntity
  8
0
100
AcDbPolyline
 90
4
 70
1
 10
-54.94
 20
-180.11
 10
-50.11
 20
-180.11
 10
-50.11
 20
-184.94
 10
-54.94
 20
-184.94
  0
LWPOLYLINE
100
AcDbEntity
  8
0
100
AcDbPolyline
 90
4
 70
1
 10
-49.89
 20
-180.11
 10
-45.06
 20
-180.11
 10
-45.06
 20
-184.94
 10
-49.89
 20
-184.94
  0
LWPOLYLINE
100
AcDbEntity
  8
0
100
AcDbPolyline
 90
4
 70
1
 10
-44.94
 20
-180.11
 10
-40.11
 20
-180.11
 10
-40.11
 20
-184.94
 10
-44.94
 20
-184.94
  0
LWPOLYLINE
100
AcDbEntity
  8
0
100
AcDbPolyline
 90
4
 70
1
 10
-39.89
 20
-180.11
 10
-35.06
 20
-180.11
 10
-35.06
 20
-184.94
 10
-39.89
 20
-184.94
  0
LWPOLYLINE
100
AcDbEntity
  8
0
100
AcDbPolyline
 90
4
 70
1
 10
-34.94
 20
-180.11
 10
-30.11
 20
-180.11
 10
-30.11
 20
-184.94
 10
-34.94
 20
-184.94
  0
LWPOLYLINE
100
AcDbEntity
  8
0
100
AcDbPolyline
 90
4
 70
1
 10
-29.89
 20
-180.11
 10
-25.06
 20
-180.11
 10
-25.06
 20
-184.94
 10
-29.89
 20
-184.94
  0
LWPOLYLINE
100
AcDbEntity
  8
0
100
AcDbPolyline
 90
4
 70
1
 10
-20.1666
 20
-180.11
 10
-20.11
 20
-180.11
 10
-20.11
 20
-180.13
 10
-20.1701
 20
-180.13
  0
LWPOLYLINE
100
AcDbEntity
  8
0
100
AcDbPolyline
 90
51
 70
1
 10
-19.89
 20
-181.419
 10
-19.5597
 20
-181.475
 10
-18.9856
 20
-181.345
 10
-18.6626
 20
-180.954
 10
-18.984
 20
-180.863
 10
-19.058
 20
-180.996
 10
-19.1783
 20
-181.105
 10
-19.3454
 20
-181.176
 10
-19.5597
 20
-181.2
 10
-19.8247
 20
-181.149
 10
-19.89
 20
-181.097
 10
-19.89
 20
-180.411
 10
-18.6036
 20
-180.411
 10
-18.6036
 20
-180.362
 10
-18.6733
 20
-180.11
 10
-17.3723
 20
-180.11
 10
-17.7228
 20
-180.155
 10
-18.0165
 20
-180.295
 10
-18.1851
 20
-180.518
 10
-18.2413
 20
-180.82
 10
-18.1996
 20
-181.092
 10
-18.0745
 20
-181.3
 10
-17.8665
 20
-181.431
 10
-17.5761
 20
-181.475
 10
-17.3297
 20
-181.449
 10
-17.1234
 20
-181.37
 10
-16.9487
 20
-181.229
 10
-16.7969
 20
-181.013
 10
-16.7847
 20
-181.013
 10
-16.7524
 20
-181.211
 10
-16.68
 20
-181.348
 10
-16.5597
 20
-181.428
 10
-16.3839
 20
-181.455
 10
-16.241
 20
-181.446
 10
-16.1012
 20
-181.422
 10
-16.1012
 20
-181.194
 10
-16.1648
 20
-181.205
 10
-16.2212
 20
-181.208
 10
-16.3219
 20
-181.188
 10
-16.384
 20
-181.126
 10
-16.416
 20
-181.024
 10
-16.4267
 20
-180.881
 10
-16.4267
 20
-180.11
 10
-15.8122
 20
-180.11
 10
-15.8122
 20
-181.434
 10
-15.446
 20
-181.434
 10
-15.446
 20
-180.287
 10
-15.4296
 20
-180.11
 10
-15.06
 20
-180.11
 10
-15.06
 20
-184.94
 10
-19.89
 20
-184.94
  0
LWPOLYLINE
100
AcDbEntity
  8
0
100
AcDbPolyline
 90
12
 70
1
 10
-14.94
 20
-180.11
 10
-11.3505
 20
-180.11
 10
-11.3505
 20
-181.123
 10
-12.0809
 20
-181.123
 10
-12.0809
 20
-181.434
 10
-10.2845
 20
-181.434
 10
-10.2845
 20
-181.123
 10
-10.9823
 20
-181.123
 10
-10.9823
 20
-180.11
 10
-10.11
 20
-180.11
 10
-10.11
 20
-184.94
 10
-14.94
 20
-184.94
  0
LWPOLYLINE
100
AcDbEntity
  8
0
100
AcDbPolyline
 90
4
 70
1
 10
-13.9364
 20
-181.013
 10
-14.3331
 20
-181.013
 10
-14.3331
 20
-181.434
 10
-13.9364
 20
-181.434
  0
LWPOLYLINE
100
AcDbEntity
  8
0
100
AcDbPolyline
 90
27
 70
1
 10
-9.89
 20
-180.857
 10
-9.80375
 20
-181.086
 10
-9.60287
 20
-181.3
 10
-9.31806
 20
-181.431
 10
-8.95595
 20
-181.475
 10
-8.53
 20
-181.41
 10
-8.20831
 20
-181.215
 10
-8.00613
 20
-180.906
 10
-7.93874
 20
-180.5
 10
-8.00155
 20
-180.139
 10
-8.02091
 20
-180.11
 10
-6.70833
 20
-180.11
 10
-6.78818
 20
-180.278
 10
-6.96287
 20
-180.87
 10
-7.0211
 20
-181.434
 10
-6.63865
 20
-181.434
 10
-6.61602
 20
-181.044
 10
-6.54812
 20
-180.667
 10
-6.43495
 20
-180.294
 10
-6.3576
 20
-180.11
 10
-5.06
 20
-180.11
 10
-5.06
 20
-180.989
 10
-5.06594
 20
-180.989
 10
-5.06594
 20
-181.434
 10
-5.06
 20
-181.434
 10
-5.06
 20
-184.94
 10
-9.89
 20
-184.94
  0
LWPOLYLINE
100
AcDbEntity
  8
0
100
AcDbPolyline
 90
10
 70
1
 10
-1.09539
 20
-181.105
 10
-1.28891
 20
-180.893
 10
-1.40105
 20
-180.528
 10
-1.43064
 20
-180.11
 10
-0.2
 20
-180.11
 10
-0.2
 20
-180.148
 10
-0.22695
 20
-180.521
 10
-0.339855
 20
-180.887
 10
-0.533633
 20
-181.104
 10
-0.813885
 20
-181.176
  0
LWPOLYLINE
100
AcDbEntity
  8
0
100
AcDbPolyline
 90
37
 70
1
 10
5.06
 20
-180.839
 10
5.45032
 20
-181.434
 10
5.85922
 20
-181.434
 10
5.06582
 20
-180.299
 10
5.19823
 20
-180.11
 10
7.90807
 20
-180.11
 10
7.90807
 20
-180.134
 10
8.11558
 20
-180.134
 10
8.4154
 20
-180.167
 10
8.63537
 20
-180.266
 10
8.77039
 20
-180.422
 10
8.81539
 20
-180.631
 10
8.77597
 20
-180.866
 10
8.65772
 20
-181.036
 10
8.47031
 20
-181.138
 10
8.22341
 20
-181.172
 10
7.79162
 20
-181.045
 10
7.59887
 20
-180.663
 10
7.22044
 20
-180.698
 10
7.32192
 20
-181.035
 10
7.52866
 20
-181.279
 10
7.83204
 20
-181.426
 10
8.22341
 20
-181.475
 10
8.6374
 20
-181.421
 10
8.94355
 20
-181.257
 10
9.13276
 20
-180.995
 10
9.19583
 20
-180.643
 10
9.15106
 20
-180.392
 10
9.01679
 20
-180.187
 10
8.90212
 20
-180.11
 10
9.89
 20
-180.11
 10
9.89
 20
-181.123
 10
9.69643
 20
-181.123
 10
9.69643
 20
-181.434
 10
9.89
 20
-181.434
 10
9.89
 20
-184.94
 10
5.06
 20
-184.94
  0
LWPOLYLINE
100
AcDbEntity
  8
0
100
AcDbPolyline
 90
17
 70
1
 10
10.11
 20
-181.434
 10
11.4928
 20
-181.434
 10
11.4928
 20
-181.123
 10
10.795
 20
-181.123
 10
10.795
 20
-180.11
 10
12.7517
 20
-180.11
 10
12.6718
 20
-180.278
 10
12.4971
 20
-180.87
 10
12.4389
 20
-181.434
 10
12.8214
 20
-181.434
 10
12.844
 20
-181.044
 10
12.9119
 20
-180.667
 10
13.0251
 20
-180.294
 10
13.1024
 20
-180.11
 10
14.94
 20
-180.11
 10
14.94
 20
-184.94
 10
10.11
 20
-184.94
  0
LWPOLYLINE
100
AcDbEntity
  8
0
100
AcDbPolyline
 90
4
 70
1
 10
14.7908
 20
-180.989
 10
14.3941
 20
-180.989
 10
14.3941
 20
-181.434
 10
14.7908
 20
-181.434
  0
LWPOLYLINE
100
AcDbEntity
  8
0
100
AcDbPolyline
 90
30
 70
1
 10
15.06
 20
-180.11
 10
16.3269
 20
-180.11
 10
16.2749
 20
-180.153
 10
16.1124
 20
-180.284
 10
15.9484
 20
-180.426
 10
15.7874
 20
-180.582
 10
15.6341
 20
-180.756
 10
15.496
 20
-180.952
 10
15.3808
 20
-181.176
 10
15.3808
 20
-181.434
 10
17.2789
 20
-181.434
 10
17.2789
 20
-181.123
 10
15.7836
 20
-181.123
 10
15.864
 20
-180.978
 10
15.983
 20
-180.827
 10
16.1452
 20
-180.664
 10
16.3553
 20
-180.482
 10
16.7118
 20
-180.182
 10
16.7865
 20
-180.11
 10
18.5363
 20
-180.11
 10
18.5363
 20
-181.123
 10
17.8059
 20
-181.123
 10
17.8059
 20
-181.434
 10
19.6023
 20
-181.434
 10
19.6023
 20
-181.123
 10
18.9045
 20
-181.123
 10
18.9045
 20
-180.11
 10
19.89
 20
-180.11
 10
19.89
 20
-184.94
 10
15.06
 20
-184.94
  0
LWPOLYLINE
100
AcDbEntity
  8
0
100
AcDbPolyline
 90
13
 70
1
 10
20.11
 20
-181.434
 10
21.9135
 20
-181.434
 10
21.9135
 20
-181.123
 10
20.4182
 20
-181.123
 10
20.4986
 20
-180.978
 10
20.6176
 20
-180.827
 10
20.7798
 20
-180.664
 10
20.9899
 20
-180.482
 10
21.3464
 20
-180.182
 10
21.4211
 20
-180.11
 10
24.94
 20
-180.11
 10
24.94
 20
-184.94
 10
20.11
 20
-184.94
  0
LWPOLYLINE
100
AcDbEntity
  8
0
100
AcDbPolyline
 90
4
 70
1
 10
25.06
 20
-180.11
 10
29.89
 20
-180.11
 10
29.89
 20
-184.94
 10
25.06
 20
-184.94
  0
LWPOLYLINE
100
AcDbEntity
  8
0
100
AcDbPolyline
 90
4
 70
1
 10
30.11
 20
-180.11
 10
34.94
 20
-180.11
 10
34.94
 20
-184.94
 10
30.11
 20
-184.94
  0
LWPOLYLINE
100
AcDbEntity
  8
0
100
AcDbPolyline
 90
4
 70
1
 10
35.06
 20
-180.11
 10
39.89
 20
-180.11
 10
39.89
 20
-184.94
 10
35.06
 20
-184.94
  0
LWPOLYLINE
100
AcDbEntity
  8
0
100
AcDbPolyline
 90
4
 70
1
 10
40.11
 20
-180.11
 10
44.94
 20
-180.11
 10
44.94
 20
-184.94
 10
40.11
 20
-184.94
  0
LWPOLYLINE
100
AcDbEntity
  8
0
100
AcDbPolyline
 90
4
 70
1
 10
45.06
 20
-180.11
 10
49.89
 20
-180.11
 10
49.89
 20
-184.94
 10
45.06
 20
-184.94
  0
LWPOLYLINE
100
AcDbEntity
  8
0
100
AcDbPolyline
 90
4
 70
1
 10
50.11
 20
-180.11
 10
54.94
 20
-180.11
 10
54.94
 20
-184.94
 10
50.11
 20
-184.94
  0
LWPOLYLINE
100
AcDbEntity
  8
0
100
AcDbPolyline
 90
4
 70
1
 10
55.06
 20
-180.11
 10
59.89
 20
-180.11
 10
59.89
 20
-184.94
 10
55.06
 20
-184.94
  0
LWPOLYLINE
100
AcDbEntity
  8
0
100
AcDbPolyline
 90
4
 70
1
 10
60.11
 20
-180.11
 10
64.94
 20
-180.11
 10
64.94
 20
-184.94
 10
60.11
 20
-184.94
  0
LWPOLYLINE
100
AcDbEntity
  8
0
100
AcDbPolyline
 90
4
 70
1
 10
65.06
 20
-180.11
 10
69.89
 20
-180.11
 10
69.89
 20
-184.94
 10
65.06
 20
-184.94
  0
LWPOLYLINE
100
AcDbEntity
  8
0
100
AcDbPolyline
 90
4
 70
1
 10
70.11
 20
-180.11
 10
74.94
 20
-180.11
 10
74.94
 20
-184.94
 10
70.11
 20
-184.94
  0
LWPOLYLINE
100
AcDbEntity
  8
0
100
AcDbPolyline
 90
4
 70
1
 10
75.06
 20
-180.11
 10
79.89
 20
-180.11
 10
79.89
 20
-184.94
 10
75.06
 20
-184.94
  0
LWPOLYLINE
100
AcDbEntity
  8
0
100
AcDbPolyline
 90
4
 70
1
 10
80.11
 20
-180.11
 10
84.94
 20
-180.11
 10
84.94
 20
-184.94
 10
80.11
 20
-184.94
  0
LWPOLYLINE
100
AcDbEntity
  8
0
100
AcDbPolyline
 90
4
 70
1
 10
85.06
 20
-180.11
 10
89.89
 20
-180.11
 10
89.89
 20
-184.94
 10
85.06
 20
-184.94
  0
LWPOLYLINE
100
AcDbEntity
  8
0
100
AcDbPolyline
 90
4
 70
1
 10
90.11
 20
-180.11
 10
94.94
 20
-180.11
 10
94.94
 20
-184.94
 10
90.11
 20
-184.94
  0
LWPOLYLINE
100
AcDbEntity
  8
0
100
AcDbPolyline
 90
4
 70
1
 10
95.06
 20
-180.11
 10
99.89
 20
-180.11
 10
99.89
 20
-184.94
 10
95.06
 20
-184.94
  0
LWPOLYLINE
100
AcDbEntity
  8
0
100
AcDbPolyline
 90
4
 70
1
 10
100.11
 20
-180.11
 10
104.94
 20
-180.11
 10
104.94
 20
-184.94
 10
100.11
 20
-184.94
  0
LWPOLYLINE
100
AcDbEntity
  8
0
100
AcDbPolyline
 90
9
 70
1
 10
20.11
 20
-180.11
 10
20.9614
 20
-180.11
 10
20.9095
 20
-180.153
 10
20.747
 20
-180.284
 10
20.583
 20
-180.426
 10
20.422
 20
-180.582
 10
20.2687
 20
-180.756
 10
20.1306
 20
-180.952
 10
20.11
 20
-180.992
  0
LWPOLYLINE
100
AcDbEntity
  8
0
100
AcDbPolyline
 90
4
 70
1
 10
10.11
 20
-180.11
 10
10.4268
 20
-180.11
 10
10.4268
 20
-181.123
 10
10.11
 20
-181.123
  0
LWPOLYLINE
100
AcDbEntity
  8
0
100
AcDbPolyline
 90
29
 70
1
 10
0.2
 20
-180.11
 10
1.96511
 20
-180.11
 10
2.06567
 20
-180.264
 10
2.10763
 20
-180.509
 10
2.06593
 20
-180.787
 10
1.94081
 20
-180.998
 10
1.74194
 20
-181.131
 10
1.47902
 20
-181.176
 10
1.08994
 20
-181.07
 10
0.882945
 20
-180.751
 10
0.512685
 20
-180.793
 10
0.623048
 20
-181.086
 10
0.823935
 20
-181.3
 10
1.10874
 20
-181.431
 10
1.47085
 20
-181.475
 10
1.8968
 20
-181.41
 10
2.21848
 20
-181.215
 10
2.42067
 20
-180.906
 10
2.48806
 20
-180.5
 10
2.42525
 20
-180.139
 10
2.40589
 20
-180.11
 10
4.51608
 20
-180.11
 10
4.65083
 20
-180.303
 10
3.86759
 20
-181.434
 10
4.26224
 20
-181.434
 10
4.8583
 20
-180.531
 10
4.94
 20
-180.656
 10
4.94
 20
-184.94
 10
0.2
 20
-184.94
  0
LWPOLYLINE
100
AcDbEntity
  8
0
100
AcDbPolyline
 90
32
 70
1
 10
-4.94
 20
-181.434
 10
-4.66924
 20
-181.434
 10
-4.66924
 20
-180.989
 10
-4.94
 20
-180.989
 10
-4.94
 20
-180.11
 10
-3.13314
 20
-180.11
 10
-3.18508
 20
-180.153
 10
-3.34758
 20
-180.284
 10
-3.51161
 20
-180.426
 10
-3.67256
 20
-180.582
 10
-3.82592
 20
-180.756
 10
-3.96399
 20
-180.952
 10
-4.07918
 20
-181.176
 10
-4.07918
 20
-181.434
 10
-2.18111
 20
-181.434
 10
-2.18111
 20
-181.123
 10
-3.67637
 20
-181.123
 10
-3.59602
 20
-180.978
 10
-3.47702
 20
-180.827
 10
-3.31477
 20
-180.664
 10
-3.10471
 20
-180.482
 10
-2.74819
 20
-180.182
 10
-2.67349
 20
-180.11
 10
-1.79795
 20
-180.11
 10
-1.74664
 20
-180.636
 10
-1.56049
 20
-181.099
 10
-1.25076
 20
-181.381
 10
-0.817935
 20
-181.475
 10
-0.383865
 20
-181.38
 10
-0.2
 20
-181.214
 10
-0.2
 20
-184.94
 10
-4.94
 20
-184.94
  0
LWPOLYLINE
100
AcDbEntity
  8
0
100
AcDbPolyline
 90
11
 70
1
 10
-9.33686
 20
-181.07
 10
-9.54385
 20
-180.751
 10
-9.89
 20
-180.791
 10
-9.89
 20
-180.11
 10
-8.46169
 20
-180.11
 10
-8.36113
 20
-180.264
 10
-8.31916
 20
-180.509
 10
-8.36087
 20
-180.787
 10
-8.486
 20
-180.998
 10
-8.68486
 20
-181.131
 10
-8.94778
 20
-181.176
  0
LWPOLYLINE
100
AcDbEntity
  8
0
100
AcDbPolyline
 90
4
 70
1
 10
-19.89
 20
-180.11
 10
-18.986
 20
-180.11
 10
-18.982
 20
-180.13
 10
-19.89
 20
-180.13
  0
LWPOLYLINE
100
AcDbEntity
  8
0
100
AcDbPolyline
 90
13
 70
1
 10
-24.94
 20
-180.11
 10
-21.8343
 20
-180.11
 10
-21.8343
 20
-181.434
 10
-21.4681
 20
-181.434
 10
-21.4681
 20
-180.287
 10
-21.4517
 20
-180.11
 10
-20.5309
 20
-180.11
 10
-20.5586
 20
-180.319
 10
-20.4948
 20
-180.822
 10
-20.3033
 20
-181.184
 10
-20.11
 20
-181.319
 10
-20.11
 20
-184.94
 10
-24.94
 20
-184.94
  0
LWPOLYLINE
100
AcDbEntity
  8
0
100
AcDbPolyline
 90
18
 70
1
 10
-17.6511
 20
-181.176
 10
-17.7684
 20
-181.103
 10
-17.8408
 20
-180.985
 10
-17.865
 20
-180.826
 10
-17.8472
 20
-180.677
 10
-17.7938
 20
-180.559
 10
-17.7071
 20
-180.471
 10
-17.5893
 20
-180.409
 10
-17.4248
 20
-180.371
 10
-17.1977
 20
-180.356
 10
-16.7969
 20
-180.348
 10
-16.7969
 20
-180.529
 10
-16.8196
 20
-180.696
 10
-16.8875
 20
-180.857
 10
-16.9945
 20
-181
 10
-17.1347
 20
-181.109
 10
-17.3025
 20
-181.177
 10
-17.4927
 20
-181.2
  0
LWPOLYLINE
100
AcDbEntity
  8
0
100
AcDbPolyline
 90
4
 70
1
 10
-20.135
 20
-180.746
 10
-20.1741
 20
-180.411
 10
-20.11
 20
-180.411
 10
-20.11
 20
-180.799
  0
ENDSEC
  0
EOF
