999
DXF from OpenSCAD
  0
SECTION
  2
HEADER
  9
$ACADVER
  1
AC1006
  9
$INSBASE
 10
0.0
 20
0.0
 30
0.0
  9
$EXTMIN
 10
-170
 20
-331.885
  9
$EXTMAX
 10
105.06
 20
185.06
  9
$LINMIN
 10
-170
 20
-331.885
  9
$LINMAX
 10
105.06
 20
185.06
  0
ENDSEC
  0
SECTION
  2
TABLES
  0
TABLE
  2
LTYPE
 70
1
  0
LTYPE
  2
CONTINUOUS
 70
64
  3
Solid line
 72
65
 73
0
 40
0.000000
  0
ENDTAB
  0
TABLE
  2
LAYER
 70
6
  0
LAYER
  2
0
 70
64
 62
7
  6
CONTINUOUS
  0
ENDTAB
  0
TABLE
  2
STYLE
 70
0
  0
ENDTAB
  0
ENDSEC
  0
SECTION
  2
BLOCKS
  0
ENDSEC
  0
SECTION
  2
ENTITIES
  0
LWPOLYLINE
100
AcDbEntity
  8
0
100
AcDbPolyline
 90
18
 70
1
 10
0.425
 20
-185.06
 10
105
 20
-185.06
 10
105
 20
-185
 10
105.06
 20
-185
 10
105.06
 20
185
 10
105
 20
185
 10
105
 20
185.06
 10
-105
 20
185.06
 10
-105
 20
185
 10
-105.06
 20
185
 10
-105.06
 20
0.425
 10
-170
 20
0.425
 10
-170
 20
-0.425
 10
-160
 20
-0.425
 10
-160
 20
-320
 10
-0.425
 20
-320
 10
-0.425
 20
-330
 10
0.425
 20
-330
  0
LWPOLYLINE
100
AcDbEntity
  8
0
100
AcDbPolyline
 90
4
 70
1
 10
-104.94
 20
184.94
 10
-100.11
 20
184.94
 10
-100.11
 20
180.11
 10
-104.94
 20
180.11
  0
LWPOLYLINE
100
AcDbEntity
  8
0
100
AcDbPolyline
 90
4
 70
1
 10
-99.89
 20
184.94
 10
-95.06
 20
184.94
 10
-95.06
 20
180.11
 10
-99.89
 20
180.11
  0
LWPOLYLINE
100
AcDbEntity
  8
0
100
AcDbPolyline
 90
4
 70
1
 10
-94.94
 20
184.94
 10
-90.11
 20
184.94
 10
-90.11
 20
180.11
 10
-94.94
 20
180.11
  0
LWPOLYLINE
100
AcDbEntity
  8
0
100
AcDbPolyline
 90
4
 70
1
 10
-89.89
 20
184.94
 10
-85.06
 20
184.94
 10
-85.06
 20
180.11
 10
-89.89
 20
180.11
  0
LWPOLYLINE
100
AcDbEntity
  8
0
100
AcDbPolyline
 90
4
 70
1
 10
-84.94
 20
184.94
 10
-80.11
 20
184.94
 10
-80.11
 20
180.11
 10
-84.94
 20
180.11
  0
LWPOLYLINE
100
AcDbEntity
  8
0
100
AcDbPolyline
 90
4
 70
1
 10
-79.89
 20
184.94
 10
-75.06
 20
184.94
 10
-75.06
 20
180.11
 10
-79.89
 20
180.11
  0
LWPOLYLINE
100
AcDbEntity
  8
0
100
AcDbPolyline
 90
4
 70
1
 10
-74.94
 20
184.94
 10
-70.11
 20
184.94
 10
-70.11
 20
180.11
 10
-74.94
 20
180.11
  0
LWPOLYLINE
100
AcDbEntity
  8
0
100
AcDbPolyline
 90
4
 70
1
 10
-69.89
 20
184.94
 10
-65.06
 20
184.94
 10
-65.06
 20
180.11
 10
-69.89
 20
180.11
  0
LWPOLYLINE
100
AcDbEntity
  8
0
100
AcDbPolyline
 90
4
 70
1
 10
-64.94
 20
184.94
 10
-60.11
 20
184.94
 10
-60.11
 20
180.11
 10
-64.94
 20
180.11
  0
LWPOLYLINE
100
AcDbEntity
  8
0
100
AcDbPolyline
 90
4
 70
1
 10
-59.89
 20
184.94
 10
-55.06
 20
184.94
 10
-55.06
 20
180.11
 10
-59.89
 20
180.11
  0
LWPOLYLINE
100
AcDbEntity
  8
0
100
AcDbPolyline
 90
4
 70
1
 10
-54.94
 20
184.94
 10
-50.11
 20
184.94
 10
-50.11
 20
180.11
 10
-54.94
 20
180.11
  0
LWPOLYLINE
100
AcDbEntity
  8
0
100
AcDbPolyline
 90
4
 70
1
 10
-49.89
 20
184.94
 10
-45.06
 20
184.94
 10
-45.06
 20
180.11
 10
-49.89
 20
180.11
  0
LWPOLYLINE
100
AcDbEntity
  8
0
100
AcDbPolyline
 90
4
 70
1
 10
-44.94
 20
184.94
 10
-40.11
 20
184.94
 10
-40.11
 20
180.11
 10
-44.94
 20
180.11
  0
LWPOLYLINE
100
AcDbEntity
  8
0
100
AcDbPolyline
 90
4
 70
1
 10
-39.89
 20
184.94
 10
-35.06
 20
184.94
 10
-35.06
 20
180.11
 10
-39.89
 20
180.11
  0
LWPOLYLINE
100
AcDbEntity
  8
0
100
AcDbPolyline
 90
4
 70
1
 10
-34.94
 20
184.94
 10
-30.11
 20
184.94
 10
-30.11
 20
180.11
 10
-34.94
 20
180.11
  0
LWPOLYLINE
100
AcDbEntity
  8
0
100
AcDbPolyline
 90
4
 70
1
 10
-29.89
 20
184.94
 10
-25.06
 20
184.94
 10
-25.06
 20
180.11
 10
-29.89
 20
180.11
  0
LWPOLYLINE
100
AcDbEntity
  8
0
100
AcDbPolyline
 90
4
 70
1
 10
-24.94
 20
184.94
 10
-20.11
 20
184.94
 10
-20.11
 20
180.11
 10
-24.94
 20
180.11
  0
LWPOLYLINE
100
AcDbEntity
  8
0
100
AcDbPolyline
 90
4
 70
1
 10
-19.89
 20
184.94
 10
-15.06
 20
184.94
 10
-15.06
 20
180.11
 10
-19.89
 20
180.11
  0
LWPOLYLINE
100
AcDbEntity
  8
0
100
AcDbPolyline
 90
4
 70
1
 10
-14.94
 20
184.94
 10
-10.11
 20
184.94
 10
-10.11
 20
180.11
 10
-14.94
 20
180.11
  0
LWPOLYLINE
100
AcDbEntity
  8
0
100
AcDbPolyline
 90
4
 70
1
 10
-9.89
 20
184.94
 10
-5.06
 20
184.94
 10
-5.06
 20
180.11
 10
-9.89
 20
180.11
  0
LWPOLYLINE
100
AcDbEntity
  8
0
100
AcDbPolyline
 90
4
 70
1
 10
-4.94
 20
184.94
 10
-0.2
 20
184.94
 10
-0.2
 20
180.11
 10
-4.94
 20
180.11
  0
LWPOLYLINE
100
AcDbEntity
  8
0
100
AcDbPolyline
 90
4
 70
1
 10
0.2
 20
184.94
 10
4.94
 20
184.94
 10
4.94
 20
180.11
 10
0.2
 20
180.11
  0
LWPOLYLINE
100
AcDbEntity
  8
0
100
AcDbPolyline
 90
4
 70
1
 10
5.06
 20
184.94
 10
9.89
 20
184.94
 10
9.89
 20
180.11
 10
5.06
 20
180.11
  0
LWPOLYLINE
100
AcDbEntity
  8
0
100
AcDbPolyline
 90
4
 70
1
 10
10.11
 20
184.94
 10
14.94
 20
184.94
 10
14.94
 20
180.11
 10
10.11
 20
180.11
  0
LWPOLYLINE
100
AcDbEntity
  8
0
100
AcDbPolyline
 90
4
 70
1
 10
15.06
 20
184.94
 10
19.89
 20
184.94
 10
19.89
 20
180.11
 10
15.06
 20
180.11
  0
LWPOLYLINE
100
AcDbEntity
  8
0
100
AcDbPolyline
 90
4
 70
1
 10
20.11
 20
184.94
 10
24.94
 20
184.94
 10
24.94
 20
180.11
 10
20.11
 20
180.11
  0
LWPOLYLINE
100
AcDbEntity
  8
0
100
AcDbPolyline
 90
4
 70
1
 10
25.06
 20
184.94
 10
29.89
 20
184.94
 10
29.89
 20
180.11
 10
25.06
 20
180.11
  0
LWPOLYLINE
100
AcDbEntity
  8
0
100
AcDbPolyline
 90
4
 70
1
 10
30.11
 20
184.94
 10
34.94
 20
184.94
 10
34.94
 20
180.11
 10
30.11
 20
180.11
  0
LWPOLYLINE
100
AcDbEntity
  8
0
100
AcDbPolyline
 90
4
 70
1
 10
35.06
 20
184.94
 10
39.89
 20
184.94
 10
39.89
 20
180.11
 10
35.06
 20
180.11
  0
LWPOLYLINE
100
AcDbEntity
  8
0
100
AcDbPolyline
 90
4
 70
1
 10
40.11
 20
184.94
 10
44.94
 20
184.94
 10
44.94
 20
180.11
 10
40.11
 20
180.11
  0
LWPOLYLINE
100
AcDbEntity
  8
0
100
AcDbPolyline
 90
4
 70
1
 10
45.06
 20
184.94
 10
49.89
 20
184.94
 10
49.89
 20
180.11
 10
45.06
 20
180.11
  0
LWPOLYLINE
100
AcDbEntity
  8
0
100
AcDbPolyline
 90
4
 70
1
 10
50.11
 20
184.94
 10
54.94
 20
184.94
 10
54.94
 20
180.11
 10
50.11
 20
180.11
  0
LWPOLYLINE
100
AcDbEntity
  8
0
100
AcDbPolyline
 90
4
 70
1
 10
55.06
 20
184.94
 10
59.89
 20
184.94
 10
59.89
 20
180.11
 10
55.06
 20
180.11
  0
LWPOLYLINE
100
AcDbEntity
  8
0
100
AcDbPolyline
 90
4
 70
1
 10
60.11
 20
184.94
 10
64.94
 20
184.94
 10
64.94
 20
180.11
 10
60.11
 20
180.11
  0
LWPOLYLINE
100
AcDbEntity
  8
0
100
AcDbPolyline
 90
4
 70
1
 10
65.06
 20
184.94
 10
69.89
 20
184.94
 10
69.89
 20
180.11
 10
65.06
 20
180.11
  0
LWPOLYLINE
100
AcDbEntity
  8
0
100
AcDbPolyline
 90
4
 70
1
 10
70.11
 20
184.94
 10
74.94
 20
184.94
 10
74.94
 20
180.11
 10
70.11
 20
180.11
  0
LWPOLYLINE
100
AcDbEntity
  8
0
100
AcDbPolyline
 90
4
 70
1
 10
75.06
 20
184.94
 10
79.89
 20
184.94
 10
79.89
 20
180.11
 10
75.06
 20
180.11
  0
LWPOLYLINE
100
AcDbEntity
  8
0
100
AcDbPolyline
 90
4
 70
1
 10
80.11
 20
184.94
 10
84.94
 20
184.94
 10
84.94
 20
180.11
 10
80.11
 20
180.11
  0
LWPOLYLINE
100
AcDbEntity
  8
0
100
AcDbPolyline
 90
4
 70
1
 10
85.06
 20
184.94
 10
89.89
 20
184.94
 10
89.89
 20
180.11
 10
85.06
 20
180.11
  0
LWPOLYLINE
100
AcDbEntity
  8
0
100
AcDbPolyline
 90
4
 70
1
 10
90.11
 20
184.94
 10
94.94
 20
184.94
 10
94.94
 20
180.11
 10
90.11
 20
180.11
  0
LWPOLYLINE
100
AcDbEntity
  8
0
100
AcDbPolyline
 90
4
 70
1
 10
95.06
 20
184.94
 10
99.89
 20
184.94
 10
99.89
 20
180.11
 10
95.06
 20
180.11
  0
LWPOLYLINE
100
AcDbEntity
  8
0
100
AcDbPolyline
 90
4
 70
1
 10
100.11
 20
184.94
 10
104.94
 20
184.94
 10
104.94
 20
180.11
 10
100.11
 20
180.11
  0
LWPOLYLINE
100
AcDbEntity
  8
0
100
AcDbPolyline
 90
4
 70
1
 10
-104.94
 20
179.89
 10
-100.11
 20
179.89
 10
-100.11
 20
175.06
 10
-104.94
 20
175.06
  0
LWPOLYLINE
100
AcDbEntity
  8
0
100
AcDbPolyline
 90
4
 70
1
 10
-99.89
 20
179.89
 10
-95.06
 20
179.89
 10
-95.06
 20
175.06
 10
-99.89
 20
175.06
  0
LWPOLYLINE
100
AcDbEntity
  8
0
100
AcDbPolyline
 90
4
 70
1
 10
-94.94
 20
179.89
 10
-90.11
 20
179.89
 10
-90.11
 20
175.06
 10
-94.94
 20
175.06
  0
LWPOLYLINE
100
AcDbEntity
  8
0
100
AcDbPolyline
 90
4
 70
1
 10
-89.89
 20
179.89
 10
-85.06
 20
179.89
 10
-85.06
 20
175.06
 10
-89.89
 20
175.06
  0
LWPOLYLINE
100
AcDbEntity
  8
0
100
AcDbPolyline
 90
4
 70
1
 10
-84.94
 20
179.89
 10
-80.11
 20
179.89
 10
-80.11
 20
175.06
 10
-84.94
 20
175.06
  0
LWPOLYLINE
100
AcDbEntity
  8
0
100
AcDbPolyline
 90
4
 70
1
 10
-79.89
 20
179.89
 10
-75.06
 20
179.89
 10
-75.06
 20
175.06
 10
-79.89
 20
175.06
  0
LWPOLYLINE
100
AcDbEntity
  8
0
100
AcDbPolyline
 90
4
 70
1
 10
-74.94
 20
179.89
 10
-70.11
 20
179.89
 10
-70.11
 20
175.06
 10
-74.94
 20
175.06
  0
LWPOLYLINE
100
AcDbEntity
  8
0
100
AcDbPolyline
 90
4
 70
1
 10
-69.89
 20
179.89
 10
-65.06
 20
179.89
 10
-65.06
 20
175.06
 10
-69.89
 20
175.06
  0
LWPOLYLINE
100
AcDbEntity
  8
0
100
AcDbPolyline
 90
4
 70
1
 10
-64.94
 20
179.89
 10
-60.11
 20
179.89
 10
-60.11
 20
175.06
 10
-64.94
 20
175.06
  0
LWPOLYLINE
100
AcDbEntity
  8
0
100
AcDbPolyline
 90
4
 70
1
 10
-59.89
 20
179.89
 10
-55.06
 20
179.89
 10
-55.06
 20
175.06
 10
-59.89
 20
175.06
  0
LWPOLYLINE
100
AcDbEntity
  8
0
100
AcDbPolyline
 90
4
 70
1
 10
-54.94
 20
179.89
 10
-50.11
 20
179.89
 10
-50.11
 20
175.06
 10
-54.94
 20
175.06
  0
LWPOLYLINE
100
AcDbEntity
  8
0
100
AcDbPolyline
 90
4
 70
1
 10
-49.89
 20
179.89
 10
-45.06
 20
179.89
 10
-45.06
 20
175.06
 10
-49.89
 20
175.06
  0
LWPOLYLINE
100
AcDbEntity
  8
0
100
AcDbPolyline
 90
4
 70
1
 10
-44.94
 20
179.89
 10
-40.11
 20
179.89
 10
-40.11
 20
175.06
 10
-44.94
 20
175.06
  0
LWPOLYLINE
100
AcDbEntity
  8
0
100
AcDbPolyline
 90
4
 70
1
 10
-39.89
 20
179.89
 10
-35.06
 20
179.89
 10
-35.06
 20
175.06
 10
-39.89
 20
175.06
  0
LWPOLYLINE
100
AcDbEntity
  8
0
100
AcDbPolyline
 90
4
 70
1
 10
-34.94
 20
179.89
 10
-30.11
 20
179.89
 10
-30.11
 20
175.06
 10
-34.94
 20
175.06
  0
LWPOLYLINE
100
AcDbEntity
  8
0
100
AcDbPolyline
 90
4
 70
1
 10
-29.89
 20
179.89
 10
-25.06
 20
179.89
 10
-25.06
 20
175.06
 10
-29.89
 20
175.06
  0
LWPOLYLINE
100
AcDbEntity
  8
0
100
AcDbPolyline
 90
4
 70
1
 10
-24.94
 20
179.89
 10
-20.11
 20
179.89
 10
-20.11
 20
175.06
 10
-24.94
 20
175.06
  0
LWPOLYLINE
100
AcDbEntity
  8
0
100
AcDbPolyline
 90
4
 70
1
 10
-19.89
 20
179.89
 10
-15.06
 20
179.89
 10
-15.06
 20
175.06
 10
-19.89
 20
175.06
  0
LWPOLYLINE
100
AcDbEntity
  8
0
100
AcDbPolyline
 90
4
 70
1
 10
-14.94
 20
179.89
 10
-10.11
 20
179.89
 10
-10.11
 20
175.06
 10
-14.94
 20
175.06
  0
LWPOLYLINE
100
AcDbEntity
  8
0
100
AcDbPolyline
 90
4
 70
1
 10
-9.89
 20
179.89
 10
-5.06
 20
179.89
 10
-5.06
 20
175.06
 10
-9.89
 20
175.06
  0
LWPOLYLINE
100
AcDbEntity
  8
0
100
AcDbPolyline
 90
4
 70
1
 10
-4.94
 20
179.89
 10
-0.2
 20
179.89
 10
-0.2
 20
175.06
 10
-4.94
 20
175.06
  0
LWPOLYLINE
100
AcDbEntity
  8
0
100
AcDbPolyline
 90
4
 70
1
 10
0.2
 20
179.89
 10
4.94
 20
179.89
 10
4.94
 20
175.06
 10
0.2
 20
175.06
  0
LWPOLYLINE
100
AcDbEntity
  8
0
100
AcDbPolyline
 90
4
 70
1
 10
5.06
 20
179.89
 10
9.89
 20
179.89
 10
9.89
 20
175.06
 10
5.06
 20
175.06
  0
LWPOLYLINE
100
AcDbEntity
  8
0
100
AcDbPolyline
 90
4
 70
1
 10
10.11
 20
179.89
 10
14.94
 20
179.89
 10
14.94
 20
175.06
 10
10.11
 20
175.06
  0
LWPOLYLINE
100
AcDbEntity
  8
0
100
AcDbPolyline
 90
4
 70
1
 10
15.06
 20
179.89
 10
19.89
 20
179.89
 10
19.89
 20
175.06
 10
15.06
 20
175.06
  0
LWPOLYLINE
100
AcDbEntity
  8
0
100
AcDbPolyline
 90
4
 70
1
 10
20.11
 20
179.89
 10
24.94
 20
179.89
 10
24.94
 20
175.06
 10
20.11
 20
175.06
  0
LWPOLYLINE
100
AcDbEntity
  8
0
100
AcDbPolyline
 90
4
 70
1
 10
25.06
 20
179.89
 10
29.89
 20
179.89
 10
29.89
 20
175.06
 10
25.06
 20
175.06
  0
LWPOLYLINE
100
AcDbEntity
  8
0
100
AcDbPolyline
 90
4
 70
1
 10
30.11
 20
179.89
 10
34.94
 20
179.89
 10
34.94
 20
175.06
 10
30.11
 20
175.06
  0
LWPOLYLINE
100
AcDbEntity
  8
0
100
AcDbPolyline
 90
4
 70
1
 10
35.06
 20
179.89
 10
39.89
 20
179.89
 10
39.89
 20
175.06
 10
35.06
 20
175.06
  0
LWPOLYLINE
100
AcDbEntity
  8
0
100
AcDbPolyline
 90
4
 70
1
 10
40.11
 20
179.89
 10
44.94
 20
179.89
 10
44.94
 20
175.06
 10
40.11
 20
175.06
  0
LWPOLYLINE
100
AcDbEntity
  8
0
100
AcDbPolyline
 90
4
 70
1
 10
45.06
 20
179.89
 10
49.89
 20
179.89
 10
49.89
 20
175.06
 10
45.06
 20
175.06
  0
LWPOLYLINE
100
AcDbEntity
  8
0
100
AcDbPolyline
 90
4
 70
1
 10
50.11
 20
179.89
 10
54.94
 20
179.89
 10
54.94
 20
175.06
 10
50.11
 20
175.06
  0
LWPOLYLINE
100
AcDbEntity
  8
0
100
AcDbPolyline
 90
4
 70
1
 10
55.06
 20
179.89
 10
59.89
 20
179.89
 10
59.89
 20
175.06
 10
55.06
 20
175.06
  0
LWPOLYLINE
100
AcDbEntity
  8
0
100
AcDbPolyline
 90
4
 70
1
 10
60.11
 20
179.89
 10
64.94
 20
179.89
 10
64.94
 20
175.06
 10
60.11
 20
175.06
  0
LWPOLYLINE
100
AcDbEntity
  8
0
100
AcDbPolyline
 90
4
 70
1
 10
65.06
 20
179.89
 10
69.89
 20
179.89
 10
69.89
 20
175.06
 10
65.06
 20
175.06
  0
LWPOLYLINE
100
AcDbEntity
  8
0
100
AcDbPolyline
 90
4
 70
1
 10
70.11
 20
179.89
 10
74.94
 20
179.89
 10
74.94
 20
175.06
 10
70.11
 20
175.06
  0
LWPOLYLINE
100
AcDbEntity
  8
0
100
AcDbPolyline
 90
4
 70
1
 10
75.06
 20
179.89
 10
79.89
 20
179.89
 10
79.89
 20
175.06
 10
75.06
 20
175.06
  0
LWPOLYLINE
100
AcDbEntity
  8
0
100
AcDbPolyline
 90
4
 70
1
 10
80.11
 20
179.89
 10
84.94
 20
179.89
 10
84.94
 20
175.06
 10
80.11
 20
175.06
  0
LWPOLYLINE
100
AcDbEntity
  8
0
100
AcDbPolyline
 90
4
 70
1
 10
85.06
 20
179.89
 10
89.89
 20
179.89
 10
89.89
 20
175.06
 10
85.06
 20
175.06
  0
LWPOLYLINE
100
AcDbEntity
  8
0
100
AcDbPolyline
 90
4
 70
1
 10
90.11
 20
179.89
 10
94.94
 20
179.89
 10
94.94
 20
175.06
 10
90.11
 20
175.06
  0
LWPOLYLINE
100
AcDbEntity
  8
0
100
AcDbPolyline
 90
4
 70
1
 10
95.06
 20
179.89
 10
99.89
 20
179.89
 10
99.89
 20
175.06
 10
95.06
 20
175.06
  0
LWPOLYLINE
100
AcDbEntity
  8
0
100
AcDbPolyline
 90
4
 70
1
 10
100.11
 20
179.89
 10
104.94
 20
179.89
 10
104.94
 20
175.06
 10
100.11
 20
175.06
  0
LWPOLYLINE
100
AcDbEntity
  8
0
100
AcDbPolyline
 90
4
 70
1
 10
-104.94
 20
174.94
 10
-100.11
 20
174.94
 10
-100.11
 20
170.11
 10
-104.94
 20
170.11
  0
LWPOLYLINE
100
AcDbEntity
  8
0
100
AcDbPolyline
 90
4
 70
1
 10
-99.89
 20
174.94
 10
-95.06
 20
174.94
 10
-95.06
 20
170.11
 10
-99.89
 20
170.11
  0
LWPOLYLINE
100
AcDbEntity
  8
0
100
AcDbPolyline
 90
4
 70
1
 10
-94.94
 20
174.94
 10
-90.11
 20
174.94
 10
-90.11
 20
170.11
 10
-94.94
 20
170.11
  0
LWPOLYLINE
100
AcDbEntity
  8
0
100
AcDbPolyline
 90
4
 70
1
 10
-89.89
 20
174.94
 10
-85.06
 20
174.94
 10
-85.06
 20
170.11
 10
-89.89
 20
170.11
  0
LWPOLYLINE
100
AcDbEntity
  8
0
100
AcDbPolyline
 90
4
 70
1
 10
-84.94
 20
174.94
 10
-80.11
 20
174.94
 10
-80.11
 20
170.11
 10
-84.94
 20
170.11
  0
LWPOLYLINE
100
AcDbEntity
  8
0
100
AcDbPolyline
 90
4
 70
1
 10
-79.89
 20
174.94
 10
-75.06
 20
174.94
 10
-75.06
 20
170.11
 10
-79.89
 20
170.11
  0
LWPOLYLINE
100
AcDbEntity
  8
0
100
AcDbPolyline
 90
4
 70
1
 10
-74.94
 20
174.94
 10
-70.11
 20
174.94
 10
-70.11
 20
170.11
 10
-74.94
 20
170.11
  0
LWPOLYLINE
100
AcDbEntity
  8
0
100
AcDbPolyline
 90
4
 70
1
 10
-69.89
 20
174.94
 10
-65.06
 20
174.94
 10
-65.06
 20
170.11
 10
-69.89
 20
170.11
  0
LWPOLYLINE
100
AcDbEntity
  8
0
100
AcDbPolyline
 90
4
 70
1
 10
-64.94
 20
174.94
 10
-60.11
 20
174.94
 10
-60.11
 20
170.11
 10
-64.94
 20
170.11
  0
LWPOLYLINE
100
AcDbEntity
  8
0
100
AcDbPolyline
 90
4
 70
1
 10
-59.89
 20
174.94
 10
-55.06
 20
174.94
 10
-55.06
 20
170.11
 10
-59.89
 20
170.11
  0
LWPOLYLINE
100
AcDbEntity
  8
0
100
AcDbPolyline
 90
4
 70
1
 10
-54.94
 20
174.94
 10
-50.11
 20
174.94
 10
-50.11
 20
170.11
 10
-54.94
 20
170.11
  0
LWPOLYLINE
100
AcDbEntity
  8
0
100
AcDbPolyline
 90
4
 70
1
 10
-49.89
 20
174.94
 10
-45.06
 20
174.94
 10
-45.06
 20
170.11
 10
-49.89
 20
170.11
  0
LWPOLYLINE
100
AcDbEntity
  8
0
100
AcDbPolyline
 90
4
 70
1
 10
-44.94
 20
174.94
 10
-40.11
 20
174.94
 10
-40.11
 20
170.11
 10
-44.94
 20
170.11
  0
LWPOLYLINE
100
AcDbEntity
  8
0
100
AcDbPolyline
 90
4
 70
1
 10
-39.89
 20
174.94
 10
-35.06
 20
174.94
 10
-35.06
 20
170.11
 10
-39.89
 20
170.11
  0
LWPOLYLINE
100
AcDbEntity
  8
0
100
AcDbPolyline
 90
4
 70
1
 10
-34.94
 20
174.94
 10
-30.11
 20
174.94
 10
-30.11
 20
170.11
 10
-34.94
 20
170.11
  0
LWPOLYLINE
100
AcDbEntity
  8
0
100
AcDbPolyline
 90
4
 70
1
 10
-29.89
 20
174.94
 10
-25.06
 20
174.94
 10
-25.06
 20
170.11
 10
-29.89
 20
170.11
  0
LWPOLYLINE
100
AcDbEntity
  8
0
100
AcDbPolyline
 90
4
 70
1
 10
-24.94
 20
174.94
 10
-20.11
 20
174.94
 10
-20.11
 20
170.11
 10
-24.94
 20
170.11
  0
LWPOLYLINE
100
AcDbEntity
  8
0
100
AcDbPolyline
 90
4
 70
1
 10
-19.89
 20
174.94
 10
-15.06
 20
174.94
 10
-15.06
 20
170.11
 10
-19.89
 20
170.11
  0
LWPOLYLINE
100
AcDbEntity
  8
0
100
AcDbPolyline
 90
4
 70
1
 10
-14.94
 20
174.94
 10
-10.11
 20
174.94
 10
-10.11
 20
170.11
 10
-14.94
 20
170.11
  0
LWPOLYLINE
100
AcDbEntity
  8
0
100
AcDbPolyline
 90
4
 70
1
 10
-9.89
 20
174.94
 10
-5.06
 20
174.94
 10
-5.06
 20
170.11
 10
-9.89
 20
170.11
  0
LWPOLYLINE
100
AcDbEntity
  8
0
100
AcDbPolyline
 90
4
 70
1
 10
-4.94
 20
174.94
 10
-0.2
 20
174.94
 10
-0.2
 20
170.11
 10
-4.94
 20
170.11
  0
LWPOLYLINE
100
AcDbEntity
  8
0
100
AcDbPolyline
 90
4
 70
1
 10
0.2
 20
174.94
 10
4.94
 20
174.94
 10
4.94
 20
170.11
 10
0.2
 20
170.11
  0
LWPOLYLINE
100
AcDbEntity
  8
0
100
AcDbPolyline
 90
4
 70
1
 10
5.06
 20
174.94
 10
9.89
 20
174.94
 10
9.89
 20
170.11
 10
5.06
 20
170.11
  0
LWPOLYLINE
100
AcDbEntity
  8
0
100
AcDbPolyline
 90
4
 70
1
 10
10.11
 20
174.94
 10
14.94
 20
174.94
 10
14.94
 20
170.11
 10
10.11
 20
170.11
  0
LWPOLYLINE
100
AcDbEntity
  8
0
100
AcDbPolyline
 90
4
 70
1
 10
15.06
 20
174.94
 10
19.89
 20
174.94
 10
19.89
 20
170.11
 10
15.06
 20
170.11
  0
LWPOLYLINE
100
AcDbEntity
  8
0
100
AcDbPolyline
 90
4
 70
1
 10
20.11
 20
174.94
 10
24.94
 20
174.94
 10
24.94
 20
170.11
 10
20.11
 20
170.11
  0
LWPOLYLINE
100
AcDbEntity
  8
0
100
AcDbPolyline
 90
4
 70
1
 10
25.06
 20
174.94
 10
29.89
 20
174.94
 10
29.89
 20
170.11
 10
25.06
 20
170.11
  0
LWPOLYLINE
100
AcDbEntity
  8
0
100
AcDbPolyline
 90
4
 70
1
 10
30.11
 20
174.94
 10
34.94
 20
174.94
 10
34.94
 20
170.11
 10
30.11
 20
170.11
  0
LWPOLYLINE
100
AcDbEntity
  8
0
100
AcDbPolyline
 90
4
 70
1
 10
35.06
 20
174.94
 10
39.89
 20
174.94
 10
39.89
 20
170.11
 10
35.06
 20
170.11
  0
LWPOLYLINE
100
AcDbEntity
  8
0
100
AcDbPolyline
 90
4
 70
1
 10
40.11
 20
174.94
 10
44.94
 20
174.94
 10
44.94
 20
170.11
 10
40.11
 20
170.11
  0
LWPOLYLINE
100
AcDbEntity
  8
0
100
AcDbPolyline
 90
4
 70
1
 10
45.06
 20
174.94
 10
49.89
 20
174.94
 10
49.89
 20
170.11
 10
45.06
 20
170.11
  0
LWPOLYLINE
100
AcDbEntity
  8
0
100
AcDbPolyline
 90
4
 70
1
 10
50.11
 20
174.94
 10
54.94
 20
174.94
 10
54.94
 20
170.11
 10
50.11
 20
170.11
  0
LWPOLYLINE
100
AcDbEntity
  8
0
100
AcDbPolyline
 90
4
 70
1
 10
55.06
 20
174.94
 10
59.89
 20
174.94
 10
59.89
 20
170.11
 10
55.06
 20
170.11
  0
LWPOLYLINE
100
AcDbEntity
  8
0
100
AcDbPolyline
 90
4
 70
1
 10
60.11
 20
174.94
 10
64.94
 20
174.94
 10
64.94
 20
170.11
 10
60.11
 20
170.11
  0
LWPOLYLINE
100
AcDbEntity
  8
0
100
AcDbPolyline
 90
4
 70
1
 10
65.06
 20
174.94
 10
69.89
 20
174.94
 10
69.89
 20
170.11
 10
65.06
 20
170.11
  0
LWPOLYLINE
100
AcDbEntity
  8
0
100
AcDbPolyline
 90
4
 70
1
 10
70.11
 20
174.94
 10
74.94
 20
174.94
 10
74.94
 20
170.11
 10
70.11
 20
170.11
  0
LWPOLYLINE
100
AcDbEntity
  8
0
100
AcDbPolyline
 90
4
 70
1
 10
75.06
 20
174.94
 10
79.89
 20
174.94
 10
79.89
 20
170.11
 10
75.06
 20
170.11
  0
LWPOLYLINE
100
AcDbEntity
  8
0
100
AcDbPolyline
 90
4
 70
1
 10
80.11
 20
174.94
 10
84.94
 20
174.94
 10
84.94
 20
170.11
 10
80.11
 20
170.11
  0
LWPOLYLINE
100
AcDbEntity
  8
0
100
AcDbPolyline
 90
4
 70
1
 10
85.06
 20
174.94
 10
89.89
 20
174.94
 10
89.89
 20
170.11
 10
85.06
 20
170.11
  0
LWPOLYLINE
100
AcDbEntity
  8
0
100
AcDbPolyline
 90
4
 70
1
 10
90.11
 20
174.94
 10
94.94
 20
174.94
 10
94.94
 20
170.11
 10
90.11
 20
170.11
  0
LWPOLYLINE
100
AcDbEntity
  8
0
100
AcDbPolyline
 90
4
 70
1
 10
95.06
 20
174.94
 10
99.89
 20
174.94
 10
99.89
 20
170.11
 10
95.06
 20
170.11
  0
LWPOLYLINE
100
AcDbEntity
  8
0
100
AcDbPolyline
 90
4
 70
1
 10
100.11
 20
174.94
 10
104.94
 20
174.94
 10
104.94
 20
170.11
 10
100.11
 20
170.11
  0
LWPOLYLINE
100
AcDbEntity
  8
0
100
AcDbPolyline
 90
4
 70
1
 10
-104.94
 20
169.89
 10
-100.11
 20
169.89
 10
-100.11
 20
165.06
 10
-104.94
 20
165.06
  0
LWPOLYLINE
100
AcDbEntity
  8
0
100
AcDbPolyline
 90
4
 70
1
 10
-99.89
 20
169.89
 10
-95.06
 20
169.89
 10
-95.06
 20
165.06
 10
-99.89
 20
165.06
  0
LWPOLYLINE
100
AcDbEntity
  8
0
100
AcDbPolyline
 90
4
 70
1
 10
-94.94
 20
169.89
 10
-90.11
 20
169.89
 10
-90.11
 20
165.06
 10
-94.94
 20
165.06
  0
LWPOLYLINE
100
AcDbEntity
  8
0
100
AcDbPolyline
 90
4
 70
1
 10
-89.89
 20
169.89
 10
-85.06
 20
169.89
 10
-85.06
 20
165.06
 10
-89.89
 20
165.06
  0
LWPOLYLINE
100
AcDbEntity
  8
0
100
AcDbPolyline
 90
4
 70
1
 10
-84.94
 20
169.89
 10
-80.11
 20
169.89
 10
-80.11
 20
165.06
 10
-84.94
 20
165.06
  0
LWPOLYLINE
100
AcDbEntity
  8
0
100
AcDbPolyline
 90
4
 70
1
 10
-79.89
 20
169.89
 10
-75.06
 20
169.89
 10
-75.06
 20
165.06
 10
-79.89
 20
165.06
  0
LWPOLYLINE
100
AcDbEntity
  8
0
100
AcDbPolyline
 90
4
 70
1
 10
-74.94
 20
169.89
 10
-70.11
 20
169.89
 10
-70.11
 20
165.06
 10
-74.94
 20
165.06
  0
LWPOLYLINE
100
AcDbEntity
  8
0
100
AcDbPolyline
 90
4
 70
1
 10
-69.89
 20
169.89
 10
-65.06
 20
169.89
 10
-65.06
 20
165.06
 10
-69.89
 20
165.06
  0
LWPOLYLINE
100
AcDbEntity
  8
0
100
AcDbPolyline
 90
4
 70
1
 10
-64.94
 20
169.89
 10
-60.11
 20
169.89
 10
-60.11
 20
165.06
 10
-64.94
 20
165.06
  0
LWPOLYLINE
100
AcDbEntity
  8
0
100
AcDbPolyline
 90
4
 70
1
 10
-59.89
 20
169.89
 10
-55.06
 20
169.89
 10
-55.06
 20
165.06
 10
-59.89
 20
165.06
  0
LWPOLYLINE
100
AcDbEntity
  8
0
100
AcDbPolyline
 90
4
 70
1
 10
-54.94
 20
169.89
 10
-50.11
 20
169.89
 10
-50.11
 20
165.06
 10
-54.94
 20
165.06
  0
LWPOLYLINE
100
AcDbEntity
  8
0
100
AcDbPolyline
 90
4
 70
1
 10
-49.89
 20
169.89
 10
-45.06
 20
169.89
 10
-45.06
 20
165.06
 10
-49.89
 20
165.06
  0
LWPOLYLINE
100
AcDbEntity
  8
0
100
AcDbPolyline
 90
4
 70
1
 10
-44.94
 20
169.89
 10
-40.11
 20
169.89
 10
-40.11
 20
165.06
 10
-44.94
 20
165.06
  0
LWPOLYLINE
100
AcDbEntity
  8
0
100
AcDbPolyline
 90
4
 70
1
 10
-39.89
 20
169.89
 10
-35.06
 20
169.89
 10
-35.06
 20
165.06
 10
-39.89
 20
165.06
  0
LWPOLYLINE
100
AcDbEntity
  8
0
100
AcDbPolyline
 90
4
 70
1
 10
-34.94
 20
169.89
 10
-30.11
 20
169.89
 10
-30.11
 20
165.06
 10
-34.94
 20
165.06
  0
LWPOLYLINE
100
AcDbEntity
  8
0
100
AcDbPolyline
 90
4
 70
1
 10
-29.89
 20
169.89
 10
-25.06
 20
169.89
 10
-25.06
 20
165.06
 10
-29.89
 20
165.06
  0
LWPOLYLINE
100
AcDbEntity
  8
0
100
AcDbPolyline
 90
4
 70
1
 10
-24.94
 20
169.89
 10
-20.11
 20
169.89
 10
-20.11
 20
165.06
 10
-24.94
 20
165.06
  0
LWPOLYLINE
100
AcDbEntity
  8
0
100
AcDbPolyline
 90
4
 70
1
 10
-19.89
 20
169.89
 10
-15.06
 20
169.89
 10
-15.06
 20
165.06
 10
-19.89
 20
165.06
  0
LWPOLYLINE
100
AcDbEntity
  8
0
100
AcDbPolyline
 90
4
 70
1
 10
-14.94
 20
169.89
 10
-10.11
 20
169.89
 10
-10.11
 20
165.06
 10
-14.94
 20
165.06
  0
LWPOLYLINE
100
AcDbEntity
  8
0
100
AcDbPolyline
 90
4
 70
1
 10
-9.89
 20
169.89
 10
-5.06
 20
169.89
 10
-5.06
 20
165.06
 10
-9.89
 20
165.06
  0
LWPOLYLINE
100
AcDbEntity
  8
0
100
AcDbPolyline
 90
4
 70
1
 10
-4.94
 20
169.89
 10
-0.2
 20
169.89
 10
-0.2
 20
165.06
 10
-4.94
 20
165.06
  0
LWPOLYLINE
100
AcDbEntity
  8
0
100
AcDbPolyline
 90
4
 70
1
 10
0.2
 20
169.89
 10
4.94
 20
169.89
 10
4.94
 20
165.06
 10
0.2
 20
165.06
  0
LWPOLYLINE
100
AcDbEntity
  8
0
100
AcDbPolyline
 90
4
 70
1
 10
5.06
 20
169.89
 10
9.89
 20
169.89
 10
9.89
 20
165.06
 10
5.06
 20
165.06
  0
LWPOLYLINE
100
AcDbEntity
  8
0
100
AcDbPolyline
 90
4
 70
1
 10
10.11
 20
169.89
 10
14.94
 20
169.89
 10
14.94
 20
165.06
 10
10.11
 20
165.06
  0
LWPOLYLINE
100
AcDbEntity
  8
0
100
AcDbPolyline
 90
4
 70
1
 10
15.06
 20
169.89
 10
19.89
 20
169.89
 10
19.89
 20
165.06
 10
15.06
 20
165.06
  0
LWPOLYLINE
100
AcDbEntity
  8
0
100
AcDbPolyline
 90
4
 70
1
 10
20.11
 20
169.89
 10
24.94
 20
169.89
 10
24.94
 20
165.06
 10
20.11
 20
165.06
  0
LWPOLYLINE
100
AcDbEntity
  8
0
100
AcDbPolyline
 90
4
 70
1
 10
25.06
 20
169.89
 10
29.89
 20
169.89
 10
29.89
 20
165.06
 10
25.06
 20
165.06
  0
LWPOLYLINE
100
AcDbEntity
  8
0
100
AcDbPolyline
 90
4
 70
1
 10
30.11
 20
169.89
 10
34.94
 20
169.89
 10
34.94
 20
165.06
 10
30.11
 20
165.06
  0
LWPOLYLINE
100
AcDbEntity
  8
0
100
AcDbPolyline
 90
4
 70
1
 10
35.06
 20
169.89
 10
39.89
 20
169.89
 10
39.89
 20
165.06
 10
35.06
 20
165.06
  0
LWPOLYLINE
100
AcDbEntity
  8
0
100
AcDbPolyline
 90
4
 70
1
 10
40.11
 20
169.89
 10
44.94
 20
169.89
 10
44.94
 20
165.06
 10
40.11
 20
165.06
  0
LWPOLYLINE
100
AcDbEntity
  8
0
100
AcDbPolyline
 90
4
 70
1
 10
45.06
 20
169.89
 10
49.89
 20
169.89
 10
49.89
 20
165.06
 10
45.06
 20
165.06
  0
LWPOLYLINE
100
AcDbEntity
  8
0
100
AcDbPolyline
 90
4
 70
1
 10
50.11
 20
169.89
 10
54.94
 20
169.89
 10
54.94
 20
165.06
 10
50.11
 20
165.06
  0
LWPOLYLINE
100
AcDbEntity
  8
0
100
AcDbPolyline
 90
4
 70
1
 10
55.06
 20
169.89
 10
59.89
 20
169.89
 10
59.89
 20
165.06
 10
55.06
 20
165.06
  0
LWPOLYLINE
100
AcDbEntity
  8
0
100
AcDbPolyline
 90
4
 70
1
 10
60.11
 20
169.89
 10
64.94
 20
169.89
 10
64.94
 20
165.06
 10
60.11
 20
165.06
  0
LWPOLYLINE
100
AcDbEntity
  8
0
100
AcDbPolyline
 90
4
 70
1
 10
65.06
 20
169.89
 10
69.89
 20
169.89
 10
69.89
 20
165.06
 10
65.06
 20
165.06
  0
LWPOLYLINE
100
AcDbEntity
  8
0
100
AcDbPolyline
 90
4
 70
1
 10
70.11
 20
169.89
 10
74.94
 20
169.89
 10
74.94
 20
165.06
 10
70.11
 20
165.06
  0
LWPOLYLINE
100
AcDbEntity
  8
0
100
AcDbPolyline
 90
4
 70
1
 10
75.06
 20
169.89
 10
79.89
 20
169.89
 10
79.89
 20
165.06
 10
75.06
 20
165.06
  0
LWPOLYLINE
100
AcDbEntity
  8
0
100
AcDbPolyline
 90
4
 70
1
 10
80.11
 20
169.89
 10
84.94
 20
169.89
 10
84.94
 20
165.06
 10
80.11
 20
165.06
  0
LWPOLYLINE
100
AcDbEntity
  8
0
100
AcDbPolyline
 90
4
 70
1
 10
85.06
 20
169.89
 10
89.89
 20
169.89
 10
89.89
 20
165.06
 10
85.06
 20
165.06
  0
LWPOLYLINE
100
AcDbEntity
  8
0
100
AcDbPolyline
 90
4
 70
1
 10
90.11
 20
169.89
 10
94.94
 20
169.89
 10
94.94
 20
165.06
 10
90.11
 20
165.06
  0
LWPOLYLINE
100
AcDbEntity
  8
0
100
AcDbPolyline
 90
4
 70
1
 10
95.06
 20
169.89
 10
99.89
 20
169.89
 10
99.89
 20
165.06
 10
95.06
 20
165.06
  0
LWPOLYLINE
100
AcDbEntity
  8
0
100
AcDbPolyline
 90
4
 70
1
 10
100.11
 20
169.89
 10
104.94
 20
169.89
 10
104.94
 20
165.06
 10
100.11
 20
165.06
  0
LWPOLYLINE
100
AcDbEntity
  8
0
100
AcDbPolyline
 90
4
 70
1
 10
-104.94
 20
164.94
 10
-100.11
 20
164.94
 10
-100.11
 20
160.11
 10
-104.94
 20
160.11
  0
LWPOLYLINE
100
AcDbEntity
  8
0
100
AcDbPolyline
 90
4
 70
1
 10
-99.89
 20
164.94
 10
-95.06
 20
164.94
 10
-95.06
 20
160.11
 10
-99.89
 20
160.11
  0
LWPOLYLINE
100
AcDbEntity
  8
0
100
AcDbPolyline
 90
4
 70
1
 10
-94.94
 20
164.94
 10
-90.11
 20
164.94
 10
-90.11
 20
160.11
 10
-94.94
 20
160.11
  0
LWPOLYLINE
100
AcDbEntity
  8
0
100
AcDbPolyline
 90
4
 70
1
 10
-89.89
 20
164.94
 10
-85.06
 20
164.94
 10
-85.06
 20
160.11
 10
-89.89
 20
160.11
  0
LWPOLYLINE
100
AcDbEntity
  8
0
100
AcDbPolyline
 90
4
 70
1
 10
-84.94
 20
164.94
 10
-80.11
 20
164.94
 10
-80.11
 20
160.11
 10
-84.94
 20
160.11
  0
LWPOLYLINE
100
AcDbEntity
  8
0
100
AcDbPolyline
 90
4
 70
1
 10
-79.89
 20
164.94
 10
-75.06
 20
164.94
 10
-75.06
 20
160.11
 10
-79.89
 20
160.11
  0
LWPOLYLINE
100
AcDbEntity
  8
0
100
AcDbPolyline
 90
4
 70
1
 10
-74.94
 20
164.94
 10
-70.11
 20
164.94
 10
-70.11
 20
160.11
 10
-74.94
 20
160.11
  0
LWPOLYLINE
100
AcDbEntity
  8
0
100
AcDbPolyline
 90
4
 70
1
 10
-69.89
 20
164.94
 10
-65.06
 20
164.94
 10
-65.06
 20
160.11
 10
-69.89
 20
160.11
  0
LWPOLYLINE
100
AcDbEntity
  8
0
100
AcDbPolyline
 90
4
 70
1
 10
-64.94
 20
164.94
 10
-60.11
 20
164.94
 10
-60.11
 20
160.11
 10
-64.94
 20
160.11
  0
LWPOLYLINE
100
AcDbEntity
  8
0
100
AcDbPolyline
 90
4
 70
1
 10
-59.89
 20
164.94
 10
-55.06
 20
164.94
 10
-55.06
 20
160.11
 10
-59.89
 20
160.11
  0
LWPOLYLINE
100
AcDbEntity
  8
0
100
AcDbPolyline
 90
4
 70
1
 10
-54.94
 20
164.94
 10
-50.11
 20
164.94
 10
-50.11
 20
160.11
 10
-54.94
 20
160.11
  0
LWPOLYLINE
100
AcDbEntity
  8
0
100
AcDbPolyline
 90
4
 70
1
 10
-49.89
 20
164.94
 10
-45.06
 20
164.94
 10
-45.06
 20
160.11
 10
-49.89
 20
160.11
  0
LWPOLYLINE
100
AcDbEntity
  8
0
100
AcDbPolyline
 90
4
 70
1
 10
-44.94
 20
164.94
 10
-40.11
 20
164.94
 10
-40.11
 20
160.11
 10
-44.94
 20
160.11
  0
LWPOLYLINE
100
AcDbEntity
  8
0
100
AcDbPolyline
 90
4
 70
1
 10
-39.89
 20
164.94
 10
-35.06
 20
164.94
 10
-35.06
 20
160.11
 10
-39.89
 20
160.11
  0
LWPOLYLINE
100
AcDbEntity
  8
0
100
AcDbPolyline
 90
4
 70
1
 10
-34.94
 20
164.94
 10
-30.11
 20
164.94
 10
-30.11
 20
160.11
 10
-34.94
 20
160.11
  0
LWPOLYLINE
100
AcDbEntity
  8
0
100
AcDbPolyline
 90
4
 70
1
 10
-29.89
 20
164.94
 10
-25.06
 20
164.94
 10
-25.06
 20
160.11
 10
-29.89
 20
160.11
  0
LWPOLYLINE
100
AcDbEntity
  8
0
100
AcDbPolyline
 90
4
 70
1
 10
-24.94
 20
164.94
 10
-20.11
 20
164.94
 10
-20.11
 20
160.11
 10
-24.94
 20
160.11
  0
LWPOLYLINE
100
AcDbEntity
  8
0
100
AcDbPolyline
 90
4
 70
1
 10
-19.89
 20
164.94
 10
-15.06
 20
164.94
 10
-15.06
 20
160.11
 10
-19.89
 20
160.11
  0
LWPOLYLINE
100
AcDbEntity
  8
0
100
AcDbPolyline
 90
4
 70
1
 10
-14.94
 20
164.94
 10
-10.11
 20
164.94
 10
-10.11
 20
160.11
 10
-14.94
 20
160.11
  0
LWPOLYLINE
100
AcDbEntity
  8
0
100
AcDbPolyline
 90
4
 70
1
 10
-9.89
 20
164.94
 10
-5.06
 20
164.94
 10
-5.06
 20
160.11
 10
-9.89
 20
160.11
  0
LWPOLYLINE
100
AcDbEntity
  8
0
100
AcDbPolyline
 90
4
 70
1
 10
-4.94
 20
164.94
 10
-0.2
 20
164.94
 10
-0.2
 20
160.11
 10
-4.94
 20
160.11
  0
LWPOLYLINE
100
AcDbEntity
  8
0
100
AcDbPolyline
 90
4
 70
1
 10
0.2
 20
164.94
 10
4.94
 20
164.94
 10
4.94
 20
160.11
 10
0.2
 20
160.11
  0
LWPOLYLINE
100
AcDbEntity
  8
0
100
AcDbPolyline
 90
4
 70
1
 10
5.06
 20
164.94
 10
9.89
 20
164.94
 10
9.89
 20
160.11
 10
5.06
 20
160.11
  0
LWPOLYLINE
100
AcDbEntity
  8
0
100
AcDbPolyline
 90
4
 70
1
 10
10.11
 20
164.94
 10
14.94
 20
164.94
 10
14.94
 20
160.11
 10
10.11
 20
160.11
  0
LWPOLYLINE
100
AcDbEntity
  8
0
100
AcDbPolyline
 90
4
 70
1
 10
15.06
 20
164.94
 10
19.89
 20
164.94
 10
19.89
 20
160.11
 10
15.06
 20
160.11
  0
LWPOLYLINE
100
AcDbEntity
  8
0
100
AcDbPolyline
 90
4
 70
1
 10
20.11
 20
164.94
 10
24.94
 20
164.94
 10
24.94
 20
160.11
 10
20.11
 20
160.11
  0
LWPOLYLINE
100
AcDbEntity
  8
0
100
AcDbPolyline
 90
4
 70
1
 10
25.06
 20
164.94
 10
29.89
 20
164.94
 10
29.89
 20
160.11
 10
25.06
 20
160.11
  0
LWPOLYLINE
100
AcDbEntity
  8
0
100
AcDbPolyline
 90
4
 70
1
 10
30.11
 20
164.94
 10
34.94
 20
164.94
 10
34.94
 20
160.11
 10
30.11
 20
160.11
  0
LWPOLYLINE
100
AcDbEntity
  8
0
100
AcDbPolyline
 90
4
 70
1
 10
35.06
 20
164.94
 10
39.89
 20
164.94
 10
39.89
 20
160.11
 10
35.06
 20
160.11
  0
LWPOLYLINE
100
AcDbEntity
  8
0
100
AcDbPolyline
 90
4
 70
1
 10
40.11
 20
164.94
 10
44.94
 20
164.94
 10
44.94
 20
160.11
 10
40.11
 20
160.11
  0
LWPOLYLINE
100
AcDbEntity
  8
0
100
AcDbPolyline
 90
4
 70
1
 10
45.06
 20
164.94
 10
49.89
 20
164.94
 10
49.89
 20
160.11
 10
45.06
 20
160.11
  0
LWPOLYLINE
100
AcDbEntity
  8
0
100
AcDbPolyline
 90
4
 70
1
 10
50.11
 20
164.94
 10
54.94
 20
164.94
 10
54.94
 20
160.11
 10
50.11
 20
160.11
  0
LWPOLYLINE
100
AcDbEntity
  8
0
100
AcDbPolyline
 90
4
 70
1
 10
55.06
 20
164.94
 10
59.89
 20
164.94
 10
59.89
 20
160.11
 10
55.06
 20
160.11
  0
LWPOLYLINE
100
AcDbEntity
  8
0
100
AcDbPolyline
 90
4
 70
1
 10
60.11
 20
164.94
 10
64.94
 20
164.94
 10
64.94
 20
160.11
 10
60.11
 20
160.11
  0
LWPOLYLINE
100
AcDbEntity
  8
0
100
AcDbPolyline
 90
4
 70
1
 10
65.06
 20
164.94
 10
69.89
 20
164.94
 10
69.89
 20
160.11
 10
65.06
 20
160.11
  0
LWPOLYLINE
100
AcDbEntity
  8
0
100
AcDbPolyline
 90
4
 70
1
 10
70.11
 20
164.94
 10
74.94
 20
164.94
 10
74.94
 20
160.11
 10
70.11
 20
160.11
  0
LWPOLYLINE
100
AcDbEntity
  8
0
100
AcDbPolyline
 90
4
 70
1
 10
75.06
 20
164.94
 10
79.89
 20
164.94
 10
79.89
 20
160.11
 10
75.06
 20
160.11
  0
LWPOLYLINE
100
AcDbEntity
  8
0
100
AcDbPolyline
 90
4
 70
1
 10
80.11
 20
164.94
 10
84.94
 20
164.94
 10
84.94
 20
160.11
 10
80.11
 20
160.11
  0
LWPOLYLINE
100
AcDbEntity
  8
0
100
AcDbPolyline
 90
4
 70
1
 10
85.06
 20
164.94
 10
89.89
 20
164.94
 10
89.89
 20
160.11
 10
85.06
 20
160.11
  0
LWPOLYLINE
100
AcDbEntity
  8
0
100
AcDbPolyline
 90
4
 70
1
 10
90.11
 20
164.94
 10
94.94
 20
164.94
 10
94.94
 20
160.11
 10
90.11
 20
160.11
  0
LWPOLYLINE
100
AcDbEntity
  8
0
100
AcDbPolyline
 90
4
 70
1
 10
95.06
 20
164.94
 10
99.89
 20
164.94
 10
99.89
 20
160.11
 10
95.06
 20
160.11
  0
LWPOLYLINE
100
AcDbEntity
  8
0
100
AcDbPolyline
 90
4
 70
1
 10
100.11
 20
164.94
 10
104.94
 20
164.94
 10
104.94
 20
160.11
 10
100.11
 20
160.11
  0
LWPOLYLINE
100
AcDbEntity
  8
0
100
AcDbPolyline
 90
4
 70
1
 10
-104.94
 20
159.89
 10
-100.11
 20
159.89
 10
-100.11
 20
155.06
 10
-104.94
 20
155.06
  0
LWPOLYLINE
100
AcDbEntity
  8
0
100
AcDbPolyline
 90
4
 70
1
 10
-99.89
 20
159.89
 10
-95.06
 20
159.89
 10
-95.06
 20
155.06
 10
-99.89
 20
155.06
  0
LWPOLYLINE
100
AcDbEntity
  8
0
100
AcDbPolyline
 90
4
 70
1
 10
-94.94
 20
159.89
 10
-90.11
 20
159.89
 10
-90.11
 20
155.06
 10
-94.94
 20
155.06
  0
LWPOLYLINE
100
AcDbEntity
  8
0
100
AcDbPolyline
 90
4
 70
1
 10
-89.89
 20
159.89
 10
-85.06
 20
159.89
 10
-85.06
 20
155.06
 10
-89.89
 20
155.06
  0
LWPOLYLINE
100
AcDbEntity
  8
0
100
AcDbPolyline
 90
4
 70
1
 10
-84.94
 20
159.89
 10
-80.11
 20
159.89
 10
-80.11
 20
155.06
 10
-84.94
 20
155.06
  0
LWPOLYLINE
100
AcDbEntity
  8
0
100
AcDbPolyline
 90
4
 70
1
 10
-79.89
 20
159.89
 10
-75.06
 20
159.89
 10
-75.06
 20
155.06
 10
-79.89
 20
155.06
  0
LWPOLYLINE
100
AcDbEntity
  8
0
100
AcDbPolyline
 90
4
 70
1
 10
-74.94
 20
159.89
 10
-70.11
 20
159.89
 10
-70.11
 20
155.06
 10
-74.94
 20
155.06
  0
LWPOLYLINE
100
AcDbEntity
  8
0
100
AcDbPolyline
 90
4
 70
1
 10
-69.89
 20
159.89
 10
-65.06
 20
159.89
 10
-65.06
 20
155.06
 10
-69.89
 20
155.06
  0
LWPOLYLINE
100
AcDbEntity
  8
0
100
AcDbPolyline
 90
4
 70
1
 10
-64.94
 20
159.89
 10
-60.11
 20
159.89
 10
-60.11
 20
155.06
 10
-64.94
 20
155.06
  0
LWPOLYLINE
100
AcDbEntity
  8
0
100
AcDbPolyline
 90
4
 70
1
 10
-59.89
 20
159.89
 10
-55.06
 20
159.89
 10
-55.06
 20
155.06
 10
-59.89
 20
155.06
  0
LWPOLYLINE
100
AcDbEntity
  8
0
100
AcDbPolyline
 90
4
 70
1
 10
-54.94
 20
159.89
 10
-50.11
 20
159.89
 10
-50.11
 20
155.06
 10
-54.94
 20
155.06
  0
LWPOLYLINE
100
AcDbEntity
  8
0
100
AcDbPolyline
 90
4
 70
1
 10
-49.89
 20
159.89
 10
-45.06
 20
159.89
 10
-45.06
 20
155.06
 10
-49.89
 20
155.06
  0
LWPOLYLINE
100
AcDbEntity
  8
0
100
AcDbPolyline
 90
4
 70
1
 10
-44.94
 20
159.89
 10
-40.11
 20
159.89
 10
-40.11
 20
155.06
 10
-44.94
 20
155.06
  0
LWPOLYLINE
100
AcDbEntity
  8
0
100
AcDbPolyline
 90
4
 70
1
 10
-39.89
 20
159.89
 10
-35.06
 20
159.89
 10
-35.06
 20
155.06
 10
-39.89
 20
155.06
  0
LWPOLYLINE
100
AcDbEntity
  8
0
100
AcDbPolyline
 90
4
 70
1
 10
-34.94
 20
159.89
 10
-30.11
 20
159.89
 10
-30.11
 20
155.06
 10
-34.94
 20
155.06
  0
LWPOLYLINE
100
AcDbEntity
  8
0
100
AcDbPolyline
 90
4
 70
1
 10
-29.89
 20
159.89
 10
-25.06
 20
159.89
 10
-25.06
 20
155.06
 10
-29.89
 20
155.06
  0
LWPOLYLINE
100
AcDbEntity
  8
0
100
AcDbPolyline
 90
4
 70
1
 10
-24.94
 20
159.89
 10
-20.11
 20
159.89
 10
-20.11
 20
155.06
 10
-24.94
 20
155.06
  0
LWPOLYLINE
100
AcDbEntity
  8
0
100
AcDbPolyline
 90
4
 70
1
 10
-19.89
 20
159.89
 10
-15.06
 20
159.89
 10
-15.06
 20
155.06
 10
-19.89
 20
155.06
  0
LWPOLYLINE
100
AcDbEntity
  8
0
100
AcDbPolyline
 90
4
 70
1
 10
-14.94
 20
159.89
 10
-10.11
 20
159.89
 10
-10.11
 20
155.06
 10
-14.94
 20
155.06
  0
LWPOLYLINE
100
AcDbEntity
  8
0
100
AcDbPolyline
 90
4
 70
1
 10
-9.89
 20
159.89
 10
-5.06
 20
159.89
 10
-5.06
 20
155.06
 10
-9.89
 20
155.06
  0
LWPOLYLINE
100
AcDbEntity
  8
0
100
AcDbPolyline
 90
4
 70
1
 10
-4.94
 20
159.89
 10
-0.2
 20
159.89
 10
-0.2
 20
155.06
 10
-4.94
 20
155.06
  0
LWPOLYLINE
100
AcDbEntity
  8
0
100
AcDbPolyline
 90
4
 70
1
 10
0.2
 20
159.89
 10
4.94
 20
159.89
 10
4.94
 20
155.06
 10
0.2
 20
155.06
  0
LWPOLYLINE
100
AcDbEntity
  8
0
100
AcDbPolyline
 90
4
 70
1
 10
5.06
 20
159.89
 10
9.89
 20
159.89
 10
9.89
 20
155.06
 10
5.06
 20
155.06
  0
LWPOLYLINE
100
AcDbEntity
  8
0
100
AcDbPolyline
 90
4
 70
1
 10
10.11
 20
159.89
 10
14.94
 20
159.89
 10
14.94
 20
155.06
 10
10.11
 20
155.06
  0
LWPOLYLINE
100
AcDbEntity
  8
0
100
AcDbPolyline
 90
4
 70
1
 10
15.06
 20
159.89
 10
19.89
 20
159.89
 10
19.89
 20
155.06
 10
15.06
 20
155.06
  0
LWPOLYLINE
100
AcDbEntity
  8
0
100
AcDbPolyline
 90
4
 70
1
 10
20.11
 20
159.89
 10
24.94
 20
159.89
 10
24.94
 20
155.06
 10
20.11
 20
155.06
  0
LWPOLYLINE
100
AcDbEntity
  8
0
100
AcDbPolyline
 90
4
 70
1
 10
25.06
 20
159.89
 10
29.89
 20
159.89
 10
29.89
 20
155.06
 10
25.06
 20
155.06
  0
LWPOLYLINE
100
AcDbEntity
  8
0
100
AcDbPolyline
 90
4
 70
1
 10
30.11
 20
159.89
 10
34.94
 20
159.89
 10
34.94
 20
155.06
 10
30.11
 20
155.06
  0
LWPOLYLINE
100
AcDbEntity
  8
0
100
AcDbPolyline
 90
4
 70
1
 10
35.06
 20
159.89
 10
39.89
 20
159.89
 10
39.89
 20
155.06
 10
35.06
 20
155.06
  0
LWPOLYLINE
100
AcDbEntity
  8
0
100
AcDbPolyline
 90
4
 70
1
 10
40.11
 20
159.89
 10
44.94
 20
159.89
 10
44.94
 20
155.06
 10
40.11
 20
155.06
  0
LWPOLYLINE
100
AcDbEntity
  8
0
100
AcDbPolyline
 90
4
 70
1
 10
45.06
 20
159.89
 10
49.89
 20
159.89
 10
49.89
 20
155.06
 10
45.06
 20
155.06
  0
LWPOLYLINE
100
AcDbEntity
  8
0
100
AcDbPolyline
 90
4
 70
1
 10
50.11
 20
159.89
 10
54.94
 20
159.89
 10
54.94
 20
155.06
 10
50.11
 20
155.06
  0
LWPOLYLINE
100
AcDbEntity
  8
0
100
AcDbPolyline
 90
4
 70
1
 10
55.06
 20
159.89
 10
59.89
 20
159.89
 10
59.89
 20
155.06
 10
55.06
 20
155.06
  0
LWPOLYLINE
100
AcDbEntity
  8
0
100
AcDbPolyline
 90
4
 70
1
 10
60.11
 20
159.89
 10
64.94
 20
159.89
 10
64.94
 20
155.06
 10
60.11
 20
155.06
  0
LWPOLYLINE
100
AcDbEntity
  8
0
100
AcDbPolyline
 90
4
 70
1
 10
65.06
 20
159.89
 10
69.89
 20
159.89
 10
69.89
 20
155.06
 10
65.06
 20
155.06
  0
LWPOLYLINE
100
AcDbEntity
  8
0
100
AcDbPolyline
 90
4
 70
1
 10
70.11
 20
159.89
 10
74.94
 20
159.89
 10
74.94
 20
155.06
 10
70.11
 20
155.06
  0
LWPOLYLINE
100
AcDbEntity
  8
0
100
AcDbPolyline
 90
4
 70
1
 10
75.06
 20
159.89
 10
79.89
 20
159.89
 10
79.89
 20
155.06
 10
75.06
 20
155.06
  0
LWPOLYLINE
100
AcDbEntity
  8
0
100
AcDbPolyline
 90
4
 70
1
 10
80.11
 20
159.89
 10
84.94
 20
159.89
 10
84.94
 20
155.06
 10
80.11
 20
155.06
  0
LWPOLYLINE
100
AcDbEntity
  8
0
100
AcDbPolyline
 90
4
 70
1
 10
85.06
 20
159.89
 10
89.89
 20
159.89
 10
89.89
 20
155.06
 10
85.06
 20
155.06
  0
LWPOLYLINE
100
AcDbEntity
  8
0
100
AcDbPolyline
 90
4
 70
1
 10
90.11
 20
159.89
 10
94.94
 20
159.89
 10
94.94
 20
155.06
 10
90.11
 20
155.06
  0
LWPOLYLINE
100
AcDbEntity
  8
0
100
AcDbPolyline
 90
4
 70
1
 10
95.06
 20
159.89
 10
99.89
 20
159.89
 10
99.89
 20
155.06
 10
95.06
 20
155.06
  0
LWPOLYLINE
100
AcDbEntity
  8
0
100
AcDbPolyline
 90
4
 70
1
 10
100.11
 20
159.89
 10
104.94
 20
159.89
 10
104.94
 20
155.06
 10
100.11
 20
155.06
  0
LWPOLYLINE
100
AcDbEntity
  8
0
100
AcDbPolyline
 90
4
 70
1
 10
-104.94
 20
154.94
 10
-100.11
 20
154.94
 10
-100.11
 20
150.11
 10
-104.94
 20
150.11
  0
LWPOLYLINE
100
AcDbEntity
  8
0
100
AcDbPolyline
 90
4
 70
1
 10
-99.89
 20
154.94
 10
-95.06
 20
154.94
 10
-95.06
 20
150.11
 10
-99.89
 20
150.11
  0
LWPOLYLINE
100
AcDbEntity
  8
0
100
AcDbPolyline
 90
4
 70
1
 10
-94.94
 20
154.94
 10
-90.11
 20
154.94
 10
-90.11
 20
150.11
 10
-94.94
 20
150.11
  0
LWPOLYLINE
100
AcDbEntity
  8
0
100
AcDbPolyline
 90
4
 70
1
 10
-89.89
 20
154.94
 10
-85.06
 20
154.94
 10
-85.06
 20
150.11
 10
-89.89
 20
150.11
  0
LWPOLYLINE
100
AcDbEntity
  8
0
100
AcDbPolyline
 90
4
 70
1
 10
-84.94
 20
154.94
 10
-80.11
 20
154.94
 10
-80.11
 20
150.11
 10
-84.94
 20
150.11
  0
LWPOLYLINE
100
AcDbEntity
  8
0
100
AcDbPolyline
 90
4
 70
1
 10
-79.89
 20
154.94
 10
-75.06
 20
154.94
 10
-75.06
 20
150.11
 10
-79.89
 20
150.11
  0
LWPOLYLINE
100
AcDbEntity
  8
0
100
AcDbPolyline
 90
4
 70
1
 10
-74.94
 20
154.94
 10
-70.11
 20
154.94
 10
-70.11
 20
150.11
 10
-74.94
 20
150.11
  0
LWPOLYLINE
100
AcDbEntity
  8
0
100
AcDbPolyline
 90
4
 70
1
 10
-69.89
 20
154.94
 10
-65.06
 20
154.94
 10
-65.06
 20
150.11
 10
-69.89
 20
150.11
  0
LWPOLYLINE
100
AcDbEntity
  8
0
100
AcDbPolyline
 90
4
 70
1
 10
-64.94
 20
154.94
 10
-60.11
 20
154.94
 10
-60.11
 20
150.11
 10
-64.94
 20
150.11
  0
LWPOLYLINE
100
AcDbEntity
  8
0
100
AcDbPolyline
 90
4
 70
1
 10
-59.89
 20
154.94
 10
-55.06
 20
154.94
 10
-55.06
 20
150.11
 10
-59.89
 20
150.11
  0
LWPOLYLINE
100
AcDbEntity
  8
0
100
AcDbPolyline
 90
4
 70
1
 10
-54.94
 20
154.94
 10
-50.11
 20
154.94
 10
-50.11
 20
150.11
 10
-54.94
 20
150.11
  0
LWPOLYLINE
100
AcDbEntity
  8
0
100
AcDbPolyline
 90
4
 70
1
 10
-49.89
 20
154.94
 10
-45.06
 20
154.94
 10
-45.06
 20
150.11
 10
-49.89
 20
150.11
  0
LWPOLYLINE
100
AcDbEntity
  8
0
100
AcDbPolyline
 90
4
 70
1
 10
-44.94
 20
154.94
 10
-40.11
 20
154.94
 10
-40.11
 20
150.11
 10
-44.94
 20
150.11
  0
LWPOLYLINE
100
AcDbEntity
  8
0
100
AcDbPolyline
 90
4
 70
1
 10
-39.89
 20
154.94
 10
-35.06
 20
154.94
 10
-35.06
 20
150.11
 10
-39.89
 20
150.11
  0
LWPOLYLINE
100
AcDbEntity
  8
0
100
AcDbPolyline
 90
4
 70
1
 10
-34.94
 20
154.94
 10
-30.11
 20
154.94
 10
-30.11
 20
150.11
 10
-34.94
 20
150.11
  0
LWPOLYLINE
100
AcDbEntity
  8
0
100
AcDbPolyline
 90
4
 70
1
 10
-29.89
 20
154.94
 10
-25.06
 20
154.94
 10
-25.06
 20
150.11
 10
-29.89
 20
150.11
  0
LWPOLYLINE
100
AcDbEntity
  8
0
100
AcDbPolyline
 90
4
 70
1
 10
-24.94
 20
154.94
 10
-20.11
 20
154.94
 10
-20.11
 20
150.11
 10
-24.94
 20
150.11
  0
LWPOLYLINE
100
AcDbEntity
  8
0
100
AcDbPolyline
 90
4
 70
1
 10
-19.89
 20
154.94
 10
-15.06
 20
154.94
 10
-15.06
 20
150.11
 10
-19.89
 20
150.11
  0
LWPOLYLINE
100
AcDbEntity
  8
0
100
AcDbPolyline
 90
4
 70
1
 10
-14.94
 20
154.94
 10
-10.11
 20
154.94
 10
-10.11
 20
150.11
 10
-14.94
 20
150.11
  0
LWPOLYLINE
100
AcDbEntity
  8
0
100
AcDbPolyline
 90
4
 70
1
 10
-9.89
 20
154.94
 10
-5.06
 20
154.94
 10
-5.06
 20
150.11
 10
-9.89
 20
150.11
  0
LWPOLYLINE
100
AcDbEntity
  8
0
100
AcDbPolyline
 90
4
 70
1
 10
-4.94
 20
154.94
 10
-0.2
 20
154.94
 10
-0.2
 20
150.11
 10
-4.94
 20
150.11
  0
LWPOLYLINE
100
AcDbEntity
  8
0
100
AcDbPolyline
 90
4
 70
1
 10
0.2
 20
154.94
 10
4.94
 20
154.94
 10
4.94
 20
150.11
 10
0.2
 20
150.11
  0
LWPOLYLINE
100
AcDbEntity
  8
0
100
AcDbPolyline
 90
4
 70
1
 10
5.06
 20
154.94
 10
9.89
 20
154.94
 10
9.89
 20
150.11
 10
5.06
 20
150.11
  0
LWPOLYLINE
100
AcDbEntity
  8
0
100
AcDbPolyline
 90
4
 70
1
 10
10.11
 20
154.94
 10
14.94
 20
154.94
 10
14.94
 20
150.11
 10
10.11
 20
150.11
  0
LWPOLYLINE
100
AcDbEntity
  8
0
100
AcDbPolyline
 90
4
 70
1
 10
15.06
 20
154.94
 10
19.89
 20
154.94
 10
19.89
 20
150.11
 10
15.06
 20
150.11
  0
LWPOLYLINE
100
AcDbEntity
  8
0
100
AcDbPolyline
 90
4
 70
1
 10
20.11
 20
154.94
 10
24.94
 20
154.94
 10
24.94
 20
150.11
 10
20.11
 20
150.11
  0
LWPOLYLINE
100
AcDbEntity
  8
0
100
AcDbPolyline
 90
4
 70
1
 10
25.06
 20
154.94
 10
29.89
 20
154.94
 10
29.89
 20
150.11
 10
25.06
 20
150.11
  0
LWPOLYLINE
100
AcDbEntity
  8
0
100
AcDbPolyline
 90
4
 70
1
 10
30.11
 20
154.94
 10
34.94
 20
154.94
 10
34.94
 20
150.11
 10
30.11
 20
150.11
  0
LWPOLYLINE
100
AcDbEntity
  8
0
100
AcDbPolyline
 90
4
 70
1
 10
35.06
 20
154.94
 10
39.89
 20
154.94
 10
39.89
 20
150.11
 10
35.06
 20
150.11
  0
LWPOLYLINE
100
AcDbEntity
  8
0
100
AcDbPolyline
 90
4
 70
1
 10
40.11
 20
154.94
 10
44.94
 20
154.94
 10
44.94
 20
150.11
 10
40.11
 20
150.11
  0
LWPOLYLINE
100
AcDbEntity
  8
0
100
AcDbPolyline
 90
4
 70
1
 10
45.06
 20
154.94
 10
49.89
 20
154.94
 10
49.89
 20
150.11
 10
45.06
 20
150.11
  0
LWPOLYLINE
100
AcDbEntity
  8
0
100
AcDbPolyline
 90
4
 70
1
 10
50.11
 20
154.94
 10
54.94
 20
154.94
 10
54.94
 20
150.11
 10
50.11
 20
150.11
  0
LWPOLYLINE
100
AcDbEntity
  8
0
100
AcDbPolyline
 90
4
 70
1
 10
55.06
 20
154.94
 10
59.89
 20
154.94
 10
59.89
 20
150.11
 10
55.06
 20
150.11
  0
LWPOLYLINE
100
AcDbEntity
  8
0
100
AcDbPolyline
 90
4
 70
1
 10
60.11
 20
154.94
 10
64.94
 20
154.94
 10
64.94
 20
150.11
 10
60.11
 20
150.11
  0
LWPOLYLINE
100
AcDbEntity
  8
0
100
AcDbPolyline
 90
4
 70
1
 10
65.06
 20
154.94
 10
69.89
 20
154.94
 10
69.89
 20
150.11
 10
65.06
 20
150.11
  0
LWPOLYLINE
100
AcDbEntity
  8
0
100
AcDbPolyline
 90
4
 70
1
 10
70.11
 20
154.94
 10
74.94
 20
154.94
 10
74.94
 20
150.11
 10
70.11
 20
150.11
  0
LWPOLYLINE
100
AcDbEntity
  8
0
100
AcDbPolyline
 90
4
 70
1
 10
75.06
 20
154.94
 10
79.89
 20
154.94
 10
79.89
 20
150.11
 10
75.06
 20
150.11
  0
LWPOLYLINE
100
AcDbEntity
  8
0
100
AcDbPolyline
 90
4
 70
1
 10
80.11
 20
154.94
 10
84.94
 20
154.94
 10
84.94
 20
150.11
 10
80.11
 20
150.11
  0
LWPOLYLINE
100
AcDbEntity
  8
0
100
AcDbPolyline
 90
4
 70
1
 10
85.06
 20
154.94
 10
89.89
 20
154.94
 10
89.89
 20
150.11
 10
85.06
 20
150.11
  0
LWPOLYLINE
100
AcDbEntity
  8
0
100
AcDbPolyline
 90
4
 70
1
 10
90.11
 20
154.94
 10
94.94
 20
154.94
 10
94.94
 20
150.11
 10
90.11
 20
150.11
  0
LWPOLYLINE
100
AcDbEntity
  8
0
100
AcDbPolyline
 90
4
 70
1
 10
95.06
 20
154.94
 10
99.89
 20
154.94
 10
99.89
 20
150.11
 10
95.06
 20
150.11
  0
LWPOLYLINE
100
AcDbEntity
  8
0
100
AcDbPolyline
 90
4
 70
1
 10
100.11
 20
154.94
 10
104.94
 20
154.94
 10
104.94
 20
150.11
 10
100.11
 20
150.11
  0
LWPOLYLINE
100
AcDbEntity
  8
0
100
AcDbPolyline
 90
4
 70
1
 10
-104.94
 20
149.89
 10
-100.11
 20
149.89
 10
-100.11
 20
145.06
 10
-104.94
 20
145.06
  0
LWPOLYLINE
100
AcDbEntity
  8
0
100
AcDbPolyline
 90
4
 70
1
 10
-99.89
 20
149.89
 10
-95.06
 20
149.89
 10
-95.06
 20
145.06
 10
-99.89
 20
145.06
  0
LWPOLYLINE
100
AcDbEntity
  8
0
100
AcDbPolyline
 90
4
 70
1
 10
-94.94
 20
149.89
 10
-90.11
 20
149.89
 10
-90.11
 20
145.06
 10
-94.94
 20
145.06
  0
LWPOLYLINE
100
AcDbEntity
  8
0
100
AcDbPolyline
 90
4
 70
1
 10
-89.89
 20
149.89
 10
-85.06
 20
149.89
 10
-85.06
 20
145.06
 10
-89.89
 20
145.06
  0
LWPOLYLINE
100
AcDbEntity
  8
0
100
AcDbPolyline
 90
4
 70
1
 10
-84.94
 20
149.89
 10
-80.11
 20
149.89
 10
-80.11
 20
145.06
 10
-84.94
 20
145.06
  0
LWPOLYLINE
100
AcDbEntity
  8
0
100
AcDbPolyline
 90
4
 70
1
 10
-79.89
 20
149.89
 10
-75.06
 20
149.89
 10
-75.06
 20
145.06
 10
-79.89
 20
145.06
  0
LWPOLYLINE
100
AcDbEntity
  8
0
100
AcDbPolyline
 90
4
 70
1
 10
-74.94
 20
149.89
 10
-70.11
 20
149.89
 10
-70.11
 20
145.06
 10
-74.94
 20
145.06
  0
LWPOLYLINE
100
AcDbEntity
  8
0
100
AcDbPolyline
 90
4
 70
1
 10
-69.89
 20
149.89
 10
-65.06
 20
149.89
 10
-65.06
 20
145.06
 10
-69.89
 20
145.06
  0
LWPOLYLINE
100
AcDbEntity
  8
0
100
AcDbPolyline
 90
4
 70
1
 10
-64.94
 20
149.89
 10
-60.11
 20
149.89
 10
-60.11
 20
145.06
 10
-64.94
 20
145.06
  0
LWPOLYLINE
100
AcDbEntity
  8
0
100
AcDbPolyline
 90
4
 70
1
 10
-59.89
 20
149.89
 10
-55.06
 20
149.89
 10
-55.06
 20
145.06
 10
-59.89
 20
145.06
  0
LWPOLYLINE
100
AcDbEntity
  8
0
100
AcDbPolyline
 90
4
 70
1
 10
-54.94
 20
149.89
 10
-50.11
 20
149.89
 10
-50.11
 20
145.06
 10
-54.94
 20
145.06
  0
LWPOLYLINE
100
AcDbEntity
  8
0
100
AcDbPolyline
 90
4
 70
1
 10
-49.89
 20
149.89
 10
-45.06
 20
149.89
 10
-45.06
 20
145.06
 10
-49.89
 20
145.06
  0
LWPOLYLINE
100
AcDbEntity
  8
0
100
AcDbPolyline
 90
4
 70
1
 10
-44.94
 20
149.89
 10
-40.11
 20
149.89
 10
-40.11
 20
145.06
 10
-44.94
 20
145.06
  0
LWPOLYLINE
100
AcDbEntity
  8
0
100
AcDbPolyline
 90
4
 70
1
 10
-39.89
 20
149.89
 10
-35.06
 20
149.89
 10
-35.06
 20
145.06
 10
-39.89
 20
145.06
  0
LWPOLYLINE
100
AcDbEntity
  8
0
100
AcDbPolyline
 90
4
 70
1
 10
-34.94
 20
149.89
 10
-30.11
 20
149.89
 10
-30.11
 20
145.06
 10
-34.94
 20
145.06
  0
LWPOLYLINE
100
AcDbEntity
  8
0
100
AcDbPolyline
 90
4
 70
1
 10
-29.89
 20
149.89
 10
-25.06
 20
149.89
 10
-25.06
 20
145.06
 10
-29.89
 20
145.06
  0
LWPOLYLINE
100
AcDbEntity
  8
0
100
AcDbPolyline
 90
4
 70
1
 10
-24.94
 20
149.89
 10
-20.11
 20
149.89
 10
-20.11
 20
145.06
 10
-24.94
 20
145.06
  0
LWPOLYLINE
100
AcDbEntity
  8
0
100
AcDbPolyline
 90
4
 70
1
 10
-19.89
 20
149.89
 10
-15.06
 20
149.89
 10
-15.06
 20
145.06
 10
-19.89
 20
145.06
  0
LWPOLYLINE
100
AcDbEntity
  8
0
100
AcDbPolyline
 90
4
 70
1
 10
-14.94
 20
149.89
 10
-10.11
 20
149.89
 10
-10.11
 20
145.06
 10
-14.94
 20
145.06
  0
LWPOLYLINE
100
AcDbEntity
  8
0
100
AcDbPolyline
 90
4
 70
1
 10
-9.89
 20
149.89
 10
-5.06
 20
149.89
 10
-5.06
 20
145.06
 10
-9.89
 20
145.06
  0
LWPOLYLINE
100
AcDbEntity
  8
0
100
AcDbPolyline
 90
4
 70
1
 10
-4.94
 20
149.89
 10
-0.2
 20
149.89
 10
-0.2
 20
145.06
 10
-4.94
 20
145.06
  0
LWPOLYLINE
100
AcDbEntity
  8
0
100
AcDbPolyline
 90
4
 70
1
 10
0.2
 20
149.89
 10
4.94
 20
149.89
 10
4.94
 20
145.06
 10
0.2
 20
145.06
  0
LWPOLYLINE
100
AcDbEntity
  8
0
100
AcDbPolyline
 90
4
 70
1
 10
5.06
 20
149.89
 10
9.89
 20
149.89
 10
9.89
 20
145.06
 10
5.06
 20
145.06
  0
LWPOLYLINE
100
AcDbEntity
  8
0
100
AcDbPolyline
 90
4
 70
1
 10
10.11
 20
149.89
 10
14.94
 20
149.89
 10
14.94
 20
145.06
 10
10.11
 20
145.06
  0
LWPOLYLINE
100
AcDbEntity
  8
0
100
AcDbPolyline
 90
4
 70
1
 10
15.06
 20
149.89
 10
19.89
 20
149.89
 10
19.89
 20
145.06
 10
15.06
 20
145.06
  0
LWPOLYLINE
100
AcDbEntity
  8
0
100
AcDbPolyline
 90
4
 70
1
 10
20.11
 20
149.89
 10
24.94
 20
149.89
 10
24.94
 20
145.06
 10
20.11
 20
145.06
  0
LWPOLYLINE
100
AcDbEntity
  8
0
100
AcDbPolyline
 90
4
 70
1
 10
25.06
 20
149.89
 10
29.89
 20
149.89
 10
29.89
 20
145.06
 10
25.06
 20
145.06
  0
LWPOLYLINE
100
AcDbEntity
  8
0
100
AcDbPolyline
 90
4
 70
1
 10
30.11
 20
149.89
 10
34.94
 20
149.89
 10
34.94
 20
145.06
 10
30.11
 20
145.06
  0
LWPOLYLINE
100
AcDbEntity
  8
0
100
AcDbPolyline
 90
4
 70
1
 10
35.06
 20
149.89
 10
39.89
 20
149.89
 10
39.89
 20
145.06
 10
35.06
 20
145.06
  0
LWPOLYLINE
100
AcDbEntity
  8
0
100
AcDbPolyline
 90
4
 70
1
 10
40.11
 20
149.89
 10
44.94
 20
149.89
 10
44.94
 20
145.06
 10
40.11
 20
145.06
  0
LWPOLYLINE
100
AcDbEntity
  8
0
100
AcDbPolyline
 90
4
 70
1
 10
45.06
 20
149.89
 10
49.89
 20
149.89
 10
49.89
 20
145.06
 10
45.06
 20
145.06
  0
LWPOLYLINE
100
AcDbEntity
  8
0
100
AcDbPolyline
 90
4
 70
1
 10
50.11
 20
149.89
 10
54.94
 20
149.89
 10
54.94
 20
145.06
 10
50.11
 20
145.06
  0
LWPOLYLINE
100
AcDbEntity
  8
0
100
AcDbPolyline
 90
4
 70
1
 10
55.06
 20
149.89
 10
59.89
 20
149.89
 10
59.89
 20
145.06
 10
55.06
 20
145.06
  0
LWPOLYLINE
100
AcDbEntity
  8
0
100
AcDbPolyline
 90
4
 70
1
 10
60.11
 20
149.89
 10
64.94
 20
149.89
 10
64.94
 20
145.06
 10
60.11
 20
145.06
  0
LWPOLYLINE
100
AcDbEntity
  8
0
100
AcDbPolyline
 90
4
 70
1
 10
65.06
 20
149.89
 10
69.89
 20
149.89
 10
69.89
 20
145.06
 10
65.06
 20
145.06
  0
LWPOLYLINE
100
AcDbEntity
  8
0
100
AcDbPolyline
 90
4
 70
1
 10
70.11
 20
149.89
 10
74.94
 20
149.89
 10
74.94
 20
145.06
 10
70.11
 20
145.06
  0
LWPOLYLINE
100
AcDbEntity
  8
0
100
AcDbPolyline
 90
4
 70
1
 10
75.06
 20
149.89
 10
79.89
 20
149.89
 10
79.89
 20
145.06
 10
75.06
 20
145.06
  0
LWPOLYLINE
100
AcDbEntity
  8
0
100
AcDbPolyline
 90
4
 70
1
 10
80.11
 20
149.89
 10
84.94
 20
149.89
 10
84.94
 20
145.06
 10
80.11
 20
145.06
  0
LWPOLYLINE
100
AcDbEntity
  8
0
100
AcDbPolyline
 90
4
 70
1
 10
85.06
 20
149.89
 10
89.89
 20
149.89
 10
89.89
 20
145.06
 10
85.06
 20
145.06
  0
LWPOLYLINE
100
AcDbEntity
  8
0
100
AcDbPolyline
 90
4
 70
1
 10
90.11
 20
149.89
 10
94.94
 20
149.89
 10
94.94
 20
145.06
 10
90.11
 20
145.06
  0
LWPOLYLINE
100
AcDbEntity
  8
0
100
AcDbPolyline
 90
4
 70
1
 10
95.06
 20
149.89
 10
99.89
 20
149.89
 10
99.89
 20
145.06
 10
95.06
 20
145.06
  0
LWPOLYLINE
100
AcDbEntity
  8
0
100
AcDbPolyline
 90
4
 70
1
 10
100.11
 20
149.89
 10
104.94
 20
149.89
 10
104.94
 20
145.06
 10
100.11
 20
145.06
  0
LWPOLYLINE
100
AcDbEntity
  8
0
100
AcDbPolyline
 90
4
 70
1
 10
-104.94
 20
144.94
 10
-100.11
 20
144.94
 10
-100.11
 20
140.11
 10
-104.94
 20
140.11
  0
LWPOLYLINE
100
AcDbEntity
  8
0
100
AcDbPolyline
 90
4
 70
1
 10
-99.89
 20
144.94
 10
-95.06
 20
144.94
 10
-95.06
 20
140.11
 10
-99.89
 20
140.11
  0
LWPOLYLINE
100
AcDbEntity
  8
0
100
AcDbPolyline
 90
4
 70
1
 10
-94.94
 20
144.94
 10
-90.11
 20
144.94
 10
-90.11
 20
140.11
 10
-94.94
 20
140.11
  0
LWPOLYLINE
100
AcDbEntity
  8
0
100
AcDbPolyline
 90
4
 70
1
 10
-89.89
 20
144.94
 10
-85.06
 20
144.94
 10
-85.06
 20
140.11
 10
-89.89
 20
140.11
  0
LWPOLYLINE
100
AcDbEntity
  8
0
100
AcDbPolyline
 90
4
 70
1
 10
-84.94
 20
144.94
 10
-80.11
 20
144.94
 10
-80.11
 20
140.11
 10
-84.94
 20
140.11
  0
LWPOLYLINE
100
AcDbEntity
  8
0
100
AcDbPolyline
 90
4
 70
1
 10
-79.89
 20
144.94
 10
-75.06
 20
144.94
 10
-75.06
 20
140.11
 10
-79.89
 20
140.11
  0
LWPOLYLINE
100
AcDbEntity
  8
0
100
AcDbPolyline
 90
4
 70
1
 10
-74.94
 20
144.94
 10
-70.11
 20
144.94
 10
-70.11
 20
140.11
 10
-74.94
 20
140.11
  0
LWPOLYLINE
100
AcDbEntity
  8
0
100
AcDbPolyline
 90
4
 70
1
 10
-69.89
 20
144.94
 10
-65.06
 20
144.94
 10
-65.06
 20
140.11
 10
-69.89
 20
140.11
  0
LWPOLYLINE
100
AcDbEntity
  8
0
100
AcDbPolyline
 90
4
 70
1
 10
-64.94
 20
144.94
 10
-60.11
 20
144.94
 10
-60.11
 20
140.11
 10
-64.94
 20
140.11
  0
LWPOLYLINE
100
AcDbEntity
  8
0
100
AcDbPolyline
 90
4
 70
1
 10
-59.89
 20
144.94
 10
-55.06
 20
144.94
 10
-55.06
 20
140.11
 10
-59.89
 20
140.11
  0
LWPOLYLINE
100
AcDbEntity
  8
0
100
AcDbPolyline
 90
4
 70
1
 10
-54.94
 20
144.94
 10
-50.11
 20
144.94
 10
-50.11
 20
140.11
 10
-54.94
 20
140.11
  0
LWPOLYLINE
100
AcDbEntity
  8
0
100
AcDbPolyline
 90
4
 70
1
 10
-49.89
 20
144.94
 10
-45.06
 20
144.94
 10
-45.06
 20
140.11
 10
-49.89
 20
140.11
  0
LWPOLYLINE
100
AcDbEntity
  8
0
100
AcDbPolyline
 90
4
 70
1
 10
-44.94
 20
144.94
 10
-40.11
 20
144.94
 10
-40.11
 20
140.11
 10
-44.94
 20
140.11
  0
LWPOLYLINE
100
AcDbEntity
  8
0
100
AcDbPolyline
 90
4
 70
1
 10
-39.89
 20
144.94
 10
-35.06
 20
144.94
 10
-35.06
 20
140.11
 10
-39.89
 20
140.11
  0
LWPOLYLINE
100
AcDbEntity
  8
0
100
AcDbPolyline
 90
4
 70
1
 10
-34.94
 20
144.94
 10
-30.11
 20
144.94
 10
-30.11
 20
140.11
 10
-34.94
 20
140.11
  0
LWPOLYLINE
100
AcDbEntity
  8
0
100
AcDbPolyline
 90
4
 70
1
 10
-29.89
 20
144.94
 10
-25.06
 20
144.94
 10
-25.06
 20
140.11
 10
-29.89
 20
140.11
  0
LWPOLYLINE
100
AcDbEntity
  8
0
100
AcDbPolyline
 90
4
 70
1
 10
-24.94
 20
144.94
 10
-20.11
 20
144.94
 10
-20.11
 20
140.11
 10
-24.94
 20
140.11
  0
LWPOLYLINE
100
AcDbEntity
  8
0
100
AcDbPolyline
 90
4
 70
1
 10
-19.89
 20
144.94
 10
-15.06
 20
144.94
 10
-15.06
 20
140.11
 10
-19.89
 20
140.11
  0
LWPOLYLINE
100
AcDbEntity
  8
0
100
AcDbPolyline
 90
4
 70
1
 10
-14.94
 20
144.94
 10
-10.11
 20
144.94
 10
-10.11
 20
140.11
 10
-14.94
 20
140.11
  0
LWPOLYLINE
100
AcDbEntity
  8
0
100
AcDbPolyline
 90
4
 70
1
 10
-9.89
 20
144.94
 10
-5.06
 20
144.94
 10
-5.06
 20
140.11
 10
-9.89
 20
140.11
  0
LWPOLYLINE
100
AcDbEntity
  8
0
100
AcDbPolyline
 90
4
 70
1
 10
-4.94
 20
144.94
 10
-0.2
 20
144.94
 10
-0.2
 20
140.11
 10
-4.94
 20
140.11
  0
LWPOLYLINE
100
AcDbEntity
  8
0
100
AcDbPolyline
 90
4
 70
1
 10
0.2
 20
144.94
 10
4.94
 20
144.94
 10
4.94
 20
140.11
 10
0.2
 20
140.11
  0
LWPOLYLINE
100
AcDbEntity
  8
0
100
AcDbPolyline
 90
4
 70
1
 10
5.06
 20
144.94
 10
9.89
 20
144.94
 10
9.89
 20
140.11
 10
5.06
 20
140.11
  0
LWPOLYLINE
100
AcDbEntity
  8
0
100
AcDbPolyline
 90
4
 70
1
 10
10.11
 20
144.94
 10
14.94
 20
144.94
 10
14.94
 20
140.11
 10
10.11
 20
140.11
  0
LWPOLYLINE
100
AcDbEntity
  8
0
100
AcDbPolyline
 90
4
 70
1
 10
15.06
 20
144.94
 10
19.89
 20
144.94
 10
19.89
 20
140.11
 10
15.06
 20
140.11
  0
LWPOLYLINE
100
AcDbEntity
  8
0
100
AcDbPolyline
 90
4
 70
1
 10
20.11
 20
144.94
 10
24.94
 20
144.94
 10
24.94
 20
140.11
 10
20.11
 20
140.11
  0
LWPOLYLINE
100
AcDbEntity
  8
0
100
AcDbPolyline
 90
4
 70
1
 10
25.06
 20
144.94
 10
29.89
 20
144.94
 10
29.89
 20
140.11
 10
25.06
 20
140.11
  0
LWPOLYLINE
100
AcDbEntity
  8
0
100
AcDbPolyline
 90
4
 70
1
 10
30.11
 20
144.94
 10
34.94
 20
144.94
 10
34.94
 20
140.11
 10
30.11
 20
140.11
  0
LWPOLYLINE
100
AcDbEntity
  8
0
100
AcDbPolyline
 90
4
 70
1
 10
35.06
 20
144.94
 10
39.89
 20
144.94
 10
39.89
 20
140.11
 10
35.06
 20
140.11
  0
LWPOLYLINE
100
AcDbEntity
  8
0
100
AcDbPolyline
 90
4
 70
1
 10
40.11
 20
144.94
 10
44.94
 20
144.94
 10
44.94
 20
140.11
 10
40.11
 20
140.11
  0
LWPOLYLINE
100
AcDbEntity
  8
0
100
AcDbPolyline
 90
4
 70
1
 10
45.06
 20
144.94
 10
49.89
 20
144.94
 10
49.89
 20
140.11
 10
45.06
 20
140.11
  0
LWPOLYLINE
100
AcDbEntity
  8
0
100
AcDbPolyline
 90
4
 70
1
 10
50.11
 20
144.94
 10
54.94
 20
144.94
 10
54.94
 20
140.11
 10
50.11
 20
140.11
  0
LWPOLYLINE
100
AcDbEntity
  8
0
100
AcDbPolyline
 90
4
 70
1
 10
55.06
 20
144.94
 10
59.89
 20
144.94
 10
59.89
 20
140.11
 10
55.06
 20
140.11
  0
LWPOLYLINE
100
AcDbEntity
  8
0
100
AcDbPolyline
 90
4
 70
1
 10
60.11
 20
144.94
 10
64.94
 20
144.94
 10
64.94
 20
140.11
 10
60.11
 20
140.11
  0
LWPOLYLINE
100
AcDbEntity
  8
0
100
AcDbPolyline
 90
4
 70
1
 10
65.06
 20
144.94
 10
69.89
 20
144.94
 10
69.89
 20
140.11
 10
65.06
 20
140.11
  0
LWPOLYLINE
100
AcDbEntity
  8
0
100
AcDbPolyline
 90
4
 70
1
 10
70.11
 20
144.94
 10
74.94
 20
144.94
 10
74.94
 20
140.11
 10
70.11
 20
140.11
  0
LWPOLYLINE
100
AcDbEntity
  8
0
100
AcDbPolyline
 90
4
 70
1
 10
75.06
 20
144.94
 10
79.89
 20
144.94
 10
79.89
 20
140.11
 10
75.06
 20
140.11
  0
LWPOLYLINE
100
AcDbEntity
  8
0
100
AcDbPolyline
 90
4
 70
1
 10
80.11
 20
144.94
 10
84.94
 20
144.94
 10
84.94
 20
140.11
 10
80.11
 20
140.11
  0
LWPOLYLINE
100
AcDbEntity
  8
0
100
AcDbPolyline
 90
4
 70
1
 10
85.06
 20
144.94
 10
89.89
 20
144.94
 10
89.89
 20
140.11
 10
85.06
 20
140.11
  0
LWPOLYLINE
100
AcDbEntity
  8
0
100
AcDbPolyline
 90
4
 70
1
 10
90.11
 20
144.94
 10
94.94
 20
144.94
 10
94.94
 20
140.11
 10
90.11
 20
140.11
  0
LWPOLYLINE
100
AcDbEntity
  8
0
100
AcDbPolyline
 90
4
 70
1
 10
95.06
 20
144.94
 10
99.89
 20
144.94
 10
99.89
 20
140.11
 10
95.06
 20
140.11
  0
LWPOLYLINE
100
AcDbEntity
  8
0
100
AcDbPolyline
 90
4
 70
1
 10
100.11
 20
144.94
 10
104.94
 20
144.94
 10
104.94
 20
140.11
 10
100.11
 20
140.11
  0
LWPOLYLINE
100
AcDbEntity
  8
0
100
AcDbPolyline
 90
4
 70
1
 10
-104.94
 20
139.89
 10
-100.11
 20
139.89
 10
-100.11
 20
135.06
 10
-104.94
 20
135.06
  0
LWPOLYLINE
100
AcDbEntity
  8
0
100
AcDbPolyline
 90
4
 70
1
 10
-99.89
 20
139.89
 10
-95.06
 20
139.89
 10
-95.06
 20
135.06
 10
-99.89
 20
135.06
  0
LWPOLYLINE
100
AcDbEntity
  8
0
100
AcDbPolyline
 90
4
 70
1
 10
-94.94
 20
139.89
 10
-90.11
 20
139.89
 10
-90.11
 20
135.06
 10
-94.94
 20
135.06
  0
LWPOLYLINE
100
AcDbEntity
  8
0
100
AcDbPolyline
 90
4
 70
1
 10
-89.89
 20
139.89
 10
-85.06
 20
139.89
 10
-85.06
 20
135.06
 10
-89.89
 20
135.06
  0
LWPOLYLINE
100
AcDbEntity
  8
0
100
AcDbPolyline
 90
4
 70
1
 10
-84.94
 20
139.89
 10
-80.11
 20
139.89
 10
-80.11
 20
135.06
 10
-84.94
 20
135.06
  0
LWPOLYLINE
100
AcDbEntity
  8
0
100
AcDbPolyline
 90
4
 70
1
 10
-79.89
 20
139.89
 10
-75.06
 20
139.89
 10
-75.06
 20
135.06
 10
-79.89
 20
135.06
  0
LWPOLYLINE
100
AcDbEntity
  8
0
100
AcDbPolyline
 90
4
 70
1
 10
-74.94
 20
139.89
 10
-70.11
 20
139.89
 10
-70.11
 20
135.06
 10
-74.94
 20
135.06
  0
LWPOLYLINE
100
AcDbEntity
  8
0
100
AcDbPolyline
 90
4
 70
1
 10
-69.89
 20
139.89
 10
-65.06
 20
139.89
 10
-65.06
 20
135.06
 10
-69.89
 20
135.06
  0
LWPOLYLINE
100
AcDbEntity
  8
0
100
AcDbPolyline
 90
4
 70
1
 10
-64.94
 20
139.89
 10
-60.11
 20
139.89
 10
-60.11
 20
135.06
 10
-64.94
 20
135.06
  0
LWPOLYLINE
100
AcDbEntity
  8
0
100
AcDbPolyline
 90
4
 70
1
 10
-59.89
 20
139.89
 10
-55.06
 20
139.89
 10
-55.06
 20
135.06
 10
-59.89
 20
135.06
  0
LWPOLYLINE
100
AcDbEntity
  8
0
100
AcDbPolyline
 90
4
 70
1
 10
-54.94
 20
139.89
 10
-50.11
 20
139.89
 10
-50.11
 20
135.06
 10
-54.94
 20
135.06
  0
LWPOLYLINE
100
AcDbEntity
  8
0
100
AcDbPolyline
 90
4
 70
1
 10
-49.89
 20
139.89
 10
-45.06
 20
139.89
 10
-45.06
 20
135.06
 10
-49.89
 20
135.06
  0
LWPOLYLINE
100
AcDbEntity
  8
0
100
AcDbPolyline
 90
4
 70
1
 10
-44.94
 20
139.89
 10
-40.11
 20
139.89
 10
-40.11
 20
135.06
 10
-44.94
 20
135.06
  0
LWPOLYLINE
100
AcDbEntity
  8
0
100
AcDbPolyline
 90
4
 70
1
 10
-39.89
 20
139.89
 10
-35.06
 20
139.89
 10
-35.06
 20
135.06
 10
-39.89
 20
135.06
  0
LWPOLYLINE
100
AcDbEntity
  8
0
100
AcDbPolyline
 90
4
 70
1
 10
-34.94
 20
139.89
 10
-30.11
 20
139.89
 10
-30.11
 20
135.06
 10
-34.94
 20
135.06
  0
LWPOLYLINE
100
AcDbEntity
  8
0
100
AcDbPolyline
 90
4
 70
1
 10
-29.89
 20
139.89
 10
-25.06
 20
139.89
 10
-25.06
 20
135.06
 10
-29.89
 20
135.06
  0
LWPOLYLINE
100
AcDbEntity
  8
0
100
AcDbPolyline
 90
4
 70
1
 10
-24.94
 20
139.89
 10
-20.11
 20
139.89
 10
-20.11
 20
135.06
 10
-24.94
 20
135.06
  0
LWPOLYLINE
100
AcDbEntity
  8
0
100
AcDbPolyline
 90
4
 70
1
 10
-19.89
 20
139.89
 10
-15.06
 20
139.89
 10
-15.06
 20
135.06
 10
-19.89
 20
135.06
  0
LWPOLYLINE
100
AcDbEntity
  8
0
100
AcDbPolyline
 90
4
 70
1
 10
-14.94
 20
139.89
 10
-10.11
 20
139.89
 10
-10.11
 20
135.06
 10
-14.94
 20
135.06
  0
LWPOLYLINE
100
AcDbEntity
  8
0
100
AcDbPolyline
 90
4
 70
1
 10
-9.89
 20
139.89
 10
-5.06
 20
139.89
 10
-5.06
 20
135.06
 10
-9.89
 20
135.06
  0
LWPOLYLINE
100
AcDbEntity
  8
0
100
AcDbPolyline
 90
4
 70
1
 10
-4.94
 20
139.89
 10
-0.2
 20
139.89
 10
-0.2
 20
135.06
 10
-4.94
 20
135.06
  0
LWPOLYLINE
100
AcDbEntity
  8
0
100
AcDbPolyline
 90
4
 70
1
 10
0.2
 20
139.89
 10
4.94
 20
139.89
 10
4.94
 20
135.06
 10
0.2
 20
135.06
  0
LWPOLYLINE
100
AcDbEntity
  8
0
100
AcDbPolyline
 90
4
 70
1
 10
5.06
 20
139.89
 10
9.89
 20
139.89
 10
9.89
 20
135.06
 10
5.06
 20
135.06
  0
LWPOLYLINE
100
AcDbEntity
  8
0
100
AcDbPolyline
 90
4
 70
1
 10
10.11
 20
139.89
 10
14.94
 20
139.89
 10
14.94
 20
135.06
 10
10.11
 20
135.06
  0
LWPOLYLINE
100
AcDbEntity
  8
0
100
AcDbPolyline
 90
4
 70
1
 10
15.06
 20
139.89
 10
19.89
 20
139.89
 10
19.89
 20
135.06
 10
15.06
 20
135.06
  0
LWPOLYLINE
100
AcDbEntity
  8
0
100
AcDbPolyline
 90
4
 70
1
 10
20.11
 20
139.89
 10
24.94
 20
139.89
 10
24.94
 20
135.06
 10
20.11
 20
135.06
  0
LWPOLYLINE
100
AcDbEntity
  8
0
100
AcDbPolyline
 90
4
 70
1
 10
25.06
 20
139.89
 10
29.89
 20
139.89
 10
29.89
 20
135.06
 10
25.06
 20
135.06
  0
LWPOLYLINE
100
AcDbEntity
  8
0
100
AcDbPolyline
 90
4
 70
1
 10
30.11
 20
139.89
 10
34.94
 20
139.89
 10
34.94
 20
135.06
 10
30.11
 20
135.06
  0
LWPOLYLINE
100
AcDbEntity
  8
0
100
AcDbPolyline
 90
4
 70
1
 10
35.06
 20
139.89
 10
39.89
 20
139.89
 10
39.89
 20
135.06
 10
35.06
 20
135.06
  0
LWPOLYLINE
100
AcDbEntity
  8
0
100
AcDbPolyline
 90
4
 70
1
 10
40.11
 20
139.89
 10
44.94
 20
139.89
 10
44.94
 20
135.06
 10
40.11
 20
135.06
  0
LWPOLYLINE
100
AcDbEntity
  8
0
100
AcDbPolyline
 90
4
 70
1
 10
45.06
 20
139.89
 10
49.89
 20
139.89
 10
49.89
 20
135.06
 10
45.06
 20
135.06
  0
LWPOLYLINE
100
AcDbEntity
  8
0
100
AcDbPolyline
 90
4
 70
1
 10
50.11
 20
139.89
 10
54.94
 20
139.89
 10
54.94
 20
135.06
 10
50.11
 20
135.06
  0
LWPOLYLINE
100
AcDbEntity
  8
0
100
AcDbPolyline
 90
4
 70
1
 10
55.06
 20
139.89
 10
59.89
 20
139.89
 10
59.89
 20
135.06
 10
55.06
 20
135.06
  0
LWPOLYLINE
100
AcDbEntity
  8
0
100
AcDbPolyline
 90
4
 70
1
 10
60.11
 20
139.89
 10
64.94
 20
139.89
 10
64.94
 20
135.06
 10
60.11
 20
135.06
  0
LWPOLYLINE
100
AcDbEntity
  8
0
100
AcDbPolyline
 90
4
 70
1
 10
65.06
 20
139.89
 10
69.89
 20
139.89
 10
69.89
 20
135.06
 10
65.06
 20
135.06
  0
LWPOLYLINE
100
AcDbEntity
  8
0
100
AcDbPolyline
 90
4
 70
1
 10
70.11
 20
139.89
 10
74.94
 20
139.89
 10
74.94
 20
135.06
 10
70.11
 20
135.06
  0
LWPOLYLINE
100
AcDbEntity
  8
0
100
AcDbPolyline
 90
4
 70
1
 10
75.06
 20
139.89
 10
79.89
 20
139.89
 10
79.89
 20
135.06
 10
75.06
 20
135.06
  0
LWPOLYLINE
100
AcDbEntity
  8
0
100
AcDbPolyline
 90
4
 70
1
 10
80.11
 20
139.89
 10
84.94
 20
139.89
 10
84.94
 20
135.06
 10
80.11
 20
135.06
  0
LWPOLYLINE
100
AcDbEntity
  8
0
100
AcDbPolyline
 90
4
 70
1
 10
85.06
 20
139.89
 10
89.89
 20
139.89
 10
89.89
 20
135.06
 10
85.06
 20
135.06
  0
LWPOLYLINE
100
AcDbEntity
  8
0
100
AcDbPolyline
 90
4
 70
1
 10
90.11
 20
139.89
 10
94.94
 20
139.89
 10
94.94
 20
135.06
 10
90.11
 20
135.06
  0
LWPOLYLINE
100
AcDbEntity
  8
0
100
AcDbPolyline
 90
4
 70
1
 10
95.06
 20
139.89
 10
99.89
 20
139.89
 10
99.89
 20
135.06
 10
95.06
 20
135.06
  0
LWPOLYLINE
100
AcDbEntity
  8
0
100
AcDbPolyline
 90
4
 70
1
 10
100.11
 20
139.89
 10
104.94
 20
139.89
 10
104.94
 20
135.06
 10
100.11
 20
135.06
  0
LWPOLYLINE
100
AcDbEntity
  8
0
100
AcDbPolyline
 90
4
 70
1
 10
-104.94
 20
134.94
 10
-100.11
 20
134.94
 10
-100.11
 20
130.11
 10
-104.94
 20
130.11
  0
LWPOLYLINE
100
AcDbEntity
  8
0
100
AcDbPolyline
 90
4
 70
1
 10
-99.89
 20
134.94
 10
-95.06
 20
134.94
 10
-95.06
 20
130.11
 10
-99.89
 20
130.11
  0
LWPOLYLINE
100
AcDbEntity
  8
0
100
AcDbPolyline
 90
4
 70
1
 10
-94.94
 20
134.94
 10
-90.11
 20
134.94
 10
-90.11
 20
130.11
 10
-94.94
 20
130.11
  0
LWPOLYLINE
100
AcDbEntity
  8
0
100
AcDbPolyline
 90
4
 70
1
 10
-89.89
 20
134.94
 10
-85.06
 20
134.94
 10
-85.06
 20
130.11
 10
-89.89
 20
130.11
  0
LWPOLYLINE
100
AcDbEntity
  8
0
100
AcDbPolyline
 90
4
 70
1
 10
-84.94
 20
134.94
 10
-80.11
 20
134.94
 10
-80.11
 20
130.11
 10
-84.94
 20
130.11
  0
LWPOLYLINE
100
AcDbEntity
  8
0
100
AcDbPolyline
 90
4
 70
1
 10
-79.89
 20
134.94
 10
-75.06
 20
134.94
 10
-75.06
 20
130.11
 10
-79.89
 20
130.11
  0
LWPOLYLINE
100
AcDbEntity
  8
0
100
AcDbPolyline
 90
4
 70
1
 10
-74.94
 20
134.94
 10
-70.11
 20
134.94
 10
-70.11
 20
130.11
 10
-74.94
 20
130.11
  0
LWPOLYLINE
100
AcDbEntity
  8
0
100
AcDbPolyline
 90
4
 70
1
 10
-69.89
 20
134.94
 10
-65.06
 20
134.94
 10
-65.06
 20
130.11
 10
-69.89
 20
130.11
  0
LWPOLYLINE
100
AcDbEntity
  8
0
100
AcDbPolyline
 90
4
 70
1
 10
-64.94
 20
134.94
 10
-60.11
 20
134.94
 10
-60.11
 20
130.11
 10
-64.94
 20
130.11
  0
LWPOLYLINE
100
AcDbEntity
  8
0
100
AcDbPolyline
 90
4
 70
1
 10
-59.89
 20
134.94
 10
-55.06
 20
134.94
 10
-55.06
 20
130.11
 10
-59.89
 20
130.11
  0
LWPOLYLINE
100
AcDbEntity
  8
0
100
AcDbPolyline
 90
4
 70
1
 10
-54.94
 20
134.94
 10
-50.11
 20
134.94
 10
-50.11
 20
130.11
 10
-54.94
 20
130.11
  0
LWPOLYLINE
100
AcDbEntity
  8
0
100
AcDbPolyline
 90
4
 70
1
 10
-49.89
 20
134.94
 10
-45.06
 20
134.94
 10
-45.06
 20
130.11
 10
-49.89
 20
130.11
  0
LWPOLYLINE
100
AcDbEntity
  8
0
100
AcDbPolyline
 90
4
 70
1
 10
-44.94
 20
134.94
 10
-40.11
 20
134.94
 10
-40.11
 20
130.11
 10
-44.94
 20
130.11
  0
LWPOLYLINE
100
AcDbEntity
  8
0
100
AcDbPolyline
 90
4
 70
1
 10
-39.89
 20
134.94
 10
-35.06
 20
134.94
 10
-35.06
 20
130.11
 10
-39.89
 20
130.11
  0
LWPOLYLINE
100
AcDbEntity
  8
0
100
AcDbPolyline
 90
4
 70
1
 10
-34.94
 20
134.94
 10
-30.11
 20
134.94
 10
-30.11
 20
130.11
 10
-34.94
 20
130.11
  0
LWPOLYLINE
100
AcDbEntity
  8
0
100
AcDbPolyline
 90
4
 70
1
 10
-29.89
 20
134.94
 10
-25.06
 20
134.94
 10
-25.06
 20
130.11
 10
-29.89
 20
130.11
  0
LWPOLYLINE
100
AcDbEntity
  8
0
100
AcDbPolyline
 90
4
 70
1
 10
-24.94
 20
134.94
 10
-20.11
 20
134.94
 10
-20.11
 20
130.11
 10
-24.94
 20
130.11
  0
LWPOLYLINE
100
AcDbEntity
  8
0
100
AcDbPolyline
 90
4
 70
1
 10
-19.89
 20
134.94
 10
-15.06
 20
134.94
 10
-15.06
 20
130.11
 10
-19.89
 20
130.11
  0
LWPOLYLINE
100
AcDbEntity
  8
0
100
AcDbPolyline
 90
4
 70
1
 10
-14.94
 20
134.94
 10
-10.11
 20
134.94
 10
-10.11
 20
130.11
 10
-14.94
 20
130.11
  0
LWPOLYLINE
100
AcDbEntity
  8
0
100
AcDbPolyline
 90
4
 70
1
 10
-9.89
 20
134.94
 10
-5.06
 20
134.94
 10
-5.06
 20
130.11
 10
-9.89
 20
130.11
  0
LWPOLYLINE
100
AcDbEntity
  8
0
100
AcDbPolyline
 90
4
 70
1
 10
-4.94
 20
134.94
 10
-0.2
 20
134.94
 10
-0.2
 20
130.11
 10
-4.94
 20
130.11
  0
LWPOLYLINE
100
AcDbEntity
  8
0
100
AcDbPolyline
 90
4
 70
1
 10
0.2
 20
134.94
 10
4.94
 20
134.94
 10
4.94
 20
130.11
 10
0.2
 20
130.11
  0
LWPOLYLINE
100
AcDbEntity
  8
0
100
AcDbPolyline
 90
4
 70
1
 10
5.06
 20
134.94
 10
9.89
 20
134.94
 10
9.89
 20
130.11
 10
5.06
 20
130.11
  0
LWPOLYLINE
100
AcDbEntity
  8
0
100
AcDbPolyline
 90
4
 70
1
 10
10.11
 20
134.94
 10
14.94
 20
134.94
 10
14.94
 20
130.11
 10
10.11
 20
130.11
  0
LWPOLYLINE
100
AcDbEntity
  8
0
100
AcDbPolyline
 90
4
 70
1
 10
15.06
 20
134.94
 10
19.89
 20
134.94
 10
19.89
 20
130.11
 10
15.06
 20
130.11
  0
LWPOLYLINE
100
AcDbEntity
  8
0
100
AcDbPolyline
 90
4
 70
1
 10
20.11
 20
134.94
 10
24.94
 20
134.94
 10
24.94
 20
130.11
 10
20.11
 20
130.11
  0
LWPOLYLINE
100
AcDbEntity
  8
0
100
AcDbPolyline
 90
4
 70
1
 10
25.06
 20
134.94
 10
29.89
 20
134.94
 10
29.89
 20
130.11
 10
25.06
 20
130.11
  0
LWPOLYLINE
100
AcDbEntity
  8
0
100
AcDbPolyline
 90
4
 70
1
 10
30.11
 20
134.94
 10
34.94
 20
134.94
 10
34.94
 20
130.11
 10
30.11
 20
130.11
  0
LWPOLYLINE
100
AcDbEntity
  8
0
100
AcDbPolyline
 90
4
 70
1
 10
35.06
 20
134.94
 10
39.89
 20
134.94
 10
39.89
 20
130.11
 10
35.06
 20
130.11
  0
LWPOLYLINE
100
AcDbEntity
  8
0
100
AcDbPolyline
 90
4
 70
1
 10
40.11
 20
134.94
 10
44.94
 20
134.94
 10
44.94
 20
130.11
 10
40.11
 20
130.11
  0
LWPOLYLINE
100
AcDbEntity
  8
0
100
AcDbPolyline
 90
4
 70
1
 10
45.06
 20
134.94
 10
49.89
 20
134.94
 10
49.89
 20
130.11
 10
45.06
 20
130.11
  0
LWPOLYLINE
100
AcDbEntity
  8
0
100
AcDbPolyline
 90
4
 70
1
 10
50.11
 20
134.94
 10
54.94
 20
134.94
 10
54.94
 20
130.11
 10
50.11
 20
130.11
  0
LWPOLYLINE
100
AcDbEntity
  8
0
100
AcDbPolyline
 90
4
 70
1
 10
55.06
 20
134.94
 10
59.89
 20
134.94
 10
59.89
 20
130.11
 10
55.06
 20
130.11
  0
LWPOLYLINE
100
AcDbEntity
  8
0
100
AcDbPolyline
 90
4
 70
1
 10
60.11
 20
134.94
 10
64.94
 20
134.94
 10
64.94
 20
130.11
 10
60.11
 20
130.11
  0
LWPOLYLINE
100
AcDbEntity
  8
0
100
AcDbPolyline
 90
4
 70
1
 10
65.06
 20
134.94
 10
69.89
 20
134.94
 10
69.89
 20
130.11
 10
65.06
 20
130.11
  0
LWPOLYLINE
100
AcDbEntity
  8
0
100
AcDbPolyline
 90
4
 70
1
 10
70.11
 20
134.94
 10
74.94
 20
134.94
 10
74.94
 20
130.11
 10
70.11
 20
130.11
  0
LWPOLYLINE
100
AcDbEntity
  8
0
100
AcDbPolyline
 90
4
 70
1
 10
75.06
 20
134.94
 10
79.89
 20
134.94
 10
79.89
 20
130.11
 10
75.06
 20
130.11
  0
LWPOLYLINE
100
AcDbEntity
  8
0
100
AcDbPolyline
 90
4
 70
1
 10
80.11
 20
134.94
 10
84.94
 20
134.94
 10
84.94
 20
130.11
 10
80.11
 20
130.11
  0
LWPOLYLINE
100
AcDbEntity
  8
0
100
AcDbPolyline
 90
4
 70
1
 10
85.06
 20
134.94
 10
89.89
 20
134.94
 10
89.89
 20
130.11
 10
85.06
 20
130.11
  0
LWPOLYLINE
100
AcDbEntity
  8
0
100
AcDbPolyline
 90
4
 70
1
 10
90.11
 20
134.94
 10
94.94
 20
134.94
 10
94.94
 20
130.11
 10
90.11
 20
130.11
  0
LWPOLYLINE
100
AcDbEntity
  8
0
100
AcDbPolyline
 90
4
 70
1
 10
95.06
 20
134.94
 10
99.89
 20
134.94
 10
99.89
 20
130.11
 10
95.06
 20
130.11
  0
LWPOLYLINE
100
AcDbEntity
  8
0
100
AcDbPolyline
 90
4
 70
1
 10
100.11
 20
134.94
 10
104.94
 20
134.94
 10
104.94
 20
130.11
 10
100.11
 20
130.11
  0
LWPOLYLINE
100
AcDbEntity
  8
0
100
AcDbPolyline
 90
4
 70
1
 10
-104.94
 20
129.89
 10
-100.11
 20
129.89
 10
-100.11
 20
125.06
 10
-104.94
 20
125.06
  0
LWPOLYLINE
100
AcDbEntity
  8
0
100
AcDbPolyline
 90
4
 70
1
 10
-99.89
 20
129.89
 10
-95.06
 20
129.89
 10
-95.06
 20
125.06
 10
-99.89
 20
125.06
  0
LWPOLYLINE
100
AcDbEntity
  8
0
100
AcDbPolyline
 90
4
 70
1
 10
-94.94
 20
129.89
 10
-90.11
 20
129.89
 10
-90.11
 20
125.06
 10
-94.94
 20
125.06
  0
LWPOLYLINE
100
AcDbEntity
  8
0
100
AcDbPolyline
 90
4
 70
1
 10
-89.89
 20
129.89
 10
-85.06
 20
129.89
 10
-85.06
 20
125.06
 10
-89.89
 20
125.06
  0
LWPOLYLINE
100
AcDbEntity
  8
0
100
AcDbPolyline
 90
4
 70
1
 10
-84.94
 20
129.89
 10
-80.11
 20
129.89
 10
-80.11
 20
125.06
 10
-84.94
 20
125.06
  0
LWPOLYLINE
100
AcDbEntity
  8
0
100
AcDbPolyline
 90
4
 70
1
 10
-79.89
 20
129.89
 10
-75.06
 20
129.89
 10
-75.06
 20
125.06
 10
-79.89
 20
125.06
  0
LWPOLYLINE
100
AcDbEntity
  8
0
100
AcDbPolyline
 90
4
 70
1
 10
-74.94
 20
129.89
 10
-70.11
 20
129.89
 10
-70.11
 20
125.06
 10
-74.94
 20
125.06
  0
LWPOLYLINE
100
AcDbEntity
  8
0
100
AcDbPolyline
 90
4
 70
1
 10
-69.89
 20
129.89
 10
-65.06
 20
129.89
 10
-65.06
 20
125.06
 10
-69.89
 20
125.06
  0
LWPOLYLINE
100
AcDbEntity
  8
0
100
AcDbPolyline
 90
4
 70
1
 10
-64.94
 20
129.89
 10
-60.11
 20
129.89
 10
-60.11
 20
125.06
 10
-64.94
 20
125.06
  0
LWPOLYLINE
100
AcDbEntity
  8
0
100
AcDbPolyline
 90
4
 70
1
 10
-59.89
 20
129.89
 10
-55.06
 20
129.89
 10
-55.06
 20
125.06
 10
-59.89
 20
125.06
  0
LWPOLYLINE
100
AcDbEntity
  8
0
100
AcDbPolyline
 90
4
 70
1
 10
-54.94
 20
129.89
 10
-50.11
 20
129.89
 10
-50.11
 20
125.06
 10
-54.94
 20
125.06
  0
LWPOLYLINE
100
AcDbEntity
  8
0
100
AcDbPolyline
 90
4
 70
1
 10
-49.89
 20
129.89
 10
-45.06
 20
129.89
 10
-45.06
 20
125.06
 10
-49.89
 20
125.06
  0
LWPOLYLINE
100
AcDbEntity
  8
0
100
AcDbPolyline
 90
4
 70
1
 10
-44.94
 20
129.89
 10
-40.11
 20
129.89
 10
-40.11
 20
125.06
 10
-44.94
 20
125.06
  0
LWPOLYLINE
100
AcDbEntity
  8
0
100
AcDbPolyline
 90
4
 70
1
 10
-39.89
 20
129.89
 10
-35.06
 20
129.89
 10
-35.06
 20
125.06
 10
-39.89
 20
125.06
  0
LWPOLYLINE
100
AcDbEntity
  8
0
100
AcDbPolyline
 90
4
 70
1
 10
-34.94
 20
129.89
 10
-30.11
 20
129.89
 10
-30.11
 20
125.06
 10
-34.94
 20
125.06
  0
LWPOLYLINE
100
AcDbEntity
  8
0
100
AcDbPolyline
 90
4
 70
1
 10
-29.89
 20
129.89
 10
-25.06
 20
129.89
 10
-25.06
 20
125.06
 10
-29.89
 20
125.06
  0
LWPOLYLINE
100
AcDbEntity
  8
0
100
AcDbPolyline
 90
4
 70
1
 10
-24.94
 20
129.89
 10
-20.11
 20
129.89
 10
-20.11
 20
125.06
 10
-24.94
 20
125.06
  0
LWPOLYLINE
100
AcDbEntity
  8
0
100
AcDbPolyline
 90
4
 70
1
 10
-19.89
 20
129.89
 10
-15.06
 20
129.89
 10
-15.06
 20
125.06
 10
-19.89
 20
125.06
  0
LWPOLYLINE
100
AcDbEntity
  8
0
100
AcDbPolyline
 90
4
 70
1
 10
-14.94
 20
129.89
 10
-10.11
 20
129.89
 10
-10.11
 20
125.06
 10
-14.94
 20
125.06
  0
LWPOLYLINE
100
AcDbEntity
  8
0
100
AcDbPolyline
 90
4
 70
1
 10
-9.89
 20
129.89
 10
-5.06
 20
129.89
 10
-5.06
 20
125.06
 10
-9.89
 20
125.06
  0
LWPOLYLINE
100
AcDbEntity
  8
0
100
AcDbPolyline
 90
4
 70
1
 10
-4.94
 20
129.89
 10
-0.2
 20
129.89
 10
-0.2
 20
125.06
 10
-4.94
 20
125.06
  0
LWPOLYLINE
100
AcDbEntity
  8
0
100
AcDbPolyline
 90
4
 70
1
 10
0.2
 20
129.89
 10
4.94
 20
129.89
 10
4.94
 20
125.06
 10
0.2
 20
125.06
  0
LWPOLYLINE
100
AcDbEntity
  8
0
100
AcDbPolyline
 90
4
 70
1
 10
5.06
 20
129.89
 10
9.89
 20
129.89
 10
9.89
 20
125.06
 10
5.06
 20
125.06
  0
LWPOLYLINE
100
AcDbEntity
  8
0
100
AcDbPolyline
 90
4
 70
1
 10
10.11
 20
129.89
 10
14.94
 20
129.89
 10
14.94
 20
125.06
 10
10.11
 20
125.06
  0
LWPOLYLINE
100
AcDbEntity
  8
0
100
AcDbPolyline
 90
4
 70
1
 10
15.06
 20
129.89
 10
19.89
 20
129.89
 10
19.89
 20
125.06
 10
15.06
 20
125.06
  0
LWPOLYLINE
100
AcDbEntity
  8
0
100
AcDbPolyline
 90
4
 70
1
 10
20.11
 20
129.89
 10
24.94
 20
129.89
 10
24.94
 20
125.06
 10
20.11
 20
125.06
  0
LWPOLYLINE
100
AcDbEntity
  8
0
100
AcDbPolyline
 90
4
 70
1
 10
25.06
 20
129.89
 10
29.89
 20
129.89
 10
29.89
 20
125.06
 10
25.06
 20
125.06
  0
LWPOLYLINE
100
AcDbEntity
  8
0
100
AcDbPolyline
 90
4
 70
1
 10
30.11
 20
129.89
 10
34.94
 20
129.89
 10
34.94
 20
125.06
 10
30.11
 20
125.06
  0
LWPOLYLINE
100
AcDbEntity
  8
0
100
AcDbPolyline
 90
4
 70
1
 10
35.06
 20
129.89
 10
39.89
 20
129.89
 10
39.89
 20
125.06
 10
35.06
 20
125.06
  0
LWPOLYLINE
100
AcDbEntity
  8
0
100
AcDbPolyline
 90
4
 70
1
 10
40.11
 20
129.89
 10
44.94
 20
129.89
 10
44.94
 20
125.06
 10
40.11
 20
125.06
  0
LWPOLYLINE
100
AcDbEntity
  8
0
100
AcDbPolyline
 90
4
 70
1
 10
45.06
 20
129.89
 10
49.89
 20
129.89
 10
49.89
 20
125.06
 10
45.06
 20
125.06
  0
LWPOLYLINE
100
AcDbEntity
  8
0
100
AcDbPolyline
 90
4
 70
1
 10
50.11
 20
129.89
 10
54.94
 20
129.89
 10
54.94
 20
125.06
 10
50.11
 20
125.06
  0
LWPOLYLINE
100
AcDbEntity
  8
0
100
AcDbPolyline
 90
4
 70
1
 10
55.06
 20
129.89
 10
59.89
 20
129.89
 10
59.89
 20
125.06
 10
55.06
 20
125.06
  0
LWPOLYLINE
100
AcDbEntity
  8
0
100
AcDbPolyline
 90
4
 70
1
 10
60.11
 20
129.89
 10
64.94
 20
129.89
 10
64.94
 20
125.06
 10
60.11
 20
125.06
  0
LWPOLYLINE
100
AcDbEntity
  8
0
100
AcDbPolyline
 90
4
 70
1
 10
65.06
 20
129.89
 10
69.89
 20
129.89
 10
69.89
 20
125.06
 10
65.06
 20
125.06
  0
LWPOLYLINE
100
AcDbEntity
  8
0
100
AcDbPolyline
 90
4
 70
1
 10
70.11
 20
129.89
 10
74.94
 20
129.89
 10
74.94
 20
125.06
 10
70.11
 20
125.06
  0
LWPOLYLINE
100
AcDbEntity
  8
0
100
AcDbPolyline
 90
4
 70
1
 10
75.06
 20
129.89
 10
79.89
 20
129.89
 10
79.89
 20
125.06
 10
75.06
 20
125.06
  0
LWPOLYLINE
100
AcDbEntity
  8
0
100
AcDbPolyline
 90
4
 70
1
 10
80.11
 20
129.89
 10
84.94
 20
129.89
 10
84.94
 20
125.06
 10
80.11
 20
125.06
  0
LWPOLYLINE
100
AcDbEntity
  8
0
100
AcDbPolyline
 90
4
 70
1
 10
85.06
 20
129.89
 10
89.89
 20
129.89
 10
89.89
 20
125.06
 10
85.06
 20
125.06
  0
LWPOLYLINE
100
AcDbEntity
  8
0
100
AcDbPolyline
 90
4
 70
1
 10
90.11
 20
129.89
 10
94.94
 20
129.89
 10
94.94
 20
125.06
 10
90.11
 20
125.06
  0
LWPOLYLINE
100
AcDbEntity
  8
0
100
AcDbPolyline
 90
4
 70
1
 10
95.06
 20
129.89
 10
99.89
 20
129.89
 10
99.89
 20
125.06
 10
95.06
 20
125.06
  0
LWPOLYLINE
100
AcDbEntity
  8
0
100
AcDbPolyline
 90
4
 70
1
 10
100.11
 20
129.89
 10
104.94
 20
129.89
 10
104.94
 20
125.06
 10
100.11
 20
125.06
  0
LWPOLYLINE
100
AcDbEntity
  8
0
100
AcDbPolyline
 90
4
 70
1
 10
-104.94
 20
124.94
 10
-100.11
 20
124.94
 10
-100.11
 20
120.11
 10
-104.94
 20
120.11
  0
LWPOLYLINE
100
AcDbEntity
  8
0
100
AcDbPolyline
 90
4
 70
1
 10
-99.89
 20
124.94
 10
-95.06
 20
124.94
 10
-95.06
 20
120.11
 10
-99.89
 20
120.11
  0
LWPOLYLINE
100
AcDbEntity
  8
0
100
AcDbPolyline
 90
4
 70
1
 10
-94.94
 20
124.94
 10
-90.11
 20
124.94
 10
-90.11
 20
120.11
 10
-94.94
 20
120.11
  0
LWPOLYLINE
100
AcDbEntity
  8
0
100
AcDbPolyline
 90
4
 70
1
 10
-89.89
 20
124.94
 10
-85.06
 20
124.94
 10
-85.06
 20
120.11
 10
-89.89
 20
120.11
  0
LWPOLYLINE
100
AcDbEntity
  8
0
100
AcDbPolyline
 90
4
 70
1
 10
-84.94
 20
124.94
 10
-80.11
 20
124.94
 10
-80.11
 20
120.11
 10
-84.94
 20
120.11
  0
LWPOLYLINE
100
AcDbEntity
  8
0
100
AcDbPolyline
 90
4
 70
1
 10
-79.89
 20
124.94
 10
-75.06
 20
124.94
 10
-75.06
 20
120.11
 10
-79.89
 20
120.11
  0
LWPOLYLINE
100
AcDbEntity
  8
0
100
AcDbPolyline
 90
4
 70
1
 10
-74.94
 20
124.94
 10
-70.11
 20
124.94
 10
-70.11
 20
120.11
 10
-74.94
 20
120.11
  0
LWPOLYLINE
100
AcDbEntity
  8
0
100
AcDbPolyline
 90
4
 70
1
 10
-69.89
 20
124.94
 10
-65.06
 20
124.94
 10
-65.06
 20
120.11
 10
-69.89
 20
120.11
  0
LWPOLYLINE
100
AcDbEntity
  8
0
100
AcDbPolyline
 90
4
 70
1
 10
-64.94
 20
124.94
 10
-60.11
 20
124.94
 10
-60.11
 20
120.11
 10
-64.94
 20
120.11
  0
LWPOLYLINE
100
AcDbEntity
  8
0
100
AcDbPolyline
 90
4
 70
1
 10
-59.89
 20
124.94
 10
-55.06
 20
124.94
 10
-55.06
 20
120.11
 10
-59.89
 20
120.11
  0
LWPOLYLINE
100
AcDbEntity
  8
0
100
AcDbPolyline
 90
4
 70
1
 10
-54.94
 20
124.94
 10
-50.11
 20
124.94
 10
-50.11
 20
120.11
 10
-54.94
 20
120.11
  0
LWPOLYLINE
100
AcDbEntity
  8
0
100
AcDbPolyline
 90
4
 70
1
 10
-49.89
 20
124.94
 10
-45.06
 20
124.94
 10
-45.06
 20
120.11
 10
-49.89
 20
120.11
  0
LWPOLYLINE
100
AcDbEntity
  8
0
100
AcDbPolyline
 90
4
 70
1
 10
-44.94
 20
124.94
 10
-40.11
 20
124.94
 10
-40.11
 20
120.11
 10
-44.94
 20
120.11
  0
LWPOLYLINE
100
AcDbEntity
  8
0
100
AcDbPolyline
 90
4
 70
1
 10
-39.89
 20
124.94
 10
-35.06
 20
124.94
 10
-35.06
 20
120.11
 10
-39.89
 20
120.11
  0
LWPOLYLINE
100
AcDbEntity
  8
0
100
AcDbPolyline
 90
4
 70
1
 10
-34.94
 20
124.94
 10
-30.11
 20
124.94
 10
-30.11
 20
120.11
 10
-34.94
 20
120.11
  0
LWPOLYLINE
100
AcDbEntity
  8
0
100
AcDbPolyline
 90
4
 70
1
 10
-29.89
 20
124.94
 10
-25.06
 20
124.94
 10
-25.06
 20
120.11
 10
-29.89
 20
120.11
  0
LWPOLYLINE
100
AcDbEntity
  8
0
100
AcDbPolyline
 90
4
 70
1
 10
-24.94
 20
124.94
 10
-20.11
 20
124.94
 10
-20.11
 20
120.11
 10
-24.94
 20
120.11
  0
LWPOLYLINE
100
AcDbEntity
  8
0
100
AcDbPolyline
 90
4
 70
1
 10
-19.89
 20
124.94
 10
-15.06
 20
124.94
 10
-15.06
 20
120.11
 10
-19.89
 20
120.11
  0
LWPOLYLINE
100
AcDbEntity
  8
0
100
AcDbPolyline
 90
4
 70
1
 10
-14.94
 20
124.94
 10
-10.11
 20
124.94
 10
-10.11
 20
120.11
 10
-14.94
 20
120.11
  0
LWPOLYLINE
100
AcDbEntity
  8
0
100
AcDbPolyline
 90
4
 70
1
 10
-9.89
 20
124.94
 10
-5.06
 20
124.94
 10
-5.06
 20
120.11
 10
-9.89
 20
120.11
  0
LWPOLYLINE
100
AcDbEntity
  8
0
100
AcDbPolyline
 90
4
 70
1
 10
-4.94
 20
124.94
 10
-0.2
 20
124.94
 10
-0.2
 20
120.11
 10
-4.94
 20
120.11
  0
LWPOLYLINE
100
AcDbEntity
  8
0
100
AcDbPolyline
 90
4
 70
1
 10
0.2
 20
124.94
 10
4.94
 20
124.94
 10
4.94
 20
120.11
 10
0.2
 20
120.11
  0
LWPOLYLINE
100
AcDbEntity
  8
0
100
AcDbPolyline
 90
4
 70
1
 10
5.06
 20
124.94
 10
9.89
 20
124.94
 10
9.89
 20
120.11
 10
5.06
 20
120.11
  0
LWPOLYLINE
100
AcDbEntity
  8
0
100
AcDbPolyline
 90
4
 70
1
 10
10.11
 20
124.94
 10
14.94
 20
124.94
 10
14.94
 20
120.11
 10
10.11
 20
120.11
  0
LWPOLYLINE
100
AcDbEntity
  8
0
100
AcDbPolyline
 90
4
 70
1
 10
15.06
 20
124.94
 10
19.89
 20
124.94
 10
19.89
 20
120.11
 10
15.06
 20
120.11
  0
LWPOLYLINE
100
AcDbEntity
  8
0
100
AcDbPolyline
 90
4
 70
1
 10
20.11
 20
124.94
 10
24.94
 20
124.94
 10
24.94
 20
120.11
 10
20.11
 20
120.11
  0
LWPOLYLINE
100
AcDbEntity
  8
0
100
AcDbPolyline
 90
4
 70
1
 10
25.06
 20
124.94
 10
29.89
 20
124.94
 10
29.89
 20
120.11
 10
25.06
 20
120.11
  0
LWPOLYLINE
100
AcDbEntity
  8
0
100
AcDbPolyline
 90
4
 70
1
 10
30.11
 20
124.94
 10
34.94
 20
124.94
 10
34.94
 20
120.11
 10
30.11
 20
120.11
  0
LWPOLYLINE
100
AcDbEntity
  8
0
100
AcDbPolyline
 90
4
 70
1
 10
35.06
 20
124.94
 10
39.89
 20
124.94
 10
39.89
 20
120.11
 10
35.06
 20
120.11
  0
LWPOLYLINE
100
AcDbEntity
  8
0
100
AcDbPolyline
 90
4
 70
1
 10
40.11
 20
124.94
 10
44.94
 20
124.94
 10
44.94
 20
120.11
 10
40.11
 20
120.11
  0
LWPOLYLINE
100
AcDbEntity
  8
0
100
AcDbPolyline
 90
4
 70
1
 10
45.06
 20
124.94
 10
49.89
 20
124.94
 10
49.89
 20
120.11
 10
45.06
 20
120.11
  0
LWPOLYLINE
100
AcDbEntity
  8
0
100
AcDbPolyline
 90
4
 70
1
 10
50.11
 20
124.94
 10
54.94
 20
124.94
 10
54.94
 20
120.11
 10
50.11
 20
120.11
  0
LWPOLYLINE
100
AcDbEntity
  8
0
100
AcDbPolyline
 90
4
 70
1
 10
55.06
 20
124.94
 10
59.89
 20
124.94
 10
59.89
 20
120.11
 10
55.06
 20
120.11
  0
LWPOLYLINE
100
AcDbEntity
  8
0
100
AcDbPolyline
 90
4
 70
1
 10
60.11
 20
124.94
 10
64.94
 20
124.94
 10
64.94
 20
120.11
 10
60.11
 20
120.11
  0
LWPOLYLINE
100
AcDbEntity
  8
0
100
AcDbPolyline
 90
4
 70
1
 10
65.06
 20
124.94
 10
69.89
 20
124.94
 10
69.89
 20
120.11
 10
65.06
 20
120.11
  0
LWPOLYLINE
100
AcDbEntity
  8
0
100
AcDbPolyline
 90
4
 70
1
 10
70.11
 20
124.94
 10
74.94
 20
124.94
 10
74.94
 20
120.11
 10
70.11
 20
120.11
  0
LWPOLYLINE
100
AcDbEntity
  8
0
100
AcDbPolyline
 90
4
 70
1
 10
75.06
 20
124.94
 10
79.89
 20
124.94
 10
79.89
 20
120.11
 10
75.06
 20
120.11
  0
LWPOLYLINE
100
AcDbEntity
  8
0
100
AcDbPolyline
 90
4
 70
1
 10
80.11
 20
124.94
 10
84.94
 20
124.94
 10
84.94
 20
120.11
 10
80.11
 20
120.11
  0
LWPOLYLINE
100
AcDbEntity
  8
0
100
AcDbPolyline
 90
4
 70
1
 10
85.06
 20
124.94
 10
89.89
 20
124.94
 10
89.89
 20
120.11
 10
85.06
 20
120.11
  0
LWPOLYLINE
100
AcDbEntity
  8
0
100
AcDbPolyline
 90
4
 70
1
 10
90.11
 20
124.94
 10
94.94
 20
124.94
 10
94.94
 20
120.11
 10
90.11
 20
120.11
  0
LWPOLYLINE
100
AcDbEntity
  8
0
100
AcDbPolyline
 90
4
 70
1
 10
95.06
 20
124.94
 10
99.89
 20
124.94
 10
99.89
 20
120.11
 10
95.06
 20
120.11
  0
LWPOLYLINE
100
AcDbEntity
  8
0
100
AcDbPolyline
 90
4
 70
1
 10
100.11
 20
124.94
 10
104.94
 20
124.94
 10
104.94
 20
120.11
 10
100.11
 20
120.11
  0
LWPOLYLINE
100
AcDbEntity
  8
0
100
AcDbPolyline
 90
4
 70
1
 10
-104.94
 20
119.89
 10
-100.11
 20
119.89
 10
-100.11
 20
115.06
 10
-104.94
 20
115.06
  0
LWPOLYLINE
100
AcDbEntity
  8
0
100
AcDbPolyline
 90
4
 70
1
 10
-99.89
 20
119.89
 10
-95.06
 20
119.89
 10
-95.06
 20
115.06
 10
-99.89
 20
115.06
  0
LWPOLYLINE
100
AcDbEntity
  8
0
100
AcDbPolyline
 90
4
 70
1
 10
-94.94
 20
119.89
 10
-90.11
 20
119.89
 10
-90.11
 20
115.06
 10
-94.94
 20
115.06
  0
LWPOLYLINE
100
AcDbEntity
  8
0
100
AcDbPolyline
 90
4
 70
1
 10
-89.89
 20
119.89
 10
-85.06
 20
119.89
 10
-85.06
 20
115.06
 10
-89.89
 20
115.06
  0
LWPOLYLINE
100
AcDbEntity
  8
0
100
AcDbPolyline
 90
4
 70
1
 10
-84.94
 20
119.89
 10
-80.11
 20
119.89
 10
-80.11
 20
115.06
 10
-84.94
 20
115.06
  0
LWPOLYLINE
100
AcDbEntity
  8
0
100
AcDbPolyline
 90
4
 70
1
 10
-79.89
 20
119.89
 10
-75.06
 20
119.89
 10
-75.06
 20
115.06
 10
-79.89
 20
115.06
  0
LWPOLYLINE
100
AcDbEntity
  8
0
100
AcDbPolyline
 90
4
 70
1
 10
-74.94
 20
119.89
 10
-70.11
 20
119.89
 10
-70.11
 20
115.06
 10
-74.94
 20
115.06
  0
LWPOLYLINE
100
AcDbEntity
  8
0
100
AcDbPolyline
 90
4
 70
1
 10
-69.89
 20
119.89
 10
-65.06
 20
119.89
 10
-65.06
 20
115.06
 10
-69.89
 20
115.06
  0
LWPOLYLINE
100
AcDbEntity
  8
0
100
AcDbPolyline
 90
4
 70
1
 10
-64.94
 20
119.89
 10
-60.11
 20
119.89
 10
-60.11
 20
115.06
 10
-64.94
 20
115.06
  0
LWPOLYLINE
100
AcDbEntity
  8
0
100
AcDbPolyline
 90
4
 70
1
 10
-59.89
 20
119.89
 10
-55.06
 20
119.89
 10
-55.06
 20
115.06
 10
-59.89
 20
115.06
  0
LWPOLYLINE
100
AcDbEntity
  8
0
100
AcDbPolyline
 90
4
 70
1
 10
-54.94
 20
119.89
 10
-50.11
 20
119.89
 10
-50.11
 20
115.06
 10
-54.94
 20
115.06
  0
LWPOLYLINE
100
AcDbEntity
  8
0
100
AcDbPolyline
 90
4
 70
1
 10
-49.89
 20
119.89
 10
-45.06
 20
119.89
 10
-45.06
 20
115.06
 10
-49.89
 20
115.06
  0
LWPOLYLINE
100
AcDbEntity
  8
0
100
AcDbPolyline
 90
4
 70
1
 10
-44.94
 20
119.89
 10
-40.11
 20
119.89
 10
-40.11
 20
115.06
 10
-44.94
 20
115.06
  0
LWPOLYLINE
100
AcDbEntity
  8
0
100
AcDbPolyline
 90
4
 70
1
 10
-39.89
 20
119.89
 10
-35.06
 20
119.89
 10
-35.06
 20
115.06
 10
-39.89
 20
115.06
  0
LWPOLYLINE
100
AcDbEntity
  8
0
100
AcDbPolyline
 90
4
 70
1
 10
-34.94
 20
119.89
 10
-30.11
 20
119.89
 10
-30.11
 20
115.06
 10
-34.94
 20
115.06
  0
LWPOLYLINE
100
AcDbEntity
  8
0
100
AcDbPolyline
 90
4
 70
1
 10
-29.89
 20
119.89
 10
-25.06
 20
119.89
 10
-25.06
 20
115.06
 10
-29.89
 20
115.06
  0
LWPOLYLINE
100
AcDbEntity
  8
0
100
AcDbPolyline
 90
4
 70
1
 10
-24.94
 20
119.89
 10
-20.11
 20
119.89
 10
-20.11
 20
115.06
 10
-24.94
 20
115.06
  0
LWPOLYLINE
100
AcDbEntity
  8
0
100
AcDbPolyline
 90
4
 70
1
 10
-19.89
 20
119.89
 10
-15.06
 20
119.89
 10
-15.06
 20
115.06
 10
-19.89
 20
115.06
  0
LWPOLYLINE
100
AcDbEntity
  8
0
100
AcDbPolyline
 90
4
 70
1
 10
-14.94
 20
119.89
 10
-10.11
 20
119.89
 10
-10.11
 20
115.06
 10
-14.94
 20
115.06
  0
LWPOLYLINE
100
AcDbEntity
  8
0
100
AcDbPolyline
 90
4
 70
1
 10
-9.89
 20
119.89
 10
-5.06
 20
119.89
 10
-5.06
 20
115.06
 10
-9.89
 20
115.06
  0
LWPOLYLINE
100
AcDbEntity
  8
0
100
AcDbPolyline
 90
4
 70
1
 10
-4.94
 20
119.89
 10
-0.2
 20
119.89
 10
-0.2
 20
115.06
 10
-4.94
 20
115.06
  0
LWPOLYLINE
100
AcDbEntity
  8
0
100
AcDbPolyline
 90
4
 70
1
 10
0.2
 20
119.89
 10
4.94
 20
119.89
 10
4.94
 20
115.06
 10
0.2
 20
115.06
  0
LWPOLYLINE
100
AcDbEntity
  8
0
100
AcDbPolyline
 90
4
 70
1
 10
5.06
 20
119.89
 10
9.89
 20
119.89
 10
9.89
 20
115.06
 10
5.06
 20
115.06
  0
LWPOLYLINE
100
AcDbEntity
  8
0
100
AcDbPolyline
 90
4
 70
1
 10
10.11
 20
119.89
 10
14.94
 20
119.89
 10
14.94
 20
115.06
 10
10.11
 20
115.06
  0
LWPOLYLINE
100
AcDbEntity
  8
0
100
AcDbPolyline
 90
4
 70
1
 10
15.06
 20
119.89
 10
19.89
 20
119.89
 10
19.89
 20
115.06
 10
15.06
 20
115.06
  0
LWPOLYLINE
100
AcDbEntity
  8
0
100
AcDbPolyline
 90
4
 70
1
 10
20.11
 20
119.89
 10
24.94
 20
119.89
 10
24.94
 20
115.06
 10
20.11
 20
115.06
  0
LWPOLYLINE
100
AcDbEntity
  8
0
100
AcDbPolyline
 90
4
 70
1
 10
25.06
 20
119.89
 10
29.89
 20
119.89
 10
29.89
 20
115.06
 10
25.06
 20
115.06
  0
LWPOLYLINE
100
AcDbEntity
  8
0
100
AcDbPolyline
 90
4
 70
1
 10
30.11
 20
119.89
 10
34.94
 20
119.89
 10
34.94
 20
115.06
 10
30.11
 20
115.06
  0
LWPOLYLINE
100
AcDbEntity
  8
0
100
AcDbPolyline
 90
4
 70
1
 10
35.06
 20
119.89
 10
39.89
 20
119.89
 10
39.89
 20
115.06
 10
35.06
 20
115.06
  0
LWPOLYLINE
100
AcDbEntity
  8
0
100
AcDbPolyline
 90
4
 70
1
 10
40.11
 20
119.89
 10
44.94
 20
119.89
 10
44.94
 20
115.06
 10
40.11
 20
115.06
  0
LWPOLYLINE
100
AcDbEntity
  8
0
100
AcDbPolyline
 90
4
 70
1
 10
45.06
 20
119.89
 10
49.89
 20
119.89
 10
49.89
 20
115.06
 10
45.06
 20
115.06
  0
LWPOLYLINE
100
AcDbEntity
  8
0
100
AcDbPolyline
 90
4
 70
1
 10
50.11
 20
119.89
 10
54.94
 20
119.89
 10
54.94
 20
115.06
 10
50.11
 20
115.06
  0
LWPOLYLINE
100
AcDbEntity
  8
0
100
AcDbPolyline
 90
4
 70
1
 10
55.06
 20
119.89
 10
59.89
 20
119.89
 10
59.89
 20
115.06
 10
55.06
 20
115.06
  0
LWPOLYLINE
100
AcDbEntity
  8
0
100
AcDbPolyline
 90
4
 70
1
 10
60.11
 20
119.89
 10
64.94
 20
119.89
 10
64.94
 20
115.06
 10
60.11
 20
115.06
  0
LWPOLYLINE
100
AcDbEntity
  8
0
100
AcDbPolyline
 90
4
 70
1
 10
65.06
 20
119.89
 10
69.89
 20
119.89
 10
69.89
 20
115.06
 10
65.06
 20
115.06
  0
LWPOLYLINE
100
AcDbEntity
  8
0
100
AcDbPolyline
 90
4
 70
1
 10
70.11
 20
119.89
 10
74.94
 20
119.89
 10
74.94
 20
115.06
 10
70.11
 20
115.06
  0
LWPOLYLINE
100
AcDbEntity
  8
0
100
AcDbPolyline
 90
4
 70
1
 10
75.06
 20
119.89
 10
79.89
 20
119.89
 10
79.89
 20
115.06
 10
75.06
 20
115.06
  0
LWPOLYLINE
100
AcDbEntity
  8
0
100
AcDbPolyline
 90
4
 70
1
 10
80.11
 20
119.89
 10
84.94
 20
119.89
 10
84.94
 20
115.06
 10
80.11
 20
115.06
  0
LWPOLYLINE
100
AcDbEntity
  8
0
100
AcDbPolyline
 90
4
 70
1
 10
85.06
 20
119.89
 10
89.89
 20
119.89
 10
89.89
 20
115.06
 10
85.06
 20
115.06
  0
LWPOLYLINE
100
AcDbEntity
  8
0
100
AcDbPolyline
 90
4
 70
1
 10
90.11
 20
119.89
 10
94.94
 20
119.89
 10
94.94
 20
115.06
 10
90.11
 20
115.06
  0
LWPOLYLINE
100
AcDbEntity
  8
0
100
AcDbPolyline
 90
4
 70
1
 10
95.06
 20
119.89
 10
99.89
 20
119.89
 10
99.89
 20
115.06
 10
95.06
 20
115.06
  0
LWPOLYLINE
100
AcDbEntity
  8
0
100
AcDbPolyline
 90
4
 70
1
 10
100.11
 20
119.89
 10
104.94
 20
119.89
 10
104.94
 20
115.06
 10
100.11
 20
115.06
  0
LWPOLYLINE
100
AcDbEntity
  8
0
100
AcDbPolyline
 90
4
 70
1
 10
-104.94
 20
114.94
 10
-100.11
 20
114.94
 10
-100.11
 20
110.11
 10
-104.94
 20
110.11
  0
LWPOLYLINE
100
AcDbEntity
  8
0
100
AcDbPolyline
 90
4
 70
1
 10
-99.89
 20
114.94
 10
-95.06
 20
114.94
 10
-95.06
 20
110.11
 10
-99.89
 20
110.11
  0
LWPOLYLINE
100
AcDbEntity
  8
0
100
AcDbPolyline
 90
4
 70
1
 10
-94.94
 20
114.94
 10
-90.11
 20
114.94
 10
-90.11
 20
110.11
 10
-94.94
 20
110.11
  0
LWPOLYLINE
100
AcDbEntity
  8
0
100
AcDbPolyline
 90
4
 70
1
 10
-89.89
 20
114.94
 10
-85.06
 20
114.94
 10
-85.06
 20
110.11
 10
-89.89
 20
110.11
  0
LWPOLYLINE
100
AcDbEntity
  8
0
100
AcDbPolyline
 90
4
 70
1
 10
-84.94
 20
114.94
 10
-80.11
 20
114.94
 10
-80.11
 20
110.11
 10
-84.94
 20
110.11
  0
LWPOLYLINE
100
AcDbEntity
  8
0
100
AcDbPolyline
 90
4
 70
1
 10
-79.89
 20
114.94
 10
-75.06
 20
114.94
 10
-75.06
 20
110.11
 10
-79.89
 20
110.11
  0
LWPOLYLINE
100
AcDbEntity
  8
0
100
AcDbPolyline
 90
4
 70
1
 10
-74.94
 20
114.94
 10
-70.11
 20
114.94
 10
-70.11
 20
110.11
 10
-74.94
 20
110.11
  0
LWPOLYLINE
100
AcDbEntity
  8
0
100
AcDbPolyline
 90
4
 70
1
 10
-69.89
 20
114.94
 10
-65.06
 20
114.94
 10
-65.06
 20
110.11
 10
-69.89
 20
110.11
  0
LWPOLYLINE
100
AcDbEntity
  8
0
100
AcDbPolyline
 90
4
 70
1
 10
-64.94
 20
114.94
 10
-60.11
 20
114.94
 10
-60.11
 20
110.11
 10
-64.94
 20
110.11
  0
LWPOLYLINE
100
AcDbEntity
  8
0
100
AcDbPolyline
 90
4
 70
1
 10
-59.89
 20
114.94
 10
-55.06
 20
114.94
 10
-55.06
 20
110.11
 10
-59.89
 20
110.11
  0
LWPOLYLINE
100
AcDbEntity
  8
0
100
AcDbPolyline
 90
4
 70
1
 10
-54.94
 20
114.94
 10
-50.11
 20
114.94
 10
-50.11
 20
110.11
 10
-54.94
 20
110.11
  0
LWPOLYLINE
100
AcDbEntity
  8
0
100
AcDbPolyline
 90
4
 70
1
 10
-49.89
 20
114.94
 10
-45.06
 20
114.94
 10
-45.06
 20
110.11
 10
-49.89
 20
110.11
  0
LWPOLYLINE
100
AcDbEntity
  8
0
100
AcDbPolyline
 90
4
 70
1
 10
-44.94
 20
114.94
 10
-40.11
 20
114.94
 10
-40.11
 20
110.11
 10
-44.94
 20
110.11
  0
LWPOLYLINE
100
AcDbEntity
  8
0
100
AcDbPolyline
 90
4
 70
1
 10
-39.89
 20
114.94
 10
-35.06
 20
114.94
 10
-35.06
 20
110.11
 10
-39.89
 20
110.11
  0
LWPOLYLINE
100
AcDbEntity
  8
0
100
AcDbPolyline
 90
4
 70
1
 10
-34.94
 20
114.94
 10
-30.11
 20
114.94
 10
-30.11
 20
110.11
 10
-34.94
 20
110.11
  0
LWPOLYLINE
100
AcDbEntity
  8
0
100
AcDbPolyline
 90
4
 70
1
 10
-29.89
 20
114.94
 10
-25.06
 20
114.94
 10
-25.06
 20
110.11
 10
-29.89
 20
110.11
  0
LWPOLYLINE
100
AcDbEntity
  8
0
100
AcDbPolyline
 90
4
 70
1
 10
-24.94
 20
114.94
 10
-20.11
 20
114.94
 10
-20.11
 20
110.11
 10
-24.94
 20
110.11
  0
LWPOLYLINE
100
AcDbEntity
  8
0
100
AcDbPolyline
 90
4
 70
1
 10
-19.89
 20
114.94
 10
-15.06
 20
114.94
 10
-15.06
 20
110.11
 10
-19.89
 20
110.11
  0
LWPOLYLINE
100
AcDbEntity
  8
0
100
AcDbPolyline
 90
4
 70
1
 10
-14.94
 20
114.94
 10
-10.11
 20
114.94
 10
-10.11
 20
110.11
 10
-14.94
 20
110.11
  0
LWPOLYLINE
100
AcDbEntity
  8
0
100
AcDbPolyline
 90
4
 70
1
 10
-9.89
 20
114.94
 10
-5.06
 20
114.94
 10
-5.06
 20
110.11
 10
-9.89
 20
110.11
  0
LWPOLYLINE
100
AcDbEntity
  8
0
100
AcDbPolyline
 90
4
 70
1
 10
-4.94
 20
114.94
 10
-0.2
 20
114.94
 10
-0.2
 20
110.11
 10
-4.94
 20
110.11
  0
LWPOLYLINE
100
AcDbEntity
  8
0
100
AcDbPolyline
 90
4
 70
1
 10
0.2
 20
114.94
 10
4.94
 20
114.94
 10
4.94
 20
110.11
 10
0.2
 20
110.11
  0
LWPOLYLINE
100
AcDbEntity
  8
0
100
AcDbPolyline
 90
4
 70
1
 10
5.06
 20
114.94
 10
9.89
 20
114.94
 10
9.89
 20
110.11
 10
5.06
 20
110.11
  0
LWPOLYLINE
100
AcDbEntity
  8
0
100
AcDbPolyline
 90
4
 70
1
 10
10.11
 20
114.94
 10
14.94
 20
114.94
 10
14.94
 20
110.11
 10
10.11
 20
110.11
  0
LWPOLYLINE
100
AcDbEntity
  8
0
100
AcDbPolyline
 90
4
 70
1
 10
15.06
 20
114.94
 10
19.89
 20
114.94
 10
19.89
 20
110.11
 10
15.06
 20
110.11
  0
LWPOLYLINE
100
AcDbEntity
  8
0
100
AcDbPolyline
 90
4
 70
1
 10
20.11
 20
114.94
 10
24.94
 20
114.94
 10
24.94
 20
110.11
 10
20.11
 20
110.11
  0
LWPOLYLINE
100
AcDbEntity
  8
0
100
AcDbPolyline
 90
4
 70
1
 10
25.06
 20
114.94
 10
29.89
 20
114.94
 10
29.89
 20
110.11
 10
25.06
 20
110.11
  0
LWPOLYLINE
100
AcDbEntity
  8
0
100
AcDbPolyline
 90
4
 70
1
 10
30.11
 20
114.94
 10
34.94
 20
114.94
 10
34.94
 20
110.11
 10
30.11
 20
110.11
  0
LWPOLYLINE
100
AcDbEntity
  8
0
100
AcDbPolyline
 90
4
 70
1
 10
35.06
 20
114.94
 10
39.89
 20
114.94
 10
39.89
 20
110.11
 10
35.06
 20
110.11
  0
LWPOLYLINE
100
AcDbEntity
  8
0
100
AcDbPolyline
 90
4
 70
1
 10
40.11
 20
114.94
 10
44.94
 20
114.94
 10
44.94
 20
110.11
 10
40.11
 20
110.11
  0
LWPOLYLINE
100
AcDbEntity
  8
0
100
AcDbPolyline
 90
4
 70
1
 10
45.06
 20
114.94
 10
49.89
 20
114.94
 10
49.89
 20
110.11
 10
45.06
 20
110.11
  0
LWPOLYLINE
100
AcDbEntity
  8
0
100
AcDbPolyline
 90
4
 70
1
 10
50.11
 20
114.94
 10
54.94
 20
114.94
 10
54.94
 20
110.11
 10
50.11
 20
110.11
  0
LWPOLYLINE
100
AcDbEntity
  8
0
100
AcDbPolyline
 90
4
 70
1
 10
55.06
 20
114.94
 10
59.89
 20
114.94
 10
59.89
 20
110.11
 10
55.06
 20
110.11
  0
LWPOLYLINE
100
AcDbEntity
  8
0
100
AcDbPolyline
 90
4
 70
1
 10
60.11
 20
114.94
 10
64.94
 20
114.94
 10
64.94
 20
110.11
 10
60.11
 20
110.11
  0
LWPOLYLINE
100
AcDbEntity
  8
0
100
AcDbPolyline
 90
4
 70
1
 10
65.06
 20
114.94
 10
69.89
 20
114.94
 10
69.89
 20
110.11
 10
65.06
 20
110.11
  0
LWPOLYLINE
100
AcDbEntity
  8
0
100
AcDbPolyline
 90
4
 70
1
 10
70.11
 20
114.94
 10
74.94
 20
114.94
 10
74.94
 20
110.11
 10
70.11
 20
110.11
  0
LWPOLYLINE
100
AcDbEntity
  8
0
100
AcDbPolyline
 90
4
 70
1
 10
75.06
 20
114.94
 10
79.89
 20
114.94
 10
79.89
 20
110.11
 10
75.06
 20
110.11
  0
LWPOLYLINE
100
AcDbEntity
  8
0
100
AcDbPolyline
 90
4
 70
1
 10
80.11
 20
114.94
 10
84.94
 20
114.94
 10
84.94
 20
110.11
 10
80.11
 20
110.11
  0
LWPOLYLINE
100
AcDbEntity
  8
0
100
AcDbPolyline
 90
4
 70
1
 10
85.06
 20
114.94
 10
89.89
 20
114.94
 10
89.89
 20
110.11
 10
85.06
 20
110.11
  0
LWPOLYLINE
100
AcDbEntity
  8
0
100
AcDbPolyline
 90
4
 70
1
 10
90.11
 20
114.94
 10
94.94
 20
114.94
 10
94.94
 20
110.11
 10
90.11
 20
110.11
  0
LWPOLYLINE
100
AcDbEntity
  8
0
100
AcDbPolyline
 90
4
 70
1
 10
95.06
 20
114.94
 10
99.89
 20
114.94
 10
99.89
 20
110.11
 10
95.06
 20
110.11
  0
LWPOLYLINE
100
AcDbEntity
  8
0
100
AcDbPolyline
 90
4
 70
1
 10
100.11
 20
114.94
 10
104.94
 20
114.94
 10
104.94
 20
110.11
 10
100.11
 20
110.11
  0
LWPOLYLINE
100
AcDbEntity
  8
0
100
AcDbPolyline
 90
4
 70
1
 10
-104.94
 20
109.89
 10
-100.11
 20
109.89
 10
-100.11
 20
105.06
 10
-104.94
 20
105.06
  0
LWPOLYLINE
100
AcDbEntity
  8
0
100
AcDbPolyline
 90
4
 70
1
 10
-99.89
 20
109.89
 10
-95.06
 20
109.89
 10
-95.06
 20
105.06
 10
-99.89
 20
105.06
  0
LWPOLYLINE
100
AcDbEntity
  8
0
100
AcDbPolyline
 90
4
 70
1
 10
-94.94
 20
109.89
 10
-90.11
 20
109.89
 10
-90.11
 20
105.06
 10
-94.94
 20
105.06
  0
LWPOLYLINE
100
AcDbEntity
  8
0
100
AcDbPolyline
 90
4
 70
1
 10
-89.89
 20
109.89
 10
-85.06
 20
109.89
 10
-85.06
 20
105.06
 10
-89.89
 20
105.06
  0
LWPOLYLINE
100
AcDbEntity
  8
0
100
AcDbPolyline
 90
4
 70
1
 10
-84.94
 20
109.89
 10
-80.11
 20
109.89
 10
-80.11
 20
105.06
 10
-84.94
 20
105.06
  0
LWPOLYLINE
100
AcDbEntity
  8
0
100
AcDbPolyline
 90
4
 70
1
 10
-79.89
 20
109.89
 10
-75.06
 20
109.89
 10
-75.06
 20
105.06
 10
-79.89
 20
105.06
  0
LWPOLYLINE
100
AcDbEntity
  8
0
100
AcDbPolyline
 90
4
 70
1
 10
-74.94
 20
109.89
 10
-70.11
 20
109.89
 10
-70.11
 20
105.06
 10
-74.94
 20
105.06
  0
LWPOLYLINE
100
AcDbEntity
  8
0
100
AcDbPolyline
 90
4
 70
1
 10
-69.89
 20
109.89
 10
-65.06
 20
109.89
 10
-65.06
 20
105.06
 10
-69.89
 20
105.06
  0
LWPOLYLINE
100
AcDbEntity
  8
0
100
AcDbPolyline
 90
4
 70
1
 10
-64.94
 20
109.89
 10
-60.11
 20
109.89
 10
-60.11
 20
105.06
 10
-64.94
 20
105.06
  0
LWPOLYLINE
100
AcDbEntity
  8
0
100
AcDbPolyline
 90
4
 70
1
 10
-59.89
 20
109.89
 10
-55.06
 20
109.89
 10
-55.06
 20
105.06
 10
-59.89
 20
105.06
  0
LWPOLYLINE
100
AcDbEntity
  8
0
100
AcDbPolyline
 90
4
 70
1
 10
-54.94
 20
109.89
 10
-50.11
 20
109.89
 10
-50.11
 20
105.06
 10
-54.94
 20
105.06
  0
LWPOLYLINE
100
AcDbEntity
  8
0
100
AcDbPolyline
 90
4
 70
1
 10
-49.89
 20
109.89
 10
-45.06
 20
109.89
 10
-45.06
 20
105.06
 10
-49.89
 20
105.06
  0
LWPOLYLINE
100
AcDbEntity
  8
0
100
AcDbPolyline
 90
4
 70
1
 10
-44.94
 20
109.89
 10
-40.11
 20
109.89
 10
-40.11
 20
105.06
 10
-44.94
 20
105.06
  0
LWPOLYLINE
100
AcDbEntity
  8
0
100
AcDbPolyline
 90
4
 70
1
 10
-39.89
 20
109.89
 10
-35.06
 20
109.89
 10
-35.06
 20
105.06
 10
-39.89
 20
105.06
  0
LWPOLYLINE
100
AcDbEntity
  8
0
100
AcDbPolyline
 90
4
 70
1
 10
-34.94
 20
109.89
 10
-30.11
 20
109.89
 10
-30.11
 20
105.06
 10
-34.94
 20
105.06
  0
LWPOLYLINE
100
AcDbEntity
  8
0
100
AcDbPolyline
 90
4
 70
1
 10
-29.89
 20
109.89
 10
-25.06
 20
109.89
 10
-25.06
 20
105.06
 10
-29.89
 20
105.06
  0
LWPOLYLINE
100
AcDbEntity
  8
0
100
AcDbPolyline
 90
4
 70
1
 10
-24.94
 20
109.89
 10
-20.11
 20
109.89
 10
-20.11
 20
105.06
 10
-24.94
 20
105.06
  0
LWPOLYLINE
100
AcDbEntity
  8
0
100
AcDbPolyline
 90
4
 70
1
 10
-19.89
 20
109.89
 10
-15.06
 20
109.89
 10
-15.06
 20
105.06
 10
-19.89
 20
105.06
  0
LWPOLYLINE
100
AcDbEntity
  8
0
100
AcDbPolyline
 90
4
 70
1
 10
-14.94
 20
109.89
 10
-10.11
 20
109.89
 10
-10.11
 20
105.06
 10
-14.94
 20
105.06
  0
LWPOLYLINE
100
AcDbEntity
  8
0
100
AcDbPolyline
 90
4
 70
1
 10
-9.89
 20
109.89
 10
-5.06
 20
109.89
 10
-5.06
 20
105.06
 10
-9.89
 20
105.06
  0
LWPOLYLINE
100
AcDbEntity
  8
0
100
AcDbPolyline
 90
4
 70
1
 10
-4.94
 20
109.89
 10
-0.2
 20
109.89
 10
-0.2
 20
105.06
 10
-4.94
 20
105.06
  0
LWPOLYLINE
100
AcDbEntity
  8
0
100
AcDbPolyline
 90
4
 70
1
 10
0.2
 20
109.89
 10
4.94
 20
109.89
 10
4.94
 20
105.06
 10
0.2
 20
105.06
  0
LWPOLYLINE
100
AcDbEntity
  8
0
100
AcDbPolyline
 90
4
 70
1
 10
5.06
 20
109.89
 10
9.89
 20
109.89
 10
9.89
 20
105.06
 10
5.06
 20
105.06
  0
LWPOLYLINE
100
AcDbEntity
  8
0
100
AcDbPolyline
 90
4
 70
1
 10
10.11
 20
109.89
 10
14.94
 20
109.89
 10
14.94
 20
105.06
 10
10.11
 20
105.06
  0
LWPOLYLINE
100
AcDbEntity
  8
0
100
AcDbPolyline
 90
4
 70
1
 10
15.06
 20
109.89
 10
19.89
 20
109.89
 10
19.89
 20
105.06
 10
15.06
 20
105.06
  0
LWPOLYLINE
100
AcDbEntity
  8
0
100
AcDbPolyline
 90
4
 70
1
 10
20.11
 20
109.89
 10
24.94
 20
109.89
 10
24.94
 20
105.06
 10
20.11
 20
105.06
  0
LWPOLYLINE
100
AcDbEntity
  8
0
100
AcDbPolyline
 90
4
 70
1
 10
25.06
 20
109.89
 10
29.89
 20
109.89
 10
29.89
 20
105.06
 10
25.06
 20
105.06
  0
LWPOLYLINE
100
AcDbEntity
  8
0
100
AcDbPolyline
 90
4
 70
1
 10
30.11
 20
109.89
 10
34.94
 20
109.89
 10
34.94
 20
105.06
 10
30.11
 20
105.06
  0
LWPOLYLINE
100
AcDbEntity
  8
0
100
AcDbPolyline
 90
4
 70
1
 10
35.06
 20
109.89
 10
39.89
 20
109.89
 10
39.89
 20
105.06
 10
35.06
 20
105.06
  0
LWPOLYLINE
100
AcDbEntity
  8
0
100
AcDbPolyline
 90
4
 70
1
 10
40.11
 20
109.89
 10
44.94
 20
109.89
 10
44.94
 20
105.06
 10
40.11
 20
105.06
  0
LWPOLYLINE
100
AcDbEntity
  8
0
100
AcDbPolyline
 90
4
 70
1
 10
45.06
 20
109.89
 10
49.89
 20
109.89
 10
49.89
 20
105.06
 10
45.06
 20
105.06
  0
LWPOLYLINE
100
AcDbEntity
  8
0
100
AcDbPolyline
 90
4
 70
1
 10
50.11
 20
109.89
 10
54.94
 20
109.89
 10
54.94
 20
105.06
 10
50.11
 20
105.06
  0
LWPOLYLINE
100
AcDbEntity
  8
0
100
AcDbPolyline
 90
4
 70
1
 10
55.06
 20
109.89
 10
59.89
 20
109.89
 10
59.89
 20
105.06
 10
55.06
 20
105.06
  0
LWPOLYLINE
100
AcDbEntity
  8
0
100
AcDbPolyline
 90
4
 70
1
 10
60.11
 20
109.89
 10
64.94
 20
109.89
 10
64.94
 20
105.06
 10
60.11
 20
105.06
  0
LWPOLYLINE
100
AcDbEntity
  8
0
100
AcDbPolyline
 90
4
 70
1
 10
65.06
 20
109.89
 10
69.89
 20
109.89
 10
69.89
 20
105.06
 10
65.06
 20
105.06
  0
LWPOLYLINE
100
AcDbEntity
  8
0
100
AcDbPolyline
 90
4
 70
1
 10
70.11
 20
109.89
 10
74.94
 20
109.89
 10
74.94
 20
105.06
 10
70.11
 20
105.06
  0
LWPOLYLINE
100
AcDbEntity
  8
0
100
AcDbPolyline
 90
4
 70
1
 10
75.06
 20
109.89
 10
79.89
 20
109.89
 10
79.89
 20
105.06
 10
75.06
 20
105.06
  0
LWPOLYLINE
100
AcDbEntity
  8
0
100
AcDbPolyline
 90
4
 70
1
 10
80.11
 20
109.89
 10
84.94
 20
109.89
 10
84.94
 20
105.06
 10
80.11
 20
105.06
  0
LWPOLYLINE
100
AcDbEntity
  8
0
100
AcDbPolyline
 90
4
 70
1
 10
85.06
 20
109.89
 10
89.89
 20
109.89
 10
89.89
 20
105.06
 10
85.06
 20
105.06
  0
LWPOLYLINE
100
AcDbEntity
  8
0
100
AcDbPolyline
 90
4
 70
1
 10
90.11
 20
109.89
 10
94.94
 20
109.89
 10
94.94
 20
105.06
 10
90.11
 20
105.06
  0
LWPOLYLINE
100
AcDbEntity
  8
0
100
AcDbPolyline
 90
4
 70
1
 10
95.06
 20
109.89
 10
99.89
 20
109.89
 10
99.89
 20
105.06
 10
95.06
 20
105.06
  0
LWPOLYLINE
100
AcDbEntity
  8
0
100
AcDbPolyline
 90
4
 70
1
 10
100.11
 20
109.89
 10
104.94
 20
109.89
 10
104.94
 20
105.06
 10
100.11
 20
105.06
  0
LWPOLYLINE
100
AcDbEntity
  8
0
100
AcDbPolyline
 90
4
 70
1
 10
-104.94
 20
104.94
 10
-100.11
 20
104.94
 10
-100.11
 20
100.11
 10
-104.94
 20
100.11
  0
LWPOLYLINE
100
AcDbEntity
  8
0
100
AcDbPolyline
 90
4
 70
1
 10
-99.89
 20
104.94
 10
-95.06
 20
104.94
 10
-95.06
 20
100.11
 10
-99.89
 20
100.11
  0
LWPOLYLINE
100
AcDbEntity
  8
0
100
AcDbPolyline
 90
4
 70
1
 10
-94.94
 20
104.94
 10
-90.11
 20
104.94
 10
-90.11
 20
100.11
 10
-94.94
 20
100.11
  0
LWPOLYLINE
100
AcDbEntity
  8
0
100
AcDbPolyline
 90
4
 70
1
 10
-89.89
 20
104.94
 10
-85.06
 20
104.94
 10
-85.06
 20
100.11
 10
-89.89
 20
100.11
  0
LWPOLYLINE
100
AcDbEntity
  8
0
100
AcDbPolyline
 90
4
 70
1
 10
-84.94
 20
104.94
 10
-80.11
 20
104.94
 10
-80.11
 20
100.11
 10
-84.94
 20
100.11
  0
LWPOLYLINE
100
AcDbEntity
  8
0
100
AcDbPolyline
 90
4
 70
1
 10
-79.89
 20
104.94
 10
-75.06
 20
104.94
 10
-75.06
 20
100.11
 10
-79.89
 20
100.11
  0
LWPOLYLINE
100
AcDbEntity
  8
0
100
AcDbPolyline
 90
4
 70
1
 10
-74.94
 20
104.94
 10
-70.11
 20
104.94
 10
-70.11
 20
100.11
 10
-74.94
 20
100.11
  0
LWPOLYLINE
100
AcDbEntity
  8
0
100
AcDbPolyline
 90
4
 70
1
 10
-69.89
 20
104.94
 10
-65.06
 20
104.94
 10
-65.06
 20
100.11
 10
-69.89
 20
100.11
  0
LWPOLYLINE
100
AcDbEntity
  8
0
100
AcDbPolyline
 90
4
 70
1
 10
-64.94
 20
104.94
 10
-60.11
 20
104.94
 10
-60.11
 20
100.11
 10
-64.94
 20
100.11
  0
LWPOLYLINE
100
AcDbEntity
  8
0
100
AcDbPolyline
 90
4
 70
1
 10
-59.89
 20
104.94
 10
-55.06
 20
104.94
 10
-55.06
 20
100.11
 10
-59.89
 20
100.11
  0
LWPOLYLINE
100
AcDbEntity
  8
0
100
AcDbPolyline
 90
4
 70
1
 10
-54.94
 20
104.94
 10
-50.11
 20
104.94
 10
-50.11
 20
100.11
 10
-54.94
 20
100.11
  0
LWPOLYLINE
100
AcDbEntity
  8
0
100
AcDbPolyline
 90
4
 70
1
 10
-49.89
 20
104.94
 10
-45.06
 20
104.94
 10
-45.06
 20
100.11
 10
-49.89
 20
100.11
  0
LWPOLYLINE
100
AcDbEntity
  8
0
100
AcDbPolyline
 90
4
 70
1
 10
-44.94
 20
104.94
 10
-40.11
 20
104.94
 10
-40.11
 20
100.11
 10
-44.94
 20
100.11
  0
LWPOLYLINE
100
AcDbEntity
  8
0
100
AcDbPolyline
 90
4
 70
1
 10
-39.89
 20
104.94
 10
-35.06
 20
104.94
 10
-35.06
 20
100.11
 10
-39.89
 20
100.11
  0
LWPOLYLINE
100
AcDbEntity
  8
0
100
AcDbPolyline
 90
4
 70
1
 10
-34.94
 20
104.94
 10
-30.11
 20
104.94
 10
-30.11
 20
100.11
 10
-34.94
 20
100.11
  0
LWPOLYLINE
100
AcDbEntity
  8
0
100
AcDbPolyline
 90
4
 70
1
 10
-29.89
 20
104.94
 10
-25.06
 20
104.94
 10
-25.06
 20
100.11
 10
-29.89
 20
100.11
  0
LWPOLYLINE
100
AcDbEntity
  8
0
100
AcDbPolyline
 90
4
 70
1
 10
-24.94
 20
104.94
 10
-20.11
 20
104.94
 10
-20.11
 20
100.11
 10
-24.94
 20
100.11
  0
LWPOLYLINE
100
AcDbEntity
  8
0
100
AcDbPolyline
 90
4
 70
1
 10
-19.89
 20
104.94
 10
-15.06
 20
104.94
 10
-15.06
 20
100.11
 10
-19.89
 20
100.11
  0
LWPOLYLINE
100
AcDbEntity
  8
0
100
AcDbPolyline
 90
4
 70
1
 10
-14.94
 20
104.94
 10
-10.11
 20
104.94
 10
-10.11
 20
100.11
 10
-14.94
 20
100.11
  0
LWPOLYLINE
100
AcDbEntity
  8
0
100
AcDbPolyline
 90
4
 70
1
 10
-9.89
 20
104.94
 10
-5.06
 20
104.94
 10
-5.06
 20
100.11
 10
-9.89
 20
100.11
  0
LWPOLYLINE
100
AcDbEntity
  8
0
100
AcDbPolyline
 90
4
 70
1
 10
-4.94
 20
104.94
 10
-0.2
 20
104.94
 10
-0.2
 20
100.11
 10
-4.94
 20
100.11
  0
LWPOLYLINE
100
AcDbEntity
  8
0
100
AcDbPolyline
 90
4
 70
1
 10
0.2
 20
104.94
 10
4.94
 20
104.94
 10
4.94
 20
100.11
 10
0.2
 20
100.11
  0
LWPOLYLINE
100
AcDbEntity
  8
0
100
AcDbPolyline
 90
4
 70
1
 10
5.06
 20
104.94
 10
9.89
 20
104.94
 10
9.89
 20
100.11
 10
5.06
 20
100.11
  0
LWPOLYLINE
100
AcDbEntity
  8
0
100
AcDbPolyline
 90
4
 70
1
 10
10.11
 20
104.94
 10
14.94
 20
104.94
 10
14.94
 20
100.11
 10
10.11
 20
100.11
  0
LWPOLYLINE
100
AcDbEntity
  8
0
100
AcDbPolyline
 90
4
 70
1
 10
15.06
 20
104.94
 10
19.89
 20
104.94
 10
19.89
 20
100.11
 10
15.06
 20
100.11
  0
LWPOLYLINE
100
AcDbEntity
  8
0
100
AcDbPolyline
 90
4
 70
1
 10
20.11
 20
104.94
 10
24.94
 20
104.94
 10
24.94
 20
100.11
 10
20.11
 20
100.11
  0
LWPOLYLINE
100
AcDbEntity
  8
0
100
AcDbPolyline
 90
4
 70
1
 10
25.06
 20
104.94
 10
29.89
 20
104.94
 10
29.89
 20
100.11
 10
25.06
 20
100.11
  0
LWPOLYLINE
100
AcDbEntity
  8
0
100
AcDbPolyline
 90
4
 70
1
 10
30.11
 20
104.94
 10
34.94
 20
104.94
 10
34.94
 20
100.11
 10
30.11
 20
100.11
  0
LWPOLYLINE
100
AcDbEntity
  8
0
100
AcDbPolyline
 90
4
 70
1
 10
35.06
 20
104.94
 10
39.89
 20
104.94
 10
39.89
 20
100.11
 10
35.06
 20
100.11
  0
LWPOLYLINE
100
AcDbEntity
  8
0
100
AcDbPolyline
 90
4
 70
1
 10
40.11
 20
104.94
 10
44.94
 20
104.94
 10
44.94
 20
100.11
 10
40.11
 20
100.11
  0
LWPOLYLINE
100
AcDbEntity
  8
0
100
AcDbPolyline
 90
4
 70
1
 10
45.06
 20
104.94
 10
49.89
 20
104.94
 10
49.89
 20
100.11
 10
45.06
 20
100.11
  0
LWPOLYLINE
100
AcDbEntity
  8
0
100
AcDbPolyline
 90
4
 70
1
 10
50.11
 20
104.94
 10
54.94
 20
104.94
 10
54.94
 20
100.11
 10
50.11
 20
100.11
  0
LWPOLYLINE
100
AcDbEntity
  8
0
100
AcDbPolyline
 90
4
 70
1
 10
55.06
 20
104.94
 10
59.89
 20
104.94
 10
59.89
 20
100.11
 10
55.06
 20
100.11
  0
LWPOLYLINE
100
AcDbEntity
  8
0
100
AcDbPolyline
 90
4
 70
1
 10
60.11
 20
104.94
 10
64.94
 20
104.94
 10
64.94
 20
100.11
 10
60.11
 20
100.11
  0
LWPOLYLINE
100
AcDbEntity
  8
0
100
AcDbPolyline
 90
4
 70
1
 10
65.06
 20
104.94
 10
69.89
 20
104.94
 10
69.89
 20
100.11
 10
65.06
 20
100.11
  0
LWPOLYLINE
100
AcDbEntity
  8
0
100
AcDbPolyline
 90
4
 70
1
 10
70.11
 20
104.94
 10
74.94
 20
104.94
 10
74.94
 20
100.11
 10
70.11
 20
100.11
  0
LWPOLYLINE
100
AcDbEntity
  8
0
100
AcDbPolyline
 90
4
 70
1
 10
75.06
 20
104.94
 10
79.89
 20
104.94
 10
79.89
 20
100.11
 10
75.06
 20
100.11
  0
LWPOLYLINE
100
AcDbEntity
  8
0
100
AcDbPolyline
 90
4
 70
1
 10
80.11
 20
104.94
 10
84.94
 20
104.94
 10
84.94
 20
100.11
 10
80.11
 20
100.11
  0
LWPOLYLINE
100
AcDbEntity
  8
0
100
AcDbPolyline
 90
4
 70
1
 10
85.06
 20
104.94
 10
89.89
 20
104.94
 10
89.89
 20
100.11
 10
85.06
 20
100.11
  0
LWPOLYLINE
100
AcDbEntity
  8
0
100
AcDbPolyline
 90
4
 70
1
 10
90.11
 20
104.94
 10
94.94
 20
104.94
 10
94.94
 20
100.11
 10
90.11
 20
100.11
  0
LWPOLYLINE
100
AcDbEntity
  8
0
100
AcDbPolyline
 90
4
 70
1
 10
95.06
 20
104.94
 10
99.89
 20
104.94
 10
99.89
 20
100.11
 10
95.06
 20
100.11
  0
LWPOLYLINE
100
AcDbEntity
  8
0
100
AcDbPolyline
 90
4
 70
1
 10
100.11
 20
104.94
 10
104.94
 20
104.94
 10
104.94
 20
100.11
 10
100.11
 20
100.11
  0
LWPOLYLINE
100
AcDbEntity
  8
0
100
AcDbPolyline
 90
4
 70
1
 10
-104.94
 20
99.89
 10
-100.11
 20
99.89
 10
-100.11
 20
95.06
 10
-104.94
 20
95.06
  0
LWPOLYLINE
100
AcDbEntity
  8
0
100
AcDbPolyline
 90
4
 70
1
 10
-99.89
 20
99.89
 10
-95.06
 20
99.89
 10
-95.06
 20
95.06
 10
-99.89
 20
95.06
  0
LWPOLYLINE
100
AcDbEntity
  8
0
100
AcDbPolyline
 90
4
 70
1
 10
-94.94
 20
99.89
 10
-90.11
 20
99.89
 10
-90.11
 20
95.06
 10
-94.94
 20
95.06
  0
LWPOLYLINE
100
AcDbEntity
  8
0
100
AcDbPolyline
 90
4
 70
1
 10
-89.89
 20
99.89
 10
-85.06
 20
99.89
 10
-85.06
 20
95.06
 10
-89.89
 20
95.06
  0
LWPOLYLINE
100
AcDbEntity
  8
0
100
AcDbPolyline
 90
4
 70
1
 10
-84.94
 20
99.89
 10
-80.11
 20
99.89
 10
-80.11
 20
95.06
 10
-84.94
 20
95.06
  0
LWPOLYLINE
100
AcDbEntity
  8
0
100
AcDbPolyline
 90
4
 70
1
 10
-79.89
 20
99.89
 10
-75.06
 20
99.89
 10
-75.06
 20
95.06
 10
-79.89
 20
95.06
  0
LWPOLYLINE
100
AcDbEntity
  8
0
100
AcDbPolyline
 90
4
 70
1
 10
-74.94
 20
99.89
 10
-70.11
 20
99.89
 10
-70.11
 20
95.06
 10
-74.94
 20
95.06
  0
LWPOLYLINE
100
AcDbEntity
  8
0
100
AcDbPolyline
 90
4
 70
1
 10
-69.89
 20
99.89
 10
-65.06
 20
99.89
 10
-65.06
 20
95.06
 10
-69.89
 20
95.06
  0
LWPOLYLINE
100
AcDbEntity
  8
0
100
AcDbPolyline
 90
4
 70
1
 10
-64.94
 20
99.89
 10
-60.11
 20
99.89
 10
-60.11
 20
95.06
 10
-64.94
 20
95.06
  0
LWPOLYLINE
100
AcDbEntity
  8
0
100
AcDbPolyline
 90
4
 70
1
 10
-59.89
 20
99.89
 10
-55.06
 20
99.89
 10
-55.06
 20
95.06
 10
-59.89
 20
95.06
  0
LWPOLYLINE
100
AcDbEntity
  8
0
100
AcDbPolyline
 90
4
 70
1
 10
-54.94
 20
99.89
 10
-50.11
 20
99.89
 10
-50.11
 20
95.06
 10
-54.94
 20
95.06
  0
LWPOLYLINE
100
AcDbEntity
  8
0
100
AcDbPolyline
 90
4
 70
1
 10
-49.89
 20
99.89
 10
-45.06
 20
99.89
 10
-45.06
 20
95.06
 10
-49.89
 20
95.06
  0
LWPOLYLINE
100
AcDbEntity
  8
0
100
AcDbPolyline
 90
4
 70
1
 10
-44.94
 20
99.89
 10
-40.11
 20
99.89
 10
-40.11
 20
95.06
 10
-44.94
 20
95.06
  0
LWPOLYLINE
100
AcDbEntity
  8
0
100
AcDbPolyline
 90
4
 70
1
 10
-39.89
 20
99.89
 10
-35.06
 20
99.89
 10
-35.06
 20
95.06
 10
-39.89
 20
95.06
  0
LWPOLYLINE
100
AcDbEntity
  8
0
100
AcDbPolyline
 90
4
 70
1
 10
-34.94
 20
99.89
 10
-30.11
 20
99.89
 10
-30.11
 20
95.06
 10
-34.94
 20
95.06
  0
LWPOLYLINE
100
AcDbEntity
  8
0
100
AcDbPolyline
 90
4
 70
1
 10
-29.89
 20
99.89
 10
-25.06
 20
99.89
 10
-25.06
 20
95.06
 10
-29.89
 20
95.06
  0
LWPOLYLINE
100
AcDbEntity
  8
0
100
AcDbPolyline
 90
4
 70
1
 10
-24.94
 20
99.89
 10
-20.11
 20
99.89
 10
-20.11
 20
95.06
 10
-24.94
 20
95.06
  0
LWPOLYLINE
100
AcDbEntity
  8
0
100
AcDbPolyline
 90
4
 70
1
 10
-19.89
 20
99.89
 10
-15.06
 20
99.89
 10
-15.06
 20
95.06
 10
-19.89
 20
95.06
  0
LWPOLYLINE
100
AcDbEntity
  8
0
100
AcDbPolyline
 90
4
 70
1
 10
-14.94
 20
99.89
 10
-10.11
 20
99.89
 10
-10.11
 20
95.06
 10
-14.94
 20
95.06
  0
LWPOLYLINE
100
AcDbEntity
  8
0
100
AcDbPolyline
 90
4
 70
1
 10
-9.89
 20
99.89
 10
-5.06
 20
99.89
 10
-5.06
 20
95.06
 10
-9.89
 20
95.06
  0
LWPOLYLINE
100
AcDbEntity
  8
0
100
AcDbPolyline
 90
4
 70
1
 10
-4.94
 20
99.89
 10
-0.2
 20
99.89
 10
-0.2
 20
95.06
 10
-4.94
 20
95.06
  0
LWPOLYLINE
100
AcDbEntity
  8
0
100
AcDbPolyline
 90
4
 70
1
 10
0.2
 20
99.89
 10
4.94
 20
99.89
 10
4.94
 20
95.06
 10
0.2
 20
95.06
  0
LWPOLYLINE
100
AcDbEntity
  8
0
100
AcDbPolyline
 90
4
 70
1
 10
5.06
 20
99.89
 10
9.89
 20
99.89
 10
9.89
 20
95.06
 10
5.06
 20
95.06
  0
LWPOLYLINE
100
AcDbEntity
  8
0
100
AcDbPolyline
 90
4
 70
1
 10
10.11
 20
99.89
 10
14.94
 20
99.89
 10
14.94
 20
95.06
 10
10.11
 20
95.06
  0
LWPOLYLINE
100
AcDbEntity
  8
0
100
AcDbPolyline
 90
4
 70
1
 10
15.06
 20
99.89
 10
19.89
 20
99.89
 10
19.89
 20
95.06
 10
15.06
 20
95.06
  0
LWPOLYLINE
100
AcDbEntity
  8
0
100
AcDbPolyline
 90
4
 70
1
 10
20.11
 20
99.89
 10
24.94
 20
99.89
 10
24.94
 20
95.06
 10
20.11
 20
95.06
  0
LWPOLYLINE
100
AcDbEntity
  8
0
100
AcDbPolyline
 90
4
 70
1
 10
25.06
 20
99.89
 10
29.89
 20
99.89
 10
29.89
 20
95.06
 10
25.06
 20
95.06
  0
LWPOLYLINE
100
AcDbEntity
  8
0
100
AcDbPolyline
 90
4
 70
1
 10
30.11
 20
99.89
 10
34.94
 20
99.89
 10
34.94
 20
95.06
 10
30.11
 20
95.06
  0
LWPOLYLINE
100
AcDbEntity
  8
0
100
AcDbPolyline
 90
4
 70
1
 10
35.06
 20
99.89
 10
39.89
 20
99.89
 10
39.89
 20
95.06
 10
35.06
 20
95.06
  0
LWPOLYLINE
100
AcDbEntity
  8
0
100
AcDbPolyline
 90
4
 70
1
 10
40.11
 20
99.89
 10
44.94
 20
99.89
 10
44.94
 20
95.06
 10
40.11
 20
95.06
  0
LWPOLYLINE
100
AcDbEntity
  8
0
100
AcDbPolyline
 90
4
 70
1
 10
45.06
 20
99.89
 10
49.89
 20
99.89
 10
49.89
 20
95.06
 10
45.06
 20
95.06
  0
LWPOLYLINE
100
AcDbEntity
  8
0
100
AcDbPolyline
 90
4
 70
1
 10
50.11
 20
99.89
 10
54.94
 20
99.89
 10
54.94
 20
95.06
 10
50.11
 20
95.06
  0
LWPOLYLINE
100
AcDbEntity
  8
0
100
AcDbPolyline
 90
4
 70
1
 10
55.06
 20
99.89
 10
59.89
 20
99.89
 10
59.89
 20
95.06
 10
55.06
 20
95.06
  0
LWPOLYLINE
100
AcDbEntity
  8
0
100
AcDbPolyline
 90
4
 70
1
 10
60.11
 20
99.89
 10
64.94
 20
99.89
 10
64.94
 20
95.06
 10
60.11
 20
95.06
  0
LWPOLYLINE
100
AcDbEntity
  8
0
100
AcDbPolyline
 90
4
 70
1
 10
65.06
 20
99.89
 10
69.89
 20
99.89
 10
69.89
 20
95.06
 10
65.06
 20
95.06
  0
LWPOLYLINE
100
AcDbEntity
  8
0
100
AcDbPolyline
 90
4
 70
1
 10
70.11
 20
99.89
 10
74.94
 20
99.89
 10
74.94
 20
95.06
 10
70.11
 20
95.06
  0
LWPOLYLINE
100
AcDbEntity
  8
0
100
AcDbPolyline
 90
4
 70
1
 10
75.06
 20
99.89
 10
79.89
 20
99.89
 10
79.89
 20
95.06
 10
75.06
 20
95.06
  0
LWPOLYLINE
100
AcDbEntity
  8
0
100
AcDbPolyline
 90
4
 70
1
 10
80.11
 20
99.89
 10
84.94
 20
99.89
 10
84.94
 20
95.06
 10
80.11
 20
95.06
  0
LWPOLYLINE
100
AcDbEntity
  8
0
100
AcDbPolyline
 90
4
 70
1
 10
85.06
 20
99.89
 10
89.89
 20
99.89
 10
89.89
 20
95.06
 10
85.06
 20
95.06
  0
LWPOLYLINE
100
AcDbEntity
  8
0
100
AcDbPolyline
 90
4
 70
1
 10
90.11
 20
99.89
 10
94.94
 20
99.89
 10
94.94
 20
95.06
 10
90.11
 20
95.06
  0
LWPOLYLINE
100
AcDbEntity
  8
0
100
AcDbPolyline
 90
4
 70
1
 10
95.06
 20
99.89
 10
99.89
 20
99.89
 10
99.89
 20
95.06
 10
95.06
 20
95.06
  0
LWPOLYLINE
100
AcDbEntity
  8
0
100
AcDbPolyline
 90
4
 70
1
 10
100.11
 20
99.89
 10
104.94
 20
99.89
 10
104.94
 20
95.06
 10
100.11
 20
95.06
  0
LWPOLYLINE
100
AcDbEntity
  8
0
100
AcDbPolyline
 90
4
 70
1
 10
-104.94
 20
94.94
 10
-100.11
 20
94.94
 10
-100.11
 20
90.11
 10
-104.94
 20
90.11
  0
LWPOLYLINE
100
AcDbEntity
  8
0
100
AcDbPolyline
 90
4
 70
1
 10
-99.89
 20
94.94
 10
-95.06
 20
94.94
 10
-95.06
 20
90.11
 10
-99.89
 20
90.11
  0
LWPOLYLINE
100
AcDbEntity
  8
0
100
AcDbPolyline
 90
4
 70
1
 10
-94.94
 20
94.94
 10
-90.11
 20
94.94
 10
-90.11
 20
90.11
 10
-94.94
 20
90.11
  0
LWPOLYLINE
100
AcDbEntity
  8
0
100
AcDbPolyline
 90
4
 70
1
 10
-89.89
 20
94.94
 10
-85.06
 20
94.94
 10
-85.06
 20
90.11
 10
-89.89
 20
90.11
  0
LWPOLYLINE
100
AcDbEntity
  8
0
100
AcDbPolyline
 90
4
 70
1
 10
-84.94
 20
94.94
 10
-80.11
 20
94.94
 10
-80.11
 20
90.11
 10
-84.94
 20
90.11
  0
LWPOLYLINE
100
AcDbEntity
  8
0
100
AcDbPolyline
 90
4
 70
1
 10
-79.89
 20
94.94
 10
-75.06
 20
94.94
 10
-75.06
 20
90.11
 10
-79.89
 20
90.11
  0
LWPOLYLINE
100
AcDbEntity
  8
0
100
AcDbPolyline
 90
4
 70
1
 10
-74.94
 20
94.94
 10
-70.11
 20
94.94
 10
-70.11
 20
90.11
 10
-74.94
 20
90.11
  0
LWPOLYLINE
100
AcDbEntity
  8
0
100
AcDbPolyline
 90
4
 70
1
 10
-69.89
 20
94.94
 10
-65.06
 20
94.94
 10
-65.06
 20
90.11
 10
-69.89
 20
90.11
  0
LWPOLYLINE
100
AcDbEntity
  8
0
100
AcDbPolyline
 90
4
 70
1
 10
-64.94
 20
94.94
 10
-60.11
 20
94.94
 10
-60.11
 20
90.11
 10
-64.94
 20
90.11
  0
LWPOLYLINE
100
AcDbEntity
  8
0
100
AcDbPolyline
 90
4
 70
1
 10
-59.89
 20
94.94
 10
-55.06
 20
94.94
 10
-55.06
 20
90.11
 10
-59.89
 20
90.11
  0
LWPOLYLINE
100
AcDbEntity
  8
0
100
AcDbPolyline
 90
4
 70
1
 10
-54.94
 20
94.94
 10
-50.11
 20
94.94
 10
-50.11
 20
90.11
 10
-54.94
 20
90.11
  0
LWPOLYLINE
100
AcDbEntity
  8
0
100
AcDbPolyline
 90
4
 70
1
 10
-49.89
 20
94.94
 10
-45.06
 20
94.94
 10
-45.06
 20
90.11
 10
-49.89
 20
90.11
  0
LWPOLYLINE
100
AcDbEntity
  8
0
100
AcDbPolyline
 90
4
 70
1
 10
-44.94
 20
94.94
 10
-40.11
 20
94.94
 10
-40.11
 20
90.11
 10
-44.94
 20
90.11
  0
LWPOLYLINE
100
AcDbEntity
  8
0
100
AcDbPolyline
 90
4
 70
1
 10
-39.89
 20
94.94
 10
-35.06
 20
94.94
 10
-35.06
 20
90.11
 10
-39.89
 20
90.11
  0
LWPOLYLINE
100
AcDbEntity
  8
0
100
AcDbPolyline
 90
4
 70
1
 10
-34.94
 20
94.94
 10
-30.11
 20
94.94
 10
-30.11
 20
90.11
 10
-34.94
 20
90.11
  0
LWPOLYLINE
100
AcDbEntity
  8
0
100
AcDbPolyline
 90
4
 70
1
 10
-29.89
 20
94.94
 10
-25.06
 20
94.94
 10
-25.06
 20
90.11
 10
-29.89
 20
90.11
  0
LWPOLYLINE
100
AcDbEntity
  8
0
100
AcDbPolyline
 90
4
 70
1
 10
-24.94
 20
94.94
 10
-20.11
 20
94.94
 10
-20.11
 20
90.11
 10
-24.94
 20
90.11
  0
LWPOLYLINE
100
AcDbEntity
  8
0
100
AcDbPolyline
 90
4
 70
1
 10
-19.89
 20
94.94
 10
-15.06
 20
94.94
 10
-15.06
 20
90.11
 10
-19.89
 20
90.11
  0
LWPOLYLINE
100
AcDbEntity
  8
0
100
AcDbPolyline
 90
4
 70
1
 10
-14.94
 20
94.94
 10
-10.11
 20
94.94
 10
-10.11
 20
90.11
 10
-14.94
 20
90.11
  0
LWPOLYLINE
100
AcDbEntity
  8
0
100
AcDbPolyline
 90
4
 70
1
 10
-9.89
 20
94.94
 10
-5.06
 20
94.94
 10
-5.06
 20
90.11
 10
-9.89
 20
90.11
  0
LWPOLYLINE
100
AcDbEntity
  8
0
100
AcDbPolyline
 90
4
 70
1
 10
-4.94
 20
94.94
 10
-0.2
 20
94.94
 10
-0.2
 20
90.11
 10
-4.94
 20
90.11
  0
LWPOLYLINE
100
AcDbEntity
  8
0
100
AcDbPolyline
 90
4
 70
1
 10
0.2
 20
94.94
 10
4.94
 20
94.94
 10
4.94
 20
90.11
 10
0.2
 20
90.11
  0
LWPOLYLINE
100
AcDbEntity
  8
0
100
AcDbPolyline
 90
4
 70
1
 10
5.06
 20
94.94
 10
9.89
 20
94.94
 10
9.89
 20
90.11
 10
5.06
 20
90.11
  0
LWPOLYLINE
100
AcDbEntity
  8
0
100
AcDbPolyline
 90
4
 70
1
 10
10.11
 20
94.94
 10
14.94
 20
94.94
 10
14.94
 20
90.11
 10
10.11
 20
90.11
  0
LWPOLYLINE
100
AcDbEntity
  8
0
100
AcDbPolyline
 90
4
 70
1
 10
15.06
 20
94.94
 10
19.89
 20
94.94
 10
19.89
 20
90.11
 10
15.06
 20
90.11
  0
LWPOLYLINE
100
AcDbEntity
  8
0
100
AcDbPolyline
 90
4
 70
1
 10
20.11
 20
94.94
 10
24.94
 20
94.94
 10
24.94
 20
90.11
 10
20.11
 20
90.11
  0
LWPOLYLINE
100
AcDbEntity
  8
0
100
AcDbPolyline
 90
4
 70
1
 10
25.06
 20
94.94
 10
29.89
 20
94.94
 10
29.89
 20
90.11
 10
25.06
 20
90.11
  0
LWPOLYLINE
100
AcDbEntity
  8
0
100
AcDbPolyline
 90
4
 70
1
 10
30.11
 20
94.94
 10
34.94
 20
94.94
 10
34.94
 20
90.11
 10
30.11
 20
90.11
  0
LWPOLYLINE
100
AcDbEntity
  8
0
100
AcDbPolyline
 90
4
 70
1
 10
35.06
 20
94.94
 10
39.89
 20
94.94
 10
39.89
 20
90.11
 10
35.06
 20
90.11
  0
LWPOLYLINE
100
AcDbEntity
  8
0
100
AcDbPolyline
 90
4
 70
1
 10
40.11
 20
94.94
 10
44.94
 20
94.94
 10
44.94
 20
90.11
 10
40.11
 20
90.11
  0
LWPOLYLINE
100
AcDbEntity
  8
0
100
AcDbPolyline
 90
4
 70
1
 10
45.06
 20
94.94
 10
49.89
 20
94.94
 10
49.89
 20
90.11
 10
45.06
 20
90.11
  0
LWPOLYLINE
100
AcDbEntity
  8
0
100
AcDbPolyline
 90
4
 70
1
 10
50.11
 20
94.94
 10
54.94
 20
94.94
 10
54.94
 20
90.11
 10
50.11
 20
90.11
  0
LWPOLYLINE
100
AcDbEntity
  8
0
100
AcDbPolyline
 90
4
 70
1
 10
55.06
 20
94.94
 10
59.89
 20
94.94
 10
59.89
 20
90.11
 10
55.06
 20
90.11
  0
LWPOLYLINE
100
AcDbEntity
  8
0
100
AcDbPolyline
 90
4
 70
1
 10
60.11
 20
94.94
 10
64.94
 20
94.94
 10
64.94
 20
90.11
 10
60.11
 20
90.11
  0
LWPOLYLINE
100
AcDbEntity
  8
0
100
AcDbPolyline
 90
4
 70
1
 10
65.06
 20
94.94
 10
69.89
 20
94.94
 10
69.89
 20
90.11
 10
65.06
 20
90.11
  0
LWPOLYLINE
100
AcDbEntity
  8
0
100
AcDbPolyline
 90
4
 70
1
 10
70.11
 20
94.94
 10
74.94
 20
94.94
 10
74.94
 20
90.11
 10
70.11
 20
90.11
  0
LWPOLYLINE
100
AcDbEntity
  8
0
100
AcDbPolyline
 90
4
 70
1
 10
75.06
 20
94.94
 10
79.89
 20
94.94
 10
79.89
 20
90.11
 10
75.06
 20
90.11
  0
LWPOLYLINE
100
AcDbEntity
  8
0
100
AcDbPolyline
 90
4
 70
1
 10
80.11
 20
94.94
 10
84.94
 20
94.94
 10
84.94
 20
90.11
 10
80.11
 20
90.11
  0
LWPOLYLINE
100
AcDbEntity
  8
0
100
AcDbPolyline
 90
4
 70
1
 10
85.06
 20
94.94
 10
89.89
 20
94.94
 10
89.89
 20
90.11
 10
85.06
 20
90.11
  0
LWPOLYLINE
100
AcDbEntity
  8
0
100
AcDbPolyline
 90
4
 70
1
 10
90.11
 20
94.94
 10
94.94
 20
94.94
 10
94.94
 20
90.11
 10
90.11
 20
90.11
  0
LWPOLYLINE
100
AcDbEntity
  8
0
100
AcDbPolyline
 90
4
 70
1
 10
95.06
 20
94.94
 10
99.89
 20
94.94
 10
99.89
 20
90.11
 10
95.06
 20
90.11
  0
LWPOLYLINE
100
AcDbEntity
  8
0
100
AcDbPolyline
 90
4
 70
1
 10
100.11
 20
94.94
 10
104.94
 20
94.94
 10
104.94
 20
90.11
 10
100.11
 20
90.11
  0
LWPOLYLINE
100
AcDbEntity
  8
0
100
AcDbPolyline
 90
4
 70
1
 10
-104.94
 20
89.89
 10
-100.11
 20
89.89
 10
-100.11
 20
85.06
 10
-104.94
 20
85.06
  0
LWPOLYLINE
100
AcDbEntity
  8
0
100
AcDbPolyline
 90
4
 70
1
 10
-99.89
 20
89.89
 10
-95.06
 20
89.89
 10
-95.06
 20
85.06
 10
-99.89
 20
85.06
  0
LWPOLYLINE
100
AcDbEntity
  8
0
100
AcDbPolyline
 90
4
 70
1
 10
-94.94
 20
89.89
 10
-90.11
 20
89.89
 10
-90.11
 20
85.06
 10
-94.94
 20
85.06
  0
LWPOLYLINE
100
AcDbEntity
  8
0
100
AcDbPolyline
 90
4
 70
1
 10
-89.89
 20
89.89
 10
-85.06
 20
89.89
 10
-85.06
 20
85.06
 10
-89.89
 20
85.06
  0
LWPOLYLINE
100
AcDbEntity
  8
0
100
AcDbPolyline
 90
4
 70
1
 10
-84.94
 20
89.89
 10
-80.11
 20
89.89
 10
-80.11
 20
85.06
 10
-84.94
 20
85.06
  0
LWPOLYLINE
100
AcDbEntity
  8
0
100
AcDbPolyline
 90
4
 70
1
 10
-79.89
 20
89.89
 10
-75.06
 20
89.89
 10
-75.06
 20
85.06
 10
-79.89
 20
85.06
  0
LWPOLYLINE
100
AcDbEntity
  8
0
100
AcDbPolyline
 90
4
 70
1
 10
-74.94
 20
89.89
 10
-70.11
 20
89.89
 10
-70.11
 20
85.06
 10
-74.94
 20
85.06
  0
LWPOLYLINE
100
AcDbEntity
  8
0
100
AcDbPolyline
 90
4
 70
1
 10
-69.89
 20
89.89
 10
-65.06
 20
89.89
 10
-65.06
 20
85.06
 10
-69.89
 20
85.06
  0
LWPOLYLINE
100
AcDbEntity
  8
0
100
AcDbPolyline
 90
4
 70
1
 10
-64.94
 20
89.89
 10
-60.11
 20
89.89
 10
-60.11
 20
85.06
 10
-64.94
 20
85.06
  0
LWPOLYLINE
100
AcDbEntity
  8
0
100
AcDbPolyline
 90
4
 70
1
 10
-59.89
 20
89.89
 10
-55.06
 20
89.89
 10
-55.06
 20
85.06
 10
-59.89
 20
85.06
  0
LWPOLYLINE
100
AcDbEntity
  8
0
100
AcDbPolyline
 90
4
 70
1
 10
-54.94
 20
89.89
 10
-50.11
 20
89.89
 10
-50.11
 20
85.06
 10
-54.94
 20
85.06
  0
LWPOLYLINE
100
AcDbEntity
  8
0
100
AcDbPolyline
 90
4
 70
1
 10
-49.89
 20
89.89
 10
-45.06
 20
89.89
 10
-45.06
 20
85.06
 10
-49.89
 20
85.06
  0
LWPOLYLINE
100
AcDbEntity
  8
0
100
AcDbPolyline
 90
4
 70
1
 10
-44.94
 20
89.89
 10
-40.11
 20
89.89
 10
-40.11
 20
85.06
 10
-44.94
 20
85.06
  0
LWPOLYLINE
100
AcDbEntity
  8
0
100
AcDbPolyline
 90
4
 70
1
 10
-39.89
 20
89.89
 10
-35.06
 20
89.89
 10
-35.06
 20
85.06
 10
-39.89
 20
85.06
  0
LWPOLYLINE
100
AcDbEntity
  8
0
100
AcDbPolyline
 90
4
 70
1
 10
-34.94
 20
89.89
 10
-30.11
 20
89.89
 10
-30.11
 20
85.06
 10
-34.94
 20
85.06
  0
LWPOLYLINE
100
AcDbEntity
  8
0
100
AcDbPolyline
 90
4
 70
1
 10
-29.89
 20
89.89
 10
-25.06
 20
89.89
 10
-25.06
 20
85.06
 10
-29.89
 20
85.06
  0
LWPOLYLINE
100
AcDbEntity
  8
0
100
AcDbPolyline
 90
4
 70
1
 10
-24.94
 20
89.89
 10
-20.11
 20
89.89
 10
-20.11
 20
85.06
 10
-24.94
 20
85.06
  0
LWPOLYLINE
100
AcDbEntity
  8
0
100
AcDbPolyline
 90
4
 70
1
 10
-19.89
 20
89.89
 10
-15.06
 20
89.89
 10
-15.06
 20
85.06
 10
-19.89
 20
85.06
  0
LWPOLYLINE
100
AcDbEntity
  8
0
100
AcDbPolyline
 90
4
 70
1
 10
-14.94
 20
89.89
 10
-10.11
 20
89.89
 10
-10.11
 20
85.06
 10
-14.94
 20
85.06
  0
LWPOLYLINE
100
AcDbEntity
  8
0
100
AcDbPolyline
 90
4
 70
1
 10
-9.89
 20
89.89
 10
-5.06
 20
89.89
 10
-5.06
 20
85.06
 10
-9.89
 20
85.06
  0
LWPOLYLINE
100
AcDbEntity
  8
0
100
AcDbPolyline
 90
4
 70
1
 10
-4.94
 20
89.89
 10
-0.2
 20
89.89
 10
-0.2
 20
85.06
 10
-4.94
 20
85.06
  0
LWPOLYLINE
100
AcDbEntity
  8
0
100
AcDbPolyline
 90
4
 70
1
 10
0.2
 20
89.89
 10
4.94
 20
89.89
 10
4.94
 20
85.06
 10
0.2
 20
85.06
  0
LWPOLYLINE
100
AcDbEntity
  8
0
100
AcDbPolyline
 90
4
 70
1
 10
5.06
 20
89.89
 10
9.89
 20
89.89
 10
9.89
 20
85.06
 10
5.06
 20
85.06
  0
LWPOLYLINE
100
AcDbEntity
  8
0
100
AcDbPolyline
 90
4
 70
1
 10
10.11
 20
89.89
 10
14.94
 20
89.89
 10
14.94
 20
85.06
 10
10.11
 20
85.06
  0
LWPOLYLINE
100
AcDbEntity
  8
0
100
AcDbPolyline
 90
4
 70
1
 10
15.06
 20
89.89
 10
19.89
 20
89.89
 10
19.89
 20
85.06
 10
15.06
 20
85.06
  0
LWPOLYLINE
100
AcDbEntity
  8
0
100
AcDbPolyline
 90
4
 70
1
 10
20.11
 20
89.89
 10
24.94
 20
89.89
 10
24.94
 20
85.06
 10
20.11
 20
85.06
  0
LWPOLYLINE
100
AcDbEntity
  8
0
100
AcDbPolyline
 90
4
 70
1
 10
25.06
 20
89.89
 10
29.89
 20
89.89
 10
29.89
 20
85.06
 10
25.06
 20
85.06
  0
LWPOLYLINE
100
AcDbEntity
  8
0
100
AcDbPolyline
 90
4
 70
1
 10
30.11
 20
89.89
 10
34.94
 20
89.89
 10
34.94
 20
85.06
 10
30.11
 20
85.06
  0
LWPOLYLINE
100
AcDbEntity
  8
0
100
AcDbPolyline
 90
4
 70
1
 10
35.06
 20
89.89
 10
39.89
 20
89.89
 10
39.89
 20
85.06
 10
35.06
 20
85.06
  0
LWPOLYLINE
100
AcDbEntity
  8
0
100
AcDbPolyline
 90
4
 70
1
 10
40.11
 20
89.89
 10
44.94
 20
89.89
 10
44.94
 20
85.06
 10
40.11
 20
85.06
  0
LWPOLYLINE
100
AcDbEntity
  8
0
100
AcDbPolyline
 90
4
 70
1
 10
45.06
 20
89.89
 10
49.89
 20
89.89
 10
49.89
 20
85.06
 10
45.06
 20
85.06
  0
LWPOLYLINE
100
AcDbEntity
  8
0
100
AcDbPolyline
 90
4
 70
1
 10
50.11
 20
89.89
 10
54.94
 20
89.89
 10
54.94
 20
85.06
 10
50.11
 20
85.06
  0
LWPOLYLINE
100
AcDbEntity
  8
0
100
AcDbPolyline
 90
4
 70
1
 10
55.06
 20
89.89
 10
59.89
 20
89.89
 10
59.89
 20
85.06
 10
55.06
 20
85.06
  0
LWPOLYLINE
100
AcDbEntity
  8
0
100
AcDbPolyline
 90
4
 70
1
 10
60.11
 20
89.89
 10
64.94
 20
89.89
 10
64.94
 20
85.06
 10
60.11
 20
85.06
  0
LWPOLYLINE
100
AcDbEntity
  8
0
100
AcDbPolyline
 90
4
 70
1
 10
65.06
 20
89.89
 10
69.89
 20
89.89
 10
69.89
 20
85.06
 10
65.06
 20
85.06
  0
LWPOLYLINE
100
AcDbEntity
  8
0
100
AcDbPolyline
 90
4
 70
1
 10
70.11
 20
89.89
 10
74.94
 20
89.89
 10
74.94
 20
85.06
 10
70.11
 20
85.06
  0
LWPOLYLINE
100
AcDbEntity
  8
0
100
AcDbPolyline
 90
4
 70
1
 10
75.06
 20
89.89
 10
79.89
 20
89.89
 10
79.89
 20
85.06
 10
75.06
 20
85.06
  0
LWPOLYLINE
100
AcDbEntity
  8
0
100
AcDbPolyline
 90
4
 70
1
 10
80.11
 20
89.89
 10
84.94
 20
89.89
 10
84.94
 20
85.06
 10
80.11
 20
85.06
  0
LWPOLYLINE
100
AcDbEntity
  8
0
100
AcDbPolyline
 90
4
 70
1
 10
85.06
 20
89.89
 10
89.89
 20
89.89
 10
89.89
 20
85.06
 10
85.06
 20
85.06
  0
LWPOLYLINE
100
AcDbEntity
  8
0
100
AcDbPolyline
 90
4
 70
1
 10
90.11
 20
89.89
 10
94.94
 20
89.89
 10
94.94
 20
85.06
 10
90.11
 20
85.06
  0
LWPOLYLINE
100
AcDbEntity
  8
0
100
AcDbPolyline
 90
4
 70
1
 10
95.06
 20
89.89
 10
99.89
 20
89.89
 10
99.89
 20
85.06
 10
95.06
 20
85.06
  0
LWPOLYLINE
100
AcDbEntity
  8
0
100
AcDbPolyline
 90
4
 70
1
 10
100.11
 20
89.89
 10
104.94
 20
89.89
 10
104.94
 20
85.06
 10
100.11
 20
85.06
  0
LWPOLYLINE
100
AcDbEntity
  8
0
100
AcDbPolyline
 90
4
 70
1
 10
-104.94
 20
84.94
 10
-100.11
 20
84.94
 10
-100.11
 20
80.11
 10
-104.94
 20
80.11
  0
LWPOLYLINE
100
AcDbEntity
  8
0
100
AcDbPolyline
 90
4
 70
1
 10
-99.89
 20
84.94
 10
-95.06
 20
84.94
 10
-95.06
 20
80.11
 10
-99.89
 20
80.11
  0
LWPOLYLINE
100
AcDbEntity
  8
0
100
AcDbPolyline
 90
4
 70
1
 10
-94.94
 20
84.94
 10
-90.11
 20
84.94
 10
-90.11
 20
80.11
 10
-94.94
 20
80.11
  0
LWPOLYLINE
100
AcDbEntity
  8
0
100
AcDbPolyline
 90
4
 70
1
 10
-89.89
 20
84.94
 10
-85.06
 20
84.94
 10
-85.06
 20
80.11
 10
-89.89
 20
80.11
  0
LWPOLYLINE
100
AcDbEntity
  8
0
100
AcDbPolyline
 90
4
 70
1
 10
-84.94
 20
84.94
 10
-80.11
 20
84.94
 10
-80.11
 20
80.11
 10
-84.94
 20
80.11
  0
LWPOLYLINE
100
AcDbEntity
  8
0
100
AcDbPolyline
 90
4
 70
1
 10
-79.89
 20
84.94
 10
-75.06
 20
84.94
 10
-75.06
 20
80.11
 10
-79.89
 20
80.11
  0
LWPOLYLINE
100
AcDbEntity
  8
0
100
AcDbPolyline
 90
4
 70
1
 10
-74.94
 20
84.94
 10
-70.11
 20
84.94
 10
-70.11
 20
80.11
 10
-74.94
 20
80.11
  0
LWPOLYLINE
100
AcDbEntity
  8
0
100
AcDbPolyline
 90
4
 70
1
 10
-69.89
 20
84.94
 10
-65.06
 20
84.94
 10
-65.06
 20
80.11
 10
-69.89
 20
80.11
  0
LWPOLYLINE
100
AcDbEntity
  8
0
100
AcDbPolyline
 90
4
 70
1
 10
-64.94
 20
84.94
 10
-60.11
 20
84.94
 10
-60.11
 20
80.11
 10
-64.94
 20
80.11
  0
LWPOLYLINE
100
AcDbEntity
  8
0
100
AcDbPolyline
 90
4
 70
1
 10
-59.89
 20
84.94
 10
-55.06
 20
84.94
 10
-55.06
 20
80.11
 10
-59.89
 20
80.11
  0
LWPOLYLINE
100
AcDbEntity
  8
0
100
AcDbPolyline
 90
4
 70
1
 10
-54.94
 20
84.94
 10
-50.11
 20
84.94
 10
-50.11
 20
80.11
 10
-54.94
 20
80.11
  0
LWPOLYLINE
100
AcDbEntity
  8
0
100
AcDbPolyline
 90
4
 70
1
 10
-49.89
 20
84.94
 10
-45.06
 20
84.94
 10
-45.06
 20
80.11
 10
-49.89
 20
80.11
  0
LWPOLYLINE
100
AcDbEntity
  8
0
100
AcDbPolyline
 90
4
 70
1
 10
-44.94
 20
84.94
 10
-40.11
 20
84.94
 10
-40.11
 20
80.11
 10
-44.94
 20
80.11
  0
LWPOLYLINE
100
AcDbEntity
  8
0
100
AcDbPolyline
 90
4
 70
1
 10
-39.89
 20
84.94
 10
-35.06
 20
84.94
 10
-35.06
 20
80.11
 10
-39.89
 20
80.11
  0
LWPOLYLINE
100
AcDbEntity
  8
0
100
AcDbPolyline
 90
4
 70
1
 10
-34.94
 20
84.94
 10
-30.11
 20
84.94
 10
-30.11
 20
80.11
 10
-34.94
 20
80.11
  0
LWPOLYLINE
100
AcDbEntity
  8
0
100
AcDbPolyline
 90
4
 70
1
 10
-29.89
 20
84.94
 10
-25.06
 20
84.94
 10
-25.06
 20
80.11
 10
-29.89
 20
80.11
  0
LWPOLYLINE
100
AcDbEntity
  8
0
100
AcDbPolyline
 90
4
 70
1
 10
-24.94
 20
84.94
 10
-20.11
 20
84.94
 10
-20.11
 20
80.11
 10
-24.94
 20
80.11
  0
LWPOLYLINE
100
AcDbEntity
  8
0
100
AcDbPolyline
 90
4
 70
1
 10
-19.89
 20
84.94
 10
-15.06
 20
84.94
 10
-15.06
 20
80.11
 10
-19.89
 20
80.11
  0
LWPOLYLINE
100
AcDbEntity
  8
0
100
AcDbPolyline
 90
4
 70
1
 10
-14.94
 20
84.94
 10
-10.11
 20
84.94
 10
-10.11
 20
80.11
 10
-14.94
 20
80.11
  0
LWPOLYLINE
100
AcDbEntity
  8
0
100
AcDbPolyline
 90
4
 70
1
 10
-9.89
 20
84.94
 10
-5.06
 20
84.94
 10
-5.06
 20
80.11
 10
-9.89
 20
80.11
  0
LWPOLYLINE
100
AcDbEntity
  8
0
100
AcDbPolyline
 90
4
 70
1
 10
-4.94
 20
84.94
 10
-0.2
 20
84.94
 10
-0.2
 20
80.11
 10
-4.94
 20
80.11
  0
LWPOLYLINE
100
AcDbEntity
  8
0
100
AcDbPolyline
 90
4
 70
1
 10
0.2
 20
84.94
 10
4.94
 20
84.94
 10
4.94
 20
80.11
 10
0.2
 20
80.11
  0
LWPOLYLINE
100
AcDbEntity
  8
0
100
AcDbPolyline
 90
4
 70
1
 10
5.06
 20
84.94
 10
9.89
 20
84.94
 10
9.89
 20
80.11
 10
5.06
 20
80.11
  0
LWPOLYLINE
100
AcDbEntity
  8
0
100
AcDbPolyline
 90
4
 70
1
 10
10.11
 20
84.94
 10
14.94
 20
84.94
 10
14.94
 20
80.11
 10
10.11
 20
80.11
  0
LWPOLYLINE
100
AcDbEntity
  8
0
100
AcDbPolyline
 90
4
 70
1
 10
15.06
 20
84.94
 10
19.89
 20
84.94
 10
19.89
 20
80.11
 10
15.06
 20
80.11
  0
LWPOLYLINE
100
AcDbEntity
  8
0
100
AcDbPolyline
 90
4
 70
1
 10
20.11
 20
84.94
 10
24.94
 20
84.94
 10
24.94
 20
80.11
 10
20.11
 20
80.11
  0
LWPOLYLINE
100
AcDbEntity
  8
0
100
AcDbPolyline
 90
4
 70
1
 10
25.06
 20
84.94
 10
29.89
 20
84.94
 10
29.89
 20
80.11
 10
25.06
 20
80.11
  0
LWPOLYLINE
100
AcDbEntity
  8
0
100
AcDbPolyline
 90
4
 70
1
 10
30.11
 20
84.94
 10
34.94
 20
84.94
 10
34.94
 20
80.11
 10
30.11
 20
80.11
  0
LWPOLYLINE
100
AcDbEntity
  8
0
100
AcDbPolyline
 90
4
 70
1
 10
35.06
 20
84.94
 10
39.89
 20
84.94
 10
39.89
 20
80.11
 10
35.06
 20
80.11
  0
LWPOLYLINE
100
AcDbEntity
  8
0
100
AcDbPolyline
 90
4
 70
1
 10
40.11
 20
84.94
 10
44.94
 20
84.94
 10
44.94
 20
80.11
 10
40.11
 20
80.11
  0
LWPOLYLINE
100
AcDbEntity
  8
0
100
AcDbPolyline
 90
4
 70
1
 10
45.06
 20
84.94
 10
49.89
 20
84.94
 10
49.89
 20
80.11
 10
45.06
 20
80.11
  0
LWPOLYLINE
100
AcDbEntity
  8
0
100
AcDbPolyline
 90
4
 70
1
 10
50.11
 20
84.94
 10
54.94
 20
84.94
 10
54.94
 20
80.11
 10
50.11
 20
80.11
  0
LWPOLYLINE
100
AcDbEntity
  8
0
100
AcDbPolyline
 90
4
 70
1
 10
55.06
 20
84.94
 10
59.89
 20
84.94
 10
59.89
 20
80.11
 10
55.06
 20
80.11
  0
LWPOLYLINE
100
AcDbEntity
  8
0
100
AcDbPolyline
 90
4
 70
1
 10
60.11
 20
84.94
 10
64.94
 20
84.94
 10
64.94
 20
80.11
 10
60.11
 20
80.11
  0
LWPOLYLINE
100
AcDbEntity
  8
0
100
AcDbPolyline
 90
4
 70
1
 10
65.06
 20
84.94
 10
69.89
 20
84.94
 10
69.89
 20
80.11
 10
65.06
 20
80.11
  0
LWPOLYLINE
100
AcDbEntity
  8
0
100
AcDbPolyline
 90
4
 70
1
 10
70.11
 20
84.94
 10
74.94
 20
84.94
 10
74.94
 20
80.11
 10
70.11
 20
80.11
  0
LWPOLYLINE
100
AcDbEntity
  8
0
100
AcDbPolyline
 90
4
 70
1
 10
75.06
 20
84.94
 10
79.89
 20
84.94
 10
79.89
 20
80.11
 10
75.06
 20
80.11
  0
LWPOLYLINE
100
AcDbEntity
  8
0
100
AcDbPolyline
 90
4
 70
1
 10
80.11
 20
84.94
 10
84.94
 20
84.94
 10
84.94
 20
80.11
 10
80.11
 20
80.11
  0
LWPOLYLINE
100
AcDbEntity
  8
0
100
AcDbPolyline
 90
4
 70
1
 10
85.06
 20
84.94
 10
89.89
 20
84.94
 10
89.89
 20
80.11
 10
85.06
 20
80.11
  0
LWPOLYLINE
100
AcDbEntity
  8
0
100
AcDbPolyline
 90
4
 70
1
 10
90.11
 20
84.94
 10
94.94
 20
84.94
 10
94.94
 20
80.11
 10
90.11
 20
80.11
  0
LWPOLYLINE
100
AcDbEntity
  8
0
100
AcDbPolyline
 90
4
 70
1
 10
95.06
 20
84.94
 10
99.89
 20
84.94
 10
99.89
 20
80.11
 10
95.06
 20
80.11
  0
LWPOLYLINE
100
AcDbEntity
  8
0
100
AcDbPolyline
 90
4
 70
1
 10
100.11
 20
84.94
 10
104.94
 20
84.94
 10
104.94
 20
80.11
 10
100.11
 20
80.11
  0
LWPOLYLINE
100
AcDbEntity
  8
0
100
AcDbPolyline
 90
4
 70
1
 10
-104.94
 20
79.89
 10
-100.11
 20
79.89
 10
-100.11
 20
75.06
 10
-104.94
 20
75.06
  0
LWPOLYLINE
100
AcDbEntity
  8
0
100
AcDbPolyline
 90
4
 70
1
 10
-99.89
 20
79.89
 10
-95.06
 20
79.89
 10
-95.06
 20
75.06
 10
-99.89
 20
75.06
  0
LWPOLYLINE
100
AcDbEntity
  8
0
100
AcDbPolyline
 90
4
 70
1
 10
-94.94
 20
79.89
 10
-90.11
 20
79.89
 10
-90.11
 20
75.06
 10
-94.94
 20
75.06
  0
LWPOLYLINE
100
AcDbEntity
  8
0
100
AcDbPolyline
 90
4
 70
1
 10
-89.89
 20
79.89
 10
-85.06
 20
79.89
 10
-85.06
 20
75.06
 10
-89.89
 20
75.06
  0
LWPOLYLINE
100
AcDbEntity
  8
0
100
AcDbPolyline
 90
4
 70
1
 10
-84.94
 20
79.89
 10
-80.11
 20
79.89
 10
-80.11
 20
75.06
 10
-84.94
 20
75.06
  0
LWPOLYLINE
100
AcDbEntity
  8
0
100
AcDbPolyline
 90
4
 70
1
 10
-79.89
 20
79.89
 10
-75.06
 20
79.89
 10
-75.06
 20
75.06
 10
-79.89
 20
75.06
  0
LWPOLYLINE
100
AcDbEntity
  8
0
100
AcDbPolyline
 90
4
 70
1
 10
-74.94
 20
79.89
 10
-70.11
 20
79.89
 10
-70.11
 20
75.06
 10
-74.94
 20
75.06
  0
LWPOLYLINE
100
AcDbEntity
  8
0
100
AcDbPolyline
 90
4
 70
1
 10
-69.89
 20
79.89
 10
-65.06
 20
79.89
 10
-65.06
 20
75.06
 10
-69.89
 20
75.06
  0
LWPOLYLINE
100
AcDbEntity
  8
0
100
AcDbPolyline
 90
4
 70
1
 10
-64.94
 20
79.89
 10
-60.11
 20
79.89
 10
-60.11
 20
75.06
 10
-64.94
 20
75.06
  0
LWPOLYLINE
100
AcDbEntity
  8
0
100
AcDbPolyline
 90
4
 70
1
 10
-59.89
 20
79.89
 10
-55.06
 20
79.89
 10
-55.06
 20
75.06
 10
-59.89
 20
75.06
  0
LWPOLYLINE
100
AcDbEntity
  8
0
100
AcDbPolyline
 90
4
 70
1
 10
-54.94
 20
79.89
 10
-50.11
 20
79.89
 10
-50.11
 20
75.06
 10
-54.94
 20
75.06
  0
LWPOLYLINE
100
AcDbEntity
  8
0
100
AcDbPolyline
 90
4
 70
1
 10
-49.89
 20
79.89
 10
-45.06
 20
79.89
 10
-45.06
 20
75.06
 10
-49.89
 20
75.06
  0
LWPOLYLINE
100
AcDbEntity
  8
0
100
AcDbPolyline
 90
4
 70
1
 10
-44.94
 20
79.89
 10
-40.11
 20
79.89
 10
-40.11
 20
75.06
 10
-44.94
 20
75.06
  0
LWPOLYLINE
100
AcDbEntity
  8
0
100
AcDbPolyline
 90
4
 70
1
 10
-39.89
 20
79.89
 10
-35.06
 20
79.89
 10
-35.06
 20
75.06
 10
-39.89
 20
75.06
  0
LWPOLYLINE
100
AcDbEntity
  8
0
100
AcDbPolyline
 90
4
 70
1
 10
-34.94
 20
79.89
 10
-30.11
 20
79.89
 10
-30.11
 20
75.06
 10
-34.94
 20
75.06
  0
LWPOLYLINE
100
AcDbEntity
  8
0
100
AcDbPolyline
 90
4
 70
1
 10
-29.89
 20
79.89
 10
-25.06
 20
79.89
 10
-25.06
 20
75.06
 10
-29.89
 20
75.06
  0
LWPOLYLINE
100
AcDbEntity
  8
0
100
AcDbPolyline
 90
4
 70
1
 10
-24.94
 20
79.89
 10
-20.11
 20
79.89
 10
-20.11
 20
75.06
 10
-24.94
 20
75.06
  0
LWPOLYLINE
100
AcDbEntity
  8
0
100
AcDbPolyline
 90
4
 70
1
 10
-19.89
 20
79.89
 10
-15.06
 20
79.89
 10
-15.06
 20
75.06
 10
-19.89
 20
75.06
  0
LWPOLYLINE
100
AcDbEntity
  8
0
100
AcDbPolyline
 90
4
 70
1
 10
-14.94
 20
79.89
 10
-10.11
 20
79.89
 10
-10.11
 20
75.06
 10
-14.94
 20
75.06
  0
LWPOLYLINE
100
AcDbEntity
  8
0
100
AcDbPolyline
 90
4
 70
1
 10
-9.89
 20
79.89
 10
-5.06
 20
79.89
 10
-5.06
 20
75.06
 10
-9.89
 20
75.06
  0
LWPOLYLINE
100
AcDbEntity
  8
0
100
AcDbPolyline
 90
4
 70
1
 10
-4.94
 20
79.89
 10
-0.2
 20
79.89
 10
-0.2
 20
75.06
 10
-4.94
 20
75.06
  0
LWPOLYLINE
100
AcDbEntity
  8
0
100
AcDbPolyline
 90
4
 70
1
 10
0.2
 20
79.89
 10
4.94
 20
79.89
 10
4.94
 20
75.06
 10
0.2
 20
75.06
  0
LWPOLYLINE
100
AcDbEntity
  8
0
100
AcDbPolyline
 90
4
 70
1
 10
5.06
 20
79.89
 10
9.89
 20
79.89
 10
9.89
 20
75.06
 10
5.06
 20
75.06
  0
LWPOLYLINE
100
AcDbEntity
  8
0
100
AcDbPolyline
 90
4
 70
1
 10
10.11
 20
79.89
 10
14.94
 20
79.89
 10
14.94
 20
75.06
 10
10.11
 20
75.06
  0
LWPOLYLINE
100
AcDbEntity
  8
0
100
AcDbPolyline
 90
4
 70
1
 10
15.06
 20
79.89
 10
19.89
 20
79.89
 10
19.89
 20
75.06
 10
15.06
 20
75.06
  0
LWPOLYLINE
100
AcDbEntity
  8
0
100
AcDbPolyline
 90
4
 70
1
 10
20.11
 20
79.89
 10
24.94
 20
79.89
 10
24.94
 20
75.06
 10
20.11
 20
75.06
  0
LWPOLYLINE
100
AcDbEntity
  8
0
100
AcDbPolyline
 90
4
 70
1
 10
25.06
 20
79.89
 10
29.89
 20
79.89
 10
29.89
 20
75.06
 10
25.06
 20
75.06
  0
LWPOLYLINE
100
AcDbEntity
  8
0
100
AcDbPolyline
 90
4
 70
1
 10
30.11
 20
79.89
 10
34.94
 20
79.89
 10
34.94
 20
75.06
 10
30.11
 20
75.06
  0
LWPOLYLINE
100
AcDbEntity
  8
0
100
AcDbPolyline
 90
4
 70
1
 10
35.06
 20
79.89
 10
39.89
 20
79.89
 10
39.89
 20
75.06
 10
35.06
 20
75.06
  0
LWPOLYLINE
100
AcDbEntity
  8
0
100
AcDbPolyline
 90
4
 70
1
 10
40.11
 20
79.89
 10
44.94
 20
79.89
 10
44.94
 20
75.06
 10
40.11
 20
75.06
  0
LWPOLYLINE
100
AcDbEntity
  8
0
100
AcDbPolyline
 90
4
 70
1
 10
45.06
 20
79.89
 10
49.89
 20
79.89
 10
49.89
 20
75.06
 10
45.06
 20
75.06
  0
LWPOLYLINE
100
AcDbEntity
  8
0
100
AcDbPolyline
 90
4
 70
1
 10
50.11
 20
79.89
 10
54.94
 20
79.89
 10
54.94
 20
75.06
 10
50.11
 20
75.06
  0
LWPOLYLINE
100
AcDbEntity
  8
0
100
AcDbPolyline
 90
4
 70
1
 10
55.06
 20
79.89
 10
59.89
 20
79.89
 10
59.89
 20
75.06
 10
55.06
 20
75.06
  0
LWPOLYLINE
100
AcDbEntity
  8
0
100
AcDbPolyline
 90
4
 70
1
 10
60.11
 20
79.89
 10
64.94
 20
79.89
 10
64.94
 20
75.06
 10
60.11
 20
75.06
  0
LWPOLYLINE
100
AcDbEntity
  8
0
100
AcDbPolyline
 90
4
 70
1
 10
65.06
 20
79.89
 10
69.89
 20
79.89
 10
69.89
 20
75.06
 10
65.06
 20
75.06
  0
LWPOLYLINE
100
AcDbEntity
  8
0
100
AcDbPolyline
 90
4
 70
1
 10
70.11
 20
79.89
 10
74.94
 20
79.89
 10
74.94
 20
75.06
 10
70.11
 20
75.06
  0
LWPOLYLINE
100
AcDbEntity
  8
0
100
AcDbPolyline
 90
4
 70
1
 10
75.06
 20
79.89
 10
79.89
 20
79.89
 10
79.89
 20
75.06
 10
75.06
 20
75.06
  0
LWPOLYLINE
100
AcDbEntity
  8
0
100
AcDbPolyline
 90
4
 70
1
 10
80.11
 20
79.89
 10
84.94
 20
79.89
 10
84.94
 20
75.06
 10
80.11
 20
75.06
  0
LWPOLYLINE
100
AcDbEntity
  8
0
100
AcDbPolyline
 90
4
 70
1
 10
85.06
 20
79.89
 10
89.89
 20
79.89
 10
89.89
 20
75.06
 10
85.06
 20
75.06
  0
LWPOLYLINE
100
AcDbEntity
  8
0
100
AcDbPolyline
 90
4
 70
1
 10
90.11
 20
79.89
 10
94.94
 20
79.89
 10
94.94
 20
75.06
 10
90.11
 20
75.06
  0
LWPOLYLINE
100
AcDbEntity
  8
0
100
AcDbPolyline
 90
4
 70
1
 10
95.06
 20
79.89
 10
99.89
 20
79.89
 10
99.89
 20
75.06
 10
95.06
 20
75.06
  0
LWPOLYLINE
100
AcDbEntity
  8
0
100
AcDbPolyline
 90
4
 70
1
 10
100.11
 20
79.89
 10
104.94
 20
79.89
 10
104.94
 20
75.06
 10
100.11
 20
75.06
  0
LWPOLYLINE
100
AcDbEntity
  8
0
100
AcDbPolyline
 90
4
 70
1
 10
-104.94
 20
74.94
 10
-100.11
 20
74.94
 10
-100.11
 20
70.11
 10
-104.94
 20
70.11
  0
LWPOLYLINE
100
AcDbEntity
  8
0
100
AcDbPolyline
 90
4
 70
1
 10
-99.89
 20
74.94
 10
-95.06
 20
74.94
 10
-95.06
 20
70.11
 10
-99.89
 20
70.11
  0
LWPOLYLINE
100
AcDbEntity
  8
0
100
AcDbPolyline
 90
4
 70
1
 10
-94.94
 20
74.94
 10
-90.11
 20
74.94
 10
-90.11
 20
70.11
 10
-94.94
 20
70.11
  0
LWPOLYLINE
100
AcDbEntity
  8
0
100
AcDbPolyline
 90
4
 70
1
 10
-89.89
 20
74.94
 10
-85.06
 20
74.94
 10
-85.06
 20
70.11
 10
-89.89
 20
70.11
  0
LWPOLYLINE
100
AcDbEntity
  8
0
100
AcDbPolyline
 90
4
 70
1
 10
-84.94
 20
74.94
 10
-80.11
 20
74.94
 10
-80.11
 20
70.11
 10
-84.94
 20
70.11
  0
LWPOLYLINE
100
AcDbEntity
  8
0
100
AcDbPolyline
 90
4
 70
1
 10
-79.89
 20
74.94
 10
-75.06
 20
74.94
 10
-75.06
 20
70.11
 10
-79.89
 20
70.11
  0
LWPOLYLINE
100
AcDbEntity
  8
0
100
AcDbPolyline
 90
4
 70
1
 10
-74.94
 20
74.94
 10
-70.11
 20
74.94
 10
-70.11
 20
70.11
 10
-74.94
 20
70.11
  0
LWPOLYLINE
100
AcDbEntity
  8
0
100
AcDbPolyline
 90
4
 70
1
 10
-69.89
 20
74.94
 10
-65.06
 20
74.94
 10
-65.06
 20
70.11
 10
-69.89
 20
70.11
  0
LWPOLYLINE
100
AcDbEntity
  8
0
100
AcDbPolyline
 90
4
 70
1
 10
-64.94
 20
74.94
 10
-60.11
 20
74.94
 10
-60.11
 20
70.11
 10
-64.94
 20
70.11
  0
LWPOLYLINE
100
AcDbEntity
  8
0
100
AcDbPolyline
 90
4
 70
1
 10
-59.89
 20
74.94
 10
-55.06
 20
74.94
 10
-55.06
 20
70.11
 10
-59.89
 20
70.11
  0
LWPOLYLINE
100
AcDbEntity
  8
0
100
AcDbPolyline
 90
4
 70
1
 10
-54.94
 20
74.94
 10
-50.11
 20
74.94
 10
-50.11
 20
70.11
 10
-54.94
 20
70.11
  0
LWPOLYLINE
100
AcDbEntity
  8
0
100
AcDbPolyline
 90
4
 70
1
 10
-49.89
 20
74.94
 10
-45.06
 20
74.94
 10
-45.06
 20
70.11
 10
-49.89
 20
70.11
  0
LWPOLYLINE
100
AcDbEntity
  8
0
100
AcDbPolyline
 90
4
 70
1
 10
-44.94
 20
74.94
 10
-40.11
 20
74.94
 10
-40.11
 20
70.11
 10
-44.94
 20
70.11
  0
LWPOLYLINE
100
AcDbEntity
  8
0
100
AcDbPolyline
 90
4
 70
1
 10
-39.89
 20
74.94
 10
-35.06
 20
74.94
 10
-35.06
 20
70.11
 10
-39.89
 20
70.11
  0
LWPOLYLINE
100
AcDbEntity
  8
0
100
AcDbPolyline
 90
4
 70
1
 10
-34.94
 20
74.94
 10
-30.11
 20
74.94
 10
-30.11
 20
70.11
 10
-34.94
 20
70.11
  0
LWPOLYLINE
100
AcDbEntity
  8
0
100
AcDbPolyline
 90
4
 70
1
 10
-29.89
 20
74.94
 10
-25.06
 20
74.94
 10
-25.06
 20
70.11
 10
-29.89
 20
70.11
  0
LWPOLYLINE
100
AcDbEntity
  8
0
100
AcDbPolyline
 90
4
 70
1
 10
-24.94
 20
74.94
 10
-20.11
 20
74.94
 10
-20.11
 20
70.11
 10
-24.94
 20
70.11
  0
LWPOLYLINE
100
AcDbEntity
  8
0
100
AcDbPolyline
 90
4
 70
1
 10
-19.89
 20
74.94
 10
-15.06
 20
74.94
 10
-15.06
 20
70.11
 10
-19.89
 20
70.11
  0
LWPOLYLINE
100
AcDbEntity
  8
0
100
AcDbPolyline
 90
4
 70
1
 10
-14.94
 20
74.94
 10
-10.11
 20
74.94
 10
-10.11
 20
70.11
 10
-14.94
 20
70.11
  0
LWPOLYLINE
100
AcDbEntity
  8
0
100
AcDbPolyline
 90
4
 70
1
 10
-9.89
 20
74.94
 10
-5.06
 20
74.94
 10
-5.06
 20
70.11
 10
-9.89
 20
70.11
  0
LWPOLYLINE
100
AcDbEntity
  8
0
100
AcDbPolyline
 90
4
 70
1
 10
-4.94
 20
74.94
 10
-0.2
 20
74.94
 10
-0.2
 20
70.11
 10
-4.94
 20
70.11
  0
LWPOLYLINE
100
AcDbEntity
  8
0
100
AcDbPolyline
 90
4
 70
1
 10
0.2
 20
74.94
 10
4.94
 20
74.94
 10
4.94
 20
70.11
 10
0.2
 20
70.11
  0
LWPOLYLINE
100
AcDbEntity
  8
0
100
AcDbPolyline
 90
4
 70
1
 10
5.06
 20
74.94
 10
9.89
 20
74.94
 10
9.89
 20
70.11
 10
5.06
 20
70.11
  0
LWPOLYLINE
100
AcDbEntity
  8
0
100
AcDbPolyline
 90
4
 70
1
 10
10.11
 20
74.94
 10
14.94
 20
74.94
 10
14.94
 20
70.11
 10
10.11
 20
70.11
  0
LWPOLYLINE
100
AcDbEntity
  8
0
100
AcDbPolyline
 90
4
 70
1
 10
15.06
 20
74.94
 10
19.89
 20
74.94
 10
19.89
 20
70.11
 10
15.06
 20
70.11
  0
LWPOLYLINE
100
AcDbEntity
  8
0
100
AcDbPolyline
 90
4
 70
1
 10
20.11
 20
74.94
 10
24.94
 20
74.94
 10
24.94
 20
70.11
 10
20.11
 20
70.11
  0
LWPOLYLINE
100
AcDbEntity
  8
0
100
AcDbPolyline
 90
4
 70
1
 10
25.06
 20
74.94
 10
29.89
 20
74.94
 10
29.89
 20
70.11
 10
25.06
 20
70.11
  0
LWPOLYLINE
100
AcDbEntity
  8
0
100
AcDbPolyline
 90
4
 70
1
 10
30.11
 20
74.94
 10
34.94
 20
74.94
 10
34.94
 20
70.11
 10
30.11
 20
70.11
  0
LWPOLYLINE
100
AcDbEntity
  8
0
100
AcDbPolyline
 90
4
 70
1
 10
35.06
 20
74.94
 10
39.89
 20
74.94
 10
39.89
 20
70.11
 10
35.06
 20
70.11
  0
LWPOLYLINE
100
AcDbEntity
  8
0
100
AcDbPolyline
 90
4
 70
1
 10
40.11
 20
74.94
 10
44.94
 20
74.94
 10
44.94
 20
70.11
 10
40.11
 20
70.11
  0
LWPOLYLINE
100
AcDbEntity
  8
0
100
AcDbPolyline
 90
4
 70
1
 10
45.06
 20
74.94
 10
49.89
 20
74.94
 10
49.89
 20
70.11
 10
45.06
 20
70.11
  0
LWPOLYLINE
100
AcDbEntity
  8
0
100
AcDbPolyline
 90
4
 70
1
 10
50.11
 20
74.94
 10
54.94
 20
74.94
 10
54.94
 20
70.11
 10
50.11
 20
70.11
  0
LWPOLYLINE
100
AcDbEntity
  8
0
100
AcDbPolyline
 90
4
 70
1
 10
55.06
 20
74.94
 10
59.89
 20
74.94
 10
59.89
 20
70.11
 10
55.06
 20
70.11
  0
LWPOLYLINE
100
AcDbEntity
  8
0
100
AcDbPolyline
 90
4
 70
1
 10
60.11
 20
74.94
 10
64.94
 20
74.94
 10
64.94
 20
70.11
 10
60.11
 20
70.11
  0
LWPOLYLINE
100
AcDbEntity
  8
0
100
AcDbPolyline
 90
4
 70
1
 10
65.06
 20
74.94
 10
69.89
 20
74.94
 10
69.89
 20
70.11
 10
65.06
 20
70.11
  0
LWPOLYLINE
100
AcDbEntity
  8
0
100
AcDbPolyline
 90
4
 70
1
 10
70.11
 20
74.94
 10
74.94
 20
74.94
 10
74.94
 20
70.11
 10
70.11
 20
70.11
  0
LWPOLYLINE
100
AcDbEntity
  8
0
100
AcDbPolyline
 90
4
 70
1
 10
75.06
 20
74.94
 10
79.89
 20
74.94
 10
79.89
 20
70.11
 10
75.06
 20
70.11
  0
LWPOLYLINE
100
AcDbEntity
  8
0
100
AcDbPolyline
 90
4
 70
1
 10
80.11
 20
74.94
 10
84.94
 20
74.94
 10
84.94
 20
70.11
 10
80.11
 20
70.11
  0
LWPOLYLINE
100
AcDbEntity
  8
0
100
AcDbPolyline
 90
4
 70
1
 10
85.06
 20
74.94
 10
89.89
 20
74.94
 10
89.89
 20
70.11
 10
85.06
 20
70.11
  0
LWPOLYLINE
100
AcDbEntity
  8
0
100
AcDbPolyline
 90
4
 70
1
 10
90.11
 20
74.94
 10
94.94
 20
74.94
 10
94.94
 20
70.11
 10
90.11
 20
70.11
  0
LWPOLYLINE
100
AcDbEntity
  8
0
100
AcDbPolyline
 90
4
 70
1
 10
95.06
 20
74.94
 10
99.89
 20
74.94
 10
99.89
 20
70.11
 10
95.06
 20
70.11
  0
LWPOLYLINE
100
AcDbEntity
  8
0
100
AcDbPolyline
 90
4
 70
1
 10
100.11
 20
74.94
 10
104.94
 20
74.94
 10
104.94
 20
70.11
 10
100.11
 20
70.11
  0
LWPOLYLINE
100
AcDbEntity
  8
0
100
AcDbPolyline
 90
4
 70
1
 10
-104.94
 20
69.89
 10
-100.11
 20
69.89
 10
-100.11
 20
65.06
 10
-104.94
 20
65.06
  0
LWPOLYLINE
100
AcDbEntity
  8
0
100
AcDbPolyline
 90
4
 70
1
 10
-99.89
 20
69.89
 10
-95.06
 20
69.89
 10
-95.06
 20
65.06
 10
-99.89
 20
65.06
  0
LWPOLYLINE
100
AcDbEntity
  8
0
100
AcDbPolyline
 90
4
 70
1
 10
-94.94
 20
69.89
 10
-90.11
 20
69.89
 10
-90.11
 20
65.06
 10
-94.94
 20
65.06
  0
LWPOLYLINE
100
AcDbEntity
  8
0
100
AcDbPolyline
 90
4
 70
1
 10
-89.89
 20
69.89
 10
-85.06
 20
69.89
 10
-85.06
 20
65.06
 10
-89.89
 20
65.06
  0
LWPOLYLINE
100
AcDbEntity
  8
0
100
AcDbPolyline
 90
4
 70
1
 10
-84.94
 20
69.89
 10
-80.11
 20
69.89
 10
-80.11
 20
65.06
 10
-84.94
 20
65.06
  0
LWPOLYLINE
100
AcDbEntity
  8
0
100
AcDbPolyline
 90
4
 70
1
 10
-79.89
 20
69.89
 10
-75.06
 20
69.89
 10
-75.06
 20
65.06
 10
-79.89
 20
65.06
  0
LWPOLYLINE
100
AcDbEntity
  8
0
100
AcDbPolyline
 90
4
 70
1
 10
-74.94
 20
69.89
 10
-70.11
 20
69.89
 10
-70.11
 20
65.06
 10
-74.94
 20
65.06
  0
LWPOLYLINE
100
AcDbEntity
  8
0
100
AcDbPolyline
 90
4
 70
1
 10
-69.89
 20
69.89
 10
-65.06
 20
69.89
 10
-65.06
 20
65.06
 10
-69.89
 20
65.06
  0
LWPOLYLINE
100
AcDbEntity
  8
0
100
AcDbPolyline
 90
4
 70
1
 10
-64.94
 20
69.89
 10
-60.11
 20
69.89
 10
-60.11
 20
65.06
 10
-64.94
 20
65.06
  0
LWPOLYLINE
100
AcDbEntity
  8
0
100
AcDbPolyline
 90
4
 70
1
 10
-59.89
 20
69.89
 10
-55.06
 20
69.89
 10
-55.06
 20
65.06
 10
-59.89
 20
65.06
  0
LWPOLYLINE
100
AcDbEntity
  8
0
100
AcDbPolyline
 90
4
 70
1
 10
-54.94
 20
69.89
 10
-50.11
 20
69.89
 10
-50.11
 20
65.06
 10
-54.94
 20
65.06
  0
LWPOLYLINE
100
AcDbEntity
  8
0
100
AcDbPolyline
 90
4
 70
1
 10
-49.89
 20
69.89
 10
-45.06
 20
69.89
 10
-45.06
 20
65.06
 10
-49.89
 20
65.06
  0
LWPOLYLINE
100
AcDbEntity
  8
0
100
AcDbPolyline
 90
4
 70
1
 10
-44.94
 20
69.89
 10
-40.11
 20
69.89
 10
-40.11
 20
65.06
 10
-44.94
 20
65.06
  0
LWPOLYLINE
100
AcDbEntity
  8
0
100
AcDbPolyline
 90
4
 70
1
 10
-39.89
 20
69.89
 10
-35.06
 20
69.89
 10
-35.06
 20
65.06
 10
-39.89
 20
65.06
  0
LWPOLYLINE
100
AcDbEntity
  8
0
100
AcDbPolyline
 90
4
 70
1
 10
-34.94
 20
69.89
 10
-30.11
 20
69.89
 10
-30.11
 20
65.06
 10
-34.94
 20
65.06
  0
LWPOLYLINE
100
AcDbEntity
  8
0
100
AcDbPolyline
 90
4
 70
1
 10
-29.89
 20
69.89
 10
-25.06
 20
69.89
 10
-25.06
 20
65.06
 10
-29.89
 20
65.06
  0
LWPOLYLINE
100
AcDbEntity
  8
0
100
AcDbPolyline
 90
4
 70
1
 10
-24.94
 20
69.89
 10
-20.11
 20
69.89
 10
-20.11
 20
65.06
 10
-24.94
 20
65.06
  0
LWPOLYLINE
100
AcDbEntity
  8
0
100
AcDbPolyline
 90
4
 70
1
 10
-19.89
 20
69.89
 10
-15.06
 20
69.89
 10
-15.06
 20
65.06
 10
-19.89
 20
65.06
  0
LWPOLYLINE
100
AcDbEntity
  8
0
100
AcDbPolyline
 90
4
 70
1
 10
-14.94
 20
69.89
 10
-10.11
 20
69.89
 10
-10.11
 20
65.06
 10
-14.94
 20
65.06
  0
LWPOLYLINE
100
AcDbEntity
  8
0
100
AcDbPolyline
 90
4
 70
1
 10
-9.89
 20
69.89
 10
-5.06
 20
69.89
 10
-5.06
 20
65.06
 10
-9.89
 20
65.06
  0
LWPOLYLINE
100
AcDbEntity
  8
0
100
AcDbPolyline
 90
4
 70
1
 10
-4.94
 20
69.89
 10
-0.2
 20
69.89
 10
-0.2
 20
65.06
 10
-4.94
 20
65.06
  0
LWPOLYLINE
100
AcDbEntity
  8
0
100
AcDbPolyline
 90
4
 70
1
 10
0.2
 20
69.89
 10
4.94
 20
69.89
 10
4.94
 20
65.06
 10
0.2
 20
65.06
  0
LWPOLYLINE
100
AcDbEntity
  8
0
100
AcDbPolyline
 90
4
 70
1
 10
5.06
 20
69.89
 10
9.89
 20
69.89
 10
9.89
 20
65.06
 10
5.06
 20
65.06
  0
LWPOLYLINE
100
AcDbEntity
  8
0
100
AcDbPolyline
 90
4
 70
1
 10
10.11
 20
69.89
 10
14.94
 20
69.89
 10
14.94
 20
65.06
 10
10.11
 20
65.06
  0
LWPOLYLINE
100
AcDbEntity
  8
0
100
AcDbPolyline
 90
4
 70
1
 10
15.06
 20
69.89
 10
19.89
 20
69.89
 10
19.89
 20
65.06
 10
15.06
 20
65.06
  0
LWPOLYLINE
100
AcDbEntity
  8
0
100
AcDbPolyline
 90
4
 70
1
 10
20.11
 20
69.89
 10
24.94
 20
69.89
 10
24.94
 20
65.06
 10
20.11
 20
65.06
  0
LWPOLYLINE
100
AcDbEntity
  8
0
100
AcDbPolyline
 90
4
 70
1
 10
25.06
 20
69.89
 10
29.89
 20
69.89
 10
29.89
 20
65.06
 10
25.06
 20
65.06
  0
LWPOLYLINE
100
AcDbEntity
  8
0
100
AcDbPolyline
 90
4
 70
1
 10
30.11
 20
69.89
 10
34.94
 20
69.89
 10
34.94
 20
65.06
 10
30.11
 20
65.06
  0
LWPOLYLINE
100
AcDbEntity
  8
0
100
AcDbPolyline
 90
4
 70
1
 10
35.06
 20
69.89
 10
39.89
 20
69.89
 10
39.89
 20
65.06
 10
35.06
 20
65.06
  0
LWPOLYLINE
100
AcDbEntity
  8
0
100
AcDbPolyline
 90
4
 70
1
 10
40.11
 20
69.89
 10
44.94
 20
69.89
 10
44.94
 20
65.06
 10
40.11
 20
65.06
  0
LWPOLYLINE
100
AcDbEntity
  8
0
100
AcDbPolyline
 90
4
 70
1
 10
45.06
 20
69.89
 10
49.89
 20
69.89
 10
49.89
 20
65.06
 10
45.06
 20
65.06
  0
LWPOLYLINE
100
AcDbEntity
  8
0
100
AcDbPolyline
 90
4
 70
1
 10
50.11
 20
69.89
 10
54.94
 20
69.89
 10
54.94
 20
65.06
 10
50.11
 20
65.06
  0
LWPOLYLINE
100
AcDbEntity
  8
0
100
AcDbPolyline
 90
4
 70
1
 10
55.06
 20
69.89
 10
59.89
 20
69.89
 10
59.89
 20
65.06
 10
55.06
 20
65.06
  0
LWPOLYLINE
100
AcDbEntity
  8
0
100
AcDbPolyline
 90
4
 70
1
 10
60.11
 20
69.89
 10
64.94
 20
69.89
 10
64.94
 20
65.06
 10
60.11
 20
65.06
  0
LWPOLYLINE
100
AcDbEntity
  8
0
100
AcDbPolyline
 90
4
 70
1
 10
65.06
 20
69.89
 10
69.89
 20
69.89
 10
69.89
 20
65.06
 10
65.06
 20
65.06
  0
LWPOLYLINE
100
AcDbEntity
  8
0
100
AcDbPolyline
 90
4
 70
1
 10
70.11
 20
69.89
 10
74.94
 20
69.89
 10
74.94
 20
65.06
 10
70.11
 20
65.06
  0
LWPOLYLINE
100
AcDbEntity
  8
0
100
AcDbPolyline
 90
4
 70
1
 10
75.06
 20
69.89
 10
79.89
 20
69.89
 10
79.89
 20
65.06
 10
75.06
 20
65.06
  0
LWPOLYLINE
100
AcDbEntity
  8
0
100
AcDbPolyline
 90
4
 70
1
 10
80.11
 20
69.89
 10
84.94
 20
69.89
 10
84.94
 20
65.06
 10
80.11
 20
65.06
  0
LWPOLYLINE
100
AcDbEntity
  8
0
100
AcDbPolyline
 90
4
 70
1
 10
85.06
 20
69.89
 10
89.89
 20
69.89
 10
89.89
 20
65.06
 10
85.06
 20
65.06
  0
LWPOLYLINE
100
AcDbEntity
  8
0
100
AcDbPolyline
 90
4
 70
1
 10
90.11
 20
69.89
 10
94.94
 20
69.89
 10
94.94
 20
65.06
 10
90.11
 20
65.06
  0
LWPOLYLINE
100
AcDbEntity
  8
0
100
AcDbPolyline
 90
4
 70
1
 10
95.06
 20
69.89
 10
99.89
 20
69.89
 10
99.89
 20
65.06
 10
95.06
 20
65.06
  0
LWPOLYLINE
100
AcDbEntity
  8
0
100
AcDbPolyline
 90
4
 70
1
 10
100.11
 20
69.89
 10
104.94
 20
69.89
 10
104.94
 20
65.06
 10
100.11
 20
65.06
  0
LWPOLYLINE
100
AcDbEntity
  8
0
100
AcDbPolyline
 90
4
 70
1
 10
-104.94
 20
64.94
 10
-100.11
 20
64.94
 10
-100.11
 20
60.11
 10
-104.94
 20
60.11
  0
LWPOLYLINE
100
AcDbEntity
  8
0
100
AcDbPolyline
 90
4
 70
1
 10
-99.89
 20
64.94
 10
-95.06
 20
64.94
 10
-95.06
 20
60.11
 10
-99.89
 20
60.11
  0
LWPOLYLINE
100
AcDbEntity
  8
0
100
AcDbPolyline
 90
4
 70
1
 10
-94.94
 20
64.94
 10
-90.11
 20
64.94
 10
-90.11
 20
60.11
 10
-94.94
 20
60.11
  0
LWPOLYLINE
100
AcDbEntity
  8
0
100
AcDbPolyline
 90
4
 70
1
 10
-89.89
 20
64.94
 10
-85.06
 20
64.94
 10
-85.06
 20
60.11
 10
-89.89
 20
60.11
  0
LWPOLYLINE
100
AcDbEntity
  8
0
100
AcDbPolyline
 90
4
 70
1
 10
-84.94
 20
64.94
 10
-80.11
 20
64.94
 10
-80.11
 20
60.11
 10
-84.94
 20
60.11
  0
LWPOLYLINE
100
AcDbEntity
  8
0
100
AcDbPolyline
 90
4
 70
1
 10
-79.89
 20
64.94
 10
-75.06
 20
64.94
 10
-75.06
 20
60.11
 10
-79.89
 20
60.11
  0
LWPOLYLINE
100
AcDbEntity
  8
0
100
AcDbPolyline
 90
4
 70
1
 10
-74.94
 20
64.94
 10
-70.11
 20
64.94
 10
-70.11
 20
60.11
 10
-74.94
 20
60.11
  0
LWPOLYLINE
100
AcDbEntity
  8
0
100
AcDbPolyline
 90
4
 70
1
 10
-69.89
 20
64.94
 10
-65.06
 20
64.94
 10
-65.06
 20
60.11
 10
-69.89
 20
60.11
  0
LWPOLYLINE
100
AcDbEntity
  8
0
100
AcDbPolyline
 90
4
 70
1
 10
-64.94
 20
64.94
 10
-60.11
 20
64.94
 10
-60.11
 20
60.11
 10
-64.94
 20
60.11
  0
LWPOLYLINE
100
AcDbEntity
  8
0
100
AcDbPolyline
 90
4
 70
1
 10
-59.89
 20
64.94
 10
-55.06
 20
64.94
 10
-55.06
 20
60.11
 10
-59.89
 20
60.11
  0
LWPOLYLINE
100
AcDbEntity
  8
0
100
AcDbPolyline
 90
4
 70
1
 10
-54.94
 20
64.94
 10
-50.11
 20
64.94
 10
-50.11
 20
60.11
 10
-54.94
 20
60.11
  0
LWPOLYLINE
100
AcDbEntity
  8
0
100
AcDbPolyline
 90
4
 70
1
 10
-49.89
 20
64.94
 10
-45.06
 20
64.94
 10
-45.06
 20
60.11
 10
-49.89
 20
60.11
  0
LWPOLYLINE
100
AcDbEntity
  8
0
100
AcDbPolyline
 90
4
 70
1
 10
-44.94
 20
64.94
 10
-40.11
 20
64.94
 10
-40.11
 20
60.11
 10
-44.94
 20
60.11
  0
LWPOLYLINE
100
AcDbEntity
  8
0
100
AcDbPolyline
 90
4
 70
1
 10
-39.89
 20
64.94
 10
-35.06
 20
64.94
 10
-35.06
 20
60.11
 10
-39.89
 20
60.11
  0
LWPOLYLINE
100
AcDbEntity
  8
0
100
AcDbPolyline
 90
4
 70
1
 10
-34.94
 20
64.94
 10
-30.11
 20
64.94
 10
-30.11
 20
60.11
 10
-34.94
 20
60.11
  0
LWPOLYLINE
100
AcDbEntity
  8
0
100
AcDbPolyline
 90
4
 70
1
 10
-29.89
 20
64.94
 10
-25.06
 20
64.94
 10
-25.06
 20
60.11
 10
-29.89
 20
60.11
  0
LWPOLYLINE
100
AcDbEntity
  8
0
100
AcDbPolyline
 90
4
 70
1
 10
-24.94
 20
64.94
 10
-20.11
 20
64.94
 10
-20.11
 20
60.11
 10
-24.94
 20
60.11
  0
LWPOLYLINE
100
AcDbEntity
  8
0
100
AcDbPolyline
 90
4
 70
1
 10
-19.89
 20
64.94
 10
-15.06
 20
64.94
 10
-15.06
 20
60.11
 10
-19.89
 20
60.11
  0
LWPOLYLINE
100
AcDbEntity
  8
0
100
AcDbPolyline
 90
4
 70
1
 10
-14.94
 20
64.94
 10
-10.11
 20
64.94
 10
-10.11
 20
60.11
 10
-14.94
 20
60.11
  0
LWPOLYLINE
100
AcDbEntity
  8
0
100
AcDbPolyline
 90
4
 70
1
 10
-9.89
 20
64.94
 10
-5.06
 20
64.94
 10
-5.06
 20
60.11
 10
-9.89
 20
60.11
  0
LWPOLYLINE
100
AcDbEntity
  8
0
100
AcDbPolyline
 90
4
 70
1
 10
-4.94
 20
64.94
 10
-0.2
 20
64.94
 10
-0.2
 20
60.11
 10
-4.94
 20
60.11
  0
LWPOLYLINE
100
AcDbEntity
  8
0
100
AcDbPolyline
 90
4
 70
1
 10
0.2
 20
64.94
 10
4.94
 20
64.94
 10
4.94
 20
60.11
 10
0.2
 20
60.11
  0
LWPOLYLINE
100
AcDbEntity
  8
0
100
AcDbPolyline
 90
4
 70
1
 10
5.06
 20
64.94
 10
9.89
 20
64.94
 10
9.89
 20
60.11
 10
5.06
 20
60.11
  0
LWPOLYLINE
100
AcDbEntity
  8
0
100
AcDbPolyline
 90
4
 70
1
 10
10.11
 20
64.94
 10
14.94
 20
64.94
 10
14.94
 20
60.11
 10
10.11
 20
60.11
  0
LWPOLYLINE
100
AcDbEntity
  8
0
100
AcDbPolyline
 90
4
 70
1
 10
15.06
 20
64.94
 10
19.89
 20
64.94
 10
19.89
 20
60.11
 10
15.06
 20
60.11
  0
LWPOLYLINE
100
AcDbEntity
  8
0
100
AcDbPolyline
 90
4
 70
1
 10
20.11
 20
64.94
 10
24.94
 20
64.94
 10
24.94
 20
60.11
 10
20.11
 20
60.11
  0
LWPOLYLINE
100
AcDbEntity
  8
0
100
AcDbPolyline
 90
4
 70
1
 10
25.06
 20
64.94
 10
29.89
 20
64.94
 10
29.89
 20
60.11
 10
25.06
 20
60.11
  0
LWPOLYLINE
100
AcDbEntity
  8
0
100
AcDbPolyline
 90
4
 70
1
 10
30.11
 20
64.94
 10
34.94
 20
64.94
 10
34.94
 20
60.11
 10
30.11
 20
60.11
  0
LWPOLYLINE
100
AcDbEntity
  8
0
100
AcDbPolyline
 90
4
 70
1
 10
35.06
 20
64.94
 10
39.89
 20
64.94
 10
39.89
 20
60.11
 10
35.06
 20
60.11
  0
LWPOLYLINE
100
AcDbEntity
  8
0
100
AcDbPolyline
 90
4
 70
1
 10
40.11
 20
64.94
 10
44.94
 20
64.94
 10
44.94
 20
60.11
 10
40.11
 20
60.11
  0
LWPOLYLINE
100
AcDbEntity
  8
0
100
AcDbPolyline
 90
4
 70
1
 10
45.06
 20
64.94
 10
49.89
 20
64.94
 10
49.89
 20
60.11
 10
45.06
 20
60.11
  0
LWPOLYLINE
100
AcDbEntity
  8
0
100
AcDbPolyline
 90
4
 70
1
 10
50.11
 20
64.94
 10
54.94
 20
64.94
 10
54.94
 20
60.11
 10
50.11
 20
60.11
  0
LWPOLYLINE
100
AcDbEntity
  8
0
100
AcDbPolyline
 90
4
 70
1
 10
55.06
 20
64.94
 10
59.89
 20
64.94
 10
59.89
 20
60.11
 10
55.06
 20
60.11
  0
LWPOLYLINE
100
AcDbEntity
  8
0
100
AcDbPolyline
 90
4
 70
1
 10
60.11
 20
64.94
 10
64.94
 20
64.94
 10
64.94
 20
60.11
 10
60.11
 20
60.11
  0
LWPOLYLINE
100
AcDbEntity
  8
0
100
AcDbPolyline
 90
4
 70
1
 10
65.06
 20
64.94
 10
69.89
 20
64.94
 10
69.89
 20
60.11
 10
65.06
 20
60.11
  0
LWPOLYLINE
100
AcDbEntity
  8
0
100
AcDbPolyline
 90
4
 70
1
 10
70.11
 20
64.94
 10
74.94
 20
64.94
 10
74.94
 20
60.11
 10
70.11
 20
60.11
  0
LWPOLYLINE
100
AcDbEntity
  8
0
100
AcDbPolyline
 90
4
 70
1
 10
75.06
 20
64.94
 10
79.89
 20
64.94
 10
79.89
 20
60.11
 10
75.06
 20
60.11
  0
LWPOLYLINE
100
AcDbEntity
  8
0
100
AcDbPolyline
 90
4
 70
1
 10
80.11
 20
64.94
 10
84.94
 20
64.94
 10
84.94
 20
60.11
 10
80.11
 20
60.11
  0
LWPOLYLINE
100
AcDbEntity
  8
0
100
AcDbPolyline
 90
4
 70
1
 10
85.06
 20
64.94
 10
89.89
 20
64.94
 10
89.89
 20
60.11
 10
85.06
 20
60.11
  0
LWPOLYLINE
100
AcDbEntity
  8
0
100
AcDbPolyline
 90
4
 70
1
 10
90.11
 20
64.94
 10
94.94
 20
64.94
 10
94.94
 20
60.11
 10
90.11
 20
60.11
  0
LWPOLYLINE
100
AcDbEntity
  8
0
100
AcDbPolyline
 90
4
 70
1
 10
95.06
 20
64.94
 10
99.89
 20
64.94
 10
99.89
 20
60.11
 10
95.06
 20
60.11
  0
LWPOLYLINE
100
AcDbEntity
  8
0
100
AcDbPolyline
 90
4
 70
1
 10
100.11
 20
64.94
 10
104.94
 20
64.94
 10
104.94
 20
60.11
 10
100.11
 20
60.11
  0
LWPOLYLINE
100
AcDbEntity
  8
0
100
AcDbPolyline
 90
4
 70
1
 10
-104.94
 20
59.89
 10
-100.11
 20
59.89
 10
-100.11
 20
55.06
 10
-104.94
 20
55.06
  0
LWPOLYLINE
100
AcDbEntity
  8
0
100
AcDbPolyline
 90
4
 70
1
 10
-99.89
 20
59.89
 10
-95.06
 20
59.89
 10
-95.06
 20
55.06
 10
-99.89
 20
55.06
  0
LWPOLYLINE
100
AcDbEntity
  8
0
100
AcDbPolyline
 90
4
 70
1
 10
-94.94
 20
59.89
 10
-90.11
 20
59.89
 10
-90.11
 20
55.06
 10
-94.94
 20
55.06
  0
LWPOLYLINE
100
AcDbEntity
  8
0
100
AcDbPolyline
 90
4
 70
1
 10
-89.89
 20
59.89
 10
-85.06
 20
59.89
 10
-85.06
 20
55.06
 10
-89.89
 20
55.06
  0
LWPOLYLINE
100
AcDbEntity
  8
0
100
AcDbPolyline
 90
4
 70
1
 10
-84.94
 20
59.89
 10
-80.11
 20
59.89
 10
-80.11
 20
55.06
 10
-84.94
 20
55.06
  0
LWPOLYLINE
100
AcDbEntity
  8
0
100
AcDbPolyline
 90
4
 70
1
 10
-79.89
 20
59.89
 10
-75.06
 20
59.89
 10
-75.06
 20
55.06
 10
-79.89
 20
55.06
  0
LWPOLYLINE
100
AcDbEntity
  8
0
100
AcDbPolyline
 90
4
 70
1
 10
-74.94
 20
59.89
 10
-70.11
 20
59.89
 10
-70.11
 20
55.06
 10
-74.94
 20
55.06
  0
LWPOLYLINE
100
AcDbEntity
  8
0
100
AcDbPolyline
 90
4
 70
1
 10
-69.89
 20
59.89
 10
-65.06
 20
59.89
 10
-65.06
 20
55.06
 10
-69.89
 20
55.06
  0
LWPOLYLINE
100
AcDbEntity
  8
0
100
AcDbPolyline
 90
4
 70
1
 10
-64.94
 20
59.89
 10
-60.11
 20
59.89
 10
-60.11
 20
55.06
 10
-64.94
 20
55.06
  0
LWPOLYLINE
100
AcDbEntity
  8
0
100
AcDbPolyline
 90
4
 70
1
 10
-59.89
 20
59.89
 10
-55.06
 20
59.89
 10
-55.06
 20
55.06
 10
-59.89
 20
55.06
  0
LWPOLYLINE
100
AcDbEntity
  8
0
100
AcDbPolyline
 90
4
 70
1
 10
-54.94
 20
59.89
 10
-50.11
 20
59.89
 10
-50.11
 20
55.06
 10
-54.94
 20
55.06
  0
LWPOLYLINE
100
AcDbEntity
  8
0
100
AcDbPolyline
 90
4
 70
1
 10
-49.89
 20
59.89
 10
-45.06
 20
59.89
 10
-45.06
 20
55.06
 10
-49.89
 20
55.06
  0
LWPOLYLINE
100
AcDbEntity
  8
0
100
AcDbPolyline
 90
4
 70
1
 10
-44.94
 20
59.89
 10
-40.11
 20
59.89
 10
-40.11
 20
55.06
 10
-44.94
 20
55.06
  0
LWPOLYLINE
100
AcDbEntity
  8
0
100
AcDbPolyline
 90
4
 70
1
 10
-39.89
 20
59.89
 10
-35.06
 20
59.89
 10
-35.06
 20
55.06
 10
-39.89
 20
55.06
  0
LWPOLYLINE
100
AcDbEntity
  8
0
100
AcDbPolyline
 90
4
 70
1
 10
-34.94
 20
59.89
 10
-30.11
 20
59.89
 10
-30.11
 20
55.06
 10
-34.94
 20
55.06
  0
LWPOLYLINE
100
AcDbEntity
  8
0
100
AcDbPolyline
 90
4
 70
1
 10
-29.89
 20
59.89
 10
-25.06
 20
59.89
 10
-25.06
 20
55.06
 10
-29.89
 20
55.06
  0
LWPOLYLINE
100
AcDbEntity
  8
0
100
AcDbPolyline
 90
4
 70
1
 10
-24.94
 20
59.89
 10
-20.11
 20
59.89
 10
-20.11
 20
55.06
 10
-24.94
 20
55.06
  0
LWPOLYLINE
100
AcDbEntity
  8
0
100
AcDbPolyline
 90
4
 70
1
 10
-19.89
 20
59.89
 10
-15.06
 20
59.89
 10
-15.06
 20
55.06
 10
-19.89
 20
55.06
  0
LWPOLYLINE
100
AcDbEntity
  8
0
100
AcDbPolyline
 90
4
 70
1
 10
-14.94
 20
59.89
 10
-10.11
 20
59.89
 10
-10.11
 20
55.06
 10
-14.94
 20
55.06
  0
LWPOLYLINE
100
AcDbEntity
  8
0
100
AcDbPolyline
 90
4
 70
1
 10
-9.89
 20
59.89
 10
-5.06
 20
59.89
 10
-5.06
 20
55.06
 10
-9.89
 20
55.06
  0
LWPOLYLINE
100
AcDbEntity
  8
0
100
AcDbPolyline
 90
4
 70
1
 10
-4.94
 20
59.89
 10
-0.2
 20
59.89
 10
-0.2
 20
55.06
 10
-4.94
 20
55.06
  0
LWPOLYLINE
100
AcDbEntity
  8
0
100
AcDbPolyline
 90
4
 70
1
 10
0.2
 20
59.89
 10
4.94
 20
59.89
 10
4.94
 20
55.06
 10
0.2
 20
55.06
  0
LWPOLYLINE
100
AcDbEntity
  8
0
100
AcDbPolyline
 90
4
 70
1
 10
5.06
 20
59.89
 10
9.89
 20
59.89
 10
9.89
 20
55.06
 10
5.06
 20
55.06
  0
LWPOLYLINE
100
AcDbEntity
  8
0
100
AcDbPolyline
 90
4
 70
1
 10
10.11
 20
59.89
 10
14.94
 20
59.89
 10
14.94
 20
55.06
 10
10.11
 20
55.06
  0
LWPOLYLINE
100
AcDbEntity
  8
0
100
AcDbPolyline
 90
4
 70
1
 10
15.06
 20
59.89
 10
19.89
 20
59.89
 10
19.89
 20
55.06
 10
15.06
 20
55.06
  0
LWPOLYLINE
100
AcDbEntity
  8
0
100
AcDbPolyline
 90
4
 70
1
 10
20.11
 20
59.89
 10
24.94
 20
59.89
 10
24.94
 20
55.06
 10
20.11
 20
55.06
  0
LWPOLYLINE
100
AcDbEntity
  8
0
100
AcDbPolyline
 90
4
 70
1
 10
25.06
 20
59.89
 10
29.89
 20
59.89
 10
29.89
 20
55.06
 10
25.06
 20
55.06
  0
LWPOLYLINE
100
AcDbEntity
  8
0
100
AcDbPolyline
 90
4
 70
1
 10
30.11
 20
59.89
 10
34.94
 20
59.89
 10
34.94
 20
55.06
 10
30.11
 20
55.06
  0
LWPOLYLINE
100
AcDbEntity
  8
0
100
AcDbPolyline
 90
4
 70
1
 10
35.06
 20
59.89
 10
39.89
 20
59.89
 10
39.89
 20
55.06
 10
35.06
 20
55.06
  0
LWPOLYLINE
100
AcDbEntity
  8
0
100
AcDbPolyline
 90
4
 70
1
 10
40.11
 20
59.89
 10
44.94
 20
59.89
 10
44.94
 20
55.06
 10
40.11
 20
55.06
  0
LWPOLYLINE
100
AcDbEntity
  8
0
100
AcDbPolyline
 90
4
 70
1
 10
45.06
 20
59.89
 10
49.89
 20
59.89
 10
49.89
 20
55.06
 10
45.06
 20
55.06
  0
LWPOLYLINE
100
AcDbEntity
  8
0
100
AcDbPolyline
 90
4
 70
1
 10
50.11
 20
59.89
 10
54.94
 20
59.89
 10
54.94
 20
55.06
 10
50.11
 20
55.06
  0
LWPOLYLINE
100
AcDbEntity
  8
0
100
AcDbPolyline
 90
4
 70
1
 10
55.06
 20
59.89
 10
59.89
 20
59.89
 10
59.89
 20
55.06
 10
55.06
 20
55.06
  0
LWPOLYLINE
100
AcDbEntity
  8
0
100
AcDbPolyline
 90
4
 70
1
 10
60.11
 20
59.89
 10
64.94
 20
59.89
 10
64.94
 20
55.06
 10
60.11
 20
55.06
  0
LWPOLYLINE
100
AcDbEntity
  8
0
100
AcDbPolyline
 90
4
 70
1
 10
65.06
 20
59.89
 10
69.89
 20
59.89
 10
69.89
 20
55.06
 10
65.06
 20
55.06
  0
LWPOLYLINE
100
AcDbEntity
  8
0
100
AcDbPolyline
 90
4
 70
1
 10
70.11
 20
59.89
 10
74.94
 20
59.89
 10
74.94
 20
55.06
 10
70.11
 20
55.06
  0
LWPOLYLINE
100
AcDbEntity
  8
0
100
AcDbPolyline
 90
4
 70
1
 10
75.06
 20
59.89
 10
79.89
 20
59.89
 10
79.89
 20
55.06
 10
75.06
 20
55.06
  0
LWPOLYLINE
100
AcDbEntity
  8
0
100
AcDbPolyline
 90
4
 70
1
 10
80.11
 20
59.89
 10
84.94
 20
59.89
 10
84.94
 20
55.06
 10
80.11
 20
55.06
  0
LWPOLYLINE
100
AcDbEntity
  8
0
100
AcDbPolyline
 90
4
 70
1
 10
85.06
 20
59.89
 10
89.89
 20
59.89
 10
89.89
 20
55.06
 10
85.06
 20
55.06
  0
LWPOLYLINE
100
AcDbEntity
  8
0
100
AcDbPolyline
 90
4
 70
1
 10
90.11
 20
59.89
 10
94.94
 20
59.89
 10
94.94
 20
55.06
 10
90.11
 20
55.06
  0
LWPOLYLINE
100
AcDbEntity
  8
0
100
AcDbPolyline
 90
4
 70
1
 10
95.06
 20
59.89
 10
99.89
 20
59.89
 10
99.89
 20
55.06
 10
95.06
 20
55.06
  0
LWPOLYLINE
100
AcDbEntity
  8
0
100
AcDbPolyline
 90
4
 70
1
 10
100.11
 20
59.89
 10
104.94
 20
59.89
 10
104.94
 20
55.06
 10
100.11
 20
55.06
  0
LWPOLYLINE
100
AcDbEntity
  8
0
100
AcDbPolyline
 90
4
 70
1
 10
-104.94
 20
54.94
 10
-100.11
 20
54.94
 10
-100.11
 20
50.11
 10
-104.94
 20
50.11
  0
LWPOLYLINE
100
AcDbEntity
  8
0
100
AcDbPolyline
 90
4
 70
1
 10
-99.89
 20
54.94
 10
-95.06
 20
54.94
 10
-95.06
 20
50.11
 10
-99.89
 20
50.11
  0
LWPOLYLINE
100
AcDbEntity
  8
0
100
AcDbPolyline
 90
4
 70
1
 10
-94.94
 20
54.94
 10
-90.11
 20
54.94
 10
-90.11
 20
50.11
 10
-94.94
 20
50.11
  0
LWPOLYLINE
100
AcDbEntity
  8
0
100
AcDbPolyline
 90
4
 70
1
 10
-89.89
 20
54.94
 10
-85.06
 20
54.94
 10
-85.06
 20
50.11
 10
-89.89
 20
50.11
  0
LWPOLYLINE
100
AcDbEntity
  8
0
100
AcDbPolyline
 90
4
 70
1
 10
-84.94
 20
54.94
 10
-80.11
 20
54.94
 10
-80.11
 20
50.11
 10
-84.94
 20
50.11
  0
LWPOLYLINE
100
AcDbEntity
  8
0
100
AcDbPolyline
 90
4
 70
1
 10
-79.89
 20
54.94
 10
-75.06
 20
54.94
 10
-75.06
 20
50.11
 10
-79.89
 20
50.11
  0
LWPOLYLINE
100
AcDbEntity
  8
0
100
AcDbPolyline
 90
4
 70
1
 10
-74.94
 20
54.94
 10
-70.11
 20
54.94
 10
-70.11
 20
50.11
 10
-74.94
 20
50.11
  0
LWPOLYLINE
100
AcDbEntity
  8
0
100
AcDbPolyline
 90
4
 70
1
 10
-69.89
 20
54.94
 10
-65.06
 20
54.94
 10
-65.06
 20
50.11
 10
-69.89
 20
50.11
  0
LWPOLYLINE
100
AcDbEntity
  8
0
100
AcDbPolyline
 90
4
 70
1
 10
-64.94
 20
54.94
 10
-60.11
 20
54.94
 10
-60.11
 20
50.11
 10
-64.94
 20
50.11
  0
LWPOLYLINE
100
AcDbEntity
  8
0
100
AcDbPolyline
 90
4
 70
1
 10
-59.89
 20
54.94
 10
-55.06
 20
54.94
 10
-55.06
 20
50.11
 10
-59.89
 20
50.11
  0
LWPOLYLINE
100
AcDbEntity
  8
0
100
AcDbPolyline
 90
4
 70
1
 10
-54.94
 20
54.94
 10
-50.11
 20
54.94
 10
-50.11
 20
50.11
 10
-54.94
 20
50.11
  0
LWPOLYLINE
100
AcDbEntity
  8
0
100
AcDbPolyline
 90
4
 70
1
 10
-49.89
 20
54.94
 10
-45.06
 20
54.94
 10
-45.06
 20
50.11
 10
-49.89
 20
50.11
  0
LWPOLYLINE
100
AcDbEntity
  8
0
100
AcDbPolyline
 90
4
 70
1
 10
-44.94
 20
54.94
 10
-40.11
 20
54.94
 10
-40.11
 20
50.11
 10
-44.94
 20
50.11
  0
LWPOLYLINE
100
AcDbEntity
  8
0
100
AcDbPolyline
 90
4
 70
1
 10
-39.89
 20
54.94
 10
-35.06
 20
54.94
 10
-35.06
 20
50.11
 10
-39.89
 20
50.11
  0
LWPOLYLINE
100
AcDbEntity
  8
0
100
AcDbPolyline
 90
4
 70
1
 10
-34.94
 20
54.94
 10
-30.11
 20
54.94
 10
-30.11
 20
50.11
 10
-34.94
 20
50.11
  0
LWPOLYLINE
100
AcDbEntity
  8
0
100
AcDbPolyline
 90
4
 70
1
 10
-29.89
 20
54.94
 10
-25.06
 20
54.94
 10
-25.06
 20
50.11
 10
-29.89
 20
50.11
  0
LWPOLYLINE
100
AcDbEntity
  8
0
100
AcDbPolyline
 90
4
 70
1
 10
-24.94
 20
54.94
 10
-20.11
 20
54.94
 10
-20.11
 20
50.11
 10
-24.94
 20
50.11
  0
LWPOLYLINE
100
AcDbEntity
  8
0
100
AcDbPolyline
 90
4
 70
1
 10
-19.89
 20
54.94
 10
-15.06
 20
54.94
 10
-15.06
 20
50.11
 10
-19.89
 20
50.11
  0
LWPOLYLINE
100
AcDbEntity
  8
0
100
AcDbPolyline
 90
4
 70
1
 10
-14.94
 20
54.94
 10
-10.11
 20
54.94
 10
-10.11
 20
50.11
 10
-14.94
 20
50.11
  0
LWPOLYLINE
100
AcDbEntity
  8
0
100
AcDbPolyline
 90
4
 70
1
 10
-9.89
 20
54.94
 10
-5.06
 20
54.94
 10
-5.06
 20
50.11
 10
-9.89
 20
50.11
  0
LWPOLYLINE
100
AcDbEntity
  8
0
100
AcDbPolyline
 90
4
 70
1
 10
-4.94
 20
54.94
 10
-0.2
 20
54.94
 10
-0.2
 20
50.11
 10
-4.94
 20
50.11
  0
LWPOLYLINE
100
AcDbEntity
  8
0
100
AcDbPolyline
 90
4
 70
1
 10
0.2
 20
54.94
 10
4.94
 20
54.94
 10
4.94
 20
50.11
 10
0.2
 20
50.11
  0
LWPOLYLINE
100
AcDbEntity
  8
0
100
AcDbPolyline
 90
4
 70
1
 10
5.06
 20
54.94
 10
9.89
 20
54.94
 10
9.89
 20
50.11
 10
5.06
 20
50.11
  0
LWPOLYLINE
100
AcDbEntity
  8
0
100
AcDbPolyline
 90
4
 70
1
 10
10.11
 20
54.94
 10
14.94
 20
54.94
 10
14.94
 20
50.11
 10
10.11
 20
50.11
  0
LWPOLYLINE
100
AcDbEntity
  8
0
100
AcDbPolyline
 90
4
 70
1
 10
15.06
 20
54.94
 10
19.89
 20
54.94
 10
19.89
 20
50.11
 10
15.06
 20
50.11
  0
LWPOLYLINE
100
AcDbEntity
  8
0
100
AcDbPolyline
 90
4
 70
1
 10
20.11
 20
54.94
 10
24.94
 20
54.94
 10
24.94
 20
50.11
 10
20.11
 20
50.11
  0
LWPOLYLINE
100
AcDbEntity
  8
0
100
AcDbPolyline
 90
4
 70
1
 10
25.06
 20
54.94
 10
29.89
 20
54.94
 10
29.89
 20
50.11
 10
25.06
 20
50.11
  0
LWPOLYLINE
100
AcDbEntity
  8
0
100
AcDbPolyline
 90
4
 70
1
 10
30.11
 20
54.94
 10
34.94
 20
54.94
 10
34.94
 20
50.11
 10
30.11
 20
50.11
  0
LWPOLYLINE
100
AcDbEntity
  8
0
100
AcDbPolyline
 90
4
 70
1
 10
35.06
 20
54.94
 10
39.89
 20
54.94
 10
39.89
 20
50.11
 10
35.06
 20
50.11
  0
LWPOLYLINE
100
AcDbEntity
  8
0
100
AcDbPolyline
 90
4
 70
1
 10
40.11
 20
54.94
 10
44.94
 20
54.94
 10
44.94
 20
50.11
 10
40.11
 20
50.11
  0
LWPOLYLINE
100
AcDbEntity
  8
0
100
AcDbPolyline
 90
4
 70
1
 10
45.06
 20
54.94
 10
49.89
 20
54.94
 10
49.89
 20
50.11
 10
45.06
 20
50.11
  0
LWPOLYLINE
100
AcDbEntity
  8
0
100
AcDbPolyline
 90
4
 70
1
 10
50.11
 20
54.94
 10
54.94
 20
54.94
 10
54.94
 20
50.11
 10
50.11
 20
50.11
  0
LWPOLYLINE
100
AcDbEntity
  8
0
100
AcDbPolyline
 90
4
 70
1
 10
55.06
 20
54.94
 10
59.89
 20
54.94
 10
59.89
 20
50.11
 10
55.06
 20
50.11
  0
LWPOLYLINE
100
AcDbEntity
  8
0
100
AcDbPolyline
 90
4
 70
1
 10
60.11
 20
54.94
 10
64.94
 20
54.94
 10
64.94
 20
50.11
 10
60.11
 20
50.11
  0
LWPOLYLINE
100
AcDbEntity
  8
0
100
AcDbPolyline
 90
4
 70
1
 10
65.06
 20
54.94
 10
69.89
 20
54.94
 10
69.89
 20
50.11
 10
65.06
 20
50.11
  0
LWPOLYLINE
100
AcDbEntity
  8
0
100
AcDbPolyline
 90
4
 70
1
 10
70.11
 20
54.94
 10
74.94
 20
54.94
 10
74.94
 20
50.11
 10
70.11
 20
50.11
  0
LWPOLYLINE
100
AcDbEntity
  8
0
100
AcDbPolyline
 90
4
 70
1
 10
75.06
 20
54.94
 10
79.89
 20
54.94
 10
79.89
 20
50.11
 10
75.06
 20
50.11
  0
LWPOLYLINE
100
AcDbEntity
  8
0
100
AcDbPolyline
 90
4
 70
1
 10
80.11
 20
54.94
 10
84.94
 20
54.94
 10
84.94
 20
50.11
 10
80.11
 20
50.11
  0
LWPOLYLINE
100
AcDbEntity
  8
0
100
AcDbPolyline
 90
4
 70
1
 10
85.06
 20
54.94
 10
89.89
 20
54.94
 10
89.89
 20
50.11
 10
85.06
 20
50.11
  0
LWPOLYLINE
100
AcDbEntity
  8
0
100
AcDbPolyline
 90
4
 70
1
 10
90.11
 20
54.94
 10
94.94
 20
54.94
 10
94.94
 20
50.11
 10
90.11
 20
50.11
  0
LWPOLYLINE
100
AcDbEntity
  8
0
100
AcDbPolyline
 90
4
 70
1
 10
95.06
 20
54.94
 10
99.89
 20
54.94
 10
99.89
 20
50.11
 10
95.06
 20
50.11
  0
LWPOLYLINE
100
AcDbEntity
  8
0
100
AcDbPolyline
 90
4
 70
1
 10
100.11
 20
54.94
 10
104.94
 20
54.94
 10
104.94
 20
50.11
 10
100.11
 20
50.11
  0
LWPOLYLINE
100
AcDbEntity
  8
0
100
AcDbPolyline
 90
4
 70
1
 10
-104.94
 20
49.89
 10
-100.11
 20
49.89
 10
-100.11
 20
45.06
 10
-104.94
 20
45.06
  0
LWPOLYLINE
100
AcDbEntity
  8
0
100
AcDbPolyline
 90
4
 70
1
 10
-99.89
 20
49.89
 10
-95.06
 20
49.89
 10
-95.06
 20
45.06
 10
-99.89
 20
45.06
  0
LWPOLYLINE
100
AcDbEntity
  8
0
100
AcDbPolyline
 90
4
 70
1
 10
-94.94
 20
49.89
 10
-90.11
 20
49.89
 10
-90.11
 20
45.06
 10
-94.94
 20
45.06
  0
LWPOLYLINE
100
AcDbEntity
  8
0
100
AcDbPolyline
 90
4
 70
1
 10
-89.89
 20
49.89
 10
-85.06
 20
49.89
 10
-85.06
 20
45.06
 10
-89.89
 20
45.06
  0
LWPOLYLINE
100
AcDbEntity
  8
0
100
AcDbPolyline
 90
4
 70
1
 10
-84.94
 20
49.89
 10
-80.11
 20
49.89
 10
-80.11
 20
45.06
 10
-84.94
 20
45.06
  0
LWPOLYLINE
100
AcDbEntity
  8
0
100
AcDbPolyline
 90
4
 70
1
 10
-79.89
 20
49.89
 10
-75.06
 20
49.89
 10
-75.06
 20
45.06
 10
-79.89
 20
45.06
  0
LWPOLYLINE
100
AcDbEntity
  8
0
100
AcDbPolyline
 90
4
 70
1
 10
-74.94
 20
49.89
 10
-70.11
 20
49.89
 10
-70.11
 20
45.06
 10
-74.94
 20
45.06
  0
LWPOLYLINE
100
AcDbEntity
  8
0
100
AcDbPolyline
 90
4
 70
1
 10
-69.89
 20
49.89
 10
-65.06
 20
49.89
 10
-65.06
 20
45.06
 10
-69.89
 20
45.06
  0
LWPOLYLINE
100
AcDbEntity
  8
0
100
AcDbPolyline
 90
4
 70
1
 10
-64.94
 20
49.89
 10
-60.11
 20
49.89
 10
-60.11
 20
45.06
 10
-64.94
 20
45.06
  0
LWPOLYLINE
100
AcDbEntity
  8
0
100
AcDbPolyline
 90
4
 70
1
 10
-59.89
 20
49.89
 10
-55.06
 20
49.89
 10
-55.06
 20
45.06
 10
-59.89
 20
45.06
  0
LWPOLYLINE
100
AcDbEntity
  8
0
100
AcDbPolyline
 90
4
 70
1
 10
-54.94
 20
49.89
 10
-50.11
 20
49.89
 10
-50.11
 20
45.06
 10
-54.94
 20
45.06
  0
LWPOLYLINE
100
AcDbEntity
  8
0
100
AcDbPolyline
 90
4
 70
1
 10
-49.89
 20
49.89
 10
-45.06
 20
49.89
 10
-45.06
 20
45.06
 10
-49.89
 20
45.06
  0
LWPOLYLINE
100
AcDbEntity
  8
0
100
AcDbPolyline
 90
4
 70
1
 10
-44.94
 20
49.89
 10
-40.11
 20
49.89
 10
-40.11
 20
45.06
 10
-44.94
 20
45.06
  0
LWPOLYLINE
100
AcDbEntity
  8
0
100
AcDbPolyline
 90
4
 70
1
 10
-39.89
 20
49.89
 10
-35.06
 20
49.89
 10
-35.06
 20
45.06
 10
-39.89
 20
45.06
  0
LWPOLYLINE
100
AcDbEntity
  8
0
100
AcDbPolyline
 90
4
 70
1
 10
-34.94
 20
49.89
 10
-30.11
 20
49.89
 10
-30.11
 20
45.06
 10
-34.94
 20
45.06
  0
LWPOLYLINE
100
AcDbEntity
  8
0
100
AcDbPolyline
 90
4
 70
1
 10
-29.89
 20
49.89
 10
-25.06
 20
49.89
 10
-25.06
 20
45.06
 10
-29.89
 20
45.06
  0
LWPOLYLINE
100
AcDbEntity
  8
0
100
AcDbPolyline
 90
4
 70
1
 10
-24.94
 20
49.89
 10
-20.11
 20
49.89
 10
-20.11
 20
45.06
 10
-24.94
 20
45.06
  0
LWPOLYLINE
100
AcDbEntity
  8
0
100
AcDbPolyline
 90
4
 70
1
 10
-19.89
 20
49.89
 10
-15.06
 20
49.89
 10
-15.06
 20
45.06
 10
-19.89
 20
45.06
  0
LWPOLYLINE
100
AcDbEntity
  8
0
100
AcDbPolyline
 90
4
 70
1
 10
-14.94
 20
49.89
 10
-10.11
 20
49.89
 10
-10.11
 20
45.06
 10
-14.94
 20
45.06
  0
LWPOLYLINE
100
AcDbEntity
  8
0
100
AcDbPolyline
 90
4
 70
1
 10
-9.89
 20
49.89
 10
-5.06
 20
49.89
 10
-5.06
 20
45.06
 10
-9.89
 20
45.06
  0
LWPOLYLINE
100
AcDbEntity
  8
0
100
AcDbPolyline
 90
4
 70
1
 10
-4.94
 20
49.89
 10
-0.2
 20
49.89
 10
-0.2
 20
45.06
 10
-4.94
 20
45.06
  0
LWPOLYLINE
100
AcDbEntity
  8
0
100
AcDbPolyline
 90
4
 70
1
 10
0.2
 20
49.89
 10
4.94
 20
49.89
 10
4.94
 20
45.06
 10
0.2
 20
45.06
  0
LWPOLYLINE
100
AcDbEntity
  8
0
100
AcDbPolyline
 90
4
 70
1
 10
5.06
 20
49.89
 10
9.89
 20
49.89
 10
9.89
 20
45.06
 10
5.06
 20
45.06
  0
LWPOLYLINE
100
AcDbEntity
  8
0
100
AcDbPolyline
 90
4
 70
1
 10
10.11
 20
49.89
 10
14.94
 20
49.89
 10
14.94
 20
45.06
 10
10.11
 20
45.06
  0
LWPOLYLINE
100
AcDbEntity
  8
0
100
AcDbPolyline
 90
4
 70
1
 10
15.06
 20
49.89
 10
19.89
 20
49.89
 10
19.89
 20
45.06
 10
15.06
 20
45.06
  0
LWPOLYLINE
100
AcDbEntity
  8
0
100
AcDbPolyline
 90
4
 70
1
 10
20.11
 20
49.89
 10
24.94
 20
49.89
 10
24.94
 20
45.06
 10
20.11
 20
45.06
  0
LWPOLYLINE
100
AcDbEntity
  8
0
100
AcDbPolyline
 90
4
 70
1
 10
25.06
 20
49.89
 10
29.89
 20
49.89
 10
29.89
 20
45.06
 10
25.06
 20
45.06
  0
LWPOLYLINE
100
AcDbEntity
  8
0
100
AcDbPolyline
 90
4
 70
1
 10
30.11
 20
49.89
 10
34.94
 20
49.89
 10
34.94
 20
45.06
 10
30.11
 20
45.06
  0
LWPOLYLINE
100
AcDbEntity
  8
0
100
AcDbPolyline
 90
4
 70
1
 10
35.06
 20
49.89
 10
39.89
 20
49.89
 10
39.89
 20
45.06
 10
35.06
 20
45.06
  0
LWPOLYLINE
100
AcDbEntity
  8
0
100
AcDbPolyline
 90
4
 70
1
 10
40.11
 20
49.89
 10
44.94
 20
49.89
 10
44.94
 20
45.06
 10
40.11
 20
45.06
  0
LWPOLYLINE
100
AcDbEntity
  8
0
100
AcDbPolyline
 90
4
 70
1
 10
45.06
 20
49.89
 10
49.89
 20
49.89
 10
49.89
 20
45.06
 10
45.06
 20
45.06
  0
LWPOLYLINE
100
AcDbEntity
  8
0
100
AcDbPolyline
 90
4
 70
1
 10
50.11
 20
49.89
 10
54.94
 20
49.89
 10
54.94
 20
45.06
 10
50.11
 20
45.06
  0
LWPOLYLINE
100
AcDbEntity
  8
0
100
AcDbPolyline
 90
4
 70
1
 10
55.06
 20
49.89
 10
59.89
 20
49.89
 10
59.89
 20
45.06
 10
55.06
 20
45.06
  0
LWPOLYLINE
100
AcDbEntity
  8
0
100
AcDbPolyline
 90
4
 70
1
 10
60.11
 20
49.89
 10
64.94
 20
49.89
 10
64.94
 20
45.06
 10
60.11
 20
45.06
  0
LWPOLYLINE
100
AcDbEntity
  8
0
100
AcDbPolyline
 90
4
 70
1
 10
65.06
 20
49.89
 10
69.89
 20
49.89
 10
69.89
 20
45.06
 10
65.06
 20
45.06
  0
LWPOLYLINE
100
AcDbEntity
  8
0
100
AcDbPolyline
 90
4
 70
1
 10
70.11
 20
49.89
 10
74.94
 20
49.89
 10
74.94
 20
45.06
 10
70.11
 20
45.06
  0
LWPOLYLINE
100
AcDbEntity
  8
0
100
AcDbPolyline
 90
4
 70
1
 10
75.06
 20
49.89
 10
79.89
 20
49.89
 10
79.89
 20
45.06
 10
75.06
 20
45.06
  0
LWPOLYLINE
100
AcDbEntity
  8
0
100
AcDbPolyline
 90
4
 70
1
 10
80.11
 20
49.89
 10
84.94
 20
49.89
 10
84.94
 20
45.06
 10
80.11
 20
45.06
  0
LWPOLYLINE
100
AcDbEntity
  8
0
100
AcDbPolyline
 90
4
 70
1
 10
85.06
 20
49.89
 10
89.89
 20
49.89
 10
89.89
 20
45.06
 10
85.06
 20
45.06
  0
LWPOLYLINE
100
AcDbEntity
  8
0
100
AcDbPolyline
 90
4
 70
1
 10
90.11
 20
49.89
 10
94.94
 20
49.89
 10
94.94
 20
45.06
 10
90.11
 20
45.06
  0
LWPOLYLINE
100
AcDbEntity
  8
0
100
AcDbPolyline
 90
4
 70
1
 10
95.06
 20
49.89
 10
99.89
 20
49.89
 10
99.89
 20
45.06
 10
95.06
 20
45.06
  0
LWPOLYLINE
100
AcDbEntity
  8
0
100
AcDbPolyline
 90
4
 70
1
 10
100.11
 20
49.89
 10
104.94
 20
49.89
 10
104.94
 20
45.06
 10
100.11
 20
45.06
  0
LWPOLYLINE
100
AcDbEntity
  8
0
100
AcDbPolyline
 90
4
 70
1
 10
-104.94
 20
44.94
 10
-100.11
 20
44.94
 10
-100.11
 20
40.11
 10
-104.94
 20
40.11
  0
LWPOLYLINE
100
AcDbEntity
  8
0
100
AcDbPolyline
 90
4
 70
1
 10
-99.89
 20
44.94
 10
-95.06
 20
44.94
 10
-95.06
 20
40.11
 10
-99.89
 20
40.11
  0
LWPOLYLINE
100
AcDbEntity
  8
0
100
AcDbPolyline
 90
4
 70
1
 10
-94.94
 20
44.94
 10
-90.11
 20
44.94
 10
-90.11
 20
40.11
 10
-94.94
 20
40.11
  0
LWPOLYLINE
100
AcDbEntity
  8
0
100
AcDbPolyline
 90
4
 70
1
 10
-89.89
 20
44.94
 10
-85.06
 20
44.94
 10
-85.06
 20
40.11
 10
-89.89
 20
40.11
  0
LWPOLYLINE
100
AcDbEntity
  8
0
100
AcDbPolyline
 90
4
 70
1
 10
-84.94
 20
44.94
 10
-80.11
 20
44.94
 10
-80.11
 20
40.11
 10
-84.94
 20
40.11
  0
LWPOLYLINE
100
AcDbEntity
  8
0
100
AcDbPolyline
 90
4
 70
1
 10
-79.89
 20
44.94
 10
-75.06
 20
44.94
 10
-75.06
 20
40.11
 10
-79.89
 20
40.11
  0
LWPOLYLINE
100
AcDbEntity
  8
0
100
AcDbPolyline
 90
4
 70
1
 10
-74.94
 20
44.94
 10
-70.11
 20
44.94
 10
-70.11
 20
40.11
 10
-74.94
 20
40.11
  0
LWPOLYLINE
100
AcDbEntity
  8
0
100
AcDbPolyline
 90
4
 70
1
 10
-69.89
 20
44.94
 10
-65.06
 20
44.94
 10
-65.06
 20
40.11
 10
-69.89
 20
40.11
  0
LWPOLYLINE
100
AcDbEntity
  8
0
100
AcDbPolyline
 90
4
 70
1
 10
-64.94
 20
44.94
 10
-60.11
 20
44.94
 10
-60.11
 20
40.11
 10
-64.94
 20
40.11
  0
LWPOLYLINE
100
AcDbEntity
  8
0
100
AcDbPolyline
 90
4
 70
1
 10
-59.89
 20
44.94
 10
-55.06
 20
44.94
 10
-55.06
 20
40.11
 10
-59.89
 20
40.11
  0
LWPOLYLINE
100
AcDbEntity
  8
0
100
AcDbPolyline
 90
4
 70
1
 10
-54.94
 20
44.94
 10
-50.11
 20
44.94
 10
-50.11
 20
40.11
 10
-54.94
 20
40.11
  0
LWPOLYLINE
100
AcDbEntity
  8
0
100
AcDbPolyline
 90
4
 70
1
 10
-49.89
 20
44.94
 10
-45.06
 20
44.94
 10
-45.06
 20
40.11
 10
-49.89
 20
40.11
  0
LWPOLYLINE
100
AcDbEntity
  8
0
100
AcDbPolyline
 90
4
 70
1
 10
-44.94
 20
44.94
 10
-40.11
 20
44.94
 10
-40.11
 20
40.11
 10
-44.94
 20
40.11
  0
LWPOLYLINE
100
AcDbEntity
  8
0
100
AcDbPolyline
 90
4
 70
1
 10
-39.89
 20
44.94
 10
-35.06
 20
44.94
 10
-35.06
 20
40.11
 10
-39.89
 20
40.11
  0
LWPOLYLINE
100
AcDbEntity
  8
0
100
AcDbPolyline
 90
4
 70
1
 10
-34.94
 20
44.94
 10
-30.11
 20
44.94
 10
-30.11
 20
40.11
 10
-34.94
 20
40.11
  0
LWPOLYLINE
100
AcDbEntity
  8
0
100
AcDbPolyline
 90
4
 70
1
 10
-29.89
 20
44.94
 10
-25.06
 20
44.94
 10
-25.06
 20
40.11
 10
-29.89
 20
40.11
  0
LWPOLYLINE
100
AcDbEntity
  8
0
100
AcDbPolyline
 90
4
 70
1
 10
-24.94
 20
44.94
 10
-20.11
 20
44.94
 10
-20.11
 20
40.11
 10
-24.94
 20
40.11
  0
LWPOLYLINE
100
AcDbEntity
  8
0
100
AcDbPolyline
 90
4
 70
1
 10
-19.89
 20
44.94
 10
-15.06
 20
44.94
 10
-15.06
 20
40.11
 10
-19.89
 20
40.11
  0
LWPOLYLINE
100
AcDbEntity
  8
0
100
AcDbPolyline
 90
4
 70
1
 10
-14.94
 20
44.94
 10
-10.11
 20
44.94
 10
-10.11
 20
40.11
 10
-14.94
 20
40.11
  0
LWPOLYLINE
100
AcDbEntity
  8
0
100
AcDbPolyline
 90
4
 70
1
 10
-9.89
 20
44.94
 10
-5.06
 20
44.94
 10
-5.06
 20
40.11
 10
-9.89
 20
40.11
  0
LWPOLYLINE
100
AcDbEntity
  8
0
100
AcDbPolyline
 90
4
 70
1
 10
-4.94
 20
44.94
 10
-0.2
 20
44.94
 10
-0.2
 20
40.11
 10
-4.94
 20
40.11
  0
LWPOLYLINE
100
AcDbEntity
  8
0
100
AcDbPolyline
 90
4
 70
1
 10
0.2
 20
44.94
 10
4.94
 20
44.94
 10
4.94
 20
40.11
 10
0.2
 20
40.11
  0
LWPOLYLINE
100
AcDbEntity
  8
0
100
AcDbPolyline
 90
4
 70
1
 10
5.06
 20
44.94
 10
9.89
 20
44.94
 10
9.89
 20
40.11
 10
5.06
 20
40.11
  0
LWPOLYLINE
100
AcDbEntity
  8
0
100
AcDbPolyline
 90
4
 70
1
 10
10.11
 20
44.94
 10
14.94
 20
44.94
 10
14.94
 20
40.11
 10
10.11
 20
40.11
  0
LWPOLYLINE
100
AcDbEntity
  8
0
100
AcDbPolyline
 90
4
 70
1
 10
15.06
 20
44.94
 10
19.89
 20
44.94
 10
19.89
 20
40.11
 10
15.06
 20
40.11
  0
LWPOLYLINE
100
AcDbEntity
  8
0
100
AcDbPolyline
 90
4
 70
1
 10
20.11
 20
44.94
 10
24.94
 20
44.94
 10
24.94
 20
40.11
 10
20.11
 20
40.11
  0
LWPOLYLINE
100
AcDbEntity
  8
0
100
AcDbPolyline
 90
4
 70
1
 10
25.06
 20
44.94
 10
29.89
 20
44.94
 10
29.89
 20
40.11
 10
25.06
 20
40.11
  0
LWPOLYLINE
100
AcDbEntity
  8
0
100
AcDbPolyline
 90
4
 70
1
 10
30.11
 20
44.94
 10
34.94
 20
44.94
 10
34.94
 20
40.11
 10
30.11
 20
40.11
  0
LWPOLYLINE
100
AcDbEntity
  8
0
100
AcDbPolyline
 90
4
 70
1
 10
35.06
 20
44.94
 10
39.89
 20
44.94
 10
39.89
 20
40.11
 10
35.06
 20
40.11
  0
LWPOLYLINE
100
AcDbEntity
  8
0
100
AcDbPolyline
 90
4
 70
1
 10
40.11
 20
44.94
 10
44.94
 20
44.94
 10
44.94
 20
40.11
 10
40.11
 20
40.11
  0
LWPOLYLINE
100
AcDbEntity
  8
0
100
AcDbPolyline
 90
4
 70
1
 10
45.06
 20
44.94
 10
49.89
 20
44.94
 10
49.89
 20
40.11
 10
45.06
 20
40.11
  0
LWPOLYLINE
100
AcDbEntity
  8
0
100
AcDbPolyline
 90
4
 70
1
 10
50.11
 20
44.94
 10
54.94
 20
44.94
 10
54.94
 20
40.11
 10
50.11
 20
40.11
  0
LWPOLYLINE
100
AcDbEntity
  8
0
100
AcDbPolyline
 90
4
 70
1
 10
55.06
 20
44.94
 10
59.89
 20
44.94
 10
59.89
 20
40.11
 10
55.06
 20
40.11
  0
LWPOLYLINE
100
AcDbEntity
  8
0
100
AcDbPolyline
 90
4
 70
1
 10
60.11
 20
44.94
 10
64.94
 20
44.94
 10
64.94
 20
40.11
 10
60.11
 20
40.11
  0
LWPOLYLINE
100
AcDbEntity
  8
0
100
AcDbPolyline
 90
4
 70
1
 10
65.06
 20
44.94
 10
69.89
 20
44.94
 10
69.89
 20
40.11
 10
65.06
 20
40.11
  0
LWPOLYLINE
100
AcDbEntity
  8
0
100
AcDbPolyline
 90
4
 70
1
 10
70.11
 20
44.94
 10
74.94
 20
44.94
 10
74.94
 20
40.11
 10
70.11
 20
40.11
  0
LWPOLYLINE
100
AcDbEntity
  8
0
100
AcDbPolyline
 90
4
 70
1
 10
75.06
 20
44.94
 10
79.89
 20
44.94
 10
79.89
 20
40.11
 10
75.06
 20
40.11
  0
LWPOLYLINE
100
AcDbEntity
  8
0
100
AcDbPolyline
 90
4
 70
1
 10
80.11
 20
44.94
 10
84.94
 20
44.94
 10
84.94
 20
40.11
 10
80.11
 20
40.11
  0
LWPOLYLINE
100
AcDbEntity
  8
0
100
AcDbPolyline
 90
4
 70
1
 10
85.06
 20
44.94
 10
89.89
 20
44.94
 10
89.89
 20
40.11
 10
85.06
 20
40.11
  0
LWPOLYLINE
100
AcDbEntity
  8
0
100
AcDbPolyline
 90
4
 70
1
 10
90.11
 20
44.94
 10
94.94
 20
44.94
 10
94.94
 20
40.11
 10
90.11
 20
40.11
  0
LWPOLYLINE
100
AcDbEntity
  8
0
100
AcDbPolyline
 90
4
 70
1
 10
95.06
 20
44.94
 10
99.89
 20
44.94
 10
99.89
 20
40.11
 10
95.06
 20
40.11
  0
LWPOLYLINE
100
AcDbEntity
  8
0
100
AcDbPolyline
 90
4
 70
1
 10
100.11
 20
44.94
 10
104.94
 20
44.94
 10
104.94
 20
40.11
 10
100.11
 20
40.11
  0
LWPOLYLINE
100
AcDbEntity
  8
0
100
AcDbPolyline
 90
4
 70
1
 10
-104.94
 20
39.89
 10
-100.11
 20
39.89
 10
-100.11
 20
35.06
 10
-104.94
 20
35.06
  0
LWPOLYLINE
100
AcDbEntity
  8
0
100
AcDbPolyline
 90
4
 70
1
 10
-99.89
 20
39.89
 10
-95.06
 20
39.89
 10
-95.06
 20
35.06
 10
-99.89
 20
35.06
  0
LWPOLYLINE
100
AcDbEntity
  8
0
100
AcDbPolyline
 90
4
 70
1
 10
-94.94
 20
39.89
 10
-90.11
 20
39.89
 10
-90.11
 20
35.06
 10
-94.94
 20
35.06
  0
LWPOLYLINE
100
AcDbEntity
  8
0
100
AcDbPolyline
 90
4
 70
1
 10
-89.89
 20
39.89
 10
-85.06
 20
39.89
 10
-85.06
 20
35.06
 10
-89.89
 20
35.06
  0
LWPOLYLINE
100
AcDbEntity
  8
0
100
AcDbPolyline
 90
4
 70
1
 10
-84.94
 20
39.89
 10
-80.11
 20
39.89
 10
-80.11
 20
35.06
 10
-84.94
 20
35.06
  0
LWPOLYLINE
100
AcDbEntity
  8
0
100
AcDbPolyline
 90
4
 70
1
 10
-79.89
 20
39.89
 10
-75.06
 20
39.89
 10
-75.06
 20
35.06
 10
-79.89
 20
35.06
  0
LWPOLYLINE
100
AcDbEntity
  8
0
100
AcDbPolyline
 90
4
 70
1
 10
-74.94
 20
39.89
 10
-70.11
 20
39.89
 10
-70.11
 20
35.06
 10
-74.94
 20
35.06
  0
LWPOLYLINE
100
AcDbEntity
  8
0
100
AcDbPolyline
 90
4
 70
1
 10
-69.89
 20
39.89
 10
-65.06
 20
39.89
 10
-65.06
 20
35.06
 10
-69.89
 20
35.06
  0
LWPOLYLINE
100
AcDbEntity
  8
0
100
AcDbPolyline
 90
4
 70
1
 10
-64.94
 20
39.89
 10
-60.11
 20
39.89
 10
-60.11
 20
35.06
 10
-64.94
 20
35.06
  0
LWPOLYLINE
100
AcDbEntity
  8
0
100
AcDbPolyline
 90
4
 70
1
 10
-59.89
 20
39.89
 10
-55.06
 20
39.89
 10
-55.06
 20
35.06
 10
-59.89
 20
35.06
  0
LWPOLYLINE
100
AcDbEntity
  8
0
100
AcDbPolyline
 90
4
 70
1
 10
-54.94
 20
39.89
 10
-50.11
 20
39.89
 10
-50.11
 20
35.06
 10
-54.94
 20
35.06
  0
LWPOLYLINE
100
AcDbEntity
  8
0
100
AcDbPolyline
 90
4
 70
1
 10
-49.89
 20
39.89
 10
-45.06
 20
39.89
 10
-45.06
 20
35.06
 10
-49.89
 20
35.06
  0
LWPOLYLINE
100
AcDbEntity
  8
0
100
AcDbPolyline
 90
4
 70
1
 10
-44.94
 20
39.89
 10
-40.11
 20
39.89
 10
-40.11
 20
35.06
 10
-44.94
 20
35.06
  0
LWPOLYLINE
100
AcDbEntity
  8
0
100
AcDbPolyline
 90
4
 70
1
 10
-39.89
 20
39.89
 10
-35.06
 20
39.89
 10
-35.06
 20
35.06
 10
-39.89
 20
35.06
  0
LWPOLYLINE
100
AcDbEntity
  8
0
100
AcDbPolyline
 90
4
 70
1
 10
-34.94
 20
39.89
 10
-30.11
 20
39.89
 10
-30.11
 20
35.06
 10
-34.94
 20
35.06
  0
LWPOLYLINE
100
AcDbEntity
  8
0
100
AcDbPolyline
 90
4
 70
1
 10
-29.89
 20
39.89
 10
-25.06
 20
39.89
 10
-25.06
 20
35.06
 10
-29.89
 20
35.06
  0
LWPOLYLINE
100
AcDbEntity
  8
0
100
AcDbPolyline
 90
4
 70
1
 10
-24.94
 20
39.89
 10
-20.11
 20
39.89
 10
-20.11
 20
35.06
 10
-24.94
 20
35.06
  0
LWPOLYLINE
100
AcDbEntity
  8
0
100
AcDbPolyline
 90
4
 70
1
 10
-19.89
 20
39.89
 10
-15.06
 20
39.89
 10
-15.06
 20
35.06
 10
-19.89
 20
35.06
  0
LWPOLYLINE
100
AcDbEntity
  8
0
100
AcDbPolyline
 90
4
 70
1
 10
-14.94
 20
39.89
 10
-10.11
 20
39.89
 10
-10.11
 20
35.06
 10
-14.94
 20
35.06
  0
LWPOLYLINE
100
AcDbEntity
  8
0
100
AcDbPolyline
 90
4
 70
1
 10
-9.89
 20
39.89
 10
-5.06
 20
39.89
 10
-5.06
 20
35.06
 10
-9.89
 20
35.06
  0
LWPOLYLINE
100
AcDbEntity
  8
0
100
AcDbPolyline
 90
4
 70
1
 10
-4.94
 20
39.89
 10
-0.2
 20
39.89
 10
-0.2
 20
35.06
 10
-4.94
 20
35.06
  0
LWPOLYLINE
100
AcDbEntity
  8
0
100
AcDbPolyline
 90
4
 70
1
 10
0.2
 20
39.89
 10
4.94
 20
39.89
 10
4.94
 20
35.06
 10
0.2
 20
35.06
  0
LWPOLYLINE
100
AcDbEntity
  8
0
100
AcDbPolyline
 90
4
 70
1
 10
5.06
 20
39.89
 10
9.89
 20
39.89
 10
9.89
 20
35.06
 10
5.06
 20
35.06
  0
LWPOLYLINE
100
AcDbEntity
  8
0
100
AcDbPolyline
 90
4
 70
1
 10
10.11
 20
39.89
 10
14.94
 20
39.89
 10
14.94
 20
35.06
 10
10.11
 20
35.06
  0
LWPOLYLINE
100
AcDbEntity
  8
0
100
AcDbPolyline
 90
4
 70
1
 10
15.06
 20
39.89
 10
19.89
 20
39.89
 10
19.89
 20
35.06
 10
15.06
 20
35.06
  0
LWPOLYLINE
100
AcDbEntity
  8
0
100
AcDbPolyline
 90
4
 70
1
 10
20.11
 20
39.89
 10
24.94
 20
39.89
 10
24.94
 20
35.06
 10
20.11
 20
35.06
  0
LWPOLYLINE
100
AcDbEntity
  8
0
100
AcDbPolyline
 90
4
 70
1
 10
25.06
 20
39.89
 10
29.89
 20
39.89
 10
29.89
 20
35.06
 10
25.06
 20
35.06
  0
LWPOLYLINE
100
AcDbEntity
  8
0
100
AcDbPolyline
 90
4
 70
1
 10
30.11
 20
39.89
 10
34.94
 20
39.89
 10
34.94
 20
35.06
 10
30.11
 20
35.06
  0
LWPOLYLINE
100
AcDbEntity
  8
0
100
AcDbPolyline
 90
4
 70
1
 10
35.06
 20
39.89
 10
39.89
 20
39.89
 10
39.89
 20
35.06
 10
35.06
 20
35.06
  0
LWPOLYLINE
100
AcDbEntity
  8
0
100
AcDbPolyline
 90
4
 70
1
 10
40.11
 20
39.89
 10
44.94
 20
39.89
 10
44.94
 20
35.06
 10
40.11
 20
35.06
  0
LWPOLYLINE
100
AcDbEntity
  8
0
100
AcDbPolyline
 90
4
 70
1
 10
45.06
 20
39.89
 10
49.89
 20
39.89
 10
49.89
 20
35.06
 10
45.06
 20
35.06
  0
LWPOLYLINE
100
AcDbEntity
  8
0
100
AcDbPolyline
 90
4
 70
1
 10
50.11
 20
39.89
 10
54.94
 20
39.89
 10
54.94
 20
35.06
 10
50.11
 20
35.06
  0
LWPOLYLINE
100
AcDbEntity
  8
0
100
AcDbPolyline
 90
4
 70
1
 10
55.06
 20
39.89
 10
59.89
 20
39.89
 10
59.89
 20
35.06
 10
55.06
 20
35.06
  0
LWPOLYLINE
100
AcDbEntity
  8
0
100
AcDbPolyline
 90
4
 70
1
 10
60.11
 20
39.89
 10
64.94
 20
39.89
 10
64.94
 20
35.06
 10
60.11
 20
35.06
  0
LWPOLYLINE
100
AcDbEntity
  8
0
100
AcDbPolyline
 90
4
 70
1
 10
65.06
 20
39.89
 10
69.89
 20
39.89
 10
69.89
 20
35.06
 10
65.06
 20
35.06
  0
LWPOLYLINE
100
AcDbEntity
  8
0
100
AcDbPolyline
 90
4
 70
1
 10
70.11
 20
39.89
 10
74.94
 20
39.89
 10
74.94
 20
35.06
 10
70.11
 20
35.06
  0
LWPOLYLINE
100
AcDbEntity
  8
0
100
AcDbPolyline
 90
4
 70
1
 10
75.06
 20
39.89
 10
79.89
 20
39.89
 10
79.89
 20
35.06
 10
75.06
 20
35.06
  0
LWPOLYLINE
100
AcDbEntity
  8
0
100
AcDbPolyline
 90
4
 70
1
 10
80.11
 20
39.89
 10
84.94
 20
39.89
 10
84.94
 20
35.06
 10
80.11
 20
35.06
  0
LWPOLYLINE
100
AcDbEntity
  8
0
100
AcDbPolyline
 90
4
 70
1
 10
85.06
 20
39.89
 10
89.89
 20
39.89
 10
89.89
 20
35.06
 10
85.06
 20
35.06
  0
LWPOLYLINE
100
AcDbEntity
  8
0
100
AcDbPolyline
 90
4
 70
1
 10
90.11
 20
39.89
 10
94.94
 20
39.89
 10
94.94
 20
35.06
 10
90.11
 20
35.06
  0
LWPOLYLINE
100
AcDbEntity
  8
0
100
AcDbPolyline
 90
4
 70
1
 10
95.06
 20
39.89
 10
99.89
 20
39.89
 10
99.89
 20
35.06
 10
95.06
 20
35.06
  0
LWPOLYLINE
100
AcDbEntity
  8
0
100
AcDbPolyline
 90
4
 70
1
 10
100.11
 20
39.89
 10
104.94
 20
39.89
 10
104.94
 20
35.06
 10
100.11
 20
35.06
  0
LWPOLYLINE
100
AcDbEntity
  8
0
100
AcDbPolyline
 90
4
 70
1
 10
-104.94
 20
34.94
 10
-100.11
 20
34.94
 10
-100.11
 20
30.11
 10
-104.94
 20
30.11
  0
LWPOLYLINE
100
AcDbEntity
  8
0
100
AcDbPolyline
 90
4
 70
1
 10
-99.89
 20
34.94
 10
-95.06
 20
34.94
 10
-95.06
 20
30.11
 10
-99.89
 20
30.11
  0
LWPOLYLINE
100
AcDbEntity
  8
0
100
AcDbPolyline
 90
4
 70
1
 10
-94.94
 20
34.94
 10
-90.11
 20
34.94
 10
-90.11
 20
30.11
 10
-94.94
 20
30.11
  0
LWPOLYLINE
100
AcDbEntity
  8
0
100
AcDbPolyline
 90
4
 70
1
 10
-89.89
 20
34.94
 10
-85.06
 20
34.94
 10
-85.06
 20
30.11
 10
-89.89
 20
30.11
  0
LWPOLYLINE
100
AcDbEntity
  8
0
100
AcDbPolyline
 90
4
 70
1
 10
-84.94
 20
34.94
 10
-80.11
 20
34.94
 10
-80.11
 20
30.11
 10
-84.94
 20
30.11
  0
LWPOLYLINE
100
AcDbEntity
  8
0
100
AcDbPolyline
 90
4
 70
1
 10
-79.89
 20
34.94
 10
-75.06
 20
34.94
 10
-75.06
 20
30.11
 10
-79.89
 20
30.11
  0
LWPOLYLINE
100
AcDbEntity
  8
0
100
AcDbPolyline
 90
4
 70
1
 10
-74.94
 20
34.94
 10
-70.11
 20
34.94
 10
-70.11
 20
30.11
 10
-74.94
 20
30.11
  0
LWPOLYLINE
100
AcDbEntity
  8
0
100
AcDbPolyline
 90
4
 70
1
 10
-69.89
 20
34.94
 10
-65.06
 20
34.94
 10
-65.06
 20
30.11
 10
-69.89
 20
30.11
  0
LWPOLYLINE
100
AcDbEntity
  8
0
100
AcDbPolyline
 90
4
 70
1
 10
-64.94
 20
34.94
 10
-60.11
 20
34.94
 10
-60.11
 20
30.11
 10
-64.94
 20
30.11
  0
LWPOLYLINE
100
AcDbEntity
  8
0
100
AcDbPolyline
 90
4
 70
1
 10
-59.89
 20
34.94
 10
-55.06
 20
34.94
 10
-55.06
 20
30.11
 10
-59.89
 20
30.11
  0
LWPOLYLINE
100
AcDbEntity
  8
0
100
AcDbPolyline
 90
4
 70
1
 10
-54.94
 20
34.94
 10
-50.11
 20
34.94
 10
-50.11
 20
30.11
 10
-54.94
 20
30.11
  0
LWPOLYLINE
100
AcDbEntity
  8
0
100
AcDbPolyline
 90
4
 70
1
 10
-49.89
 20
34.94
 10
-45.06
 20
34.94
 10
-45.06
 20
30.11
 10
-49.89
 20
30.11
  0
LWPOLYLINE
100
AcDbEntity
  8
0
100
AcDbPolyline
 90
4
 70
1
 10
-44.94
 20
34.94
 10
-40.11
 20
34.94
 10
-40.11
 20
30.11
 10
-44.94
 20
30.11
  0
LWPOLYLINE
100
AcDbEntity
  8
0
100
AcDbPolyline
 90
4
 70
1
 10
-39.89
 20
34.94
 10
-35.06
 20
34.94
 10
-35.06
 20
30.11
 10
-39.89
 20
30.11
  0
LWPOLYLINE
100
AcDbEntity
  8
0
100
AcDbPolyline
 90
4
 70
1
 10
-34.94
 20
34.94
 10
-30.11
 20
34.94
 10
-30.11
 20
30.11
 10
-34.94
 20
30.11
  0
LWPOLYLINE
100
AcDbEntity
  8
0
100
AcDbPolyline
 90
4
 70
1
 10
-29.89
 20
34.94
 10
-25.06
 20
34.94
 10
-25.06
 20
30.11
 10
-29.89
 20
30.11
  0
LWPOLYLINE
100
AcDbEntity
  8
0
100
AcDbPolyline
 90
4
 70
1
 10
-24.94
 20
34.94
 10
-20.11
 20
34.94
 10
-20.11
 20
30.11
 10
-24.94
 20
30.11
  0
LWPOLYLINE
100
AcDbEntity
  8
0
100
AcDbPolyline
 90
4
 70
1
 10
-19.89
 20
34.94
 10
-15.06
 20
34.94
 10
-15.06
 20
30.11
 10
-19.89
 20
30.11
  0
LWPOLYLINE
100
AcDbEntity
  8
0
100
AcDbPolyline
 90
4
 70
1
 10
-14.94
 20
34.94
 10
-10.11
 20
34.94
 10
-10.11
 20
30.11
 10
-14.94
 20
30.11
  0
LWPOLYLINE
100
AcDbEntity
  8
0
100
AcDbPolyline
 90
4
 70
1
 10
-9.89
 20
34.94
 10
-5.06
 20
34.94
 10
-5.06
 20
30.11
 10
-9.89
 20
30.11
  0
LWPOLYLINE
100
AcDbEntity
  8
0
100
AcDbPolyline
 90
4
 70
1
 10
-4.94
 20
34.94
 10
-0.2
 20
34.94
 10
-0.2
 20
30.11
 10
-4.94
 20
30.11
  0
LWPOLYLINE
100
AcDbEntity
  8
0
100
AcDbPolyline
 90
4
 70
1
 10
0.2
 20
34.94
 10
4.94
 20
34.94
 10
4.94
 20
30.11
 10
0.2
 20
30.11
  0
LWPOLYLINE
100
AcDbEntity
  8
0
100
AcDbPolyline
 90
4
 70
1
 10
5.06
 20
34.94
 10
9.89
 20
34.94
 10
9.89
 20
30.11
 10
5.06
 20
30.11
  0
LWPOLYLINE
100
AcDbEntity
  8
0
100
AcDbPolyline
 90
4
 70
1
 10
10.11
 20
34.94
 10
14.94
 20
34.94
 10
14.94
 20
30.11
 10
10.11
 20
30.11
  0
LWPOLYLINE
100
AcDbEntity
  8
0
100
AcDbPolyline
 90
4
 70
1
 10
15.06
 20
34.94
 10
19.89
 20
34.94
 10
19.89
 20
30.11
 10
15.06
 20
30.11
  0
LWPOLYLINE
100
AcDbEntity
  8
0
100
AcDbPolyline
 90
4
 70
1
 10
20.11
 20
34.94
 10
24.94
 20
34.94
 10
24.94
 20
30.11
 10
20.11
 20
30.11
  0
LWPOLYLINE
100
AcDbEntity
  8
0
100
AcDbPolyline
 90
4
 70
1
 10
25.06
 20
34.94
 10
29.89
 20
34.94
 10
29.89
 20
30.11
 10
25.06
 20
30.11
  0
LWPOLYLINE
100
AcDbEntity
  8
0
100
AcDbPolyline
 90
4
 70
1
 10
30.11
 20
34.94
 10
34.94
 20
34.94
 10
34.94
 20
30.11
 10
30.11
 20
30.11
  0
LWPOLYLINE
100
AcDbEntity
  8
0
100
AcDbPolyline
 90
4
 70
1
 10
35.06
 20
34.94
 10
39.89
 20
34.94
 10
39.89
 20
30.11
 10
35.06
 20
30.11
  0
LWPOLYLINE
100
AcDbEntity
  8
0
100
AcDbPolyline
 90
4
 70
1
 10
40.11
 20
34.94
 10
44.94
 20
34.94
 10
44.94
 20
30.11
 10
40.11
 20
30.11
  0
LWPOLYLINE
100
AcDbEntity
  8
0
100
AcDbPolyline
 90
4
 70
1
 10
45.06
 20
34.94
 10
49.89
 20
34.94
 10
49.89
 20
30.11
 10
45.06
 20
30.11
  0
LWPOLYLINE
100
AcDbEntity
  8
0
100
AcDbPolyline
 90
4
 70
1
 10
50.11
 20
34.94
 10
54.94
 20
34.94
 10
54.94
 20
30.11
 10
50.11
 20
30.11
  0
LWPOLYLINE
100
AcDbEntity
  8
0
100
AcDbPolyline
 90
4
 70
1
 10
55.06
 20
34.94
 10
59.89
 20
34.94
 10
59.89
 20
30.11
 10
55.06
 20
30.11
  0
LWPOLYLINE
100
AcDbEntity
  8
0
100
AcDbPolyline
 90
4
 70
1
 10
60.11
 20
34.94
 10
64.94
 20
34.94
 10
64.94
 20
30.11
 10
60.11
 20
30.11
  0
LWPOLYLINE
100
AcDbEntity
  8
0
100
AcDbPolyline
 90
4
 70
1
 10
65.06
 20
34.94
 10
69.89
 20
34.94
 10
69.89
 20
30.11
 10
65.06
 20
30.11
  0
LWPOLYLINE
100
AcDbEntity
  8
0
100
AcDbPolyline
 90
4
 70
1
 10
70.11
 20
34.94
 10
74.94
 20
34.94
 10
74.94
 20
30.11
 10
70.11
 20
30.11
  0
LWPOLYLINE
100
AcDbEntity
  8
0
100
AcDbPolyline
 90
4
 70
1
 10
75.06
 20
34.94
 10
79.89
 20
34.94
 10
79.89
 20
30.11
 10
75.06
 20
30.11
  0
LWPOLYLINE
100
AcDbEntity
  8
0
100
AcDbPolyline
 90
4
 70
1
 10
80.11
 20
34.94
 10
84.94
 20
34.94
 10
84.94
 20
30.11
 10
80.11
 20
30.11
  0
LWPOLYLINE
100
AcDbEntity
  8
0
100
AcDbPolyline
 90
4
 70
1
 10
85.06
 20
34.94
 10
89.89
 20
34.94
 10
89.89
 20
30.11
 10
85.06
 20
30.11
  0
LWPOLYLINE
100
AcDbEntity
  8
0
100
AcDbPolyline
 90
4
 70
1
 10
90.11
 20
34.94
 10
94.94
 20
34.94
 10
94.94
 20
30.11
 10
90.11
 20
30.11
  0
LWPOLYLINE
100
AcDbEntity
  8
0
100
AcDbPolyline
 90
4
 70
1
 10
95.06
 20
34.94
 10
99.89
 20
34.94
 10
99.89
 20
30.11
 10
95.06
 20
30.11
  0
LWPOLYLINE
100
AcDbEntity
  8
0
100
AcDbPolyline
 90
4
 70
1
 10
100.11
 20
34.94
 10
104.94
 20
34.94
 10
104.94
 20
30.11
 10
100.11
 20
30.11
  0
LWPOLYLINE
100
AcDbEntity
  8
0
100
AcDbPolyline
 90
4
 70
1
 10
-104.94
 20
29.89
 10
-100.11
 20
29.89
 10
-100.11
 20
25.06
 10
-104.94
 20
25.06
  0
LWPOLYLINE
100
AcDbEntity
  8
0
100
AcDbPolyline
 90
4
 70
1
 10
-99.89
 20
29.89
 10
-95.06
 20
29.89
 10
-95.06
 20
25.06
 10
-99.89
 20
25.06
  0
LWPOLYLINE
100
AcDbEntity
  8
0
100
AcDbPolyline
 90
4
 70
1
 10
-94.94
 20
29.89
 10
-90.11
 20
29.89
 10
-90.11
 20
25.06
 10
-94.94
 20
25.06
  0
LWPOLYLINE
100
AcDbEntity
  8
0
100
AcDbPolyline
 90
4
 70
1
 10
-89.89
 20
29.89
 10
-85.06
 20
29.89
 10
-85.06
 20
25.06
 10
-89.89
 20
25.06
  0
LWPOLYLINE
100
AcDbEntity
  8
0
100
AcDbPolyline
 90
4
 70
1
 10
-84.94
 20
29.89
 10
-80.11
 20
29.89
 10
-80.11
 20
25.06
 10
-84.94
 20
25.06
  0
LWPOLYLINE
100
AcDbEntity
  8
0
100
AcDbPolyline
 90
4
 70
1
 10
-79.89
 20
29.89
 10
-75.06
 20
29.89
 10
-75.06
 20
25.06
 10
-79.89
 20
25.06
  0
LWPOLYLINE
100
AcDbEntity
  8
0
100
AcDbPolyline
 90
4
 70
1
 10
-74.94
 20
29.89
 10
-70.11
 20
29.89
 10
-70.11
 20
25.06
 10
-74.94
 20
25.06
  0
LWPOLYLINE
100
AcDbEntity
  8
0
100
AcDbPolyline
 90
4
 70
1
 10
-69.89
 20
29.89
 10
-65.06
 20
29.89
 10
-65.06
 20
25.06
 10
-69.89
 20
25.06
  0
LWPOLYLINE
100
AcDbEntity
  8
0
100
AcDbPolyline
 90
4
 70
1
 10
-64.94
 20
29.89
 10
-60.11
 20
29.89
 10
-60.11
 20
25.06
 10
-64.94
 20
25.06
  0
LWPOLYLINE
100
AcDbEntity
  8
0
100
AcDbPolyline
 90
4
 70
1
 10
-59.89
 20
29.89
 10
-55.06
 20
29.89
 10
-55.06
 20
25.06
 10
-59.89
 20
25.06
  0
LWPOLYLINE
100
AcDbEntity
  8
0
100
AcDbPolyline
 90
4
 70
1
 10
-54.94
 20
29.89
 10
-50.11
 20
29.89
 10
-50.11
 20
25.06
 10
-54.94
 20
25.06
  0
LWPOLYLINE
100
AcDbEntity
  8
0
100
AcDbPolyline
 90
4
 70
1
 10
-49.89
 20
29.89
 10
-45.06
 20
29.89
 10
-45.06
 20
25.06
 10
-49.89
 20
25.06
  0
LWPOLYLINE
100
AcDbEntity
  8
0
100
AcDbPolyline
 90
4
 70
1
 10
-44.94
 20
29.89
 10
-40.11
 20
29.89
 10
-40.11
 20
25.06
 10
-44.94
 20
25.06
  0
LWPOLYLINE
100
AcDbEntity
  8
0
100
AcDbPolyline
 90
4
 70
1
 10
-39.89
 20
29.89
 10
-35.06
 20
29.89
 10
-35.06
 20
25.06
 10
-39.89
 20
25.06
  0
LWPOLYLINE
100
AcDbEntity
  8
0
100
AcDbPolyline
 90
4
 70
1
 10
-34.94
 20
29.89
 10
-30.11
 20
29.89
 10
-30.11
 20
25.06
 10
-34.94
 20
25.06
  0
LWPOLYLINE
100
AcDbEntity
  8
0
100
AcDbPolyline
 90
4
 70
1
 10
-29.89
 20
29.89
 10
-25.06
 20
29.89
 10
-25.06
 20
25.06
 10
-29.89
 20
25.06
  0
LWPOLYLINE
100
AcDbEntity
  8
0
100
AcDbPolyline
 90
4
 70
1
 10
-24.94
 20
29.89
 10
-20.11
 20
29.89
 10
-20.11
 20
25.06
 10
-24.94
 20
25.06
  0
LWPOLYLINE
100
AcDbEntity
  8
0
100
AcDbPolyline
 90
4
 70
1
 10
-19.89
 20
29.89
 10
-15.06
 20
29.89
 10
-15.06
 20
25.06
 10
-19.89
 20
25.06
  0
LWPOLYLINE
100
AcDbEntity
  8
0
100
AcDbPolyline
 90
4
 70
1
 10
-14.94
 20
29.89
 10
-10.11
 20
29.89
 10
-10.11
 20
25.06
 10
-14.94
 20
25.06
  0
LWPOLYLINE
100
AcDbEntity
  8
0
100
AcDbPolyline
 90
4
 70
1
 10
-9.89
 20
29.89
 10
-5.06
 20
29.89
 10
-5.06
 20
25.06
 10
-9.89
 20
25.06
  0
LWPOLYLINE
100
AcDbEntity
  8
0
100
AcDbPolyline
 90
4
 70
1
 10
-4.94
 20
29.89
 10
-0.2
 20
29.89
 10
-0.2
 20
25.06
 10
-4.94
 20
25.06
  0
LWPOLYLINE
100
AcDbEntity
  8
0
100
AcDbPolyline
 90
4
 70
1
 10
0.2
 20
29.89
 10
4.94
 20
29.89
 10
4.94
 20
25.06
 10
0.2
 20
25.06
  0
LWPOLYLINE
100
AcDbEntity
  8
0
100
AcDbPolyline
 90
4
 70
1
 10
5.06
 20
29.89
 10
9.89
 20
29.89
 10
9.89
 20
25.06
 10
5.06
 20
25.06
  0
LWPOLYLINE
100
AcDbEntity
  8
0
100
AcDbPolyline
 90
4
 70
1
 10
10.11
 20
29.89
 10
14.94
 20
29.89
 10
14.94
 20
25.06
 10
10.11
 20
25.06
  0
LWPOLYLINE
100
AcDbEntity
  8
0
100
AcDbPolyline
 90
4
 70
1
 10
15.06
 20
29.89
 10
19.89
 20
29.89
 10
19.89
 20
25.06
 10
15.06
 20
25.06
  0
LWPOLYLINE
100
AcDbEntity
  8
0
100
AcDbPolyline
 90
4
 70
1
 10
20.11
 20
29.89
 10
24.94
 20
29.89
 10
24.94
 20
25.06
 10
20.11
 20
25.06
  0
LWPOLYLINE
100
AcDbEntity
  8
0
100
AcDbPolyline
 90
4
 70
1
 10
25.06
 20
29.89
 10
29.89
 20
29.89
 10
29.89
 20
25.06
 10
25.06
 20
25.06
  0
LWPOLYLINE
100
AcDbEntity
  8
0
100
AcDbPolyline
 90
4
 70
1
 10
30.11
 20
29.89
 10
34.94
 20
29.89
 10
34.94
 20
25.06
 10
30.11
 20
25.06
  0
LWPOLYLINE
100
AcDbEntity
  8
0
100
AcDbPolyline
 90
4
 70
1
 10
35.06
 20
29.89
 10
39.89
 20
29.89
 10
39.89
 20
25.06
 10
35.06
 20
25.06
  0
LWPOLYLINE
100
AcDbEntity
  8
0
100
AcDbPolyline
 90
4
 70
1
 10
40.11
 20
29.89
 10
44.94
 20
29.89
 10
44.94
 20
25.06
 10
40.11
 20
25.06
  0
LWPOLYLINE
100
AcDbEntity
  8
0
100
AcDbPolyline
 90
4
 70
1
 10
45.06
 20
29.89
 10
49.89
 20
29.89
 10
49.89
 20
25.06
 10
45.06
 20
25.06
  0
LWPOLYLINE
100
AcDbEntity
  8
0
100
AcDbPolyline
 90
4
 70
1
 10
50.11
 20
29.89
 10
54.94
 20
29.89
 10
54.94
 20
25.06
 10
50.11
 20
25.06
  0
LWPOLYLINE
100
AcDbEntity
  8
0
100
AcDbPolyline
 90
4
 70
1
 10
55.06
 20
29.89
 10
59.89
 20
29.89
 10
59.89
 20
25.06
 10
55.06
 20
25.06
  0
LWPOLYLINE
100
AcDbEntity
  8
0
100
AcDbPolyline
 90
4
 70
1
 10
60.11
 20
29.89
 10
64.94
 20
29.89
 10
64.94
 20
25.06
 10
60.11
 20
25.06
  0
LWPOLYLINE
100
AcDbEntity
  8
0
100
AcDbPolyline
 90
4
 70
1
 10
65.06
 20
29.89
 10
69.89
 20
29.89
 10
69.89
 20
25.06
 10
65.06
 20
25.06
  0
LWPOLYLINE
100
AcDbEntity
  8
0
100
AcDbPolyline
 90
4
 70
1
 10
70.11
 20
29.89
 10
74.94
 20
29.89
 10
74.94
 20
25.06
 10
70.11
 20
25.06
  0
LWPOLYLINE
100
AcDbEntity
  8
0
100
AcDbPolyline
 90
4
 70
1
 10
75.06
 20
29.89
 10
79.89
 20
29.89
 10
79.89
 20
25.06
 10
75.06
 20
25.06
  0
LWPOLYLINE
100
AcDbEntity
  8
0
100
AcDbPolyline
 90
4
 70
1
 10
80.11
 20
29.89
 10
84.94
 20
29.89
 10
84.94
 20
25.06
 10
80.11
 20
25.06
  0
LWPOLYLINE
100
AcDbEntity
  8
0
100
AcDbPolyline
 90
4
 70
1
 10
85.06
 20
29.89
 10
89.89
 20
29.89
 10
89.89
 20
25.06
 10
85.06
 20
25.06
  0
LWPOLYLINE
100
AcDbEntity
  8
0
100
AcDbPolyline
 90
4
 70
1
 10
90.11
 20
29.89
 10
94.94
 20
29.89
 10
94.94
 20
25.06
 10
90.11
 20
25.06
  0
LWPOLYLINE
100
AcDbEntity
  8
0
100
AcDbPolyline
 90
4
 70
1
 10
95.06
 20
29.89
 10
99.89
 20
29.89
 10
99.89
 20
25.06
 10
95.06
 20
25.06
  0
LWPOLYLINE
100
AcDbEntity
  8
0
100
AcDbPolyline
 90
4
 70
1
 10
100.11
 20
29.89
 10
104.94
 20
29.89
 10
104.94
 20
25.06
 10
100.11
 20
25.06
  0
LWPOLYLINE
100
AcDbEntity
  8
0
100
AcDbPolyline
 90
4
 70
1
 10
-104.94
 20
24.94
 10
-100.11
 20
24.94
 10
-100.11
 20
20.11
 10
-104.94
 20
20.11
  0
LWPOLYLINE
100
AcDbEntity
  8
0
100
AcDbPolyline
 90
4
 70
1
 10
-99.89
 20
24.94
 10
-95.06
 20
24.94
 10
-95.06
 20
20.11
 10
-99.89
 20
20.11
  0
LWPOLYLINE
100
AcDbEntity
  8
0
100
AcDbPolyline
 90
4
 70
1
 10
-94.94
 20
24.94
 10
-90.11
 20
24.94
 10
-90.11
 20
20.11
 10
-94.94
 20
20.11
  0
LWPOLYLINE
100
AcDbEntity
  8
0
100
AcDbPolyline
 90
4
 70
1
 10
-89.89
 20
24.94
 10
-85.06
 20
24.94
 10
-85.06
 20
20.11
 10
-89.89
 20
20.11
  0
LWPOLYLINE
100
AcDbEntity
  8
0
100
AcDbPolyline
 90
4
 70
1
 10
-84.94
 20
24.94
 10
-80.11
 20
24.94
 10
-80.11
 20
20.11
 10
-84.94
 20
20.11
  0
LWPOLYLINE
100
AcDbEntity
  8
0
100
AcDbPolyline
 90
4
 70
1
 10
-79.89
 20
24.94
 10
-75.06
 20
24.94
 10
-75.06
 20
20.11
 10
-79.89
 20
20.11
  0
LWPOLYLINE
100
AcDbEntity
  8
0
100
AcDbPolyline
 90
4
 70
1
 10
-74.94
 20
24.94
 10
-70.11
 20
24.94
 10
-70.11
 20
20.11
 10
-74.94
 20
20.11
  0
LWPOLYLINE
100
AcDbEntity
  8
0
100
AcDbPolyline
 90
4
 70
1
 10
-69.89
 20
24.94
 10
-65.06
 20
24.94
 10
-65.06
 20
20.11
 10
-69.89
 20
20.11
  0
LWPOLYLINE
100
AcDbEntity
  8
0
100
AcDbPolyline
 90
4
 70
1
 10
-64.94
 20
24.94
 10
-60.11
 20
24.94
 10
-60.11
 20
20.11
 10
-64.94
 20
20.11
  0
LWPOLYLINE
100
AcDbEntity
  8
0
100
AcDbPolyline
 90
4
 70
1
 10
-59.89
 20
24.94
 10
-55.06
 20
24.94
 10
-55.06
 20
20.11
 10
-59.89
 20
20.11
  0
LWPOLYLINE
100
AcDbEntity
  8
0
100
AcDbPolyline
 90
4
 70
1
 10
-54.94
 20
24.94
 10
-50.11
 20
24.94
 10
-50.11
 20
20.11
 10
-54.94
 20
20.11
  0
LWPOLYLINE
100
AcDbEntity
  8
0
100
AcDbPolyline
 90
4
 70
1
 10
-49.89
 20
24.94
 10
-45.06
 20
24.94
 10
-45.06
 20
20.11
 10
-49.89
 20
20.11
  0
LWPOLYLINE
100
AcDbEntity
  8
0
100
AcDbPolyline
 90
4
 70
1
 10
-44.94
 20
24.94
 10
-40.11
 20
24.94
 10
-40.11
 20
20.11
 10
-44.94
 20
20.11
  0
LWPOLYLINE
100
AcDbEntity
  8
0
100
AcDbPolyline
 90
4
 70
1
 10
-39.89
 20
24.94
 10
-35.06
 20
24.94
 10
-35.06
 20
20.11
 10
-39.89
 20
20.11
  0
LWPOLYLINE
100
AcDbEntity
  8
0
100
AcDbPolyline
 90
4
 70
1
 10
-34.94
 20
24.94
 10
-30.11
 20
24.94
 10
-30.11
 20
20.11
 10
-34.94
 20
20.11
  0
LWPOLYLINE
100
AcDbEntity
  8
0
100
AcDbPolyline
 90
4
 70
1
 10
-29.89
 20
24.94
 10
-25.06
 20
24.94
 10
-25.06
 20
20.11
 10
-29.89
 20
20.11
  0
LWPOLYLINE
100
AcDbEntity
  8
0
100
AcDbPolyline
 90
4
 70
1
 10
-24.94
 20
24.94
 10
-20.11
 20
24.94
 10
-20.11
 20
20.11
 10
-24.94
 20
20.11
  0
LWPOLYLINE
100
AcDbEntity
  8
0
100
AcDbPolyline
 90
4
 70
1
 10
-19.89
 20
24.94
 10
-15.06
 20
24.94
 10
-15.06
 20
20.11
 10
-19.89
 20
20.11
  0
LWPOLYLINE
100
AcDbEntity
  8
0
100
AcDbPolyline
 90
4
 70
1
 10
-14.94
 20
24.94
 10
-10.11
 20
24.94
 10
-10.11
 20
20.11
 10
-14.94
 20
20.11
  0
LWPOLYLINE
100
AcDbEntity
  8
0
100
AcDbPolyline
 90
4
 70
1
 10
-9.89
 20
24.94
 10
-5.06
 20
24.94
 10
-5.06
 20
20.11
 10
-9.89
 20
20.11
  0
LWPOLYLINE
100
AcDbEntity
  8
0
100
AcDbPolyline
 90
4
 70
1
 10
-4.94
 20
24.94
 10
-0.2
 20
24.94
 10
-0.2
 20
20.11
 10
-4.94
 20
20.11
  0
LWPOLYLINE
100
AcDbEntity
  8
0
100
AcDbPolyline
 90
4
 70
1
 10
0.2
 20
24.94
 10
4.94
 20
24.94
 10
4.94
 20
20.11
 10
0.2
 20
20.11
  0
LWPOLYLINE
100
AcDbEntity
  8
0
100
AcDbPolyline
 90
4
 70
1
 10
5.06
 20
24.94
 10
9.89
 20
24.94
 10
9.89
 20
20.11
 10
5.06
 20
20.11
  0
LWPOLYLINE
100
AcDbEntity
  8
0
100
AcDbPolyline
 90
4
 70
1
 10
10.11
 20
24.94
 10
14.94
 20
24.94
 10
14.94
 20
20.11
 10
10.11
 20
20.11
  0
LWPOLYLINE
100
AcDbEntity
  8
0
100
AcDbPolyline
 90
4
 70
1
 10
15.06
 20
24.94
 10
19.89
 20
24.94
 10
19.89
 20
20.11
 10
15.06
 20
20.11
  0
LWPOLYLINE
100
AcDbEntity
  8
0
100
AcDbPolyline
 90
4
 70
1
 10
20.11
 20
24.94
 10
24.94
 20
24.94
 10
24.94
 20
20.11
 10
20.11
 20
20.11
  0
LWPOLYLINE
100
AcDbEntity
  8
0
100
AcDbPolyline
 90
4
 70
1
 10
25.06
 20
24.94
 10
29.89
 20
24.94
 10
29.89
 20
20.11
 10
25.06
 20
20.11
  0
LWPOLYLINE
100
AcDbEntity
  8
0
100
AcDbPolyline
 90
4
 70
1
 10
30.11
 20
24.94
 10
34.94
 20
24.94
 10
34.94
 20
20.11
 10
30.11
 20
20.11
  0
LWPOLYLINE
100
AcDbEntity
  8
0
100
AcDbPolyline
 90
4
 70
1
 10
35.06
 20
24.94
 10
39.89
 20
24.94
 10
39.89
 20
20.11
 10
35.06
 20
20.11
  0
LWPOLYLINE
100
AcDbEntity
  8
0
100
AcDbPolyline
 90
4
 70
1
 10
40.11
 20
24.94
 10
44.94
 20
24.94
 10
44.94
 20
20.11
 10
40.11
 20
20.11
  0
LWPOLYLINE
100
AcDbEntity
  8
0
100
AcDbPolyline
 90
4
 70
1
 10
45.06
 20
24.94
 10
49.89
 20
24.94
 10
49.89
 20
20.11
 10
45.06
 20
20.11
  0
LWPOLYLINE
100
AcDbEntity
  8
0
100
AcDbPolyline
 90
4
 70
1
 10
50.11
 20
24.94
 10
54.94
 20
24.94
 10
54.94
 20
20.11
 10
50.11
 20
20.11
  0
LWPOLYLINE
100
AcDbEntity
  8
0
100
AcDbPolyline
 90
4
 70
1
 10
55.06
 20
24.94
 10
59.89
 20
24.94
 10
59.89
 20
20.11
 10
55.06
 20
20.11
  0
LWPOLYLINE
100
AcDbEntity
  8
0
100
AcDbPolyline
 90
4
 70
1
 10
60.11
 20
24.94
 10
64.94
 20
24.94
 10
64.94
 20
20.11
 10
60.11
 20
20.11
  0
LWPOLYLINE
100
AcDbEntity
  8
0
100
AcDbPolyline
 90
4
 70
1
 10
65.06
 20
24.94
 10
69.89
 20
24.94
 10
69.89
 20
20.11
 10
65.06
 20
20.11
  0
LWPOLYLINE
100
AcDbEntity
  8
0
100
AcDbPolyline
 90
4
 70
1
 10
70.11
 20
24.94
 10
74.94
 20
24.94
 10
74.94
 20
20.11
 10
70.11
 20
20.11
  0
LWPOLYLINE
100
AcDbEntity
  8
0
100
AcDbPolyline
 90
4
 70
1
 10
75.06
 20
24.94
 10
79.89
 20
24.94
 10
79.89
 20
20.11
 10
75.06
 20
20.11
  0
LWPOLYLINE
100
AcDbEntity
  8
0
100
AcDbPolyline
 90
4
 70
1
 10
80.11
 20
24.94
 10
84.94
 20
24.94
 10
84.94
 20
20.11
 10
80.11
 20
20.11
  0
LWPOLYLINE
100
AcDbEntity
  8
0
100
AcDbPolyline
 90
4
 70
1
 10
85.06
 20
24.94
 10
89.89
 20
24.94
 10
89.89
 20
20.11
 10
85.06
 20
20.11
  0
LWPOLYLINE
100
AcDbEntity
  8
0
100
AcDbPolyline
 90
4
 70
1
 10
90.11
 20
24.94
 10
94.94
 20
24.94
 10
94.94
 20
20.11
 10
90.11
 20
20.11
  0
LWPOLYLINE
100
AcDbEntity
  8
0
100
AcDbPolyline
 90
4
 70
1
 10
95.06
 20
24.94
 10
99.89
 20
24.94
 10
99.89
 20
20.11
 10
95.06
 20
20.11
  0
LWPOLYLINE
100
AcDbEntity
  8
0
100
AcDbPolyline
 90
4
 70
1
 10
100.11
 20
24.94
 10
104.94
 20
24.94
 10
104.94
 20
20.11
 10
100.11
 20
20.11
  0
LWPOLYLINE
100
AcDbEntity
  8
0
100
AcDbPolyline
 90
4
 70
1
 10
-104.94
 20
19.89
 10
-100.11
 20
19.89
 10
-100.11
 20
15.06
 10
-104.94
 20
15.06
  0
LWPOLYLINE
100
AcDbEntity
  8
0
100
AcDbPolyline
 90
4
 70
1
 10
-99.89
 20
19.89
 10
-95.06
 20
19.89
 10
-95.06
 20
15.06
 10
-99.89
 20
15.06
  0
LWPOLYLINE
100
AcDbEntity
  8
0
100
AcDbPolyline
 90
4
 70
1
 10
-94.94
 20
15.35
 10
-94.94
 20
19.89
 10
-90.11
 20
19.89
 10
-90.11
 20
15.35
  0
LWPOLYLINE
100
AcDbEntity
  8
0
100
AcDbPolyline
 90
4
 70
1
 10
-89.89
 20
15.35
 10
-89.89
 20
19.89
 10
-85.06
 20
19.89
 10
-85.06
 20
15.35
  0
LWPOLYLINE
100
AcDbEntity
  8
0
100
AcDbPolyline
 90
6
 70
1
 10
-83
 20
15.35
 10
-84.94
 20
15.35
 10
-84.94
 20
19.89
 10
-80.11
 20
19.89
 10
-80.11
 20
15.06
 10
-83
 20
15.06
  0
LWPOLYLINE
100
AcDbEntity
  8
0
100
AcDbPolyline
 90
44
 70
1
 10
-79.89
 20
19.89
 10
-75.06
 20
19.89
 10
-75.06
 20
15.7174
 10
-75.0725
 20
15.6979
 10
-75.0782
 20
15.6979
 10
-75.0817
 20
15.8239
 10
-75.0848
 20
15.902
 10
-75.0874
 20
15.953
 10
-75.0896
 20
15.9979
 10
-75.0915
 20
16.0316
 10
-75.0934
 20
16.0491
 10
-75.4161
 20
16.0491
 10
-75.4076
 20
15.8996
 10
-75.4048
 20
15.6105
 10
-75.4048
 20
15.06
 10
-75.842
 20
15.06
 10
-75.8933
 20
15.4973
 10
-76.06
 20
15.8279
 10
-76.3443
 20
16.0223
 10
-76.753
 20
16.0871
 10
-77.4437
 20
15.8213
 10
-77.6634
 20
15.06
 10
-78.0899
 20
15.06
 10
-78.0899
 20
15.3637
 10
-78.129
 20
15.6962
 10
-78.2465
 20
15.9191
 10
-78.4485
 20
16.0451
 10
-78.7411
 20
16.0871
 10
-78.9521
 20
16.065
 10
-79.1256
 20
15.9988
 10
-79.2711
 20
15.8794
 10
-79.3981
 20
15.6979
 10
-79.4038
 20
15.6979
 10
-79.4073
 20
15.8239
 10
-79.4104
 20
15.902
 10
-79.4131
 20
15.953
 10
-79.4152
 20
15.9979
 10
-79.4171
 20
16.0316
 10
-79.419
 20
16.0491
 10
-79.7418
 20
16.0491
 10
-79.7332
 20
15.8996
 10
-79.7304
 20
15.6105
 10
-79.7304
 20
15.06
 10
-79.89
 20
15.06
  0
LWPOLYLINE
100
AcDbEntity
  8
0
100
AcDbPolyline
 90
41
 70
1
 10
-72.6915
 20
15.3637
 10
-72.7268
 20
15.695
 10
-72.8329
 20
15.9181
 10
-73.0169
 20
16.0449
 10
-73.2858
 20
16.0871
 10
-73.4844
 20
16.0643
 10
-73.6513
 20
15.996
 10
-73.7911
 20
15.8759
 10
-73.9085
 20
15.6979
 10
-73.9143
 20
15.6979
 10
-73.9881
 20
15.8735
 10
-74.1032
 20
15.9941
 10
-74.2634
 20
16.0638
 10
-74.4725
 20
16.0871
 10
-74.6619
 20
16.0657
 10
-74.8199
 20
16.0016
 10
-74.94
 20
15.8956
 10
-74.94
 20
19.89
 10
-70.11
 20
19.89
 10
-70.11
 20
16.0581
 10
-70.312
 20
16.0871
 10
-70.523
 20
16.065
 10
-70.6966
 20
15.9988
 10
-70.842
 20
15.8794
 10
-70.969
 20
15.6979
 10
-70.9747
 20
15.6979
 10
-70.9783
 20
15.8239
 10
-70.9813
 20
15.902
 10
-70.984
 20
15.953
 10
-70.9861
 20
15.9979
 10
-70.988
 20
16.0316
 10
-70.9899
 20
16.0491
 10
-71.3127
 20
16.0491
 10
-71.3041
 20
15.8996
 10
-71.3013
 20
15.6105
 10
-71.3013
 20
15.06
 10
-71.833
 20
15.06
 10
-71.833
 20
16.0491
 10
-72.1748
 20
16.0491
 10
-72.1748
 20
15.06
 10
-72.6915
 20
15.06
  0
LWPOLYLINE
100
AcDbEntity
  8
0
100
AcDbPolyline
 90
4
 70
1
 10
-71.833
 20
16.8124
 10
-72.1748
 20
16.8124
 10
-72.1748
 20
16.4858
 10
-71.833
 20
16.4858
  0
LWPOLYLINE
100
AcDbEntity
  8
0
100
AcDbPolyline
 90
35
 70
1
 10
-69.6608
 20
15.3637
 10
-69.6999
 20
15.6962
 10
-69.8174
 20
15.9191
 10
-69.89
 20
15.9644
 10
-69.89
 20
19.89
 10
-65.06
 20
19.89
 10
-65.06
 20
15.5605
 10
-65.0898
 20
15.4916
 10
-65.1333
 20
15.06
 10
-66.6415
 20
15.06
 10
-66.6415
 20
16.8124
 10
-66.9833
 20
16.8124
 10
-66.9833
 20
15.06
 10
-67.5492
 20
15.06
 10
-67.5492
 20
15.396
 10
-67.5981
 20
15.6924
 10
-67.7448
 20
15.9096
 10
-67.9883
 20
16.0427
 10
-68.3277
 20
16.0871
 10
-68.9021
 20
15.9485
 10
-69.1518
 20
15.5327
 10
-68.7948
 20
15.5004
 10
-68.753
 20
15.648
 10
-68.6695
 20
15.7491
 10
-68.5337
 20
15.8075
 10
-68.3353
 20
15.827
 10
-68.1378
 20
15.7999
 10
-68.0011
 20
15.7187
 10
-67.9214
 20
15.5749
 10
-67.8948
 20
15.3599
 10
-67.8948
 20
15.2479
 10
-68.3562
 20
15.2403
 10
-68.759
 20
15.189
 10
-69.0289
 20
15.06
 10
-69.6608
 20
15.06
  0
LWPOLYLINE
100
AcDbEntity
  8
0
100
AcDbPolyline
 90
47
 70
1
 10
-63.4002
 20
15.6238
 10
-63.3974
 20
15.8915
 10
-63.3888
 20
16.0491
 10
-63.7135
 20
16.0491
 10
-63.7211
 20
16.004
 10
-63.7287
 20
15.8953
 10
-63.7344
 20
15.7757
 10
-63.7363
 20
15.6979
 10
-63.7401
 20
15.6979
 10
-63.8457
 20
15.8609
 10
-63.9879
 20
15.9817
 10
-64.1628
 20
16.0565
 10
-64.3666
 20
16.0814
 10
-64.7063
 20
16.0166
 10
-64.94
 20
15.8277
 10
-64.94
 20
19.89
 10
-60.11
 20
19.89
 10
-60.11
 20
16.0634
 10
-60.6268
 20
15.8184
 10
-60.8046
 20
15.06
 10
-61.2411
 20
15.06
 10
-61.2411
 20
16.0491
 10
-61.5829
 20
16.0491
 10
-61.5829
 20
15.06
 10
-62.5266
 20
15.06
 10
-62.5266
 20
15.0656
 10
-62.4986
 20
15.3677
 10
-62.4146
 20
15.5906
 10
-62.2774
 20
15.728
 10
-62.0899
 20
15.7738
 10
-61.9874
 20
15.7691
 10
-61.9076
 20
15.7548
 10
-61.9076
 20
16.0681
 10
-61.9774
 20
16.0824
 10
-62.0463
 20
16.0871
 10
-62.2181
 20
16.0629
 10
-62.3463
 20
15.9903
 10
-62.4464
 20
15.8517
 10
-62.5342
 20
15.6295
 10
-62.5418
 20
15.6295
 10
-62.5456
 20
15.7696
 10
-62.557
 20
16.0491
 10
-62.8798
 20
16.0491
 10
-62.8713
 20
15.7985
 10
-62.8684
 20
15.5706
 10
-62.8684
 20
15.06
 10
-63.4002
 20
15.06
  0
LWPOLYLINE
100
AcDbEntity
  8
0
100
AcDbPolyline
 90
4
 70
1
 10
-61.2411
 20
16.8124
 10
-61.5829
 20
16.8124
 10
-61.5829
 20
16.4858
 10
-61.2411
 20
16.4858
  0
LWPOLYLINE
100
AcDbEntity
  8
0
100
AcDbPolyline
 90
13
 70
1
 10
-59.0784
 20
16.8124
 10
-59.4201
 20
16.8124
 10
-59.4201
 20
15.9599
 10
-59.4163
 20
15.7302
 10
-59.4201
 20
15.7302
 10
-59.5303
 20
15.8911
 10
-59.6708
 20
16.0016
 10
-59.8459
 20
16.0657
 10
-59.89
 20
16.0701
 10
-59.89
 20
19.89
 10
-55.06
 20
19.89
 10
-55.06
 20
15.06
 10
-59.0784
 20
15.06
  0
LWPOLYLINE
100
AcDbEntity
  8
0
100
AcDbPolyline
 90
4
 70
1
 10
-54.94
 20
19.89
 10
-50.11
 20
19.89
 10
-50.11
 20
15.06
 10
-54.94
 20
15.06
  0
LWPOLYLINE
100
AcDbEntity
  8
0
100
AcDbPolyline
 90
4
 70
1
 10
-49.89
 20
19.89
 10
-45.06
 20
19.89
 10
-45.06
 20
15.06
 10
-49.89
 20
15.06
  0
LWPOLYLINE
100
AcDbEntity
  8
0
100
AcDbPolyline
 90
4
 70
1
 10
-44.94
 20
19.89
 10
-40.11
 20
19.89
 10
-40.11
 20
15.06
 10
-44.94
 20
15.06
  0
LWPOLYLINE
100
AcDbEntity
  8
0
100
AcDbPolyline
 90
4
 70
1
 10
-39.89
 20
19.89
 10
-35.06
 20
19.89
 10
-35.06
 20
15.06
 10
-39.89
 20
15.06
  0
LWPOLYLINE
100
AcDbEntity
  8
0
100
AcDbPolyline
 90
4
 70
1
 10
-34.94
 20
19.89
 10
-30.11
 20
19.89
 10
-30.11
 20
15.06
 10
-34.94
 20
15.06
  0
LWPOLYLINE
100
AcDbEntity
  8
0
100
AcDbPolyline
 90
4
 70
1
 10
-29.89
 20
19.89
 10
-25.06
 20
19.89
 10
-25.06
 20
15.06
 10
-29.89
 20
15.06
  0
LWPOLYLINE
100
AcDbEntity
  8
0
100
AcDbPolyline
 90
4
 70
1
 10
-24.94
 20
19.89
 10
-20.11
 20
19.89
 10
-20.11
 20
15.06
 10
-24.94
 20
15.06
  0
LWPOLYLINE
100
AcDbEntity
  8
0
100
AcDbPolyline
 90
4
 70
1
 10
-19.89
 20
19.89
 10
-15.06
 20
19.89
 10
-15.06
 20
15.06
 10
-19.89
 20
15.06
  0
LWPOLYLINE
100
AcDbEntity
  8
0
100
AcDbPolyline
 90
4
 70
1
 10
-14.94
 20
19.89
 10
-10.11
 20
19.89
 10
-10.11
 20
15.06
 10
-14.94
 20
15.06
  0
LWPOLYLINE
100
AcDbEntity
  8
0
100
AcDbPolyline
 90
4
 70
1
 10
-9.89
 20
19.89
 10
-5.06
 20
19.89
 10
-5.06
 20
15.06
 10
-9.89
 20
15.06
  0
LWPOLYLINE
100
AcDbEntity
  8
0
100
AcDbPolyline
 90
4
 70
1
 10
-4.94
 20
19.89
 10
-0.2
 20
19.89
 10
-0.2
 20
15.06
 10
-4.94
 20
15.06
  0
LWPOLYLINE
100
AcDbEntity
  8
0
100
AcDbPolyline
 90
4
 70
1
 10
0.2
 20
19.89
 10
4.94
 20
19.89
 10
4.94
 20
15.06
 10
0.2
 20
15.06
  0
LWPOLYLINE
100
AcDbEntity
  8
0
100
AcDbPolyline
 90
4
 70
1
 10
5.06
 20
19.89
 10
9.89
 20
19.89
 10
9.89
 20
15.06
 10
5.06
 20
15.06
  0
LWPOLYLINE
100
AcDbEntity
  8
0
100
AcDbPolyline
 90
4
 70
1
 10
10.11
 20
19.89
 10
14.94
 20
19.89
 10
14.94
 20
15.06
 10
10.11
 20
15.06
  0
LWPOLYLINE
100
AcDbEntity
  8
0
100
AcDbPolyline
 90
4
 70
1
 10
15.06
 20
19.89
 10
19.89
 20
19.89
 10
19.89
 20
15.06
 10
15.06
 20
15.06
  0
LWPOLYLINE
100
AcDbEntity
  8
0
100
AcDbPolyline
 90
4
 70
1
 10
20.11
 20
19.89
 10
24.94
 20
19.89
 10
24.94
 20
15.06
 10
20.11
 20
15.06
  0
LWPOLYLINE
100
AcDbEntity
  8
0
100
AcDbPolyline
 90
4
 70
1
 10
25.06
 20
19.89
 10
29.89
 20
19.89
 10
29.89
 20
15.06
 10
25.06
 20
15.06
  0
LWPOLYLINE
100
AcDbEntity
  8
0
100
AcDbPolyline
 90
4
 70
1
 10
30.11
 20
19.89
 10
34.94
 20
19.89
 10
34.94
 20
15.06
 10
30.11
 20
15.06
  0
LWPOLYLINE
100
AcDbEntity
  8
0
100
AcDbPolyline
 90
4
 70
1
 10
35.06
 20
19.89
 10
39.89
 20
19.89
 10
39.89
 20
15.06
 10
35.06
 20
15.06
  0
LWPOLYLINE
100
AcDbEntity
  8
0
100
AcDbPolyline
 90
4
 70
1
 10
40.11
 20
19.89
 10
44.94
 20
19.89
 10
44.94
 20
15.06
 10
40.11
 20
15.06
  0
LWPOLYLINE
100
AcDbEntity
  8
0
100
AcDbPolyline
 90
4
 70
1
 10
45.06
 20
19.89
 10
49.89
 20
19.89
 10
49.89
 20
15.06
 10
45.06
 20
15.06
  0
LWPOLYLINE
100
AcDbEntity
  8
0
100
AcDbPolyline
 90
4
 70
1
 10
50.11
 20
19.89
 10
54.94
 20
19.89
 10
54.94
 20
15.06
 10
50.11
 20
15.06
  0
LWPOLYLINE
100
AcDbEntity
  8
0
100
AcDbPolyline
 90
4
 70
1
 10
55.06
 20
19.89
 10
59.89
 20
19.89
 10
59.89
 20
15.06
 10
55.06
 20
15.06
  0
LWPOLYLINE
100
AcDbEntity
  8
0
100
AcDbPolyline
 90
4
 70
1
 10
60.11
 20
19.89
 10
64.94
 20
19.89
 10
64.94
 20
15.06
 10
60.11
 20
15.06
  0
LWPOLYLINE
100
AcDbEntity
  8
0
100
AcDbPolyline
 90
4
 70
1
 10
65.06
 20
19.89
 10
69.89
 20
19.89
 10
69.89
 20
15.06
 10
65.06
 20
15.06
  0
LWPOLYLINE
100
AcDbEntity
  8
0
100
AcDbPolyline
 90
4
 70
1
 10
70.11
 20
19.89
 10
74.94
 20
19.89
 10
74.94
 20
15.06
 10
70.11
 20
15.06
  0
LWPOLYLINE
100
AcDbEntity
  8
0
100
AcDbPolyline
 90
4
 70
1
 10
75.06
 20
19.89
 10
79.89
 20
19.89
 10
79.89
 20
15.06
 10
75.06
 20
15.06
  0
LWPOLYLINE
100
AcDbEntity
  8
0
100
AcDbPolyline
 90
4
 70
1
 10
80.11
 20
19.89
 10
84.94
 20
19.89
 10
84.94
 20
15.06
 10
80.11
 20
15.06
  0
LWPOLYLINE
100
AcDbEntity
  8
0
100
AcDbPolyline
 90
4
 70
1
 10
85.06
 20
19.89
 10
89.89
 20
19.89
 10
89.89
 20
15.06
 10
85.06
 20
15.06
  0
LWPOLYLINE
100
AcDbEntity
  8
0
100
AcDbPolyline
 90
4
 70
1
 10
90.11
 20
19.89
 10
94.94
 20
19.89
 10
94.94
 20
15.06
 10
90.11
 20
15.06
  0
LWPOLYLINE
100
AcDbEntity
  8
0
100
AcDbPolyline
 90
4
 70
1
 10
95.06
 20
19.89
 10
99.89
 20
19.89
 10
99.89
 20
15.06
 10
95.06
 20
15.06
  0
LWPOLYLINE
100
AcDbEntity
  8
0
100
AcDbPolyline
 90
4
 70
1
 10
100.11
 20
19.89
 10
104.94
 20
19.89
 10
104.94
 20
15.06
 10
100.11
 20
15.06
  0
LWPOLYLINE
100
AcDbEntity
  8
0
100
AcDbPolyline
 90
9
 70
1
 10
-77.2816
 20
15.3862
 10
-77.1812
 20
15.638
 10
-77.0058
 20
15.7854
 10
-76.7473
 20
15.8346
 10
-76.4922
 20
15.7864
 10
-76.323
 20
15.6418
 10
-76.2282
 20
15.391
 10
-76.1998
 20
15.06
 10
-77.3117
 20
15.06
  0
LWPOLYLINE
100
AcDbEntity
  8
0
100
AcDbPolyline
 90
11
 70
1
 10
-64.7545
 20
15.3884
 10
-64.6648
 20
15.6371
 10
-64.5095
 20
15.7795
 10
-64.2831
 20
15.827
 10
-64.1338
 20
15.803
 10
-64.0012
 20
15.7311
 10
-63.8908
 20
15.6138
 10
-63.8084
 20
15.4539
 10
-63.7572
 20
15.2552
 10
-63.7429
 20
15.06
 10
-64.7813
 20
15.06
  0
LWPOLYLINE
100
AcDbEntity
  8
0
100
AcDbPolyline
 90
13
 70
1
 10
-79.3886
 20
15.1852
 10
-79.353
 20
15.4525
 10
-79.2462
 20
15.6542
 10
-79.0777
 20
15.7809
 10
-78.857
 20
15.8232
 10
-78.7084
 20
15.8108
 10
-78.6006
 20
15.7738
 10
-78.5252
 20
15.7088
 10
-78.4734
 20
15.6124
 10
-78.4435
 20
15.4776
 10
-78.4335
 20
15.2972
 10
-78.4335
 20
15.06
 10
-79.3886
 20
15.06
  0
LWPOLYLINE
100
AcDbEntity
  8
0
100
AcDbPolyline
 90
10
 70
1
 10
-74.94
 20
15.6512
 10
-74.9377
 20
15.6561
 10
-74.7877
 20
15.7814
 10
-74.5921
 20
15.8232
 10
-74.4122
 20
15.7947
 10
-74.2978
 20
15.7092
 10
-74.2366
 20
15.5493
 10
-74.2162
 20
15.2972
 10
-74.2162
 20
15.06
 10
-74.94
 20
15.06
  0
LWPOLYLINE
100
AcDbEntity
  8
0
100
AcDbPolyline
 90
11
 70
1
 10
-73.8782
 20
15.1852
 10
-73.8471
 20
15.456
 10
-73.7538
 20
15.657
 10
-73.6045
 20
15.7816
 10
-73.4054
 20
15.8232
 10
-73.2255
 20
15.7947
 10
-73.1111
 20
15.7092
 10
-73.0498
 20
15.5493
 10
-73.0294
 20
15.2972
 10
-73.0294
 20
15.06
 10
-73.8782
 20
15.06
  0
LWPOLYLINE
100
AcDbEntity
  8
0
100
AcDbPolyline
 90
10
 70
1
 10
-70.9595
 20
15.1852
 10
-70.9239
 20
15.4525
 10
-70.8171
 20
15.6542
 10
-70.6486
 20
15.7809
 10
-70.4279
 20
15.8232
 10
-70.2793
 20
15.8108
 10
-70.1716
 20
15.7738
 10
-70.11
 20
15.7208
 10
-70.11
 20
15.06
 10
-70.9595
 20
15.06
  0
LWPOLYLINE
100
AcDbEntity
  8
0
100
AcDbPolyline
 90
6
 70
1
 10
-59.89
 20
15.8195
 10
-59.7211
 20
15.7871
 10
-59.5512
 20
15.6447
 10
-59.4529
 20
15.4002
 10
-59.4214
 20
15.06
 10
-59.89
 20
15.06
  0
LWPOLYLINE
100
AcDbEntity
  8
0
100
AcDbPolyline
 90
6
 70
1
 10
-60.4281
 20
15.3934
 10
-60.342
 20
15.6437
 10
-60.1913
 20
15.7869
 10
-60.11
 20
15.8043
 10
-60.11
 20
15.06
 10
-60.4541
 20
15.06
  0
LWPOLYLINE
100
AcDbEntity
  8
0
100
AcDbPolyline
 90
4
 70
1
 10
-75.0649
 20
15.1852
 10
-75.06
 20
15.2266
 10
-75.06
 20
15.06
 10
-75.0649
 20
15.06
  0
LWPOLYLINE
100
AcDbEntity
  8
0
100
AcDbPolyline
 90
4
 70
1
 10
-104.94
 20
14.94
 10
-100.11
 20
14.94
 10
-100.11
 20
10.11
 10
-104.94
 20
10.11
  0
LWPOLYLINE
100
AcDbEntity
  8
0
100
AcDbPolyline
 90
4
 70
1
 10
-99.89
 20
14.94
 10
-95.06
 20
14.94
 10
-95.06
 20
10.11
 10
-99.89
 20
10.11
  0
LWPOLYLINE
100
AcDbEntity
  8
0
100
AcDbPolyline
 90
8
 70
1
 10
-83
 20
10.225
 10
-84.94
 20
10.225
 10
-84.94
 20
14.65
 10
-83
 20
14.65
 10
-83
 20
14.94
 10
-80.11
 20
14.94
 10
-80.11
 20
10.11
 10
-83
 20
10.11
  0
LWPOLYLINE
100
AcDbEntity
  8
0
100
AcDbPolyline
 90
69
 70
1
 10
-79.89
 20
14.94
 10
-79.7304
 20
14.94
 10
-79.7304
 20
13.9947
 10
-79.3886
 20
13.9947
 10
-79.3886
 20
14.94
 10
-78.4335
 20
14.94
 10
-78.4335
 20
13.9947
 10
-78.0899
 20
13.9947
 10
-78.0899
 20
14.94
 10
-77.6634
 20
14.94
 10
-77.6165
 20
14.5665
 10
-77.4442
 20
14.2311
 10
-77.1593
 20
14.0253
 10
-76.7644
 20
13.9567
 10
-76.3661
 20
14.0227
 10
-76.0752
 20
14.2206
 10
-75.8971
 20
14.5534
 10
-75.8484
 20
14.94
 10
-75.4048
 20
14.94
 10
-75.4048
 20
13.9947
 10
-75.0649
 20
13.9947
 10
-75.0649
 20
14.94
 10
-75.06
 20
14.94
 10
-75.06
 20
11.9814
 10
-75.1114
 20
11.8957
 10
-75.2348
 20
11.0806
 10
-75.2084
 20
10.8079
 10
-75.3003
 20
11.0491
 10
-75.6649
 20
11.0491
 10
-75.2908
 20
10.11
 10
-75.9271
 20
10.11
 10
-75.9271
 20
10.3637
 10
-75.9667
 20
10.6986
 10
-76.0856
 20
10.9209
 10
-76.288
 20
11.0456
 10
-76.5783
 20
11.0871
 10
-76.795
 20
11.0636
 10
-76.9704
 20
10.9931
 10
-77.114
 20
10.8723
 10
-77.2353
 20
10.6979
 10
-77.241
 20
10.6979
 10
-77.2379
 20
10.743
 10
-77.2325
 20
10.8403
 10
-77.2275
 20
10.9618
 10
-77.2258
 20
11.0795
 10
-77.2258
 20
11.8124
 10
-77.5676
 20
11.8124
 10
-77.5676
 20
10.11
 10
-78.0084
 20
10.11
 10
-78.0476
 20
10.5037
 10
-78.1886
 20
10.8308
 10
-78.4245
 20
11.0216
 10
-78.7563
 20
11.0852
 10
-78.9775
 20
11.0631
 10
-79.1513
 20
10.9969
 10
-79.2865
 20
10.8832
 10
-79.3924
 20
10.7188
 10
-79.4
 20
10.7188
 10
-79.4012
 20
10.77
 10
-79.4047
 20
10.8516
 10
-79.4092
 20
10.9359
 10
-79.4133
 20
10.995
 10
-79.4166
 20
11.0318
 10
-79.419
 20
11.0491
 10
-79.7494
 20
11.0491
 10
-79.7408
 20
10.893
 10
-79.738
 20
10.6295
 10
-79.738
 20
10.11
 10
-79.89
 20
10.11
  0
LWPOLYLINE
100
AcDbEntity
  8
0
100
AcDbPolyline
 90
82
 70
1
 10
-74.6168
 20
10.4469
 10
-74.7086
 20
11.0806
 10
-74.6205
 20
11.7157
 10
-74.356
 20
12.1995
 10
-73.9329
 20
12.5057
 10
-73.3686
 20
12.6077
 10
-72.9919
 20
12.5636
 10
-72.6702
 20
12.4314
 10
-72.4162
 20
12.2158
 10
-72.243
 20
11.9215
 10
-71.752
 20
12.0842
 10
-71.9989
 20
12.4958
 10
-72.3542
 20
12.7922
 10
-72.814
 20
12.9712
 10
-73.3741
 20
13.0309
 10
-74.1526
 20
12.9014
 10
-74.7412
 20
12.5128
 10
-74.94
 20
12.1814
 10
-74.94
 20
14.94
 10
-74.2162
 20
14.94
 10
-74.2162
 20
13.9947
 10
-73.8782
 20
13.9947
 10
-73.8782
 20
14.94
 10
-73.0294
 20
14.94
 10
-73.0294
 20
13.9947
 10
-72.6915
 20
13.9947
 10
-72.6915
 20
14.94
 10
-72.1748
 20
14.94
 10
-72.1748
 20
13.9947
 10
-71.833
 20
13.9947
 10
-71.833
 20
14.94
 10
-71.3013
 20
14.94
 10
-71.3013
 20
13.9947
 10
-70.9595
 20
13.9947
 10
-70.9595
 20
14.94
 10
-70.11
 20
14.94
 10
-70.11
 20
12.9065
 10
-70.1399
 20
12.9017
 10
-70.74
 20
12.5141
 10
-71.1164
 20
11.8974
 10
-71.2418
 20
11.0806
 10
-71.2387
 20
11.0491
 10
-71.5254
 20
11.0491
 10
-71.5254
 20
10.11
 10
-71.7232
 20
10.11
 10
-72.1399
 20
10.3184
 10
-72.316
 20
10.11
 10
-72.3834
 20
10.11
 10
-72.4179
 20
10.1233
 10
-72.6514
 20
10.189
 10
-72.8888
 20
10.2517
 10
-73.0274
 20
10.2991
 10
-73.1057
 20
10.3433
 10
-73.1622
 20
10.3959
 10
-73.1964
 20
10.4605
 10
-73.2078
 20
10.5403
 10
-73.1803
 20
10.6646
 10
-73.0977
 20
10.7529
 10
-72.9571
 20
10.8056
 10
-72.7559
 20
10.8232
 10
-72.5681
 20
10.8049
 10
-72.4226
 20
10.7501
 10
-72.3222
 20
10.6611
 10
-72.2698
 20
10.5403
 10
-71.9622
 20
10.5783
 10
-72.0522
 20
10.8061
 10
-72.2157
 20
10.9618
 10
-72.4509
 20
11.0515
 10
-72.7559
 20
11.0814
 10
-73.0936
 20
11.0446
 10
-73.3398
 20
10.9342
 10
-73.49
 20
10.7536
 10
-73.5401
 20
10.5061
 10
-73.5225
 20
10.3661
 10
-73.4698
 20
10.2498
 10
-73.386
 20
10.1532
 10
-73.3269
 20
10.11
 10
-74.0987
 20
10.11
 10
-73.7377
 20
11.0491
 10
-74.0984
 20
11.0491
 10
-74.4215
 20
10.11
 10
-74.4296
 20
10.11
  0
LWPOLYLINE
100
AcDbEntity
  8
0
100
AcDbPolyline
 90
4
 70
1
 10
-71.1836
 20
11.8124
 10
-71.5254
 20
11.8124
 10
-71.5254
 20
11.4858
 10
-71.1836
 20
11.4858
  0
LWPOLYLINE
100
AcDbEntity
  8
0
100
AcDbPolyline
 90
6
 70
1
 10
-60.1934
 20
14.2672
 10
-60.3429
 20
14.4067
 10
-60.4284
 20
14.654
 10
-60.4504
 20
14.94
 10
-60.11
 20
14.94
 10
-60.11
 20
14.2496
  0
LWPOLYLINE
100
AcDbEntity
  8
0
100
AcDbPolyline
 90
42
 70
1
 10
-57.5307
 20
10.8004
 10
-57.1509
 20
10.8004
 10
-57.1509
 20
10.907
 10
-55.967
 20
10.907
 10
-55.967
 20
11.3247
 10
-57.5307
 20
11.3247
 10
-57.5307
 20
11.5086
 10
-57.7585
 20
11.5086
 10
-57.7988
 20
11.3247
 10
-58.1858
 20
11.3247
 10
-58.1858
 20
12.5508
 10
-55.8042
 20
12.5508
 10
-55.8042
 20
12.9739
 10
-58.7038
 20
12.9739
 10
-58.7038
 20
10.9976
 10
-58.7799
 20
11.0451
 10
-59.0726
 20
11.0871
 10
-59.2836
 20
11.065
 10
-59.4571
 20
10.9988
 10
-59.6026
 20
10.8794
 10
-59.6128
 20
10.8648
 10
-59.6128
 20
12.9739
 10
-59.89
 20
12.9739
 10
-59.89
 20
13.9738
 10
-59.8471
 20
13.9781
 10
-59.6717
 20
14.0421
 10
-59.5305
 20
14.1556
 10
-59.4201
 20
14.3251
 10
-59.4126
 20
14.3251
 10
-59.4109
 20
14.2377
 10
-59.4059
 20
14.1352
 10
-59.3995
 20
14.045
 10
-59.3936
 20
13.9947
 10
-59.067
 20
13.9947
 10
-59.0755
 20
14.1518
 10
-59.0784
 20
14.4181
 10
-59.0784
 20
14.94
 10
-55.06
 20
14.94
 10
-55.06
 20
11.0346
 10
-55.6142
 20
10.8213
 10
-55.8195
 20
10.11
 10
-57.5307
 20
10.11
  0
LWPOLYLINE
100
AcDbEntity
  8
0
100
AcDbPolyline
 90
29
 70
1
 10
-51.9519
 20
11.0491
 10
-52.2442
 20
11.0491
 10
-52.1
 20
11.1647
 10
-51.9139
 20
11.4888
 10
-51.8518
 20
11.8808
 10
-51.9397
 20
12.3395
 10
-52.2031
 20
12.685
 10
-52.6279
 20
12.9017
 10
-53.2
 20
12.9739
 10
-54.94
 20
12.9739
 10
-54.94
 20
14.94
 10
-50.11
 20
14.94
 10
-50.11
 20
10.8776
 10
-50.1982
 20
10.8156
 10
-50.3769
 20
10.4847
 10
-50.4265
 20
10.11
 10
-51.0441
 20
10.11
 10
-51.0441
 20
10.8004
 10
-50.6644
 20
10.8004
 10
-50.6644
 20
11.0491
 10
-51.0441
 20
11.0491
 10
-51.0441
 20
11.5086
 10
-51.272
 20
11.5086
 10
-51.3726
 20
11.0491
 10
-51.6233
 20
11.0491
 10
-51.6233
 20
10.8004
 10
-51.3859
 20
10.8004
 10
-51.3859
 20
10.11
 10
-51.9519
 20
10.11
  0
LWPOLYLINE
100
AcDbEntity
  8
0
100
AcDbPolyline
 90
20
 70
1
 10
-47.2084
 20
10.7667
 10
-47.2084
 20
10.8054
 10
-46.8398
 20
10.928
 10
-46.5445
 20
11.1647
 10
-46.3583
 20
11.4888
 10
-46.2963
 20
11.8808
 10
-46.3841
 20
12.3395
 10
-46.6476
 20
12.685
 10
-47.0724
 20
12.9017
 10
-47.6444
 20
12.9739
 10
-49.4428
 20
12.9739
 10
-49.4428
 20
11.0571
 10
-49.5175
 20
11.0871
 10
-49.89
 20
11.0225
 10
-49.89
 20
14.94
 10
-45.06
 20
14.94
 10
-45.06
 20
12.9739
 10
-45.3738
 20
12.9739
 10
-45.3738
 20
10.11
 10
-46.7757
 20
10.11
  0
LWPOLYLINE
100
AcDbEntity
  8
0
100
AcDbPolyline
 90
34
 70
1
 10
-44.8557
 20
12.9739
 10
-44.94
 20
12.9739
 10
-44.94
 20
14.94
 10
-40.11
 20
14.94
 10
-40.11
 20
10.11
 10
-40.4369
 20
10.11
 10
-40.4369
 20
11.0643
 10
-42.0563
 20
11.0643
 10
-42.0563
 20
10.6303
 10
-40.9143
 20
10.6303
 10
-40.9143
 20
10.11
 10
-43.2629
 20
10.11
 10
-43.4444
 20
10.4326
 10
-43.5373
 20
11.0806
 10
-43.4498
 20
11.7258
 10
-43.1874
 20
12.2076
 10
-42.7595
 20
12.5077
 10
-42.1756
 20
12.6077
 10
-41.7847
 20
12.5704
 10
-41.4636
 20
12.4585
 10
-41.2083
 20
12.2653
 10
-41.0147
 20
11.9838
 10
-40.521
 20
12.1303
 10
-40.7807
 20
12.5379
 10
-41.1313
 20
12.8166
 10
-41.587
 20
12.9773
 10
-42.1621
 20
13.0309
 10
-42.9643
 20
12.9034
 10
-43.5644
 20
12.5209
 10
-43.9387
 20
11.9059
 10
-44.0635
 20
11.0806
 10
-44.0062
 20
10.5127
 10
-43.8645
 20
10.11
 10
-44.8557
 20
10.11
  0
LWPOLYLINE
100
AcDbEntity
  8
0
100
AcDbPolyline
 90
16
 70
1
 10
-39.89
 20
14.94
 10
-35.06
 20
14.94
 10
-35.06
 20
12.9739
 10
-35.8848
 20
12.9739
 10
-35.8848
 20
12.5508
 10
-35.06
 20
12.5508
 10
-35.06
 20
10.11
 10
-36.4628
 20
10.11
 10
-36.4628
 20
12.9739
 10
-36.9809
 20
12.9739
 10
-36.9809
 20
11.3573
 10
-39.0478
 20
11.3573
 10
-39.0478
 20
12.9739
 10
-39.5659
 20
12.9739
 10
-39.5659
 20
10.11
 10
-39.89
 20
10.11
  0
LWPOLYLINE
100
AcDbEntity
  8
0
100
AcDbPolyline
 90
9
 70
1
 10
-34.0566
 20
12.5508
 10
-32.7438
 20
12.5508
 10
-32.7438
 20
12.9739
 10
-34.94
 20
12.9739
 10
-34.94
 20
14.94
 10
-30.11
 20
14.94
 10
-30.11
 20
12.9872
 10
-30.8963
 20
10.11
 10
-34.0566
 20
10.11
  0
LWPOLYLINE
100
AcDbEntity
  8
0
100
AcDbPolyline
 90
11
 70
1
 10
-29.89
 20
12.2146
 10
-29.6295
 20
13.1774
 10
-29.89
 20
13.1774
 10
-29.89
 20
14.94
 10
-25.06
 20
14.94
 10
-25.06
 20
12.9739
 10
-28.0614
 20
12.9739
 10
-28.0614
 20
12.5508
 10
-26.7486
 20
12.5508
 10
-26.7486
 20
10.11
 10
-29.89
 20
10.11
  0
LWPOLYLINE
100
AcDbEntity
  8
0
100
AcDbPolyline
 90
25
 70
1
 10
-24.94
 20
12.5508
 10
-24.9204
 20
12.5508
 10
-24.9204
 20
12.9739
 10
-24.94
 20
12.9739
 10
-24.94
 20
14.94
 10
-20.11
 20
14.94
 10
-20.11
 20
12.9739
 10
-20.116
 20
12.9739
 10
-20.116
 20
10.11
 10
-21.0391
 20
10.11
 10
-20.8951
 20
10.5184
 10
-20.8378
 20
11.0806
 10
-20.8944
 20
11.6428
 10
-21.0643
 20
12.1249
 10
-21.3413
 20
12.5145
 10
-21.7194
 20
12.799
 10
-22.1866
 20
12.9729
 10
-22.7311
 20
13.0309
 10
-23.5279
 20
12.9017
 10
-24.1281
 20
12.5141
 10
-24.5044
 20
11.8974
 10
-24.6299
 20
11.0806
 10
-24.5736
 20
10.516
 10
-24.4335
 20
10.11
 10
-24.94
 20
10.11
  0
LWPOLYLINE
100
AcDbEntity
  8
0
100
AcDbPolyline
 90
19
 70
1
 10
-19.5979
 20
10.6412
 10
-18.475
 20
10.6412
 10
-17.9308
 20
10.7212
 10
-17.5134
 20
10.9612
 10
-17.2479
 20
11.3369
 10
-17.1594
 20
11.8238
 10
-17.2476
 20
12.31
 10
-17.512
 20
12.6728
 10
-17.9372
 20
12.8986
 10
-18.5075
 20
12.9739
 10
-19.89
 20
12.9739
 10
-19.89
 20
14.94
 10
-15.06
 20
14.94
 10
-15.06
 20
10.82
 10
-15.0786
 20
10.595
 10
-15.0786
 20
10.5842
 10
-15.06
 20
10.3591
 10
-15.06
 20
10.11
 10
-19.5979
 20
10.11
  0
LWPOLYLINE
100
AcDbEntity
  8
0
100
AcDbPolyline
 90
26
 70
1
 10
-14.5876
 20
10.5896
 10
-14.5283
 20
11.3139
 10
-14.3503
 20
11.9784
 10
-14.0455
 20
12.5955
 10
-13.6057
 20
13.1774
 10
-14.0776
 20
13.1774
 10
-14.5215
 20
12.6084
 10
-14.8331
 20
12.0028
 10
-14.94
 20
11.6173
 10
-14.94
 20
14.94
 10
-10.11
 20
14.94
 10
-10.11
 20
10.11
 10
-10.83
 20
10.11
 10
-10.7849
 20
10.22
 10
-10.7005
 20
11.0643
 10
-10.7808
 20
11.9188
 10
-11.0219
 20
12.5345
 10
-11.4318
 20
12.9068
 10
-12.0187
 20
13.0309
 10
-12.6199
 20
12.9081
 10
-13.0346
 20
12.5399
 10
-13.2756
 20
11.9255
 10
-13.356
 20
11.0643
 10
-13.2733
 20
10.2167
 10
-13.2304
 20
10.11
 10
-14.5486
 20
10.11
  0
LWPOLYLINE
100
AcDbEntity
  8
0
100
AcDbPolyline
 90
23
 70
1
 10
-9.89
 20
14.94
 10
-5.06
 20
14.94
 10
-5.06
 20
12.8112
 10
-5.34552
 20
13.1774
 10
-5.81748
 20
13.1774
 10
-5.37772
 20
12.5942
 10
-5.07292
 20
11.9784
 10
-5.06
 20
11.9303
 10
-5.06
 20
10.11
 10
-6.19679
 20
10.11
 10
-6.15167
 20
10.22
 10
-6.06724
 20
11.0643
 10
-6.1476
 20
11.9188
 10
-6.38868
 20
12.5345
 10
-6.79858
 20
12.9068
 10
-7.38548
 20
13.0309
 10
-7.98664
 20
12.9081
 10
-8.40132
 20
12.5399
 10
-8.6424
 20
11.9255
 10
-8.72276
 20
11.0643
 10
-8.64003
 20
10.2167
 10
-8.59714
 20
10.11
 10
-9.89
 20
10.11
  0
LWPOLYLINE
100
AcDbEntity
  8
0
100
AcDbPolyline
 90
10
 70
1
 10
-4.3446
 20
10.5842
 10
-4.3446
 20
10.595
 10
-4.40563
 20
11.3352
 10
-4.58872
 20
11.9988
 10
-4.89998
 20
12.606
 10
-4.94
 20
12.6573
 10
-4.94
 20
14.94
 10
-0.2
 20
14.94
 10
-0.2
 20
10.11
 10
-4.38372
 20
10.11
  0
LWPOLYLINE
100
AcDbEntity
  8
0
100
AcDbPolyline
 90
4
 70
1
 10
0.2
 20
14.94
 10
4.94
 20
14.94
 10
4.94
 20
10.11
 10
0.2
 20
10.11
  0
LWPOLYLINE
100
AcDbEntity
  8
0
100
AcDbPolyline
 90
4
 70
1
 10
5.06
 20
14.94
 10
9.89
 20
14.94
 10
9.89
 20
10.11
 10
5.06
 20
10.11
  0
LWPOLYLINE
100
AcDbEntity
  8
0
100
AcDbPolyline
 90
4
 70
1
 10
10.11
 20
14.94
 10
14.94
 20
14.94
 10
14.94
 20
10.11
 10
10.11
 20
10.11
  0
LWPOLYLINE
100
AcDbEntity
  8
0
100
AcDbPolyline
 90
4
 70
1
 10
15.06
 20
14.94
 10
19.89
 20
14.94
 10
19.89
 20
10.11
 10
15.06
 20
10.11
  0
LWPOLYLINE
100
AcDbEntity
  8
0
100
AcDbPolyline
 90
4
 70
1
 10
20.11
 20
14.94
 10
24.94
 20
14.94
 10
24.94
 20
10.11
 10
20.11
 20
10.11
  0
LWPOLYLINE
100
AcDbEntity
  8
0
100
AcDbPolyline
 90
4
 70
1
 10
25.06
 20
14.94
 10
29.89
 20
14.94
 10
29.89
 20
10.11
 10
25.06
 20
10.11
  0
LWPOLYLINE
100
AcDbEntity
  8
0
100
AcDbPolyline
 90
4
 70
1
 10
30.11
 20
14.94
 10
34.94
 20
14.94
 10
34.94
 20
10.11
 10
30.11
 20
10.11
  0
LWPOLYLINE
100
AcDbEntity
  8
0
100
AcDbPolyline
 90
4
 70
1
 10
35.06
 20
14.94
 10
39.89
 20
14.94
 10
39.89
 20
10.11
 10
35.06
 20
10.11
  0
LWPOLYLINE
100
AcDbEntity
  8
0
100
AcDbPolyline
 90
4
 70
1
 10
40.11
 20
14.94
 10
44.94
 20
14.94
 10
44.94
 20
10.11
 10
40.11
 20
10.11
  0
LWPOLYLINE
100
AcDbEntity
  8
0
100
AcDbPolyline
 90
4
 70
1
 10
45.06
 20
14.94
 10
49.89
 20
14.94
 10
49.89
 20
10.11
 10
45.06
 20
10.11
  0
LWPOLYLINE
100
AcDbEntity
  8
0
100
AcDbPolyline
 90
4
 70
1
 10
50.11
 20
14.94
 10
54.94
 20
14.94
 10
54.94
 20
10.11
 10
50.11
 20
10.11
  0
LWPOLYLINE
100
AcDbEntity
  8
0
100
AcDbPolyline
 90
4
 70
1
 10
55.06
 20
14.94
 10
59.89
 20
14.94
 10
59.89
 20
10.11
 10
55.06
 20
10.11
  0
LWPOLYLINE
100
AcDbEntity
  8
0
100
AcDbPolyline
 90
4
 70
1
 10
60.11
 20
14.94
 10
64.94
 20
14.94
 10
64.94
 20
10.11
 10
60.11
 20
10.11
  0
LWPOLYLINE
100
AcDbEntity
  8
0
100
AcDbPolyline
 90
4
 70
1
 10
65.06
 20
14.94
 10
69.89
 20
14.94
 10
69.89
 20
10.11
 10
65.06
 20
10.11
  0
LWPOLYLINE
100
AcDbEntity
  8
0
100
AcDbPolyline
 90
4
 70
1
 10
70.11
 20
14.94
 10
74.94
 20
14.94
 10
74.94
 20
10.11
 10
70.11
 20
10.11
  0
LWPOLYLINE
100
AcDbEntity
  8
0
100
AcDbPolyline
 90
4
 70
1
 10
75.06
 20
14.94
 10
79.89
 20
14.94
 10
79.89
 20
10.11
 10
75.06
 20
10.11
  0
LWPOLYLINE
100
AcDbEntity
  8
0
100
AcDbPolyline
 90
4
 70
1
 10
80.11
 20
14.94
 10
84.94
 20
14.94
 10
84.94
 20
10.11
 10
80.11
 20
10.11
  0
LWPOLYLINE
100
AcDbEntity
  8
0
100
AcDbPolyline
 90
4
 70
1
 10
85.06
 20
14.94
 10
89.89
 20
14.94
 10
89.89
 20
10.11
 10
85.06
 20
10.11
  0
LWPOLYLINE
100
AcDbEntity
  8
0
100
AcDbPolyline
 90
4
 70
1
 10
90.11
 20
14.94
 10
94.94
 20
14.94
 10
94.94
 20
10.11
 10
90.11
 20
10.11
  0
LWPOLYLINE
100
AcDbEntity
  8
0
100
AcDbPolyline
 90
4
 70
1
 10
95.06
 20
14.94
 10
99.89
 20
14.94
 10
99.89
 20
10.11
 10
95.06
 20
10.11
  0
LWPOLYLINE
100
AcDbEntity
  8
0
100
AcDbPolyline
 90
4
 70
1
 10
100.11
 20
14.94
 10
104.94
 20
14.94
 10
104.94
 20
10.11
 10
100.11
 20
10.11
  0
LWPOLYLINE
100
AcDbEntity
  8
0
100
AcDbPolyline
 90
6
 70
1
 10
-59.89
 20
14.94
 10
-59.4296
 20
14.94
 10
-59.4529
 20
14.6787
 10
-59.5512
 20
14.4219
 10
-59.722
 20
14.271
 10
-59.89
 20
14.2372
  0
LWPOLYLINE
100
AcDbEntity
  8
0
100
AcDbPolyline
 90
54
 70
1
 10
-64.1843
 20
10.2974
 10
-64.1843
 20
10.8004
 10
-63.7837
 20
10.8004
 10
-63.7837
 20
11.0491
 10
-63.9738
 20
11.0491
 10
-63.8296
 20
11.1647
 10
-63.6435
 20
11.4888
 10
-63.5814
 20
11.8808
 10
-63.6693
 20
12.3395
 10
-63.9327
 20
12.685
 10
-64.3576
 20
12.9017
 10
-64.9296
 20
12.9739
 10
-64.94
 20
12.9739
 10
-64.94
 20
13.4604
 10
-64.7958
 20
13.3197
 10
-64.5622
 20
13.2207
 10
-64.2603
 20
13.1877
 10
-63.6152
 20
13.4042
 10
-63.4002
 20
14.0535
 10
-63.4002
 20
14.94
 10
-62.8684
 20
14.94
 10
-62.8684
 20
13.9947
 10
-62.5266
 20
13.9947
 10
-62.5266
 20
14.94
 10
-61.5829
 20
14.94
 10
-61.5829
 20
13.9947
 10
-61.2411
 20
13.9947
 10
-61.2411
 20
14.94
 10
-60.8086
 20
14.94
 10
-60.7699
 20
14.5482
 10
-60.6325
 20
14.2187
 10
-60.3978
 20
14.0222
 10
-60.11
 20
13.9664
 10
-60.11
 20
10.11
 10
-60.3072
 20
10.11
 10
-60.5502
 20
10.4952
 10
-60.5504
 20
10.4973
 10
-60.717
 20
10.8279
 10
-60.7927
 20
10.8796
 10
-62.1137
 20
12.9739
 10
-62.7159
 20
12.9739
 10
-62.7159
 20
11.0845
 10
-62.8694
 20
11.0629
 10
-62.9975
 20
10.9903
 10
-63.0977
 20
10.8517
 10
-63.1855
 20
10.6295
 10
-63.1931
 20
10.6295
 10
-63.1969
 20
10.7696
 10
-63.2083
 20
11.0491
 10
-63.531
 20
11.0491
 10
-63.5225
 20
10.7985
 10
-63.5197
 20
10.5706
 10
-63.5197
 20
10.11
 10
-64.0608
 20
10.11
  0
LWPOLYLINE
100
AcDbEntity
  8
0
100
AcDbPolyline
 90
11
 70
1
 10
-64.5205
 20
14.2781
 10
-64.6724
 20
14.4162
 10
-64.7564
 20
14.6597
 10
-64.778
 20
14.94
 10
-63.7462
 20
14.94
 10
-63.7572
 20
14.7938
 10
-63.8084
 20
14.5994
 10
-63.891
 20
14.4426
 10
-64.0021
 20
14.327
 10
-64.1364
 20
14.2558
 10
-64.2888
 20
14.232
  0
LWPOLYLINE
100
AcDbEntity
  8
0
100
AcDbPolyline
 90
52
 70
1
 10
-67.1182
 20
10.396
 10
-67.167
 20
10.6924
 10
-67.3137
 20
10.9096
 10
-67.4591
 20
10.989
 10
-67.4497
 20
11.0806
 10
-67.5064
 20
11.6428
 10
-67.6762
 20
12.1249
 10
-67.9532
 20
12.5145
 10
-68.3313
 20
12.799
 10
-68.7985
 20
12.9729
 10
-69.343
 20
13.0309
 10
-69.89
 20
12.9422
 10
-69.89
 20
13.9947
 10
-69.6608
 20
13.9947
 10
-69.6608
 20
14.94
 10
-69.1224
 20
14.94
 10
-69.1905
 20
14.8501
 10
-69.2429
 20
14.5681
 10
-69.204
 20
14.3137
 10
-69.0872
 20
14.12
 10
-68.8931
 20
13.9975
 10
-68.622
 20
13.9567
 10
-68.392
 20
13.9812
 10
-68.1995
 20
14.0545
 10
-68.0365
 20
14.1867
 10
-67.8948
 20
14.3877
 10
-67.8834
 20
14.3877
 10
-67.8533
 20
14.2033
 10
-67.7856
 20
14.0754
 10
-67.6734
 20
14.0006
 10
-67.5093
 20
13.9757
 10
-67.376
 20
13.9833
 10
-67.2454
 20
14.0061
 10
-67.2454
 20
14.2187
 10
-67.3048
 20
14.2088
 10
-67.3574
 20
14.2054
 10
-67.4514
 20
14.2247
 10
-67.5094
 20
14.2823
 10
-67.5393
 20
14.378
 10
-67.5492
 20
14.5111
 10
-67.5492
 20
14.94
 10
-66.9833
 20
14.94
 10
-66.9833
 20
13.9947
 10
-66.6415
 20
13.9947
 10
-66.6415
 20
14.94
 10
-65.1301
 20
14.94
 10
-65.0932
 20
14.5524
 10
-65.06
 20
14.4722
 10
-65.06
 20
12.9739
 10
-66.7279
 20
12.9739
 10
-66.7279
 20
10.11
 10
-67.1182
 20
10.11
  0
LWPOLYLINE
100
AcDbEntity
  8
0
100
AcDbPolyline
 90
16
 70
1
 10
-68.692
 20
14.2358
 10
-68.8015
 20
14.3042
 10
-68.8691
 20
14.4143
 10
-68.8916
 20
14.5624
 10
-68.875
 20
14.7015
 10
-68.8252
 20
14.8111
 10
-68.7443
 20
14.8937
 10
-68.6565
 20
14.94
 10
-67.8948
 20
14.94
 10
-67.8948
 20
14.8396
 10
-67.9159
 20
14.6842
 10
-67.9793
 20
14.533
 10
-68.0792
 20
14.3998
 10
-68.21
 20
14.2985
 10
-68.3666
 20
14.2344
 10
-68.5442
 20
14.213
  0
LWPOLYLINE
100
AcDbEntity
  8
0
100
AcDbPolyline
 90
9
 70
1
 10
-77.0134
 20
14.2603
 10
-77.1831
 20
14.4134
 10
-77.2821
 20
14.668
 10
-77.3073
 20
14.94
 10
-76.2043
 20
14.94
 10
-76.2297
 20
14.6597
 10
-76.3286
 20
14.4067
 10
-76.5045
 20
14.2586
 10
-76.7682
 20
14.2093
  0
LWPOLYLINE
100
AcDbEntity
  8
0
100
AcDbPolyline
 90
4
 70
1
 10
-94.94
 20
10.225
 10
-94.94
 20
14.65
 10
-90.11
 20
14.65
 10
-90.11
 20
10.225
  0
LWPOLYLINE
100
AcDbEntity
  8
0
100
AcDbPolyline
 90
4
 70
1
 10
-89.89
 20
10.225
 10
-89.89
 20
14.65
 10
-85.06
 20
14.65
 10
-85.06
 20
10.225
  0
LWPOLYLINE
100
AcDbEntity
  8
0
100
AcDbPolyline
 90
16
 70
1
 10
-64.4224
 20
13.4671
 10
-64.5575
 20
13.5248
 10
-64.6536
 20
13.618
 10
-64.7084
 20
13.7441
 10
-64.94
 20
13.7108
 10
-64.94
 20
14.2136
 10
-64.7324
 20
14.0421
 10
-64.4046
 20
13.9795
 10
-64.1929
 20
14.0044
 10
-64.0097
 20
14.0792
 10
-63.8587
 20
14.2033
 10
-63.7439
 20
14.3763
 10
-63.7401
 20
14.3763
 10
-63.7401
 20
14.046
 10
-63.8678
 20
13.5974
 10
-64.2508
 20
13.4478
  0
LWPOLYLINE
100
AcDbEntity
  8
0
100
AcDbPolyline
 90
13
 70
1
 10
-12.8125
 20
10.3597
 10
-12.8623
 20
11.0643
 10
-12.8132
 20
11.7845
 10
-12.6657
 20
12.2686
 10
-12.4056
 20
12.5433
 10
-12.0187
 20
12.6348
 10
-11.6414
 20
12.5419
 10
-11.3881
 20
12.2632
 10
-11.2446
 20
11.7777
 10
-11.1968
 20
11.0643
 10
-11.247
 20
10.3699
 10
-11.3272
 20
10.11
 10
-12.7357
 20
10.11
  0
LWPOLYLINE
100
AcDbEntity
  8
0
100
AcDbPolyline
 90
13
 70
1
 10
-8.17924
 20
10.3597
 10
-8.22908
 20
11.0643
 10
-8.17992
 20
11.7845
 10
-8.03244
 20
12.2686
 10
-7.77236
 20
12.5433
 10
-7.38548
 20
12.6348
 10
-7.00812
 20
12.5419
 10
-6.75484
 20
12.2632
 10
-6.61141
 20
11.7777
 10
-6.5636
 20
11.0643
 10
-6.61378
 20
10.3699
 10
-6.69391
 20
10.11
 10
-8.10244
 20
10.11
  0
LWPOLYLINE
100
AcDbEntity
  8
0
100
AcDbPolyline
 90
31
 70
1
 10
-69.89
 20
10.8184
 10
-69.8847
 20
10.8194
 10
-69.7082
 20
10.7942
 10
-69.5772
 20
10.7188
 10
-69.4893
 20
10.6006
 10
-69.4423
 20
10.4472
 10
-69.0911
 20
10.4738
 10
-69.1829
 20
10.7297
 10
-69.3522
 20
10.9238
 10
-69.5869
 20
11.0463
 10
-69.8753
 20
11.0871
 10
-69.89
 20
11.0844
 10
-69.89
 20
12.5134
 10
-69.343
 20
12.6077
 10
-68.7656
 20
12.506
 10
-68.3354
 20
12.2008
 10
-68.0679
 20
11.7173
 10
-67.9787
 20
11.0806
 10
-67.9805
 20
11.0669
 10
-68.471
 20
10.9485
 10
-68.7207
 20
10.5327
 10
-68.3637
 20
10.5004
 10
-68.322
 20
10.648
 10
-68.2384
 20
10.7491
 10
-68.1026
 20
10.8075
 10
-68.0141
 20
10.8162
 10
-68.0672
 20
10.4191
 10
-68.1811
 20
10.2077
 10
-68.3279
 20
10.189
 10
-68.4932
 20
10.11
 10
-69.89
 20
10.11
  0
LWPOLYLINE
100
AcDbEntity
  8
0
100
AcDbPolyline
 90
13
 70
1
 10
-24.0131
 20
10.436
 10
-24.1037
 20
11.0806
 10
-24.0142
 20
11.7241
 10
-23.7456
 20
12.2063
 10
-23.313
 20
12.5074
 10
-22.7311
 20
12.6077
 10
-22.1537
 20
12.506
 10
-21.7234
 20
12.2008
 10
-21.4559
 20
11.7173
 10
-21.3668
 20
11.0806
 10
-21.4553
 20
10.4191
 10
-21.6218
 20
10.11
 10
-23.8347
 20
10.11
  0
LWPOLYLINE
100
AcDbEntity
  8
0
100
AcDbPolyline
 90
11
 70
1
 10
-54.4802
 20
12.5589
 10
-53.2515
 20
12.5589
 10
-52.8755
 20
12.5152
 10
-52.5992
 20
12.384
 10
-52.4293
 20
12.1693
 10
-52.3726
 20
11.8754
 10
-52.4286
 20
11.5692
 10
-52.5964
 20
11.3396
 10
-52.8667
 20
11.1962
 10
-53.2298
 20
11.1484
 10
-54.4802
 20
11.1484
  0
LWPOLYLINE
100
AcDbEntity
  8
0
100
AcDbPolyline
 90
11
 70
1
 10
-48.9247
 20
12.5589
 10
-47.6959
 20
12.5589
 10
-47.3199
 20
12.5152
 10
-47.0436
 20
12.384
 10
-46.8737
 20
12.1693
 10
-46.8171
 20
11.8754
 10
-46.873
 20
11.5692
 10
-47.0409
 20
11.3396
 10
-47.3111
 20
11.1962
 10
-47.6742
 20
11.1484
 10
-48.9247
 20
11.1484
  0
LWPOLYLINE
100
AcDbEntity
  8
0
100
AcDbPolyline
 90
7
 70
1
 10
-19.5979
 20
12.5589
 10
-18.5699
 20
12.5589
 10
-17.9026
 20
12.3738
 10
-17.6802
 20
11.8184
 10
-17.8972
 20
11.2427
 10
-18.5482
 20
11.0508
 10
-19.5979
 20
11.0508
  0
LWPOLYLINE
100
AcDbEntity
  8
0
100
AcDbPolyline
 90
4
 70
1
 10
-66.2098
 20
12.5589
 10
-65.06
 20
12.5589
 10
-65.06
 20
11.1484
 10
-66.2098
 20
11.1484
  0
LWPOLYLINE
100
AcDbEntity
  8
0
100
AcDbPolyline
 90
13
 70
1
 10
-64.94
 20
12.5541
 10
-64.6051
 20
12.5152
 10
-64.3288
 20
12.384
 10
-64.1589
 20
12.1693
 10
-64.1022
 20
11.8754
 10
-64.1168
 20
11.7958
 10
-64.2465
 20
11.7778
 10
-64.4027
 20
11.6852
 10
-64.4952
 20
11.5224
 10
-64.5261
 20
11.2808
 10
-64.5261
 20
11.2335
 10
-64.5963
 20
11.1962
 10
-64.94
 20
11.151
  0
LWPOLYLINE
100
AcDbEntity
  8
0
100
AcDbPolyline
 90
4
 70
1
 10
-26.2332
 20
12.5508
 10
-25.06
 20
12.5508
 10
-25.06
 20
10.11
 10
-26.2332
 20
10.11
  0
LWPOLYLINE
100
AcDbEntity
  8
0
100
AcDbPolyline
 90
4
 70
1
 10
-34.94
 20
12.5508
 10
-34.572
 20
12.5508
 10
-34.572
 20
10.11
 10
-34.94
 20
10.11
  0
LWPOLYLINE
100
AcDbEntity
  8
0
100
AcDbPolyline
 90
6
 70
1
 10
-62.2548
 20
11.6909
 10
-62.2683
 20
12.1439
 10
-62.2819
 20
12.407
 10
-61.4443
 20
11.0739
 10
-62.1007
 20
10.8213
 10
-62.2548
 20
10.2878
  0
LWPOLYLINE
100
AcDbEntity
  8
0
100
AcDbPolyline
 90
8
 70
1
 10
-70.7156
 20
11.0806
 10
-70.6261
 20
11.7241
 10
-70.3576
 20
12.2063
 10
-70.11
 20
12.3785
 10
-70.11
 20
11.0446
 10
-70.2512
 20
11.019
 10
-70.5284
 20
10.8146
 10
-70.646
 20
10.5849
  0
LWPOLYLINE
100
AcDbEntity
  8
0
100
AcDbPolyline
 90
5
 70
1
 10
-4.94
 20
11.4832
 10
-4.8949
 20
11.3152
 10
-4.83556
 20
10.5896
 10
-4.87458
 20
10.11
 10
-4.94
 20
10.11
  0
LWPOLYLINE
100
AcDbEntity
  8
0
100
AcDbPolyline
 90
3
 70
1
 10
-30.11
 20
11.4016
 10
-30.11
 20
10.11
 10
-30.4595
 20
10.11
  0
LWPOLYLINE
100
AcDbEntity
  8
0
100
AcDbPolyline
 90
5
 70
1
 10
-52.7849
 20
10.7985
 10
-52.3954
 20
10.928
 10
-52.2936
 20
11.0095
 10
-52.2936
 20
10.11
 10
-52.3312
 20
10.11
  0
LWPOLYLINE
100
AcDbEntity
  8
0
100
AcDbPolyline
 90
4
 70
1
 10
-39.0478
 20
10.9233
 10
-36.9809
 20
10.9233
 10
-36.9809
 20
10.11
 10
-39.0478
 20
10.11
  0
LWPOLYLINE
100
AcDbEntity
  8
0
100
AcDbPolyline
 90
6
 70
1
 10
-58.1858
 20
10.907
 10
-58.1098
 20
10.907
 10
-58.1098
 20
10.8004
 10
-57.8724
 20
10.8004
 10
-57.8724
 20
10.11
 10
-58.1858
 20
10.11
  0
LWPOLYLINE
100
AcDbEntity
  8
0
100
AcDbPolyline
 90
8
 70
1
 10
-61.9386
 20
10.3862
 10
-61.8382
 20
10.638
 10
-61.6628
 20
10.7854
 10
-61.4044
 20
10.8346
 10
-61.279
 20
10.8109
 10
-60.8647
 20
10.1516
 10
-60.8612
 20
10.11
 10
-61.9642
 20
10.11
  0
LWPOLYLINE
100
AcDbEntity
  8
0
100
AcDbPolyline
 90
6
 70
1
 10
-49.89
 20
10.6882
 10
-49.746
 20
10.793
 10
-49.5231
 20
10.8346
 10
-49.4428
 20
10.8213
 10
-49.4428
 20
10.2118
 10
-49.89
 20
10.2118
  0
LWPOLYLINE
100
AcDbEntity
  8
0
100
AcDbPolyline
 90
13
 70
1
 10
-77.2258
 20
10.2061
 10
-77.1895
 20
10.46
 10
-77.0806
 20
10.6561
 10
-76.9113
 20
10.7814
 10
-76.6942
 20
10.8232
 10
-76.5503
 20
10.8108
 10
-76.4416
 20
10.7738
 10
-76.3633
 20
10.7104
 10
-76.3106
 20
10.6191
 10
-76.2807
 20
10.4859
 10
-76.2707
 20
10.2972
 10
-76.2707
 20
10.11
 10
-77.2258
 20
10.11
  0
LWPOLYLINE
100
AcDbEntity
  8
0
100
AcDbPolyline
 90
12
 70
1
 10
-59.6128
 20
10.5878
 10
-59.5776
 20
10.6542
 10
-59.4091
 20
10.7809
 10
-59.1884
 20
10.8232
 10
-59.0398
 20
10.8108
 10
-58.9321
 20
10.7738
 10
-58.8566
 20
10.7088
 10
-58.8049
 20
10.6124
 10
-58.775
 20
10.4776
 10
-58.765
 20
10.2972
 10
-58.765
 20
10.11
 10
-59.6128
 20
10.11
  0
LWPOLYLINE
100
AcDbEntity
  8
0
100
AcDbPolyline
 90
11
 70
1
 10
-79.3813
 20
10.2604
 10
-79.3364
 20
10.4691
 10
-79.2628
 20
10.6264
 10
-79.1617
 20
10.7358
 10
-79.0248
 20
10.7999
 10
-78.8437
 20
10.8213
 10
-78.6253
 20
10.7753
 10
-78.4753
 20
10.6371
 10
-78.3884
 20
10.3917
 10
-78.3663
 20
10.11
 10
-79.3898
 20
10.11
  0
LWPOLYLINE
100
AcDbEntity
  8
0
100
AcDbPolyline
 90
6
 70
1
 10
-55.4521
 20
10.3862
 10
-55.3517
 20
10.638
 10
-55.1763
 20
10.7854
 10
-55.06
 20
10.8075
 10
-55.06
 20
10.11
 10
-55.4776
 20
10.11
  0
LWPOLYLINE
100
AcDbEntity
  8
0
100
AcDbPolyline
 90
6
 70
1
 10
-70.369
 20
10.3969
 10
-70.2778
 20
10.639
 10
-70.1188
 20
10.7743
 10
-70.11
 20
10.776
 10
-70.11
 20
10.11
 10
-70.3928
 20
10.11
  0
LWPOLYLINE
100
AcDbEntity
  8
0
100
AcDbPolyline
 90
7
 70
1
 10
-63.1499
 20
10.3677
 10
-63.0659
 20
10.5906
 10
-62.9287
 20
10.728
 10
-62.7412
 20
10.7738
 10
-62.7159
 20
10.7726
 10
-62.7159
 20
10.11
 10
-63.1738
 20
10.11
  0
LWPOLYLINE
100
AcDbEntity
  8
0
100
AcDbPolyline
 90
4
 70
1
 10
-47.8456
 20
10.7388
 10
-47.7919
 20
10.7388
 10
-47.8351
 20
10.6295
 10
-47.8426
 20
10.6295
  0
LWPOLYLINE
100
AcDbEntity
  8
0
100
AcDbPolyline
 90
5
 70
1
 10
-48.8173
 20
10.7388
 10
-48.1713
 20
10.7388
 10
-48.1692
 20
10.5706
 10
-48.1692
 20
10.11
 10
-48.6435
 20
10.11
  0
LWPOLYLINE
100
AcDbEntity
  8
0
100
AcDbPolyline
 90
5
 70
1
 10
-54.0639
 20
10.4973
 10
-54.1856
 20
10.7388
 10
-53.5924
 20
10.7388
 10
-53.5924
 20
10.11
 10
-54.0184
 20
10.11
  0
LWPOLYLINE
100
AcDbEntity
  8
0
100
AcDbPolyline
 90
4
 70
1
 10
-66.2098
 20
10.7388
 10
-65.06
 20
10.7388
 10
-65.06
 20
10.11
 10
-66.2098
 20
10.11
  0
LWPOLYLINE
100
AcDbEntity
  8
0
100
AcDbPolyline
 90
3
 70
1
 10
-53.2487
 20
10.6736
 10
-52.8961
 20
10.11
 10
-53.2487
 20
10.11
  0
LWPOLYLINE
100
AcDbEntity
  8
0
100
AcDbPolyline
 90
5
 70
1
 10
-47.7994
 20
10.3677
 10
-47.7154
 20
10.5906
 10
-47.6698
 20
10.6363
 10
-47.3405
 20
10.11
 10
-47.8233
 20
10.11
  0
LWPOLYLINE
100
AcDbEntity
  8
0
100
AcDbPolyline
 90
3
 70
1
 10
-64.94
 20
10.6124
 10
-64.6257
 20
10.11
 10
-64.94
 20
10.11
  0
LWPOLYLINE
100
AcDbEntity
  8
0
100
AcDbPolyline
 90
4
 70
1
 10
-54.4802
 20
10.6068
 10
-54.3988
 20
10.391
 10
-54.3746
 20
10.11
 10
-54.4802
 20
10.11
  0
LWPOLYLINE
100
AcDbEntity
  8
0
100
AcDbPolyline
 90
6
 70
1
 10
-67.507
 20
10.5184
 10
-67.4996
 20
10.5916
 10
-67.4903
 20
10.5749
 10
-67.4637
 20
10.3599
 10
-67.4637
 20
10.2479
 10
-67.6032
 20
10.2456
  0
LWPOLYLINE
100
AcDbEntity
  8
0
100
AcDbPolyline
 90
3
 70
1
 10
-71.1836
 20
10.5103
 10
-71.0454
 20
10.11
 10
-71.1836
 20
10.11
  0
LWPOLYLINE
100
AcDbEntity
  8
0
100
AcDbPolyline
 90
4
 70
1
 10
-104.94
 20
9.89
 10
-100.11
 20
9.89
 10
-100.11
 20
5.06
 10
-104.94
 20
5.06
  0
LWPOLYLINE
100
AcDbEntity
  8
0
100
AcDbPolyline
 90
4
 70
1
 10
-99.89
 20
9.89
 10
-95.06
 20
9.89
 10
-95.06
 20
5.06
 10
-99.89
 20
5.06
  0
LWPOLYLINE
100
AcDbEntity
  8
0
100
AcDbPolyline
 90
8
 70
1
 10
-83
 20
5.225
 10
-84.94
 20
5.225
 10
-84.94
 20
9.775
 10
-83
 20
9.775
 10
-83
 20
9.89
 10
-80.11
 20
9.89
 10
-80.11
 20
5.06
 10
-83
 20
5.06
  0
LWPOLYLINE
100
AcDbEntity
  8
0
100
AcDbPolyline
 90
3
 70
1
 10
-70.2852
 20
9.89
 10
-70.11
 20
9.89
 10
-70.11
 20
9.76181
  0
LWPOLYLINE
100
AcDbEntity
  8
0
100
AcDbPolyline
 90
65
 70
1
 10
-69.89
 20
8.96004
 10
-69.8715
 20
8.95672
 10
-69.5734
 20
9.00086
 10
-69.3889
 20
9.10216
 10
-69.3485
 20
9.09776
 10
-68.8039
 20
9.15811
 10
-68.7027
 20
9.19732
 10
-68.6561
 20
9.12002
 10
-68.462
 20
8.99754
 10
-68.1909
 20
8.95672
 10
-67.9609
 20
8.98116
 10
-67.7685
 20
9.0545
 10
-67.6054
 20
9.18669
 10
-67.4637
 20
9.38772
 10
-67.4523
 20
9.38772
 10
-67.4222
 20
9.20331
 10
-67.3546
 20
9.07538
 10
-67.2423
 20
9.00062
 10
-67.0783
 20
8.9757
 10
-66.9449
 20
8.9833
 10
-66.8144
 20
9.00608
 10
-66.8144
 20
9.21874
 10
-66.8737
 20
9.20877
 10
-66.9264
 20
9.20544
 10
-67.0203
 20
9.22467
 10
-67.0783
 20
9.28233
 10
-67.1082
 20
9.37799
 10
-67.1182
 20
9.51115
 10
-67.1182
 20
9.89
 10
-66.7279
 20
9.89
 10
-66.7279
 20
9.152
 10
-66.5522
 20
9.152
 10
-66.5522
 20
8.99469
 10
-66.2104
 20
8.99469
 10
-66.2104
 20
9.152
 10
-66.2098
 20
9.152
 10
-66.2098
 20
9.89
 10
-65.06
 20
9.89
 10
-65.06
 20
5.67277
 10
-65.5136
 20
5.85504
 10
-65.905
 20
5.78716
 10
-66.1943
 20
5.58352
 10
-66.373
 20
5.25266
 10
-66.3986
 20
5.06
 10
-67.0403
 20
5.06
 10
-67.0403
 20
5.56834
 10
-66.6605
 20
5.56834
 10
-66.6605
 20
5.81707
 10
-67.0403
 20
5.81707
 10
-67.0403
 20
6.27658
 10
-67.2681
 20
6.27658
 10
-67.3688
 20
5.81707
 10
-67.6194
 20
5.81707
 10
-67.6194
 20
5.56834
 10
-67.3821
 20
5.56834
 10
-67.3821
 20
5.06
 10
-67.948
 20
5.06
 10
-67.948
 20
5.81707
 10
-68.2898
 20
5.81707
 10
-68.2898
 20
5.06
 10
-69.2449
 20
5.06
 10
-69.2449
 20
5.81707
 10
-69.5885
 20
5.81707
 10
-69.5885
 20
5.06
 10
-69.89
 20
5.06
  0
LWPOLYLINE
100
AcDbEntity
  8
0
100
AcDbPolyline
 90
3
 70
1
 10
-60.1684
 20
9.89
 10
-60.11
 20
9.89
 10
-60.11
 20
9.79739
  0
LWPOLYLINE
100
AcDbEntity
  8
0
100
AcDbPolyline
 90
6
 70
1
 10
-55.1839
 20
9.26028
 10
-55.3536
 20
9.41337
 10
-55.4526
 20
9.66804
 10
-55.4732
 20
9.89
 10
-55.06
 20
9.89
 10
-55.06
 20
9.23449
  0
LWPOLYLINE
100
AcDbEntity
  8
0
100
AcDbPolyline
 90
16
 70
1
 10
-44.94
 20
9.152
 10
-44.8557
 20
9.152
 10
-44.8557
 20
9.89
 10
-43.7395
 20
9.89
 10
-43.5539
 20
9.62771
 10
-43.1711
 20
9.33644
 10
-42.6957
 20
9.15743
 10
-42.1376
 20
9.09776
 10
-41.6409
 20
9.14014
 10
-41.1815
 20
9.26728
 10
-40.775
 20
9.47173
 10
-40.4369
 20
9.74604
 10
-40.4369
 20
9.89
 10
-40.11
 20
9.89
 10
-40.11
 20
5.06
 10
-44.94
 20
5.06
  0
LWPOLYLINE
100
AcDbEntity
  8
0
100
AcDbPolyline
 90
12
 70
1
 10
-39.89
 20
9.89
 10
-39.5659
 20
9.89
 10
-39.5659
 20
9.152
 10
-39.0478
 20
9.152
 10
-39.0478
 20
9.89
 10
-36.9809
 20
9.89
 10
-36.9809
 20
9.152
 10
-36.4628
 20
9.152
 10
-36.4628
 20
9.89
 10
-35.06
 20
9.89
 10
-35.06
 20
5.06
 10
-39.89
 20
5.06
  0
LWPOLYLINE
100
AcDbEntity
  8
0
100
AcDbPolyline
 90
12
 70
1
 10
-34.94
 20
9.89
 10
-34.572
 20
9.89
 10
-34.572
 20
9.152
 10
-34.0566
 20
9.152
 10
-34.0566
 20
9.89
 10
-30.9564
 20
9.89
 10
-31.1729
 20
9.09776
 10
-30.7334
 20
9.09776
 10
-30.5191
 20
9.89
 10
-30.11
 20
9.89
 10
-30.11
 20
5.06
 10
-34.94
 20
5.06
  0
LWPOLYLINE
100
AcDbEntity
  8
0
100
AcDbPolyline
 90
8
 70
1
 10
-29.89
 20
9.89
 10
-26.7486
 20
9.89
 10
-26.7486
 20
9.152
 10
-26.2332
 20
9.152
 10
-26.2332
 20
9.89
 10
-25.06
 20
9.89
 10
-25.06
 20
5.06
 10
-29.89
 20
5.06
  0
LWPOLYLINE
100
AcDbEntity
  8
0
100
AcDbPolyline
 90
6
 70
1
 10
-19.89
 20
9.152
 10
-19.5979
 20
9.152
 10
-19.5979
 20
9.89
 10
-15.06
 20
9.89
 10
-15.06
 20
5.06
 10
-19.89
 20
5.06
  0
LWPOLYLINE
100
AcDbEntity
  8
0
100
AcDbPolyline
 90
19
 70
1
 10
-14.94
 20
9.56305
 10
-14.8344
 20
9.18048
 10
-14.5232
 20
8.57321
 10
-14.0776
 20
8.00188
 10
-13.6057
 20
8.00188
 10
-14.0488
 20
8.58915
 10
-14.353
 20
9.20624
 10
-14.5289
 20
9.86811
 10
-14.5307
 20
9.89
 10
-13.1419
 20
9.89
 10
-13.0251
 20
9.59956
 10
-12.6121
 20
9.22321
 10
-12.035
 20
9.09776
 10
-11.4562
 20
9.22389
 10
-11.0382
 20
9.60228
 10
-10.9202
 20
9.89
 10
-10.11
 20
9.89
 10
-10.11
 20
5.06
 10
-14.94
 20
5.06
  0
LWPOLYLINE
100
AcDbEntity
  8
0
100
AcDbPolyline
 90
25
 70
1
 10
-9.89
 20
8.44132
 10
-9.65056
 20
8.44132
 10
-9.55629
 20
8.62171
 10
-9.49052
 20
8.81024
 10
-9.45185
 20
9.02654
 10
-9.43896
 20
9.29032
 10
-9.43896
 20
9.74604
 10
-9.89
 20
9.74604
 10
-9.89
 20
9.89
 10
-8.50865
 20
9.89
 10
-8.39184
 20
9.59956
 10
-7.97886
 20
9.22321
 10
-7.40176
 20
9.09776
 10
-6.823
 20
9.22389
 10
-6.40496
 20
9.60228
 10
-6.28699
 20
9.89
 10
-5.06
 20
9.89
 10
-5.06
 20
9.24541
 10
-5.07156
 20
9.20216
 10
-5.37602
 20
8.58677
 10
-5.81748
 20
8.00188
 10
-5.34552
 20
8.00188
 10
-5.06
 20
8.36788
 10
-5.06
 20
5.06
 10
-9.89
 20
5.06
  0
LWPOLYLINE
100
AcDbEntity
  8
0
100
AcDbPolyline
 90
4
 70
1
 10
0.425
 20
9.89
 10
4.94
 20
9.89
 10
4.94
 20
5.06
 10
0.425
 20
5.06
  0
LWPOLYLINE
100
AcDbEntity
  8
0
100
AcDbPolyline
 90
4
 70
1
 10
5.06
 20
9.89
 10
9.89
 20
9.89
 10
9.89
 20
5.06
 10
5.06
 20
5.06
  0
LWPOLYLINE
100
AcDbEntity
  8
0
100
AcDbPolyline
 90
4
 70
1
 10
10.11
 20
9.89
 10
14.94
 20
9.89
 10
14.94
 20
5.06
 10
10.11
 20
5.06
  0
LWPOLYLINE
100
AcDbEntity
  8
0
100
AcDbPolyline
 90
4
 70
1
 10
15.06
 20
9.89
 10
19.89
 20
9.89
 10
19.89
 20
5.06
 10
15.06
 20
5.06
  0
LWPOLYLINE
100
AcDbEntity
  8
0
100
AcDbPolyline
 90
4
 70
1
 10
20.11
 20
9.89
 10
24.94
 20
9.89
 10
24.94
 20
5.06
 10
20.11
 20
5.06
  0
LWPOLYLINE
100
AcDbEntity
  8
0
100
AcDbPolyline
 90
4
 70
1
 10
25.06
 20
9.89
 10
29.89
 20
9.89
 10
29.89
 20
5.06
 10
25.06
 20
5.06
  0
LWPOLYLINE
100
AcDbEntity
  8
0
100
AcDbPolyline
 90
4
 70
1
 10
30.11
 20
9.89
 10
34.94
 20
9.89
 10
34.94
 20
5.06
 10
30.11
 20
5.06
  0
LWPOLYLINE
100
AcDbEntity
  8
0
100
AcDbPolyline
 90
4
 70
1
 10
35.06
 20
9.89
 10
39.89
 20
9.89
 10
39.89
 20
5.06
 10
35.06
 20
5.06
  0
LWPOLYLINE
100
AcDbEntity
  8
0
100
AcDbPolyline
 90
4
 70
1
 10
40.11
 20
9.89
 10
44.94
 20
9.89
 10
44.94
 20
5.06
 10
40.11
 20
5.06
  0
LWPOLYLINE
100
AcDbEntity
  8
0
100
AcDbPolyline
 90
4
 70
1
 10
45.06
 20
9.89
 10
49.89
 20
9.89
 10
49.89
 20
5.06
 10
45.06
 20
5.06
  0
LWPOLYLINE
100
AcDbEntity
  8
0
100
AcDbPolyline
 90
4
 70
1
 10
50.11
 20
9.89
 10
54.94
 20
9.89
 10
54.94
 20
5.06
 10
50.11
 20
5.06
  0
LWPOLYLINE
100
AcDbEntity
  8
0
100
AcDbPolyline
 90
4
 70
1
 10
55.06
 20
9.89
 10
59.89
 20
9.89
 10
59.89
 20
5.06
 10
55.06
 20
5.06
  0
LWPOLYLINE
100
AcDbEntity
  8
0
100
AcDbPolyline
 90
4
 70
1
 10
60.11
 20
9.89
 10
64.94
 20
9.89
 10
64.94
 20
5.06
 10
60.11
 20
5.06
  0
LWPOLYLINE
100
AcDbEntity
  8
0
100
AcDbPolyline
 90
4
 70
1
 10
65.06
 20
9.89
 10
69.89
 20
9.89
 10
69.89
 20
5.06
 10
65.06
 20
5.06
  0
LWPOLYLINE
100
AcDbEntity
  8
0
100
AcDbPolyline
 90
4
 70
1
 10
70.11
 20
9.89
 10
74.94
 20
9.89
 10
74.94
 20
5.06
 10
70.11
 20
5.06
  0
LWPOLYLINE
100
AcDbEntity
  8
0
100
AcDbPolyline
 90
4
 70
1
 10
75.06
 20
9.89
 10
79.89
 20
9.89
 10
79.89
 20
5.06
 10
75.06
 20
5.06
  0
LWPOLYLINE
100
AcDbEntity
  8
0
100
AcDbPolyline
 90
4
 70
1
 10
80.11
 20
9.89
 10
84.94
 20
9.89
 10
84.94
 20
5.06
 10
80.11
 20
5.06
  0
LWPOLYLINE
100
AcDbEntity
  8
0
100
AcDbPolyline
 90
4
 70
1
 10
85.06
 20
9.89
 10
89.89
 20
9.89
 10
89.89
 20
5.06
 10
85.06
 20
5.06
  0
LWPOLYLINE
100
AcDbEntity
  8
0
100
AcDbPolyline
 90
4
 70
1
 10
90.11
 20
9.89
 10
94.94
 20
9.89
 10
94.94
 20
5.06
 10
90.11
 20
5.06
  0
LWPOLYLINE
100
AcDbEntity
  8
0
100
AcDbPolyline
 90
4
 70
1
 10
95.06
 20
9.89
 10
99.89
 20
9.89
 10
99.89
 20
5.06
 10
95.06
 20
5.06
  0
LWPOLYLINE
100
AcDbEntity
  8
0
100
AcDbPolyline
 90
4
 70
1
 10
100.11
 20
9.89
 10
104.94
 20
9.89
 10
104.94
 20
5.06
 10
100.11
 20
5.06
  0
LWPOLYLINE
100
AcDbEntity
  8
0
100
AcDbPolyline
 90
8
 70
1
 10
-4.94
 20
8.52171
 10
-4.90168
 20
8.57083
 10
-4.59008
 20
9.1764
 10
-4.40597
 20
9.84029
 10
-4.40187
 20
9.89
 10
-0.425
 20
9.89
 10
-0.425
 20
5.06
 10
-4.94
 20
5.06
  0
LWPOLYLINE
100
AcDbEntity
  8
0
100
AcDbPolyline
 90
4
 70
1
 10
-4.94
 20
9.89
 10
-4.89248
 20
9.89
 10
-4.89456
 20
9.86437
 10
-4.94
 20
9.69437
  0
LWPOLYLINE
100
AcDbEntity
  8
0
100
AcDbPolyline
 90
7
 70
1
 10
-7.7717
 20
9.59074
 10
-8.02972
 20
9.87352
 10
-8.03479
 20
9.89
 10
-6.76174
 20
9.89
 10
-6.76432
 20
9.88164
 10
-7.02269
 20
9.59277
 10
-7.39636
 20
9.49648
  0
LWPOLYLINE
100
AcDbEntity
  8
0
100
AcDbPolyline
 90
7
 70
1
 10
-12.4049
 20
9.59074
 10
-12.663
 20
9.87352
 10
-12.668
 20
9.89
 10
-11.395
 20
9.89
 10
-11.3976
 20
9.88164
 10
-11.6559
 20
9.59277
 10
-12.0296
 20
9.49648
  0
LWPOLYLINE
100
AcDbEntity
  8
0
100
AcDbPolyline
 90
15
 70
1
 10
-24.94
 20
9.89
 10
-24.3101
 20
9.89
 10
-24.1291
 20
9.62838
 10
-23.7524
 20
9.33644
 10
-23.2848
 20
9.15743
 10
-22.7366
 20
9.09776
 10
-22.192
 20
9.15811
 10
-21.7248
 20
9.33916
 10
-21.3461
 20
9.63278
 10
-21.1658
 20
9.89
 10
-20.116
 20
9.89
 10
-20.116
 20
9.152
 10
-20.11
 20
9.152
 10
-20.11
 20
5.06
 10
-24.94
 20
5.06
  0
LWPOLYLINE
100
AcDbEntity
  8
0
100
AcDbPolyline
 90
5
 70
1
 10
-23.3092
 20
9.62364
 10
-23.6733
 20
9.89
 10
-21.772
 20
9.89
 10
-22.1517
 20
9.62025
 10
-22.7366
 20
9.5182
  0
LWPOLYLINE
100
AcDbEntity
  8
0
100
AcDbPolyline
 90
7
 70
1
 10
-42.7229
 20
9.62297
 10
-43.0991
 20
9.89
 10
-40.9823
 20
9.89
 10
-41.1459
 20
9.76638
 10
-41.4392
 20
9.63212
 10
-41.7759
 20
9.54668
 10
-42.1376
 20
9.5182
  0
LWPOLYLINE
100
AcDbEntity
  8
0
100
AcDbPolyline
 90
19
 70
1
 10
-49.89
 20
9.02197
 10
-49.5042
 20
8.95672
 10
-48.9683
 20
9.07824
 10
-48.6668
 20
9.4428
 10
-48.9247
 20
9.51623
 10
-48.9247
 20
9.89
 10
-48.1692
 20
9.89
 10
-48.1692
 20
8.99469
 10
-47.8274
 20
8.99469
 10
-47.8274
 20
9.89
 10
-47.2029
 20
9.89
 10
-46.7411
 20
9.152
 10
-46.1444
 20
9.152
 10
-46.6307
 20
9.89
 10
-45.3738
 20
9.89
 10
-45.3738
 20
9.152
 10
-45.06
 20
9.152
 10
-45.06
 20
5.06
 10
-49.89
 20
5.06
  0
LWPOLYLINE
100
AcDbEntity
  8
0
100
AcDbPolyline
 90
6
 70
1
 10
-49.7515
 20
9.26098
 10
-49.89
 20
9.3717
 10
-49.89
 20
9.89
 10
-49.4428
 20
9.89
 10
-49.4428
 20
9.21988
 10
-49.5042
 20
9.21303
  0
LWPOLYLINE
100
AcDbEntity
  8
0
100
AcDbPolyline
 90
49
 70
1
 10
-54.94
 20
8.9576
 10
-54.9349
 20
8.95672
 10
-54.5367
 20
9.0227
 10
-54.2457
 20
9.22065
 10
-54.0677
 20
9.5534
 10
-54.0252
 20
9.89
 10
-53.5924
 20
9.89
 10
-53.5924
 20
9.68013
 10
-53.5532
 20
9.34762
 10
-53.4358
 20
9.12475
 10
-53.2338
 20
8.99873
 10
-52.9411
 20
8.95672
 10
-52.7301
 20
8.97879
 10
-52.5566
 20
9.045
 10
-52.4111
 20
9.16438
 10
-52.3548
 20
9.2449
 10
-52.2967
 20
9.152
 10
-52.2722
 20
9.152
 10
-52.2718
 20
9.14183
 10
-52.2692
 20
9.09081
 10
-52.2671
 20
9.04596
 10
-52.2652
 20
9.01225
 10
-52.2633
 20
8.99469
 10
-51.9405
 20
8.99469
 10
-51.949
 20
9.14422
 10
-51.9491
 20
9.152
 10
-51.6999
 20
9.152
 10
-51.9519
 20
9.53433
 10
-51.9519
 20
9.89
 10
-51.3859
 20
9.89
 10
-51.3859
 20
9.4295
 10
-51.2834
 20
9.08061
 10
-50.9758
 20
8.96431
 10
-50.8011
 20
8.9757
 10
-50.6302
 20
9.00989
 10
-50.6302
 20
9.26242
 10
-50.7441
 20
9.24247
 10
-50.8277
 20
9.23582
 10
-50.9295
 20
9.25078
 10
-50.9957
 20
9.29563
 10
-51.032
 20
9.37752
 10
-51.0441
 20
9.50356
 10
-51.0441
 20
9.89
 10
-50.418
 20
9.89
 10
-50.3769
 20
9.56573
 10
-50.1982
 20
9.22824
 10
-50.11
 20
9.16688
 10
-50.11
 20
5.06
 10
-54.94
 20
5.06
  0
LWPOLYLINE
100
AcDbEntity
  8
0
100
AcDbPolyline
 90
11
 70
1
 10
-52.9739
 20
9.23299
 10
-53.0816
 20
9.27001
 10
-53.1571
 20
9.33504
 10
-53.2088
 20
9.4314
 10
-53.2387
 20
9.56622
 10
-53.2487
 20
9.7466
 10
-53.2487
 20
9.89
 10
-52.7584
 20
9.89
 10
-52.4424
 20
9.38487
 10
-52.6046
 20
9.26289
 10
-52.8253
 20
9.22065
  0
LWPOLYLINE
100
AcDbEntity
  8
0
100
AcDbPolyline
 90
4
 70
1
 10
-54.4802
 20
9.89
 10
-54.3793
 20
9.89
 10
-54.4002
 20
9.65972
 10
-54.4802
 20
9.4551
  0
LWPOLYLINE
100
AcDbEntity
  8
0
100
AcDbPolyline
 90
4
 70
1
 10
-57.5307
 20
9.57516
 10
-57.5307
 20
9.89
 10
-55.8276
 20
9.89
 10
-55.7881
 20
9.57516
  0
LWPOLYLINE
100
AcDbEntity
  8
0
100
AcDbPolyline
 90
4
 70
1
 10
-58.1858
 20
9.57516
 10
-58.1858
 20
9.89
 10
-57.8724
 20
9.89
 10
-57.8724
 20
9.57516
  0
LWPOLYLINE
100
AcDbEntity
  8
0
100
AcDbPolyline
 90
22
 70
1
 10
-59.89
 20
8.99469
 10
-59.72
 20
8.99469
 10
-59.72
 20
9.152
 10
-59.6128
 20
9.152
 10
-59.6128
 20
9.89
 10
-58.765
 20
9.89
 10
-58.765
 20
8.99469
 10
-58.4213
 20
8.99469
 10
-58.4213
 20
9.152
 10
-57.7909
 20
9.152
 10
-57.7699
 20
9.08061
 10
-57.4623
 20
8.96431
 10
-57.2876
 20
8.9757
 10
-57.1167
 20
9.00989
 10
-57.1167
 20
9.152
 10
-55.693
 20
9.152
 10
-55.693
 20
9.38351
 10
-55.6147
 20
9.23109
 10
-55.3299
 20
9.02531
 10
-55.06
 20
8.97844
 10
-55.06
 20
5.06
 10
-59.89
 20
5.06
  0
LWPOLYLINE
100
AcDbEntity
  8
0
100
AcDbPolyline
 90
9
 70
1
 10
-61.6705
 20
9.26028
 10
-61.8402
 20
9.41337
 10
-61.9391
 20
9.66804
 10
-61.9597
 20
9.89
 10
-60.8659
 20
9.89
 10
-60.8867
 20
9.65972
 10
-60.9857
 20
9.40671
 10
-61.1616
 20
9.25862
 10
-61.4253
 20
9.20925
  0
LWPOLYLINE
100
AcDbEntity
  8
0
100
AcDbPolyline
 90
48
 70
1
 10
-64.8343
 20
5.58209
 10
-64.94
 20
5.62455
 10
-64.94
 20
9.89
 10
-64.5261
 20
9.89
 10
-64.5261
 20
8.99469
 10
-64.1843
 20
8.99469
 10
-64.1843
 20
9.40458
 10
-64.0263
 20
9.152
 10
-63.5197
 20
9.152
 10
-63.5197
 20
8.99469
 10
-63.1779
 20
8.99469
 10
-63.1779
 20
9.89
 10
-62.7159
 20
9.89
 10
-62.7159
 20
9.152
 10
-62.2548
 20
9.152
 10
-62.2548
 20
9.52992
 10
-62.1012
 20
9.23109
 10
-61.8164
 20
9.02531
 10
-61.4215
 20
8.95672
 10
-61.0232
 20
9.0227
 10
-60.7322
 20
9.22065
 10
-60.5542
 20
9.5534
 10
-60.5433
 20
9.63997
 10
-60.2367
 20
9.152
 10
-60.11
 20
9.152
 10
-60.11
 20
5.06
 10
-63.8026
 20
5.06
 10
-63.7956
 20
5.13566
 10
-63.7116
 20
5.35851
 10
-63.5744
 20
5.49594
 10
-63.3869
 20
5.54174
 10
-63.2844
 20
5.537
 10
-63.2046
 20
5.52276
 10
-63.2046
 20
5.83605
 10
-63.2744
 20
5.85029
 10
-63.3432
 20
5.85504
 10
-63.5151
 20
5.83083
 10
-63.6432
 20
5.75821
 10
-63.7434
 20
5.61961
 10
-63.8312
 20
5.39746
 10
-63.8388
 20
5.39746
 10
-63.8426
 20
5.53749
 10
-63.854
 20
5.81707
 10
-64.1768
 20
5.81707
 10
-64.1682
 20
5.56643
 10
-64.1654
 20
5.33858
 10
-64.1654
 20
5.06
 10
-64.69
 20
5.06
  0
LWPOLYLINE
100
AcDbEntity
  8
0
100
AcDbPolyline
 90
3
 70
1
 10
-63.9158
 20
9.89
 10
-63.5197
 20
9.89
 10
-63.5197
 20
9.28881
  0
LWPOLYLINE
100
AcDbEntity
  8
0
100
AcDbPolyline
 90
14
 70
1
 10
-68.261
 20
9.23582
 10
-68.3704
 20
9.30417
 10
-68.3813
 20
9.3219
 10
-68.3367
 20
9.33916
 10
-67.958
 20
9.63278
 10
-67.7777
 20
9.89
 10
-67.4637
 20
9.89
 10
-67.4637
 20
9.83964
 10
-67.4848
 20
9.68417
 10
-67.5482
 20
9.53299
 10
-67.6481
 20
9.39984
 10
-67.7789
 20
9.29849
 10
-67.9356
 20
9.2344
 10
-68.1131
 20
9.21303
  0
LWPOLYLINE
100
AcDbEntity
  8
0
100
AcDbPolyline
 90
9
 70
1
 10
-69.89
 20
9.6179
 10
-69.89
 20
9.89
 10
-68.7291
 20
9.89
 10
-68.7594
 20
9.85007
 10
-68.8034
 20
9.61331
 10
-69.0932
 20
9.56274
 10
-69.0797
 20
9.6061
 10
-69.4253
 20
9.62886
 10
-69.4519
 20
9.53725
  0
LWPOLYLINE
100
AcDbEntity
  8
0
100
AcDbPolyline
 90
63
 70
1
 10
-74.6833
 20
5.16391
 10
-74.7322
 20
5.46033
 10
-74.8789
 20
5.67749
 10
-74.94
 20
5.71091
 10
-74.94
 20
8.31994
 10
-74.881
 20
8.36572
 10
-74.7649
 20
8.50575
 10
-74.6505
 20
8.70821
 10
-74.5275
 20
8.99469
 10
-74.3899
 20
9.35269
 10
-74.3709
 20
9.3378
 10
-73.9101
 20
9.15777
 10
-73.3714
 20
9.09776
 10
-73.3674
 20
9.09825
 10
-73.3511
 20
9.08297
 10
-73.0993
 20
8.98828
 10
-72.7597
 20
8.95672
 10
-72.4086
 20
8.99612
 10
-72.1454
 20
9.1143
 10
-71.9809
 20
9.30514
 10
-71.9261
 20
9.56242
 10
-71.9356
 20
9.67372
 10
-71.9552
 20
9.74152
 10
-71.8583
 20
9.89
 10
-71.5254
 20
9.89
 10
-71.5254
 20
8.99469
 10
-71.1836
 20
8.99469
 10
-71.1836
 20
9.89
 10
-70.922
 20
9.89
 10
-70.741
 20
9.62838
 10
-70.7039
 20
9.59965
 10
-70.6996
 20
9.56408
 10
-70.5294
 20
9.22919
 10
-70.2515
 20
9.02484
 10
-70.11
 20
8.99948
 10
-70.11
 20
5.36441
 10
-70.2267
 20
5.59587
 10
-70.511
 20
5.79024
 10
-70.9197
 20
5.85504
 10
-71.6104
 20
5.58921
 10
-71.7631
 20
5.06
 10
-73.747
 20
5.06
 10
-73.7399
 20
5.13566
 10
-73.6559
 20
5.35851
 10
-73.5187
 20
5.49594
 10
-73.3312
 20
5.54174
 10
-73.2287
 20
5.537
 10
-73.149
 20
5.52276
 10
-73.149
 20
5.83605
 10
-73.2188
 20
5.85029
 10
-73.2876
 20
5.85504
 10
-73.4594
 20
5.83083
 10
-73.5876
 20
5.75821
 10
-73.6878
 20
5.61961
 10
-73.7756
 20
5.39746
 10
-73.7832
 20
5.39746
 10
-73.787
 20
5.53749
 10
-73.7983
 20
5.81707
 10
-74.1211
 20
5.81707
 10
-74.1126
 20
5.56643
 10
-74.1098
 20
5.33858
 10
-74.1098
 20
5.06
 10
-74.6833
 20
5.06
  0
LWPOLYLINE
100
AcDbEntity
  8
0
100
AcDbPolyline
 90
10
 70
1
 10
-73.9088
 20
9.6304
 10
-74.2001
 20
9.8463
 10
-74.1833
 20
9.89
 10
-72.7306
 20
9.89
 10
-72.6116
 20
9.85863
 10
-72.5474
 20
9.83623
 10
-72.6437
 20
9.72229
 10
-73.3179
 20
9.53181
 10
-73.3198
 20
9.53584
 10
-73.365
 20
9.52703
  0
LWPOLYLINE
100
AcDbEntity
  8
0
100
AcDbPolyline
 90
75
 70
1
 10
-79.89
 20
9.89
 10
-79.738
 20
9.89
 10
-79.738
 20
8.18773
 10
-79.3962
 20
8.18773
 10
-79.3962
 20
8.99088
 10
-79.3981
 20
9.22539
 10
-79.4038
 20
9.31369
 10
-79.3943
 20
9.31369
 10
-79.1532
 20
9.04596
 10
-78.7563
 20
8.95672
 10
-78.1895
 20
9.22539
 10
-78.0338
 20
9.89
 10
-77.5676
 20
9.89
 10
-77.5676
 20
8.99469
 10
-77.2258
 20
8.99469
 10
-77.2258
 20
9.89
 10
-76.2707
 20
9.89
 10
-76.2707
 20
8.99469
 10
-75.9271
 20
8.99469
 10
-75.9271
 20
9.89
 10
-75.2032
 20
9.89
 10
-75.06
 20
9.53056
 10
-75.06
 20
8.63801
 10
-75.1019
 20
8.57078
 10
-75.3877
 20
8.45353
 10
-75.4712
 20
8.45638
 10
-75.5472
 20
8.46493
 10
-75.5472
 20
8.20862
 10
-75.4409
 20
8.19295
 10
-75.3117
 20
8.18773
 10
-75.1515
 20
8.20743
 10
-75.06
 20
8.24534
 10
-75.06
 20
5.77653
 10
-75.1224
 20
5.81065
 10
-75.4618
 20
5.85504
 10
-76.0362
 20
5.71643
 10
-76.2858
 20
5.30061
 10
-75.9289
 20
5.26832
 10
-75.8871
 20
5.41595
 10
-75.8036
 20
5.51705
 10
-75.6678
 20
5.57545
 10
-75.4694
 20
5.59492
 10
-75.2719
 20
5.56785
 10
-75.1352
 20
5.48667
 10
-75.06
 20
5.35107
 10
-75.06
 20
5.06
 10
-76.7971
 20
5.06
 10
-76.9415
 20
5.58209
 10
-77.6208
 20
5.85504
 10
-78.0122
 20
5.78716
 10
-78.3015
 20
5.58352
 10
-78.4802
 20
5.25266
 10
-78.5057
 20
5.06
 10
-79.3676
 20
5.06
 10
-79.3606
 20
5.13566
 10
-79.2766
 20
5.35851
 10
-79.1394
 20
5.49594
 10
-78.9519
 20
5.54174
 10
-78.8494
 20
5.537
 10
-78.7696
 20
5.52276
 10
-78.7696
 20
5.83605
 10
-78.8394
 20
5.85029
 10
-78.9082
 20
5.85504
 10
-79.0801
 20
5.83083
 10
-79.2082
 20
5.75821
 10
-79.3084
 20
5.61961
 10
-79.3962
 20
5.39746
 10
-79.4038
 20
5.39746
 10
-79.4076
 20
5.53749
 10
-79.419
 20
5.81707
 10
-79.7418
 20
5.81707
 10
-79.7332
 20
5.56643
 10
-79.7304
 20
5.33858
 10
-79.7304
 20
5.06
 10
-79.89
 20
5.06
  0
LWPOLYLINE
100
AcDbEntity
  8
0
100
AcDbPolyline
 90
9
 70
1
 10
-79.0976
 20
9.2572
 10
-79.2671
 20
9.40102
 10
-79.3639
 20
9.64596
 10
-79.3864
 20
9.89
 10
-78.3698
 20
9.89
 10
-78.3887
 20
9.64667
 10
-78.4763
 20
9.39626
 10
-78.6274
 20
9.256
 10
-78.8475
 20
9.20925
  0
LWPOLYLINE
100
AcDbEntity
  8
0
100
AcDbPolyline
 90
4
 70
1
 10
-94.94
 20
5.225
 10
-94.94
 20
9.775
 10
-90.11
 20
9.775
 10
-90.11
 20
5.225
  0
LWPOLYLINE
100
AcDbEntity
  8
0
100
AcDbPolyline
 90
4
 70
1
 10
-89.89
 20
5.225
 10
-89.89
 20
9.775
 10
-85.06
 20
9.775
 10
-85.06
 20
5.225
  0
LWPOLYLINE
100
AcDbEntity
  8
0
100
AcDbPolyline
 90
6
 70
1
 10
-74.7036
 20
9.43805
 10
-74.7592
 20
9.60229
 10
-74.7944
 20
9.70486
 10
-74.7425
 20
9.62941
 10
-74.6217
 20
9.53461
 10
-74.6813
 20
9.36684
  0
LWPOLYLINE
100
AcDbEntity
  8
0
100
AcDbPolyline
 90
6
 70
1
 10
-72.38
 20
9.35544
 10
-72.2792
 20
9.43955
 10
-72.2885
 20
9.39627
 10
-72.379
 20
9.29658
 10
-72.5344
 20
9.23678
 10
-72.6978
 20
9.22231
  0
LWPOLYLINE
100
AcDbEntity
  8
0
100
AcDbPolyline
 90
4
 70
1
 10
-74.94
 20
9.22931
 10
-74.8503
 20
9.00418
 10
-74.8826
 20
8.92253
 10
-74.94
 20
8.83048
  0
LWPOLYLINE
100
AcDbEntity
  8
0
100
AcDbPolyline
 90
4
 70
1
 10
-9.89
 20
9.152
 10
-9.7292
 20
9.152
 10
-9.79294
 20
8.80345
 10
-9.89
 20
8.61964
  0
LWPOLYLINE
100
AcDbEntity
  8
0
100
AcDbPolyline
 90
9
 70
1
 10
-78.1323
 20
5.23913
 10
-78.0205
 20
5.43635
 10
-77.8493
 20
5.56097
 10
-77.6265
 20
5.6025
 10
-77.4001
 20
5.56524
 10
-77.2335
 20
5.45346
 10
-77.1238
 20
5.2605
 10
-77.0841
 20
5.06
 10
-78.1632
 20
5.06
  0
LWPOLYLINE
100
AcDbEntity
  8
0
100
AcDbPolyline
 90
9
 70
1
 10
-71.4483
 20
5.15416
 10
-71.3479
 20
5.40597
 10
-71.1725
 20
5.55337
 10
-70.914
 20
5.6025
 10
-70.6588
 20
5.55432
 10
-70.4896
 20
5.40978
 10
-70.3949
 20
5.15891
 10
-70.3864
 20
5.06
 10
-71.457
 20
5.06
  0
LWPOLYLINE
100
AcDbEntity
  8
0
100
AcDbPolyline
 90
9
 70
1
 10
-66.0251
 20
5.23913
 10
-65.9133
 20
5.43635
 10
-65.7422
 20
5.56097
 10
-65.5193
 20
5.6025
 10
-65.2929
 20
5.56524
 10
-65.1263
 20
5.45346
 10
-65.06
 20
5.33682
 10
-65.06
 20
5.06
 10
-66.0561
 20
5.06
  0
LWPOLYLINE
100
AcDbEntity
  8
0
100
AcDbPolyline
 90
4
 70
1
 10
-104.94
 20
4.94
 10
-100.11
 20
4.94
 10
-100.11
 20
0.425
 10
-104.94
 20
0.425
  0
LWPOLYLINE
100
AcDbEntity
  8
0
100
AcDbPolyline
 90
4
 70
1
 10
-99.89
 20
4.94
 10
-95.06
 20
4.94
 10
-95.06
 20
0.425
 10
-99.89
 20
0.425
  0
LWPOLYLINE
100
AcDbEntity
  8
0
100
AcDbPolyline
 90
6
 70
1
 10
-84.94
 20
4.775
 10
-83
 20
4.775
 10
-83
 20
4.94
 10
-80.11
 20
4.94
 10
-80.11
 20
0.425
 10
-84.94
 20
0.425
  0
LWPOLYLINE
100
AcDbEntity
  8
0
100
AcDbPolyline
 90
42
 70
1
 10
-64.94
 20
3.87569
 10
-64.663
 20
4.21074
 10
-64.94
 20
4.28962
 10
-64.94
 20
4.7177
 10
-64.6079
 20
4.7177
 10
-64.6079
 20
4.76326
 10
-64.6568
 20
4.94
 10
-64.1654
 20
4.94
 10
-64.1654
 20
3.76262
 10
-63.8236
 20
3.76262
 10
-63.8236
 20
4.83351
 10
-63.8137
 20
4.94
 10
-60.11
 20
4.94
 10
-60.11
 20
0.425
 10
-60.4049
 20
0.425
 10
-60.5125
 20
0.814156
 10
-61.1918
 20
1.0871
 10
-61.5832
 20
1.01922
 10
-61.8725
 20
0.815584
 10
-62.0512
 20
0.484729
 10
-62.0591
 20
0.425
 10
-63.9905
 20
0.425
 10
-63.928
 20
0.590576
 10
-63.7908
 20
0.728
 10
-63.6033
 20
0.773808
 10
-63.5008
 20
0.769062
 10
-63.4211
 20
0.754824
 10
-63.4211
 20
1.06812
 10
-63.4909
 20
1.08235
 10
-63.5597
 20
1.0871
 10
-63.7315
 20
1.06289
 10
-63.8597
 20
0.990276
 10
-63.9599
 20
0.851676
 10
-64.0477
 20
0.629524
 10
-64.0553
 20
0.629524
 10
-64.0591
 20
0.769552
 10
-64.0704
 20
1.04913
 10
-64.3932
 20
1.04913
 10
-64.3847
 20
0.798497
 10
-64.3819
 20
0.57064
 10
-64.3819
 20
0.425
 10
-64.94
 20
0.425
  0
LWPOLYLINE
100
AcDbEntity
  8
0
100
AcDbPolyline
 90
38
 70
1
 10
-59.89
 20
4.94
 10
-55.06
 20
4.94
 10
-55.06
 20
1.02525
 10
-55.0947
 20
1.01922
 10
-55.3841
 20
0.815584
 10
-55.5628
 20
0.484729
 10
-55.5707
 20
0.425
 10
-56.0497
 20
0.425
 10
-56.0497
 20
0.623812
 10
-56.0469
 20
0.891534
 10
-56.0383
 20
1.04913
 10
-56.363
 20
1.04913
 10
-56.3706
 20
1.00403
 10
-56.3782
 20
0.895328
 10
-56.3839
 20
0.775712
 10
-56.3858
 20
0.697872
 10
-56.3896
 20
0.697872
 10
-56.4952
 20
0.86093
 10
-56.6374
 20
0.981736
 10
-56.8123
 20
1.0565
 10
-57.0162
 20
1.08142
 10
-57.3558
 20
1.01662
 10
-57.5962
 20
0.82222
 10
-57.7394
 20
0.49161
 10
-57.7461
 20
0.425
 10
-58.2125
 20
0.425
 10
-58.2125
 20
1.81244
 10
-58.5543
 20
1.81244
 10
-58.5543
 20
0.959896
 10
-58.5505
 20
0.730156
 10
-58.5543
 20
0.730156
 10
-58.6644
 20
0.891058
 10
-58.805
 20
1.00164
 10
-58.9801
 20
1.06574
 10
-59.1942
 20
1.0871
 10
-59.7609
 20
0.818433
 10
-59.8532
 20
0.425
 10
-59.89
 20
0.425
  0
LWPOLYLINE
100
AcDbEntity
  8
0
100
AcDbPolyline
 90
7
 70
1
 10
-54.0241
 20
0.814156
 10
-54.7034
 20
1.0871
 10
-54.94
 20
1.04606
 10
-54.94
 20
4.94
 10
-50.11
 20
4.94
 10
-50.11
 20
0.425
 10
-53.9165
 20
0.425
  0
LWPOLYLINE
100
AcDbEntity
  8
0
100
AcDbPolyline
 90
4
 70
1
 10
-49.89
 20
4.94
 10
-45.06
 20
4.94
 10
-45.06
 20
0.425
 10
-49.89
 20
0.425
  0
LWPOLYLINE
100
AcDbEntity
  8
0
100
AcDbPolyline
 90
4
 70
1
 10
-44.94
 20
4.94
 10
-40.11
 20
4.94
 10
-40.11
 20
0.425
 10
-44.94
 20
0.425
  0
LWPOLYLINE
100
AcDbEntity
  8
0
100
AcDbPolyline
 90
4
 70
1
 10
-39.89
 20
4.94
 10
-35.06
 20
4.94
 10
-35.06
 20
0.425
 10
-39.89
 20
0.425
  0
LWPOLYLINE
100
AcDbEntity
  8
0
100
AcDbPolyline
 90
4
 70
1
 10
-34.94
 20
4.94
 10
-30.11
 20
4.94
 10
-30.11
 20
0.425
 10
-34.94
 20
0.425
  0
LWPOLYLINE
100
AcDbEntity
  8
0
100
AcDbPolyline
 90
4
 70
1
 10
-29.89
 20
4.94
 10
-25.06
 20
4.94
 10
-25.06
 20
0.425
 10
-29.89
 20
0.425
  0
LWPOLYLINE
100
AcDbEntity
  8
0
100
AcDbPolyline
 90
4
 70
1
 10
-24.94
 20
4.94
 10
-20.11
 20
4.94
 10
-20.11
 20
0.425
 10
-24.94
 20
0.425
  0
LWPOLYLINE
100
AcDbEntity
  8
0
100
AcDbPolyline
 90
4
 70
1
 10
-19.89
 20
4.94
 10
-15.06
 20
4.94
 10
-15.06
 20
0.425
 10
-19.89
 20
0.425
  0
LWPOLYLINE
100
AcDbEntity
  8
0
100
AcDbPolyline
 90
4
 70
1
 10
-14.94
 20
4.94
 10
-10.11
 20
4.94
 10
-10.11
 20
0.425
 10
-14.94
 20
0.425
  0
LWPOLYLINE
100
AcDbEntity
  8
0
100
AcDbPolyline
 90
4
 70
1
 10
-9.89
 20
4.94
 10
-5.06
 20
4.94
 10
-5.06
 20
0.425
 10
-9.89
 20
0.425
  0
LWPOLYLINE
100
AcDbEntity
  8
0
100
AcDbPolyline
 90
4
 70
1
 10
0.425
 20
0.425
 10
0.425
 20
4.94
 10
4.94
 20
4.94
 10
4.94
 20
0.425
  0
LWPOLYLINE
100
AcDbEntity
  8
0
100
AcDbPolyline
 90
4
 70
1
 10
5.06
 20
0.425
 10
5.06
 20
4.94
 10
9.89
 20
4.94
 10
9.89
 20
0.425
  0
LWPOLYLINE
100
AcDbEntity
  8
0
100
AcDbPolyline
 90
4
 70
1
 10
10.11
 20
4.94
 10
14.94
 20
4.94
 10
14.94
 20
0.2
 10
10.11
 20
0.2
  0
LWPOLYLINE
100
AcDbEntity
  8
0
100
AcDbPolyline
 90
4
 70
1
 10
15.06
 20
4.94
 10
19.89
 20
4.94
 10
19.89
 20
0.2
 10
15.06
 20
0.2
  0
LWPOLYLINE
100
AcDbEntity
  8
0
100
AcDbPolyline
 90
4
 70
1
 10
20.11
 20
4.94
 10
24.94
 20
4.94
 10
24.94
 20
0.2
 10
20.11
 20
0.2
  0
LWPOLYLINE
100
AcDbEntity
  8
0
100
AcDbPolyline
 90
4
 70
1
 10
25.06
 20
4.94
 10
29.89
 20
4.94
 10
29.89
 20
0.2
 10
25.06
 20
0.2
  0
LWPOLYLINE
100
AcDbEntity
  8
0
100
AcDbPolyline
 90
4
 70
1
 10
30.11
 20
4.94
 10
34.94
 20
4.94
 10
34.94
 20
0.2
 10
30.11
 20
0.2
  0
LWPOLYLINE
100
AcDbEntity
  8
0
100
AcDbPolyline
 90
4
 70
1
 10
35.06
 20
4.94
 10
39.89
 20
4.94
 10
39.89
 20
0.2
 10
35.06
 20
0.2
  0
LWPOLYLINE
100
AcDbEntity
  8
0
100
AcDbPolyline
 90
4
 70
1
 10
40.11
 20
4.94
 10
44.94
 20
4.94
 10
44.94
 20
0.2
 10
40.11
 20
0.2
  0
LWPOLYLINE
100
AcDbEntity
  8
0
100
AcDbPolyline
 90
4
 70
1
 10
45.06
 20
4.94
 10
49.89
 20
4.94
 10
49.89
 20
0.2
 10
45.06
 20
0.2
  0
LWPOLYLINE
100
AcDbEntity
  8
0
100
AcDbPolyline
 90
4
 70
1
 10
50.11
 20
4.94
 10
54.94
 20
4.94
 10
54.94
 20
0.2
 10
50.11
 20
0.2
  0
LWPOLYLINE
100
AcDbEntity
  8
0
100
AcDbPolyline
 90
4
 70
1
 10
55.06
 20
4.94
 10
59.89
 20
4.94
 10
59.89
 20
0.2
 10
55.06
 20
0.2
  0
LWPOLYLINE
100
AcDbEntity
  8
0
100
AcDbPolyline
 90
4
 70
1
 10
60.11
 20
4.94
 10
64.94
 20
4.94
 10
64.94
 20
0.2
 10
60.11
 20
0.2
  0
LWPOLYLINE
100
AcDbEntity
  8
0
100
AcDbPolyline
 90
4
 70
1
 10
65.06
 20
4.94
 10
69.89
 20
4.94
 10
69.89
 20
0.2
 10
65.06
 20
0.2
  0
LWPOLYLINE
100
AcDbEntity
  8
0
100
AcDbPolyline
 90
4
 70
1
 10
70.11
 20
4.94
 10
74.94
 20
4.94
 10
74.94
 20
0.2
 10
70.11
 20
0.2
  0
LWPOLYLINE
100
AcDbEntity
  8
0
100
AcDbPolyline
 90
4
 70
1
 10
75.06
 20
4.94
 10
79.89
 20
4.94
 10
79.89
 20
0.2
 10
75.06
 20
0.2
  0
LWPOLYLINE
100
AcDbEntity
  8
0
100
AcDbPolyline
 90
4
 70
1
 10
80.11
 20
4.94
 10
84.94
 20
4.94
 10
84.94
 20
0.2
 10
80.11
 20
0.2
  0
LWPOLYLINE
100
AcDbEntity
  8
0
100
AcDbPolyline
 90
4
 70
1
 10
85.06
 20
4.94
 10
89.89
 20
4.94
 10
89.89
 20
0.2
 10
85.06
 20
0.2
  0
LWPOLYLINE
100
AcDbEntity
  8
0
100
AcDbPolyline
 90
4
 70
1
 10
90.11
 20
4.94
 10
94.94
 20
4.94
 10
94.94
 20
0.2
 10
90.11
 20
0.2
  0
LWPOLYLINE
100
AcDbEntity
  8
0
100
AcDbPolyline
 90
4
 70
1
 10
95.06
 20
4.94
 10
99.89
 20
4.94
 10
99.89
 20
0.2
 10
95.06
 20
0.2
  0
LWPOLYLINE
100
AcDbEntity
  8
0
100
AcDbPolyline
 90
4
 70
1
 10
100.11
 20
4.94
 10
104.94
 20
4.94
 10
104.94
 20
0.2
 10
100.11
 20
0.2
  0
LWPOLYLINE
100
AcDbEntity
  8
0
100
AcDbPolyline
 90
4
 70
1
 10
-4.94
 20
4.94
 10
-0.425
 20
4.94
 10
-0.425
 20
0.425
 10
-4.94
 20
0.425
  0
LWPOLYLINE
100
AcDbEntity
  8
0
100
AcDbPolyline
 90
75
 70
1
 10
-69.2689
 20
0.696213
 10
-69.3864
 20
0.919072
 10
-69.5884
 20
1.04509
 10
-69.881
 20
1.0871
 10
-69.89
 20
1.08616
 10
-69.89
 20
4.94
 10
-69.5885
 20
4.94
 10
-69.5885
 20
4.44806
 10
-69.5494
 20
4.11556
 10
-69.4319
 20
3.89268
 10
-69.2299
 20
3.76666
 10
-68.9373
 20
3.72466
 10
-68.7263
 20
3.74673
 10
-68.5528
 20
3.81294
 10
-68.4073
 20
3.93232
 10
-68.2803
 20
4.11388
 10
-68.2746
 20
4.11388
 10
-68.271
 20
3.98786
 10
-68.268
 20
3.90976
 10
-68.2654
 20
3.85875
 10
-68.2632
 20
3.81389
 10
-68.2613
 20
3.78019
 10
-68.2594
 20
3.76262
 10
-67.9366
 20
3.76262
 10
-67.9452
 20
3.91215
 10
-67.948
 20
4.20124
 10
-67.948
 20
4.94
 10
-67.3821
 20
4.94
 10
-67.3821
 20
4.19744
 10
-67.2795
 20
3.84854
 10
-66.9719
 20
3.73224
 10
-66.7972
 20
3.74364
 10
-66.6264
 20
3.77783
 10
-66.6264
 20
4.03036
 10
-66.7403
 20
4.01041
 10
-66.8238
 20
4.00376
 10
-66.9257
 20
4.01871
 10
-66.9919
 20
4.06357
 10
-67.0282
 20
4.14545
 10
-67.0403
 20
4.2715
 10
-67.0403
 20
4.94
 10
-66.4145
 20
4.94
 10
-66.4326
 20
4.80313
 10
-66.373
 20
4.33367
 10
-66.1943
 20
3.99617
 10
-65.9017
 20
3.79253
 10
-65.5003
 20
3.72466
 10
-65.06
 20
3.8245
 10
-65.06
 20
0.817855
 10
-65.7301
 20
1.0871
 10
-66.1215
 20
1.01922
 10
-66.4108
 20
0.815584
 10
-66.5895
 20
0.484729
 10
-66.5974
 20
0.425
 10
-67.0742
 20
0.425
 10
-67.1061
 20
0.696213
 10
-67.2236
 20
0.919072
 10
-67.4256
 20
1.04509
 10
-67.7182
 20
1.0871
 10
-67.9292
 20
1.06503
 10
-68.1027
 20
0.998816
 10
-68.2482
 20
0.879438
 10
-68.3752
 20
0.697872
 10
-68.3809
 20
0.697872
 10
-68.3844
 20
0.823893
 10
-68.3875
 20
0.901964
 10
-68.3901
 20
0.953001
 10
-68.3923
 20
0.997864
 10
-68.3942
 20
1.03157
 10
-68.396
 20
1.04913
 10
-68.7188
 20
1.04913
 10
-68.7103
 20
0.899605
 10
-68.7075
 20
0.610512
 10
-68.7075
 20
0.425
 10
-69.237
 20
0.425
  0
LWPOLYLINE
100
AcDbEntity
  8
0
100
AcDbPolyline
 90
13
 70
1
 10
-68.97
 20
4.00092
 10
-69.0778
 20
4.03795
 10
-69.1533
 20
4.10298
 10
-69.205
 20
4.19934
 10
-69.2349
 20
4.33415
 10
-69.2449
 20
4.51454
 10
-69.2449
 20
4.94
 10
-68.2898
 20
4.94
 10
-68.2898
 20
4.62656
 10
-68.3254
 20
4.3593
 10
-68.4322
 20
4.15756
 10
-68.6007
 20
4.03083
 10
-68.8214
 20
3.98858
  0
LWPOLYLINE
100
AcDbEntity
  8
0
100
AcDbPolyline
 90
11
 70
1
 10
-71.1801
 20
4.02822
 10
-71.3498
 20
4.18131
 10
-71.4487
 20
4.43598
 10
-71.4817
 20
4.79174
 10
-71.468
 20
4.94
 10
-70.3761
 20
4.94
 10
-70.3634
 20
4.79174
 10
-70.3963
 20
4.42766
 10
-70.4953
 20
4.17464
 10
-70.6712
 20
4.02655
 10
-70.9349
 20
3.97719
  0
LWPOLYLINE
100
AcDbEntity
  8
0
100
AcDbPolyline
 90
71
 70
1
 10
-74.7322
 20
0.692398
 10
-74.8789
 20
0.909552
 10
-74.94
 20
0.942974
 10
-74.94
 20
3.8817
 10
-74.9197
 20
3.84332
 10
-74.8074
 20
3.76856
 10
-74.6434
 20
3.74364
 10
-74.51
 20
3.75124
 10
-74.3795
 20
3.77402
 10
-74.3795
 20
3.98668
 10
-74.4388
 20
3.9767
 10
-74.4915
 20
3.97338
 10
-74.5855
 20
3.9926
 10
-74.6434
 20
4.05027
 10
-74.6733
 20
4.14593
 10
-74.6833
 20
4.27908
 10
-74.6833
 20
4.94
 10
-74.1098
 20
4.94
 10
-74.1098
 20
3.76262
 10
-73.768
 20
3.76262
 10
-73.768
 20
4.83351
 10
-73.7581
 20
4.94
 10
-71.7978
 20
4.94
 10
-71.8406
 20
4.79174
 10
-71.7831
 20
4.33439
 10
-71.6108
 20
3.99903
 10
-71.326
 20
3.79325
 10
-70.9311
 20
3.72466
 10
-70.5328
 20
3.79064
 10
-70.2418
 20
3.98858
 10
-70.11
 20
4.23501
 10
-70.11
 20
1.05816
 10
-70.2655
 20
0.998816
 10
-70.411
 20
0.879438
 10
-70.538
 20
0.697872
 10
-70.5437
 20
0.697872
 10
-70.5472
 20
0.823893
 10
-70.5503
 20
0.901964
 10
-70.5529
 20
0.953001
 10
-70.5551
 20
0.997864
 10
-70.557
 20
1.03157
 10
-70.5588
 20
1.04913
 10
-70.8816
 20
1.04913
 10
-70.8731
 20
0.899605
 10
-70.8703
 20
0.610512
 10
-70.8703
 20
0.425
 10
-71.402
 20
0.425
 10
-71.402
 20
1.04913
 10
-71.7438
 20
1.04913
 10
-71.7438
 20
0.425
 10
-73.7184
 20
0.425
 10
-73.6559
 20
0.590576
 10
-73.5187
 20
0.728
 10
-73.3312
 20
0.773808
 10
-73.2287
 20
0.769062
 10
-73.149
 20
0.754824
 10
-73.149
 20
1.06812
 10
-73.2188
 20
1.08235
 10
-73.2876
 20
1.0871
 10
-73.4594
 20
1.06289
 10
-73.5876
 20
0.990276
 10
-73.6878
 20
0.851676
 10
-73.7756
 20
0.629524
 10
-73.7832
 20
0.629524
 10
-73.787
 20
0.769552
 10
-73.7983
 20
1.04913
 10
-74.1211
 20
1.04913
 10
-74.1126
 20
0.798497
 10
-74.1098
 20
0.57064
 10
-74.1098
 20
0.425
 10
-74.6881
 20
0.425
  0
LWPOLYLINE
100
AcDbEntity
  8
0
100
AcDbPolyline
 90
4
 70
1
 10
-71.402
 20
1.81244
 10
-71.7438
 20
1.81244
 10
-71.7438
 20
1.48585
 10
-71.402
 20
1.48585
  0
LWPOLYLINE
100
AcDbEntity
  8
0
100
AcDbPolyline
 90
80
 70
1
 10
-79.89
 20
4.94
 10
-79.7304
 20
4.94
 10
-79.7304
 20
3.76262
 10
-79.3886
 20
3.76262
 10
-79.3886
 20
4.83351
 10
-79.3787
 20
4.94
 10
-78.5216
 20
4.94
 10
-78.5398
 20
4.80313
 10
-78.4802
 20
4.33367
 10
-78.3015
 20
3.99617
 10
-78.0088
 20
3.79253
 10
-77.6075
 20
3.72466
 10
-77.0716
 20
3.84618
 10
-76.7701
 20
4.21074
 10
-77.0701
 20
4.29616
 10
-77.1392
 20
4.17133
 10
-77.2515
 20
4.0702
 10
-77.4074
 20
4.00328
 10
-77.6075
 20
3.98097
 10
-77.8548
 20
4.02891
 10
-78.0347
 20
4.17274
 10
-78.1444
 20
4.40488
 10
-78.1809
 20
4.7177
 10
-76.7151
 20
4.7177
 10
-76.7151
 20
4.76326
 10
-76.7639
 20
4.94
 10
-75.9285
 20
4.94
 10
-76.1672
 20
4.82592
 10
-76.3245
 20
4.61801
 10
-76.377
 20
4.33604
 10
-76.338
 20
4.08162
 10
-76.2213
 20
3.88795
 10
-76.0271
 20
3.76548
 10
-75.7561
 20
3.72466
 10
-75.5261
 20
3.7491
 10
-75.3336
 20
3.82243
 10
-75.1705
 20
3.95463
 10
-75.06
 20
4.11147
 10
-75.06
 20
1.0086
 10
-75.1224
 20
1.04271
 10
-75.4618
 20
1.0871
 10
-76.0362
 20
0.948493
 10
-76.2858
 20
0.532672
 10
-75.9289
 20
0.500388
 10
-75.8871
 20
0.648011
 10
-75.8036
 20
0.749112
 10
-75.6678
 20
0.807513
 10
-75.4694
 20
0.82698
 10
-75.2719
 20
0.799918
 10
-75.1352
 20
0.718732
 10
-75.06
 20
0.583136
 10
-75.06
 20
0.425
 10
-76.8339
 20
0.425
 10
-76.9415
 20
0.814156
 10
-77.6208
 20
1.0871
 10
-78.0122
 20
1.01922
 10
-78.3015
 20
0.815584
 10
-78.4802
 20
0.484729
 10
-78.4881
 20
0.425
 10
-79.339
 20
0.425
 10
-79.2766
 20
0.590576
 10
-79.1394
 20
0.728
 10
-78.9519
 20
0.773808
 10
-78.8494
 20
0.769062
 10
-78.7696
 20
0.754824
 10
-78.7696
 20
1.06812
 10
-78.8394
 20
1.08235
 10
-78.9082
 20
1.0871
 10
-79.0801
 20
1.06289
 10
-79.2082
 20
0.990276
 10
-79.3084
 20
0.851676
 10
-79.3962
 20
0.629524
 10
-79.4038
 20
0.629524
 10
-79.4076
 20
0.769552
 10
-79.419
 20
1.04913
 10
-79.7418
 20
1.04913
 10
-79.7332
 20
0.798497
 10
-79.7304
 20
0.57064
 10
-79.7304
 20
0.425
 10
-79.89
 20
0.425
  0
LWPOLYLINE
100
AcDbEntity
  8
0
100
AcDbPolyline
 90
17
 70
1
 10
-75.8261
 20
4.00375
 10
-75.9355
 20
4.07211
 10
-76.0032
 20
4.18224
 10
-76.0257
 20
4.33035
 10
-76.0091
 20
4.46943
 10
-75.9593
 20
4.57908
 10
-75.8783
 20
4.66168
 10
-75.7684
 20
4.71958
 10
-75.6149
 20
4.75472
 10
-75.4029
 20
4.76897
 10
-75.06
 20
4.77593
 10
-75.06
 20
4.4282
 10
-75.1134
 20
4.30092
 10
-75.2133
 20
4.16778
 10
-75.3441
 20
4.06642
 10
-75.5007
 20
4.00233
 10
-75.6782
 20
3.98097
  0
LWPOLYLINE
100
AcDbEntity
  8
0
100
AcDbPolyline
 90
4
 70
1
 10
-94.94
 20
4.775
 10
-90.11
 20
4.775
 10
-90.11
 20
0.425
 10
-94.94
 20
0.425
  0
LWPOLYLINE
100
AcDbEntity
  8
0
100
AcDbPolyline
 90
4
 70
1
 10
-89.89
 20
4.775
 10
-85.06
 20
4.775
 10
-85.06
 20
0.425
 10
-89.89
 20
0.425
  0
LWPOLYLINE
100
AcDbEntity
  8
0
100
AcDbPolyline
 90
9
 70
1
 10
-65.7476
 20
4.02891
 10
-65.9276
 20
4.17274
 10
-66.0372
 20
4.40488
 10
-66.0738
 20
4.7177
 10
-65.06
 20
4.7177
 10
-65.06
 20
4.14615
 10
-65.1443
 20
4.0702
 10
-65.3002
 20
4.00328
 10
-65.5003
 20
3.98097
  0
LWPOLYLINE
100
AcDbEntity
  8
0
100
AcDbPolyline
 90
9
 70
1
 10
-78.1323
 20
0.471198
 10
-78.0205
 20
0.668416
 10
-77.8493
 20
0.79303
 10
-77.6265
 20
0.834568
 10
-77.4001
 20
0.797307
 10
-77.2335
 20
0.685524
 10
-77.1238
 20
0.492569
 10
-77.1104
 20
0.425
 10
-78.1402
 20
0.425
  0
LWPOLYLINE
100
AcDbEntity
  8
0
100
AcDbPolyline
 90
9
 70
1
 10
-66.2416
 20
0.471198
 10
-66.1298
 20
0.668416
 10
-65.9586
 20
0.79303
 10
-65.7358
 20
0.834568
 10
-65.5094
 20
0.797307
 10
-65.3428
 20
0.685524
 10
-65.2331
 20
0.492569
 10
-65.2197
 20
0.425
 10
-66.2495
 20
0.425
  0
LWPOLYLINE
100
AcDbEntity
  8
0
100
AcDbPolyline
 90
9
 70
1
 10
-61.7033
 20
0.471198
 10
-61.5915
 20
0.668416
 10
-61.4203
 20
0.79303
 10
-61.1975
 20
0.834568
 10
-60.9711
 20
0.797307
 10
-60.8045
 20
0.685524
 10
-60.6948
 20
0.492569
 10
-60.6814
 20
0.425
 10
-61.7112
 20
0.425
  0
LWPOLYLINE
100
AcDbEntity
  8
0
100
AcDbPolyline
 90
7
 70
1
 10
-59.4761
 20
0.643748
 10
-59.3254
 20
0.786863
 10
-59.103
 20
0.834568
 10
-58.8552
 20
0.787101
 10
-58.6853
 20
0.6447
 10
-58.597
 20
0.425
 10
-59.5514
 20
0.425
  0
LWPOLYLINE
100
AcDbEntity
  8
0
100
AcDbPolyline
 90
8
 70
1
 10
-54.94
 20
0.787158
 10
-54.9319
 20
0.79303
 10
-54.7091
 20
0.834568
 10
-54.4826
 20
0.797307
 10
-54.316
 20
0.685524
 10
-54.2064
 20
0.492569
 10
-54.193
 20
0.425
 10
-54.94
 20
0.425
  0
LWPOLYLINE
100
AcDbEntity
  8
0
100
AcDbPolyline
 90
9
 70
1
 10
-57.3143
 20
0.637112
 10
-57.1591
 20
0.779513
 10
-56.9326
 20
0.82698
 10
-56.7833
 20
0.803005
 10
-56.6507
 20
0.73108
 10
-56.5403
 20
0.613844
 10
-56.458
 20
0.45388
 10
-56.4505
 20
0.425
 10
-57.3908
 20
0.425
  0
LWPOLYLINE
100
AcDbEntity
  8
0
100
AcDbPolyline
 90
11
 70
1
 10
-68.3301
 20
0.452452
 10
-68.2233
 20
0.654192
 10
-68.0547
 20
0.780927
 10
-67.834
 20
0.823172
 10
-67.6855
 20
0.810831
 10
-67.5777
 20
0.773808
 10
-67.5022
 20
0.708778
 10
-67.4505
 20
0.612416
 10
-67.4206
 20
0.477603
 10
-67.4177
 20
0.425
 10
-68.3337
 20
0.425
  0
LWPOLYLINE
100
AcDbEntity
  8
0
100
AcDbPolyline
 90
8
 70
1
 10
-69.89
 20
0.814298
 10
-69.8483
 20
0.810831
 10
-69.7405
 20
0.773808
 10
-69.665
 20
0.708778
 10
-69.6133
 20
0.612416
 10
-69.5834
 20
0.477603
 10
-69.5805
 20
0.425
 10
-69.89
 20
0.425
  0
LWPOLYLINE
100
AcDbEntity
  8
0
100
AcDbPolyline
 90
6
 70
1
 10
-70.4929
 20
0.452452
 10
-70.3861
 20
0.654192
 10
-70.2175
 20
0.780927
 10
-70.11
 20
0.801512
 10
-70.11
 20
0.425
 10
-70.4965
 20
0.425
  0
LWPOLYLINE
100
AcDbEntity
  8
0
100
AcDbPolyline
 90
5
 70
1
 10
-55.2148
 20
0.471198
 10
-55.1031
 20
0.668416
 10
-55.06
 20
0.699779
 10
-55.06
 20
0.425
 10
-55.2228
 20
0.425
  0
LWPOLYLINE
100
AcDbEntity
  8
0
100
AcDbPolyline
 90
4
 70
1
 10
10.11
 20
-0.2
 10
14.94
 20
-0.2
 10
14.94
 20
-4.94
 10
10.11
 20
-4.94
  0
LWPOLYLINE
100
AcDbEntity
  8
0
100
AcDbPolyline
 90
4
 70
1
 10
15.06
 20
-0.2
 10
19.89
 20
-0.2
 10
19.89
 20
-4.94
 10
15.06
 20
-4.94
  0
LWPOLYLINE
100
AcDbEntity
  8
0
100
AcDbPolyline
 90
4
 70
1
 10
20.11
 20
-0.2
 10
24.94
 20
-0.2
 10
24.94
 20
-4.94
 10
20.11
 20
-4.94
  0
LWPOLYLINE
100
AcDbEntity
  8
0
100
AcDbPolyline
 90
4
 70
1
 10
25.06
 20
-0.2
 10
29.89
 20
-0.2
 10
29.89
 20
-4.94
 10
25.06
 20
-4.94
  0
LWPOLYLINE
100
AcDbEntity
  8
0
100
AcDbPolyline
 90
4
 70
1
 10
30.11
 20
-0.2
 10
34.94
 20
-0.2
 10
34.94
 20
-4.94
 10
30.11
 20
-4.94
  0
LWPOLYLINE
100
AcDbEntity
  8
0
100
AcDbPolyline
 90
4
 70
1
 10
35.06
 20
-0.2
 10
39.89
 20
-0.2
 10
39.89
 20
-4.94
 10
35.06
 20
-4.94
  0
LWPOLYLINE
100
AcDbEntity
  8
0
100
AcDbPolyline
 90
4
 70
1
 10
40.11
 20
-0.2
 10
44.94
 20
-0.2
 10
44.94
 20
-4.94
 10
40.11
 20
-4.94
  0
LWPOLYLINE
100
AcDbEntity
  8
0
100
AcDbPolyline
 90
4
 70
1
 10
45.06
 20
-0.2
 10
49.89
 20
-0.2
 10
49.89
 20
-4.94
 10
45.06
 20
-4.94
  0
LWPOLYLINE
100
AcDbEntity
  8
0
100
AcDbPolyline
 90
4
 70
1
 10
50.11
 20
-0.2
 10
54.94
 20
-0.2
 10
54.94
 20
-4.94
 10
50.11
 20
-4.94
  0
LWPOLYLINE
100
AcDbEntity
  8
0
100
AcDbPolyline
 90
4
 70
1
 10
55.06
 20
-0.2
 10
59.89
 20
-0.2
 10
59.89
 20
-4.94
 10
55.06
 20
-4.94
  0
LWPOLYLINE
100
AcDbEntity
  8
0
100
AcDbPolyline
 90
4
 70
1
 10
60.11
 20
-0.2
 10
64.94
 20
-0.2
 10
64.94
 20
-4.94
 10
60.11
 20
-4.94
  0
LWPOLYLINE
100
AcDbEntity
  8
0
100
AcDbPolyline
 90
4
 70
1
 10
65.06
 20
-0.2
 10
69.89
 20
-0.2
 10
69.89
 20
-4.94
 10
65.06
 20
-4.94
  0
LWPOLYLINE
100
AcDbEntity
  8
0
100
AcDbPolyline
 90
4
 70
1
 10
70.11
 20
-0.2
 10
74.94
 20
-0.2
 10
74.94
 20
-4.94
 10
70.11
 20
-4.94
  0
LWPOLYLINE
100
AcDbEntity
  8
0
100
AcDbPolyline
 90
4
 70
1
 10
75.06
 20
-0.2
 10
79.89
 20
-0.2
 10
79.89
 20
-4.94
 10
75.06
 20
-4.94
  0
LWPOLYLINE
100
AcDbEntity
  8
0
100
AcDbPolyline
 90
4
 70
1
 10
80.11
 20
-0.2
 10
84.94
 20
-0.2
 10
84.94
 20
-4.94
 10
80.11
 20
-4.94
  0
LWPOLYLINE
100
AcDbEntity
  8
0
100
AcDbPolyline
 90
4
 70
1
 10
85.06
 20
-0.2
 10
89.89
 20
-0.2
 10
89.89
 20
-4.94
 10
85.06
 20
-4.94
  0
LWPOLYLINE
100
AcDbEntity
  8
0
100
AcDbPolyline
 90
4
 70
1
 10
90.11
 20
-0.2
 10
94.94
 20
-0.2
 10
94.94
 20
-4.94
 10
90.11
 20
-4.94
  0
LWPOLYLINE
100
AcDbEntity
  8
0
100
AcDbPolyline
 90
4
 70
1
 10
95.06
 20
-0.2
 10
99.89
 20
-0.2
 10
99.89
 20
-4.94
 10
95.06
 20
-4.94
  0
LWPOLYLINE
100
AcDbEntity
  8
0
100
AcDbPolyline
 90
4
 70
1
 10
100.11
 20
-0.2
 10
104.94
 20
-0.2
 10
104.94
 20
-4.94
 10
100.11
 20
-4.94
  0
LWPOLYLINE
100
AcDbEntity
  8
0
100
AcDbPolyline
 90
4
 70
1
 10
5.06
 20
-0.425
 10
9.89
 20
-0.425
 10
9.89
 20
-4.94
 10
5.06
 20
-4.94
  0
LWPOLYLINE
100
AcDbEntity
  8
0
100
AcDbPolyline
 90
4
 70
1
 10
0.425
 20
-0.425
 10
4.94
 20
-0.425
 10
4.94
 20
-4.94
 10
0.425
 20
-4.94
  0
LWPOLYLINE
100
AcDbEntity
  8
0
100
AcDbPolyline
 90
6
 70
1
 10
-1.39766
 20
-1.39387
 10
-4.94
 20
-1.39387
 10
-4.94
 20
-0.7
 10
-0.7
 20
-0.7
 10
-0.7
 20
-4.94
 10
-1.39766
 20
-4.94
  0
LWPOLYLINE
100
AcDbEntity
  8
0
100
AcDbPolyline
 90
4
 70
1
 10
-9.89
 20
-1.39387
 10
-9.89
 20
-0.7
 10
-5.06
 20
-0.7
 10
-5.06
 20
-1.39387
  0
LWPOLYLINE
100
AcDbEntity
  8
0
100
AcDbPolyline
 90
4
 70
1
 10
-14.94
 20
-1.39387
 10
-14.94
 20
-0.7
 10
-10.11
 20
-0.7
 10
-10.11
 20
-1.39387
  0
LWPOLYLINE
100
AcDbEntity
  8
0
100
AcDbPolyline
 90
4
 70
1
 10
-19.89
 20
-1.39387
 10
-19.89
 20
-0.7
 10
-15.06
 20
-0.7
 10
-15.06
 20
-1.39387
  0
LWPOLYLINE
100
AcDbEntity
  8
0
100
AcDbPolyline
 90
4
 70
1
 10
-24.94
 20
-1.39387
 10
-24.94
 20
-0.7
 10
-20.11
 20
-0.7
 10
-20.11
 20
-1.39387
  0
LWPOLYLINE
100
AcDbEntity
  8
0
100
AcDbPolyline
 90
4
 70
1
 10
-29.89
 20
-1.39387
 10
-29.89
 20
-0.7
 10
-25.06
 20
-0.7
 10
-25.06
 20
-1.39387
  0
LWPOLYLINE
100
AcDbEntity
  8
0
100
AcDbPolyline
 90
4
 70
1
 10
-34.94
 20
-1.39387
 10
-34.94
 20
-0.7
 10
-30.11
 20
-0.7
 10
-30.11
 20
-1.39387
  0
LWPOLYLINE
100
AcDbEntity
  8
0
100
AcDbPolyline
 90
4
 70
1
 10
-39.89
 20
-1.39387
 10
-39.89
 20
-0.7
 10
-35.06
 20
-0.7
 10
-35.06
 20
-1.39387
  0
LWPOLYLINE
100
AcDbEntity
  8
0
100
AcDbPolyline
 90
4
 70
1
 10
-44.94
 20
-1.39387
 10
-44.94
 20
-0.7
 10
-40.11
 20
-0.7
 10
-40.11
 20
-1.39387
  0
LWPOLYLINE
100
AcDbEntity
  8
0
100
AcDbPolyline
 90
4
 70
1
 10
-49.89
 20
-1.39387
 10
-49.89
 20
-0.7
 10
-45.06
 20
-0.7
 10
-45.06
 20
-1.39387
  0
LWPOLYLINE
100
AcDbEntity
  8
0
100
AcDbPolyline
 90
7
 70
1
 10
-54.94
 20
-1.39387
 10
-54.94
 20
-1.00101
 10
-54.6901
 20
-1.04328
 10
-54.1542
 20
-0.92176
 10
-53.9708
 20
-0.7
 10
-50.11
 20
-0.7
 10
-50.11
 20
-1.39387
  0
LWPOLYLINE
100
AcDbEntity
  8
0
100
AcDbPolyline
 90
6
 70
1
 10
-54.9374
 20
-0.739025
 10
-54.94
 20
-0.736949
 10
-54.94
 20
-0.7
 10
-54.3394
 20
-0.7
 10
-54.49
 20
-0.764659
 10
-54.6901
 20
-0.786968
  0
LWPOLYLINE
100
AcDbEntity
  8
0
100
AcDbPolyline
 90
8
 70
1
 10
-56.1979
 20
-1.39387
 10
-56.0497
 20
-0.946456
 10
-56.0497
 20
-0.7
 10
-55.4221
 20
-0.7
 10
-55.3841
 20
-0.771764
 10
-55.0914
 20
-0.975401
 10
-55.06
 20
-0.980716
 10
-55.06
 20
-1.39387
  0
LWPOLYLINE
100
AcDbEntity
  8
0
100
AcDbPolyline
 90
34
 70
1
 10
-57.2909
 20
-1.39387
 10
-57.3031
 20
-1.38197
 10
-57.3579
 20
-1.25594
 10
-57.7016
 20
-1.3053
 10
-57.6636
 20
-1.39387
 10
-59.89
 20
-1.39387
 10
-59.89
 20
-0.7
 10
-59.8005
 20
-0.7
 10
-59.7666
 20
-0.781256
 10
-59.5319
 20
-0.977774
 10
-59.1942
 20
-1.04328
 10
-58.9813
 20
-1.02192
 10
-58.8059
 20
-0.957852
 10
-58.6647
 20
-0.844396
 10
-58.5706
 20
-0.7
 10
-58.5462
 20
-0.7
 10
-58.545
 20
-0.762279
 10
-58.5401
 20
-0.864808
 10
-58.5337
 20
-0.954996
 10
-58.5277
 20
-1.00531
 10
-58.2011
 20
-1.00531
 10
-58.2097
 20
-0.84819
 10
-58.2113
 20
-0.7
 10
-57.6384
 20
-0.7
 10
-57.6095
 20
-0.769888
 10
-57.3819
 20
-0.957859
 10
-57.0541
 20
-1.02052
 10
-56.8424
 20
-0.995596
 10
-56.6592
 20
-0.920836
 10
-56.5083
 20
-0.796691
 10
-56.4441
 20
-0.7
 10
-56.3896
 20
-0.7
 10
-56.3896
 20
-0.954044
 10
-56.5148
 20
-1.39387
  0
LWPOLYLINE
100
AcDbEntity
  8
0
100
AcDbPolyline
 90
5
 70
1
 10
-57.17
 20
-0.721917
 10
-57.1941
 20
-0.7
 10
-56.7025
 20
-0.7
 10
-56.786
 20
-0.744226
 10
-56.9383
 20
-0.767956
  0
LWPOLYLINE
100
AcDbEntity
  8
0
100
AcDbPolyline
 90
5
 70
1
 10
-59.3276
 20
-0.732837
 10
-59.3627
 20
-0.7
 10
-58.8233
 20
-0.7
 10
-58.8562
 20
-0.729036
 10
-59.1068
 20
-0.779352
  0
LWPOLYLINE
100
AcDbEntity
  8
0
100
AcDbPolyline
 90
14
 70
1
 10
-64.94
 20
-1.39387
 10
-64.94
 20
-0.7
 10
-64.3819
 20
-0.7
 10
-64.3819
 20
-1.00531
 10
-64.0401
 20
-1.00531
 10
-64.0401
 20
-0.7
 10
-61.9105
 20
-0.7
 10
-61.8725
 20
-0.771764
 10
-61.5798
 20
-0.975401
 10
-61.1785
 20
-1.04328
 10
-60.6426
 20
-0.92176
 10
-60.4592
 20
-0.7
 10
-60.11
 20
-0.7
 10
-60.11
 20
-1.39387
  0
LWPOLYLINE
100
AcDbEntity
  8
0
100
AcDbPolyline
 90
5
 70
1
 10
-61.4258
 20
-0.739025
 10
-61.4746
 20
-0.7
 10
-60.8278
 20
-0.7
 10
-60.9784
 20
-0.764659
 10
-61.1785
 20
-0.786968
  0
LWPOLYLINE
100
AcDbEntity
  8
0
100
AcDbPolyline
 90
5
 70
1
 10
-65.9641
 20
-0.739025
 10
-66.0129
 20
-0.7
 10
-65.3661
 20
-0.7
 10
-65.5167
 20
-0.764659
 10
-65.7168
 20
-0.786968
  0
LWPOLYLINE
100
AcDbEntity
  8
0
100
AcDbPolyline
 90
21
 70
1
 10
-69.89
 20
-1.39387
 10
-69.89
 20
-0.7
 10
-69.5734
 20
-0.7
 10
-69.5734
 20
-1.00531
 10
-69.2297
 20
-1.00531
 10
-69.2297
 20
-0.7
 10
-68.7075
 20
-0.7
 10
-68.7075
 20
-1.00531
 10
-68.3657
 20
-1.00531
 10
-68.3657
 20
-0.7
 10
-67.4106
 20
-0.7
 10
-67.4106
 20
-1.00531
 10
-67.0669
 20
-1.00531
 10
-67.0669
 20
-0.7
 10
-66.4488
 20
-0.7
 10
-66.4108
 20
-0.771764
 10
-66.1181
 20
-0.975401
 10
-65.7168
 20
-1.04328
 10
-65.1809
 20
-0.92176
 10
-65.06
 20
-0.775578
 10
-65.06
 20
-1.39387
  0
LWPOLYLINE
100
AcDbEntity
  8
0
100
AcDbPolyline
 90
27
 70
1
 10
-74.94
 20
-1.39387
 10
-74.94
 20
-0.886235
 10
-74.9197
 20
-0.924616
 10
-74.8074
 20
-0.999376
 10
-74.6434
 20
-1.0243
 10
-74.51
 20
-1.0167
 10
-74.3795
 20
-0.993916
 10
-74.3795
 20
-0.781256
 10
-74.4388
 20
-0.791231
 10
-74.4915
 20
-0.794556
 10
-74.5855
 20
-0.775334
 10
-74.6434
 20
-0.717668
 10
-74.649
 20
-0.7
 10
-74.1098
 20
-0.7
 10
-74.1098
 20
-1.00531
 10
-73.768
 20
-1.00531
 10
-73.768
 20
-0.7
 10
-71.7438
 20
-0.7
 10
-71.7438
 20
-1.00531
 10
-71.402
 20
-1.00531
 10
-71.402
 20
-0.7
 10
-70.8703
 20
-0.7
 10
-70.8703
 20
-1.00531
 10
-70.5285
 20
-1.00531
 10
-70.5285
 20
-0.7
 10
-70.11
 20
-0.7
 10
-70.11
 20
-1.39387
  0
LWPOLYLINE
100
AcDbEntity
  8
0
100
AcDbPolyline
 90
22
 70
1
 10
-79.89
 20
-1.39387
 10
-79.89
 20
-0.7
 10
-79.7304
 20
-0.7
 10
-79.7304
 20
-1.00531
 10
-79.3886
 20
-1.00531
 10
-79.3886
 20
-0.7
 10
-78.3395
 20
-0.7
 10
-78.3015
 20
-0.771764
 10
-78.0088
 20
-0.975401
 10
-77.6075
 20
-1.04328
 10
-77.0716
 20
-0.92176
 10
-76.8882
 20
-0.7
 10
-76.3298
 20
-0.7
 10
-76.2213
 20
-0.879984
 10
-76.0271
 20
-1.00246
 10
-75.7561
 20
-1.04328
 10
-75.5261
 20
-1.01884
 10
-75.3336
 20
-0.945504
 10
-75.1705
 20
-0.813309
 10
-75.0907
 20
-0.7
 10
-75.06
 20
-0.7
 10
-75.06
 20
-1.39387
  0
LWPOLYLINE
100
AcDbEntity
  8
0
100
AcDbPolyline
 90
6
 70
1
 10
-75.8261
 20
-0.764183
 10
-75.9288
 20
-0.7
 10
-75.3421
 20
-0.7
 10
-75.3441
 20
-0.701512
 10
-75.5007
 20
-0.765604
 10
-75.6782
 20
-0.786968
  0
LWPOLYLINE
100
AcDbEntity
  8
0
100
AcDbPolyline
 90
5
 70
1
 10
-77.8548
 20
-0.739025
 10
-77.9036
 20
-0.7
 10
-77.2568
 20
-0.7
 10
-77.4074
 20
-0.764659
 10
-77.6075
 20
-0.786968
  0
LWPOLYLINE
100
AcDbEntity
  8
0
100
AcDbPolyline
 90
4
 70
1
 10
-84.94
 20
-1.39387
 10
-84.94
 20
-0.7
 10
-80.11
 20
-0.7
 10
-80.11
 20
-1.39387
  0
LWPOLYLINE
100
AcDbEntity
  8
0
100
AcDbPolyline
 90
4
 70
1
 10
-89.89
 20
-1.39387
 10
-89.89
 20
-0.7
 10
-85.06
 20
-0.7
 10
-85.06
 20
-1.39387
  0
LWPOLYLINE
100
AcDbEntity
  8
0
100
AcDbPolyline
 90
4
 70
1
 10
-94.94
 20
-1.39387
 10
-94.94
 20
-0.7
 10
-90.11
 20
-0.7
 10
-90.11
 20
-1.39387
  0
LWPOLYLINE
100
AcDbEntity
  8
0
100
AcDbPolyline
 90
4
 70
1
 10
-99.89
 20
-1.39387
 10
-99.89
 20
-0.7
 10
-95.06
 20
-0.7
 10
-95.06
 20
-1.39387
  0
LWPOLYLINE
100
AcDbEntity
  8
0
100
AcDbPolyline
 90
4
 70
1
 10
-104.94
 20
-1.39387
 10
-104.94
 20
-0.7
 10
-100.11
 20
-0.7
 10
-100.11
 20
-1.39387
  0
LWPOLYLINE
100
AcDbEntity
  8
0
100
AcDbPolyline
 90
10
 70
1
 10
-159.3
 20
-0.7
 10
-105.06
 20
-0.7
 10
-105.06
 20
-1.39387
 10
-158.602
 20
-1.39387
 10
-158.602
 20
-318.606
 10
-1.39766
 20
-318.606
 10
-1.39766
 20
-185.06
 10
-0.7
 20
-185.06
 10
-0.7
 20
-319.3
 10
-159.3
 20
-319.3
  0
LWPOLYLINE
100
AcDbEntity
  8
0
100
AcDbPolyline
 90
4
 70
1
 10
-4.94
 20
-1.84387
 10
-1.84766
 20
-1.84387
 10
-1.84766
 20
-4.94
 10
-4.94
 20
-4.94
  0
LWPOLYLINE
100
AcDbEntity
  8
0
100
AcDbPolyline
 90
4
 70
1
 10
-9.89
 20
-1.84387
 10
-5.06
 20
-1.84387
 10
-5.06
 20
-4.94
 10
-9.89
 20
-4.94
  0
LWPOLYLINE
100
AcDbEntity
  8
0
100
AcDbPolyline
 90
4
 70
1
 10
-14.94
 20
-1.84387
 10
-10.11
 20
-1.84387
 10
-10.11
 20
-4.94
 10
-14.94
 20
-4.94
  0
LWPOLYLINE
100
AcDbEntity
  8
0
100
AcDbPolyline
 90
4
 70
1
 10
-19.89
 20
-1.84387
 10
-15.06
 20
-1.84387
 10
-15.06
 20
-4.94
 10
-19.89
 20
-4.94
  0
LWPOLYLINE
100
AcDbEntity
  8
0
100
AcDbPolyline
 90
4
 70
1
 10
-24.94
 20
-1.84387
 10
-20.11
 20
-1.84387
 10
-20.11
 20
-4.94
 10
-24.94
 20
-4.94
  0
LWPOLYLINE
100
AcDbEntity
  8
0
100
AcDbPolyline
 90
4
 70
1
 10
-29.89
 20
-1.84387
 10
-25.06
 20
-1.84387
 10
-25.06
 20
-4.94
 10
-29.89
 20
-4.94
  0
LWPOLYLINE
100
AcDbEntity
  8
0
100
AcDbPolyline
 90
4
 70
1
 10
-34.94
 20
-1.84387
 10
-30.11
 20
-1.84387
 10
-30.11
 20
-4.94
 10
-34.94
 20
-4.94
  0
LWPOLYLINE
100
AcDbEntity
  8
0
100
AcDbPolyline
 90
4
 70
1
 10
-39.89
 20
-1.84387
 10
-35.06
 20
-1.84387
 10
-35.06
 20
-4.94
 10
-39.89
 20
-4.94
  0
LWPOLYLINE
100
AcDbEntity
  8
0
100
AcDbPolyline
 90
4
 70
1
 10
-44.94
 20
-1.84387
 10
-40.11
 20
-1.84387
 10
-40.11
 20
-4.94
 10
-44.94
 20
-4.94
  0
LWPOLYLINE
100
AcDbEntity
  8
0
100
AcDbPolyline
 90
4
 70
1
 10
-49.89
 20
-1.84387
 10
-45.06
 20
-1.84387
 10
-45.06
 20
-4.94
 10
-49.89
 20
-4.94
  0
LWPOLYLINE
100
AcDbEntity
  8
0
100
AcDbPolyline
 90
4
 70
1
 10
-54.94
 20
-1.84387
 10
-50.11
 20
-1.84387
 10
-50.11
 20
-4.94
 10
-54.94
 20
-4.94
  0
LWPOLYLINE
100
AcDbEntity
  8
0
100
AcDbPolyline
 90
4
 70
1
 10
-59.89
 20
-1.84387
 10
-55.06
 20
-1.84387
 10
-55.06
 20
-4.94
 10
-59.89
 20
-4.94
  0
LWPOLYLINE
100
AcDbEntity
  8
0
100
AcDbPolyline
 90
4
 70
1
 10
-64.94
 20
-1.84387
 10
-60.11
 20
-1.84387
 10
-60.11
 20
-4.94
 10
-64.94
 20
-4.94
  0
LWPOLYLINE
100
AcDbEntity
  8
0
100
AcDbPolyline
 90
4
 70
1
 10
-69.89
 20
-1.84387
 10
-65.06
 20
-1.84387
 10
-65.06
 20
-4.94
 10
-69.89
 20
-4.94
  0
LWPOLYLINE
100
AcDbEntity
  8
0
100
AcDbPolyline
 90
4
 70
1
 10
-74.94
 20
-1.84387
 10
-70.11
 20
-1.84387
 10
-70.11
 20
-4.94
 10
-74.94
 20
-4.94
  0
LWPOLYLINE
100
AcDbEntity
  8
0
100
AcDbPolyline
 90
4
 70
1
 10
-79.89
 20
-1.84387
 10
-75.06
 20
-1.84387
 10
-75.06
 20
-4.94
 10
-79.89
 20
-4.94
  0
LWPOLYLINE
100
AcDbEntity
  8
0
100
AcDbPolyline
 90
4
 70
1
 10
-84.94
 20
-1.84387
 10
-80.11
 20
-1.84387
 10
-80.11
 20
-4.94
 10
-84.94
 20
-4.94
  0
LWPOLYLINE
100
AcDbEntity
  8
0
100
AcDbPolyline
 90
4
 70
1
 10
-89.89
 20
-1.84387
 10
-85.06
 20
-1.84387
 10
-85.06
 20
-4.94
 10
-89.89
 20
-4.94
  0
LWPOLYLINE
100
AcDbEntity
  8
0
100
AcDbPolyline
 90
4
 70
1
 10
-94.94
 20
-1.84387
 10
-90.11
 20
-1.84387
 10
-90.11
 20
-4.94
 10
-94.94
 20
-4.94
  0
LWPOLYLINE
100
AcDbEntity
  8
0
100
AcDbPolyline
 90
4
 70
1
 10
-99.89
 20
-1.84387
 10
-95.06
 20
-1.84387
 10
-95.06
 20
-4.94
 10
-99.89
 20
-4.94
  0
LWPOLYLINE
100
AcDbEntity
  8
0
100
AcDbPolyline
 90
4
 70
1
 10
-104.94
 20
-1.84387
 10
-100.11
 20
-1.84387
 10
-100.11
 20
-4.94
 10
-104.94
 20
-4.94
  0
LWPOLYLINE
100
AcDbEntity
  8
0
100
AcDbPolyline
 90
16
 70
1
 10
-158.152
 20
-1.84387
 10
-105.06
 20
-1.84387
 10
-105.06
 20
-10.62
 10
-147.35
 20
-10.62
 10
-147.35
 20
-10.895
 10
-147.625
 20
-10.895
 10
-147.625
 20
-309.105
 10
-147.35
 20
-309.105
 10
-147.35
 20
-309.38
 10
-12.65
 20
-309.38
 10
-12.65
 20
-309.105
 10
-12.375
 20
-309.105
 10
-12.375
 20
-185.06
 10
-1.84766
 20
-185.06
 10
-1.84766
 20
-318.156
 10
-158.152
 20
-318.156
  0
LWPOLYLINE
100
AcDbEntity
  8
0
100
AcDbPolyline
 90
36
 70
1
 10
-151.644
 20
-10.0189
 10
-151.299
 20
-9.92637
 10
-150.975
 20
-9.77535
 10
-150.682
 20
-9.57039
 10
-150.43
 20
-9.31771
 10
-150.225
 20
-9.025
 10
-150.074
 20
-8.70114
 10
-149.981
 20
-8.35598
 10
-149.95
 20
-8
 10
-149.981
 20
-7.64402
 10
-150.074
 20
-7.29886
 10
-150.225
 20
-6.975
 10
-150.43
 20
-6.68229
 10
-150.682
 20
-6.42961
 10
-150.975
 20
-6.22465
 10
-151.299
 20
-6.07363
 10
-151.644
 20
-5.98114
 10
-152
 20
-5.95
 10
-152.356
 20
-5.98114
 10
-152.701
 20
-6.07363
 10
-153.025
 20
-6.22465
 10
-153.318
 20
-6.42961
 10
-153.57
 20
-6.68229
 10
-153.775
 20
-6.975
 10
-153.926
 20
-7.29886
 10
-154.019
 20
-7.64402
 10
-154.05
 20
-8
 10
-154.019
 20
-8.35598
 10
-153.926
 20
-8.70114
 10
-153.775
 20
-9.025
 10
-153.57
 20
-9.31771
 10
-153.318
 20
-9.57039
 10
-153.025
 20
-9.77535
 10
-152.701
 20
-9.92637
 10
-152.356
 20
-10.0189
 10
-152
 20
-10.05
  0
LWPOLYLINE
100
AcDbEntity
  8
0
100
AcDbPolyline
 90
36
 70
1
 10
-152.26
 20
-9.47721
 10
-152.513
 20
-9.40954
 10
-152.75
 20
-9.29904
 10
-152.964
 20
-9.14907
 10
-153.149
 20
-8.96418
 10
-153.299
 20
-8.75
 10
-153.41
 20
-8.51303
 10
-153.477
 20
-8.26047
 10
-153.5
 20
-8
 10
-153.477
 20
-7.73953
 10
-153.41
 20
-7.48697
 10
-153.299
 20
-7.25
 10
-153.149
 20
-7.03582
 10
-152.964
 20
-6.85093
 10
-152.75
 20
-6.70096
 10
-152.513
 20
-6.59046
 10
-152.26
 20
-6.52279
 10
-152
 20
-6.5
 10
-151.74
 20
-6.52279
 10
-151.487
 20
-6.59046
 10
-151.25
 20
-6.70096
 10
-151.036
 20
-6.85093
 10
-150.851
 20
-7.03582
 10
-150.701
 20
-7.25
 10
-150.59
 20
-7.48697
 10
-150.523
 20
-7.73953
 10
-150.5
 20
-8
 10
-150.523
 20
-8.26047
 10
-150.59
 20
-8.51303
 10
-150.701
 20
-8.75
 10
-150.851
 20
-8.96418
 10
-151.036
 20
-9.14907
 10
-151.25
 20
-9.29904
 10
-151.487
 20
-9.40954
 10
-151.74
 20
-9.47721
 10
-152
 20
-9.5
  0
LWPOLYLINE
100
AcDbEntity
  8
0
100
AcDbPolyline
 90
36
 70
1
 10
-151.644
 20
-162.019
 10
-151.299
 20
-161.926
 10
-150.975
 20
-161.775
 10
-150.682
 20
-161.57
 10
-150.43
 20
-161.318
 10
-150.225
 20
-161.025
 10
-150.074
 20
-160.701
 10
-149.981
 20
-160.356
 10
-149.95
 20
-160
 10
-149.981
 20
-159.644
 10
-150.074
 20
-159.299
 10
-150.225
 20
-158.975
 10
-150.43
 20
-158.682
 10
-150.682
 20
-158.43
 10
-150.975
 20
-158.225
 10
-151.299
 20
-158.074
 10
-151.644
 20
-157.981
 10
-152
 20
-157.95
 10
-152.356
 20
-157.981
 10
-152.701
 20
-158.074
 10
-153.025
 20
-158.225
 10
-153.318
 20
-158.43
 10
-153.57
 20
-158.682
 10
-153.775
 20
-158.975
 10
-153.926
 20
-159.299
 10
-154.019
 20
-159.644
 10
-154.05
 20
-160
 10
-154.019
 20
-160.356
 10
-153.926
 20
-160.701
 10
-153.775
 20
-161.025
 10
-153.57
 20
-161.318
 10
-153.318
 20
-161.57
 10
-153.025
 20
-161.775
 10
-152.701
 20
-161.926
 10
-152.356
 20
-162.019
 10
-152
 20
-162.05
  0
LWPOLYLINE
100
AcDbEntity
  8
0
100
AcDbPolyline
 90
36
 70
1
 10
-152.26
 20
-161.477
 10
-152.513
 20
-161.41
 10
-152.75
 20
-161.299
 10
-152.964
 20
-161.149
 10
-153.149
 20
-160.964
 10
-153.299
 20
-160.75
 10
-153.41
 20
-160.513
 10
-153.477
 20
-160.26
 10
-153.5
 20
-160
 10
-153.477
 20
-159.74
 10
-153.41
 20
-159.487
 10
-153.299
 20
-159.25
 10
-153.149
 20
-159.036
 10
-152.964
 20
-158.851
 10
-152.75
 20
-158.701
 10
-152.513
 20
-158.59
 10
-152.26
 20
-158.523
 10
-152
 20
-158.5
 10
-151.74
 20
-158.523
 10
-151.487
 20
-158.59
 10
-151.25
 20
-158.701
 10
-151.036
 20
-158.851
 10
-150.851
 20
-159.036
 10
-150.701
 20
-159.25
 10
-150.59
 20
-159.487
 10
-150.523
 20
-159.74
 10
-150.5
 20
-160
 10
-150.523
 20
-160.26
 10
-150.59
 20
-160.513
 10
-150.701
 20
-160.75
 10
-150.851
 20
-160.964
 10
-151.036
 20
-161.149
 10
-151.25
 20
-161.299
 10
-151.487
 20
-161.41
 10
-151.74
 20
-161.477
 10
-152
 20
-161.5
  0
LWPOLYLINE
100
AcDbEntity
  8
0
100
AcDbPolyline
 90
36
 70
1
 10
-151.644
 20
-314.019
 10
-151.299
 20
-313.926
 10
-150.975
 20
-313.775
 10
-150.682
 20
-313.57
 10
-150.43
 20
-313.318
 10
-150.225
 20
-313.025
 10
-150.074
 20
-312.701
 10
-149.981
 20
-312.356
 10
-149.95
 20
-312
 10
-149.981
 20
-311.644
 10
-150.074
 20
-311.299
 10
-150.225
 20
-310.975
 10
-150.43
 20
-310.682
 10
-150.682
 20
-310.43
 10
-150.975
 20
-310.225
 10
-151.299
 20
-310.074
 10
-151.644
 20
-309.981
 10
-152
 20
-309.95
 10
-152.356
 20
-309.981
 10
-152.701
 20
-310.074
 10
-153.025
 20
-310.225
 10
-153.318
 20
-310.43
 10
-153.57
 20
-310.682
 10
-153.775
 20
-310.975
 10
-153.926
 20
-311.299
 10
-154.019
 20
-311.644
 10
-154.05
 20
-312
 10
-154.019
 20
-312.356
 10
-153.926
 20
-312.701
 10
-153.775
 20
-313.025
 10
-153.57
 20
-313.318
 10
-153.318
 20
-313.57
 10
-153.025
 20
-313.775
 10
-152.701
 20
-313.926
 10
-152.356
 20
-314.019
 10
-152
 20
-314.05
  0
LWPOLYLINE
100
AcDbEntity
  8
0
100
AcDbPolyline
 90
36
 70
1
 10
-152.26
 20
-313.477
 10
-152.513
 20
-313.41
 10
-152.75
 20
-313.299
 10
-152.964
 20
-313.149
 10
-153.149
 20
-312.964
 10
-153.299
 20
-312.75
 10
-153.41
 20
-312.513
 10
-153.477
 20
-312.26
 10
-153.5
 20
-312
 10
-153.477
 20
-311.74
 10
-153.41
 20
-311.487
 10
-153.299
 20
-311.25
 10
-153.149
 20
-311.036
 10
-152.964
 20
-310.851
 10
-152.75
 20
-310.701
 10
-152.513
 20
-310.59
 10
-152.26
 20
-310.523
 10
-152
 20
-310.5
 10
-151.74
 20
-310.523
 10
-151.487
 20
-310.59
 10
-151.25
 20
-310.701
 10
-151.036
 20
-310.851
 10
-150.851
 20
-311.036
 10
-150.701
 20
-311.25
 10
-150.59
 20
-311.487
 10
-150.523
 20
-311.74
 10
-150.5
 20
-312
 10
-150.523
 20
-312.26
 10
-150.59
 20
-312.513
 10
-150.701
 20
-312.75
 10
-150.851
 20
-312.964
 10
-151.036
 20
-313.149
 10
-151.25
 20
-313.299
 10
-151.487
 20
-313.41
 10
-151.74
 20
-313.477
 10
-152
 20
-313.5
  0
LWPOLYLINE
100
AcDbEntity
  8
0
100
AcDbPolyline
 90
36
 70
1
 10
-7.64402
 20
-314.019
 10
-7.29886
 20
-313.926
 10
-6.975
 20
-313.775
 10
-6.68229
 20
-313.57
 10
-6.42961
 20
-313.318
 10
-6.22465
 20
-313.025
 10
-6.07363
 20
-312.701
 10
-5.98114
 20
-312.356
 10
-5.95
 20
-312
 10
-5.98114
 20
-311.644
 10
-6.07363
 20
-311.299
 10
-6.22465
 20
-310.975
 10
-6.42961
 20
-310.682
 10
-6.68229
 20
-310.43
 10
-6.975
 20
-310.225
 10
-7.29886
 20
-310.074
 10
-7.64402
 20
-309.981
 10
-8
 20
-309.95
 10
-8.35598
 20
-309.981
 10
-8.70114
 20
-310.074
 10
-9.025
 20
-310.225
 10
-9.31771
 20
-310.43
 10
-9.57039
 20
-310.682
 10
-9.77535
 20
-310.975
 10
-9.92637
 20
-311.299
 10
-10.0189
 20
-311.644
 10
-10.05
 20
-312
 10
-10.0189
 20
-312.356
 10
-9.92637
 20
-312.701
 10
-9.77535
 20
-313.025
 10
-9.57039
 20
-313.318
 10
-9.31771
 20
-313.57
 10
-9.025
 20
-313.775
 10
-8.70114
 20
-313.926
 10
-8.35598
 20
-314.019
 10
-8
 20
-314.05
  0
LWPOLYLINE
100
AcDbEntity
  8
0
100
AcDbPolyline
 90
36
 70
1
 10
-8.26047
 20
-313.477
 10
-8.51303
 20
-313.41
 10
-8.75
 20
-313.299
 10
-8.96418
 20
-313.149
 10
-9.14907
 20
-312.964
 10
-9.29904
 20
-312.75
 10
-9.40954
 20
-312.513
 10
-9.47721
 20
-312.26
 10
-9.5
 20
-312
 10
-9.47721
 20
-311.74
 10
-9.40954
 20
-311.487
 10
-9.29904
 20
-311.25
 10
-9.14907
 20
-311.036
 10
-8.96418
 20
-310.851
 10
-8.75
 20
-310.701
 10
-8.51303
 20
-310.59
 10
-8.26047
 20
-310.523
 10
-8
 20
-310.5
 10
-7.73953
 20
-310.523
 10
-7.48697
 20
-310.59
 10
-7.25
 20
-310.701
 10
-7.03582
 20
-310.851
 10
-6.85093
 20
-311.036
 10
-6.70096
 20
-311.25
 10
-6.59046
 20
-311.487
 10
-6.52279
 20
-311.74
 10
-6.5
 20
-312
 10
-6.52279
 20
-312.26
 10
-6.59046
 20
-312.513
 10
-6.70096
 20
-312.75
 10
-6.85093
 20
-312.964
 10
-7.03582
 20
-313.149
 10
-7.25
 20
-313.299
 10
-7.48697
 20
-313.41
 10
-7.73953
 20
-313.477
 10
-8
 20
-313.5
  0
LWPOLYLINE
100
AcDbEntity
  8
0
100
AcDbPolyline
 90
4
 70
1
 10
-104.94
 20
-5.06
 10
-100.11
 20
-5.06
 10
-100.11
 20
-9.89
 10
-104.94
 20
-9.89
  0
LWPOLYLINE
100
AcDbEntity
  8
0
100
AcDbPolyline
 90
4
 70
1
 10
-99.89
 20
-5.06
 10
-95.06
 20
-5.06
 10
-95.06
 20
-9.89
 10
-99.89
 20
-9.89
  0
LWPOLYLINE
100
AcDbEntity
  8
0
100
AcDbPolyline
 90
4
 70
1
 10
-94.94
 20
-5.06
 10
-90.11
 20
-5.06
 10
-90.11
 20
-9.89
 10
-94.94
 20
-9.89
  0
LWPOLYLINE
100
AcDbEntity
  8
0
100
AcDbPolyline
 90
4
 70
1
 10
-89.89
 20
-5.06
 10
-85.06
 20
-5.06
 10
-85.06
 20
-9.89
 10
-89.89
 20
-9.89
  0
LWPOLYLINE
100
AcDbEntity
  8
0
100
AcDbPolyline
 90
4
 70
1
 10
-84.94
 20
-5.06
 10
-80.11
 20
-5.06
 10
-80.11
 20
-9.89
 10
-84.94
 20
-9.89
  0
LWPOLYLINE
100
AcDbEntity
  8
0
100
AcDbPolyline
 90
4
 70
1
 10
-79.89
 20
-5.06
 10
-75.06
 20
-5.06
 10
-75.06
 20
-9.89
 10
-79.89
 20
-9.89
  0
LWPOLYLINE
100
AcDbEntity
  8
0
100
AcDbPolyline
 90
4
 70
1
 10
-74.94
 20
-5.06
 10
-70.11
 20
-5.06
 10
-70.11
 20
-9.89
 10
-74.94
 20
-9.89
  0
LWPOLYLINE
100
AcDbEntity
  8
0
100
AcDbPolyline
 90
4
 70
1
 10
-69.89
 20
-5.06
 10
-65.06
 20
-5.06
 10
-65.06
 20
-9.89
 10
-69.89
 20
-9.89
  0
LWPOLYLINE
100
AcDbEntity
  8
0
100
AcDbPolyline
 90
4
 70
1
 10
-64.94
 20
-5.06
 10
-60.11
 20
-5.06
 10
-60.11
 20
-9.89
 10
-64.94
 20
-9.89
  0
LWPOLYLINE
100
AcDbEntity
  8
0
100
AcDbPolyline
 90
4
 70
1
 10
-59.89
 20
-5.06
 10
-55.06
 20
-5.06
 10
-55.06
 20
-9.89
 10
-59.89
 20
-9.89
  0
LWPOLYLINE
100
AcDbEntity
  8
0
100
AcDbPolyline
 90
4
 70
1
 10
-54.94
 20
-5.06
 10
-50.11
 20
-5.06
 10
-50.11
 20
-9.89
 10
-54.94
 20
-9.89
  0
LWPOLYLINE
100
AcDbEntity
  8
0
100
AcDbPolyline
 90
4
 70
1
 10
-49.89
 20
-5.06
 10
-45.06
 20
-5.06
 10
-45.06
 20
-9.89
 10
-49.89
 20
-9.89
  0
LWPOLYLINE
100
AcDbEntity
  8
0
100
AcDbPolyline
 90
4
 70
1
 10
-44.94
 20
-5.06
 10
-40.11
 20
-5.06
 10
-40.11
 20
-9.89
 10
-44.94
 20
-9.89
  0
LWPOLYLINE
100
AcDbEntity
  8
0
100
AcDbPolyline
 90
4
 70
1
 10
-39.89
 20
-5.06
 10
-35.06
 20
-5.06
 10
-35.06
 20
-9.89
 10
-39.89
 20
-9.89
  0
LWPOLYLINE
100
AcDbEntity
  8
0
100
AcDbPolyline
 90
4
 70
1
 10
-34.94
 20
-5.06
 10
-30.11
 20
-5.06
 10
-30.11
 20
-9.89
 10
-34.94
 20
-9.89
  0
LWPOLYLINE
100
AcDbEntity
  8
0
100
AcDbPolyline
 90
4
 70
1
 10
-29.89
 20
-5.06
 10
-25.06
 20
-5.06
 10
-25.06
 20
-9.89
 10
-29.89
 20
-9.89
  0
LWPOLYLINE
100
AcDbEntity
  8
0
100
AcDbPolyline
 90
4
 70
1
 10
-24.94
 20
-5.06
 10
-20.11
 20
-5.06
 10
-20.11
 20
-9.89
 10
-24.94
 20
-9.89
  0
LWPOLYLINE
100
AcDbEntity
  8
0
100
AcDbPolyline
 90
4
 70
1
 10
-19.89
 20
-5.06
 10
-15.06
 20
-5.06
 10
-15.06
 20
-9.89
 10
-19.89
 20
-9.89
  0
LWPOLYLINE
100
AcDbEntity
  8
0
100
AcDbPolyline
 90
4
 70
1
 10
-14.94
 20
-5.06
 10
-10.11
 20
-5.06
 10
-10.11
 20
-9.89
 10
-14.94
 20
-9.89
  0
LWPOLYLINE
100
AcDbEntity
  8
0
100
AcDbPolyline
 90
27
 70
1
 10
-6.975
 20
-9.77535
 10
-6.68229
 20
-9.57039
 10
-6.42961
 20
-9.31771
 10
-6.22465
 20
-9.025
 10
-6.07363
 20
-8.70114
 10
-5.98114
 20
-8.35598
 10
-5.95
 20
-8
 10
-5.98114
 20
-7.64402
 10
-6.07363
 20
-7.29886
 10
-6.22465
 20
-6.975
 10
-6.42961
 20
-6.68229
 10
-6.68229
 20
-6.42961
 10
-6.975
 20
-6.22465
 10
-7.29886
 20
-6.07363
 10
-7.64402
 20
-5.98114
 10
-8
 20
-5.95
 10
-8.35598
 20
-5.98114
 10
-8.70114
 20
-6.07363
 10
-9.025
 20
-6.22465
 10
-9.31771
 20
-6.42961
 10
-9.57039
 20
-6.68229
 10
-9.77535
 20
-6.975
 10
-9.89
 20
-7.22086
 10
-9.89
 20
-5.06
 10
-5.06
 20
-5.06
 10
-5.06
 20
-9.89
 10
-7.22086
 20
-9.89
  0
LWPOLYLINE
100
AcDbEntity
  8
0
100
AcDbPolyline
 90
4
 70
1
 10
0.425
 20
-5.06
 10
4.94
 20
-5.06
 10
4.94
 20
-9.89
 10
0.425
 20
-9.89
  0
LWPOLYLINE
100
AcDbEntity
  8
0
100
AcDbPolyline
 90
4
 70
1
 10
5.06
 20
-5.06
 10
9.89
 20
-5.06
 10
9.89
 20
-9.89
 10
5.06
 20
-9.89
  0
LWPOLYLINE
100
AcDbEntity
  8
0
100
AcDbPolyline
 90
4
 70
1
 10
10.11
 20
-5.06
 10
14.94
 20
-5.06
 10
14.94
 20
-9.89
 10
10.11
 20
-9.89
  0
LWPOLYLINE
100
AcDbEntity
  8
0
100
AcDbPolyline
 90
4
 70
1
 10
15.06
 20
-5.06
 10
19.89
 20
-5.06
 10
19.89
 20
-9.89
 10
15.06
 20
-9.89
  0
LWPOLYLINE
100
AcDbEntity
  8
0
100
AcDbPolyline
 90
4
 70
1
 10
20.11
 20
-5.06
 10
24.94
 20
-5.06
 10
24.94
 20
-9.89
 10
20.11
 20
-9.89
  0
LWPOLYLINE
100
AcDbEntity
  8
0
100
AcDbPolyline
 90
4
 70
1
 10
25.06
 20
-5.06
 10
29.89
 20
-5.06
 10
29.89
 20
-9.89
 10
25.06
 20
-9.89
  0
LWPOLYLINE
100
AcDbEntity
  8
0
100
AcDbPolyline
 90
4
 70
1
 10
30.11
 20
-5.06
 10
34.94
 20
-5.06
 10
34.94
 20
-9.89
 10
30.11
 20
-9.89
  0
LWPOLYLINE
100
AcDbEntity
  8
0
100
AcDbPolyline
 90
4
 70
1
 10
35.06
 20
-5.06
 10
39.89
 20
-5.06
 10
39.89
 20
-9.89
 10
35.06
 20
-9.89
  0
LWPOLYLINE
100
AcDbEntity
  8
0
100
AcDbPolyline
 90
4
 70
1
 10
40.11
 20
-5.06
 10
44.94
 20
-5.06
 10
44.94
 20
-9.89
 10
40.11
 20
-9.89
  0
LWPOLYLINE
100
AcDbEntity
  8
0
100
AcDbPolyline
 90
4
 70
1
 10
45.06
 20
-5.06
 10
49.89
 20
-5.06
 10
49.89
 20
-9.89
 10
45.06
 20
-9.89
  0
LWPOLYLINE
100
AcDbEntity
  8
0
100
AcDbPolyline
 90
4
 70
1
 10
50.11
 20
-5.06
 10
54.94
 20
-5.06
 10
54.94
 20
-9.89
 10
50.11
 20
-9.89
  0
LWPOLYLINE
100
AcDbEntity
  8
0
100
AcDbPolyline
 90
4
 70
1
 10
55.06
 20
-5.06
 10
59.89
 20
-5.06
 10
59.89
 20
-9.89
 10
55.06
 20
-9.89
  0
LWPOLYLINE
100
AcDbEntity
  8
0
100
AcDbPolyline
 90
4
 70
1
 10
60.11
 20
-5.06
 10
64.94
 20
-5.06
 10
64.94
 20
-9.89
 10
60.11
 20
-9.89
  0
LWPOLYLINE
100
AcDbEntity
  8
0
100
AcDbPolyline
 90
4
 70
1
 10
65.06
 20
-5.06
 10
69.89
 20
-5.06
 10
69.89
 20
-9.89
 10
65.06
 20
-9.89
  0
LWPOLYLINE
100
AcDbEntity
  8
0
100
AcDbPolyline
 90
4
 70
1
 10
70.11
 20
-5.06
 10
74.94
 20
-5.06
 10
74.94
 20
-9.89
 10
70.11
 20
-9.89
  0
LWPOLYLINE
100
AcDbEntity
  8
0
100
AcDbPolyline
 90
4
 70
1
 10
75.06
 20
-5.06
 10
79.89
 20
-5.06
 10
79.89
 20
-9.89
 10
75.06
 20
-9.89
  0
LWPOLYLINE
100
AcDbEntity
  8
0
100
AcDbPolyline
 90
4
 70
1
 10
80.11
 20
-5.06
 10
84.94
 20
-5.06
 10
84.94
 20
-9.89
 10
80.11
 20
-9.89
  0
LWPOLYLINE
100
AcDbEntity
  8
0
100
AcDbPolyline
 90
4
 70
1
 10
85.06
 20
-5.06
 10
89.89
 20
-5.06
 10
89.89
 20
-9.89
 10
85.06
 20
-9.89
  0
LWPOLYLINE
100
AcDbEntity
  8
0
100
AcDbPolyline
 90
4
 70
1
 10
90.11
 20
-5.06
 10
94.94
 20
-5.06
 10
94.94
 20
-9.89
 10
90.11
 20
-9.89
  0
LWPOLYLINE
100
AcDbEntity
  8
0
100
AcDbPolyline
 90
4
 70
1
 10
95.06
 20
-5.06
 10
99.89
 20
-5.06
 10
99.89
 20
-9.89
 10
95.06
 20
-9.89
  0
LWPOLYLINE
100
AcDbEntity
  8
0
100
AcDbPolyline
 90
4
 70
1
 10
100.11
 20
-5.06
 10
104.94
 20
-5.06
 10
104.94
 20
-9.89
 10
100.11
 20
-9.89
  0
LWPOLYLINE
100
AcDbEntity
  8
0
100
AcDbPolyline
 90
4
 70
1
 10
-1.39766
 20
-5.06
 10
-0.7
 20
-5.06
 10
-0.7
 20
-9.89
 10
-1.39766
 20
-9.89
  0
LWPOLYLINE
100
AcDbEntity
  8
0
100
AcDbPolyline
 90
4
 70
1
 10
-4.94
 20
-5.06
 10
-1.84766
 20
-5.06
 10
-1.84766
 20
-9.89
 10
-4.94
 20
-9.89
  0
LWPOLYLINE
100
AcDbEntity
  8
0
100
AcDbPolyline
 90
36
 70
1
 10
-8.26047
 20
-9.47721
 10
-8.51303
 20
-9.40954
 10
-8.75
 20
-9.29904
 10
-8.96418
 20
-9.14907
 10
-9.14907
 20
-8.96418
 10
-9.29904
 20
-8.75
 10
-9.40954
 20
-8.51303
 10
-9.47721
 20
-8.26047
 10
-9.5
 20
-8
 10
-9.47721
 20
-7.73953
 10
-9.40954
 20
-7.48697
 10
-9.29904
 20
-7.25
 10
-9.14907
 20
-7.03582
 10
-8.96418
 20
-6.85093
 10
-8.75
 20
-6.70096
 10
-8.51303
 20
-6.59046
 10
-8.26047
 20
-6.52279
 10
-8
 20
-6.5
 10
-7.73953
 20
-6.52279
 10
-7.48697
 20
-6.59046
 10
-7.25
 20
-6.70096
 10
-7.03582
 20
-6.85093
 10
-6.85093
 20
-7.03582
 10
-6.70096
 20
-7.25
 10
-6.59046
 20
-7.48697
 10
-6.52279
 20
-7.73953
 10
-6.5
 20
-8
 10
-6.52279
 20
-8.26047
 10
-6.59046
 20
-8.51303
 10
-6.70096
 20
-8.75
 10
-6.85093
 20
-8.96418
 10
-7.03582
 20
-9.14907
 10
-7.25
 20
-9.29904
 10
-7.48697
 20
-9.40954
 10
-7.73953
 20
-9.47721
 10
-8
 20
-9.5
  0
LWPOLYLINE
100
AcDbEntity
  8
0
100
AcDbPolyline
 90
7
 70
1
 10
-9.89
 20
-8.77914
 10
-9.77535
 20
-9.025
 10
-9.57039
 20
-9.31771
 10
-9.31771
 20
-9.57039
 10
-9.025
 20
-9.77535
 10
-8.77914
 20
-9.89
 10
-9.89
 20
-9.89
  0
LWPOLYLINE
100
AcDbEntity
  8
0
100
AcDbPolyline
 90
4
 70
1
 10
-104.94
 20
-10.62
 10
-104.94
 20
-10.11
 10
-100.11
 20
-10.11
 10
-100.11
 20
-10.62
  0
LWPOLYLINE
100
AcDbEntity
  8
0
100
AcDbPolyline
 90
4
 70
1
 10
-99.89
 20
-10.62
 10
-99.89
 20
-10.11
 10
-95.06
 20
-10.11
 10
-95.06
 20
-10.62
  0
LWPOLYLINE
100
AcDbEntity
  8
0
100
AcDbPolyline
 90
4
 70
1
 10
-94.94
 20
-10.62
 10
-94.94
 20
-10.11
 10
-90.11
 20
-10.11
 10
-90.11
 20
-10.62
  0
LWPOLYLINE
100
AcDbEntity
  8
0
100
AcDbPolyline
 90
4
 70
1
 10
-89.89
 20
-10.62
 10
-89.89
 20
-10.11
 10
-85.06
 20
-10.11
 10
-85.06
 20
-10.62
  0
LWPOLYLINE
100
AcDbEntity
  8
0
100
AcDbPolyline
 90
4
 70
1
 10
-84.94
 20
-10.62
 10
-84.94
 20
-10.11
 10
-80.11
 20
-10.11
 10
-80.11
 20
-10.62
  0
LWPOLYLINE
100
AcDbEntity
  8
0
100
AcDbPolyline
 90
4
 70
1
 10
-79.89
 20
-10.62
 10
-79.89
 20
-10.11
 10
-75.06
 20
-10.11
 10
-75.06
 20
-10.62
  0
LWPOLYLINE
100
AcDbEntity
  8
0
100
AcDbPolyline
 90
4
 70
1
 10
-74.94
 20
-10.62
 10
-74.94
 20
-10.11
 10
-70.11
 20
-10.11
 10
-70.11
 20
-10.62
  0
LWPOLYLINE
100
AcDbEntity
  8
0
100
AcDbPolyline
 90
4
 70
1
 10
-69.89
 20
-10.62
 10
-69.89
 20
-10.11
 10
-65.06
 20
-10.11
 10
-65.06
 20
-10.62
  0
LWPOLYLINE
100
AcDbEntity
  8
0
100
AcDbPolyline
 90
4
 70
1
 10
-64.94
 20
-10.62
 10
-64.94
 20
-10.11
 10
-60.11
 20
-10.11
 10
-60.11
 20
-10.62
  0
LWPOLYLINE
100
AcDbEntity
  8
0
100
AcDbPolyline
 90
4
 70
1
 10
-59.89
 20
-10.62
 10
-59.89
 20
-10.11
 10
-55.06
 20
-10.11
 10
-55.06
 20
-10.62
  0
LWPOLYLINE
100
AcDbEntity
  8
0
100
AcDbPolyline
 90
4
 70
1
 10
-54.94
 20
-10.62
 10
-54.94
 20
-10.11
 10
-50.11
 20
-10.11
 10
-50.11
 20
-10.62
  0
LWPOLYLINE
100
AcDbEntity
  8
0
100
AcDbPolyline
 90
4
 70
1
 10
-49.89
 20
-10.62
 10
-49.89
 20
-10.11
 10
-45.06
 20
-10.11
 10
-45.06
 20
-10.62
  0
LWPOLYLINE
100
AcDbEntity
  8
0
100
AcDbPolyline
 90
4
 70
1
 10
-44.94
 20
-10.62
 10
-44.94
 20
-10.11
 10
-40.11
 20
-10.11
 10
-40.11
 20
-10.62
  0
LWPOLYLINE
100
AcDbEntity
  8
0
100
AcDbPolyline
 90
4
 70
1
 10
-39.89
 20
-10.62
 10
-39.89
 20
-10.11
 10
-35.06
 20
-10.11
 10
-35.06
 20
-10.62
  0
LWPOLYLINE
100
AcDbEntity
  8
0
100
AcDbPolyline
 90
4
 70
1
 10
-34.94
 20
-10.62
 10
-34.94
 20
-10.11
 10
-30.11
 20
-10.11
 10
-30.11
 20
-10.62
  0
LWPOLYLINE
100
AcDbEntity
  8
0
100
AcDbPolyline
 90
4
 70
1
 10
-29.89
 20
-10.62
 10
-29.89
 20
-10.11
 10
-25.06
 20
-10.11
 10
-25.06
 20
-10.62
  0
LWPOLYLINE
100
AcDbEntity
  8
0
100
AcDbPolyline
 90
4
 70
1
 10
-24.94
 20
-10.62
 10
-24.94
 20
-10.11
 10
-20.11
 20
-10.11
 10
-20.11
 20
-10.62
  0
LWPOLYLINE
100
AcDbEntity
  8
0
100
AcDbPolyline
 90
4
 70
1
 10
-19.89
 20
-10.62
 10
-19.89
 20
-10.11
 10
-15.06
 20
-10.11
 10
-15.06
 20
-10.62
  0
LWPOLYLINE
100
AcDbEntity
  8
0
100
AcDbPolyline
 90
8
 70
1
 10
-12.375
 20
-10.895
 10
-12.65
 20
-10.895
 10
-12.65
 20
-10.62
 10
-14.94
 20
-10.62
 10
-14.94
 20
-10.11
 10
-10.11
 20
-10.11
 10
-10.11
 20
-14.94
 10
-12.375
 20
-14.94
  0
LWPOLYLINE
100
AcDbEntity
  8
0
100
AcDbPolyline
 90
4
 70
1
 10
-9.89
 20
-10.11
 10
-5.06
 20
-10.11
 10
-5.06
 20
-14.94
 10
-9.89
 20
-14.94
  0
LWPOLYLINE
100
AcDbEntity
  8
0
100
AcDbPolyline
 90
4
 70
1
 10
0.425
 20
-10.11
 10
4.94
 20
-10.11
 10
4.94
 20
-14.94
 10
0.425
 20
-14.94
  0
LWPOLYLINE
100
AcDbEntity
  8
0
100
AcDbPolyline
 90
4
 70
1
 10
5.06
 20
-10.11
 10
9.89
 20
-10.11
 10
9.89
 20
-14.94
 10
5.06
 20
-14.94
  0
LWPOLYLINE
100
AcDbEntity
  8
0
100
AcDbPolyline
 90
4
 70
1
 10
10.11
 20
-10.11
 10
14.94
 20
-10.11
 10
14.94
 20
-14.94
 10
10.11
 20
-14.94
  0
LWPOLYLINE
100
AcDbEntity
  8
0
100
AcDbPolyline
 90
4
 70
1
 10
15.06
 20
-10.11
 10
19.89
 20
-10.11
 10
19.89
 20
-14.94
 10
15.06
 20
-14.94
  0
LWPOLYLINE
100
AcDbEntity
  8
0
100
AcDbPolyline
 90
4
 70
1
 10
20.11
 20
-10.11
 10
24.94
 20
-10.11
 10
24.94
 20
-14.94
 10
20.11
 20
-14.94
  0
LWPOLYLINE
100
AcDbEntity
  8
0
100
AcDbPolyline
 90
4
 70
1
 10
25.06
 20
-10.11
 10
29.89
 20
-10.11
 10
29.89
 20
-14.94
 10
25.06
 20
-14.94
  0
LWPOLYLINE
100
AcDbEntity
  8
0
100
AcDbPolyline
 90
4
 70
1
 10
30.11
 20
-10.11
 10
34.94
 20
-10.11
 10
34.94
 20
-14.94
 10
30.11
 20
-14.94
  0
LWPOLYLINE
100
AcDbEntity
  8
0
100
AcDbPolyline
 90
4
 70
1
 10
35.06
 20
-10.11
 10
39.89
 20
-10.11
 10
39.89
 20
-14.94
 10
35.06
 20
-14.94
  0
LWPOLYLINE
100
AcDbEntity
  8
0
100
AcDbPolyline
 90
4
 70
1
 10
40.11
 20
-10.11
 10
44.94
 20
-10.11
 10
44.94
 20
-14.94
 10
40.11
 20
-14.94
  0
LWPOLYLINE
100
AcDbEntity
  8
0
100
AcDbPolyline
 90
4
 70
1
 10
45.06
 20
-10.11
 10
49.89
 20
-10.11
 10
49.89
 20
-14.94
 10
45.06
 20
-14.94
  0
LWPOLYLINE
100
AcDbEntity
  8
0
100
AcDbPolyline
 90
4
 70
1
 10
50.11
 20
-10.11
 10
54.94
 20
-10.11
 10
54.94
 20
-14.94
 10
50.11
 20
-14.94
  0
LWPOLYLINE
100
AcDbEntity
  8
0
100
AcDbPolyline
 90
4
 70
1
 10
55.06
 20
-10.11
 10
59.89
 20
-10.11
 10
59.89
 20
-14.94
 10
55.06
 20
-14.94
  0
LWPOLYLINE
100
AcDbEntity
  8
0
100
AcDbPolyline
 90
4
 70
1
 10
60.11
 20
-10.11
 10
64.94
 20
-10.11
 10
64.94
 20
-14.94
 10
60.11
 20
-14.94
  0
LWPOLYLINE
100
AcDbEntity
  8
0
100
AcDbPolyline
 90
4
 70
1
 10
65.06
 20
-10.11
 10
69.89
 20
-10.11
 10
69.89
 20
-14.94
 10
65.06
 20
-14.94
  0
LWPOLYLINE
100
AcDbEntity
  8
0
100
AcDbPolyline
 90
4
 70
1
 10
70.11
 20
-10.11
 10
74.94
 20
-10.11
 10
74.94
 20
-14.94
 10
70.11
 20
-14.94
  0
LWPOLYLINE
100
AcDbEntity
  8
0
100
AcDbPolyline
 90
4
 70
1
 10
75.06
 20
-10.11
 10
79.89
 20
-10.11
 10
79.89
 20
-14.94
 10
75.06
 20
-14.94
  0
LWPOLYLINE
100
AcDbEntity
  8
0
100
AcDbPolyline
 90
4
 70
1
 10
80.11
 20
-10.11
 10
84.94
 20
-10.11
 10
84.94
 20
-14.94
 10
80.11
 20
-14.94
  0
LWPOLYLINE
100
AcDbEntity
  8
0
100
AcDbPolyline
 90
4
 70
1
 10
85.06
 20
-10.11
 10
89.89
 20
-10.11
 10
89.89
 20
-14.94
 10
85.06
 20
-14.94
  0
LWPOLYLINE
100
AcDbEntity
  8
0
100
AcDbPolyline
 90
4
 70
1
 10
90.11
 20
-10.11
 10
94.94
 20
-10.11
 10
94.94
 20
-14.94
 10
90.11
 20
-14.94
  0
LWPOLYLINE
100
AcDbEntity
  8
0
100
AcDbPolyline
 90
4
 70
1
 10
95.06
 20
-10.11
 10
99.89
 20
-10.11
 10
99.89
 20
-14.94
 10
95.06
 20
-14.94
  0
LWPOLYLINE
100
AcDbEntity
  8
0
100
AcDbPolyline
 90
4
 70
1
 10
100.11
 20
-10.11
 10
104.94
 20
-10.11
 10
104.94
 20
-14.94
 10
100.11
 20
-14.94
  0
LWPOLYLINE
100
AcDbEntity
  8
0
100
AcDbPolyline
 90
4
 70
1
 10
-1.39766
 20
-10.11
 10
-0.7
 20
-10.11
 10
-0.7
 20
-14.94
 10
-1.39766
 20
-14.94
  0
LWPOLYLINE
100
AcDbEntity
  8
0
100
AcDbPolyline
 90
4
 70
1
 10
-4.94
 20
-10.11
 10
-1.84766
 20
-10.11
 10
-1.84766
 20
-14.94
 10
-4.94
 20
-14.94
  0
LWPOLYLINE
100
AcDbEntity
  8
0
100
AcDbPolyline
 90
4
 70
1
 10
-14.94
 20
-11.17
 10
-12.925
 20
-11.17
 10
-12.925
 20
-14.94
 10
-14.94
 20
-14.94
  0
LWPOLYLINE
100
AcDbEntity
  8
0
100
AcDbPolyline
 90
4
 70
1
 10
-19.89
 20
-11.17
 10
-15.06
 20
-11.17
 10
-15.06
 20
-14.94
 10
-19.89
 20
-14.94
  0
LWPOLYLINE
100
AcDbEntity
  8
0
100
AcDbPolyline
 90
4
 70
1
 10
-24.94
 20
-11.17
 10
-20.11
 20
-11.17
 10
-20.11
 20
-14.94
 10
-24.94
 20
-14.94
  0
LWPOLYLINE
100
AcDbEntity
  8
0
100
AcDbPolyline
 90
4
 70
1
 10
-29.89
 20
-11.17
 10
-25.06
 20
-11.17
 10
-25.06
 20
-14.94
 10
-29.89
 20
-14.94
  0
LWPOLYLINE
100
AcDbEntity
  8
0
100
AcDbPolyline
 90
4
 70
1
 10
-34.94
 20
-11.17
 10
-30.11
 20
-11.17
 10
-30.11
 20
-14.94
 10
-34.94
 20
-14.94
  0
LWPOLYLINE
100
AcDbEntity
  8
0
100
AcDbPolyline
 90
4
 70
1
 10
-39.89
 20
-11.17
 10
-35.06
 20
-11.17
 10
-35.06
 20
-14.94
 10
-39.89
 20
-14.94
  0
LWPOLYLINE
100
AcDbEntity
  8
0
100
AcDbPolyline
 90
4
 70
1
 10
-44.94
 20
-11.17
 10
-40.11
 20
-11.17
 10
-40.11
 20
-14.94
 10
-44.94
 20
-14.94
  0
LWPOLYLINE
100
AcDbEntity
  8
0
100
AcDbPolyline
 90
4
 70
1
 10
-49.89
 20
-11.17
 10
-45.06
 20
-11.17
 10
-45.06
 20
-14.94
 10
-49.89
 20
-14.94
  0
LWPOLYLINE
100
AcDbEntity
  8
0
100
AcDbPolyline
 90
4
 70
1
 10
-54.94
 20
-11.17
 10
-50.11
 20
-11.17
 10
-50.11
 20
-14.94
 10
-54.94
 20
-14.94
  0
LWPOLYLINE
100
AcDbEntity
  8
0
100
AcDbPolyline
 90
4
 70
1
 10
-59.89
 20
-11.17
 10
-55.06
 20
-11.17
 10
-55.06
 20
-14.94
 10
-59.89
 20
-14.94
  0
LWPOLYLINE
100
AcDbEntity
  8
0
100
AcDbPolyline
 90
4
 70
1
 10
-64.94
 20
-11.17
 10
-60.11
 20
-11.17
 10
-60.11
 20
-14.94
 10
-64.94
 20
-14.94
  0
LWPOLYLINE
100
AcDbEntity
  8
0
100
AcDbPolyline
 90
4
 70
1
 10
-69.89
 20
-11.17
 10
-65.06
 20
-11.17
 10
-65.06
 20
-14.94
 10
-69.89
 20
-14.94
  0
LWPOLYLINE
100
AcDbEntity
  8
0
100
AcDbPolyline
 90
4
 70
1
 10
-74.94
 20
-11.17
 10
-70.11
 20
-11.17
 10
-70.11
 20
-14.94
 10
-74.94
 20
-14.94
  0
LWPOLYLINE
100
AcDbEntity
  8
0
100
AcDbPolyline
 90
4
 70
1
 10
-79.89
 20
-11.17
 10
-75.06
 20
-11.17
 10
-75.06
 20
-14.94
 10
-79.89
 20
-14.94
  0
LWPOLYLINE
100
AcDbEntity
  8
0
100
AcDbPolyline
 90
4
 70
1
 10
-84.94
 20
-11.17
 10
-80.11
 20
-11.17
 10
-80.11
 20
-14.94
 10
-84.94
 20
-14.94
  0
LWPOLYLINE
100
AcDbEntity
  8
0
100
AcDbPolyline
 90
4
 70
1
 10
-89.89
 20
-11.17
 10
-85.06
 20
-11.17
 10
-85.06
 20
-14.94
 10
-89.89
 20
-14.94
  0
LWPOLYLINE
100
AcDbEntity
  8
0
100
AcDbPolyline
 90
4
 70
1
 10
-94.94
 20
-11.17
 10
-90.11
 20
-11.17
 10
-90.11
 20
-14.94
 10
-94.94
 20
-14.94
  0
LWPOLYLINE
100
AcDbEntity
  8
0
100
AcDbPolyline
 90
4
 70
1
 10
-99.89
 20
-11.17
 10
-95.06
 20
-11.17
 10
-95.06
 20
-14.94
 10
-99.89
 20
-14.94
  0
LWPOLYLINE
100
AcDbEntity
  8
0
100
AcDbPolyline
 90
4
 70
1
 10
-104.94
 20
-11.17
 10
-100.11
 20
-11.17
 10
-100.11
 20
-14.94
 10
-104.94
 20
-14.94
  0
LWPOLYLINE
100
AcDbEntity
  8
0
100
AcDbPolyline
 90
8
 70
1
 10
-147.075
 20
-11.17
 10
-105.06
 20
-11.17
 10
-105.06
 20
-185
 10
-105
 20
-185
 10
-105
 20
-185.06
 10
-12.925
 20
-185.06
 10
-12.925
 20
-308.83
 10
-147.075
 20
-308.83
  0
LWPOLYLINE
100
AcDbEntity
  8
0
100
AcDbPolyline
 90
4
 70
1
 10
-104.94
 20
-15.06
 10
-100.11
 20
-15.06
 10
-100.11
 20
-19.89
 10
-104.94
 20
-19.89
  0
LWPOLYLINE
100
AcDbEntity
  8
0
100
AcDbPolyline
 90
4
 70
1
 10
-99.89
 20
-15.06
 10
-95.06
 20
-15.06
 10
-95.06
 20
-19.89
 10
-99.89
 20
-19.89
  0
LWPOLYLINE
100
AcDbEntity
  8
0
100
AcDbPolyline
 90
4
 70
1
 10
-94.94
 20
-15.06
 10
-90.11
 20
-15.06
 10
-90.11
 20
-19.89
 10
-94.94
 20
-19.89
  0
LWPOLYLINE
100
AcDbEntity
  8
0
100
AcDbPolyline
 90
4
 70
1
 10
-89.89
 20
-15.06
 10
-85.06
 20
-15.06
 10
-85.06
 20
-19.89
 10
-89.89
 20
-19.89
  0
LWPOLYLINE
100
AcDbEntity
  8
0
100
AcDbPolyline
 90
4
 70
1
 10
-84.94
 20
-15.06
 10
-80.11
 20
-15.06
 10
-80.11
 20
-19.89
 10
-84.94
 20
-19.89
  0
LWPOLYLINE
100
AcDbEntity
  8
0
100
AcDbPolyline
 90
4
 70
1
 10
-79.89
 20
-15.06
 10
-75.06
 20
-15.06
 10
-75.06
 20
-19.89
 10
-79.89
 20
-19.89
  0
LWPOLYLINE
100
AcDbEntity
  8
0
100
AcDbPolyline
 90
4
 70
1
 10
-74.94
 20
-15.06
 10
-70.11
 20
-15.06
 10
-70.11
 20
-19.89
 10
-74.94
 20
-19.89
  0
LWPOLYLINE
100
AcDbEntity
  8
0
100
AcDbPolyline
 90
4
 70
1
 10
-69.89
 20
-15.06
 10
-65.06
 20
-15.06
 10
-65.06
 20
-19.89
 10
-69.89
 20
-19.89
  0
LWPOLYLINE
100
AcDbEntity
  8
0
100
AcDbPolyline
 90
4
 70
1
 10
-64.94
 20
-15.06
 10
-60.11
 20
-15.06
 10
-60.11
 20
-19.89
 10
-64.94
 20
-19.89
  0
LWPOLYLINE
100
AcDbEntity
  8
0
100
AcDbPolyline
 90
4
 70
1
 10
-59.89
 20
-15.06
 10
-55.06
 20
-15.06
 10
-55.06
 20
-19.89
 10
-59.89
 20
-19.89
  0
LWPOLYLINE
100
AcDbEntity
  8
0
100
AcDbPolyline
 90
4
 70
1
 10
-54.94
 20
-15.06
 10
-50.11
 20
-15.06
 10
-50.11
 20
-19.89
 10
-54.94
 20
-19.89
  0
LWPOLYLINE
100
AcDbEntity
  8
0
100
AcDbPolyline
 90
4
 70
1
 10
-49.89
 20
-15.06
 10
-45.06
 20
-15.06
 10
-45.06
 20
-19.89
 10
-49.89
 20
-19.89
  0
LWPOLYLINE
100
AcDbEntity
  8
0
100
AcDbPolyline
 90
4
 70
1
 10
-44.94
 20
-15.06
 10
-40.11
 20
-15.06
 10
-40.11
 20
-19.89
 10
-44.94
 20
-19.89
  0
LWPOLYLINE
100
AcDbEntity
  8
0
100
AcDbPolyline
 90
4
 70
1
 10
-39.89
 20
-15.06
 10
-35.06
 20
-15.06
 10
-35.06
 20
-19.89
 10
-39.89
 20
-19.89
  0
LWPOLYLINE
100
AcDbEntity
  8
0
100
AcDbPolyline
 90
4
 70
1
 10
-34.94
 20
-15.06
 10
-30.11
 20
-15.06
 10
-30.11
 20
-19.89
 10
-34.94
 20
-19.89
  0
LWPOLYLINE
100
AcDbEntity
  8
0
100
AcDbPolyline
 90
4
 70
1
 10
-29.89
 20
-15.06
 10
-25.06
 20
-15.06
 10
-25.06
 20
-19.89
 10
-29.89
 20
-19.89
  0
LWPOLYLINE
100
AcDbEntity
  8
0
100
AcDbPolyline
 90
4
 70
1
 10
-24.94
 20
-15.06
 10
-20.11
 20
-15.06
 10
-20.11
 20
-19.89
 10
-24.94
 20
-19.89
  0
LWPOLYLINE
100
AcDbEntity
  8
0
100
AcDbPolyline
 90
4
 70
1
 10
-19.89
 20
-15.06
 10
-15.06
 20
-15.06
 10
-15.06
 20
-19.89
 10
-19.89
 20
-19.89
  0
LWPOLYLINE
100
AcDbEntity
  8
0
100
AcDbPolyline
 90
4
 70
1
 10
-12.375
 20
-15.06
 10
-10.11
 20
-15.06
 10
-10.11
 20
-19.89
 10
-12.375
 20
-19.89
  0
LWPOLYLINE
100
AcDbEntity
  8
0
100
AcDbPolyline
 90
4
 70
1
 10
-9.89
 20
-15.06
 10
-5.06
 20
-15.06
 10
-5.06
 20
-19.89
 10
-9.89
 20
-19.89
  0
LWPOLYLINE
100
AcDbEntity
  8
0
100
AcDbPolyline
 90
4
 70
1
 10
0.425
 20
-15.06
 10
4.94
 20
-15.06
 10
4.94
 20
-19.89
 10
0.425
 20
-19.89
  0
LWPOLYLINE
100
AcDbEntity
  8
0
100
AcDbPolyline
 90
4
 70
1
 10
5.06
 20
-15.06
 10
9.89
 20
-15.06
 10
9.89
 20
-19.89
 10
5.06
 20
-19.89
  0
LWPOLYLINE
100
AcDbEntity
  8
0
100
AcDbPolyline
 90
4
 70
1
 10
10.11
 20
-15.06
 10
14.94
 20
-15.06
 10
14.94
 20
-19.89
 10
10.11
 20
-19.89
  0
LWPOLYLINE
100
AcDbEntity
  8
0
100
AcDbPolyline
 90
4
 70
1
 10
15.06
 20
-15.06
 10
19.89
 20
-15.06
 10
19.89
 20
-19.89
 10
15.06
 20
-19.89
  0
LWPOLYLINE
100
AcDbEntity
  8
0
100
AcDbPolyline
 90
4
 70
1
 10
20.11
 20
-15.06
 10
24.94
 20
-15.06
 10
24.94
 20
-19.89
 10
20.11
 20
-19.89
  0
LWPOLYLINE
100
AcDbEntity
  8
0
100
AcDbPolyline
 90
4
 70
1
 10
25.06
 20
-15.06
 10
29.89
 20
-15.06
 10
29.89
 20
-19.89
 10
25.06
 20
-19.89
  0
LWPOLYLINE
100
AcDbEntity
  8
0
100
AcDbPolyline
 90
4
 70
1
 10
30.11
 20
-15.06
 10
34.94
 20
-15.06
 10
34.94
 20
-19.89
 10
30.11
 20
-19.89
  0
LWPOLYLINE
100
AcDbEntity
  8
0
100
AcDbPolyline
 90
4
 70
1
 10
35.06
 20
-15.06
 10
39.89
 20
-15.06
 10
39.89
 20
-19.89
 10
35.06
 20
-19.89
  0
LWPOLYLINE
100
AcDbEntity
  8
0
100
AcDbPolyline
 90
4
 70
1
 10
40.11
 20
-15.06
 10
44.94
 20
-15.06
 10
44.94
 20
-19.89
 10
40.11
 20
-19.89
  0
LWPOLYLINE
100
AcDbEntity
  8
0
100
AcDbPolyline
 90
4
 70
1
 10
45.06
 20
-15.06
 10
49.89
 20
-15.06
 10
49.89
 20
-19.89
 10
45.06
 20
-19.89
  0
LWPOLYLINE
100
AcDbEntity
  8
0
100
AcDbPolyline
 90
4
 70
1
 10
50.11
 20
-15.06
 10
54.94
 20
-15.06
 10
54.94
 20
-19.89
 10
50.11
 20
-19.89
  0
LWPOLYLINE
100
AcDbEntity
  8
0
100
AcDbPolyline
 90
4
 70
1
 10
55.06
 20
-15.06
 10
59.89
 20
-15.06
 10
59.89
 20
-19.89
 10
55.06
 20
-19.89
  0
LWPOLYLINE
100
AcDbEntity
  8
0
100
AcDbPolyline
 90
4
 70
1
 10
60.11
 20
-15.06
 10
64.94
 20
-15.06
 10
64.94
 20
-19.89
 10
60.11
 20
-19.89
  0
LWPOLYLINE
100
AcDbEntity
  8
0
100
AcDbPolyline
 90
4
 70
1
 10
65.06
 20
-15.06
 10
69.89
 20
-15.06
 10
69.89
 20
-19.89
 10
65.06
 20
-19.89
  0
LWPOLYLINE
100
AcDbEntity
  8
0
100
AcDbPolyline
 90
4
 70
1
 10
70.11
 20
-15.06
 10
74.94
 20
-15.06
 10
74.94
 20
-19.89
 10
70.11
 20
-19.89
  0
LWPOLYLINE
100
AcDbEntity
  8
0
100
AcDbPolyline
 90
4
 70
1
 10
75.06
 20
-15.06
 10
79.89
 20
-15.06
 10
79.89
 20
-19.89
 10
75.06
 20
-19.89
  0
LWPOLYLINE
100
AcDbEntity
  8
0
100
AcDbPolyline
 90
4
 70
1
 10
80.11
 20
-15.06
 10
84.94
 20
-15.06
 10
84.94
 20
-19.89
 10
80.11
 20
-19.89
  0
LWPOLYLINE
100
AcDbEntity
  8
0
100
AcDbPolyline
 90
4
 70
1
 10
85.06
 20
-15.06
 10
89.89
 20
-15.06
 10
89.89
 20
-19.89
 10
85.06
 20
-19.89
  0
LWPOLYLINE
100
AcDbEntity
  8
0
100
AcDbPolyline
 90
4
 70
1
 10
90.11
 20
-15.06
 10
94.94
 20
-15.06
 10
94.94
 20
-19.89
 10
90.11
 20
-19.89
  0
LWPOLYLINE
100
AcDbEntity
  8
0
100
AcDbPolyline
 90
4
 70
1
 10
95.06
 20
-15.06
 10
99.89
 20
-15.06
 10
99.89
 20
-19.89
 10
95.06
 20
-19.89
  0
LWPOLYLINE
100
AcDbEntity
  8
0
100
AcDbPolyline
 90
4
 70
1
 10
100.11
 20
-15.06
 10
104.94
 20
-15.06
 10
104.94
 20
-19.89
 10
100.11
 20
-19.89
  0
LWPOLYLINE
100
AcDbEntity
  8
0
100
AcDbPolyline
 90
4
 70
1
 10
-1.39766
 20
-15.06
 10
-0.7
 20
-15.06
 10
-0.7
 20
-19.89
 10
-1.39766
 20
-19.89
  0
LWPOLYLINE
100
AcDbEntity
  8
0
100
AcDbPolyline
 90
4
 70
1
 10
-4.94
 20
-15.06
 10
-1.84766
 20
-15.06
 10
-1.84766
 20
-19.89
 10
-4.94
 20
-19.89
  0
LWPOLYLINE
100
AcDbEntity
  8
0
100
AcDbPolyline
 90
4
 70
1
 10
-14.94
 20
-15.06
 10
-12.925
 20
-15.06
 10
-12.925
 20
-19.89
 10
-14.94
 20
-19.89
  0
LWPOLYLINE
100
AcDbEntity
  8
0
100
AcDbPolyline
 90
4
 70
1
 10
-104.94
 20
-20.11
 10
-100.11
 20
-20.11
 10
-100.11
 20
-24.94
 10
-104.94
 20
-24.94
  0
LWPOLYLINE
100
AcDbEntity
  8
0
100
AcDbPolyline
 90
4
 70
1
 10
-99.89
 20
-20.11
 10
-95.06
 20
-20.11
 10
-95.06
 20
-24.94
 10
-99.89
 20
-24.94
  0
LWPOLYLINE
100
AcDbEntity
  8
0
100
AcDbPolyline
 90
4
 70
1
 10
-94.94
 20
-20.11
 10
-90.11
 20
-20.11
 10
-90.11
 20
-24.94
 10
-94.94
 20
-24.94
  0
LWPOLYLINE
100
AcDbEntity
  8
0
100
AcDbPolyline
 90
4
 70
1
 10
-89.89
 20
-20.11
 10
-85.06
 20
-20.11
 10
-85.06
 20
-24.94
 10
-89.89
 20
-24.94
  0
LWPOLYLINE
100
AcDbEntity
  8
0
100
AcDbPolyline
 90
4
 70
1
 10
-84.94
 20
-20.11
 10
-80.11
 20
-20.11
 10
-80.11
 20
-24.94
 10
-84.94
 20
-24.94
  0
LWPOLYLINE
100
AcDbEntity
  8
0
100
AcDbPolyline
 90
4
 70
1
 10
-79.89
 20
-20.11
 10
-75.06
 20
-20.11
 10
-75.06
 20
-24.94
 10
-79.89
 20
-24.94
  0
LWPOLYLINE
100
AcDbEntity
  8
0
100
AcDbPolyline
 90
4
 70
1
 10
-74.94
 20
-20.11
 10
-70.11
 20
-20.11
 10
-70.11
 20
-24.94
 10
-74.94
 20
-24.94
  0
LWPOLYLINE
100
AcDbEntity
  8
0
100
AcDbPolyline
 90
4
 70
1
 10
-69.89
 20
-20.11
 10
-65.06
 20
-20.11
 10
-65.06
 20
-24.94
 10
-69.89
 20
-24.94
  0
LWPOLYLINE
100
AcDbEntity
  8
0
100
AcDbPolyline
 90
4
 70
1
 10
-64.94
 20
-20.11
 10
-60.11
 20
-20.11
 10
-60.11
 20
-24.94
 10
-64.94
 20
-24.94
  0
LWPOLYLINE
100
AcDbEntity
  8
0
100
AcDbPolyline
 90
4
 70
1
 10
-59.89
 20
-20.11
 10
-55.06
 20
-20.11
 10
-55.06
 20
-24.94
 10
-59.89
 20
-24.94
  0
LWPOLYLINE
100
AcDbEntity
  8
0
100
AcDbPolyline
 90
4
 70
1
 10
-54.94
 20
-20.11
 10
-50.11
 20
-20.11
 10
-50.11
 20
-24.94
 10
-54.94
 20
-24.94
  0
LWPOLYLINE
100
AcDbEntity
  8
0
100
AcDbPolyline
 90
4
 70
1
 10
-49.89
 20
-20.11
 10
-45.06
 20
-20.11
 10
-45.06
 20
-24.94
 10
-49.89
 20
-24.94
  0
LWPOLYLINE
100
AcDbEntity
  8
0
100
AcDbPolyline
 90
4
 70
1
 10
-44.94
 20
-20.11
 10
-40.11
 20
-20.11
 10
-40.11
 20
-24.94
 10
-44.94
 20
-24.94
  0
LWPOLYLINE
100
AcDbEntity
  8
0
100
AcDbPolyline
 90
4
 70
1
 10
-39.89
 20
-20.11
 10
-35.06
 20
-20.11
 10
-35.06
 20
-24.94
 10
-39.89
 20
-24.94
  0
LWPOLYLINE
100
AcDbEntity
  8
0
100
AcDbPolyline
 90
4
 70
1
 10
-34.94
 20
-20.11
 10
-30.11
 20
-20.11
 10
-30.11
 20
-24.94
 10
-34.94
 20
-24.94
  0
LWPOLYLINE
100
AcDbEntity
  8
0
100
AcDbPolyline
 90
4
 70
1
 10
-29.89
 20
-20.11
 10
-25.06
 20
-20.11
 10
-25.06
 20
-24.94
 10
-29.89
 20
-24.94
  0
LWPOLYLINE
100
AcDbEntity
  8
0
100
AcDbPolyline
 90
4
 70
1
 10
-24.94
 20
-20.11
 10
-20.11
 20
-20.11
 10
-20.11
 20
-24.94
 10
-24.94
 20
-24.94
  0
LWPOLYLINE
100
AcDbEntity
  8
0
100
AcDbPolyline
 90
4
 70
1
 10
-19.89
 20
-20.11
 10
-15.06
 20
-20.11
 10
-15.06
 20
-24.94
 10
-19.89
 20
-24.94
  0
LWPOLYLINE
100
AcDbEntity
  8
0
100
AcDbPolyline
 90
4
 70
1
 10
-12.375
 20
-20.11
 10
-10.11
 20
-20.11
 10
-10.11
 20
-24.94
 10
-12.375
 20
-24.94
  0
LWPOLYLINE
100
AcDbEntity
  8
0
100
AcDbPolyline
 90
4
 70
1
 10
-9.89
 20
-20.11
 10
-5.06
 20
-20.11
 10
-5.06
 20
-24.94
 10
-9.89
 20
-24.94
  0
LWPOLYLINE
100
AcDbEntity
  8
0
100
AcDbPolyline
 90
4
 70
1
 10
0.425
 20
-20.11
 10
4.94
 20
-20.11
 10
4.94
 20
-24.94
 10
0.425
 20
-24.94
  0
LWPOLYLINE
100
AcDbEntity
  8
0
100
AcDbPolyline
 90
4
 70
1
 10
5.06
 20
-20.11
 10
9.89
 20
-20.11
 10
9.89
 20
-24.94
 10
5.06
 20
-24.94
  0
LWPOLYLINE
100
AcDbEntity
  8
0
100
AcDbPolyline
 90
4
 70
1
 10
10.11
 20
-20.11
 10
14.94
 20
-20.11
 10
14.94
 20
-24.94
 10
10.11
 20
-24.94
  0
LWPOLYLINE
100
AcDbEntity
  8
0
100
AcDbPolyline
 90
4
 70
1
 10
15.06
 20
-20.11
 10
19.89
 20
-20.11
 10
19.89
 20
-24.94
 10
15.06
 20
-24.94
  0
LWPOLYLINE
100
AcDbEntity
  8
0
100
AcDbPolyline
 90
4
 70
1
 10
20.11
 20
-20.11
 10
24.94
 20
-20.11
 10
24.94
 20
-24.94
 10
20.11
 20
-24.94
  0
LWPOLYLINE
100
AcDbEntity
  8
0
100
AcDbPolyline
 90
4
 70
1
 10
25.06
 20
-20.11
 10
29.89
 20
-20.11
 10
29.89
 20
-24.94
 10
25.06
 20
-24.94
  0
LWPOLYLINE
100
AcDbEntity
  8
0
100
AcDbPolyline
 90
4
 70
1
 10
30.11
 20
-20.11
 10
34.94
 20
-20.11
 10
34.94
 20
-24.94
 10
30.11
 20
-24.94
  0
LWPOLYLINE
100
AcDbEntity
  8
0
100
AcDbPolyline
 90
4
 70
1
 10
35.06
 20
-20.11
 10
39.89
 20
-20.11
 10
39.89
 20
-24.94
 10
35.06
 20
-24.94
  0
LWPOLYLINE
100
AcDbEntity
  8
0
100
AcDbPolyline
 90
4
 70
1
 10
40.11
 20
-20.11
 10
44.94
 20
-20.11
 10
44.94
 20
-24.94
 10
40.11
 20
-24.94
  0
LWPOLYLINE
100
AcDbEntity
  8
0
100
AcDbPolyline
 90
4
 70
1
 10
45.06
 20
-20.11
 10
49.89
 20
-20.11
 10
49.89
 20
-24.94
 10
45.06
 20
-24.94
  0
LWPOLYLINE
100
AcDbEntity
  8
0
100
AcDbPolyline
 90
4
 70
1
 10
50.11
 20
-20.11
 10
54.94
 20
-20.11
 10
54.94
 20
-24.94
 10
50.11
 20
-24.94
  0
LWPOLYLINE
100
AcDbEntity
  8
0
100
AcDbPolyline
 90
4
 70
1
 10
55.06
 20
-20.11
 10
59.89
 20
-20.11
 10
59.89
 20
-24.94
 10
55.06
 20
-24.94
  0
LWPOLYLINE
100
AcDbEntity
  8
0
100
AcDbPolyline
 90
4
 70
1
 10
60.11
 20
-20.11
 10
64.94
 20
-20.11
 10
64.94
 20
-24.94
 10
60.11
 20
-24.94
  0
LWPOLYLINE
100
AcDbEntity
  8
0
100
AcDbPolyline
 90
4
 70
1
 10
65.06
 20
-20.11
 10
69.89
 20
-20.11
 10
69.89
 20
-24.94
 10
65.06
 20
-24.94
  0
LWPOLYLINE
100
AcDbEntity
  8
0
100
AcDbPolyline
 90
4
 70
1
 10
70.11
 20
-20.11
 10
74.94
 20
-20.11
 10
74.94
 20
-24.94
 10
70.11
 20
-24.94
  0
LWPOLYLINE
100
AcDbEntity
  8
0
100
AcDbPolyline
 90
4
 70
1
 10
75.06
 20
-20.11
 10
79.89
 20
-20.11
 10
79.89
 20
-24.94
 10
75.06
 20
-24.94
  0
LWPOLYLINE
100
AcDbEntity
  8
0
100
AcDbPolyline
 90
4
 70
1
 10
80.11
 20
-20.11
 10
84.94
 20
-20.11
 10
84.94
 20
-24.94
 10
80.11
 20
-24.94
  0
LWPOLYLINE
100
AcDbEntity
  8
0
100
AcDbPolyline
 90
4
 70
1
 10
85.06
 20
-20.11
 10
89.89
 20
-20.11
 10
89.89
 20
-24.94
 10
85.06
 20
-24.94
  0
LWPOLYLINE
100
AcDbEntity
  8
0
100
AcDbPolyline
 90
4
 70
1
 10
90.11
 20
-20.11
 10
94.94
 20
-20.11
 10
94.94
 20
-24.94
 10
90.11
 20
-24.94
  0
LWPOLYLINE
100
AcDbEntity
  8
0
100
AcDbPolyline
 90
4
 70
1
 10
95.06
 20
-20.11
 10
99.89
 20
-20.11
 10
99.89
 20
-24.94
 10
95.06
 20
-24.94
  0
LWPOLYLINE
100
AcDbEntity
  8
0
100
AcDbPolyline
 90
4
 70
1
 10
100.11
 20
-20.11
 10
104.94
 20
-20.11
 10
104.94
 20
-24.94
 10
100.11
 20
-24.94
  0
LWPOLYLINE
100
AcDbEntity
  8
0
100
AcDbPolyline
 90
4
 70
1
 10
-1.39766
 20
-20.11
 10
-0.7
 20
-20.11
 10
-0.7
 20
-24.94
 10
-1.39766
 20
-24.94
  0
LWPOLYLINE
100
AcDbEntity
  8
0
100
AcDbPolyline
 90
4
 70
1
 10
-4.94
 20
-20.11
 10
-1.84766
 20
-20.11
 10
-1.84766
 20
-24.94
 10
-4.94
 20
-24.94
  0
LWPOLYLINE
100
AcDbEntity
  8
0
100
AcDbPolyline
 90
4
 70
1
 10
-14.94
 20
-20.11
 10
-12.925
 20
-20.11
 10
-12.925
 20
-24.94
 10
-14.94
 20
-24.94
  0
LWPOLYLINE
100
AcDbEntity
  8
0
100
AcDbPolyline
 90
4
 70
1
 10
-104.94
 20
-25.06
 10
-100.11
 20
-25.06
 10
-100.11
 20
-29.89
 10
-104.94
 20
-29.89
  0
LWPOLYLINE
100
AcDbEntity
  8
0
100
AcDbPolyline
 90
4
 70
1
 10
-99.89
 20
-25.06
 10
-95.06
 20
-25.06
 10
-95.06
 20
-29.89
 10
-99.89
 20
-29.89
  0
LWPOLYLINE
100
AcDbEntity
  8
0
100
AcDbPolyline
 90
4
 70
1
 10
-94.94
 20
-25.06
 10
-90.11
 20
-25.06
 10
-90.11
 20
-29.89
 10
-94.94
 20
-29.89
  0
LWPOLYLINE
100
AcDbEntity
  8
0
100
AcDbPolyline
 90
4
 70
1
 10
-89.89
 20
-25.06
 10
-85.06
 20
-25.06
 10
-85.06
 20
-29.89
 10
-89.89
 20
-29.89
  0
LWPOLYLINE
100
AcDbEntity
  8
0
100
AcDbPolyline
 90
4
 70
1
 10
-84.94
 20
-25.06
 10
-80.11
 20
-25.06
 10
-80.11
 20
-29.89
 10
-84.94
 20
-29.89
  0
LWPOLYLINE
100
AcDbEntity
  8
0
100
AcDbPolyline
 90
4
 70
1
 10
-79.89
 20
-25.06
 10
-75.06
 20
-25.06
 10
-75.06
 20
-29.89
 10
-79.89
 20
-29.89
  0
LWPOLYLINE
100
AcDbEntity
  8
0
100
AcDbPolyline
 90
4
 70
1
 10
-74.94
 20
-25.06
 10
-70.11
 20
-25.06
 10
-70.11
 20
-29.89
 10
-74.94
 20
-29.89
  0
LWPOLYLINE
100
AcDbEntity
  8
0
100
AcDbPolyline
 90
4
 70
1
 10
-69.89
 20
-25.06
 10
-65.06
 20
-25.06
 10
-65.06
 20
-29.89
 10
-69.89
 20
-29.89
  0
LWPOLYLINE
100
AcDbEntity
  8
0
100
AcDbPolyline
 90
4
 70
1
 10
-64.94
 20
-25.06
 10
-60.11
 20
-25.06
 10
-60.11
 20
-29.89
 10
-64.94
 20
-29.89
  0
LWPOLYLINE
100
AcDbEntity
  8
0
100
AcDbPolyline
 90
4
 70
1
 10
-59.89
 20
-25.06
 10
-55.06
 20
-25.06
 10
-55.06
 20
-29.89
 10
-59.89
 20
-29.89
  0
LWPOLYLINE
100
AcDbEntity
  8
0
100
AcDbPolyline
 90
4
 70
1
 10
-54.94
 20
-25.06
 10
-50.11
 20
-25.06
 10
-50.11
 20
-29.89
 10
-54.94
 20
-29.89
  0
LWPOLYLINE
100
AcDbEntity
  8
0
100
AcDbPolyline
 90
4
 70
1
 10
-49.89
 20
-25.06
 10
-45.06
 20
-25.06
 10
-45.06
 20
-29.89
 10
-49.89
 20
-29.89
  0
LWPOLYLINE
100
AcDbEntity
  8
0
100
AcDbPolyline
 90
4
 70
1
 10
-44.94
 20
-25.06
 10
-40.11
 20
-25.06
 10
-40.11
 20
-29.89
 10
-44.94
 20
-29.89
  0
LWPOLYLINE
100
AcDbEntity
  8
0
100
AcDbPolyline
 90
4
 70
1
 10
-39.89
 20
-25.06
 10
-35.06
 20
-25.06
 10
-35.06
 20
-29.89
 10
-39.89
 20
-29.89
  0
LWPOLYLINE
100
AcDbEntity
  8
0
100
AcDbPolyline
 90
4
 70
1
 10
-34.94
 20
-25.06
 10
-30.11
 20
-25.06
 10
-30.11
 20
-29.89
 10
-34.94
 20
-29.89
  0
LWPOLYLINE
100
AcDbEntity
  8
0
100
AcDbPolyline
 90
4
 70
1
 10
-29.89
 20
-25.06
 10
-25.06
 20
-25.06
 10
-25.06
 20
-29.89
 10
-29.89
 20
-29.89
  0
LWPOLYLINE
100
AcDbEntity
  8
0
100
AcDbPolyline
 90
4
 70
1
 10
-24.94
 20
-25.06
 10
-20.11
 20
-25.06
 10
-20.11
 20
-29.89
 10
-24.94
 20
-29.89
  0
LWPOLYLINE
100
AcDbEntity
  8
0
100
AcDbPolyline
 90
4
 70
1
 10
-19.89
 20
-25.06
 10
-15.06
 20
-25.06
 10
-15.06
 20
-29.89
 10
-19.89
 20
-29.89
  0
LWPOLYLINE
100
AcDbEntity
  8
0
100
AcDbPolyline
 90
4
 70
1
 10
-12.375
 20
-25.06
 10
-10.11
 20
-25.06
 10
-10.11
 20
-29.89
 10
-12.375
 20
-29.89
  0
LWPOLYLINE
100
AcDbEntity
  8
0
100
AcDbPolyline
 90
4
 70
1
 10
-9.89
 20
-25.06
 10
-5.06
 20
-25.06
 10
-5.06
 20
-29.89
 10
-9.89
 20
-29.89
  0
LWPOLYLINE
100
AcDbEntity
  8
0
100
AcDbPolyline
 90
4
 70
1
 10
0.425
 20
-25.06
 10
4.94
 20
-25.06
 10
4.94
 20
-29.89
 10
0.425
 20
-29.89
  0
LWPOLYLINE
100
AcDbEntity
  8
0
100
AcDbPolyline
 90
4
 70
1
 10
5.06
 20
-25.06
 10
9.89
 20
-25.06
 10
9.89
 20
-29.89
 10
5.06
 20
-29.89
  0
LWPOLYLINE
100
AcDbEntity
  8
0
100
AcDbPolyline
 90
4
 70
1
 10
10.11
 20
-25.06
 10
14.94
 20
-25.06
 10
14.94
 20
-29.89
 10
10.11
 20
-29.89
  0
LWPOLYLINE
100
AcDbEntity
  8
0
100
AcDbPolyline
 90
4
 70
1
 10
15.06
 20
-25.06
 10
19.89
 20
-25.06
 10
19.89
 20
-29.89
 10
15.06
 20
-29.89
  0
LWPOLYLINE
100
AcDbEntity
  8
0
100
AcDbPolyline
 90
4
 70
1
 10
20.11
 20
-25.06
 10
24.94
 20
-25.06
 10
24.94
 20
-29.89
 10
20.11
 20
-29.89
  0
LWPOLYLINE
100
AcDbEntity
  8
0
100
AcDbPolyline
 90
4
 70
1
 10
25.06
 20
-25.06
 10
29.89
 20
-25.06
 10
29.89
 20
-29.89
 10
25.06
 20
-29.89
  0
LWPOLYLINE
100
AcDbEntity
  8
0
100
AcDbPolyline
 90
4
 70
1
 10
30.11
 20
-25.06
 10
34.94
 20
-25.06
 10
34.94
 20
-29.89
 10
30.11
 20
-29.89
  0
LWPOLYLINE
100
AcDbEntity
  8
0
100
AcDbPolyline
 90
4
 70
1
 10
35.06
 20
-25.06
 10
39.89
 20
-25.06
 10
39.89
 20
-29.89
 10
35.06
 20
-29.89
  0
LWPOLYLINE
100
AcDbEntity
  8
0
100
AcDbPolyline
 90
4
 70
1
 10
40.11
 20
-25.06
 10
44.94
 20
-25.06
 10
44.94
 20
-29.89
 10
40.11
 20
-29.89
  0
LWPOLYLINE
100
AcDbEntity
  8
0
100
AcDbPolyline
 90
4
 70
1
 10
45.06
 20
-25.06
 10
49.89
 20
-25.06
 10
49.89
 20
-29.89
 10
45.06
 20
-29.89
  0
LWPOLYLINE
100
AcDbEntity
  8
0
100
AcDbPolyline
 90
4
 70
1
 10
50.11
 20
-25.06
 10
54.94
 20
-25.06
 10
54.94
 20
-29.89
 10
50.11
 20
-29.89
  0
LWPOLYLINE
100
AcDbEntity
  8
0
100
AcDbPolyline
 90
4
 70
1
 10
55.06
 20
-25.06
 10
59.89
 20
-25.06
 10
59.89
 20
-29.89
 10
55.06
 20
-29.89
  0
LWPOLYLINE
100
AcDbEntity
  8
0
100
AcDbPolyline
 90
4
 70
1
 10
60.11
 20
-25.06
 10
64.94
 20
-25.06
 10
64.94
 20
-29.89
 10
60.11
 20
-29.89
  0
LWPOLYLINE
100
AcDbEntity
  8
0
100
AcDbPolyline
 90
4
 70
1
 10
65.06
 20
-25.06
 10
69.89
 20
-25.06
 10
69.89
 20
-29.89
 10
65.06
 20
-29.89
  0
LWPOLYLINE
100
AcDbEntity
  8
0
100
AcDbPolyline
 90
4
 70
1
 10
70.11
 20
-25.06
 10
74.94
 20
-25.06
 10
74.94
 20
-29.89
 10
70.11
 20
-29.89
  0
LWPOLYLINE
100
AcDbEntity
  8
0
100
AcDbPolyline
 90
4
 70
1
 10
75.06
 20
-25.06
 10
79.89
 20
-25.06
 10
79.89
 20
-29.89
 10
75.06
 20
-29.89
  0
LWPOLYLINE
100
AcDbEntity
  8
0
100
AcDbPolyline
 90
4
 70
1
 10
80.11
 20
-25.06
 10
84.94
 20
-25.06
 10
84.94
 20
-29.89
 10
80.11
 20
-29.89
  0
LWPOLYLINE
100
AcDbEntity
  8
0
100
AcDbPolyline
 90
4
 70
1
 10
85.06
 20
-25.06
 10
89.89
 20
-25.06
 10
89.89
 20
-29.89
 10
85.06
 20
-29.89
  0
LWPOLYLINE
100
AcDbEntity
  8
0
100
AcDbPolyline
 90
4
 70
1
 10
90.11
 20
-25.06
 10
94.94
 20
-25.06
 10
94.94
 20
-29.89
 10
90.11
 20
-29.89
  0
LWPOLYLINE
100
AcDbEntity
  8
0
100
AcDbPolyline
 90
4
 70
1
 10
95.06
 20
-25.06
 10
99.89
 20
-25.06
 10
99.89
 20
-29.89
 10
95.06
 20
-29.89
  0
LWPOLYLINE
100
AcDbEntity
  8
0
100
AcDbPolyline
 90
4
 70
1
 10
100.11
 20
-25.06
 10
104.94
 20
-25.06
 10
104.94
 20
-29.89
 10
100.11
 20
-29.89
  0
LWPOLYLINE
100
AcDbEntity
  8
0
100
AcDbPolyline
 90
4
 70
1
 10
-1.39766
 20
-25.06
 10
-0.7
 20
-25.06
 10
-0.7
 20
-29.89
 10
-1.39766
 20
-29.89
  0
LWPOLYLINE
100
AcDbEntity
  8
0
100
AcDbPolyline
 90
4
 70
1
 10
-4.94
 20
-25.06
 10
-1.84766
 20
-25.06
 10
-1.84766
 20
-29.89
 10
-4.94
 20
-29.89
  0
LWPOLYLINE
100
AcDbEntity
  8
0
100
AcDbPolyline
 90
4
 70
1
 10
-14.94
 20
-25.06
 10
-12.925
 20
-25.06
 10
-12.925
 20
-29.89
 10
-14.94
 20
-29.89
  0
LWPOLYLINE
100
AcDbEntity
  8
0
100
AcDbPolyline
 90
4
 70
1
 10
-104.94
 20
-30.11
 10
-100.11
 20
-30.11
 10
-100.11
 20
-34.94
 10
-104.94
 20
-34.94
  0
LWPOLYLINE
100
AcDbEntity
  8
0
100
AcDbPolyline
 90
4
 70
1
 10
-99.89
 20
-30.11
 10
-95.06
 20
-30.11
 10
-95.06
 20
-34.94
 10
-99.89
 20
-34.94
  0
LWPOLYLINE
100
AcDbEntity
  8
0
100
AcDbPolyline
 90
4
 70
1
 10
-94.94
 20
-30.11
 10
-90.11
 20
-30.11
 10
-90.11
 20
-34.94
 10
-94.94
 20
-34.94
  0
LWPOLYLINE
100
AcDbEntity
  8
0
100
AcDbPolyline
 90
4
 70
1
 10
-89.89
 20
-30.11
 10
-85.06
 20
-30.11
 10
-85.06
 20
-34.94
 10
-89.89
 20
-34.94
  0
LWPOLYLINE
100
AcDbEntity
  8
0
100
AcDbPolyline
 90
4
 70
1
 10
-84.94
 20
-30.11
 10
-80.11
 20
-30.11
 10
-80.11
 20
-34.94
 10
-84.94
 20
-34.94
  0
LWPOLYLINE
100
AcDbEntity
  8
0
100
AcDbPolyline
 90
4
 70
1
 10
-79.89
 20
-30.11
 10
-75.06
 20
-30.11
 10
-75.06
 20
-34.94
 10
-79.89
 20
-34.94
  0
LWPOLYLINE
100
AcDbEntity
  8
0
100
AcDbPolyline
 90
4
 70
1
 10
-74.94
 20
-30.11
 10
-70.11
 20
-30.11
 10
-70.11
 20
-34.94
 10
-74.94
 20
-34.94
  0
LWPOLYLINE
100
AcDbEntity
  8
0
100
AcDbPolyline
 90
4
 70
1
 10
-69.89
 20
-30.11
 10
-65.06
 20
-30.11
 10
-65.06
 20
-34.94
 10
-69.89
 20
-34.94
  0
LWPOLYLINE
100
AcDbEntity
  8
0
100
AcDbPolyline
 90
4
 70
1
 10
-64.94
 20
-30.11
 10
-60.11
 20
-30.11
 10
-60.11
 20
-34.94
 10
-64.94
 20
-34.94
  0
LWPOLYLINE
100
AcDbEntity
  8
0
100
AcDbPolyline
 90
4
 70
1
 10
-59.89
 20
-30.11
 10
-55.06
 20
-30.11
 10
-55.06
 20
-34.94
 10
-59.89
 20
-34.94
  0
LWPOLYLINE
100
AcDbEntity
  8
0
100
AcDbPolyline
 90
4
 70
1
 10
-54.94
 20
-30.11
 10
-50.11
 20
-30.11
 10
-50.11
 20
-34.94
 10
-54.94
 20
-34.94
  0
LWPOLYLINE
100
AcDbEntity
  8
0
100
AcDbPolyline
 90
4
 70
1
 10
-49.89
 20
-30.11
 10
-45.06
 20
-30.11
 10
-45.06
 20
-34.94
 10
-49.89
 20
-34.94
  0
LWPOLYLINE
100
AcDbEntity
  8
0
100
AcDbPolyline
 90
4
 70
1
 10
-44.94
 20
-30.11
 10
-40.11
 20
-30.11
 10
-40.11
 20
-34.94
 10
-44.94
 20
-34.94
  0
LWPOLYLINE
100
AcDbEntity
  8
0
100
AcDbPolyline
 90
4
 70
1
 10
-39.89
 20
-30.11
 10
-35.06
 20
-30.11
 10
-35.06
 20
-34.94
 10
-39.89
 20
-34.94
  0
LWPOLYLINE
100
AcDbEntity
  8
0
100
AcDbPolyline
 90
4
 70
1
 10
-34.94
 20
-30.11
 10
-30.11
 20
-30.11
 10
-30.11
 20
-34.94
 10
-34.94
 20
-34.94
  0
LWPOLYLINE
100
AcDbEntity
  8
0
100
AcDbPolyline
 90
4
 70
1
 10
-29.89
 20
-30.11
 10
-25.06
 20
-30.11
 10
-25.06
 20
-34.94
 10
-29.89
 20
-34.94
  0
LWPOLYLINE
100
AcDbEntity
  8
0
100
AcDbPolyline
 90
4
 70
1
 10
-24.94
 20
-30.11
 10
-20.11
 20
-30.11
 10
-20.11
 20
-34.94
 10
-24.94
 20
-34.94
  0
LWPOLYLINE
100
AcDbEntity
  8
0
100
AcDbPolyline
 90
4
 70
1
 10
-19.89
 20
-30.11
 10
-15.06
 20
-30.11
 10
-15.06
 20
-34.94
 10
-19.89
 20
-34.94
  0
LWPOLYLINE
100
AcDbEntity
  8
0
100
AcDbPolyline
 90
4
 70
1
 10
-12.375
 20
-30.11
 10
-10.11
 20
-30.11
 10
-10.11
 20
-34.94
 10
-12.375
 20
-34.94
  0
LWPOLYLINE
100
AcDbEntity
  8
0
100
AcDbPolyline
 90
4
 70
1
 10
-9.89
 20
-30.11
 10
-5.06
 20
-30.11
 10
-5.06
 20
-34.94
 10
-9.89
 20
-34.94
  0
LWPOLYLINE
100
AcDbEntity
  8
0
100
AcDbPolyline
 90
4
 70
1
 10
0.425
 20
-30.11
 10
4.94
 20
-30.11
 10
4.94
 20
-34.94
 10
0.425
 20
-34.94
  0
LWPOLYLINE
100
AcDbEntity
  8
0
100
AcDbPolyline
 90
4
 70
1
 10
5.06
 20
-30.11
 10
9.89
 20
-30.11
 10
9.89
 20
-34.94
 10
5.06
 20
-34.94
  0
LWPOLYLINE
100
AcDbEntity
  8
0
100
AcDbPolyline
 90
4
 70
1
 10
10.11
 20
-30.11
 10
14.94
 20
-30.11
 10
14.94
 20
-34.94
 10
10.11
 20
-34.94
  0
LWPOLYLINE
100
AcDbEntity
  8
0
100
AcDbPolyline
 90
4
 70
1
 10
15.06
 20
-30.11
 10
19.89
 20
-30.11
 10
19.89
 20
-34.94
 10
15.06
 20
-34.94
  0
LWPOLYLINE
100
AcDbEntity
  8
0
100
AcDbPolyline
 90
4
 70
1
 10
20.11
 20
-30.11
 10
24.94
 20
-30.11
 10
24.94
 20
-34.94
 10
20.11
 20
-34.94
  0
LWPOLYLINE
100
AcDbEntity
  8
0
100
AcDbPolyline
 90
4
 70
1
 10
25.06
 20
-30.11
 10
29.89
 20
-30.11
 10
29.89
 20
-34.94
 10
25.06
 20
-34.94
  0
LWPOLYLINE
100
AcDbEntity
  8
0
100
AcDbPolyline
 90
4
 70
1
 10
30.11
 20
-30.11
 10
34.94
 20
-30.11
 10
34.94
 20
-34.94
 10
30.11
 20
-34.94
  0
LWPOLYLINE
100
AcDbEntity
  8
0
100
AcDbPolyline
 90
4
 70
1
 10
35.06
 20
-30.11
 10
39.89
 20
-30.11
 10
39.89
 20
-34.94
 10
35.06
 20
-34.94
  0
LWPOLYLINE
100
AcDbEntity
  8
0
100
AcDbPolyline
 90
4
 70
1
 10
40.11
 20
-30.11
 10
44.94
 20
-30.11
 10
44.94
 20
-34.94
 10
40.11
 20
-34.94
  0
LWPOLYLINE
100
AcDbEntity
  8
0
100
AcDbPolyline
 90
4
 70
1
 10
45.06
 20
-30.11
 10
49.89
 20
-30.11
 10
49.89
 20
-34.94
 10
45.06
 20
-34.94
  0
LWPOLYLINE
100
AcDbEntity
  8
0
100
AcDbPolyline
 90
4
 70
1
 10
50.11
 20
-30.11
 10
54.94
 20
-30.11
 10
54.94
 20
-34.94
 10
50.11
 20
-34.94
  0
LWPOLYLINE
100
AcDbEntity
  8
0
100
AcDbPolyline
 90
4
 70
1
 10
55.06
 20
-30.11
 10
59.89
 20
-30.11
 10
59.89
 20
-34.94
 10
55.06
 20
-34.94
  0
LWPOLYLINE
100
AcDbEntity
  8
0
100
AcDbPolyline
 90
4
 70
1
 10
60.11
 20
-30.11
 10
64.94
 20
-30.11
 10
64.94
 20
-34.94
 10
60.11
 20
-34.94
  0
LWPOLYLINE
100
AcDbEntity
  8
0
100
AcDbPolyline
 90
4
 70
1
 10
65.06
 20
-30.11
 10
69.89
 20
-30.11
 10
69.89
 20
-34.94
 10
65.06
 20
-34.94
  0
LWPOLYLINE
100
AcDbEntity
  8
0
100
AcDbPolyline
 90
4
 70
1
 10
70.11
 20
-30.11
 10
74.94
 20
-30.11
 10
74.94
 20
-34.94
 10
70.11
 20
-34.94
  0
LWPOLYLINE
100
AcDbEntity
  8
0
100
AcDbPolyline
 90
4
 70
1
 10
75.06
 20
-30.11
 10
79.89
 20
-30.11
 10
79.89
 20
-34.94
 10
75.06
 20
-34.94
  0
LWPOLYLINE
100
AcDbEntity
  8
0
100
AcDbPolyline
 90
4
 70
1
 10
80.11
 20
-30.11
 10
84.94
 20
-30.11
 10
84.94
 20
-34.94
 10
80.11
 20
-34.94
  0
LWPOLYLINE
100
AcDbEntity
  8
0
100
AcDbPolyline
 90
4
 70
1
 10
85.06
 20
-30.11
 10
89.89
 20
-30.11
 10
89.89
 20
-34.94
 10
85.06
 20
-34.94
  0
LWPOLYLINE
100
AcDbEntity
  8
0
100
AcDbPolyline
 90
4
 70
1
 10
90.11
 20
-30.11
 10
94.94
 20
-30.11
 10
94.94
 20
-34.94
 10
90.11
 20
-34.94
  0
LWPOLYLINE
100
AcDbEntity
  8
0
100
AcDbPolyline
 90
4
 70
1
 10
95.06
 20
-30.11
 10
99.89
 20
-30.11
 10
99.89
 20
-34.94
 10
95.06
 20
-34.94
  0
LWPOLYLINE
100
AcDbEntity
  8
0
100
AcDbPolyline
 90
4
 70
1
 10
100.11
 20
-30.11
 10
104.94
 20
-30.11
 10
104.94
 20
-34.94
 10
100.11
 20
-34.94
  0
LWPOLYLINE
100
AcDbEntity
  8
0
100
AcDbPolyline
 90
4
 70
1
 10
-1.39766
 20
-30.11
 10
-0.7
 20
-30.11
 10
-0.7
 20
-34.94
 10
-1.39766
 20
-34.94
  0
LWPOLYLINE
100
AcDbEntity
  8
0
100
AcDbPolyline
 90
4
 70
1
 10
-4.94
 20
-30.11
 10
-1.84766
 20
-30.11
 10
-1.84766
 20
-34.94
 10
-4.94
 20
-34.94
  0
LWPOLYLINE
100
AcDbEntity
  8
0
100
AcDbPolyline
 90
4
 70
1
 10
-14.94
 20
-30.11
 10
-12.925
 20
-30.11
 10
-12.925
 20
-34.94
 10
-14.94
 20
-34.94
  0
LWPOLYLINE
100
AcDbEntity
  8
0
100
AcDbPolyline
 90
4
 70
1
 10
-104.94
 20
-35.06
 10
-100.11
 20
-35.06
 10
-100.11
 20
-39.89
 10
-104.94
 20
-39.89
  0
LWPOLYLINE
100
AcDbEntity
  8
0
100
AcDbPolyline
 90
4
 70
1
 10
-99.89
 20
-35.06
 10
-95.06
 20
-35.06
 10
-95.06
 20
-39.89
 10
-99.89
 20
-39.89
  0
LWPOLYLINE
100
AcDbEntity
  8
0
100
AcDbPolyline
 90
4
 70
1
 10
-94.94
 20
-35.06
 10
-90.11
 20
-35.06
 10
-90.11
 20
-39.89
 10
-94.94
 20
-39.89
  0
LWPOLYLINE
100
AcDbEntity
  8
0
100
AcDbPolyline
 90
4
 70
1
 10
-89.89
 20
-35.06
 10
-85.06
 20
-35.06
 10
-85.06
 20
-39.89
 10
-89.89
 20
-39.89
  0
LWPOLYLINE
100
AcDbEntity
  8
0
100
AcDbPolyline
 90
4
 70
1
 10
-84.94
 20
-35.06
 10
-80.11
 20
-35.06
 10
-80.11
 20
-39.89
 10
-84.94
 20
-39.89
  0
LWPOLYLINE
100
AcDbEntity
  8
0
100
AcDbPolyline
 90
4
 70
1
 10
-79.89
 20
-35.06
 10
-75.06
 20
-35.06
 10
-75.06
 20
-39.89
 10
-79.89
 20
-39.89
  0
LWPOLYLINE
100
AcDbEntity
  8
0
100
AcDbPolyline
 90
4
 70
1
 10
-74.94
 20
-35.06
 10
-70.11
 20
-35.06
 10
-70.11
 20
-39.89
 10
-74.94
 20
-39.89
  0
LWPOLYLINE
100
AcDbEntity
  8
0
100
AcDbPolyline
 90
4
 70
1
 10
-69.89
 20
-35.06
 10
-65.06
 20
-35.06
 10
-65.06
 20
-39.89
 10
-69.89
 20
-39.89
  0
LWPOLYLINE
100
AcDbEntity
  8
0
100
AcDbPolyline
 90
4
 70
1
 10
-64.94
 20
-35.06
 10
-60.11
 20
-35.06
 10
-60.11
 20
-39.89
 10
-64.94
 20
-39.89
  0
LWPOLYLINE
100
AcDbEntity
  8
0
100
AcDbPolyline
 90
4
 70
1
 10
-59.89
 20
-35.06
 10
-55.06
 20
-35.06
 10
-55.06
 20
-39.89
 10
-59.89
 20
-39.89
  0
LWPOLYLINE
100
AcDbEntity
  8
0
100
AcDbPolyline
 90
4
 70
1
 10
-54.94
 20
-35.06
 10
-50.11
 20
-35.06
 10
-50.11
 20
-39.89
 10
-54.94
 20
-39.89
  0
LWPOLYLINE
100
AcDbEntity
  8
0
100
AcDbPolyline
 90
4
 70
1
 10
-49.89
 20
-35.06
 10
-45.06
 20
-35.06
 10
-45.06
 20
-39.89
 10
-49.89
 20
-39.89
  0
LWPOLYLINE
100
AcDbEntity
  8
0
100
AcDbPolyline
 90
4
 70
1
 10
-44.94
 20
-35.06
 10
-40.11
 20
-35.06
 10
-40.11
 20
-39.89
 10
-44.94
 20
-39.89
  0
LWPOLYLINE
100
AcDbEntity
  8
0
100
AcDbPolyline
 90
4
 70
1
 10
-39.89
 20
-35.06
 10
-35.06
 20
-35.06
 10
-35.06
 20
-39.89
 10
-39.89
 20
-39.89
  0
LWPOLYLINE
100
AcDbEntity
  8
0
100
AcDbPolyline
 90
4
 70
1
 10
-34.94
 20
-35.06
 10
-30.11
 20
-35.06
 10
-30.11
 20
-39.89
 10
-34.94
 20
-39.89
  0
LWPOLYLINE
100
AcDbEntity
  8
0
100
AcDbPolyline
 90
4
 70
1
 10
-29.89
 20
-35.06
 10
-25.06
 20
-35.06
 10
-25.06
 20
-39.89
 10
-29.89
 20
-39.89
  0
LWPOLYLINE
100
AcDbEntity
  8
0
100
AcDbPolyline
 90
4
 70
1
 10
-24.94
 20
-35.06
 10
-20.11
 20
-35.06
 10
-20.11
 20
-39.89
 10
-24.94
 20
-39.89
  0
LWPOLYLINE
100
AcDbEntity
  8
0
100
AcDbPolyline
 90
4
 70
1
 10
-19.89
 20
-35.06
 10
-15.06
 20
-35.06
 10
-15.06
 20
-39.89
 10
-19.89
 20
-39.89
  0
LWPOLYLINE
100
AcDbEntity
  8
0
100
AcDbPolyline
 90
4
 70
1
 10
-12.375
 20
-35.06
 10
-10.11
 20
-35.06
 10
-10.11
 20
-39.89
 10
-12.375
 20
-39.89
  0
LWPOLYLINE
100
AcDbEntity
  8
0
100
AcDbPolyline
 90
4
 70
1
 10
-9.89
 20
-35.06
 10
-5.06
 20
-35.06
 10
-5.06
 20
-39.89
 10
-9.89
 20
-39.89
  0
LWPOLYLINE
100
AcDbEntity
  8
0
100
AcDbPolyline
 90
4
 70
1
 10
0.425
 20
-35.06
 10
4.94
 20
-35.06
 10
4.94
 20
-39.89
 10
0.425
 20
-39.89
  0
LWPOLYLINE
100
AcDbEntity
  8
0
100
AcDbPolyline
 90
4
 70
1
 10
5.06
 20
-35.06
 10
9.89
 20
-35.06
 10
9.89
 20
-39.89
 10
5.06
 20
-39.89
  0
LWPOLYLINE
100
AcDbEntity
  8
0
100
AcDbPolyline
 90
4
 70
1
 10
10.11
 20
-35.06
 10
14.94
 20
-35.06
 10
14.94
 20
-39.89
 10
10.11
 20
-39.89
  0
LWPOLYLINE
100
AcDbEntity
  8
0
100
AcDbPolyline
 90
4
 70
1
 10
15.06
 20
-35.06
 10
19.89
 20
-35.06
 10
19.89
 20
-39.89
 10
15.06
 20
-39.89
  0
LWPOLYLINE
100
AcDbEntity
  8
0
100
AcDbPolyline
 90
4
 70
1
 10
20.11
 20
-35.06
 10
24.94
 20
-35.06
 10
24.94
 20
-39.89
 10
20.11
 20
-39.89
  0
LWPOLYLINE
100
AcDbEntity
  8
0
100
AcDbPolyline
 90
4
 70
1
 10
25.06
 20
-35.06
 10
29.89
 20
-35.06
 10
29.89
 20
-39.89
 10
25.06
 20
-39.89
  0
LWPOLYLINE
100
AcDbEntity
  8
0
100
AcDbPolyline
 90
4
 70
1
 10
30.11
 20
-35.06
 10
34.94
 20
-35.06
 10
34.94
 20
-39.89
 10
30.11
 20
-39.89
  0
LWPOLYLINE
100
AcDbEntity
  8
0
100
AcDbPolyline
 90
4
 70
1
 10
35.06
 20
-35.06
 10
39.89
 20
-35.06
 10
39.89
 20
-39.89
 10
35.06
 20
-39.89
  0
LWPOLYLINE
100
AcDbEntity
  8
0
100
AcDbPolyline
 90
4
 70
1
 10
40.11
 20
-35.06
 10
44.94
 20
-35.06
 10
44.94
 20
-39.89
 10
40.11
 20
-39.89
  0
LWPOLYLINE
100
AcDbEntity
  8
0
100
AcDbPolyline
 90
4
 70
1
 10
45.06
 20
-35.06
 10
49.89
 20
-35.06
 10
49.89
 20
-39.89
 10
45.06
 20
-39.89
  0
LWPOLYLINE
100
AcDbEntity
  8
0
100
AcDbPolyline
 90
4
 70
1
 10
50.11
 20
-35.06
 10
54.94
 20
-35.06
 10
54.94
 20
-39.89
 10
50.11
 20
-39.89
  0
LWPOLYLINE
100
AcDbEntity
  8
0
100
AcDbPolyline
 90
4
 70
1
 10
55.06
 20
-35.06
 10
59.89
 20
-35.06
 10
59.89
 20
-39.89
 10
55.06
 20
-39.89
  0
LWPOLYLINE
100
AcDbEntity
  8
0
100
AcDbPolyline
 90
4
 70
1
 10
60.11
 20
-35.06
 10
64.94
 20
-35.06
 10
64.94
 20
-39.89
 10
60.11
 20
-39.89
  0
LWPOLYLINE
100
AcDbEntity
  8
0
100
AcDbPolyline
 90
4
 70
1
 10
65.06
 20
-35.06
 10
69.89
 20
-35.06
 10
69.89
 20
-39.89
 10
65.06
 20
-39.89
  0
LWPOLYLINE
100
AcDbEntity
  8
0
100
AcDbPolyline
 90
4
 70
1
 10
70.11
 20
-35.06
 10
74.94
 20
-35.06
 10
74.94
 20
-39.89
 10
70.11
 20
-39.89
  0
LWPOLYLINE
100
AcDbEntity
  8
0
100
AcDbPolyline
 90
4
 70
1
 10
75.06
 20
-35.06
 10
79.89
 20
-35.06
 10
79.89
 20
-39.89
 10
75.06
 20
-39.89
  0
LWPOLYLINE
100
AcDbEntity
  8
0
100
AcDbPolyline
 90
4
 70
1
 10
80.11
 20
-35.06
 10
84.94
 20
-35.06
 10
84.94
 20
-39.89
 10
80.11
 20
-39.89
  0
LWPOLYLINE
100
AcDbEntity
  8
0
100
AcDbPolyline
 90
4
 70
1
 10
85.06
 20
-35.06
 10
89.89
 20
-35.06
 10
89.89
 20
-39.89
 10
85.06
 20
-39.89
  0
LWPOLYLINE
100
AcDbEntity
  8
0
100
AcDbPolyline
 90
4
 70
1
 10
90.11
 20
-35.06
 10
94.94
 20
-35.06
 10
94.94
 20
-39.89
 10
90.11
 20
-39.89
  0
LWPOLYLINE
100
AcDbEntity
  8
0
100
AcDbPolyline
 90
4
 70
1
 10
95.06
 20
-35.06
 10
99.89
 20
-35.06
 10
99.89
 20
-39.89
 10
95.06
 20
-39.89
  0
LWPOLYLINE
100
AcDbEntity
  8
0
100
AcDbPolyline
 90
4
 70
1
 10
100.11
 20
-35.06
 10
104.94
 20
-35.06
 10
104.94
 20
-39.89
 10
100.11
 20
-39.89
  0
LWPOLYLINE
100
AcDbEntity
  8
0
100
AcDbPolyline
 90
4
 70
1
 10
-1.39766
 20
-35.06
 10
-0.7
 20
-35.06
 10
-0.7
 20
-39.89
 10
-1.39766
 20
-39.89
  0
LWPOLYLINE
100
AcDbEntity
  8
0
100
AcDbPolyline
 90
4
 70
1
 10
-4.94
 20
-35.06
 10
-1.84766
 20
-35.06
 10
-1.84766
 20
-39.89
 10
-4.94
 20
-39.89
  0
LWPOLYLINE
100
AcDbEntity
  8
0
100
AcDbPolyline
 90
4
 70
1
 10
-14.94
 20
-35.06
 10
-12.925
 20
-35.06
 10
-12.925
 20
-39.89
 10
-14.94
 20
-39.89
  0
LWPOLYLINE
100
AcDbEntity
  8
0
100
AcDbPolyline
 90
4
 70
1
 10
-104.94
 20
-40.11
 10
-100.11
 20
-40.11
 10
-100.11
 20
-44.94
 10
-104.94
 20
-44.94
  0
LWPOLYLINE
100
AcDbEntity
  8
0
100
AcDbPolyline
 90
4
 70
1
 10
-99.89
 20
-40.11
 10
-95.06
 20
-40.11
 10
-95.06
 20
-44.94
 10
-99.89
 20
-44.94
  0
LWPOLYLINE
100
AcDbEntity
  8
0
100
AcDbPolyline
 90
4
 70
1
 10
-94.94
 20
-40.11
 10
-90.11
 20
-40.11
 10
-90.11
 20
-44.94
 10
-94.94
 20
-44.94
  0
LWPOLYLINE
100
AcDbEntity
  8
0
100
AcDbPolyline
 90
4
 70
1
 10
-89.89
 20
-40.11
 10
-85.06
 20
-40.11
 10
-85.06
 20
-44.94
 10
-89.89
 20
-44.94
  0
LWPOLYLINE
100
AcDbEntity
  8
0
100
AcDbPolyline
 90
4
 70
1
 10
-84.94
 20
-40.11
 10
-80.11
 20
-40.11
 10
-80.11
 20
-44.94
 10
-84.94
 20
-44.94
  0
LWPOLYLINE
100
AcDbEntity
  8
0
100
AcDbPolyline
 90
4
 70
1
 10
-79.89
 20
-40.11
 10
-75.06
 20
-40.11
 10
-75.06
 20
-44.94
 10
-79.89
 20
-44.94
  0
LWPOLYLINE
100
AcDbEntity
  8
0
100
AcDbPolyline
 90
4
 70
1
 10
-74.94
 20
-40.11
 10
-70.11
 20
-40.11
 10
-70.11
 20
-44.94
 10
-74.94
 20
-44.94
  0
LWPOLYLINE
100
AcDbEntity
  8
0
100
AcDbPolyline
 90
4
 70
1
 10
-69.89
 20
-40.11
 10
-65.06
 20
-40.11
 10
-65.06
 20
-44.94
 10
-69.89
 20
-44.94
  0
LWPOLYLINE
100
AcDbEntity
  8
0
100
AcDbPolyline
 90
4
 70
1
 10
-64.94
 20
-40.11
 10
-60.11
 20
-40.11
 10
-60.11
 20
-44.94
 10
-64.94
 20
-44.94
  0
LWPOLYLINE
100
AcDbEntity
  8
0
100
AcDbPolyline
 90
4
 70
1
 10
-59.89
 20
-40.11
 10
-55.06
 20
-40.11
 10
-55.06
 20
-44.94
 10
-59.89
 20
-44.94
  0
LWPOLYLINE
100
AcDbEntity
  8
0
100
AcDbPolyline
 90
4
 70
1
 10
-54.94
 20
-40.11
 10
-50.11
 20
-40.11
 10
-50.11
 20
-44.94
 10
-54.94
 20
-44.94
  0
LWPOLYLINE
100
AcDbEntity
  8
0
100
AcDbPolyline
 90
4
 70
1
 10
-49.89
 20
-40.11
 10
-45.06
 20
-40.11
 10
-45.06
 20
-44.94
 10
-49.89
 20
-44.94
  0
LWPOLYLINE
100
AcDbEntity
  8
0
100
AcDbPolyline
 90
4
 70
1
 10
-44.94
 20
-40.11
 10
-40.11
 20
-40.11
 10
-40.11
 20
-44.94
 10
-44.94
 20
-44.94
  0
LWPOLYLINE
100
AcDbEntity
  8
0
100
AcDbPolyline
 90
4
 70
1
 10
-39.89
 20
-40.11
 10
-35.06
 20
-40.11
 10
-35.06
 20
-44.94
 10
-39.89
 20
-44.94
  0
LWPOLYLINE
100
AcDbEntity
  8
0
100
AcDbPolyline
 90
4
 70
1
 10
-34.94
 20
-40.11
 10
-30.11
 20
-40.11
 10
-30.11
 20
-44.94
 10
-34.94
 20
-44.94
  0
LWPOLYLINE
100
AcDbEntity
  8
0
100
AcDbPolyline
 90
4
 70
1
 10
-29.89
 20
-40.11
 10
-25.06
 20
-40.11
 10
-25.06
 20
-44.94
 10
-29.89
 20
-44.94
  0
LWPOLYLINE
100
AcDbEntity
  8
0
100
AcDbPolyline
 90
4
 70
1
 10
-24.94
 20
-40.11
 10
-20.11
 20
-40.11
 10
-20.11
 20
-44.94
 10
-24.94
 20
-44.94
  0
LWPOLYLINE
100
AcDbEntity
  8
0
100
AcDbPolyline
 90
4
 70
1
 10
-19.89
 20
-40.11
 10
-15.06
 20
-40.11
 10
-15.06
 20
-44.94
 10
-19.89
 20
-44.94
  0
LWPOLYLINE
100
AcDbEntity
  8
0
100
AcDbPolyline
 90
4
 70
1
 10
-12.375
 20
-40.11
 10
-10.11
 20
-40.11
 10
-10.11
 20
-44.94
 10
-12.375
 20
-44.94
  0
LWPOLYLINE
100
AcDbEntity
  8
0
100
AcDbPolyline
 90
4
 70
1
 10
-9.89
 20
-40.11
 10
-5.06
 20
-40.11
 10
-5.06
 20
-44.94
 10
-9.89
 20
-44.94
  0
LWPOLYLINE
100
AcDbEntity
  8
0
100
AcDbPolyline
 90
4
 70
1
 10
0.425
 20
-40.11
 10
4.94
 20
-40.11
 10
4.94
 20
-44.94
 10
0.425
 20
-44.94
  0
LWPOLYLINE
100
AcDbEntity
  8
0
100
AcDbPolyline
 90
4
 70
1
 10
5.06
 20
-40.11
 10
9.89
 20
-40.11
 10
9.89
 20
-44.94
 10
5.06
 20
-44.94
  0
LWPOLYLINE
100
AcDbEntity
  8
0
100
AcDbPolyline
 90
4
 70
1
 10
10.11
 20
-40.11
 10
14.94
 20
-40.11
 10
14.94
 20
-44.94
 10
10.11
 20
-44.94
  0
LWPOLYLINE
100
AcDbEntity
  8
0
100
AcDbPolyline
 90
4
 70
1
 10
15.06
 20
-40.11
 10
19.89
 20
-40.11
 10
19.89
 20
-44.94
 10
15.06
 20
-44.94
  0
LWPOLYLINE
100
AcDbEntity
  8
0
100
AcDbPolyline
 90
4
 70
1
 10
20.11
 20
-40.11
 10
24.94
 20
-40.11
 10
24.94
 20
-44.94
 10
20.11
 20
-44.94
  0
LWPOLYLINE
100
AcDbEntity
  8
0
100
AcDbPolyline
 90
4
 70
1
 10
25.06
 20
-40.11
 10
29.89
 20
-40.11
 10
29.89
 20
-44.94
 10
25.06
 20
-44.94
  0
LWPOLYLINE
100
AcDbEntity
  8
0
100
AcDbPolyline
 90
4
 70
1
 10
30.11
 20
-40.11
 10
34.94
 20
-40.11
 10
34.94
 20
-44.94
 10
30.11
 20
-44.94
  0
LWPOLYLINE
100
AcDbEntity
  8
0
100
AcDbPolyline
 90
4
 70
1
 10
35.06
 20
-40.11
 10
39.89
 20
-40.11
 10
39.89
 20
-44.94
 10
35.06
 20
-44.94
  0
LWPOLYLINE
100
AcDbEntity
  8
0
100
AcDbPolyline
 90
4
 70
1
 10
40.11
 20
-40.11
 10
44.94
 20
-40.11
 10
44.94
 20
-44.94
 10
40.11
 20
-44.94
  0
LWPOLYLINE
100
AcDbEntity
  8
0
100
AcDbPolyline
 90
4
 70
1
 10
45.06
 20
-40.11
 10
49.89
 20
-40.11
 10
49.89
 20
-44.94
 10
45.06
 20
-44.94
  0
LWPOLYLINE
100
AcDbEntity
  8
0
100
AcDbPolyline
 90
4
 70
1
 10
50.11
 20
-40.11
 10
54.94
 20
-40.11
 10
54.94
 20
-44.94
 10
50.11
 20
-44.94
  0
LWPOLYLINE
100
AcDbEntity
  8
0
100
AcDbPolyline
 90
4
 70
1
 10
55.06
 20
-40.11
 10
59.89
 20
-40.11
 10
59.89
 20
-44.94
 10
55.06
 20
-44.94
  0
LWPOLYLINE
100
AcDbEntity
  8
0
100
AcDbPolyline
 90
4
 70
1
 10
60.11
 20
-40.11
 10
64.94
 20
-40.11
 10
64.94
 20
-44.94
 10
60.11
 20
-44.94
  0
LWPOLYLINE
100
AcDbEntity
  8
0
100
AcDbPolyline
 90
4
 70
1
 10
65.06
 20
-40.11
 10
69.89
 20
-40.11
 10
69.89
 20
-44.94
 10
65.06
 20
-44.94
  0
LWPOLYLINE
100
AcDbEntity
  8
0
100
AcDbPolyline
 90
4
 70
1
 10
70.11
 20
-40.11
 10
74.94
 20
-40.11
 10
74.94
 20
-44.94
 10
70.11
 20
-44.94
  0
LWPOLYLINE
100
AcDbEntity
  8
0
100
AcDbPolyline
 90
4
 70
1
 10
75.06
 20
-40.11
 10
79.89
 20
-40.11
 10
79.89
 20
-44.94
 10
75.06
 20
-44.94
  0
LWPOLYLINE
100
AcDbEntity
  8
0
100
AcDbPolyline
 90
4
 70
1
 10
80.11
 20
-40.11
 10
84.94
 20
-40.11
 10
84.94
 20
-44.94
 10
80.11
 20
-44.94
  0
LWPOLYLINE
100
AcDbEntity
  8
0
100
AcDbPolyline
 90
4
 70
1
 10
85.06
 20
-40.11
 10
89.89
 20
-40.11
 10
89.89
 20
-44.94
 10
85.06
 20
-44.94
  0
LWPOLYLINE
100
AcDbEntity
  8
0
100
AcDbPolyline
 90
4
 70
1
 10
90.11
 20
-40.11
 10
94.94
 20
-40.11
 10
94.94
 20
-44.94
 10
90.11
 20
-44.94
  0
LWPOLYLINE
100
AcDbEntity
  8
0
100
AcDbPolyline
 90
4
 70
1
 10
95.06
 20
-40.11
 10
99.89
 20
-40.11
 10
99.89
 20
-44.94
 10
95.06
 20
-44.94
  0
LWPOLYLINE
100
AcDbEntity
  8
0
100
AcDbPolyline
 90
4
 70
1
 10
100.11
 20
-40.11
 10
104.94
 20
-40.11
 10
104.94
 20
-44.94
 10
100.11
 20
-44.94
  0
LWPOLYLINE
100
AcDbEntity
  8
0
100
AcDbPolyline
 90
4
 70
1
 10
-1.39766
 20
-40.11
 10
-0.7
 20
-40.11
 10
-0.7
 20
-44.94
 10
-1.39766
 20
-44.94
  0
LWPOLYLINE
100
AcDbEntity
  8
0
100
AcDbPolyline
 90
4
 70
1
 10
-4.94
 20
-40.11
 10
-1.84766
 20
-40.11
 10
-1.84766
 20
-44.94
 10
-4.94
 20
-44.94
  0
LWPOLYLINE
100
AcDbEntity
  8
0
100
AcDbPolyline
 90
4
 70
1
 10
-14.94
 20
-40.11
 10
-12.925
 20
-40.11
 10
-12.925
 20
-44.94
 10
-14.94
 20
-44.94
  0
LWPOLYLINE
100
AcDbEntity
  8
0
100
AcDbPolyline
 90
4
 70
1
 10
-104.94
 20
-45.06
 10
-100.11
 20
-45.06
 10
-100.11
 20
-49.89
 10
-104.94
 20
-49.89
  0
LWPOLYLINE
100
AcDbEntity
  8
0
100
AcDbPolyline
 90
4
 70
1
 10
-99.89
 20
-45.06
 10
-95.06
 20
-45.06
 10
-95.06
 20
-49.89
 10
-99.89
 20
-49.89
  0
LWPOLYLINE
100
AcDbEntity
  8
0
100
AcDbPolyline
 90
4
 70
1
 10
-94.94
 20
-45.06
 10
-90.11
 20
-45.06
 10
-90.11
 20
-49.89
 10
-94.94
 20
-49.89
  0
LWPOLYLINE
100
AcDbEntity
  8
0
100
AcDbPolyline
 90
4
 70
1
 10
-89.89
 20
-45.06
 10
-85.06
 20
-45.06
 10
-85.06
 20
-49.89
 10
-89.89
 20
-49.89
  0
LWPOLYLINE
100
AcDbEntity
  8
0
100
AcDbPolyline
 90
4
 70
1
 10
-84.94
 20
-45.06
 10
-80.11
 20
-45.06
 10
-80.11
 20
-49.89
 10
-84.94
 20
-49.89
  0
LWPOLYLINE
100
AcDbEntity
  8
0
100
AcDbPolyline
 90
4
 70
1
 10
-79.89
 20
-45.06
 10
-75.06
 20
-45.06
 10
-75.06
 20
-49.89
 10
-79.89
 20
-49.89
  0
LWPOLYLINE
100
AcDbEntity
  8
0
100
AcDbPolyline
 90
4
 70
1
 10
-74.94
 20
-45.06
 10
-70.11
 20
-45.06
 10
-70.11
 20
-49.89
 10
-74.94
 20
-49.89
  0
LWPOLYLINE
100
AcDbEntity
  8
0
100
AcDbPolyline
 90
4
 70
1
 10
-69.89
 20
-45.06
 10
-65.06
 20
-45.06
 10
-65.06
 20
-49.89
 10
-69.89
 20
-49.89
  0
LWPOLYLINE
100
AcDbEntity
  8
0
100
AcDbPolyline
 90
4
 70
1
 10
-64.94
 20
-45.06
 10
-60.11
 20
-45.06
 10
-60.11
 20
-49.89
 10
-64.94
 20
-49.89
  0
LWPOLYLINE
100
AcDbEntity
  8
0
100
AcDbPolyline
 90
4
 70
1
 10
-59.89
 20
-45.06
 10
-55.06
 20
-45.06
 10
-55.06
 20
-49.89
 10
-59.89
 20
-49.89
  0
LWPOLYLINE
100
AcDbEntity
  8
0
100
AcDbPolyline
 90
4
 70
1
 10
-54.94
 20
-45.06
 10
-50.11
 20
-45.06
 10
-50.11
 20
-49.89
 10
-54.94
 20
-49.89
  0
LWPOLYLINE
100
AcDbEntity
  8
0
100
AcDbPolyline
 90
4
 70
1
 10
-49.89
 20
-45.06
 10
-45.06
 20
-45.06
 10
-45.06
 20
-49.89
 10
-49.89
 20
-49.89
  0
LWPOLYLINE
100
AcDbEntity
  8
0
100
AcDbPolyline
 90
4
 70
1
 10
-44.94
 20
-45.06
 10
-40.11
 20
-45.06
 10
-40.11
 20
-49.89
 10
-44.94
 20
-49.89
  0
LWPOLYLINE
100
AcDbEntity
  8
0
100
AcDbPolyline
 90
4
 70
1
 10
-39.89
 20
-45.06
 10
-35.06
 20
-45.06
 10
-35.06
 20
-49.89
 10
-39.89
 20
-49.89
  0
LWPOLYLINE
100
AcDbEntity
  8
0
100
AcDbPolyline
 90
4
 70
1
 10
-34.94
 20
-45.06
 10
-30.11
 20
-45.06
 10
-30.11
 20
-49.89
 10
-34.94
 20
-49.89
  0
LWPOLYLINE
100
AcDbEntity
  8
0
100
AcDbPolyline
 90
4
 70
1
 10
-29.89
 20
-45.06
 10
-25.06
 20
-45.06
 10
-25.06
 20
-49.89
 10
-29.89
 20
-49.89
  0
LWPOLYLINE
100
AcDbEntity
  8
0
100
AcDbPolyline
 90
4
 70
1
 10
-24.94
 20
-45.06
 10
-20.11
 20
-45.06
 10
-20.11
 20
-49.89
 10
-24.94
 20
-49.89
  0
LWPOLYLINE
100
AcDbEntity
  8
0
100
AcDbPolyline
 90
4
 70
1
 10
-19.89
 20
-45.06
 10
-15.06
 20
-45.06
 10
-15.06
 20
-49.89
 10
-19.89
 20
-49.89
  0
LWPOLYLINE
100
AcDbEntity
  8
0
100
AcDbPolyline
 90
4
 70
1
 10
-12.375
 20
-45.06
 10
-10.11
 20
-45.06
 10
-10.11
 20
-49.89
 10
-12.375
 20
-49.89
  0
LWPOLYLINE
100
AcDbEntity
  8
0
100
AcDbPolyline
 90
4
 70
1
 10
-9.89
 20
-45.06
 10
-5.06
 20
-45.06
 10
-5.06
 20
-49.89
 10
-9.89
 20
-49.89
  0
LWPOLYLINE
100
AcDbEntity
  8
0
100
AcDbPolyline
 90
4
 70
1
 10
0.425
 20
-45.06
 10
4.94
 20
-45.06
 10
4.94
 20
-49.89
 10
0.425
 20
-49.89
  0
LWPOLYLINE
100
AcDbEntity
  8
0
100
AcDbPolyline
 90
4
 70
1
 10
5.06
 20
-45.06
 10
9.89
 20
-45.06
 10
9.89
 20
-49.89
 10
5.06
 20
-49.89
  0
LWPOLYLINE
100
AcDbEntity
  8
0
100
AcDbPolyline
 90
4
 70
1
 10
10.11
 20
-45.06
 10
14.94
 20
-45.06
 10
14.94
 20
-49.89
 10
10.11
 20
-49.89
  0
LWPOLYLINE
100
AcDbEntity
  8
0
100
AcDbPolyline
 90
4
 70
1
 10
15.06
 20
-45.06
 10
19.89
 20
-45.06
 10
19.89
 20
-49.89
 10
15.06
 20
-49.89
  0
LWPOLYLINE
100
AcDbEntity
  8
0
100
AcDbPolyline
 90
4
 70
1
 10
20.11
 20
-45.06
 10
24.94
 20
-45.06
 10
24.94
 20
-49.89
 10
20.11
 20
-49.89
  0
LWPOLYLINE
100
AcDbEntity
  8
0
100
AcDbPolyline
 90
4
 70
1
 10
25.06
 20
-45.06
 10
29.89
 20
-45.06
 10
29.89
 20
-49.89
 10
25.06
 20
-49.89
  0
LWPOLYLINE
100
AcDbEntity
  8
0
100
AcDbPolyline
 90
4
 70
1
 10
30.11
 20
-45.06
 10
34.94
 20
-45.06
 10
34.94
 20
-49.89
 10
30.11
 20
-49.89
  0
LWPOLYLINE
100
AcDbEntity
  8
0
100
AcDbPolyline
 90
4
 70
1
 10
35.06
 20
-45.06
 10
39.89
 20
-45.06
 10
39.89
 20
-49.89
 10
35.06
 20
-49.89
  0
LWPOLYLINE
100
AcDbEntity
  8
0
100
AcDbPolyline
 90
4
 70
1
 10
40.11
 20
-45.06
 10
44.94
 20
-45.06
 10
44.94
 20
-49.89
 10
40.11
 20
-49.89
  0
LWPOLYLINE
100
AcDbEntity
  8
0
100
AcDbPolyline
 90
4
 70
1
 10
45.06
 20
-45.06
 10
49.89
 20
-45.06
 10
49.89
 20
-49.89
 10
45.06
 20
-49.89
  0
LWPOLYLINE
100
AcDbEntity
  8
0
100
AcDbPolyline
 90
4
 70
1
 10
50.11
 20
-45.06
 10
54.94
 20
-45.06
 10
54.94
 20
-49.89
 10
50.11
 20
-49.89
  0
LWPOLYLINE
100
AcDbEntity
  8
0
100
AcDbPolyline
 90
4
 70
1
 10
55.06
 20
-45.06
 10
59.89
 20
-45.06
 10
59.89
 20
-49.89
 10
55.06
 20
-49.89
  0
LWPOLYLINE
100
AcDbEntity
  8
0
100
AcDbPolyline
 90
4
 70
1
 10
60.11
 20
-45.06
 10
64.94
 20
-45.06
 10
64.94
 20
-49.89
 10
60.11
 20
-49.89
  0
LWPOLYLINE
100
AcDbEntity
  8
0
100
AcDbPolyline
 90
4
 70
1
 10
65.06
 20
-45.06
 10
69.89
 20
-45.06
 10
69.89
 20
-49.89
 10
65.06
 20
-49.89
  0
LWPOLYLINE
100
AcDbEntity
  8
0
100
AcDbPolyline
 90
4
 70
1
 10
70.11
 20
-45.06
 10
74.94
 20
-45.06
 10
74.94
 20
-49.89
 10
70.11
 20
-49.89
  0
LWPOLYLINE
100
AcDbEntity
  8
0
100
AcDbPolyline
 90
4
 70
1
 10
75.06
 20
-45.06
 10
79.89
 20
-45.06
 10
79.89
 20
-49.89
 10
75.06
 20
-49.89
  0
LWPOLYLINE
100
AcDbEntity
  8
0
100
AcDbPolyline
 90
4
 70
1
 10
80.11
 20
-45.06
 10
84.94
 20
-45.06
 10
84.94
 20
-49.89
 10
80.11
 20
-49.89
  0
LWPOLYLINE
100
AcDbEntity
  8
0
100
AcDbPolyline
 90
4
 70
1
 10
85.06
 20
-45.06
 10
89.89
 20
-45.06
 10
89.89
 20
-49.89
 10
85.06
 20
-49.89
  0
LWPOLYLINE
100
AcDbEntity
  8
0
100
AcDbPolyline
 90
4
 70
1
 10
90.11
 20
-45.06
 10
94.94
 20
-45.06
 10
94.94
 20
-49.89
 10
90.11
 20
-49.89
  0
LWPOLYLINE
100
AcDbEntity
  8
0
100
AcDbPolyline
 90
4
 70
1
 10
95.06
 20
-45.06
 10
99.89
 20
-45.06
 10
99.89
 20
-49.89
 10
95.06
 20
-49.89
  0
LWPOLYLINE
100
AcDbEntity
  8
0
100
AcDbPolyline
 90
4
 70
1
 10
100.11
 20
-45.06
 10
104.94
 20
-45.06
 10
104.94
 20
-49.89
 10
100.11
 20
-49.89
  0
LWPOLYLINE
100
AcDbEntity
  8
0
100
AcDbPolyline
 90
4
 70
1
 10
-1.39766
 20
-45.06
 10
-0.7
 20
-45.06
 10
-0.7
 20
-49.89
 10
-1.39766
 20
-49.89
  0
LWPOLYLINE
100
AcDbEntity
  8
0
100
AcDbPolyline
 90
4
 70
1
 10
-4.94
 20
-45.06
 10
-1.84766
 20
-45.06
 10
-1.84766
 20
-49.89
 10
-4.94
 20
-49.89
  0
LWPOLYLINE
100
AcDbEntity
  8
0
100
AcDbPolyline
 90
4
 70
1
 10
-14.94
 20
-45.06
 10
-12.925
 20
-45.06
 10
-12.925
 20
-49.89
 10
-14.94
 20
-49.89
  0
LWPOLYLINE
100
AcDbEntity
  8
0
100
AcDbPolyline
 90
4
 70
1
 10
-104.94
 20
-50.11
 10
-100.11
 20
-50.11
 10
-100.11
 20
-54.94
 10
-104.94
 20
-54.94
  0
LWPOLYLINE
100
AcDbEntity
  8
0
100
AcDbPolyline
 90
4
 70
1
 10
-99.89
 20
-50.11
 10
-95.06
 20
-50.11
 10
-95.06
 20
-54.94
 10
-99.89
 20
-54.94
  0
LWPOLYLINE
100
AcDbEntity
  8
0
100
AcDbPolyline
 90
4
 70
1
 10
-94.94
 20
-50.11
 10
-90.11
 20
-50.11
 10
-90.11
 20
-54.94
 10
-94.94
 20
-54.94
  0
LWPOLYLINE
100
AcDbEntity
  8
0
100
AcDbPolyline
 90
4
 70
1
 10
-89.89
 20
-50.11
 10
-85.06
 20
-50.11
 10
-85.06
 20
-54.94
 10
-89.89
 20
-54.94
  0
LWPOLYLINE
100
AcDbEntity
  8
0
100
AcDbPolyline
 90
4
 70
1
 10
-84.94
 20
-50.11
 10
-80.11
 20
-50.11
 10
-80.11
 20
-54.94
 10
-84.94
 20
-54.94
  0
LWPOLYLINE
100
AcDbEntity
  8
0
100
AcDbPolyline
 90
4
 70
1
 10
-79.89
 20
-50.11
 10
-75.06
 20
-50.11
 10
-75.06
 20
-54.94
 10
-79.89
 20
-54.94
  0
LWPOLYLINE
100
AcDbEntity
  8
0
100
AcDbPolyline
 90
4
 70
1
 10
-74.94
 20
-50.11
 10
-70.11
 20
-50.11
 10
-70.11
 20
-54.94
 10
-74.94
 20
-54.94
  0
LWPOLYLINE
100
AcDbEntity
  8
0
100
AcDbPolyline
 90
4
 70
1
 10
-69.89
 20
-50.11
 10
-65.06
 20
-50.11
 10
-65.06
 20
-54.94
 10
-69.89
 20
-54.94
  0
LWPOLYLINE
100
AcDbEntity
  8
0
100
AcDbPolyline
 90
4
 70
1
 10
-64.94
 20
-50.11
 10
-60.11
 20
-50.11
 10
-60.11
 20
-54.94
 10
-64.94
 20
-54.94
  0
LWPOLYLINE
100
AcDbEntity
  8
0
100
AcDbPolyline
 90
4
 70
1
 10
-59.89
 20
-50.11
 10
-55.06
 20
-50.11
 10
-55.06
 20
-54.94
 10
-59.89
 20
-54.94
  0
LWPOLYLINE
100
AcDbEntity
  8
0
100
AcDbPolyline
 90
4
 70
1
 10
-54.94
 20
-50.11
 10
-50.11
 20
-50.11
 10
-50.11
 20
-54.94
 10
-54.94
 20
-54.94
  0
LWPOLYLINE
100
AcDbEntity
  8
0
100
AcDbPolyline
 90
4
 70
1
 10
-49.89
 20
-50.11
 10
-45.06
 20
-50.11
 10
-45.06
 20
-54.94
 10
-49.89
 20
-54.94
  0
LWPOLYLINE
100
AcDbEntity
  8
0
100
AcDbPolyline
 90
4
 70
1
 10
-44.94
 20
-50.11
 10
-40.11
 20
-50.11
 10
-40.11
 20
-54.94
 10
-44.94
 20
-54.94
  0
LWPOLYLINE
100
AcDbEntity
  8
0
100
AcDbPolyline
 90
4
 70
1
 10
-39.89
 20
-50.11
 10
-35.06
 20
-50.11
 10
-35.06
 20
-54.94
 10
-39.89
 20
-54.94
  0
LWPOLYLINE
100
AcDbEntity
  8
0
100
AcDbPolyline
 90
4
 70
1
 10
-34.94
 20
-50.11
 10
-30.11
 20
-50.11
 10
-30.11
 20
-54.94
 10
-34.94
 20
-54.94
  0
LWPOLYLINE
100
AcDbEntity
  8
0
100
AcDbPolyline
 90
4
 70
1
 10
-29.89
 20
-50.11
 10
-25.06
 20
-50.11
 10
-25.06
 20
-54.94
 10
-29.89
 20
-54.94
  0
LWPOLYLINE
100
AcDbEntity
  8
0
100
AcDbPolyline
 90
4
 70
1
 10
-24.94
 20
-50.11
 10
-20.11
 20
-50.11
 10
-20.11
 20
-54.94
 10
-24.94
 20
-54.94
  0
LWPOLYLINE
100
AcDbEntity
  8
0
100
AcDbPolyline
 90
4
 70
1
 10
-19.89
 20
-50.11
 10
-15.06
 20
-50.11
 10
-15.06
 20
-54.94
 10
-19.89
 20
-54.94
  0
LWPOLYLINE
100
AcDbEntity
  8
0
100
AcDbPolyline
 90
4
 70
1
 10
-12.375
 20
-50.11
 10
-10.11
 20
-50.11
 10
-10.11
 20
-54.94
 10
-12.375
 20
-54.94
  0
LWPOLYLINE
100
AcDbEntity
  8
0
100
AcDbPolyline
 90
4
 70
1
 10
-9.89
 20
-50.11
 10
-5.06
 20
-50.11
 10
-5.06
 20
-54.94
 10
-9.89
 20
-54.94
  0
LWPOLYLINE
100
AcDbEntity
  8
0
100
AcDbPolyline
 90
4
 70
1
 10
0.425
 20
-50.11
 10
4.94
 20
-50.11
 10
4.94
 20
-54.94
 10
0.425
 20
-54.94
  0
LWPOLYLINE
100
AcDbEntity
  8
0
100
AcDbPolyline
 90
4
 70
1
 10
5.06
 20
-50.11
 10
9.89
 20
-50.11
 10
9.89
 20
-54.94
 10
5.06
 20
-54.94
  0
LWPOLYLINE
100
AcDbEntity
  8
0
100
AcDbPolyline
 90
4
 70
1
 10
10.11
 20
-50.11
 10
14.94
 20
-50.11
 10
14.94
 20
-54.94
 10
10.11
 20
-54.94
  0
LWPOLYLINE
100
AcDbEntity
  8
0
100
AcDbPolyline
 90
4
 70
1
 10
15.06
 20
-50.11
 10
19.89
 20
-50.11
 10
19.89
 20
-54.94
 10
15.06
 20
-54.94
  0
LWPOLYLINE
100
AcDbEntity
  8
0
100
AcDbPolyline
 90
4
 70
1
 10
20.11
 20
-50.11
 10
24.94
 20
-50.11
 10
24.94
 20
-54.94
 10
20.11
 20
-54.94
  0
LWPOLYLINE
100
AcDbEntity
  8
0
100
AcDbPolyline
 90
4
 70
1
 10
25.06
 20
-50.11
 10
29.89
 20
-50.11
 10
29.89
 20
-54.94
 10
25.06
 20
-54.94
  0
LWPOLYLINE
100
AcDbEntity
  8
0
100
AcDbPolyline
 90
4
 70
1
 10
30.11
 20
-50.11
 10
34.94
 20
-50.11
 10
34.94
 20
-54.94
 10
30.11
 20
-54.94
  0
LWPOLYLINE
100
AcDbEntity
  8
0
100
AcDbPolyline
 90
4
 70
1
 10
35.06
 20
-50.11
 10
39.89
 20
-50.11
 10
39.89
 20
-54.94
 10
35.06
 20
-54.94
  0
LWPOLYLINE
100
AcDbEntity
  8
0
100
AcDbPolyline
 90
4
 70
1
 10
40.11
 20
-50.11
 10
44.94
 20
-50.11
 10
44.94
 20
-54.94
 10
40.11
 20
-54.94
  0
LWPOLYLINE
100
AcDbEntity
  8
0
100
AcDbPolyline
 90
4
 70
1
 10
45.06
 20
-50.11
 10
49.89
 20
-50.11
 10
49.89
 20
-54.94
 10
45.06
 20
-54.94
  0
LWPOLYLINE
100
AcDbEntity
  8
0
100
AcDbPolyline
 90
4
 70
1
 10
50.11
 20
-50.11
 10
54.94
 20
-50.11
 10
54.94
 20
-54.94
 10
50.11
 20
-54.94
  0
LWPOLYLINE
100
AcDbEntity
  8
0
100
AcDbPolyline
 90
4
 70
1
 10
55.06
 20
-50.11
 10
59.89
 20
-50.11
 10
59.89
 20
-54.94
 10
55.06
 20
-54.94
  0
LWPOLYLINE
100
AcDbEntity
  8
0
100
AcDbPolyline
 90
4
 70
1
 10
60.11
 20
-50.11
 10
64.94
 20
-50.11
 10
64.94
 20
-54.94
 10
60.11
 20
-54.94
  0
LWPOLYLINE
100
AcDbEntity
  8
0
100
AcDbPolyline
 90
4
 70
1
 10
65.06
 20
-50.11
 10
69.89
 20
-50.11
 10
69.89
 20
-54.94
 10
65.06
 20
-54.94
  0
LWPOLYLINE
100
AcDbEntity
  8
0
100
AcDbPolyline
 90
4
 70
1
 10
70.11
 20
-50.11
 10
74.94
 20
-50.11
 10
74.94
 20
-54.94
 10
70.11
 20
-54.94
  0
LWPOLYLINE
100
AcDbEntity
  8
0
100
AcDbPolyline
 90
4
 70
1
 10
75.06
 20
-50.11
 10
79.89
 20
-50.11
 10
79.89
 20
-54.94
 10
75.06
 20
-54.94
  0
LWPOLYLINE
100
AcDbEntity
  8
0
100
AcDbPolyline
 90
4
 70
1
 10
80.11
 20
-50.11
 10
84.94
 20
-50.11
 10
84.94
 20
-54.94
 10
80.11
 20
-54.94
  0
LWPOLYLINE
100
AcDbEntity
  8
0
100
AcDbPolyline
 90
4
 70
1
 10
85.06
 20
-50.11
 10
89.89
 20
-50.11
 10
89.89
 20
-54.94
 10
85.06
 20
-54.94
  0
LWPOLYLINE
100
AcDbEntity
  8
0
100
AcDbPolyline
 90
4
 70
1
 10
90.11
 20
-50.11
 10
94.94
 20
-50.11
 10
94.94
 20
-54.94
 10
90.11
 20
-54.94
  0
LWPOLYLINE
100
AcDbEntity
  8
0
100
AcDbPolyline
 90
4
 70
1
 10
95.06
 20
-50.11
 10
99.89
 20
-50.11
 10
99.89
 20
-54.94
 10
95.06
 20
-54.94
  0
LWPOLYLINE
100
AcDbEntity
  8
0
100
AcDbPolyline
 90
4
 70
1
 10
100.11
 20
-50.11
 10
104.94
 20
-50.11
 10
104.94
 20
-54.94
 10
100.11
 20
-54.94
  0
LWPOLYLINE
100
AcDbEntity
  8
0
100
AcDbPolyline
 90
4
 70
1
 10
-1.39766
 20
-50.11
 10
-0.7
 20
-50.11
 10
-0.7
 20
-54.94
 10
-1.39766
 20
-54.94
  0
LWPOLYLINE
100
AcDbEntity
  8
0
100
AcDbPolyline
 90
4
 70
1
 10
-4.94
 20
-50.11
 10
-1.84766
 20
-50.11
 10
-1.84766
 20
-54.94
 10
-4.94
 20
-54.94
  0
LWPOLYLINE
100
AcDbEntity
  8
0
100
AcDbPolyline
 90
4
 70
1
 10
-14.94
 20
-50.11
 10
-12.925
 20
-50.11
 10
-12.925
 20
-54.94
 10
-14.94
 20
-54.94
  0
LWPOLYLINE
100
AcDbEntity
  8
0
100
AcDbPolyline
 90
4
 70
1
 10
-104.94
 20
-55.06
 10
-100.11
 20
-55.06
 10
-100.11
 20
-59.89
 10
-104.94
 20
-59.89
  0
LWPOLYLINE
100
AcDbEntity
  8
0
100
AcDbPolyline
 90
4
 70
1
 10
-99.89
 20
-55.06
 10
-95.06
 20
-55.06
 10
-95.06
 20
-59.89
 10
-99.89
 20
-59.89
  0
LWPOLYLINE
100
AcDbEntity
  8
0
100
AcDbPolyline
 90
4
 70
1
 10
-94.94
 20
-55.06
 10
-90.11
 20
-55.06
 10
-90.11
 20
-59.89
 10
-94.94
 20
-59.89
  0
LWPOLYLINE
100
AcDbEntity
  8
0
100
AcDbPolyline
 90
4
 70
1
 10
-89.89
 20
-55.06
 10
-85.06
 20
-55.06
 10
-85.06
 20
-59.89
 10
-89.89
 20
-59.89
  0
LWPOLYLINE
100
AcDbEntity
  8
0
100
AcDbPolyline
 90
4
 70
1
 10
-84.94
 20
-55.06
 10
-80.11
 20
-55.06
 10
-80.11
 20
-59.89
 10
-84.94
 20
-59.89
  0
LWPOLYLINE
100
AcDbEntity
  8
0
100
AcDbPolyline
 90
4
 70
1
 10
-79.89
 20
-55.06
 10
-75.06
 20
-55.06
 10
-75.06
 20
-59.89
 10
-79.89
 20
-59.89
  0
LWPOLYLINE
100
AcDbEntity
  8
0
100
AcDbPolyline
 90
4
 70
1
 10
-74.94
 20
-55.06
 10
-70.11
 20
-55.06
 10
-70.11
 20
-59.89
 10
-74.94
 20
-59.89
  0
LWPOLYLINE
100
AcDbEntity
  8
0
100
AcDbPolyline
 90
4
 70
1
 10
-69.89
 20
-55.06
 10
-65.06
 20
-55.06
 10
-65.06
 20
-59.89
 10
-69.89
 20
-59.89
  0
LWPOLYLINE
100
AcDbEntity
  8
0
100
AcDbPolyline
 90
4
 70
1
 10
-64.94
 20
-55.06
 10
-60.11
 20
-55.06
 10
-60.11
 20
-59.89
 10
-64.94
 20
-59.89
  0
LWPOLYLINE
100
AcDbEntity
  8
0
100
AcDbPolyline
 90
4
 70
1
 10
-59.89
 20
-55.06
 10
-55.06
 20
-55.06
 10
-55.06
 20
-59.89
 10
-59.89
 20
-59.89
  0
LWPOLYLINE
100
AcDbEntity
  8
0
100
AcDbPolyline
 90
4
 70
1
 10
-54.94
 20
-55.06
 10
-50.11
 20
-55.06
 10
-50.11
 20
-59.89
 10
-54.94
 20
-59.89
  0
LWPOLYLINE
100
AcDbEntity
  8
0
100
AcDbPolyline
 90
4
 70
1
 10
-49.89
 20
-55.06
 10
-45.06
 20
-55.06
 10
-45.06
 20
-59.89
 10
-49.89
 20
-59.89
  0
LWPOLYLINE
100
AcDbEntity
  8
0
100
AcDbPolyline
 90
4
 70
1
 10
-44.94
 20
-55.06
 10
-40.11
 20
-55.06
 10
-40.11
 20
-59.89
 10
-44.94
 20
-59.89
  0
LWPOLYLINE
100
AcDbEntity
  8
0
100
AcDbPolyline
 90
4
 70
1
 10
-39.89
 20
-55.06
 10
-35.06
 20
-55.06
 10
-35.06
 20
-59.89
 10
-39.89
 20
-59.89
  0
LWPOLYLINE
100
AcDbEntity
  8
0
100
AcDbPolyline
 90
4
 70
1
 10
-34.94
 20
-55.06
 10
-30.11
 20
-55.06
 10
-30.11
 20
-59.89
 10
-34.94
 20
-59.89
  0
LWPOLYLINE
100
AcDbEntity
  8
0
100
AcDbPolyline
 90
4
 70
1
 10
-29.89
 20
-55.06
 10
-25.06
 20
-55.06
 10
-25.06
 20
-59.89
 10
-29.89
 20
-59.89
  0
LWPOLYLINE
100
AcDbEntity
  8
0
100
AcDbPolyline
 90
4
 70
1
 10
-24.94
 20
-55.06
 10
-20.11
 20
-55.06
 10
-20.11
 20
-59.89
 10
-24.94
 20
-59.89
  0
LWPOLYLINE
100
AcDbEntity
  8
0
100
AcDbPolyline
 90
4
 70
1
 10
-19.89
 20
-55.06
 10
-15.06
 20
-55.06
 10
-15.06
 20
-59.89
 10
-19.89
 20
-59.89
  0
LWPOLYLINE
100
AcDbEntity
  8
0
100
AcDbPolyline
 90
4
 70
1
 10
-12.375
 20
-55.06
 10
-10.11
 20
-55.06
 10
-10.11
 20
-59.89
 10
-12.375
 20
-59.89
  0
LWPOLYLINE
100
AcDbEntity
  8
0
100
AcDbPolyline
 90
4
 70
1
 10
-9.89
 20
-55.06
 10
-5.06
 20
-55.06
 10
-5.06
 20
-59.89
 10
-9.89
 20
-59.89
  0
LWPOLYLINE
100
AcDbEntity
  8
0
100
AcDbPolyline
 90
4
 70
1
 10
0.425
 20
-55.06
 10
4.94
 20
-55.06
 10
4.94
 20
-59.89
 10
0.425
 20
-59.89
  0
LWPOLYLINE
100
AcDbEntity
  8
0
100
AcDbPolyline
 90
4
 70
1
 10
5.06
 20
-55.06
 10
9.89
 20
-55.06
 10
9.89
 20
-59.89
 10
5.06
 20
-59.89
  0
LWPOLYLINE
100
AcDbEntity
  8
0
100
AcDbPolyline
 90
4
 70
1
 10
10.11
 20
-55.06
 10
14.94
 20
-55.06
 10
14.94
 20
-59.89
 10
10.11
 20
-59.89
  0
LWPOLYLINE
100
AcDbEntity
  8
0
100
AcDbPolyline
 90
4
 70
1
 10
15.06
 20
-55.06
 10
19.89
 20
-55.06
 10
19.89
 20
-59.89
 10
15.06
 20
-59.89
  0
LWPOLYLINE
100
AcDbEntity
  8
0
100
AcDbPolyline
 90
4
 70
1
 10
20.11
 20
-55.06
 10
24.94
 20
-55.06
 10
24.94
 20
-59.89
 10
20.11
 20
-59.89
  0
LWPOLYLINE
100
AcDbEntity
  8
0
100
AcDbPolyline
 90
4
 70
1
 10
25.06
 20
-55.06
 10
29.89
 20
-55.06
 10
29.89
 20
-59.89
 10
25.06
 20
-59.89
  0
LWPOLYLINE
100
AcDbEntity
  8
0
100
AcDbPolyline
 90
4
 70
1
 10
30.11
 20
-55.06
 10
34.94
 20
-55.06
 10
34.94
 20
-59.89
 10
30.11
 20
-59.89
  0
LWPOLYLINE
100
AcDbEntity
  8
0
100
AcDbPolyline
 90
4
 70
1
 10
35.06
 20
-55.06
 10
39.89
 20
-55.06
 10
39.89
 20
-59.89
 10
35.06
 20
-59.89
  0
LWPOLYLINE
100
AcDbEntity
  8
0
100
AcDbPolyline
 90
4
 70
1
 10
40.11
 20
-55.06
 10
44.94
 20
-55.06
 10
44.94
 20
-59.89
 10
40.11
 20
-59.89
  0
LWPOLYLINE
100
AcDbEntity
  8
0
100
AcDbPolyline
 90
4
 70
1
 10
45.06
 20
-55.06
 10
49.89
 20
-55.06
 10
49.89
 20
-59.89
 10
45.06
 20
-59.89
  0
LWPOLYLINE
100
AcDbEntity
  8
0
100
AcDbPolyline
 90
4
 70
1
 10
50.11
 20
-55.06
 10
54.94
 20
-55.06
 10
54.94
 20
-59.89
 10
50.11
 20
-59.89
  0
LWPOLYLINE
100
AcDbEntity
  8
0
100
AcDbPolyline
 90
4
 70
1
 10
55.06
 20
-55.06
 10
59.89
 20
-55.06
 10
59.89
 20
-59.89
 10
55.06
 20
-59.89
  0
LWPOLYLINE
100
AcDbEntity
  8
0
100
AcDbPolyline
 90
4
 70
1
 10
60.11
 20
-55.06
 10
64.94
 20
-55.06
 10
64.94
 20
-59.89
 10
60.11
 20
-59.89
  0
LWPOLYLINE
100
AcDbEntity
  8
0
100
AcDbPolyline
 90
4
 70
1
 10
65.06
 20
-55.06
 10
69.89
 20
-55.06
 10
69.89
 20
-59.89
 10
65.06
 20
-59.89
  0
LWPOLYLINE
100
AcDbEntity
  8
0
100
AcDbPolyline
 90
4
 70
1
 10
70.11
 20
-55.06
 10
74.94
 20
-55.06
 10
74.94
 20
-59.89
 10
70.11
 20
-59.89
  0
LWPOLYLINE
100
AcDbEntity
  8
0
100
AcDbPolyline
 90
4
 70
1
 10
75.06
 20
-55.06
 10
79.89
 20
-55.06
 10
79.89
 20
-59.89
 10
75.06
 20
-59.89
  0
LWPOLYLINE
100
AcDbEntity
  8
0
100
AcDbPolyline
 90
4
 70
1
 10
80.11
 20
-55.06
 10
84.94
 20
-55.06
 10
84.94
 20
-59.89
 10
80.11
 20
-59.89
  0
LWPOLYLINE
100
AcDbEntity
  8
0
100
AcDbPolyline
 90
4
 70
1
 10
85.06
 20
-55.06
 10
89.89
 20
-55.06
 10
89.89
 20
-59.89
 10
85.06
 20
-59.89
  0
LWPOLYLINE
100
AcDbEntity
  8
0
100
AcDbPolyline
 90
4
 70
1
 10
90.11
 20
-55.06
 10
94.94
 20
-55.06
 10
94.94
 20
-59.89
 10
90.11
 20
-59.89
  0
LWPOLYLINE
100
AcDbEntity
  8
0
100
AcDbPolyline
 90
4
 70
1
 10
95.06
 20
-55.06
 10
99.89
 20
-55.06
 10
99.89
 20
-59.89
 10
95.06
 20
-59.89
  0
LWPOLYLINE
100
AcDbEntity
  8
0
100
AcDbPolyline
 90
4
 70
1
 10
100.11
 20
-55.06
 10
104.94
 20
-55.06
 10
104.94
 20
-59.89
 10
100.11
 20
-59.89
  0
LWPOLYLINE
100
AcDbEntity
  8
0
100
AcDbPolyline
 90
4
 70
1
 10
-1.39766
 20
-55.06
 10
-0.7
 20
-55.06
 10
-0.7
 20
-59.89
 10
-1.39766
 20
-59.89
  0
LWPOLYLINE
100
AcDbEntity
  8
0
100
AcDbPolyline
 90
4
 70
1
 10
-4.94
 20
-55.06
 10
-1.84766
 20
-55.06
 10
-1.84766
 20
-59.89
 10
-4.94
 20
-59.89
  0
LWPOLYLINE
100
AcDbEntity
  8
0
100
AcDbPolyline
 90
4
 70
1
 10
-14.94
 20
-55.06
 10
-12.925
 20
-55.06
 10
-12.925
 20
-59.89
 10
-14.94
 20
-59.89
  0
LWPOLYLINE
100
AcDbEntity
  8
0
100
AcDbPolyline
 90
4
 70
1
 10
-104.94
 20
-60.11
 10
-100.11
 20
-60.11
 10
-100.11
 20
-64.94
 10
-104.94
 20
-64.94
  0
LWPOLYLINE
100
AcDbEntity
  8
0
100
AcDbPolyline
 90
4
 70
1
 10
-99.89
 20
-60.11
 10
-95.06
 20
-60.11
 10
-95.06
 20
-64.94
 10
-99.89
 20
-64.94
  0
LWPOLYLINE
100
AcDbEntity
  8
0
100
AcDbPolyline
 90
4
 70
1
 10
-94.94
 20
-60.11
 10
-90.11
 20
-60.11
 10
-90.11
 20
-64.94
 10
-94.94
 20
-64.94
  0
LWPOLYLINE
100
AcDbEntity
  8
0
100
AcDbPolyline
 90
4
 70
1
 10
-89.89
 20
-60.11
 10
-85.06
 20
-60.11
 10
-85.06
 20
-64.94
 10
-89.89
 20
-64.94
  0
LWPOLYLINE
100
AcDbEntity
  8
0
100
AcDbPolyline
 90
4
 70
1
 10
-84.94
 20
-60.11
 10
-80.11
 20
-60.11
 10
-80.11
 20
-64.94
 10
-84.94
 20
-64.94
  0
LWPOLYLINE
100
AcDbEntity
  8
0
100
AcDbPolyline
 90
4
 70
1
 10
-79.89
 20
-60.11
 10
-75.06
 20
-60.11
 10
-75.06
 20
-64.94
 10
-79.89
 20
-64.94
  0
LWPOLYLINE
100
AcDbEntity
  8
0
100
AcDbPolyline
 90
4
 70
1
 10
-74.94
 20
-60.11
 10
-70.11
 20
-60.11
 10
-70.11
 20
-64.94
 10
-74.94
 20
-64.94
  0
LWPOLYLINE
100
AcDbEntity
  8
0
100
AcDbPolyline
 90
4
 70
1
 10
-69.89
 20
-60.11
 10
-65.06
 20
-60.11
 10
-65.06
 20
-64.94
 10
-69.89
 20
-64.94
  0
LWPOLYLINE
100
AcDbEntity
  8
0
100
AcDbPolyline
 90
4
 70
1
 10
-64.94
 20
-60.11
 10
-60.11
 20
-60.11
 10
-60.11
 20
-64.94
 10
-64.94
 20
-64.94
  0
LWPOLYLINE
100
AcDbEntity
  8
0
100
AcDbPolyline
 90
4
 70
1
 10
-59.89
 20
-60.11
 10
-55.06
 20
-60.11
 10
-55.06
 20
-64.94
 10
-59.89
 20
-64.94
  0
LWPOLYLINE
100
AcDbEntity
  8
0
100
AcDbPolyline
 90
4
 70
1
 10
-54.94
 20
-60.11
 10
-50.11
 20
-60.11
 10
-50.11
 20
-64.94
 10
-54.94
 20
-64.94
  0
LWPOLYLINE
100
AcDbEntity
  8
0
100
AcDbPolyline
 90
4
 70
1
 10
-49.89
 20
-60.11
 10
-45.06
 20
-60.11
 10
-45.06
 20
-64.94
 10
-49.89
 20
-64.94
  0
LWPOLYLINE
100
AcDbEntity
  8
0
100
AcDbPolyline
 90
4
 70
1
 10
-44.94
 20
-60.11
 10
-40.11
 20
-60.11
 10
-40.11
 20
-64.94
 10
-44.94
 20
-64.94
  0
LWPOLYLINE
100
AcDbEntity
  8
0
100
AcDbPolyline
 90
4
 70
1
 10
-39.89
 20
-60.11
 10
-35.06
 20
-60.11
 10
-35.06
 20
-64.94
 10
-39.89
 20
-64.94
  0
LWPOLYLINE
100
AcDbEntity
  8
0
100
AcDbPolyline
 90
4
 70
1
 10
-34.94
 20
-60.11
 10
-30.11
 20
-60.11
 10
-30.11
 20
-64.94
 10
-34.94
 20
-64.94
  0
LWPOLYLINE
100
AcDbEntity
  8
0
100
AcDbPolyline
 90
4
 70
1
 10
-29.89
 20
-60.11
 10
-25.06
 20
-60.11
 10
-25.06
 20
-64.94
 10
-29.89
 20
-64.94
  0
LWPOLYLINE
100
AcDbEntity
  8
0
100
AcDbPolyline
 90
4
 70
1
 10
-24.94
 20
-60.11
 10
-20.11
 20
-60.11
 10
-20.11
 20
-64.94
 10
-24.94
 20
-64.94
  0
LWPOLYLINE
100
AcDbEntity
  8
0
100
AcDbPolyline
 90
4
 70
1
 10
-19.89
 20
-60.11
 10
-15.06
 20
-60.11
 10
-15.06
 20
-64.94
 10
-19.89
 20
-64.94
  0
LWPOLYLINE
100
AcDbEntity
  8
0
100
AcDbPolyline
 90
4
 70
1
 10
-12.375
 20
-60.11
 10
-10.11
 20
-60.11
 10
-10.11
 20
-64.94
 10
-12.375
 20
-64.94
  0
LWPOLYLINE
100
AcDbEntity
  8
0
100
AcDbPolyline
 90
4
 70
1
 10
-9.89
 20
-60.11
 10
-5.06
 20
-60.11
 10
-5.06
 20
-64.94
 10
-9.89
 20
-64.94
  0
LWPOLYLINE
100
AcDbEntity
  8
0
100
AcDbPolyline
 90
4
 70
1
 10
0.425
 20
-60.11
 10
4.94
 20
-60.11
 10
4.94
 20
-64.94
 10
0.425
 20
-64.94
  0
LWPOLYLINE
100
AcDbEntity
  8
0
100
AcDbPolyline
 90
4
 70
1
 10
5.06
 20
-60.11
 10
9.89
 20
-60.11
 10
9.89
 20
-64.94
 10
5.06
 20
-64.94
  0
LWPOLYLINE
100
AcDbEntity
  8
0
100
AcDbPolyline
 90
4
 70
1
 10
10.11
 20
-60.11
 10
14.94
 20
-60.11
 10
14.94
 20
-64.94
 10
10.11
 20
-64.94
  0
LWPOLYLINE
100
AcDbEntity
  8
0
100
AcDbPolyline
 90
4
 70
1
 10
15.06
 20
-60.11
 10
19.89
 20
-60.11
 10
19.89
 20
-64.94
 10
15.06
 20
-64.94
  0
LWPOLYLINE
100
AcDbEntity
  8
0
100
AcDbPolyline
 90
4
 70
1
 10
20.11
 20
-60.11
 10
24.94
 20
-60.11
 10
24.94
 20
-64.94
 10
20.11
 20
-64.94
  0
LWPOLYLINE
100
AcDbEntity
  8
0
100
AcDbPolyline
 90
4
 70
1
 10
25.06
 20
-60.11
 10
29.89
 20
-60.11
 10
29.89
 20
-64.94
 10
25.06
 20
-64.94
  0
LWPOLYLINE
100
AcDbEntity
  8
0
100
AcDbPolyline
 90
4
 70
1
 10
30.11
 20
-60.11
 10
34.94
 20
-60.11
 10
34.94
 20
-64.94
 10
30.11
 20
-64.94
  0
LWPOLYLINE
100
AcDbEntity
  8
0
100
AcDbPolyline
 90
4
 70
1
 10
35.06
 20
-60.11
 10
39.89
 20
-60.11
 10
39.89
 20
-64.94
 10
35.06
 20
-64.94
  0
LWPOLYLINE
100
AcDbEntity
  8
0
100
AcDbPolyline
 90
4
 70
1
 10
40.11
 20
-60.11
 10
44.94
 20
-60.11
 10
44.94
 20
-64.94
 10
40.11
 20
-64.94
  0
LWPOLYLINE
100
AcDbEntity
  8
0
100
AcDbPolyline
 90
4
 70
1
 10
45.06
 20
-60.11
 10
49.89
 20
-60.11
 10
49.89
 20
-64.94
 10
45.06
 20
-64.94
  0
LWPOLYLINE
100
AcDbEntity
  8
0
100
AcDbPolyline
 90
4
 70
1
 10
50.11
 20
-60.11
 10
54.94
 20
-60.11
 10
54.94
 20
-64.94
 10
50.11
 20
-64.94
  0
LWPOLYLINE
100
AcDbEntity
  8
0
100
AcDbPolyline
 90
4
 70
1
 10
55.06
 20
-60.11
 10
59.89
 20
-60.11
 10
59.89
 20
-64.94
 10
55.06
 20
-64.94
  0
LWPOLYLINE
100
AcDbEntity
  8
0
100
AcDbPolyline
 90
4
 70
1
 10
60.11
 20
-60.11
 10
64.94
 20
-60.11
 10
64.94
 20
-64.94
 10
60.11
 20
-64.94
  0
LWPOLYLINE
100
AcDbEntity
  8
0
100
AcDbPolyline
 90
4
 70
1
 10
65.06
 20
-60.11
 10
69.89
 20
-60.11
 10
69.89
 20
-64.94
 10
65.06
 20
-64.94
  0
LWPOLYLINE
100
AcDbEntity
  8
0
100
AcDbPolyline
 90
4
 70
1
 10
70.11
 20
-60.11
 10
74.94
 20
-60.11
 10
74.94
 20
-64.94
 10
70.11
 20
-64.94
  0
LWPOLYLINE
100
AcDbEntity
  8
0
100
AcDbPolyline
 90
4
 70
1
 10
75.06
 20
-60.11
 10
79.89
 20
-60.11
 10
79.89
 20
-64.94
 10
75.06
 20
-64.94
  0
LWPOLYLINE
100
AcDbEntity
  8
0
100
AcDbPolyline
 90
4
 70
1
 10
80.11
 20
-60.11
 10
84.94
 20
-60.11
 10
84.94
 20
-64.94
 10
80.11
 20
-64.94
  0
LWPOLYLINE
100
AcDbEntity
  8
0
100
AcDbPolyline
 90
4
 70
1
 10
85.06
 20
-60.11
 10
89.89
 20
-60.11
 10
89.89
 20
-64.94
 10
85.06
 20
-64.94
  0
LWPOLYLINE
100
AcDbEntity
  8
0
100
AcDbPolyline
 90
4
 70
1
 10
90.11
 20
-60.11
 10
94.94
 20
-60.11
 10
94.94
 20
-64.94
 10
90.11
 20
-64.94
  0
LWPOLYLINE
100
AcDbEntity
  8
0
100
AcDbPolyline
 90
4
 70
1
 10
95.06
 20
-60.11
 10
99.89
 20
-60.11
 10
99.89
 20
-64.94
 10
95.06
 20
-64.94
  0
LWPOLYLINE
100
AcDbEntity
  8
0
100
AcDbPolyline
 90
4
 70
1
 10
100.11
 20
-60.11
 10
104.94
 20
-60.11
 10
104.94
 20
-64.94
 10
100.11
 20
-64.94
  0
LWPOLYLINE
100
AcDbEntity
  8
0
100
AcDbPolyline
 90
4
 70
1
 10
-1.39766
 20
-60.11
 10
-0.7
 20
-60.11
 10
-0.7
 20
-64.94
 10
-1.39766
 20
-64.94
  0
LWPOLYLINE
100
AcDbEntity
  8
0
100
AcDbPolyline
 90
4
 70
1
 10
-4.94
 20
-60.11
 10
-1.84766
 20
-60.11
 10
-1.84766
 20
-64.94
 10
-4.94
 20
-64.94
  0
LWPOLYLINE
100
AcDbEntity
  8
0
100
AcDbPolyline
 90
4
 70
1
 10
-14.94
 20
-60.11
 10
-12.925
 20
-60.11
 10
-12.925
 20
-64.94
 10
-14.94
 20
-64.94
  0
LWPOLYLINE
100
AcDbEntity
  8
0
100
AcDbPolyline
 90
4
 70
1
 10
-104.94
 20
-65.06
 10
-100.11
 20
-65.06
 10
-100.11
 20
-69.89
 10
-104.94
 20
-69.89
  0
LWPOLYLINE
100
AcDbEntity
  8
0
100
AcDbPolyline
 90
4
 70
1
 10
-99.89
 20
-65.06
 10
-95.06
 20
-65.06
 10
-95.06
 20
-69.89
 10
-99.89
 20
-69.89
  0
LWPOLYLINE
100
AcDbEntity
  8
0
100
AcDbPolyline
 90
4
 70
1
 10
-94.94
 20
-65.06
 10
-90.11
 20
-65.06
 10
-90.11
 20
-69.89
 10
-94.94
 20
-69.89
  0
LWPOLYLINE
100
AcDbEntity
  8
0
100
AcDbPolyline
 90
4
 70
1
 10
-89.89
 20
-65.06
 10
-85.06
 20
-65.06
 10
-85.06
 20
-69.89
 10
-89.89
 20
-69.89
  0
LWPOLYLINE
100
AcDbEntity
  8
0
100
AcDbPolyline
 90
4
 70
1
 10
-84.94
 20
-65.06
 10
-80.11
 20
-65.06
 10
-80.11
 20
-69.89
 10
-84.94
 20
-69.89
  0
LWPOLYLINE
100
AcDbEntity
  8
0
100
AcDbPolyline
 90
4
 70
1
 10
-79.89
 20
-65.06
 10
-75.06
 20
-65.06
 10
-75.06
 20
-69.89
 10
-79.89
 20
-69.89
  0
LWPOLYLINE
100
AcDbEntity
  8
0
100
AcDbPolyline
 90
4
 70
1
 10
-74.94
 20
-65.06
 10
-70.11
 20
-65.06
 10
-70.11
 20
-69.89
 10
-74.94
 20
-69.89
  0
LWPOLYLINE
100
AcDbEntity
  8
0
100
AcDbPolyline
 90
4
 70
1
 10
-69.89
 20
-65.06
 10
-65.06
 20
-65.06
 10
-65.06
 20
-69.89
 10
-69.89
 20
-69.89
  0
LWPOLYLINE
100
AcDbEntity
  8
0
100
AcDbPolyline
 90
4
 70
1
 10
-64.94
 20
-65.06
 10
-60.11
 20
-65.06
 10
-60.11
 20
-69.89
 10
-64.94
 20
-69.89
  0
LWPOLYLINE
100
AcDbEntity
  8
0
100
AcDbPolyline
 90
4
 70
1
 10
-59.89
 20
-65.06
 10
-55.06
 20
-65.06
 10
-55.06
 20
-69.89
 10
-59.89
 20
-69.89
  0
LWPOLYLINE
100
AcDbEntity
  8
0
100
AcDbPolyline
 90
4
 70
1
 10
-54.94
 20
-65.06
 10
-50.11
 20
-65.06
 10
-50.11
 20
-69.89
 10
-54.94
 20
-69.89
  0
LWPOLYLINE
100
AcDbEntity
  8
0
100
AcDbPolyline
 90
4
 70
1
 10
-49.89
 20
-65.06
 10
-45.06
 20
-65.06
 10
-45.06
 20
-69.89
 10
-49.89
 20
-69.89
  0
LWPOLYLINE
100
AcDbEntity
  8
0
100
AcDbPolyline
 90
4
 70
1
 10
-44.94
 20
-65.06
 10
-40.11
 20
-65.06
 10
-40.11
 20
-69.89
 10
-44.94
 20
-69.89
  0
LWPOLYLINE
100
AcDbEntity
  8
0
100
AcDbPolyline
 90
4
 70
1
 10
-39.89
 20
-65.06
 10
-35.06
 20
-65.06
 10
-35.06
 20
-69.89
 10
-39.89
 20
-69.89
  0
LWPOLYLINE
100
AcDbEntity
  8
0
100
AcDbPolyline
 90
4
 70
1
 10
-34.94
 20
-65.06
 10
-30.11
 20
-65.06
 10
-30.11
 20
-69.89
 10
-34.94
 20
-69.89
  0
LWPOLYLINE
100
AcDbEntity
  8
0
100
AcDbPolyline
 90
4
 70
1
 10
-29.89
 20
-65.06
 10
-25.06
 20
-65.06
 10
-25.06
 20
-69.89
 10
-29.89
 20
-69.89
  0
LWPOLYLINE
100
AcDbEntity
  8
0
100
AcDbPolyline
 90
4
 70
1
 10
-24.94
 20
-65.06
 10
-20.11
 20
-65.06
 10
-20.11
 20
-69.89
 10
-24.94
 20
-69.89
  0
LWPOLYLINE
100
AcDbEntity
  8
0
100
AcDbPolyline
 90
4
 70
1
 10
-19.89
 20
-65.06
 10
-15.06
 20
-65.06
 10
-15.06
 20
-69.89
 10
-19.89
 20
-69.89
  0
LWPOLYLINE
100
AcDbEntity
  8
0
100
AcDbPolyline
 90
4
 70
1
 10
-12.375
 20
-65.06
 10
-10.11
 20
-65.06
 10
-10.11
 20
-69.89
 10
-12.375
 20
-69.89
  0
LWPOLYLINE
100
AcDbEntity
  8
0
100
AcDbPolyline
 90
4
 70
1
 10
-9.89
 20
-65.06
 10
-5.06
 20
-65.06
 10
-5.06
 20
-69.89
 10
-9.89
 20
-69.89
  0
LWPOLYLINE
100
AcDbEntity
  8
0
100
AcDbPolyline
 90
4
 70
1
 10
0.425
 20
-65.06
 10
4.94
 20
-65.06
 10
4.94
 20
-69.89
 10
0.425
 20
-69.89
  0
LWPOLYLINE
100
AcDbEntity
  8
0
100
AcDbPolyline
 90
4
 70
1
 10
5.06
 20
-65.06
 10
9.89
 20
-65.06
 10
9.89
 20
-69.89
 10
5.06
 20
-69.89
  0
LWPOLYLINE
100
AcDbEntity
  8
0
100
AcDbPolyline
 90
4
 70
1
 10
10.11
 20
-65.06
 10
14.94
 20
-65.06
 10
14.94
 20
-69.89
 10
10.11
 20
-69.89
  0
LWPOLYLINE
100
AcDbEntity
  8
0
100
AcDbPolyline
 90
4
 70
1
 10
15.06
 20
-65.06
 10
19.89
 20
-65.06
 10
19.89
 20
-69.89
 10
15.06
 20
-69.89
  0
LWPOLYLINE
100
AcDbEntity
  8
0
100
AcDbPolyline
 90
4
 70
1
 10
20.11
 20
-65.06
 10
24.94
 20
-65.06
 10
24.94
 20
-69.89
 10
20.11
 20
-69.89
  0
LWPOLYLINE
100
AcDbEntity
  8
0
100
AcDbPolyline
 90
4
 70
1
 10
25.06
 20
-65.06
 10
29.89
 20
-65.06
 10
29.89
 20
-69.89
 10
25.06
 20
-69.89
  0
LWPOLYLINE
100
AcDbEntity
  8
0
100
AcDbPolyline
 90
4
 70
1
 10
30.11
 20
-65.06
 10
34.94
 20
-65.06
 10
34.94
 20
-69.89
 10
30.11
 20
-69.89
  0
LWPOLYLINE
100
AcDbEntity
  8
0
100
AcDbPolyline
 90
4
 70
1
 10
35.06
 20
-65.06
 10
39.89
 20
-65.06
 10
39.89
 20
-69.89
 10
35.06
 20
-69.89
  0
LWPOLYLINE
100
AcDbEntity
  8
0
100
AcDbPolyline
 90
4
 70
1
 10
40.11
 20
-65.06
 10
44.94
 20
-65.06
 10
44.94
 20
-69.89
 10
40.11
 20
-69.89
  0
LWPOLYLINE
100
AcDbEntity
  8
0
100
AcDbPolyline
 90
4
 70
1
 10
45.06
 20
-65.06
 10
49.89
 20
-65.06
 10
49.89
 20
-69.89
 10
45.06
 20
-69.89
  0
LWPOLYLINE
100
AcDbEntity
  8
0
100
AcDbPolyline
 90
4
 70
1
 10
50.11
 20
-65.06
 10
54.94
 20
-65.06
 10
54.94
 20
-69.89
 10
50.11
 20
-69.89
  0
LWPOLYLINE
100
AcDbEntity
  8
0
100
AcDbPolyline
 90
4
 70
1
 10
55.06
 20
-65.06
 10
59.89
 20
-65.06
 10
59.89
 20
-69.89
 10
55.06
 20
-69.89
  0
LWPOLYLINE
100
AcDbEntity
  8
0
100
AcDbPolyline
 90
4
 70
1
 10
60.11
 20
-65.06
 10
64.94
 20
-65.06
 10
64.94
 20
-69.89
 10
60.11
 20
-69.89
  0
LWPOLYLINE
100
AcDbEntity
  8
0
100
AcDbPolyline
 90
4
 70
1
 10
65.06
 20
-65.06
 10
69.89
 20
-65.06
 10
69.89
 20
-69.89
 10
65.06
 20
-69.89
  0
LWPOLYLINE
100
AcDbEntity
  8
0
100
AcDbPolyline
 90
4
 70
1
 10
70.11
 20
-65.06
 10
74.94
 20
-65.06
 10
74.94
 20
-69.89
 10
70.11
 20
-69.89
  0
LWPOLYLINE
100
AcDbEntity
  8
0
100
AcDbPolyline
 90
4
 70
1
 10
75.06
 20
-65.06
 10
79.89
 20
-65.06
 10
79.89
 20
-69.89
 10
75.06
 20
-69.89
  0
LWPOLYLINE
100
AcDbEntity
  8
0
100
AcDbPolyline
 90
4
 70
1
 10
80.11
 20
-65.06
 10
84.94
 20
-65.06
 10
84.94
 20
-69.89
 10
80.11
 20
-69.89
  0
LWPOLYLINE
100
AcDbEntity
  8
0
100
AcDbPolyline
 90
4
 70
1
 10
85.06
 20
-65.06
 10
89.89
 20
-65.06
 10
89.89
 20
-69.89
 10
85.06
 20
-69.89
  0
LWPOLYLINE
100
AcDbEntity
  8
0
100
AcDbPolyline
 90
4
 70
1
 10
90.11
 20
-65.06
 10
94.94
 20
-65.06
 10
94.94
 20
-69.89
 10
90.11
 20
-69.89
  0
LWPOLYLINE
100
AcDbEntity
  8
0
100
AcDbPolyline
 90
4
 70
1
 10
95.06
 20
-65.06
 10
99.89
 20
-65.06
 10
99.89
 20
-69.89
 10
95.06
 20
-69.89
  0
LWPOLYLINE
100
AcDbEntity
  8
0
100
AcDbPolyline
 90
4
 70
1
 10
100.11
 20
-65.06
 10
104.94
 20
-65.06
 10
104.94
 20
-69.89
 10
100.11
 20
-69.89
  0
LWPOLYLINE
100
AcDbEntity
  8
0
100
AcDbPolyline
 90
4
 70
1
 10
-1.39766
 20
-65.06
 10
-0.7
 20
-65.06
 10
-0.7
 20
-69.89
 10
-1.39766
 20
-69.89
  0
LWPOLYLINE
100
AcDbEntity
  8
0
100
AcDbPolyline
 90
4
 70
1
 10
-4.94
 20
-65.06
 10
-1.84766
 20
-65.06
 10
-1.84766
 20
-69.89
 10
-4.94
 20
-69.89
  0
LWPOLYLINE
100
AcDbEntity
  8
0
100
AcDbPolyline
 90
4
 70
1
 10
-14.94
 20
-65.06
 10
-12.925
 20
-65.06
 10
-12.925
 20
-69.89
 10
-14.94
 20
-69.89
  0
LWPOLYLINE
100
AcDbEntity
  8
0
100
AcDbPolyline
 90
4
 70
1
 10
-104.94
 20
-70.11
 10
-100.11
 20
-70.11
 10
-100.11
 20
-74.94
 10
-104.94
 20
-74.94
  0
LWPOLYLINE
100
AcDbEntity
  8
0
100
AcDbPolyline
 90
4
 70
1
 10
-99.89
 20
-70.11
 10
-95.06
 20
-70.11
 10
-95.06
 20
-74.94
 10
-99.89
 20
-74.94
  0
LWPOLYLINE
100
AcDbEntity
  8
0
100
AcDbPolyline
 90
4
 70
1
 10
-94.94
 20
-70.11
 10
-90.11
 20
-70.11
 10
-90.11
 20
-74.94
 10
-94.94
 20
-74.94
  0
LWPOLYLINE
100
AcDbEntity
  8
0
100
AcDbPolyline
 90
4
 70
1
 10
-89.89
 20
-70.11
 10
-85.06
 20
-70.11
 10
-85.06
 20
-74.94
 10
-89.89
 20
-74.94
  0
LWPOLYLINE
100
AcDbEntity
  8
0
100
AcDbPolyline
 90
4
 70
1
 10
-84.94
 20
-70.11
 10
-80.11
 20
-70.11
 10
-80.11
 20
-74.94
 10
-84.94
 20
-74.94
  0
LWPOLYLINE
100
AcDbEntity
  8
0
100
AcDbPolyline
 90
4
 70
1
 10
-79.89
 20
-70.11
 10
-75.06
 20
-70.11
 10
-75.06
 20
-74.94
 10
-79.89
 20
-74.94
  0
LWPOLYLINE
100
AcDbEntity
  8
0
100
AcDbPolyline
 90
4
 70
1
 10
-74.94
 20
-70.11
 10
-70.11
 20
-70.11
 10
-70.11
 20
-74.94
 10
-74.94
 20
-74.94
  0
LWPOLYLINE
100
AcDbEntity
  8
0
100
AcDbPolyline
 90
4
 70
1
 10
-69.89
 20
-70.11
 10
-65.06
 20
-70.11
 10
-65.06
 20
-74.94
 10
-69.89
 20
-74.94
  0
LWPOLYLINE
100
AcDbEntity
  8
0
100
AcDbPolyline
 90
4
 70
1
 10
-64.94
 20
-70.11
 10
-60.11
 20
-70.11
 10
-60.11
 20
-74.94
 10
-64.94
 20
-74.94
  0
LWPOLYLINE
100
AcDbEntity
  8
0
100
AcDbPolyline
 90
4
 70
1
 10
-59.89
 20
-70.11
 10
-55.06
 20
-70.11
 10
-55.06
 20
-74.94
 10
-59.89
 20
-74.94
  0
LWPOLYLINE
100
AcDbEntity
  8
0
100
AcDbPolyline
 90
4
 70
1
 10
-54.94
 20
-70.11
 10
-50.11
 20
-70.11
 10
-50.11
 20
-74.94
 10
-54.94
 20
-74.94
  0
LWPOLYLINE
100
AcDbEntity
  8
0
100
AcDbPolyline
 90
4
 70
1
 10
-49.89
 20
-70.11
 10
-45.06
 20
-70.11
 10
-45.06
 20
-74.94
 10
-49.89
 20
-74.94
  0
LWPOLYLINE
100
AcDbEntity
  8
0
100
AcDbPolyline
 90
4
 70
1
 10
-44.94
 20
-70.11
 10
-40.11
 20
-70.11
 10
-40.11
 20
-74.94
 10
-44.94
 20
-74.94
  0
LWPOLYLINE
100
AcDbEntity
  8
0
100
AcDbPolyline
 90
4
 70
1
 10
-39.89
 20
-70.11
 10
-35.06
 20
-70.11
 10
-35.06
 20
-74.94
 10
-39.89
 20
-74.94
  0
LWPOLYLINE
100
AcDbEntity
  8
0
100
AcDbPolyline
 90
4
 70
1
 10
-34.94
 20
-70.11
 10
-30.11
 20
-70.11
 10
-30.11
 20
-74.94
 10
-34.94
 20
-74.94
  0
LWPOLYLINE
100
AcDbEntity
  8
0
100
AcDbPolyline
 90
4
 70
1
 10
-29.89
 20
-70.11
 10
-25.06
 20
-70.11
 10
-25.06
 20
-74.94
 10
-29.89
 20
-74.94
  0
LWPOLYLINE
100
AcDbEntity
  8
0
100
AcDbPolyline
 90
4
 70
1
 10
-24.94
 20
-70.11
 10
-20.11
 20
-70.11
 10
-20.11
 20
-74.94
 10
-24.94
 20
-74.94
  0
LWPOLYLINE
100
AcDbEntity
  8
0
100
AcDbPolyline
 90
4
 70
1
 10
-19.89
 20
-70.11
 10
-15.06
 20
-70.11
 10
-15.06
 20
-74.94
 10
-19.89
 20
-74.94
  0
LWPOLYLINE
100
AcDbEntity
  8
0
100
AcDbPolyline
 90
4
 70
1
 10
-12.375
 20
-70.11
 10
-10.11
 20
-70.11
 10
-10.11
 20
-74.94
 10
-12.375
 20
-74.94
  0
LWPOLYLINE
100
AcDbEntity
  8
0
100
AcDbPolyline
 90
4
 70
1
 10
-9.89
 20
-70.11
 10
-5.06
 20
-70.11
 10
-5.06
 20
-74.94
 10
-9.89
 20
-74.94
  0
LWPOLYLINE
100
AcDbEntity
  8
0
100
AcDbPolyline
 90
4
 70
1
 10
0.425
 20
-70.11
 10
4.94
 20
-70.11
 10
4.94
 20
-74.94
 10
0.425
 20
-74.94
  0
LWPOLYLINE
100
AcDbEntity
  8
0
100
AcDbPolyline
 90
4
 70
1
 10
5.06
 20
-70.11
 10
9.89
 20
-70.11
 10
9.89
 20
-74.94
 10
5.06
 20
-74.94
  0
LWPOLYLINE
100
AcDbEntity
  8
0
100
AcDbPolyline
 90
4
 70
1
 10
10.11
 20
-70.11
 10
14.94
 20
-70.11
 10
14.94
 20
-74.94
 10
10.11
 20
-74.94
  0
LWPOLYLINE
100
AcDbEntity
  8
0
100
AcDbPolyline
 90
4
 70
1
 10
15.06
 20
-70.11
 10
19.89
 20
-70.11
 10
19.89
 20
-74.94
 10
15.06
 20
-74.94
  0
LWPOLYLINE
100
AcDbEntity
  8
0
100
AcDbPolyline
 90
4
 70
1
 10
20.11
 20
-70.11
 10
24.94
 20
-70.11
 10
24.94
 20
-74.94
 10
20.11
 20
-74.94
  0
LWPOLYLINE
100
AcDbEntity
  8
0
100
AcDbPolyline
 90
4
 70
1
 10
25.06
 20
-70.11
 10
29.89
 20
-70.11
 10
29.89
 20
-74.94
 10
25.06
 20
-74.94
  0
LWPOLYLINE
100
AcDbEntity
  8
0
100
AcDbPolyline
 90
4
 70
1
 10
30.11
 20
-70.11
 10
34.94
 20
-70.11
 10
34.94
 20
-74.94
 10
30.11
 20
-74.94
  0
LWPOLYLINE
100
AcDbEntity
  8
0
100
AcDbPolyline
 90
4
 70
1
 10
35.06
 20
-70.11
 10
39.89
 20
-70.11
 10
39.89
 20
-74.94
 10
35.06
 20
-74.94
  0
LWPOLYLINE
100
AcDbEntity
  8
0
100
AcDbPolyline
 90
4
 70
1
 10
40.11
 20
-70.11
 10
44.94
 20
-70.11
 10
44.94
 20
-74.94
 10
40.11
 20
-74.94
  0
LWPOLYLINE
100
AcDbEntity
  8
0
100
AcDbPolyline
 90
4
 70
1
 10
45.06
 20
-70.11
 10
49.89
 20
-70.11
 10
49.89
 20
-74.94
 10
45.06
 20
-74.94
  0
LWPOLYLINE
100
AcDbEntity
  8
0
100
AcDbPolyline
 90
4
 70
1
 10
50.11
 20
-70.11
 10
54.94
 20
-70.11
 10
54.94
 20
-74.94
 10
50.11
 20
-74.94
  0
LWPOLYLINE
100
AcDbEntity
  8
0
100
AcDbPolyline
 90
4
 70
1
 10
55.06
 20
-70.11
 10
59.89
 20
-70.11
 10
59.89
 20
-74.94
 10
55.06
 20
-74.94
  0
LWPOLYLINE
100
AcDbEntity
  8
0
100
AcDbPolyline
 90
4
 70
1
 10
60.11
 20
-70.11
 10
64.94
 20
-70.11
 10
64.94
 20
-74.94
 10
60.11
 20
-74.94
  0
LWPOLYLINE
100
AcDbEntity
  8
0
100
AcDbPolyline
 90
4
 70
1
 10
65.06
 20
-70.11
 10
69.89
 20
-70.11
 10
69.89
 20
-74.94
 10
65.06
 20
-74.94
  0
LWPOLYLINE
100
AcDbEntity
  8
0
100
AcDbPolyline
 90
4
 70
1
 10
70.11
 20
-70.11
 10
74.94
 20
-70.11
 10
74.94
 20
-74.94
 10
70.11
 20
-74.94
  0
LWPOLYLINE
100
AcDbEntity
  8
0
100
AcDbPolyline
 90
4
 70
1
 10
75.06
 20
-70.11
 10
79.89
 20
-70.11
 10
79.89
 20
-74.94
 10
75.06
 20
-74.94
  0
LWPOLYLINE
100
AcDbEntity
  8
0
100
AcDbPolyline
 90
4
 70
1
 10
80.11
 20
-70.11
 10
84.94
 20
-70.11
 10
84.94
 20
-74.94
 10
80.11
 20
-74.94
  0
LWPOLYLINE
100
AcDbEntity
  8
0
100
AcDbPolyline
 90
4
 70
1
 10
85.06
 20
-70.11
 10
89.89
 20
-70.11
 10
89.89
 20
-74.94
 10
85.06
 20
-74.94
  0
LWPOLYLINE
100
AcDbEntity
  8
0
100
AcDbPolyline
 90
4
 70
1
 10
90.11
 20
-70.11
 10
94.94
 20
-70.11
 10
94.94
 20
-74.94
 10
90.11
 20
-74.94
  0
LWPOLYLINE
100
AcDbEntity
  8
0
100
AcDbPolyline
 90
4
 70
1
 10
95.06
 20
-70.11
 10
99.89
 20
-70.11
 10
99.89
 20
-74.94
 10
95.06
 20
-74.94
  0
LWPOLYLINE
100
AcDbEntity
  8
0
100
AcDbPolyline
 90
4
 70
1
 10
100.11
 20
-70.11
 10
104.94
 20
-70.11
 10
104.94
 20
-74.94
 10
100.11
 20
-74.94
  0
LWPOLYLINE
100
AcDbEntity
  8
0
100
AcDbPolyline
 90
4
 70
1
 10
-1.39766
 20
-70.11
 10
-0.7
 20
-70.11
 10
-0.7
 20
-74.94
 10
-1.39766
 20
-74.94
  0
LWPOLYLINE
100
AcDbEntity
  8
0
100
AcDbPolyline
 90
4
 70
1
 10
-4.94
 20
-70.11
 10
-1.84766
 20
-70.11
 10
-1.84766
 20
-74.94
 10
-4.94
 20
-74.94
  0
LWPOLYLINE
100
AcDbEntity
  8
0
100
AcDbPolyline
 90
4
 70
1
 10
-14.94
 20
-70.11
 10
-12.925
 20
-70.11
 10
-12.925
 20
-74.94
 10
-14.94
 20
-74.94
  0
LWPOLYLINE
100
AcDbEntity
  8
0
100
AcDbPolyline
 90
4
 70
1
 10
-104.94
 20
-75.06
 10
-100.11
 20
-75.06
 10
-100.11
 20
-79.89
 10
-104.94
 20
-79.89
  0
LWPOLYLINE
100
AcDbEntity
  8
0
100
AcDbPolyline
 90
4
 70
1
 10
-99.89
 20
-75.06
 10
-95.06
 20
-75.06
 10
-95.06
 20
-79.89
 10
-99.89
 20
-79.89
  0
LWPOLYLINE
100
AcDbEntity
  8
0
100
AcDbPolyline
 90
4
 70
1
 10
-94.94
 20
-75.06
 10
-90.11
 20
-75.06
 10
-90.11
 20
-79.89
 10
-94.94
 20
-79.89
  0
LWPOLYLINE
100
AcDbEntity
  8
0
100
AcDbPolyline
 90
4
 70
1
 10
-89.89
 20
-75.06
 10
-85.06
 20
-75.06
 10
-85.06
 20
-79.89
 10
-89.89
 20
-79.89
  0
LWPOLYLINE
100
AcDbEntity
  8
0
100
AcDbPolyline
 90
4
 70
1
 10
-84.94
 20
-75.06
 10
-80.11
 20
-75.06
 10
-80.11
 20
-79.89
 10
-84.94
 20
-79.89
  0
LWPOLYLINE
100
AcDbEntity
  8
0
100
AcDbPolyline
 90
4
 70
1
 10
-79.89
 20
-75.06
 10
-75.06
 20
-75.06
 10
-75.06
 20
-79.89
 10
-79.89
 20
-79.89
  0
LWPOLYLINE
100
AcDbEntity
  8
0
100
AcDbPolyline
 90
4
 70
1
 10
-74.94
 20
-75.06
 10
-70.11
 20
-75.06
 10
-70.11
 20
-79.89
 10
-74.94
 20
-79.89
  0
LWPOLYLINE
100
AcDbEntity
  8
0
100
AcDbPolyline
 90
4
 70
1
 10
-69.89
 20
-75.06
 10
-65.06
 20
-75.06
 10
-65.06
 20
-79.89
 10
-69.89
 20
-79.89
  0
LWPOLYLINE
100
AcDbEntity
  8
0
100
AcDbPolyline
 90
4
 70
1
 10
-64.94
 20
-75.06
 10
-60.11
 20
-75.06
 10
-60.11
 20
-79.89
 10
-64.94
 20
-79.89
  0
LWPOLYLINE
100
AcDbEntity
  8
0
100
AcDbPolyline
 90
4
 70
1
 10
-59.89
 20
-75.06
 10
-55.06
 20
-75.06
 10
-55.06
 20
-79.89
 10
-59.89
 20
-79.89
  0
LWPOLYLINE
100
AcDbEntity
  8
0
100
AcDbPolyline
 90
4
 70
1
 10
-54.94
 20
-75.06
 10
-50.11
 20
-75.06
 10
-50.11
 20
-79.89
 10
-54.94
 20
-79.89
  0
LWPOLYLINE
100
AcDbEntity
  8
0
100
AcDbPolyline
 90
4
 70
1
 10
-49.89
 20
-75.06
 10
-45.06
 20
-75.06
 10
-45.06
 20
-79.89
 10
-49.89
 20
-79.89
  0
LWPOLYLINE
100
AcDbEntity
  8
0
100
AcDbPolyline
 90
4
 70
1
 10
-44.94
 20
-75.06
 10
-40.11
 20
-75.06
 10
-40.11
 20
-79.89
 10
-44.94
 20
-79.89
  0
LWPOLYLINE
100
AcDbEntity
  8
0
100
AcDbPolyline
 90
4
 70
1
 10
-39.89
 20
-75.06
 10
-35.06
 20
-75.06
 10
-35.06
 20
-79.89
 10
-39.89
 20
-79.89
  0
LWPOLYLINE
100
AcDbEntity
  8
0
100
AcDbPolyline
 90
4
 70
1
 10
-34.94
 20
-75.06
 10
-30.11
 20
-75.06
 10
-30.11
 20
-79.89
 10
-34.94
 20
-79.89
  0
LWPOLYLINE
100
AcDbEntity
  8
0
100
AcDbPolyline
 90
4
 70
1
 10
-29.89
 20
-75.06
 10
-25.06
 20
-75.06
 10
-25.06
 20
-79.89
 10
-29.89
 20
-79.89
  0
LWPOLYLINE
100
AcDbEntity
  8
0
100
AcDbPolyline
 90
4
 70
1
 10
-24.94
 20
-75.06
 10
-20.11
 20
-75.06
 10
-20.11
 20
-79.89
 10
-24.94
 20
-79.89
  0
LWPOLYLINE
100
AcDbEntity
  8
0
100
AcDbPolyline
 90
4
 70
1
 10
-19.89
 20
-75.06
 10
-15.06
 20
-75.06
 10
-15.06
 20
-79.89
 10
-19.89
 20
-79.89
  0
LWPOLYLINE
100
AcDbEntity
  8
0
100
AcDbPolyline
 90
4
 70
1
 10
-12.375
 20
-75.06
 10
-10.11
 20
-75.06
 10
-10.11
 20
-79.89
 10
-12.375
 20
-79.89
  0
LWPOLYLINE
100
AcDbEntity
  8
0
100
AcDbPolyline
 90
4
 70
1
 10
-9.89
 20
-75.06
 10
-5.06
 20
-75.06
 10
-5.06
 20
-79.89
 10
-9.89
 20
-79.89
  0
LWPOLYLINE
100
AcDbEntity
  8
0
100
AcDbPolyline
 90
4
 70
1
 10
0.425
 20
-75.06
 10
4.94
 20
-75.06
 10
4.94
 20
-79.89
 10
0.425
 20
-79.89
  0
LWPOLYLINE
100
AcDbEntity
  8
0
100
AcDbPolyline
 90
4
 70
1
 10
5.06
 20
-75.06
 10
9.89
 20
-75.06
 10
9.89
 20
-79.89
 10
5.06
 20
-79.89
  0
LWPOLYLINE
100
AcDbEntity
  8
0
100
AcDbPolyline
 90
4
 70
1
 10
10.11
 20
-75.06
 10
14.94
 20
-75.06
 10
14.94
 20
-79.89
 10
10.11
 20
-79.89
  0
LWPOLYLINE
100
AcDbEntity
  8
0
100
AcDbPolyline
 90
4
 70
1
 10
15.06
 20
-75.06
 10
19.89
 20
-75.06
 10
19.89
 20
-79.89
 10
15.06
 20
-79.89
  0
LWPOLYLINE
100
AcDbEntity
  8
0
100
AcDbPolyline
 90
4
 70
1
 10
20.11
 20
-75.06
 10
24.94
 20
-75.06
 10
24.94
 20
-79.89
 10
20.11
 20
-79.89
  0
LWPOLYLINE
100
AcDbEntity
  8
0
100
AcDbPolyline
 90
4
 70
1
 10
25.06
 20
-75.06
 10
29.89
 20
-75.06
 10
29.89
 20
-79.89
 10
25.06
 20
-79.89
  0
LWPOLYLINE
100
AcDbEntity
  8
0
100
AcDbPolyline
 90
4
 70
1
 10
30.11
 20
-75.06
 10
34.94
 20
-75.06
 10
34.94
 20
-79.89
 10
30.11
 20
-79.89
  0
LWPOLYLINE
100
AcDbEntity
  8
0
100
AcDbPolyline
 90
4
 70
1
 10
35.06
 20
-75.06
 10
39.89
 20
-75.06
 10
39.89
 20
-79.89
 10
35.06
 20
-79.89
  0
LWPOLYLINE
100
AcDbEntity
  8
0
100
AcDbPolyline
 90
4
 70
1
 10
40.11
 20
-75.06
 10
44.94
 20
-75.06
 10
44.94
 20
-79.89
 10
40.11
 20
-79.89
  0
LWPOLYLINE
100
AcDbEntity
  8
0
100
AcDbPolyline
 90
4
 70
1
 10
45.06
 20
-75.06
 10
49.89
 20
-75.06
 10
49.89
 20
-79.89
 10
45.06
 20
-79.89
  0
LWPOLYLINE
100
AcDbEntity
  8
0
100
AcDbPolyline
 90
4
 70
1
 10
50.11
 20
-75.06
 10
54.94
 20
-75.06
 10
54.94
 20
-79.89
 10
50.11
 20
-79.89
  0
LWPOLYLINE
100
AcDbEntity
  8
0
100
AcDbPolyline
 90
4
 70
1
 10
55.06
 20
-75.06
 10
59.89
 20
-75.06
 10
59.89
 20
-79.89
 10
55.06
 20
-79.89
  0
LWPOLYLINE
100
AcDbEntity
  8
0
100
AcDbPolyline
 90
4
 70
1
 10
60.11
 20
-75.06
 10
64.94
 20
-75.06
 10
64.94
 20
-79.89
 10
60.11
 20
-79.89
  0
LWPOLYLINE
100
AcDbEntity
  8
0
100
AcDbPolyline
 90
4
 70
1
 10
65.06
 20
-75.06
 10
69.89
 20
-75.06
 10
69.89
 20
-79.89
 10
65.06
 20
-79.89
  0
LWPOLYLINE
100
AcDbEntity
  8
0
100
AcDbPolyline
 90
4
 70
1
 10
70.11
 20
-75.06
 10
74.94
 20
-75.06
 10
74.94
 20
-79.89
 10
70.11
 20
-79.89
  0
LWPOLYLINE
100
AcDbEntity
  8
0
100
AcDbPolyline
 90
4
 70
1
 10
75.06
 20
-75.06
 10
79.89
 20
-75.06
 10
79.89
 20
-79.89
 10
75.06
 20
-79.89
  0
LWPOLYLINE
100
AcDbEntity
  8
0
100
AcDbPolyline
 90
4
 70
1
 10
80.11
 20
-75.06
 10
84.94
 20
-75.06
 10
84.94
 20
-79.89
 10
80.11
 20
-79.89
  0
LWPOLYLINE
100
AcDbEntity
  8
0
100
AcDbPolyline
 90
4
 70
1
 10
85.06
 20
-75.06
 10
89.89
 20
-75.06
 10
89.89
 20
-79.89
 10
85.06
 20
-79.89
  0
LWPOLYLINE
100
AcDbEntity
  8
0
100
AcDbPolyline
 90
4
 70
1
 10
90.11
 20
-75.06
 10
94.94
 20
-75.06
 10
94.94
 20
-79.89
 10
90.11
 20
-79.89
  0
LWPOLYLINE
100
AcDbEntity
  8
0
100
AcDbPolyline
 90
4
 70
1
 10
95.06
 20
-75.06
 10
99.89
 20
-75.06
 10
99.89
 20
-79.89
 10
95.06
 20
-79.89
  0
LWPOLYLINE
100
AcDbEntity
  8
0
100
AcDbPolyline
 90
4
 70
1
 10
100.11
 20
-75.06
 10
104.94
 20
-75.06
 10
104.94
 20
-79.89
 10
100.11
 20
-79.89
  0
LWPOLYLINE
100
AcDbEntity
  8
0
100
AcDbPolyline
 90
4
 70
1
 10
-1.39766
 20
-75.06
 10
-0.7
 20
-75.06
 10
-0.7
 20
-79.89
 10
-1.39766
 20
-79.89
  0
LWPOLYLINE
100
AcDbEntity
  8
0
100
AcDbPolyline
 90
4
 70
1
 10
-4.94
 20
-75.06
 10
-1.84766
 20
-75.06
 10
-1.84766
 20
-79.89
 10
-4.94
 20
-79.89
  0
LWPOLYLINE
100
AcDbEntity
  8
0
100
AcDbPolyline
 90
4
 70
1
 10
-14.94
 20
-75.06
 10
-12.925
 20
-75.06
 10
-12.925
 20
-79.89
 10
-14.94
 20
-79.89
  0
LWPOLYLINE
100
AcDbEntity
  8
0
100
AcDbPolyline
 90
4
 70
1
 10
-104.94
 20
-80.11
 10
-100.11
 20
-80.11
 10
-100.11
 20
-84.94
 10
-104.94
 20
-84.94
  0
LWPOLYLINE
100
AcDbEntity
  8
0
100
AcDbPolyline
 90
4
 70
1
 10
-99.89
 20
-80.11
 10
-95.06
 20
-80.11
 10
-95.06
 20
-84.94
 10
-99.89
 20
-84.94
  0
LWPOLYLINE
100
AcDbEntity
  8
0
100
AcDbPolyline
 90
4
 70
1
 10
-94.94
 20
-80.11
 10
-90.11
 20
-80.11
 10
-90.11
 20
-84.94
 10
-94.94
 20
-84.94
  0
LWPOLYLINE
100
AcDbEntity
  8
0
100
AcDbPolyline
 90
4
 70
1
 10
-89.89
 20
-80.11
 10
-85.06
 20
-80.11
 10
-85.06
 20
-84.94
 10
-89.89
 20
-84.94
  0
LWPOLYLINE
100
AcDbEntity
  8
0
100
AcDbPolyline
 90
4
 70
1
 10
-84.94
 20
-80.11
 10
-80.11
 20
-80.11
 10
-80.11
 20
-84.94
 10
-84.94
 20
-84.94
  0
LWPOLYLINE
100
AcDbEntity
  8
0
100
AcDbPolyline
 90
4
 70
1
 10
-79.89
 20
-80.11
 10
-75.06
 20
-80.11
 10
-75.06
 20
-84.94
 10
-79.89
 20
-84.94
  0
LWPOLYLINE
100
AcDbEntity
  8
0
100
AcDbPolyline
 90
4
 70
1
 10
-74.94
 20
-80.11
 10
-70.11
 20
-80.11
 10
-70.11
 20
-84.94
 10
-74.94
 20
-84.94
  0
LWPOLYLINE
100
AcDbEntity
  8
0
100
AcDbPolyline
 90
4
 70
1
 10
-69.89
 20
-80.11
 10
-65.06
 20
-80.11
 10
-65.06
 20
-84.94
 10
-69.89
 20
-84.94
  0
LWPOLYLINE
100
AcDbEntity
  8
0
100
AcDbPolyline
 90
4
 70
1
 10
-64.94
 20
-80.11
 10
-60.11
 20
-80.11
 10
-60.11
 20
-84.94
 10
-64.94
 20
-84.94
  0
LWPOLYLINE
100
AcDbEntity
  8
0
100
AcDbPolyline
 90
4
 70
1
 10
-59.89
 20
-80.11
 10
-55.06
 20
-80.11
 10
-55.06
 20
-84.94
 10
-59.89
 20
-84.94
  0
LWPOLYLINE
100
AcDbEntity
  8
0
100
AcDbPolyline
 90
4
 70
1
 10
-54.94
 20
-80.11
 10
-50.11
 20
-80.11
 10
-50.11
 20
-84.94
 10
-54.94
 20
-84.94
  0
LWPOLYLINE
100
AcDbEntity
  8
0
100
AcDbPolyline
 90
4
 70
1
 10
-49.89
 20
-80.11
 10
-45.06
 20
-80.11
 10
-45.06
 20
-84.94
 10
-49.89
 20
-84.94
  0
LWPOLYLINE
100
AcDbEntity
  8
0
100
AcDbPolyline
 90
4
 70
1
 10
-44.94
 20
-80.11
 10
-40.11
 20
-80.11
 10
-40.11
 20
-84.94
 10
-44.94
 20
-84.94
  0
LWPOLYLINE
100
AcDbEntity
  8
0
100
AcDbPolyline
 90
4
 70
1
 10
-39.89
 20
-80.11
 10
-35.06
 20
-80.11
 10
-35.06
 20
-84.94
 10
-39.89
 20
-84.94
  0
LWPOLYLINE
100
AcDbEntity
  8
0
100
AcDbPolyline
 90
4
 70
1
 10
-34.94
 20
-80.11
 10
-30.11
 20
-80.11
 10
-30.11
 20
-84.94
 10
-34.94
 20
-84.94
  0
LWPOLYLINE
100
AcDbEntity
  8
0
100
AcDbPolyline
 90
4
 70
1
 10
-29.89
 20
-80.11
 10
-25.06
 20
-80.11
 10
-25.06
 20
-84.94
 10
-29.89
 20
-84.94
  0
LWPOLYLINE
100
AcDbEntity
  8
0
100
AcDbPolyline
 90
4
 70
1
 10
-24.94
 20
-80.11
 10
-20.11
 20
-80.11
 10
-20.11
 20
-84.94
 10
-24.94
 20
-84.94
  0
LWPOLYLINE
100
AcDbEntity
  8
0
100
AcDbPolyline
 90
4
 70
1
 10
-19.89
 20
-80.11
 10
-15.06
 20
-80.11
 10
-15.06
 20
-84.94
 10
-19.89
 20
-84.94
  0
LWPOLYLINE
100
AcDbEntity
  8
0
100
AcDbPolyline
 90
4
 70
1
 10
-12.375
 20
-80.11
 10
-10.11
 20
-80.11
 10
-10.11
 20
-84.94
 10
-12.375
 20
-84.94
  0
LWPOLYLINE
100
AcDbEntity
  8
0
100
AcDbPolyline
 90
4
 70
1
 10
-9.89
 20
-80.11
 10
-5.06
 20
-80.11
 10
-5.06
 20
-84.94
 10
-9.89
 20
-84.94
  0
LWPOLYLINE
100
AcDbEntity
  8
0
100
AcDbPolyline
 90
4
 70
1
 10
0.425
 20
-80.11
 10
4.94
 20
-80.11
 10
4.94
 20
-84.94
 10
0.425
 20
-84.94
  0
LWPOLYLINE
100
AcDbEntity
  8
0
100
AcDbPolyline
 90
4
 70
1
 10
5.06
 20
-80.11
 10
9.89
 20
-80.11
 10
9.89
 20
-84.94
 10
5.06
 20
-84.94
  0
LWPOLYLINE
100
AcDbEntity
  8
0
100
AcDbPolyline
 90
4
 70
1
 10
10.11
 20
-80.11
 10
14.94
 20
-80.11
 10
14.94
 20
-84.94
 10
10.11
 20
-84.94
  0
LWPOLYLINE
100
AcDbEntity
  8
0
100
AcDbPolyline
 90
4
 70
1
 10
15.06
 20
-80.11
 10
19.89
 20
-80.11
 10
19.89
 20
-84.94
 10
15.06
 20
-84.94
  0
LWPOLYLINE
100
AcDbEntity
  8
0
100
AcDbPolyline
 90
4
 70
1
 10
20.11
 20
-80.11
 10
24.94
 20
-80.11
 10
24.94
 20
-84.94
 10
20.11
 20
-84.94
  0
LWPOLYLINE
100
AcDbEntity
  8
0
100
AcDbPolyline
 90
4
 70
1
 10
25.06
 20
-80.11
 10
29.89
 20
-80.11
 10
29.89
 20
-84.94
 10
25.06
 20
-84.94
  0
LWPOLYLINE
100
AcDbEntity
  8
0
100
AcDbPolyline
 90
4
 70
1
 10
30.11
 20
-80.11
 10
34.94
 20
-80.11
 10
34.94
 20
-84.94
 10
30.11
 20
-84.94
  0
LWPOLYLINE
100
AcDbEntity
  8
0
100
AcDbPolyline
 90
4
 70
1
 10
35.06
 20
-80.11
 10
39.89
 20
-80.11
 10
39.89
 20
-84.94
 10
35.06
 20
-84.94
  0
LWPOLYLINE
100
AcDbEntity
  8
0
100
AcDbPolyline
 90
4
 70
1
 10
40.11
 20
-80.11
 10
44.94
 20
-80.11
 10
44.94
 20
-84.94
 10
40.11
 20
-84.94
  0
LWPOLYLINE
100
AcDbEntity
  8
0
100
AcDbPolyline
 90
4
 70
1
 10
45.06
 20
-80.11
 10
49.89
 20
-80.11
 10
49.89
 20
-84.94
 10
45.06
 20
-84.94
  0
LWPOLYLINE
100
AcDbEntity
  8
0
100
AcDbPolyline
 90
4
 70
1
 10
50.11
 20
-80.11
 10
54.94
 20
-80.11
 10
54.94
 20
-84.94
 10
50.11
 20
-84.94
  0
LWPOLYLINE
100
AcDbEntity
  8
0
100
AcDbPolyline
 90
4
 70
1
 10
55.06
 20
-80.11
 10
59.89
 20
-80.11
 10
59.89
 20
-84.94
 10
55.06
 20
-84.94
  0
LWPOLYLINE
100
AcDbEntity
  8
0
100
AcDbPolyline
 90
4
 70
1
 10
60.11
 20
-80.11
 10
64.94
 20
-80.11
 10
64.94
 20
-84.94
 10
60.11
 20
-84.94
  0
LWPOLYLINE
100
AcDbEntity
  8
0
100
AcDbPolyline
 90
4
 70
1
 10
65.06
 20
-80.11
 10
69.89
 20
-80.11
 10
69.89
 20
-84.94
 10
65.06
 20
-84.94
  0
LWPOLYLINE
100
AcDbEntity
  8
0
100
AcDbPolyline
 90
4
 70
1
 10
70.11
 20
-80.11
 10
74.94
 20
-80.11
 10
74.94
 20
-84.94
 10
70.11
 20
-84.94
  0
LWPOLYLINE
100
AcDbEntity
  8
0
100
AcDbPolyline
 90
4
 70
1
 10
75.06
 20
-80.11
 10
79.89
 20
-80.11
 10
79.89
 20
-84.94
 10
75.06
 20
-84.94
  0
LWPOLYLINE
100
AcDbEntity
  8
0
100
AcDbPolyline
 90
4
 70
1
 10
80.11
 20
-80.11
 10
84.94
 20
-80.11
 10
84.94
 20
-84.94
 10
80.11
 20
-84.94
  0
LWPOLYLINE
100
AcDbEntity
  8
0
100
AcDbPolyline
 90
4
 70
1
 10
85.06
 20
-80.11
 10
89.89
 20
-80.11
 10
89.89
 20
-84.94
 10
85.06
 20
-84.94
  0
LWPOLYLINE
100
AcDbEntity
  8
0
100
AcDbPolyline
 90
4
 70
1
 10
90.11
 20
-80.11
 10
94.94
 20
-80.11
 10
94.94
 20
-84.94
 10
90.11
 20
-84.94
  0
LWPOLYLINE
100
AcDbEntity
  8
0
100
AcDbPolyline
 90
4
 70
1
 10
95.06
 20
-80.11
 10
99.89
 20
-80.11
 10
99.89
 20
-84.94
 10
95.06
 20
-84.94
  0
LWPOLYLINE
100
AcDbEntity
  8
0
100
AcDbPolyline
 90
4
 70
1
 10
100.11
 20
-80.11
 10
104.94
 20
-80.11
 10
104.94
 20
-84.94
 10
100.11
 20
-84.94
  0
LWPOLYLINE
100
AcDbEntity
  8
0
100
AcDbPolyline
 90
4
 70
1
 10
-1.39766
 20
-80.11
 10
-0.7
 20
-80.11
 10
-0.7
 20
-84.94
 10
-1.39766
 20
-84.94
  0
LWPOLYLINE
100
AcDbEntity
  8
0
100
AcDbPolyline
 90
4
 70
1
 10
-4.94
 20
-80.11
 10
-1.84766
 20
-80.11
 10
-1.84766
 20
-84.94
 10
-4.94
 20
-84.94
  0
LWPOLYLINE
100
AcDbEntity
  8
0
100
AcDbPolyline
 90
4
 70
1
 10
-14.94
 20
-80.11
 10
-12.925
 20
-80.11
 10
-12.925
 20
-84.94
 10
-14.94
 20
-84.94
  0
LWPOLYLINE
100
AcDbEntity
  8
0
100
AcDbPolyline
 90
4
 70
1
 10
-104.94
 20
-85.06
 10
-100.11
 20
-85.06
 10
-100.11
 20
-89.89
 10
-104.94
 20
-89.89
  0
LWPOLYLINE
100
AcDbEntity
  8
0
100
AcDbPolyline
 90
4
 70
1
 10
-99.89
 20
-85.06
 10
-95.06
 20
-85.06
 10
-95.06
 20
-89.89
 10
-99.89
 20
-89.89
  0
LWPOLYLINE
100
AcDbEntity
  8
0
100
AcDbPolyline
 90
4
 70
1
 10
-94.94
 20
-85.06
 10
-90.11
 20
-85.06
 10
-90.11
 20
-89.89
 10
-94.94
 20
-89.89
  0
LWPOLYLINE
100
AcDbEntity
  8
0
100
AcDbPolyline
 90
4
 70
1
 10
-89.89
 20
-85.06
 10
-85.06
 20
-85.06
 10
-85.06
 20
-89.89
 10
-89.89
 20
-89.89
  0
LWPOLYLINE
100
AcDbEntity
  8
0
100
AcDbPolyline
 90
4
 70
1
 10
-84.94
 20
-85.06
 10
-80.11
 20
-85.06
 10
-80.11
 20
-89.89
 10
-84.94
 20
-89.89
  0
LWPOLYLINE
100
AcDbEntity
  8
0
100
AcDbPolyline
 90
4
 70
1
 10
-79.89
 20
-85.06
 10
-75.06
 20
-85.06
 10
-75.06
 20
-89.89
 10
-79.89
 20
-89.89
  0
LWPOLYLINE
100
AcDbEntity
  8
0
100
AcDbPolyline
 90
4
 70
1
 10
-74.94
 20
-85.06
 10
-70.11
 20
-85.06
 10
-70.11
 20
-89.89
 10
-74.94
 20
-89.89
  0
LWPOLYLINE
100
AcDbEntity
  8
0
100
AcDbPolyline
 90
4
 70
1
 10
-69.89
 20
-85.06
 10
-65.06
 20
-85.06
 10
-65.06
 20
-89.89
 10
-69.89
 20
-89.89
  0
LWPOLYLINE
100
AcDbEntity
  8
0
100
AcDbPolyline
 90
4
 70
1
 10
-64.94
 20
-85.06
 10
-60.11
 20
-85.06
 10
-60.11
 20
-89.89
 10
-64.94
 20
-89.89
  0
LWPOLYLINE
100
AcDbEntity
  8
0
100
AcDbPolyline
 90
4
 70
1
 10
-59.89
 20
-85.06
 10
-55.06
 20
-85.06
 10
-55.06
 20
-89.89
 10
-59.89
 20
-89.89
  0
LWPOLYLINE
100
AcDbEntity
  8
0
100
AcDbPolyline
 90
4
 70
1
 10
-54.94
 20
-85.06
 10
-50.11
 20
-85.06
 10
-50.11
 20
-89.89
 10
-54.94
 20
-89.89
  0
LWPOLYLINE
100
AcDbEntity
  8
0
100
AcDbPolyline
 90
4
 70
1
 10
-49.89
 20
-85.06
 10
-45.06
 20
-85.06
 10
-45.06
 20
-89.89
 10
-49.89
 20
-89.89
  0
LWPOLYLINE
100
AcDbEntity
  8
0
100
AcDbPolyline
 90
4
 70
1
 10
-44.94
 20
-85.06
 10
-40.11
 20
-85.06
 10
-40.11
 20
-89.89
 10
-44.94
 20
-89.89
  0
LWPOLYLINE
100
AcDbEntity
  8
0
100
AcDbPolyline
 90
4
 70
1
 10
-39.89
 20
-85.06
 10
-35.06
 20
-85.06
 10
-35.06
 20
-89.89
 10
-39.89
 20
-89.89
  0
LWPOLYLINE
100
AcDbEntity
  8
0
100
AcDbPolyline
 90
4
 70
1
 10
-34.94
 20
-85.06
 10
-30.11
 20
-85.06
 10
-30.11
 20
-89.89
 10
-34.94
 20
-89.89
  0
LWPOLYLINE
100
AcDbEntity
  8
0
100
AcDbPolyline
 90
4
 70
1
 10
-29.89
 20
-85.06
 10
-25.06
 20
-85.06
 10
-25.06
 20
-89.89
 10
-29.89
 20
-89.89
  0
LWPOLYLINE
100
AcDbEntity
  8
0
100
AcDbPolyline
 90
4
 70
1
 10
-24.94
 20
-85.06
 10
-20.11
 20
-85.06
 10
-20.11
 20
-89.89
 10
-24.94
 20
-89.89
  0
LWPOLYLINE
100
AcDbEntity
  8
0
100
AcDbPolyline
 90
4
 70
1
 10
-19.89
 20
-85.06
 10
-15.06
 20
-85.06
 10
-15.06
 20
-89.89
 10
-19.89
 20
-89.89
  0
LWPOLYLINE
100
AcDbEntity
  8
0
100
AcDbPolyline
 90
4
 70
1
 10
-12.375
 20
-85.06
 10
-10.11
 20
-85.06
 10
-10.11
 20
-89.89
 10
-12.375
 20
-89.89
  0
LWPOLYLINE
100
AcDbEntity
  8
0
100
AcDbPolyline
 90
4
 70
1
 10
-9.89
 20
-85.06
 10
-5.06
 20
-85.06
 10
-5.06
 20
-89.89
 10
-9.89
 20
-89.89
  0
LWPOLYLINE
100
AcDbEntity
  8
0
100
AcDbPolyline
 90
4
 70
1
 10
0.425
 20
-85.06
 10
4.94
 20
-85.06
 10
4.94
 20
-89.89
 10
0.425
 20
-89.89
  0
LWPOLYLINE
100
AcDbEntity
  8
0
100
AcDbPolyline
 90
4
 70
1
 10
5.06
 20
-85.06
 10
9.89
 20
-85.06
 10
9.89
 20
-89.89
 10
5.06
 20
-89.89
  0
LWPOLYLINE
100
AcDbEntity
  8
0
100
AcDbPolyline
 90
4
 70
1
 10
10.11
 20
-85.06
 10
14.94
 20
-85.06
 10
14.94
 20
-89.89
 10
10.11
 20
-89.89
  0
LWPOLYLINE
100
AcDbEntity
  8
0
100
AcDbPolyline
 90
4
 70
1
 10
15.06
 20
-85.06
 10
19.89
 20
-85.06
 10
19.89
 20
-89.89
 10
15.06
 20
-89.89
  0
LWPOLYLINE
100
AcDbEntity
  8
0
100
AcDbPolyline
 90
4
 70
1
 10
20.11
 20
-85.06
 10
24.94
 20
-85.06
 10
24.94
 20
-89.89
 10
20.11
 20
-89.89
  0
LWPOLYLINE
100
AcDbEntity
  8
0
100
AcDbPolyline
 90
4
 70
1
 10
25.06
 20
-85.06
 10
29.89
 20
-85.06
 10
29.89
 20
-89.89
 10
25.06
 20
-89.89
  0
LWPOLYLINE
100
AcDbEntity
  8
0
100
AcDbPolyline
 90
4
 70
1
 10
30.11
 20
-85.06
 10
34.94
 20
-85.06
 10
34.94
 20
-89.89
 10
30.11
 20
-89.89
  0
LWPOLYLINE
100
AcDbEntity
  8
0
100
AcDbPolyline
 90
4
 70
1
 10
35.06
 20
-85.06
 10
39.89
 20
-85.06
 10
39.89
 20
-89.89
 10
35.06
 20
-89.89
  0
LWPOLYLINE
100
AcDbEntity
  8
0
100
AcDbPolyline
 90
4
 70
1
 10
40.11
 20
-85.06
 10
44.94
 20
-85.06
 10
44.94
 20
-89.89
 10
40.11
 20
-89.89
  0
LWPOLYLINE
100
AcDbEntity
  8
0
100
AcDbPolyline
 90
4
 70
1
 10
45.06
 20
-85.06
 10
49.89
 20
-85.06
 10
49.89
 20
-89.89
 10
45.06
 20
-89.89
  0
LWPOLYLINE
100
AcDbEntity
  8
0
100
AcDbPolyline
 90
4
 70
1
 10
50.11
 20
-85.06
 10
54.94
 20
-85.06
 10
54.94
 20
-89.89
 10
50.11
 20
-89.89
  0
LWPOLYLINE
100
AcDbEntity
  8
0
100
AcDbPolyline
 90
4
 70
1
 10
55.06
 20
-85.06
 10
59.89
 20
-85.06
 10
59.89
 20
-89.89
 10
55.06
 20
-89.89
  0
LWPOLYLINE
100
AcDbEntity
  8
0
100
AcDbPolyline
 90
4
 70
1
 10
60.11
 20
-85.06
 10
64.94
 20
-85.06
 10
64.94
 20
-89.89
 10
60.11
 20
-89.89
  0
LWPOLYLINE
100
AcDbEntity
  8
0
100
AcDbPolyline
 90
4
 70
1
 10
65.06
 20
-85.06
 10
69.89
 20
-85.06
 10
69.89
 20
-89.89
 10
65.06
 20
-89.89
  0
LWPOLYLINE
100
AcDbEntity
  8
0
100
AcDbPolyline
 90
4
 70
1
 10
70.11
 20
-85.06
 10
74.94
 20
-85.06
 10
74.94
 20
-89.89
 10
70.11
 20
-89.89
  0
LWPOLYLINE
100
AcDbEntity
  8
0
100
AcDbPolyline
 90
4
 70
1
 10
75.06
 20
-85.06
 10
79.89
 20
-85.06
 10
79.89
 20
-89.89
 10
75.06
 20
-89.89
  0
LWPOLYLINE
100
AcDbEntity
  8
0
100
AcDbPolyline
 90
4
 70
1
 10
80.11
 20
-85.06
 10
84.94
 20
-85.06
 10
84.94
 20
-89.89
 10
80.11
 20
-89.89
  0
LWPOLYLINE
100
AcDbEntity
  8
0
100
AcDbPolyline
 90
4
 70
1
 10
85.06
 20
-85.06
 10
89.89
 20
-85.06
 10
89.89
 20
-89.89
 10
85.06
 20
-89.89
  0
LWPOLYLINE
100
AcDbEntity
  8
0
100
AcDbPolyline
 90
4
 70
1
 10
90.11
 20
-85.06
 10
94.94
 20
-85.06
 10
94.94
 20
-89.89
 10
90.11
 20
-89.89
  0
LWPOLYLINE
100
AcDbEntity
  8
0
100
AcDbPolyline
 90
4
 70
1
 10
95.06
 20
-85.06
 10
99.89
 20
-85.06
 10
99.89
 20
-89.89
 10
95.06
 20
-89.89
  0
LWPOLYLINE
100
AcDbEntity
  8
0
100
AcDbPolyline
 90
4
 70
1
 10
100.11
 20
-85.06
 10
104.94
 20
-85.06
 10
104.94
 20
-89.89
 10
100.11
 20
-89.89
  0
LWPOLYLINE
100
AcDbEntity
  8
0
100
AcDbPolyline
 90
4
 70
1
 10
-1.39766
 20
-85.06
 10
-0.7
 20
-85.06
 10
-0.7
 20
-89.89
 10
-1.39766
 20
-89.89
  0
LWPOLYLINE
100
AcDbEntity
  8
0
100
AcDbPolyline
 90
4
 70
1
 10
-4.94
 20
-85.06
 10
-1.84766
 20
-85.06
 10
-1.84766
 20
-89.89
 10
-4.94
 20
-89.89
  0
LWPOLYLINE
100
AcDbEntity
  8
0
100
AcDbPolyline
 90
4
 70
1
 10
-14.94
 20
-85.06
 10
-12.925
 20
-85.06
 10
-12.925
 20
-89.89
 10
-14.94
 20
-89.89
  0
LWPOLYLINE
100
AcDbEntity
  8
0
100
AcDbPolyline
 90
4
 70
1
 10
-104.94
 20
-90.11
 10
-100.11
 20
-90.11
 10
-100.11
 20
-94.94
 10
-104.94
 20
-94.94
  0
LWPOLYLINE
100
AcDbEntity
  8
0
100
AcDbPolyline
 90
4
 70
1
 10
-99.89
 20
-90.11
 10
-95.06
 20
-90.11
 10
-95.06
 20
-94.94
 10
-99.89
 20
-94.94
  0
LWPOLYLINE
100
AcDbEntity
  8
0
100
AcDbPolyline
 90
4
 70
1
 10
-94.94
 20
-90.11
 10
-90.11
 20
-90.11
 10
-90.11
 20
-94.94
 10
-94.94
 20
-94.94
  0
LWPOLYLINE
100
AcDbEntity
  8
0
100
AcDbPolyline
 90
4
 70
1
 10
-89.89
 20
-90.11
 10
-85.06
 20
-90.11
 10
-85.06
 20
-94.94
 10
-89.89
 20
-94.94
  0
LWPOLYLINE
100
AcDbEntity
  8
0
100
AcDbPolyline
 90
4
 70
1
 10
-84.94
 20
-90.11
 10
-80.11
 20
-90.11
 10
-80.11
 20
-94.94
 10
-84.94
 20
-94.94
  0
LWPOLYLINE
100
AcDbEntity
  8
0
100
AcDbPolyline
 90
4
 70
1
 10
-79.89
 20
-90.11
 10
-75.06
 20
-90.11
 10
-75.06
 20
-94.94
 10
-79.89
 20
-94.94
  0
LWPOLYLINE
100
AcDbEntity
  8
0
100
AcDbPolyline
 90
4
 70
1
 10
-74.94
 20
-90.11
 10
-70.11
 20
-90.11
 10
-70.11
 20
-94.94
 10
-74.94
 20
-94.94
  0
LWPOLYLINE
100
AcDbEntity
  8
0
100
AcDbPolyline
 90
4
 70
1
 10
-69.89
 20
-90.11
 10
-65.06
 20
-90.11
 10
-65.06
 20
-94.94
 10
-69.89
 20
-94.94
  0
LWPOLYLINE
100
AcDbEntity
  8
0
100
AcDbPolyline
 90
4
 70
1
 10
-64.94
 20
-90.11
 10
-60.11
 20
-90.11
 10
-60.11
 20
-94.94
 10
-64.94
 20
-94.94
  0
LWPOLYLINE
100
AcDbEntity
  8
0
100
AcDbPolyline
 90
4
 70
1
 10
-59.89
 20
-90.11
 10
-55.06
 20
-90.11
 10
-55.06
 20
-94.94
 10
-59.89
 20
-94.94
  0
LWPOLYLINE
100
AcDbEntity
  8
0
100
AcDbPolyline
 90
4
 70
1
 10
-54.94
 20
-90.11
 10
-50.11
 20
-90.11
 10
-50.11
 20
-94.94
 10
-54.94
 20
-94.94
  0
LWPOLYLINE
100
AcDbEntity
  8
0
100
AcDbPolyline
 90
4
 70
1
 10
-49.89
 20
-90.11
 10
-45.06
 20
-90.11
 10
-45.06
 20
-94.94
 10
-49.89
 20
-94.94
  0
LWPOLYLINE
100
AcDbEntity
  8
0
100
AcDbPolyline
 90
4
 70
1
 10
-44.94
 20
-90.11
 10
-40.11
 20
-90.11
 10
-40.11
 20
-94.94
 10
-44.94
 20
-94.94
  0
LWPOLYLINE
100
AcDbEntity
  8
0
100
AcDbPolyline
 90
4
 70
1
 10
-39.89
 20
-90.11
 10
-35.06
 20
-90.11
 10
-35.06
 20
-94.94
 10
-39.89
 20
-94.94
  0
LWPOLYLINE
100
AcDbEntity
  8
0
100
AcDbPolyline
 90
4
 70
1
 10
-34.94
 20
-90.11
 10
-30.11
 20
-90.11
 10
-30.11
 20
-94.94
 10
-34.94
 20
-94.94
  0
LWPOLYLINE
100
AcDbEntity
  8
0
100
AcDbPolyline
 90
4
 70
1
 10
-29.89
 20
-90.11
 10
-25.06
 20
-90.11
 10
-25.06
 20
-94.94
 10
-29.89
 20
-94.94
  0
LWPOLYLINE
100
AcDbEntity
  8
0
100
AcDbPolyline
 90
4
 70
1
 10
-24.94
 20
-90.11
 10
-20.11
 20
-90.11
 10
-20.11
 20
-94.94
 10
-24.94
 20
-94.94
  0
LWPOLYLINE
100
AcDbEntity
  8
0
100
AcDbPolyline
 90
4
 70
1
 10
-19.89
 20
-90.11
 10
-15.06
 20
-90.11
 10
-15.06
 20
-94.94
 10
-19.89
 20
-94.94
  0
LWPOLYLINE
100
AcDbEntity
  8
0
100
AcDbPolyline
 90
4
 70
1
 10
-12.375
 20
-90.11
 10
-10.11
 20
-90.11
 10
-10.11
 20
-94.94
 10
-12.375
 20
-94.94
  0
LWPOLYLINE
100
AcDbEntity
  8
0
100
AcDbPolyline
 90
4
 70
1
 10
-9.89
 20
-90.11
 10
-5.06
 20
-90.11
 10
-5.06
 20
-94.94
 10
-9.89
 20
-94.94
  0
LWPOLYLINE
100
AcDbEntity
  8
0
100
AcDbPolyline
 90
4
 70
1
 10
0.425
 20
-90.11
 10
4.94
 20
-90.11
 10
4.94
 20
-94.94
 10
0.425
 20
-94.94
  0
LWPOLYLINE
100
AcDbEntity
  8
0
100
AcDbPolyline
 90
4
 70
1
 10
5.06
 20
-90.11
 10
9.89
 20
-90.11
 10
9.89
 20
-94.94
 10
5.06
 20
-94.94
  0
LWPOLYLINE
100
AcDbEntity
  8
0
100
AcDbPolyline
 90
4
 70
1
 10
10.11
 20
-90.11
 10
14.94
 20
-90.11
 10
14.94
 20
-94.94
 10
10.11
 20
-94.94
  0
LWPOLYLINE
100
AcDbEntity
  8
0
100
AcDbPolyline
 90
4
 70
1
 10
15.06
 20
-90.11
 10
19.89
 20
-90.11
 10
19.89
 20
-94.94
 10
15.06
 20
-94.94
  0
LWPOLYLINE
100
AcDbEntity
  8
0
100
AcDbPolyline
 90
4
 70
1
 10
20.11
 20
-90.11
 10
24.94
 20
-90.11
 10
24.94
 20
-94.94
 10
20.11
 20
-94.94
  0
LWPOLYLINE
100
AcDbEntity
  8
0
100
AcDbPolyline
 90
4
 70
1
 10
25.06
 20
-90.11
 10
29.89
 20
-90.11
 10
29.89
 20
-94.94
 10
25.06
 20
-94.94
  0
LWPOLYLINE
100
AcDbEntity
  8
0
100
AcDbPolyline
 90
4
 70
1
 10
30.11
 20
-90.11
 10
34.94
 20
-90.11
 10
34.94
 20
-94.94
 10
30.11
 20
-94.94
  0
LWPOLYLINE
100
AcDbEntity
  8
0
100
AcDbPolyline
 90
4
 70
1
 10
35.06
 20
-90.11
 10
39.89
 20
-90.11
 10
39.89
 20
-94.94
 10
35.06
 20
-94.94
  0
LWPOLYLINE
100
AcDbEntity
  8
0
100
AcDbPolyline
 90
4
 70
1
 10
40.11
 20
-90.11
 10
44.94
 20
-90.11
 10
44.94
 20
-94.94
 10
40.11
 20
-94.94
  0
LWPOLYLINE
100
AcDbEntity
  8
0
100
AcDbPolyline
 90
4
 70
1
 10
45.06
 20
-90.11
 10
49.89
 20
-90.11
 10
49.89
 20
-94.94
 10
45.06
 20
-94.94
  0
LWPOLYLINE
100
AcDbEntity
  8
0
100
AcDbPolyline
 90
4
 70
1
 10
50.11
 20
-90.11
 10
54.94
 20
-90.11
 10
54.94
 20
-94.94
 10
50.11
 20
-94.94
  0
LWPOLYLINE
100
AcDbEntity
  8
0
100
AcDbPolyline
 90
4
 70
1
 10
55.06
 20
-90.11
 10
59.89
 20
-90.11
 10
59.89
 20
-94.94
 10
55.06
 20
-94.94
  0
LWPOLYLINE
100
AcDbEntity
  8
0
100
AcDbPolyline
 90
4
 70
1
 10
60.11
 20
-90.11
 10
64.94
 20
-90.11
 10
64.94
 20
-94.94
 10
60.11
 20
-94.94
  0
LWPOLYLINE
100
AcDbEntity
  8
0
100
AcDbPolyline
 90
4
 70
1
 10
65.06
 20
-90.11
 10
69.89
 20
-90.11
 10
69.89
 20
-94.94
 10
65.06
 20
-94.94
  0
LWPOLYLINE
100
AcDbEntity
  8
0
100
AcDbPolyline
 90
4
 70
1
 10
70.11
 20
-90.11
 10
74.94
 20
-90.11
 10
74.94
 20
-94.94
 10
70.11
 20
-94.94
  0
LWPOLYLINE
100
AcDbEntity
  8
0
100
AcDbPolyline
 90
4
 70
1
 10
75.06
 20
-90.11
 10
79.89
 20
-90.11
 10
79.89
 20
-94.94
 10
75.06
 20
-94.94
  0
LWPOLYLINE
100
AcDbEntity
  8
0
100
AcDbPolyline
 90
4
 70
1
 10
80.11
 20
-90.11
 10
84.94
 20
-90.11
 10
84.94
 20
-94.94
 10
80.11
 20
-94.94
  0
LWPOLYLINE
100
AcDbEntity
  8
0
100
AcDbPolyline
 90
4
 70
1
 10
85.06
 20
-90.11
 10
89.89
 20
-90.11
 10
89.89
 20
-94.94
 10
85.06
 20
-94.94
  0
LWPOLYLINE
100
AcDbEntity
  8
0
100
AcDbPolyline
 90
4
 70
1
 10
90.11
 20
-90.11
 10
94.94
 20
-90.11
 10
94.94
 20
-94.94
 10
90.11
 20
-94.94
  0
LWPOLYLINE
100
AcDbEntity
  8
0
100
AcDbPolyline
 90
4
 70
1
 10
95.06
 20
-90.11
 10
99.89
 20
-90.11
 10
99.89
 20
-94.94
 10
95.06
 20
-94.94
  0
LWPOLYLINE
100
AcDbEntity
  8
0
100
AcDbPolyline
 90
4
 70
1
 10
100.11
 20
-90.11
 10
104.94
 20
-90.11
 10
104.94
 20
-94.94
 10
100.11
 20
-94.94
  0
LWPOLYLINE
100
AcDbEntity
  8
0
100
AcDbPolyline
 90
4
 70
1
 10
-1.39766
 20
-90.11
 10
-0.7
 20
-90.11
 10
-0.7
 20
-94.94
 10
-1.39766
 20
-94.94
  0
LWPOLYLINE
100
AcDbEntity
  8
0
100
AcDbPolyline
 90
4
 70
1
 10
-4.94
 20
-90.11
 10
-1.84766
 20
-90.11
 10
-1.84766
 20
-94.94
 10
-4.94
 20
-94.94
  0
LWPOLYLINE
100
AcDbEntity
  8
0
100
AcDbPolyline
 90
4
 70
1
 10
-14.94
 20
-90.11
 10
-12.925
 20
-90.11
 10
-12.925
 20
-94.94
 10
-14.94
 20
-94.94
  0
LWPOLYLINE
100
AcDbEntity
  8
0
100
AcDbPolyline
 90
4
 70
1
 10
-104.94
 20
-95.06
 10
-100.11
 20
-95.06
 10
-100.11
 20
-99.89
 10
-104.94
 20
-99.89
  0
LWPOLYLINE
100
AcDbEntity
  8
0
100
AcDbPolyline
 90
4
 70
1
 10
-99.89
 20
-95.06
 10
-95.06
 20
-95.06
 10
-95.06
 20
-99.89
 10
-99.89
 20
-99.89
  0
LWPOLYLINE
100
AcDbEntity
  8
0
100
AcDbPolyline
 90
4
 70
1
 10
-94.94
 20
-95.06
 10
-90.11
 20
-95.06
 10
-90.11
 20
-99.89
 10
-94.94
 20
-99.89
  0
LWPOLYLINE
100
AcDbEntity
  8
0
100
AcDbPolyline
 90
4
 70
1
 10
-89.89
 20
-95.06
 10
-85.06
 20
-95.06
 10
-85.06
 20
-99.89
 10
-89.89
 20
-99.89
  0
LWPOLYLINE
100
AcDbEntity
  8
0
100
AcDbPolyline
 90
4
 70
1
 10
-84.94
 20
-95.06
 10
-80.11
 20
-95.06
 10
-80.11
 20
-99.89
 10
-84.94
 20
-99.89
  0
LWPOLYLINE
100
AcDbEntity
  8
0
100
AcDbPolyline
 90
4
 70
1
 10
-79.89
 20
-95.06
 10
-75.06
 20
-95.06
 10
-75.06
 20
-99.89
 10
-79.89
 20
-99.89
  0
LWPOLYLINE
100
AcDbEntity
  8
0
100
AcDbPolyline
 90
4
 70
1
 10
-74.94
 20
-95.06
 10
-70.11
 20
-95.06
 10
-70.11
 20
-99.89
 10
-74.94
 20
-99.89
  0
LWPOLYLINE
100
AcDbEntity
  8
0
100
AcDbPolyline
 90
4
 70
1
 10
-69.89
 20
-95.06
 10
-65.06
 20
-95.06
 10
-65.06
 20
-99.89
 10
-69.89
 20
-99.89
  0
LWPOLYLINE
100
AcDbEntity
  8
0
100
AcDbPolyline
 90
4
 70
1
 10
-64.94
 20
-95.06
 10
-60.11
 20
-95.06
 10
-60.11
 20
-99.89
 10
-64.94
 20
-99.89
  0
LWPOLYLINE
100
AcDbEntity
  8
0
100
AcDbPolyline
 90
4
 70
1
 10
-59.89
 20
-95.06
 10
-55.06
 20
-95.06
 10
-55.06
 20
-99.89
 10
-59.89
 20
-99.89
  0
LWPOLYLINE
100
AcDbEntity
  8
0
100
AcDbPolyline
 90
4
 70
1
 10
-54.94
 20
-95.06
 10
-50.11
 20
-95.06
 10
-50.11
 20
-99.89
 10
-54.94
 20
-99.89
  0
LWPOLYLINE
100
AcDbEntity
  8
0
100
AcDbPolyline
 90
4
 70
1
 10
-49.89
 20
-95.06
 10
-45.06
 20
-95.06
 10
-45.06
 20
-99.89
 10
-49.89
 20
-99.89
  0
LWPOLYLINE
100
AcDbEntity
  8
0
100
AcDbPolyline
 90
4
 70
1
 10
-44.94
 20
-95.06
 10
-40.11
 20
-95.06
 10
-40.11
 20
-99.89
 10
-44.94
 20
-99.89
  0
LWPOLYLINE
100
AcDbEntity
  8
0
100
AcDbPolyline
 90
4
 70
1
 10
-39.89
 20
-95.06
 10
-35.06
 20
-95.06
 10
-35.06
 20
-99.89
 10
-39.89
 20
-99.89
  0
LWPOLYLINE
100
AcDbEntity
  8
0
100
AcDbPolyline
 90
4
 70
1
 10
-34.94
 20
-95.06
 10
-30.11
 20
-95.06
 10
-30.11
 20
-99.89
 10
-34.94
 20
-99.89
  0
LWPOLYLINE
100
AcDbEntity
  8
0
100
AcDbPolyline
 90
4
 70
1
 10
-29.89
 20
-95.06
 10
-25.06
 20
-95.06
 10
-25.06
 20
-99.89
 10
-29.89
 20
-99.89
  0
LWPOLYLINE
100
AcDbEntity
  8
0
100
AcDbPolyline
 90
4
 70
1
 10
-24.94
 20
-95.06
 10
-20.11
 20
-95.06
 10
-20.11
 20
-99.89
 10
-24.94
 20
-99.89
  0
LWPOLYLINE
100
AcDbEntity
  8
0
100
AcDbPolyline
 90
4
 70
1
 10
-19.89
 20
-95.06
 10
-15.06
 20
-95.06
 10
-15.06
 20
-99.89
 10
-19.89
 20
-99.89
  0
LWPOLYLINE
100
AcDbEntity
  8
0
100
AcDbPolyline
 90
4
 70
1
 10
-12.375
 20
-95.06
 10
-10.11
 20
-95.06
 10
-10.11
 20
-99.89
 10
-12.375
 20
-99.89
  0
LWPOLYLINE
100
AcDbEntity
  8
0
100
AcDbPolyline
 90
4
 70
1
 10
-9.89
 20
-95.06
 10
-5.06
 20
-95.06
 10
-5.06
 20
-99.89
 10
-9.89
 20
-99.89
  0
LWPOLYLINE
100
AcDbEntity
  8
0
100
AcDbPolyline
 90
4
 70
1
 10
0.425
 20
-95.06
 10
4.94
 20
-95.06
 10
4.94
 20
-99.89
 10
0.425
 20
-99.89
  0
LWPOLYLINE
100
AcDbEntity
  8
0
100
AcDbPolyline
 90
4
 70
1
 10
5.06
 20
-95.06
 10
9.89
 20
-95.06
 10
9.89
 20
-99.89
 10
5.06
 20
-99.89
  0
LWPOLYLINE
100
AcDbEntity
  8
0
100
AcDbPolyline
 90
4
 70
1
 10
10.11
 20
-95.06
 10
14.94
 20
-95.06
 10
14.94
 20
-99.89
 10
10.11
 20
-99.89
  0
LWPOLYLINE
100
AcDbEntity
  8
0
100
AcDbPolyline
 90
4
 70
1
 10
15.06
 20
-95.06
 10
19.89
 20
-95.06
 10
19.89
 20
-99.89
 10
15.06
 20
-99.89
  0
LWPOLYLINE
100
AcDbEntity
  8
0
100
AcDbPolyline
 90
4
 70
1
 10
20.11
 20
-95.06
 10
24.94
 20
-95.06
 10
24.94
 20
-99.89
 10
20.11
 20
-99.89
  0
LWPOLYLINE
100
AcDbEntity
  8
0
100
AcDbPolyline
 90
4
 70
1
 10
25.06
 20
-95.06
 10
29.89
 20
-95.06
 10
29.89
 20
-99.89
 10
25.06
 20
-99.89
  0
LWPOLYLINE
100
AcDbEntity
  8
0
100
AcDbPolyline
 90
4
 70
1
 10
30.11
 20
-95.06
 10
34.94
 20
-95.06
 10
34.94
 20
-99.89
 10
30.11
 20
-99.89
  0
LWPOLYLINE
100
AcDbEntity
  8
0
100
AcDbPolyline
 90
4
 70
1
 10
35.06
 20
-95.06
 10
39.89
 20
-95.06
 10
39.89
 20
-99.89
 10
35.06
 20
-99.89
  0
LWPOLYLINE
100
AcDbEntity
  8
0
100
AcDbPolyline
 90
4
 70
1
 10
40.11
 20
-95.06
 10
44.94
 20
-95.06
 10
44.94
 20
-99.89
 10
40.11
 20
-99.89
  0
LWPOLYLINE
100
AcDbEntity
  8
0
100
AcDbPolyline
 90
4
 70
1
 10
45.06
 20
-95.06
 10
49.89
 20
-95.06
 10
49.89
 20
-99.89
 10
45.06
 20
-99.89
  0
LWPOLYLINE
100
AcDbEntity
  8
0
100
AcDbPolyline
 90
4
 70
1
 10
50.11
 20
-95.06
 10
54.94
 20
-95.06
 10
54.94
 20
-99.89
 10
50.11
 20
-99.89
  0
LWPOLYLINE
100
AcDbEntity
  8
0
100
AcDbPolyline
 90
4
 70
1
 10
55.06
 20
-95.06
 10
59.89
 20
-95.06
 10
59.89
 20
-99.89
 10
55.06
 20
-99.89
  0
LWPOLYLINE
100
AcDbEntity
  8
0
100
AcDbPolyline
 90
4
 70
1
 10
60.11
 20
-95.06
 10
64.94
 20
-95.06
 10
64.94
 20
-99.89
 10
60.11
 20
-99.89
  0
LWPOLYLINE
100
AcDbEntity
  8
0
100
AcDbPolyline
 90
4
 70
1
 10
65.06
 20
-95.06
 10
69.89
 20
-95.06
 10
69.89
 20
-99.89
 10
65.06
 20
-99.89
  0
LWPOLYLINE
100
AcDbEntity
  8
0
100
AcDbPolyline
 90
4
 70
1
 10
70.11
 20
-95.06
 10
74.94
 20
-95.06
 10
74.94
 20
-99.89
 10
70.11
 20
-99.89
  0
LWPOLYLINE
100
AcDbEntity
  8
0
100
AcDbPolyline
 90
4
 70
1
 10
75.06
 20
-95.06
 10
79.89
 20
-95.06
 10
79.89
 20
-99.89
 10
75.06
 20
-99.89
  0
LWPOLYLINE
100
AcDbEntity
  8
0
100
AcDbPolyline
 90
4
 70
1
 10
80.11
 20
-95.06
 10
84.94
 20
-95.06
 10
84.94
 20
-99.89
 10
80.11
 20
-99.89
  0
LWPOLYLINE
100
AcDbEntity
  8
0
100
AcDbPolyline
 90
4
 70
1
 10
85.06
 20
-95.06
 10
89.89
 20
-95.06
 10
89.89
 20
-99.89
 10
85.06
 20
-99.89
  0
LWPOLYLINE
100
AcDbEntity
  8
0
100
AcDbPolyline
 90
4
 70
1
 10
90.11
 20
-95.06
 10
94.94
 20
-95.06
 10
94.94
 20
-99.89
 10
90.11
 20
-99.89
  0
LWPOLYLINE
100
AcDbEntity
  8
0
100
AcDbPolyline
 90
4
 70
1
 10
95.06
 20
-95.06
 10
99.89
 20
-95.06
 10
99.89
 20
-99.89
 10
95.06
 20
-99.89
  0
LWPOLYLINE
100
AcDbEntity
  8
0
100
AcDbPolyline
 90
4
 70
1
 10
100.11
 20
-95.06
 10
104.94
 20
-95.06
 10
104.94
 20
-99.89
 10
100.11
 20
-99.89
  0
LWPOLYLINE
100
AcDbEntity
  8
0
100
AcDbPolyline
 90
4
 70
1
 10
-1.39766
 20
-95.06
 10
-0.7
 20
-95.06
 10
-0.7
 20
-99.89
 10
-1.39766
 20
-99.89
  0
LWPOLYLINE
100
AcDbEntity
  8
0
100
AcDbPolyline
 90
4
 70
1
 10
-4.94
 20
-95.06
 10
-1.84766
 20
-95.06
 10
-1.84766
 20
-99.89
 10
-4.94
 20
-99.89
  0
LWPOLYLINE
100
AcDbEntity
  8
0
100
AcDbPolyline
 90
4
 70
1
 10
-14.94
 20
-95.06
 10
-12.925
 20
-95.06
 10
-12.925
 20
-99.89
 10
-14.94
 20
-99.89
  0
LWPOLYLINE
100
AcDbEntity
  8
0
100
AcDbPolyline
 90
4
 70
1
 10
-104.94
 20
-100.11
 10
-100.11
 20
-100.11
 10
-100.11
 20
-104.94
 10
-104.94
 20
-104.94
  0
LWPOLYLINE
100
AcDbEntity
  8
0
100
AcDbPolyline
 90
4
 70
1
 10
-99.89
 20
-100.11
 10
-95.06
 20
-100.11
 10
-95.06
 20
-104.94
 10
-99.89
 20
-104.94
  0
LWPOLYLINE
100
AcDbEntity
  8
0
100
AcDbPolyline
 90
4
 70
1
 10
-94.94
 20
-100.11
 10
-90.11
 20
-100.11
 10
-90.11
 20
-104.94
 10
-94.94
 20
-104.94
  0
LWPOLYLINE
100
AcDbEntity
  8
0
100
AcDbPolyline
 90
4
 70
1
 10
-89.89
 20
-100.11
 10
-85.06
 20
-100.11
 10
-85.06
 20
-104.94
 10
-89.89
 20
-104.94
  0
LWPOLYLINE
100
AcDbEntity
  8
0
100
AcDbPolyline
 90
4
 70
1
 10
-84.94
 20
-100.11
 10
-80.11
 20
-100.11
 10
-80.11
 20
-104.94
 10
-84.94
 20
-104.94
  0
LWPOLYLINE
100
AcDbEntity
  8
0
100
AcDbPolyline
 90
4
 70
1
 10
-79.89
 20
-100.11
 10
-75.06
 20
-100.11
 10
-75.06
 20
-104.94
 10
-79.89
 20
-104.94
  0
LWPOLYLINE
100
AcDbEntity
  8
0
100
AcDbPolyline
 90
4
 70
1
 10
-74.94
 20
-100.11
 10
-70.11
 20
-100.11
 10
-70.11
 20
-104.94
 10
-74.94
 20
-104.94
  0
LWPOLYLINE
100
AcDbEntity
  8
0
100
AcDbPolyline
 90
4
 70
1
 10
-69.89
 20
-100.11
 10
-65.06
 20
-100.11
 10
-65.06
 20
-104.94
 10
-69.89
 20
-104.94
  0
LWPOLYLINE
100
AcDbEntity
  8
0
100
AcDbPolyline
 90
4
 70
1
 10
-64.94
 20
-100.11
 10
-60.11
 20
-100.11
 10
-60.11
 20
-104.94
 10
-64.94
 20
-104.94
  0
LWPOLYLINE
100
AcDbEntity
  8
0
100
AcDbPolyline
 90
4
 70
1
 10
-59.89
 20
-100.11
 10
-55.06
 20
-100.11
 10
-55.06
 20
-104.94
 10
-59.89
 20
-104.94
  0
LWPOLYLINE
100
AcDbEntity
  8
0
100
AcDbPolyline
 90
4
 70
1
 10
-54.94
 20
-100.11
 10
-50.11
 20
-100.11
 10
-50.11
 20
-104.94
 10
-54.94
 20
-104.94
  0
LWPOLYLINE
100
AcDbEntity
  8
0
100
AcDbPolyline
 90
4
 70
1
 10
-49.89
 20
-100.11
 10
-45.06
 20
-100.11
 10
-45.06
 20
-104.94
 10
-49.89
 20
-104.94
  0
LWPOLYLINE
100
AcDbEntity
  8
0
100
AcDbPolyline
 90
4
 70
1
 10
-44.94
 20
-100.11
 10
-40.11
 20
-100.11
 10
-40.11
 20
-104.94
 10
-44.94
 20
-104.94
  0
LWPOLYLINE
100
AcDbEntity
  8
0
100
AcDbPolyline
 90
4
 70
1
 10
-39.89
 20
-100.11
 10
-35.06
 20
-100.11
 10
-35.06
 20
-104.94
 10
-39.89
 20
-104.94
  0
LWPOLYLINE
100
AcDbEntity
  8
0
100
AcDbPolyline
 90
4
 70
1
 10
-34.94
 20
-100.11
 10
-30.11
 20
-100.11
 10
-30.11
 20
-104.94
 10
-34.94
 20
-104.94
  0
LWPOLYLINE
100
AcDbEntity
  8
0
100
AcDbPolyline
 90
4
 70
1
 10
-29.89
 20
-100.11
 10
-25.06
 20
-100.11
 10
-25.06
 20
-104.94
 10
-29.89
 20
-104.94
  0
LWPOLYLINE
100
AcDbEntity
  8
0
100
AcDbPolyline
 90
4
 70
1
 10
-24.94
 20
-100.11
 10
-20.11
 20
-100.11
 10
-20.11
 20
-104.94
 10
-24.94
 20
-104.94
  0
LWPOLYLINE
100
AcDbEntity
  8
0
100
AcDbPolyline
 90
4
 70
1
 10
-19.89
 20
-100.11
 10
-15.06
 20
-100.11
 10
-15.06
 20
-104.94
 10
-19.89
 20
-104.94
  0
LWPOLYLINE
100
AcDbEntity
  8
0
100
AcDbPolyline
 90
4
 70
1
 10
-12.375
 20
-100.11
 10
-10.11
 20
-100.11
 10
-10.11
 20
-104.94
 10
-12.375
 20
-104.94
  0
LWPOLYLINE
100
AcDbEntity
  8
0
100
AcDbPolyline
 90
4
 70
1
 10
-9.89
 20
-100.11
 10
-5.06
 20
-100.11
 10
-5.06
 20
-104.94
 10
-9.89
 20
-104.94
  0
LWPOLYLINE
100
AcDbEntity
  8
0
100
AcDbPolyline
 90
4
 70
1
 10
0.425
 20
-100.11
 10
4.94
 20
-100.11
 10
4.94
 20
-104.94
 10
0.425
 20
-104.94
  0
LWPOLYLINE
100
AcDbEntity
  8
0
100
AcDbPolyline
 90
4
 70
1
 10
5.06
 20
-100.11
 10
9.89
 20
-100.11
 10
9.89
 20
-104.94
 10
5.06
 20
-104.94
  0
LWPOLYLINE
100
AcDbEntity
  8
0
100
AcDbPolyline
 90
4
 70
1
 10
10.11
 20
-100.11
 10
14.94
 20
-100.11
 10
14.94
 20
-104.94
 10
10.11
 20
-104.94
  0
LWPOLYLINE
100
AcDbEntity
  8
0
100
AcDbPolyline
 90
4
 70
1
 10
15.06
 20
-100.11
 10
19.89
 20
-100.11
 10
19.89
 20
-104.94
 10
15.06
 20
-104.94
  0
LWPOLYLINE
100
AcDbEntity
  8
0
100
AcDbPolyline
 90
4
 70
1
 10
20.11
 20
-100.11
 10
24.94
 20
-100.11
 10
24.94
 20
-104.94
 10
20.11
 20
-104.94
  0
LWPOLYLINE
100
AcDbEntity
  8
0
100
AcDbPolyline
 90
4
 70
1
 10
25.06
 20
-100.11
 10
29.89
 20
-100.11
 10
29.89
 20
-104.94
 10
25.06
 20
-104.94
  0
LWPOLYLINE
100
AcDbEntity
  8
0
100
AcDbPolyline
 90
4
 70
1
 10
30.11
 20
-100.11
 10
34.94
 20
-100.11
 10
34.94
 20
-104.94
 10
30.11
 20
-104.94
  0
LWPOLYLINE
100
AcDbEntity
  8
0
100
AcDbPolyline
 90
4
 70
1
 10
35.06
 20
-100.11
 10
39.89
 20
-100.11
 10
39.89
 20
-104.94
 10
35.06
 20
-104.94
  0
LWPOLYLINE
100
AcDbEntity
  8
0
100
AcDbPolyline
 90
4
 70
1
 10
40.11
 20
-100.11
 10
44.94
 20
-100.11
 10
44.94
 20
-104.94
 10
40.11
 20
-104.94
  0
LWPOLYLINE
100
AcDbEntity
  8
0
100
AcDbPolyline
 90
4
 70
1
 10
45.06
 20
-100.11
 10
49.89
 20
-100.11
 10
49.89
 20
-104.94
 10
45.06
 20
-104.94
  0
LWPOLYLINE
100
AcDbEntity
  8
0
100
AcDbPolyline
 90
4
 70
1
 10
50.11
 20
-100.11
 10
54.94
 20
-100.11
 10
54.94
 20
-104.94
 10
50.11
 20
-104.94
  0
LWPOLYLINE
100
AcDbEntity
  8
0
100
AcDbPolyline
 90
4
 70
1
 10
55.06
 20
-100.11
 10
59.89
 20
-100.11
 10
59.89
 20
-104.94
 10
55.06
 20
-104.94
  0
LWPOLYLINE
100
AcDbEntity
  8
0
100
AcDbPolyline
 90
4
 70
1
 10
60.11
 20
-100.11
 10
64.94
 20
-100.11
 10
64.94
 20
-104.94
 10
60.11
 20
-104.94
  0
LWPOLYLINE
100
AcDbEntity
  8
0
100
AcDbPolyline
 90
4
 70
1
 10
65.06
 20
-100.11
 10
69.89
 20
-100.11
 10
69.89
 20
-104.94
 10
65.06
 20
-104.94
  0
LWPOLYLINE
100
AcDbEntity
  8
0
100
AcDbPolyline
 90
4
 70
1
 10
70.11
 20
-100.11
 10
74.94
 20
-100.11
 10
74.94
 20
-104.94
 10
70.11
 20
-104.94
  0
LWPOLYLINE
100
AcDbEntity
  8
0
100
AcDbPolyline
 90
4
 70
1
 10
75.06
 20
-100.11
 10
79.89
 20
-100.11
 10
79.89
 20
-104.94
 10
75.06
 20
-104.94
  0
LWPOLYLINE
100
AcDbEntity
  8
0
100
AcDbPolyline
 90
4
 70
1
 10
80.11
 20
-100.11
 10
84.94
 20
-100.11
 10
84.94
 20
-104.94
 10
80.11
 20
-104.94
  0
LWPOLYLINE
100
AcDbEntity
  8
0
100
AcDbPolyline
 90
4
 70
1
 10
85.06
 20
-100.11
 10
89.89
 20
-100.11
 10
89.89
 20
-104.94
 10
85.06
 20
-104.94
  0
LWPOLYLINE
100
AcDbEntity
  8
0
100
AcDbPolyline
 90
4
 70
1
 10
90.11
 20
-100.11
 10
94.94
 20
-100.11
 10
94.94
 20
-104.94
 10
90.11
 20
-104.94
  0
LWPOLYLINE
100
AcDbEntity
  8
0
100
AcDbPolyline
 90
4
 70
1
 10
95.06
 20
-100.11
 10
99.89
 20
-100.11
 10
99.89
 20
-104.94
 10
95.06
 20
-104.94
  0
LWPOLYLINE
100
AcDbEntity
  8
0
100
AcDbPolyline
 90
4
 70
1
 10
100.11
 20
-100.11
 10
104.94
 20
-100.11
 10
104.94
 20
-104.94
 10
100.11
 20
-104.94
  0
LWPOLYLINE
100
AcDbEntity
  8
0
100
AcDbPolyline
 90
4
 70
1
 10
-1.39766
 20
-100.11
 10
-0.7
 20
-100.11
 10
-0.7
 20
-104.94
 10
-1.39766
 20
-104.94
  0
LWPOLYLINE
100
AcDbEntity
  8
0
100
AcDbPolyline
 90
4
 70
1
 10
-4.94
 20
-100.11
 10
-1.84766
 20
-100.11
 10
-1.84766
 20
-104.94
 10
-4.94
 20
-104.94
  0
LWPOLYLINE
100
AcDbEntity
  8
0
100
AcDbPolyline
 90
4
 70
1
 10
-14.94
 20
-100.11
 10
-12.925
 20
-100.11
 10
-12.925
 20
-104.94
 10
-14.94
 20
-104.94
  0
LWPOLYLINE
100
AcDbEntity
  8
0
100
AcDbPolyline
 90
4
 70
1
 10
-104.94
 20
-105.06
 10
-100.11
 20
-105.06
 10
-100.11
 20
-109.89
 10
-104.94
 20
-109.89
  0
LWPOLYLINE
100
AcDbEntity
  8
0
100
AcDbPolyline
 90
4
 70
1
 10
-99.89
 20
-105.06
 10
-95.06
 20
-105.06
 10
-95.06
 20
-109.89
 10
-99.89
 20
-109.89
  0
LWPOLYLINE
100
AcDbEntity
  8
0
100
AcDbPolyline
 90
4
 70
1
 10
-94.94
 20
-105.06
 10
-90.11
 20
-105.06
 10
-90.11
 20
-109.89
 10
-94.94
 20
-109.89
  0
LWPOLYLINE
100
AcDbEntity
  8
0
100
AcDbPolyline
 90
4
 70
1
 10
-89.89
 20
-105.06
 10
-85.06
 20
-105.06
 10
-85.06
 20
-109.89
 10
-89.89
 20
-109.89
  0
LWPOLYLINE
100
AcDbEntity
  8
0
100
AcDbPolyline
 90
4
 70
1
 10
-84.94
 20
-105.06
 10
-80.11
 20
-105.06
 10
-80.11
 20
-109.89
 10
-84.94
 20
-109.89
  0
LWPOLYLINE
100
AcDbEntity
  8
0
100
AcDbPolyline
 90
4
 70
1
 10
-79.89
 20
-105.06
 10
-75.06
 20
-105.06
 10
-75.06
 20
-109.89
 10
-79.89
 20
-109.89
  0
LWPOLYLINE
100
AcDbEntity
  8
0
100
AcDbPolyline
 90
4
 70
1
 10
-74.94
 20
-105.06
 10
-70.11
 20
-105.06
 10
-70.11
 20
-109.89
 10
-74.94
 20
-109.89
  0
LWPOLYLINE
100
AcDbEntity
  8
0
100
AcDbPolyline
 90
4
 70
1
 10
-69.89
 20
-105.06
 10
-65.06
 20
-105.06
 10
-65.06
 20
-109.89
 10
-69.89
 20
-109.89
  0
LWPOLYLINE
100
AcDbEntity
  8
0
100
AcDbPolyline
 90
4
 70
1
 10
-64.94
 20
-105.06
 10
-60.11
 20
-105.06
 10
-60.11
 20
-109.89
 10
-64.94
 20
-109.89
  0
LWPOLYLINE
100
AcDbEntity
  8
0
100
AcDbPolyline
 90
4
 70
1
 10
-59.89
 20
-105.06
 10
-55.06
 20
-105.06
 10
-55.06
 20
-109.89
 10
-59.89
 20
-109.89
  0
LWPOLYLINE
100
AcDbEntity
  8
0
100
AcDbPolyline
 90
4
 70
1
 10
-54.94
 20
-105.06
 10
-50.11
 20
-105.06
 10
-50.11
 20
-109.89
 10
-54.94
 20
-109.89
  0
LWPOLYLINE
100
AcDbEntity
  8
0
100
AcDbPolyline
 90
4
 70
1
 10
-49.89
 20
-105.06
 10
-45.06
 20
-105.06
 10
-45.06
 20
-109.89
 10
-49.89
 20
-109.89
  0
LWPOLYLINE
100
AcDbEntity
  8
0
100
AcDbPolyline
 90
4
 70
1
 10
-44.94
 20
-105.06
 10
-40.11
 20
-105.06
 10
-40.11
 20
-109.89
 10
-44.94
 20
-109.89
  0
LWPOLYLINE
100
AcDbEntity
  8
0
100
AcDbPolyline
 90
4
 70
1
 10
-39.89
 20
-105.06
 10
-35.06
 20
-105.06
 10
-35.06
 20
-109.89
 10
-39.89
 20
-109.89
  0
LWPOLYLINE
100
AcDbEntity
  8
0
100
AcDbPolyline
 90
4
 70
1
 10
-34.94
 20
-105.06
 10
-30.11
 20
-105.06
 10
-30.11
 20
-109.89
 10
-34.94
 20
-109.89
  0
LWPOLYLINE
100
AcDbEntity
  8
0
100
AcDbPolyline
 90
4
 70
1
 10
-29.89
 20
-105.06
 10
-25.06
 20
-105.06
 10
-25.06
 20
-109.89
 10
-29.89
 20
-109.89
  0
LWPOLYLINE
100
AcDbEntity
  8
0
100
AcDbPolyline
 90
4
 70
1
 10
-24.94
 20
-105.06
 10
-20.11
 20
-105.06
 10
-20.11
 20
-109.89
 10
-24.94
 20
-109.89
  0
LWPOLYLINE
100
AcDbEntity
  8
0
100
AcDbPolyline
 90
4
 70
1
 10
-19.89
 20
-105.06
 10
-15.06
 20
-105.06
 10
-15.06
 20
-109.89
 10
-19.89
 20
-109.89
  0
LWPOLYLINE
100
AcDbEntity
  8
0
100
AcDbPolyline
 90
4
 70
1
 10
-12.375
 20
-105.06
 10
-10.11
 20
-105.06
 10
-10.11
 20
-109.89
 10
-12.375
 20
-109.89
  0
LWPOLYLINE
100
AcDbEntity
  8
0
100
AcDbPolyline
 90
4
 70
1
 10
-9.89
 20
-105.06
 10
-5.06
 20
-105.06
 10
-5.06
 20
-109.89
 10
-9.89
 20
-109.89
  0
LWPOLYLINE
100
AcDbEntity
  8
0
100
AcDbPolyline
 90
4
 70
1
 10
0.425
 20
-105.06
 10
4.94
 20
-105.06
 10
4.94
 20
-109.89
 10
0.425
 20
-109.89
  0
LWPOLYLINE
100
AcDbEntity
  8
0
100
AcDbPolyline
 90
4
 70
1
 10
5.06
 20
-105.06
 10
9.89
 20
-105.06
 10
9.89
 20
-109.89
 10
5.06
 20
-109.89
  0
LWPOLYLINE
100
AcDbEntity
  8
0
100
AcDbPolyline
 90
4
 70
1
 10
10.11
 20
-105.06
 10
14.94
 20
-105.06
 10
14.94
 20
-109.89
 10
10.11
 20
-109.89
  0
LWPOLYLINE
100
AcDbEntity
  8
0
100
AcDbPolyline
 90
4
 70
1
 10
15.06
 20
-105.06
 10
19.89
 20
-105.06
 10
19.89
 20
-109.89
 10
15.06
 20
-109.89
  0
LWPOLYLINE
100
AcDbEntity
  8
0
100
AcDbPolyline
 90
4
 70
1
 10
20.11
 20
-105.06
 10
24.94
 20
-105.06
 10
24.94
 20
-109.89
 10
20.11
 20
-109.89
  0
LWPOLYLINE
100
AcDbEntity
  8
0
100
AcDbPolyline
 90
4
 70
1
 10
25.06
 20
-105.06
 10
29.89
 20
-105.06
 10
29.89
 20
-109.89
 10
25.06
 20
-109.89
  0
LWPOLYLINE
100
AcDbEntity
  8
0
100
AcDbPolyline
 90
4
 70
1
 10
30.11
 20
-105.06
 10
34.94
 20
-105.06
 10
34.94
 20
-109.89
 10
30.11
 20
-109.89
  0
LWPOLYLINE
100
AcDbEntity
  8
0
100
AcDbPolyline
 90
4
 70
1
 10
35.06
 20
-105.06
 10
39.89
 20
-105.06
 10
39.89
 20
-109.89
 10
35.06
 20
-109.89
  0
LWPOLYLINE
100
AcDbEntity
  8
0
100
AcDbPolyline
 90
4
 70
1
 10
40.11
 20
-105.06
 10
44.94
 20
-105.06
 10
44.94
 20
-109.89
 10
40.11
 20
-109.89
  0
LWPOLYLINE
100
AcDbEntity
  8
0
100
AcDbPolyline
 90
4
 70
1
 10
45.06
 20
-105.06
 10
49.89
 20
-105.06
 10
49.89
 20
-109.89
 10
45.06
 20
-109.89
  0
LWPOLYLINE
100
AcDbEntity
  8
0
100
AcDbPolyline
 90
4
 70
1
 10
50.11
 20
-105.06
 10
54.94
 20
-105.06
 10
54.94
 20
-109.89
 10
50.11
 20
-109.89
  0
LWPOLYLINE
100
AcDbEntity
  8
0
100
AcDbPolyline
 90
4
 70
1
 10
55.06
 20
-105.06
 10
59.89
 20
-105.06
 10
59.89
 20
-109.89
 10
55.06
 20
-109.89
  0
LWPOLYLINE
100
AcDbEntity
  8
0
100
AcDbPolyline
 90
4
 70
1
 10
60.11
 20
-105.06
 10
64.94
 20
-105.06
 10
64.94
 20
-109.89
 10
60.11
 20
-109.89
  0
LWPOLYLINE
100
AcDbEntity
  8
0
100
AcDbPolyline
 90
4
 70
1
 10
65.06
 20
-105.06
 10
69.89
 20
-105.06
 10
69.89
 20
-109.89
 10
65.06
 20
-109.89
  0
LWPOLYLINE
100
AcDbEntity
  8
0
100
AcDbPolyline
 90
4
 70
1
 10
70.11
 20
-105.06
 10
74.94
 20
-105.06
 10
74.94
 20
-109.89
 10
70.11
 20
-109.89
  0
LWPOLYLINE
100
AcDbEntity
  8
0
100
AcDbPolyline
 90
4
 70
1
 10
75.06
 20
-105.06
 10
79.89
 20
-105.06
 10
79.89
 20
-109.89
 10
75.06
 20
-109.89
  0
LWPOLYLINE
100
AcDbEntity
  8
0
100
AcDbPolyline
 90
4
 70
1
 10
80.11
 20
-105.06
 10
84.94
 20
-105.06
 10
84.94
 20
-109.89
 10
80.11
 20
-109.89
  0
LWPOLYLINE
100
AcDbEntity
  8
0
100
AcDbPolyline
 90
4
 70
1
 10
85.06
 20
-105.06
 10
89.89
 20
-105.06
 10
89.89
 20
-109.89
 10
85.06
 20
-109.89
  0
LWPOLYLINE
100
AcDbEntity
  8
0
100
AcDbPolyline
 90
4
 70
1
 10
90.11
 20
-105.06
 10
94.94
 20
-105.06
 10
94.94
 20
-109.89
 10
90.11
 20
-109.89
  0
LWPOLYLINE
100
AcDbEntity
  8
0
100
AcDbPolyline
 90
4
 70
1
 10
95.06
 20
-105.06
 10
99.89
 20
-105.06
 10
99.89
 20
-109.89
 10
95.06
 20
-109.89
  0
LWPOLYLINE
100
AcDbEntity
  8
0
100
AcDbPolyline
 90
4
 70
1
 10
100.11
 20
-105.06
 10
104.94
 20
-105.06
 10
104.94
 20
-109.89
 10
100.11
 20
-109.89
  0
LWPOLYLINE
100
AcDbEntity
  8
0
100
AcDbPolyline
 90
4
 70
1
 10
-1.39766
 20
-105.06
 10
-0.7
 20
-105.06
 10
-0.7
 20
-109.89
 10
-1.39766
 20
-109.89
  0
LWPOLYLINE
100
AcDbEntity
  8
0
100
AcDbPolyline
 90
4
 70
1
 10
-4.94
 20
-105.06
 10
-1.84766
 20
-105.06
 10
-1.84766
 20
-109.89
 10
-4.94
 20
-109.89
  0
LWPOLYLINE
100
AcDbEntity
  8
0
100
AcDbPolyline
 90
4
 70
1
 10
-14.94
 20
-105.06
 10
-12.925
 20
-105.06
 10
-12.925
 20
-109.89
 10
-14.94
 20
-109.89
  0
LWPOLYLINE
100
AcDbEntity
  8
0
100
AcDbPolyline
 90
4
 70
1
 10
-104.94
 20
-110.11
 10
-100.11
 20
-110.11
 10
-100.11
 20
-114.94
 10
-104.94
 20
-114.94
  0
LWPOLYLINE
100
AcDbEntity
  8
0
100
AcDbPolyline
 90
4
 70
1
 10
-99.89
 20
-110.11
 10
-95.06
 20
-110.11
 10
-95.06
 20
-114.94
 10
-99.89
 20
-114.94
  0
LWPOLYLINE
100
AcDbEntity
  8
0
100
AcDbPolyline
 90
4
 70
1
 10
-94.94
 20
-110.11
 10
-90.11
 20
-110.11
 10
-90.11
 20
-114.94
 10
-94.94
 20
-114.94
  0
LWPOLYLINE
100
AcDbEntity
  8
0
100
AcDbPolyline
 90
4
 70
1
 10
-89.89
 20
-110.11
 10
-85.06
 20
-110.11
 10
-85.06
 20
-114.94
 10
-89.89
 20
-114.94
  0
LWPOLYLINE
100
AcDbEntity
  8
0
100
AcDbPolyline
 90
4
 70
1
 10
-84.94
 20
-110.11
 10
-80.11
 20
-110.11
 10
-80.11
 20
-114.94
 10
-84.94
 20
-114.94
  0
LWPOLYLINE
100
AcDbEntity
  8
0
100
AcDbPolyline
 90
4
 70
1
 10
-79.89
 20
-110.11
 10
-75.06
 20
-110.11
 10
-75.06
 20
-114.94
 10
-79.89
 20
-114.94
  0
LWPOLYLINE
100
AcDbEntity
  8
0
100
AcDbPolyline
 90
4
 70
1
 10
-74.94
 20
-110.11
 10
-70.11
 20
-110.11
 10
-70.11
 20
-114.94
 10
-74.94
 20
-114.94
  0
LWPOLYLINE
100
AcDbEntity
  8
0
100
AcDbPolyline
 90
4
 70
1
 10
-69.89
 20
-110.11
 10
-65.06
 20
-110.11
 10
-65.06
 20
-114.94
 10
-69.89
 20
-114.94
  0
LWPOLYLINE
100
AcDbEntity
  8
0
100
AcDbPolyline
 90
4
 70
1
 10
-64.94
 20
-110.11
 10
-60.11
 20
-110.11
 10
-60.11
 20
-114.94
 10
-64.94
 20
-114.94
  0
LWPOLYLINE
100
AcDbEntity
  8
0
100
AcDbPolyline
 90
4
 70
1
 10
-59.89
 20
-110.11
 10
-55.06
 20
-110.11
 10
-55.06
 20
-114.94
 10
-59.89
 20
-114.94
  0
LWPOLYLINE
100
AcDbEntity
  8
0
100
AcDbPolyline
 90
4
 70
1
 10
-54.94
 20
-110.11
 10
-50.11
 20
-110.11
 10
-50.11
 20
-114.94
 10
-54.94
 20
-114.94
  0
LWPOLYLINE
100
AcDbEntity
  8
0
100
AcDbPolyline
 90
4
 70
1
 10
-49.89
 20
-110.11
 10
-45.06
 20
-110.11
 10
-45.06
 20
-114.94
 10
-49.89
 20
-114.94
  0
LWPOLYLINE
100
AcDbEntity
  8
0
100
AcDbPolyline
 90
4
 70
1
 10
-44.94
 20
-110.11
 10
-40.11
 20
-110.11
 10
-40.11
 20
-114.94
 10
-44.94
 20
-114.94
  0
LWPOLYLINE
100
AcDbEntity
  8
0
100
AcDbPolyline
 90
4
 70
1
 10
-39.89
 20
-110.11
 10
-35.06
 20
-110.11
 10
-35.06
 20
-114.94
 10
-39.89
 20
-114.94
  0
LWPOLYLINE
100
AcDbEntity
  8
0
100
AcDbPolyline
 90
4
 70
1
 10
-34.94
 20
-110.11
 10
-30.11
 20
-110.11
 10
-30.11
 20
-114.94
 10
-34.94
 20
-114.94
  0
LWPOLYLINE
100
AcDbEntity
  8
0
100
AcDbPolyline
 90
4
 70
1
 10
-29.89
 20
-110.11
 10
-25.06
 20
-110.11
 10
-25.06
 20
-114.94
 10
-29.89
 20
-114.94
  0
LWPOLYLINE
100
AcDbEntity
  8
0
100
AcDbPolyline
 90
4
 70
1
 10
-24.94
 20
-110.11
 10
-20.11
 20
-110.11
 10
-20.11
 20
-114.94
 10
-24.94
 20
-114.94
  0
LWPOLYLINE
100
AcDbEntity
  8
0
100
AcDbPolyline
 90
4
 70
1
 10
-19.89
 20
-110.11
 10
-15.06
 20
-110.11
 10
-15.06
 20
-114.94
 10
-19.89
 20
-114.94
  0
LWPOLYLINE
100
AcDbEntity
  8
0
100
AcDbPolyline
 90
4
 70
1
 10
-12.375
 20
-110.11
 10
-10.11
 20
-110.11
 10
-10.11
 20
-114.94
 10
-12.375
 20
-114.94
  0
LWPOLYLINE
100
AcDbEntity
  8
0
100
AcDbPolyline
 90
4
 70
1
 10
-9.89
 20
-110.11
 10
-5.06
 20
-110.11
 10
-5.06
 20
-114.94
 10
-9.89
 20
-114.94
  0
LWPOLYLINE
100
AcDbEntity
  8
0
100
AcDbPolyline
 90
4
 70
1
 10
0.425
 20
-110.11
 10
4.94
 20
-110.11
 10
4.94
 20
-114.94
 10
0.425
 20
-114.94
  0
LWPOLYLINE
100
AcDbEntity
  8
0
100
AcDbPolyline
 90
4
 70
1
 10
5.06
 20
-110.11
 10
9.89
 20
-110.11
 10
9.89
 20
-114.94
 10
5.06
 20
-114.94
  0
LWPOLYLINE
100
AcDbEntity
  8
0
100
AcDbPolyline
 90
4
 70
1
 10
10.11
 20
-110.11
 10
14.94
 20
-110.11
 10
14.94
 20
-114.94
 10
10.11
 20
-114.94
  0
LWPOLYLINE
100
AcDbEntity
  8
0
100
AcDbPolyline
 90
4
 70
1
 10
15.06
 20
-110.11
 10
19.89
 20
-110.11
 10
19.89
 20
-114.94
 10
15.06
 20
-114.94
  0
LWPOLYLINE
100
AcDbEntity
  8
0
100
AcDbPolyline
 90
4
 70
1
 10
20.11
 20
-110.11
 10
24.94
 20
-110.11
 10
24.94
 20
-114.94
 10
20.11
 20
-114.94
  0
LWPOLYLINE
100
AcDbEntity
  8
0
100
AcDbPolyline
 90
4
 70
1
 10
25.06
 20
-110.11
 10
29.89
 20
-110.11
 10
29.89
 20
-114.94
 10
25.06
 20
-114.94
  0
LWPOLYLINE
100
AcDbEntity
  8
0
100
AcDbPolyline
 90
4
 70
1
 10
30.11
 20
-110.11
 10
34.94
 20
-110.11
 10
34.94
 20
-114.94
 10
30.11
 20
-114.94
  0
LWPOLYLINE
100
AcDbEntity
  8
0
100
AcDbPolyline
 90
4
 70
1
 10
35.06
 20
-110.11
 10
39.89
 20
-110.11
 10
39.89
 20
-114.94
 10
35.06
 20
-114.94
  0
LWPOLYLINE
100
AcDbEntity
  8
0
100
AcDbPolyline
 90
4
 70
1
 10
40.11
 20
-110.11
 10
44.94
 20
-110.11
 10
44.94
 20
-114.94
 10
40.11
 20
-114.94
  0
LWPOLYLINE
100
AcDbEntity
  8
0
100
AcDbPolyline
 90
4
 70
1
 10
45.06
 20
-110.11
 10
49.89
 20
-110.11
 10
49.89
 20
-114.94
 10
45.06
 20
-114.94
  0
LWPOLYLINE
100
AcDbEntity
  8
0
100
AcDbPolyline
 90
4
 70
1
 10
50.11
 20
-110.11
 10
54.94
 20
-110.11
 10
54.94
 20
-114.94
 10
50.11
 20
-114.94
  0
LWPOLYLINE
100
AcDbEntity
  8
0
100
AcDbPolyline
 90
4
 70
1
 10
55.06
 20
-110.11
 10
59.89
 20
-110.11
 10
59.89
 20
-114.94
 10
55.06
 20
-114.94
  0
LWPOLYLINE
100
AcDbEntity
  8
0
100
AcDbPolyline
 90
4
 70
1
 10
60.11
 20
-110.11
 10
64.94
 20
-110.11
 10
64.94
 20
-114.94
 10
60.11
 20
-114.94
  0
LWPOLYLINE
100
AcDbEntity
  8
0
100
AcDbPolyline
 90
4
 70
1
 10
65.06
 20
-110.11
 10
69.89
 20
-110.11
 10
69.89
 20
-114.94
 10
65.06
 20
-114.94
  0
LWPOLYLINE
100
AcDbEntity
  8
0
100
AcDbPolyline
 90
4
 70
1
 10
70.11
 20
-110.11
 10
74.94
 20
-110.11
 10
74.94
 20
-114.94
 10
70.11
 20
-114.94
  0
LWPOLYLINE
100
AcDbEntity
  8
0
100
AcDbPolyline
 90
4
 70
1
 10
75.06
 20
-110.11
 10
79.89
 20
-110.11
 10
79.89
 20
-114.94
 10
75.06
 20
-114.94
  0
LWPOLYLINE
100
AcDbEntity
  8
0
100
AcDbPolyline
 90
4
 70
1
 10
80.11
 20
-110.11
 10
84.94
 20
-110.11
 10
84.94
 20
-114.94
 10
80.11
 20
-114.94
  0
LWPOLYLINE
100
AcDbEntity
  8
0
100
AcDbPolyline
 90
4
 70
1
 10
85.06
 20
-110.11
 10
89.89
 20
-110.11
 10
89.89
 20
-114.94
 10
85.06
 20
-114.94
  0
LWPOLYLINE
100
AcDbEntity
  8
0
100
AcDbPolyline
 90
4
 70
1
 10
90.11
 20
-110.11
 10
94.94
 20
-110.11
 10
94.94
 20
-114.94
 10
90.11
 20
-114.94
  0
LWPOLYLINE
100
AcDbEntity
  8
0
100
AcDbPolyline
 90
4
 70
1
 10
95.06
 20
-110.11
 10
99.89
 20
-110.11
 10
99.89
 20
-114.94
 10
95.06
 20
-114.94
  0
LWPOLYLINE
100
AcDbEntity
  8
0
100
AcDbPolyline
 90
4
 70
1
 10
100.11
 20
-110.11
 10
104.94
 20
-110.11
 10
104.94
 20
-114.94
 10
100.11
 20
-114.94
  0
LWPOLYLINE
100
AcDbEntity
  8
0
100
AcDbPolyline
 90
4
 70
1
 10
-1.39766
 20
-110.11
 10
-0.7
 20
-110.11
 10
-0.7
 20
-114.94
 10
-1.39766
 20
-114.94
  0
LWPOLYLINE
100
AcDbEntity
  8
0
100
AcDbPolyline
 90
4
 70
1
 10
-4.94
 20
-110.11
 10
-1.84766
 20
-110.11
 10
-1.84766
 20
-114.94
 10
-4.94
 20
-114.94
  0
LWPOLYLINE
100
AcDbEntity
  8
0
100
AcDbPolyline
 90
4
 70
1
 10
-14.94
 20
-110.11
 10
-12.925
 20
-110.11
 10
-12.925
 20
-114.94
 10
-14.94
 20
-114.94
  0
LWPOLYLINE
100
AcDbEntity
  8
0
100
AcDbPolyline
 90
4
 70
1
 10
-104.94
 20
-115.06
 10
-100.11
 20
-115.06
 10
-100.11
 20
-119.89
 10
-104.94
 20
-119.89
  0
LWPOLYLINE
100
AcDbEntity
  8
0
100
AcDbPolyline
 90
4
 70
1
 10
-99.89
 20
-115.06
 10
-95.06
 20
-115.06
 10
-95.06
 20
-119.89
 10
-99.89
 20
-119.89
  0
LWPOLYLINE
100
AcDbEntity
  8
0
100
AcDbPolyline
 90
4
 70
1
 10
-94.94
 20
-115.06
 10
-90.11
 20
-115.06
 10
-90.11
 20
-119.89
 10
-94.94
 20
-119.89
  0
LWPOLYLINE
100
AcDbEntity
  8
0
100
AcDbPolyline
 90
4
 70
1
 10
-89.89
 20
-115.06
 10
-85.06
 20
-115.06
 10
-85.06
 20
-119.89
 10
-89.89
 20
-119.89
  0
LWPOLYLINE
100
AcDbEntity
  8
0
100
AcDbPolyline
 90
4
 70
1
 10
-84.94
 20
-115.06
 10
-80.11
 20
-115.06
 10
-80.11
 20
-119.89
 10
-84.94
 20
-119.89
  0
LWPOLYLINE
100
AcDbEntity
  8
0
100
AcDbPolyline
 90
4
 70
1
 10
-79.89
 20
-115.06
 10
-75.06
 20
-115.06
 10
-75.06
 20
-119.89
 10
-79.89
 20
-119.89
  0
LWPOLYLINE
100
AcDbEntity
  8
0
100
AcDbPolyline
 90
4
 70
1
 10
-74.94
 20
-115.06
 10
-70.11
 20
-115.06
 10
-70.11
 20
-119.89
 10
-74.94
 20
-119.89
  0
LWPOLYLINE
100
AcDbEntity
  8
0
100
AcDbPolyline
 90
4
 70
1
 10
-69.89
 20
-115.06
 10
-65.06
 20
-115.06
 10
-65.06
 20
-119.89
 10
-69.89
 20
-119.89
  0
LWPOLYLINE
100
AcDbEntity
  8
0
100
AcDbPolyline
 90
4
 70
1
 10
-64.94
 20
-115.06
 10
-60.11
 20
-115.06
 10
-60.11
 20
-119.89
 10
-64.94
 20
-119.89
  0
LWPOLYLINE
100
AcDbEntity
  8
0
100
AcDbPolyline
 90
4
 70
1
 10
-59.89
 20
-115.06
 10
-55.06
 20
-115.06
 10
-55.06
 20
-119.89
 10
-59.89
 20
-119.89
  0
LWPOLYLINE
100
AcDbEntity
  8
0
100
AcDbPolyline
 90
4
 70
1
 10
-54.94
 20
-115.06
 10
-50.11
 20
-115.06
 10
-50.11
 20
-119.89
 10
-54.94
 20
-119.89
  0
LWPOLYLINE
100
AcDbEntity
  8
0
100
AcDbPolyline
 90
4
 70
1
 10
-49.89
 20
-115.06
 10
-45.06
 20
-115.06
 10
-45.06
 20
-119.89
 10
-49.89
 20
-119.89
  0
LWPOLYLINE
100
AcDbEntity
  8
0
100
AcDbPolyline
 90
4
 70
1
 10
-44.94
 20
-115.06
 10
-40.11
 20
-115.06
 10
-40.11
 20
-119.89
 10
-44.94
 20
-119.89
  0
LWPOLYLINE
100
AcDbEntity
  8
0
100
AcDbPolyline
 90
4
 70
1
 10
-39.89
 20
-115.06
 10
-35.06
 20
-115.06
 10
-35.06
 20
-119.89
 10
-39.89
 20
-119.89
  0
LWPOLYLINE
100
AcDbEntity
  8
0
100
AcDbPolyline
 90
4
 70
1
 10
-34.94
 20
-115.06
 10
-30.11
 20
-115.06
 10
-30.11
 20
-119.89
 10
-34.94
 20
-119.89
  0
LWPOLYLINE
100
AcDbEntity
  8
0
100
AcDbPolyline
 90
4
 70
1
 10
-29.89
 20
-115.06
 10
-25.06
 20
-115.06
 10
-25.06
 20
-119.89
 10
-29.89
 20
-119.89
  0
LWPOLYLINE
100
AcDbEntity
  8
0
100
AcDbPolyline
 90
4
 70
1
 10
-24.94
 20
-115.06
 10
-20.11
 20
-115.06
 10
-20.11
 20
-119.89
 10
-24.94
 20
-119.89
  0
LWPOLYLINE
100
AcDbEntity
  8
0
100
AcDbPolyline
 90
4
 70
1
 10
-19.89
 20
-115.06
 10
-15.06
 20
-115.06
 10
-15.06
 20
-119.89
 10
-19.89
 20
-119.89
  0
LWPOLYLINE
100
AcDbEntity
  8
0
100
AcDbPolyline
 90
4
 70
1
 10
-12.375
 20
-115.06
 10
-10.11
 20
-115.06
 10
-10.11
 20
-119.89
 10
-12.375
 20
-119.89
  0
LWPOLYLINE
100
AcDbEntity
  8
0
100
AcDbPolyline
 90
4
 70
1
 10
-9.89
 20
-115.06
 10
-5.06
 20
-115.06
 10
-5.06
 20
-119.89
 10
-9.89
 20
-119.89
  0
LWPOLYLINE
100
AcDbEntity
  8
0
100
AcDbPolyline
 90
4
 70
1
 10
0.425
 20
-115.06
 10
4.94
 20
-115.06
 10
4.94
 20
-119.89
 10
0.425
 20
-119.89
  0
LWPOLYLINE
100
AcDbEntity
  8
0
100
AcDbPolyline
 90
4
 70
1
 10
5.06
 20
-115.06
 10
9.89
 20
-115.06
 10
9.89
 20
-119.89
 10
5.06
 20
-119.89
  0
LWPOLYLINE
100
AcDbEntity
  8
0
100
AcDbPolyline
 90
4
 70
1
 10
10.11
 20
-115.06
 10
14.94
 20
-115.06
 10
14.94
 20
-119.89
 10
10.11
 20
-119.89
  0
LWPOLYLINE
100
AcDbEntity
  8
0
100
AcDbPolyline
 90
4
 70
1
 10
15.06
 20
-115.06
 10
19.89
 20
-115.06
 10
19.89
 20
-119.89
 10
15.06
 20
-119.89
  0
LWPOLYLINE
100
AcDbEntity
  8
0
100
AcDbPolyline
 90
4
 70
1
 10
20.11
 20
-115.06
 10
24.94
 20
-115.06
 10
24.94
 20
-119.89
 10
20.11
 20
-119.89
  0
LWPOLYLINE
100
AcDbEntity
  8
0
100
AcDbPolyline
 90
4
 70
1
 10
25.06
 20
-115.06
 10
29.89
 20
-115.06
 10
29.89
 20
-119.89
 10
25.06
 20
-119.89
  0
LWPOLYLINE
100
AcDbEntity
  8
0
100
AcDbPolyline
 90
4
 70
1
 10
30.11
 20
-115.06
 10
34.94
 20
-115.06
 10
34.94
 20
-119.89
 10
30.11
 20
-119.89
  0
LWPOLYLINE
100
AcDbEntity
  8
0
100
AcDbPolyline
 90
4
 70
1
 10
35.06
 20
-115.06
 10
39.89
 20
-115.06
 10
39.89
 20
-119.89
 10
35.06
 20
-119.89
  0
LWPOLYLINE
100
AcDbEntity
  8
0
100
AcDbPolyline
 90
4
 70
1
 10
40.11
 20
-115.06
 10
44.94
 20
-115.06
 10
44.94
 20
-119.89
 10
40.11
 20
-119.89
  0
LWPOLYLINE
100
AcDbEntity
  8
0
100
AcDbPolyline
 90
4
 70
1
 10
45.06
 20
-115.06
 10
49.89
 20
-115.06
 10
49.89
 20
-119.89
 10
45.06
 20
-119.89
  0
LWPOLYLINE
100
AcDbEntity
  8
0
100
AcDbPolyline
 90
4
 70
1
 10
50.11
 20
-115.06
 10
54.94
 20
-115.06
 10
54.94
 20
-119.89
 10
50.11
 20
-119.89
  0
LWPOLYLINE
100
AcDbEntity
  8
0
100
AcDbPolyline
 90
4
 70
1
 10
55.06
 20
-115.06
 10
59.89
 20
-115.06
 10
59.89
 20
-119.89
 10
55.06
 20
-119.89
  0
LWPOLYLINE
100
AcDbEntity
  8
0
100
AcDbPolyline
 90
4
 70
1
 10
60.11
 20
-115.06
 10
64.94
 20
-115.06
 10
64.94
 20
-119.89
 10
60.11
 20
-119.89
  0
LWPOLYLINE
100
AcDbEntity
  8
0
100
AcDbPolyline
 90
4
 70
1
 10
65.06
 20
-115.06
 10
69.89
 20
-115.06
 10
69.89
 20
-119.89
 10
65.06
 20
-119.89
  0
LWPOLYLINE
100
AcDbEntity
  8
0
100
AcDbPolyline
 90
4
 70
1
 10
70.11
 20
-115.06
 10
74.94
 20
-115.06
 10
74.94
 20
-119.89
 10
70.11
 20
-119.89
  0
LWPOLYLINE
100
AcDbEntity
  8
0
100
AcDbPolyline
 90
4
 70
1
 10
75.06
 20
-115.06
 10
79.89
 20
-115.06
 10
79.89
 20
-119.89
 10
75.06
 20
-119.89
  0
LWPOLYLINE
100
AcDbEntity
  8
0
100
AcDbPolyline
 90
4
 70
1
 10
80.11
 20
-115.06
 10
84.94
 20
-115.06
 10
84.94
 20
-119.89
 10
80.11
 20
-119.89
  0
LWPOLYLINE
100
AcDbEntity
  8
0
100
AcDbPolyline
 90
4
 70
1
 10
85.06
 20
-115.06
 10
89.89
 20
-115.06
 10
89.89
 20
-119.89
 10
85.06
 20
-119.89
  0
LWPOLYLINE
100
AcDbEntity
  8
0
100
AcDbPolyline
 90
4
 70
1
 10
90.11
 20
-115.06
 10
94.94
 20
-115.06
 10
94.94
 20
-119.89
 10
90.11
 20
-119.89
  0
LWPOLYLINE
100
AcDbEntity
  8
0
100
AcDbPolyline
 90
4
 70
1
 10
95.06
 20
-115.06
 10
99.89
 20
-115.06
 10
99.89
 20
-119.89
 10
95.06
 20
-119.89
  0
LWPOLYLINE
100
AcDbEntity
  8
0
100
AcDbPolyline
 90
4
 70
1
 10
100.11
 20
-115.06
 10
104.94
 20
-115.06
 10
104.94
 20
-119.89
 10
100.11
 20
-119.89
  0
LWPOLYLINE
100
AcDbEntity
  8
0
100
AcDbPolyline
 90
4
 70
1
 10
-1.39766
 20
-115.06
 10
-0.7
 20
-115.06
 10
-0.7
 20
-119.89
 10
-1.39766
 20
-119.89
  0
LWPOLYLINE
100
AcDbEntity
  8
0
100
AcDbPolyline
 90
4
 70
1
 10
-4.94
 20
-115.06
 10
-1.84766
 20
-115.06
 10
-1.84766
 20
-119.89
 10
-4.94
 20
-119.89
  0
LWPOLYLINE
100
AcDbEntity
  8
0
100
AcDbPolyline
 90
4
 70
1
 10
-14.94
 20
-115.06
 10
-12.925
 20
-115.06
 10
-12.925
 20
-119.89
 10
-14.94
 20
-119.89
  0
LWPOLYLINE
100
AcDbEntity
  8
0
100
AcDbPolyline
 90
4
 70
1
 10
-104.94
 20
-120.11
 10
-100.11
 20
-120.11
 10
-100.11
 20
-124.94
 10
-104.94
 20
-124.94
  0
LWPOLYLINE
100
AcDbEntity
  8
0
100
AcDbPolyline
 90
4
 70
1
 10
-99.89
 20
-120.11
 10
-95.06
 20
-120.11
 10
-95.06
 20
-124.94
 10
-99.89
 20
-124.94
  0
LWPOLYLINE
100
AcDbEntity
  8
0
100
AcDbPolyline
 90
4
 70
1
 10
-94.94
 20
-120.11
 10
-90.11
 20
-120.11
 10
-90.11
 20
-124.94
 10
-94.94
 20
-124.94
  0
LWPOLYLINE
100
AcDbEntity
  8
0
100
AcDbPolyline
 90
4
 70
1
 10
-89.89
 20
-120.11
 10
-85.06
 20
-120.11
 10
-85.06
 20
-124.94
 10
-89.89
 20
-124.94
  0
LWPOLYLINE
100
AcDbEntity
  8
0
100
AcDbPolyline
 90
4
 70
1
 10
-84.94
 20
-120.11
 10
-80.11
 20
-120.11
 10
-80.11
 20
-124.94
 10
-84.94
 20
-124.94
  0
LWPOLYLINE
100
AcDbEntity
  8
0
100
AcDbPolyline
 90
4
 70
1
 10
-79.89
 20
-120.11
 10
-75.06
 20
-120.11
 10
-75.06
 20
-124.94
 10
-79.89
 20
-124.94
  0
LWPOLYLINE
100
AcDbEntity
  8
0
100
AcDbPolyline
 90
4
 70
1
 10
-74.94
 20
-120.11
 10
-70.11
 20
-120.11
 10
-70.11
 20
-124.94
 10
-74.94
 20
-124.94
  0
LWPOLYLINE
100
AcDbEntity
  8
0
100
AcDbPolyline
 90
4
 70
1
 10
-69.89
 20
-120.11
 10
-65.06
 20
-120.11
 10
-65.06
 20
-124.94
 10
-69.89
 20
-124.94
  0
LWPOLYLINE
100
AcDbEntity
  8
0
100
AcDbPolyline
 90
4
 70
1
 10
-64.94
 20
-120.11
 10
-60.11
 20
-120.11
 10
-60.11
 20
-124.94
 10
-64.94
 20
-124.94
  0
LWPOLYLINE
100
AcDbEntity
  8
0
100
AcDbPolyline
 90
4
 70
1
 10
-59.89
 20
-120.11
 10
-55.06
 20
-120.11
 10
-55.06
 20
-124.94
 10
-59.89
 20
-124.94
  0
LWPOLYLINE
100
AcDbEntity
  8
0
100
AcDbPolyline
 90
4
 70
1
 10
-54.94
 20
-120.11
 10
-50.11
 20
-120.11
 10
-50.11
 20
-124.94
 10
-54.94
 20
-124.94
  0
LWPOLYLINE
100
AcDbEntity
  8
0
100
AcDbPolyline
 90
4
 70
1
 10
-49.89
 20
-120.11
 10
-45.06
 20
-120.11
 10
-45.06
 20
-124.94
 10
-49.89
 20
-124.94
  0
LWPOLYLINE
100
AcDbEntity
  8
0
100
AcDbPolyline
 90
4
 70
1
 10
-44.94
 20
-120.11
 10
-40.11
 20
-120.11
 10
-40.11
 20
-124.94
 10
-44.94
 20
-124.94
  0
LWPOLYLINE
100
AcDbEntity
  8
0
100
AcDbPolyline
 90
4
 70
1
 10
-39.89
 20
-120.11
 10
-35.06
 20
-120.11
 10
-35.06
 20
-124.94
 10
-39.89
 20
-124.94
  0
LWPOLYLINE
100
AcDbEntity
  8
0
100
AcDbPolyline
 90
4
 70
1
 10
-34.94
 20
-120.11
 10
-30.11
 20
-120.11
 10
-30.11
 20
-124.94
 10
-34.94
 20
-124.94
  0
LWPOLYLINE
100
AcDbEntity
  8
0
100
AcDbPolyline
 90
4
 70
1
 10
-29.89
 20
-120.11
 10
-25.06
 20
-120.11
 10
-25.06
 20
-124.94
 10
-29.89
 20
-124.94
  0
LWPOLYLINE
100
AcDbEntity
  8
0
100
AcDbPolyline
 90
4
 70
1
 10
-24.94
 20
-120.11
 10
-20.11
 20
-120.11
 10
-20.11
 20
-124.94
 10
-24.94
 20
-124.94
  0
LWPOLYLINE
100
AcDbEntity
  8
0
100
AcDbPolyline
 90
4
 70
1
 10
-19.89
 20
-120.11
 10
-15.06
 20
-120.11
 10
-15.06
 20
-124.94
 10
-19.89
 20
-124.94
  0
LWPOLYLINE
100
AcDbEntity
  8
0
100
AcDbPolyline
 90
4
 70
1
 10
-12.375
 20
-120.11
 10
-10.11
 20
-120.11
 10
-10.11
 20
-124.94
 10
-12.375
 20
-124.94
  0
LWPOLYLINE
100
AcDbEntity
  8
0
100
AcDbPolyline
 90
4
 70
1
 10
-9.89
 20
-120.11
 10
-5.06
 20
-120.11
 10
-5.06
 20
-124.94
 10
-9.89
 20
-124.94
  0
LWPOLYLINE
100
AcDbEntity
  8
0
100
AcDbPolyline
 90
4
 70
1
 10
0.425
 20
-120.11
 10
4.94
 20
-120.11
 10
4.94
 20
-124.94
 10
0.425
 20
-124.94
  0
LWPOLYLINE
100
AcDbEntity
  8
0
100
AcDbPolyline
 90
4
 70
1
 10
5.06
 20
-120.11
 10
9.89
 20
-120.11
 10
9.89
 20
-124.94
 10
5.06
 20
-124.94
  0
LWPOLYLINE
100
AcDbEntity
  8
0
100
AcDbPolyline
 90
4
 70
1
 10
10.11
 20
-120.11
 10
14.94
 20
-120.11
 10
14.94
 20
-124.94
 10
10.11
 20
-124.94
  0
LWPOLYLINE
100
AcDbEntity
  8
0
100
AcDbPolyline
 90
4
 70
1
 10
15.06
 20
-120.11
 10
19.89
 20
-120.11
 10
19.89
 20
-124.94
 10
15.06
 20
-124.94
  0
LWPOLYLINE
100
AcDbEntity
  8
0
100
AcDbPolyline
 90
4
 70
1
 10
20.11
 20
-120.11
 10
24.94
 20
-120.11
 10
24.94
 20
-124.94
 10
20.11
 20
-124.94
  0
LWPOLYLINE
100
AcDbEntity
  8
0
100
AcDbPolyline
 90
4
 70
1
 10
25.06
 20
-120.11
 10
29.89
 20
-120.11
 10
29.89
 20
-124.94
 10
25.06
 20
-124.94
  0
LWPOLYLINE
100
AcDbEntity
  8
0
100
AcDbPolyline
 90
4
 70
1
 10
30.11
 20
-120.11
 10
34.94
 20
-120.11
 10
34.94
 20
-124.94
 10
30.11
 20
-124.94
  0
LWPOLYLINE
100
AcDbEntity
  8
0
100
AcDbPolyline
 90
4
 70
1
 10
35.06
 20
-120.11
 10
39.89
 20
-120.11
 10
39.89
 20
-124.94
 10
35.06
 20
-124.94
  0
LWPOLYLINE
100
AcDbEntity
  8
0
100
AcDbPolyline
 90
4
 70
1
 10
40.11
 20
-120.11
 10
44.94
 20
-120.11
 10
44.94
 20
-124.94
 10
40.11
 20
-124.94
  0
LWPOLYLINE
100
AcDbEntity
  8
0
100
AcDbPolyline
 90
4
 70
1
 10
45.06
 20
-120.11
 10
49.89
 20
-120.11
 10
49.89
 20
-124.94
 10
45.06
 20
-124.94
  0
LWPOLYLINE
100
AcDbEntity
  8
0
100
AcDbPolyline
 90
4
 70
1
 10
50.11
 20
-120.11
 10
54.94
 20
-120.11
 10
54.94
 20
-124.94
 10
50.11
 20
-124.94
  0
LWPOLYLINE
100
AcDbEntity
  8
0
100
AcDbPolyline
 90
4
 70
1
 10
55.06
 20
-120.11
 10
59.89
 20
-120.11
 10
59.89
 20
-124.94
 10
55.06
 20
-124.94
  0
LWPOLYLINE
100
AcDbEntity
  8
0
100
AcDbPolyline
 90
4
 70
1
 10
60.11
 20
-120.11
 10
64.94
 20
-120.11
 10
64.94
 20
-124.94
 10
60.11
 20
-124.94
  0
LWPOLYLINE
100
AcDbEntity
  8
0
100
AcDbPolyline
 90
4
 70
1
 10
65.06
 20
-120.11
 10
69.89
 20
-120.11
 10
69.89
 20
-124.94
 10
65.06
 20
-124.94
  0
LWPOLYLINE
100
AcDbEntity
  8
0
100
AcDbPolyline
 90
4
 70
1
 10
70.11
 20
-120.11
 10
74.94
 20
-120.11
 10
74.94
 20
-124.94
 10
70.11
 20
-124.94
  0
LWPOLYLINE
100
AcDbEntity
  8
0
100
AcDbPolyline
 90
4
 70
1
 10
75.06
 20
-120.11
 10
79.89
 20
-120.11
 10
79.89
 20
-124.94
 10
75.06
 20
-124.94
  0
LWPOLYLINE
100
AcDbEntity
  8
0
100
AcDbPolyline
 90
4
 70
1
 10
80.11
 20
-120.11
 10
84.94
 20
-120.11
 10
84.94
 20
-124.94
 10
80.11
 20
-124.94
  0
LWPOLYLINE
100
AcDbEntity
  8
0
100
AcDbPolyline
 90
4
 70
1
 10
85.06
 20
-120.11
 10
89.89
 20
-120.11
 10
89.89
 20
-124.94
 10
85.06
 20
-124.94
  0
LWPOLYLINE
100
AcDbEntity
  8
0
100
AcDbPolyline
 90
4
 70
1
 10
90.11
 20
-120.11
 10
94.94
 20
-120.11
 10
94.94
 20
-124.94
 10
90.11
 20
-124.94
  0
LWPOLYLINE
100
AcDbEntity
  8
0
100
AcDbPolyline
 90
4
 70
1
 10
95.06
 20
-120.11
 10
99.89
 20
-120.11
 10
99.89
 20
-124.94
 10
95.06
 20
-124.94
  0
LWPOLYLINE
100
AcDbEntity
  8
0
100
AcDbPolyline
 90
4
 70
1
 10
100.11
 20
-120.11
 10
104.94
 20
-120.11
 10
104.94
 20
-124.94
 10
100.11
 20
-124.94
  0
LWPOLYLINE
100
AcDbEntity
  8
0
100
AcDbPolyline
 90
4
 70
1
 10
-1.39766
 20
-120.11
 10
-0.7
 20
-120.11
 10
-0.7
 20
-124.94
 10
-1.39766
 20
-124.94
  0
LWPOLYLINE
100
AcDbEntity
  8
0
100
AcDbPolyline
 90
4
 70
1
 10
-4.94
 20
-120.11
 10
-1.84766
 20
-120.11
 10
-1.84766
 20
-124.94
 10
-4.94
 20
-124.94
  0
LWPOLYLINE
100
AcDbEntity
  8
0
100
AcDbPolyline
 90
4
 70
1
 10
-14.94
 20
-120.11
 10
-12.925
 20
-120.11
 10
-12.925
 20
-124.94
 10
-14.94
 20
-124.94
  0
LWPOLYLINE
100
AcDbEntity
  8
0
100
AcDbPolyline
 90
4
 70
1
 10
-104.94
 20
-125.06
 10
-100.11
 20
-125.06
 10
-100.11
 20
-129.89
 10
-104.94
 20
-129.89
  0
LWPOLYLINE
100
AcDbEntity
  8
0
100
AcDbPolyline
 90
4
 70
1
 10
-99.89
 20
-125.06
 10
-95.06
 20
-125.06
 10
-95.06
 20
-129.89
 10
-99.89
 20
-129.89
  0
LWPOLYLINE
100
AcDbEntity
  8
0
100
AcDbPolyline
 90
4
 70
1
 10
-94.94
 20
-125.06
 10
-90.11
 20
-125.06
 10
-90.11
 20
-129.89
 10
-94.94
 20
-129.89
  0
LWPOLYLINE
100
AcDbEntity
  8
0
100
AcDbPolyline
 90
4
 70
1
 10
-89.89
 20
-125.06
 10
-85.06
 20
-125.06
 10
-85.06
 20
-129.89
 10
-89.89
 20
-129.89
  0
LWPOLYLINE
100
AcDbEntity
  8
0
100
AcDbPolyline
 90
4
 70
1
 10
-84.94
 20
-125.06
 10
-80.11
 20
-125.06
 10
-80.11
 20
-129.89
 10
-84.94
 20
-129.89
  0
LWPOLYLINE
100
AcDbEntity
  8
0
100
AcDbPolyline
 90
4
 70
1
 10
-79.89
 20
-125.06
 10
-75.06
 20
-125.06
 10
-75.06
 20
-129.89
 10
-79.89
 20
-129.89
  0
LWPOLYLINE
100
AcDbEntity
  8
0
100
AcDbPolyline
 90
4
 70
1
 10
-74.94
 20
-125.06
 10
-70.11
 20
-125.06
 10
-70.11
 20
-129.89
 10
-74.94
 20
-129.89
  0
LWPOLYLINE
100
AcDbEntity
  8
0
100
AcDbPolyline
 90
4
 70
1
 10
-69.89
 20
-125.06
 10
-65.06
 20
-125.06
 10
-65.06
 20
-129.89
 10
-69.89
 20
-129.89
  0
LWPOLYLINE
100
AcDbEntity
  8
0
100
AcDbPolyline
 90
4
 70
1
 10
-64.94
 20
-125.06
 10
-60.11
 20
-125.06
 10
-60.11
 20
-129.89
 10
-64.94
 20
-129.89
  0
LWPOLYLINE
100
AcDbEntity
  8
0
100
AcDbPolyline
 90
4
 70
1
 10
-59.89
 20
-125.06
 10
-55.06
 20
-125.06
 10
-55.06
 20
-129.89
 10
-59.89
 20
-129.89
  0
LWPOLYLINE
100
AcDbEntity
  8
0
100
AcDbPolyline
 90
4
 70
1
 10
-54.94
 20
-125.06
 10
-50.11
 20
-125.06
 10
-50.11
 20
-129.89
 10
-54.94
 20
-129.89
  0
LWPOLYLINE
100
AcDbEntity
  8
0
100
AcDbPolyline
 90
4
 70
1
 10
-49.89
 20
-125.06
 10
-45.06
 20
-125.06
 10
-45.06
 20
-129.89
 10
-49.89
 20
-129.89
  0
LWPOLYLINE
100
AcDbEntity
  8
0
100
AcDbPolyline
 90
4
 70
1
 10
-44.94
 20
-125.06
 10
-40.11
 20
-125.06
 10
-40.11
 20
-129.89
 10
-44.94
 20
-129.89
  0
LWPOLYLINE
100
AcDbEntity
  8
0
100
AcDbPolyline
 90
4
 70
1
 10
-39.89
 20
-125.06
 10
-35.06
 20
-125.06
 10
-35.06
 20
-129.89
 10
-39.89
 20
-129.89
  0
LWPOLYLINE
100
AcDbEntity
  8
0
100
AcDbPolyline
 90
4
 70
1
 10
-34.94
 20
-125.06
 10
-30.11
 20
-125.06
 10
-30.11
 20
-129.89
 10
-34.94
 20
-129.89
  0
LWPOLYLINE
100
AcDbEntity
  8
0
100
AcDbPolyline
 90
4
 70
1
 10
-29.89
 20
-125.06
 10
-25.06
 20
-125.06
 10
-25.06
 20
-129.89
 10
-29.89
 20
-129.89
  0
LWPOLYLINE
100
AcDbEntity
  8
0
100
AcDbPolyline
 90
4
 70
1
 10
-24.94
 20
-125.06
 10
-20.11
 20
-125.06
 10
-20.11
 20
-129.89
 10
-24.94
 20
-129.89
  0
LWPOLYLINE
100
AcDbEntity
  8
0
100
AcDbPolyline
 90
4
 70
1
 10
-19.89
 20
-125.06
 10
-15.06
 20
-125.06
 10
-15.06
 20
-129.89
 10
-19.89
 20
-129.89
  0
LWPOLYLINE
100
AcDbEntity
  8
0
100
AcDbPolyline
 90
4
 70
1
 10
-12.375
 20
-125.06
 10
-10.11
 20
-125.06
 10
-10.11
 20
-129.89
 10
-12.375
 20
-129.89
  0
LWPOLYLINE
100
AcDbEntity
  8
0
100
AcDbPolyline
 90
4
 70
1
 10
-9.89
 20
-125.06
 10
-5.06
 20
-125.06
 10
-5.06
 20
-129.89
 10
-9.89
 20
-129.89
  0
LWPOLYLINE
100
AcDbEntity
  8
0
100
AcDbPolyline
 90
4
 70
1
 10
0.425
 20
-125.06
 10
4.94
 20
-125.06
 10
4.94
 20
-129.89
 10
0.425
 20
-129.89
  0
LWPOLYLINE
100
AcDbEntity
  8
0
100
AcDbPolyline
 90
4
 70
1
 10
5.06
 20
-125.06
 10
9.89
 20
-125.06
 10
9.89
 20
-129.89
 10
5.06
 20
-129.89
  0
LWPOLYLINE
100
AcDbEntity
  8
0
100
AcDbPolyline
 90
4
 70
1
 10
10.11
 20
-125.06
 10
14.94
 20
-125.06
 10
14.94
 20
-129.89
 10
10.11
 20
-129.89
  0
LWPOLYLINE
100
AcDbEntity
  8
0
100
AcDbPolyline
 90
4
 70
1
 10
15.06
 20
-125.06
 10
19.89
 20
-125.06
 10
19.89
 20
-129.89
 10
15.06
 20
-129.89
  0
LWPOLYLINE
100
AcDbEntity
  8
0
100
AcDbPolyline
 90
4
 70
1
 10
20.11
 20
-125.06
 10
24.94
 20
-125.06
 10
24.94
 20
-129.89
 10
20.11
 20
-129.89
  0
LWPOLYLINE
100
AcDbEntity
  8
0
100
AcDbPolyline
 90
4
 70
1
 10
25.06
 20
-125.06
 10
29.89
 20
-125.06
 10
29.89
 20
-129.89
 10
25.06
 20
-129.89
  0
LWPOLYLINE
100
AcDbEntity
  8
0
100
AcDbPolyline
 90
4
 70
1
 10
30.11
 20
-125.06
 10
34.94
 20
-125.06
 10
34.94
 20
-129.89
 10
30.11
 20
-129.89
  0
LWPOLYLINE
100
AcDbEntity
  8
0
100
AcDbPolyline
 90
4
 70
1
 10
35.06
 20
-125.06
 10
39.89
 20
-125.06
 10
39.89
 20
-129.89
 10
35.06
 20
-129.89
  0
LWPOLYLINE
100
AcDbEntity
  8
0
100
AcDbPolyline
 90
4
 70
1
 10
40.11
 20
-125.06
 10
44.94
 20
-125.06
 10
44.94
 20
-129.89
 10
40.11
 20
-129.89
  0
LWPOLYLINE
100
AcDbEntity
  8
0
100
AcDbPolyline
 90
4
 70
1
 10
45.06
 20
-125.06
 10
49.89
 20
-125.06
 10
49.89
 20
-129.89
 10
45.06
 20
-129.89
  0
LWPOLYLINE
100
AcDbEntity
  8
0
100
AcDbPolyline
 90
4
 70
1
 10
50.11
 20
-125.06
 10
54.94
 20
-125.06
 10
54.94
 20
-129.89
 10
50.11
 20
-129.89
  0
LWPOLYLINE
100
AcDbEntity
  8
0
100
AcDbPolyline
 90
4
 70
1
 10
55.06
 20
-125.06
 10
59.89
 20
-125.06
 10
59.89
 20
-129.89
 10
55.06
 20
-129.89
  0
LWPOLYLINE
100
AcDbEntity
  8
0
100
AcDbPolyline
 90
4
 70
1
 10
60.11
 20
-125.06
 10
64.94
 20
-125.06
 10
64.94
 20
-129.89
 10
60.11
 20
-129.89
  0
LWPOLYLINE
100
AcDbEntity
  8
0
100
AcDbPolyline
 90
4
 70
1
 10
65.06
 20
-125.06
 10
69.89
 20
-125.06
 10
69.89
 20
-129.89
 10
65.06
 20
-129.89
  0
LWPOLYLINE
100
AcDbEntity
  8
0
100
AcDbPolyline
 90
4
 70
1
 10
70.11
 20
-125.06
 10
74.94
 20
-125.06
 10
74.94
 20
-129.89
 10
70.11
 20
-129.89
  0
LWPOLYLINE
100
AcDbEntity
  8
0
100
AcDbPolyline
 90
4
 70
1
 10
75.06
 20
-125.06
 10
79.89
 20
-125.06
 10
79.89
 20
-129.89
 10
75.06
 20
-129.89
  0
LWPOLYLINE
100
AcDbEntity
  8
0
100
AcDbPolyline
 90
4
 70
1
 10
80.11
 20
-125.06
 10
84.94
 20
-125.06
 10
84.94
 20
-129.89
 10
80.11
 20
-129.89
  0
LWPOLYLINE
100
AcDbEntity
  8
0
100
AcDbPolyline
 90
4
 70
1
 10
85.06
 20
-125.06
 10
89.89
 20
-125.06
 10
89.89
 20
-129.89
 10
85.06
 20
-129.89
  0
LWPOLYLINE
100
AcDbEntity
  8
0
100
AcDbPolyline
 90
4
 70
1
 10
90.11
 20
-125.06
 10
94.94
 20
-125.06
 10
94.94
 20
-129.89
 10
90.11
 20
-129.89
  0
LWPOLYLINE
100
AcDbEntity
  8
0
100
AcDbPolyline
 90
4
 70
1
 10
95.06
 20
-125.06
 10
99.89
 20
-125.06
 10
99.89
 20
-129.89
 10
95.06
 20
-129.89
  0
LWPOLYLINE
100
AcDbEntity
  8
0
100
AcDbPolyline
 90
4
 70
1
 10
100.11
 20
-125.06
 10
104.94
 20
-125.06
 10
104.94
 20
-129.89
 10
100.11
 20
-129.89
  0
LWPOLYLINE
100
AcDbEntity
  8
0
100
AcDbPolyline
 90
4
 70
1
 10
-1.39766
 20
-125.06
 10
-0.7
 20
-125.06
 10
-0.7
 20
-129.89
 10
-1.39766
 20
-129.89
  0
LWPOLYLINE
100
AcDbEntity
  8
0
100
AcDbPolyline
 90
4
 70
1
 10
-4.94
 20
-125.06
 10
-1.84766
 20
-125.06
 10
-1.84766
 20
-129.89
 10
-4.94
 20
-129.89
  0
LWPOLYLINE
100
AcDbEntity
  8
0
100
AcDbPolyline
 90
4
 70
1
 10
-14.94
 20
-125.06
 10
-12.925
 20
-125.06
 10
-12.925
 20
-129.89
 10
-14.94
 20
-129.89
  0
LWPOLYLINE
100
AcDbEntity
  8
0
100
AcDbPolyline
 90
4
 70
1
 10
-104.94
 20
-130.11
 10
-100.11
 20
-130.11
 10
-100.11
 20
-134.94
 10
-104.94
 20
-134.94
  0
LWPOLYLINE
100
AcDbEntity
  8
0
100
AcDbPolyline
 90
4
 70
1
 10
-99.89
 20
-130.11
 10
-95.06
 20
-130.11
 10
-95.06
 20
-134.94
 10
-99.89
 20
-134.94
  0
LWPOLYLINE
100
AcDbEntity
  8
0
100
AcDbPolyline
 90
4
 70
1
 10
-94.94
 20
-130.11
 10
-90.11
 20
-130.11
 10
-90.11
 20
-134.94
 10
-94.94
 20
-134.94
  0
LWPOLYLINE
100
AcDbEntity
  8
0
100
AcDbPolyline
 90
4
 70
1
 10
-89.89
 20
-130.11
 10
-85.06
 20
-130.11
 10
-85.06
 20
-134.94
 10
-89.89
 20
-134.94
  0
LWPOLYLINE
100
AcDbEntity
  8
0
100
AcDbPolyline
 90
4
 70
1
 10
-84.94
 20
-130.11
 10
-80.11
 20
-130.11
 10
-80.11
 20
-134.94
 10
-84.94
 20
-134.94
  0
LWPOLYLINE
100
AcDbEntity
  8
0
100
AcDbPolyline
 90
4
 70
1
 10
-79.89
 20
-130.11
 10
-75.06
 20
-130.11
 10
-75.06
 20
-134.94
 10
-79.89
 20
-134.94
  0
LWPOLYLINE
100
AcDbEntity
  8
0
100
AcDbPolyline
 90
4
 70
1
 10
-74.94
 20
-130.11
 10
-70.11
 20
-130.11
 10
-70.11
 20
-134.94
 10
-74.94
 20
-134.94
  0
LWPOLYLINE
100
AcDbEntity
  8
0
100
AcDbPolyline
 90
4
 70
1
 10
-69.89
 20
-130.11
 10
-65.06
 20
-130.11
 10
-65.06
 20
-134.94
 10
-69.89
 20
-134.94
  0
LWPOLYLINE
100
AcDbEntity
  8
0
100
AcDbPolyline
 90
4
 70
1
 10
-64.94
 20
-130.11
 10
-60.11
 20
-130.11
 10
-60.11
 20
-134.94
 10
-64.94
 20
-134.94
  0
LWPOLYLINE
100
AcDbEntity
  8
0
100
AcDbPolyline
 90
4
 70
1
 10
-59.89
 20
-130.11
 10
-55.06
 20
-130.11
 10
-55.06
 20
-134.94
 10
-59.89
 20
-134.94
  0
LWPOLYLINE
100
AcDbEntity
  8
0
100
AcDbPolyline
 90
4
 70
1
 10
-54.94
 20
-130.11
 10
-50.11
 20
-130.11
 10
-50.11
 20
-134.94
 10
-54.94
 20
-134.94
  0
LWPOLYLINE
100
AcDbEntity
  8
0
100
AcDbPolyline
 90
4
 70
1
 10
-49.89
 20
-130.11
 10
-45.06
 20
-130.11
 10
-45.06
 20
-134.94
 10
-49.89
 20
-134.94
  0
LWPOLYLINE
100
AcDbEntity
  8
0
100
AcDbPolyline
 90
4
 70
1
 10
-44.94
 20
-130.11
 10
-40.11
 20
-130.11
 10
-40.11
 20
-134.94
 10
-44.94
 20
-134.94
  0
LWPOLYLINE
100
AcDbEntity
  8
0
100
AcDbPolyline
 90
4
 70
1
 10
-39.89
 20
-130.11
 10
-35.06
 20
-130.11
 10
-35.06
 20
-134.94
 10
-39.89
 20
-134.94
  0
LWPOLYLINE
100
AcDbEntity
  8
0
100
AcDbPolyline
 90
4
 70
1
 10
-34.94
 20
-130.11
 10
-30.11
 20
-130.11
 10
-30.11
 20
-134.94
 10
-34.94
 20
-134.94
  0
LWPOLYLINE
100
AcDbEntity
  8
0
100
AcDbPolyline
 90
4
 70
1
 10
-29.89
 20
-130.11
 10
-25.06
 20
-130.11
 10
-25.06
 20
-134.94
 10
-29.89
 20
-134.94
  0
LWPOLYLINE
100
AcDbEntity
  8
0
100
AcDbPolyline
 90
4
 70
1
 10
-24.94
 20
-130.11
 10
-20.11
 20
-130.11
 10
-20.11
 20
-134.94
 10
-24.94
 20
-134.94
  0
LWPOLYLINE
100
AcDbEntity
  8
0
100
AcDbPolyline
 90
4
 70
1
 10
-19.89
 20
-130.11
 10
-15.06
 20
-130.11
 10
-15.06
 20
-134.94
 10
-19.89
 20
-134.94
  0
LWPOLYLINE
100
AcDbEntity
  8
0
100
AcDbPolyline
 90
4
 70
1
 10
-12.375
 20
-130.11
 10
-10.11
 20
-130.11
 10
-10.11
 20
-134.94
 10
-12.375
 20
-134.94
  0
LWPOLYLINE
100
AcDbEntity
  8
0
100
AcDbPolyline
 90
4
 70
1
 10
-9.89
 20
-130.11
 10
-5.06
 20
-130.11
 10
-5.06
 20
-134.94
 10
-9.89
 20
-134.94
  0
LWPOLYLINE
100
AcDbEntity
  8
0
100
AcDbPolyline
 90
4
 70
1
 10
0.425
 20
-130.11
 10
4.94
 20
-130.11
 10
4.94
 20
-134.94
 10
0.425
 20
-134.94
  0
LWPOLYLINE
100
AcDbEntity
  8
0
100
AcDbPolyline
 90
4
 70
1
 10
5.06
 20
-130.11
 10
9.89
 20
-130.11
 10
9.89
 20
-134.94
 10
5.06
 20
-134.94
  0
LWPOLYLINE
100
AcDbEntity
  8
0
100
AcDbPolyline
 90
4
 70
1
 10
10.11
 20
-130.11
 10
14.94
 20
-130.11
 10
14.94
 20
-134.94
 10
10.11
 20
-134.94
  0
LWPOLYLINE
100
AcDbEntity
  8
0
100
AcDbPolyline
 90
4
 70
1
 10
15.06
 20
-130.11
 10
19.89
 20
-130.11
 10
19.89
 20
-134.94
 10
15.06
 20
-134.94
  0
LWPOLYLINE
100
AcDbEntity
  8
0
100
AcDbPolyline
 90
4
 70
1
 10
20.11
 20
-130.11
 10
24.94
 20
-130.11
 10
24.94
 20
-134.94
 10
20.11
 20
-134.94
  0
LWPOLYLINE
100
AcDbEntity
  8
0
100
AcDbPolyline
 90
4
 70
1
 10
25.06
 20
-130.11
 10
29.89
 20
-130.11
 10
29.89
 20
-134.94
 10
25.06
 20
-134.94
  0
LWPOLYLINE
100
AcDbEntity
  8
0
100
AcDbPolyline
 90
4
 70
1
 10
30.11
 20
-130.11
 10
34.94
 20
-130.11
 10
34.94
 20
-134.94
 10
30.11
 20
-134.94
  0
LWPOLYLINE
100
AcDbEntity
  8
0
100
AcDbPolyline
 90
4
 70
1
 10
35.06
 20
-130.11
 10
39.89
 20
-130.11
 10
39.89
 20
-134.94
 10
35.06
 20
-134.94
  0
LWPOLYLINE
100
AcDbEntity
  8
0
100
AcDbPolyline
 90
4
 70
1
 10
40.11
 20
-130.11
 10
44.94
 20
-130.11
 10
44.94
 20
-134.94
 10
40.11
 20
-134.94
  0
LWPOLYLINE
100
AcDbEntity
  8
0
100
AcDbPolyline
 90
4
 70
1
 10
45.06
 20
-130.11
 10
49.89
 20
-130.11
 10
49.89
 20
-134.94
 10
45.06
 20
-134.94
  0
LWPOLYLINE
100
AcDbEntity
  8
0
100
AcDbPolyline
 90
4
 70
1
 10
50.11
 20
-130.11
 10
54.94
 20
-130.11
 10
54.94
 20
-134.94
 10
50.11
 20
-134.94
  0
LWPOLYLINE
100
AcDbEntity
  8
0
100
AcDbPolyline
 90
4
 70
1
 10
55.06
 20
-130.11
 10
59.89
 20
-130.11
 10
59.89
 20
-134.94
 10
55.06
 20
-134.94
  0
LWPOLYLINE
100
AcDbEntity
  8
0
100
AcDbPolyline
 90
4
 70
1
 10
60.11
 20
-130.11
 10
64.94
 20
-130.11
 10
64.94
 20
-134.94
 10
60.11
 20
-134.94
  0
LWPOLYLINE
100
AcDbEntity
  8
0
100
AcDbPolyline
 90
4
 70
1
 10
65.06
 20
-130.11
 10
69.89
 20
-130.11
 10
69.89
 20
-134.94
 10
65.06
 20
-134.94
  0
LWPOLYLINE
100
AcDbEntity
  8
0
100
AcDbPolyline
 90
4
 70
1
 10
70.11
 20
-130.11
 10
74.94
 20
-130.11
 10
74.94
 20
-134.94
 10
70.11
 20
-134.94
  0
LWPOLYLINE
100
AcDbEntity
  8
0
100
AcDbPolyline
 90
4
 70
1
 10
75.06
 20
-130.11
 10
79.89
 20
-130.11
 10
79.89
 20
-134.94
 10
75.06
 20
-134.94
  0
LWPOLYLINE
100
AcDbEntity
  8
0
100
AcDbPolyline
 90
4
 70
1
 10
80.11
 20
-130.11
 10
84.94
 20
-130.11
 10
84.94
 20
-134.94
 10
80.11
 20
-134.94
  0
LWPOLYLINE
100
AcDbEntity
  8
0
100
AcDbPolyline
 90
4
 70
1
 10
85.06
 20
-130.11
 10
89.89
 20
-130.11
 10
89.89
 20
-134.94
 10
85.06
 20
-134.94
  0
LWPOLYLINE
100
AcDbEntity
  8
0
100
AcDbPolyline
 90
4
 70
1
 10
90.11
 20
-130.11
 10
94.94
 20
-130.11
 10
94.94
 20
-134.94
 10
90.11
 20
-134.94
  0
LWPOLYLINE
100
AcDbEntity
  8
0
100
AcDbPolyline
 90
4
 70
1
 10
95.06
 20
-130.11
 10
99.89
 20
-130.11
 10
99.89
 20
-134.94
 10
95.06
 20
-134.94
  0
LWPOLYLINE
100
AcDbEntity
  8
0
100
AcDbPolyline
 90
4
 70
1
 10
100.11
 20
-130.11
 10
104.94
 20
-130.11
 10
104.94
 20
-134.94
 10
100.11
 20
-134.94
  0
LWPOLYLINE
100
AcDbEntity
  8
0
100
AcDbPolyline
 90
4
 70
1
 10
-1.39766
 20
-130.11
 10
-0.7
 20
-130.11
 10
-0.7
 20
-134.94
 10
-1.39766
 20
-134.94
  0
LWPOLYLINE
100
AcDbEntity
  8
0
100
AcDbPolyline
 90
4
 70
1
 10
-4.94
 20
-130.11
 10
-1.84766
 20
-130.11
 10
-1.84766
 20
-134.94
 10
-4.94
 20
-134.94
  0
LWPOLYLINE
100
AcDbEntity
  8
0
100
AcDbPolyline
 90
4
 70
1
 10
-14.94
 20
-130.11
 10
-12.925
 20
-130.11
 10
-12.925
 20
-134.94
 10
-14.94
 20
-134.94
  0
LWPOLYLINE
100
AcDbEntity
  8
0
100
AcDbPolyline
 90
4
 70
1
 10
-104.94
 20
-135.06
 10
-100.11
 20
-135.06
 10
-100.11
 20
-139.89
 10
-104.94
 20
-139.89
  0
LWPOLYLINE
100
AcDbEntity
  8
0
100
AcDbPolyline
 90
4
 70
1
 10
-99.89
 20
-135.06
 10
-95.06
 20
-135.06
 10
-95.06
 20
-139.89
 10
-99.89
 20
-139.89
  0
LWPOLYLINE
100
AcDbEntity
  8
0
100
AcDbPolyline
 90
4
 70
1
 10
-94.94
 20
-135.06
 10
-90.11
 20
-135.06
 10
-90.11
 20
-139.89
 10
-94.94
 20
-139.89
  0
LWPOLYLINE
100
AcDbEntity
  8
0
100
AcDbPolyline
 90
4
 70
1
 10
-89.89
 20
-135.06
 10
-85.06
 20
-135.06
 10
-85.06
 20
-139.89
 10
-89.89
 20
-139.89
  0
LWPOLYLINE
100
AcDbEntity
  8
0
100
AcDbPolyline
 90
4
 70
1
 10
-84.94
 20
-135.06
 10
-80.11
 20
-135.06
 10
-80.11
 20
-139.89
 10
-84.94
 20
-139.89
  0
LWPOLYLINE
100
AcDbEntity
  8
0
100
AcDbPolyline
 90
4
 70
1
 10
-79.89
 20
-135.06
 10
-75.06
 20
-135.06
 10
-75.06
 20
-139.89
 10
-79.89
 20
-139.89
  0
LWPOLYLINE
100
AcDbEntity
  8
0
100
AcDbPolyline
 90
4
 70
1
 10
-74.94
 20
-135.06
 10
-70.11
 20
-135.06
 10
-70.11
 20
-139.89
 10
-74.94
 20
-139.89
  0
LWPOLYLINE
100
AcDbEntity
  8
0
100
AcDbPolyline
 90
4
 70
1
 10
-69.89
 20
-135.06
 10
-65.06
 20
-135.06
 10
-65.06
 20
-139.89
 10
-69.89
 20
-139.89
  0
LWPOLYLINE
100
AcDbEntity
  8
0
100
AcDbPolyline
 90
4
 70
1
 10
-64.94
 20
-135.06
 10
-60.11
 20
-135.06
 10
-60.11
 20
-139.89
 10
-64.94
 20
-139.89
  0
LWPOLYLINE
100
AcDbEntity
  8
0
100
AcDbPolyline
 90
4
 70
1
 10
-59.89
 20
-135.06
 10
-55.06
 20
-135.06
 10
-55.06
 20
-139.89
 10
-59.89
 20
-139.89
  0
LWPOLYLINE
100
AcDbEntity
  8
0
100
AcDbPolyline
 90
4
 70
1
 10
-54.94
 20
-135.06
 10
-50.11
 20
-135.06
 10
-50.11
 20
-139.89
 10
-54.94
 20
-139.89
  0
LWPOLYLINE
100
AcDbEntity
  8
0
100
AcDbPolyline
 90
4
 70
1
 10
-49.89
 20
-135.06
 10
-45.06
 20
-135.06
 10
-45.06
 20
-139.89
 10
-49.89
 20
-139.89
  0
LWPOLYLINE
100
AcDbEntity
  8
0
100
AcDbPolyline
 90
4
 70
1
 10
-44.94
 20
-135.06
 10
-40.11
 20
-135.06
 10
-40.11
 20
-139.89
 10
-44.94
 20
-139.89
  0
LWPOLYLINE
100
AcDbEntity
  8
0
100
AcDbPolyline
 90
4
 70
1
 10
-39.89
 20
-135.06
 10
-35.06
 20
-135.06
 10
-35.06
 20
-139.89
 10
-39.89
 20
-139.89
  0
LWPOLYLINE
100
AcDbEntity
  8
0
100
AcDbPolyline
 90
4
 70
1
 10
-34.94
 20
-135.06
 10
-30.11
 20
-135.06
 10
-30.11
 20
-139.89
 10
-34.94
 20
-139.89
  0
LWPOLYLINE
100
AcDbEntity
  8
0
100
AcDbPolyline
 90
4
 70
1
 10
-29.89
 20
-135.06
 10
-25.06
 20
-135.06
 10
-25.06
 20
-139.89
 10
-29.89
 20
-139.89
  0
LWPOLYLINE
100
AcDbEntity
  8
0
100
AcDbPolyline
 90
4
 70
1
 10
-24.94
 20
-135.06
 10
-20.11
 20
-135.06
 10
-20.11
 20
-139.89
 10
-24.94
 20
-139.89
  0
LWPOLYLINE
100
AcDbEntity
  8
0
100
AcDbPolyline
 90
4
 70
1
 10
-19.89
 20
-135.06
 10
-15.06
 20
-135.06
 10
-15.06
 20
-139.89
 10
-19.89
 20
-139.89
  0
LWPOLYLINE
100
AcDbEntity
  8
0
100
AcDbPolyline
 90
4
 70
1
 10
-12.375
 20
-135.06
 10
-10.11
 20
-135.06
 10
-10.11
 20
-139.89
 10
-12.375
 20
-139.89
  0
LWPOLYLINE
100
AcDbEntity
  8
0
100
AcDbPolyline
 90
4
 70
1
 10
-9.89
 20
-135.06
 10
-5.06
 20
-135.06
 10
-5.06
 20
-139.89
 10
-9.89
 20
-139.89
  0
LWPOLYLINE
100
AcDbEntity
  8
0
100
AcDbPolyline
 90
4
 70
1
 10
0.425
 20
-135.06
 10
4.94
 20
-135.06
 10
4.94
 20
-139.89
 10
0.425
 20
-139.89
  0
LWPOLYLINE
100
AcDbEntity
  8
0
100
AcDbPolyline
 90
4
 70
1
 10
5.06
 20
-135.06
 10
9.89
 20
-135.06
 10
9.89
 20
-139.89
 10
5.06
 20
-139.89
  0
LWPOLYLINE
100
AcDbEntity
  8
0
100
AcDbPolyline
 90
4
 70
1
 10
10.11
 20
-135.06
 10
14.94
 20
-135.06
 10
14.94
 20
-139.89
 10
10.11
 20
-139.89
  0
LWPOLYLINE
100
AcDbEntity
  8
0
100
AcDbPolyline
 90
4
 70
1
 10
15.06
 20
-135.06
 10
19.89
 20
-135.06
 10
19.89
 20
-139.89
 10
15.06
 20
-139.89
  0
LWPOLYLINE
100
AcDbEntity
  8
0
100
AcDbPolyline
 90
4
 70
1
 10
20.11
 20
-135.06
 10
24.94
 20
-135.06
 10
24.94
 20
-139.89
 10
20.11
 20
-139.89
  0
LWPOLYLINE
100
AcDbEntity
  8
0
100
AcDbPolyline
 90
4
 70
1
 10
25.06
 20
-135.06
 10
29.89
 20
-135.06
 10
29.89
 20
-139.89
 10
25.06
 20
-139.89
  0
LWPOLYLINE
100
AcDbEntity
  8
0
100
AcDbPolyline
 90
4
 70
1
 10
30.11
 20
-135.06
 10
34.94
 20
-135.06
 10
34.94
 20
-139.89
 10
30.11
 20
-139.89
  0
LWPOLYLINE
100
AcDbEntity
  8
0
100
AcDbPolyline
 90
4
 70
1
 10
35.06
 20
-135.06
 10
39.89
 20
-135.06
 10
39.89
 20
-139.89
 10
35.06
 20
-139.89
  0
LWPOLYLINE
100
AcDbEntity
  8
0
100
AcDbPolyline
 90
4
 70
1
 10
40.11
 20
-135.06
 10
44.94
 20
-135.06
 10
44.94
 20
-139.89
 10
40.11
 20
-139.89
  0
LWPOLYLINE
100
AcDbEntity
  8
0
100
AcDbPolyline
 90
4
 70
1
 10
45.06
 20
-135.06
 10
49.89
 20
-135.06
 10
49.89
 20
-139.89
 10
45.06
 20
-139.89
  0
LWPOLYLINE
100
AcDbEntity
  8
0
100
AcDbPolyline
 90
4
 70
1
 10
50.11
 20
-135.06
 10
54.94
 20
-135.06
 10
54.94
 20
-139.89
 10
50.11
 20
-139.89
  0
LWPOLYLINE
100
AcDbEntity
  8
0
100
AcDbPolyline
 90
4
 70
1
 10
55.06
 20
-135.06
 10
59.89
 20
-135.06
 10
59.89
 20
-139.89
 10
55.06
 20
-139.89
  0
LWPOLYLINE
100
AcDbEntity
  8
0
100
AcDbPolyline
 90
4
 70
1
 10
60.11
 20
-135.06
 10
64.94
 20
-135.06
 10
64.94
 20
-139.89
 10
60.11
 20
-139.89
  0
LWPOLYLINE
100
AcDbEntity
  8
0
100
AcDbPolyline
 90
4
 70
1
 10
65.06
 20
-135.06
 10
69.89
 20
-135.06
 10
69.89
 20
-139.89
 10
65.06
 20
-139.89
  0
LWPOLYLINE
100
AcDbEntity
  8
0
100
AcDbPolyline
 90
4
 70
1
 10
70.11
 20
-135.06
 10
74.94
 20
-135.06
 10
74.94
 20
-139.89
 10
70.11
 20
-139.89
  0
LWPOLYLINE
100
AcDbEntity
  8
0
100
AcDbPolyline
 90
4
 70
1
 10
75.06
 20
-135.06
 10
79.89
 20
-135.06
 10
79.89
 20
-139.89
 10
75.06
 20
-139.89
  0
LWPOLYLINE
100
AcDbEntity
  8
0
100
AcDbPolyline
 90
4
 70
1
 10
80.11
 20
-135.06
 10
84.94
 20
-135.06
 10
84.94
 20
-139.89
 10
80.11
 20
-139.89
  0
LWPOLYLINE
100
AcDbEntity
  8
0
100
AcDbPolyline
 90
4
 70
1
 10
85.06
 20
-135.06
 10
89.89
 20
-135.06
 10
89.89
 20
-139.89
 10
85.06
 20
-139.89
  0
LWPOLYLINE
100
AcDbEntity
  8
0
100
AcDbPolyline
 90
4
 70
1
 10
90.11
 20
-135.06
 10
94.94
 20
-135.06
 10
94.94
 20
-139.89
 10
90.11
 20
-139.89
  0
LWPOLYLINE
100
AcDbEntity
  8
0
100
AcDbPolyline
 90
4
 70
1
 10
95.06
 20
-135.06
 10
99.89
 20
-135.06
 10
99.89
 20
-139.89
 10
95.06
 20
-139.89
  0
LWPOLYLINE
100
AcDbEntity
  8
0
100
AcDbPolyline
 90
4
 70
1
 10
100.11
 20
-135.06
 10
104.94
 20
-135.06
 10
104.94
 20
-139.89
 10
100.11
 20
-139.89
  0
LWPOLYLINE
100
AcDbEntity
  8
0
100
AcDbPolyline
 90
4
 70
1
 10
-1.39766
 20
-135.06
 10
-0.7
 20
-135.06
 10
-0.7
 20
-139.89
 10
-1.39766
 20
-139.89
  0
LWPOLYLINE
100
AcDbEntity
  8
0
100
AcDbPolyline
 90
4
 70
1
 10
-4.94
 20
-135.06
 10
-1.84766
 20
-135.06
 10
-1.84766
 20
-139.89
 10
-4.94
 20
-139.89
  0
LWPOLYLINE
100
AcDbEntity
  8
0
100
AcDbPolyline
 90
4
 70
1
 10
-14.94
 20
-135.06
 10
-12.925
 20
-135.06
 10
-12.925
 20
-139.89
 10
-14.94
 20
-139.89
  0
LWPOLYLINE
100
AcDbEntity
  8
0
100
AcDbPolyline
 90
4
 70
1
 10
-104.94
 20
-140.11
 10
-100.11
 20
-140.11
 10
-100.11
 20
-144.94
 10
-104.94
 20
-144.94
  0
LWPOLYLINE
100
AcDbEntity
  8
0
100
AcDbPolyline
 90
4
 70
1
 10
-99.89
 20
-140.11
 10
-95.06
 20
-140.11
 10
-95.06
 20
-144.94
 10
-99.89
 20
-144.94
  0
LWPOLYLINE
100
AcDbEntity
  8
0
100
AcDbPolyline
 90
4
 70
1
 10
-94.94
 20
-140.11
 10
-90.11
 20
-140.11
 10
-90.11
 20
-144.94
 10
-94.94
 20
-144.94
  0
LWPOLYLINE
100
AcDbEntity
  8
0
100
AcDbPolyline
 90
4
 70
1
 10
-89.89
 20
-140.11
 10
-85.06
 20
-140.11
 10
-85.06
 20
-144.94
 10
-89.89
 20
-144.94
  0
LWPOLYLINE
100
AcDbEntity
  8
0
100
AcDbPolyline
 90
4
 70
1
 10
-84.94
 20
-140.11
 10
-80.11
 20
-140.11
 10
-80.11
 20
-144.94
 10
-84.94
 20
-144.94
  0
LWPOLYLINE
100
AcDbEntity
  8
0
100
AcDbPolyline
 90
4
 70
1
 10
-79.89
 20
-140.11
 10
-75.06
 20
-140.11
 10
-75.06
 20
-144.94
 10
-79.89
 20
-144.94
  0
LWPOLYLINE
100
AcDbEntity
  8
0
100
AcDbPolyline
 90
4
 70
1
 10
-74.94
 20
-140.11
 10
-70.11
 20
-140.11
 10
-70.11
 20
-144.94
 10
-74.94
 20
-144.94
  0
LWPOLYLINE
100
AcDbEntity
  8
0
100
AcDbPolyline
 90
4
 70
1
 10
-69.89
 20
-140.11
 10
-65.06
 20
-140.11
 10
-65.06
 20
-144.94
 10
-69.89
 20
-144.94
  0
LWPOLYLINE
100
AcDbEntity
  8
0
100
AcDbPolyline
 90
4
 70
1
 10
-64.94
 20
-140.11
 10
-60.11
 20
-140.11
 10
-60.11
 20
-144.94
 10
-64.94
 20
-144.94
  0
LWPOLYLINE
100
AcDbEntity
  8
0
100
AcDbPolyline
 90
4
 70
1
 10
-59.89
 20
-140.11
 10
-55.06
 20
-140.11
 10
-55.06
 20
-144.94
 10
-59.89
 20
-144.94
  0
LWPOLYLINE
100
AcDbEntity
  8
0
100
AcDbPolyline
 90
4
 70
1
 10
-54.94
 20
-140.11
 10
-50.11
 20
-140.11
 10
-50.11
 20
-144.94
 10
-54.94
 20
-144.94
  0
LWPOLYLINE
100
AcDbEntity
  8
0
100
AcDbPolyline
 90
4
 70
1
 10
-49.89
 20
-140.11
 10
-45.06
 20
-140.11
 10
-45.06
 20
-144.94
 10
-49.89
 20
-144.94
  0
LWPOLYLINE
100
AcDbEntity
  8
0
100
AcDbPolyline
 90
4
 70
1
 10
-44.94
 20
-140.11
 10
-40.11
 20
-140.11
 10
-40.11
 20
-144.94
 10
-44.94
 20
-144.94
  0
LWPOLYLINE
100
AcDbEntity
  8
0
100
AcDbPolyline
 90
4
 70
1
 10
-39.89
 20
-140.11
 10
-35.06
 20
-140.11
 10
-35.06
 20
-144.94
 10
-39.89
 20
-144.94
  0
LWPOLYLINE
100
AcDbEntity
  8
0
100
AcDbPolyline
 90
4
 70
1
 10
-34.94
 20
-140.11
 10
-30.11
 20
-140.11
 10
-30.11
 20
-144.94
 10
-34.94
 20
-144.94
  0
LWPOLYLINE
100
AcDbEntity
  8
0
100
AcDbPolyline
 90
4
 70
1
 10
-29.89
 20
-140.11
 10
-25.06
 20
-140.11
 10
-25.06
 20
-144.94
 10
-29.89
 20
-144.94
  0
LWPOLYLINE
100
AcDbEntity
  8
0
100
AcDbPolyline
 90
4
 70
1
 10
-24.94
 20
-140.11
 10
-20.11
 20
-140.11
 10
-20.11
 20
-144.94
 10
-24.94
 20
-144.94
  0
LWPOLYLINE
100
AcDbEntity
  8
0
100
AcDbPolyline
 90
4
 70
1
 10
-19.89
 20
-140.11
 10
-15.06
 20
-140.11
 10
-15.06
 20
-144.94
 10
-19.89
 20
-144.94
  0
LWPOLYLINE
100
AcDbEntity
  8
0
100
AcDbPolyline
 90
4
 70
1
 10
-12.375
 20
-140.11
 10
-10.11
 20
-140.11
 10
-10.11
 20
-144.94
 10
-12.375
 20
-144.94
  0
LWPOLYLINE
100
AcDbEntity
  8
0
100
AcDbPolyline
 90
4
 70
1
 10
-9.89
 20
-140.11
 10
-5.06
 20
-140.11
 10
-5.06
 20
-144.94
 10
-9.89
 20
-144.94
  0
LWPOLYLINE
100
AcDbEntity
  8
0
100
AcDbPolyline
 90
4
 70
1
 10
0.425
 20
-140.11
 10
4.94
 20
-140.11
 10
4.94
 20
-144.94
 10
0.425
 20
-144.94
  0
LWPOLYLINE
100
AcDbEntity
  8
0
100
AcDbPolyline
 90
4
 70
1
 10
5.06
 20
-140.11
 10
9.89
 20
-140.11
 10
9.89
 20
-144.94
 10
5.06
 20
-144.94
  0
LWPOLYLINE
100
AcDbEntity
  8
0
100
AcDbPolyline
 90
4
 70
1
 10
10.11
 20
-140.11
 10
14.94
 20
-140.11
 10
14.94
 20
-144.94
 10
10.11
 20
-144.94
  0
LWPOLYLINE
100
AcDbEntity
  8
0
100
AcDbPolyline
 90
4
 70
1
 10
15.06
 20
-140.11
 10
19.89
 20
-140.11
 10
19.89
 20
-144.94
 10
15.06
 20
-144.94
  0
LWPOLYLINE
100
AcDbEntity
  8
0
100
AcDbPolyline
 90
4
 70
1
 10
20.11
 20
-140.11
 10
24.94
 20
-140.11
 10
24.94
 20
-144.94
 10
20.11
 20
-144.94
  0
LWPOLYLINE
100
AcDbEntity
  8
0
100
AcDbPolyline
 90
4
 70
1
 10
25.06
 20
-140.11
 10
29.89
 20
-140.11
 10
29.89
 20
-144.94
 10
25.06
 20
-144.94
  0
LWPOLYLINE
100
AcDbEntity
  8
0
100
AcDbPolyline
 90
4
 70
1
 10
30.11
 20
-140.11
 10
34.94
 20
-140.11
 10
34.94
 20
-144.94
 10
30.11
 20
-144.94
  0
LWPOLYLINE
100
AcDbEntity
  8
0
100
AcDbPolyline
 90
4
 70
1
 10
35.06
 20
-140.11
 10
39.89
 20
-140.11
 10
39.89
 20
-144.94
 10
35.06
 20
-144.94
  0
LWPOLYLINE
100
AcDbEntity
  8
0
100
AcDbPolyline
 90
4
 70
1
 10
40.11
 20
-140.11
 10
44.94
 20
-140.11
 10
44.94
 20
-144.94
 10
40.11
 20
-144.94
  0
LWPOLYLINE
100
AcDbEntity
  8
0
100
AcDbPolyline
 90
4
 70
1
 10
45.06
 20
-140.11
 10
49.89
 20
-140.11
 10
49.89
 20
-144.94
 10
45.06
 20
-144.94
  0
LWPOLYLINE
100
AcDbEntity
  8
0
100
AcDbPolyline
 90
4
 70
1
 10
50.11
 20
-140.11
 10
54.94
 20
-140.11
 10
54.94
 20
-144.94
 10
50.11
 20
-144.94
  0
LWPOLYLINE
100
AcDbEntity
  8
0
100
AcDbPolyline
 90
4
 70
1
 10
55.06
 20
-140.11
 10
59.89
 20
-140.11
 10
59.89
 20
-144.94
 10
55.06
 20
-144.94
  0
LWPOLYLINE
100
AcDbEntity
  8
0
100
AcDbPolyline
 90
4
 70
1
 10
60.11
 20
-140.11
 10
64.94
 20
-140.11
 10
64.94
 20
-144.94
 10
60.11
 20
-144.94
  0
LWPOLYLINE
100
AcDbEntity
  8
0
100
AcDbPolyline
 90
4
 70
1
 10
65.06
 20
-140.11
 10
69.89
 20
-140.11
 10
69.89
 20
-144.94
 10
65.06
 20
-144.94
  0
LWPOLYLINE
100
AcDbEntity
  8
0
100
AcDbPolyline
 90
4
 70
1
 10
70.11
 20
-140.11
 10
74.94
 20
-140.11
 10
74.94
 20
-144.94
 10
70.11
 20
-144.94
  0
LWPOLYLINE
100
AcDbEntity
  8
0
100
AcDbPolyline
 90
4
 70
1
 10
75.06
 20
-140.11
 10
79.89
 20
-140.11
 10
79.89
 20
-144.94
 10
75.06
 20
-144.94
  0
LWPOLYLINE
100
AcDbEntity
  8
0
100
AcDbPolyline
 90
4
 70
1
 10
80.11
 20
-140.11
 10
84.94
 20
-140.11
 10
84.94
 20
-144.94
 10
80.11
 20
-144.94
  0
LWPOLYLINE
100
AcDbEntity
  8
0
100
AcDbPolyline
 90
4
 70
1
 10
85.06
 20
-140.11
 10
89.89
 20
-140.11
 10
89.89
 20
-144.94
 10
85.06
 20
-144.94
  0
LWPOLYLINE
100
AcDbEntity
  8
0
100
AcDbPolyline
 90
4
 70
1
 10
90.11
 20
-140.11
 10
94.94
 20
-140.11
 10
94.94
 20
-144.94
 10
90.11
 20
-144.94
  0
LWPOLYLINE
100
AcDbEntity
  8
0
100
AcDbPolyline
 90
4
 70
1
 10
95.06
 20
-140.11
 10
99.89
 20
-140.11
 10
99.89
 20
-144.94
 10
95.06
 20
-144.94
  0
LWPOLYLINE
100
AcDbEntity
  8
0
100
AcDbPolyline
 90
4
 70
1
 10
100.11
 20
-140.11
 10
104.94
 20
-140.11
 10
104.94
 20
-144.94
 10
100.11
 20
-144.94
  0
LWPOLYLINE
100
AcDbEntity
  8
0
100
AcDbPolyline
 90
4
 70
1
 10
-1.39766
 20
-140.11
 10
-0.7
 20
-140.11
 10
-0.7
 20
-144.94
 10
-1.39766
 20
-144.94
  0
LWPOLYLINE
100
AcDbEntity
  8
0
100
AcDbPolyline
 90
4
 70
1
 10
-4.94
 20
-140.11
 10
-1.84766
 20
-140.11
 10
-1.84766
 20
-144.94
 10
-4.94
 20
-144.94
  0
LWPOLYLINE
100
AcDbEntity
  8
0
100
AcDbPolyline
 90
4
 70
1
 10
-14.94
 20
-140.11
 10
-12.925
 20
-140.11
 10
-12.925
 20
-144.94
 10
-14.94
 20
-144.94
  0
LWPOLYLINE
100
AcDbEntity
  8
0
100
AcDbPolyline
 90
4
 70
1
 10
-104.94
 20
-145.06
 10
-100.11
 20
-145.06
 10
-100.11
 20
-149.89
 10
-104.94
 20
-149.89
  0
LWPOLYLINE
100
AcDbEntity
  8
0
100
AcDbPolyline
 90
4
 70
1
 10
-99.89
 20
-145.06
 10
-95.06
 20
-145.06
 10
-95.06
 20
-149.89
 10
-99.89
 20
-149.89
  0
LWPOLYLINE
100
AcDbEntity
  8
0
100
AcDbPolyline
 90
4
 70
1
 10
-94.94
 20
-145.06
 10
-90.11
 20
-145.06
 10
-90.11
 20
-149.89
 10
-94.94
 20
-149.89
  0
LWPOLYLINE
100
AcDbEntity
  8
0
100
AcDbPolyline
 90
4
 70
1
 10
-89.89
 20
-145.06
 10
-85.06
 20
-145.06
 10
-85.06
 20
-149.89
 10
-89.89
 20
-149.89
  0
LWPOLYLINE
100
AcDbEntity
  8
0
100
AcDbPolyline
 90
4
 70
1
 10
-84.94
 20
-145.06
 10
-80.11
 20
-145.06
 10
-80.11
 20
-149.89
 10
-84.94
 20
-149.89
  0
LWPOLYLINE
100
AcDbEntity
  8
0
100
AcDbPolyline
 90
4
 70
1
 10
-79.89
 20
-145.06
 10
-75.06
 20
-145.06
 10
-75.06
 20
-149.89
 10
-79.89
 20
-149.89
  0
LWPOLYLINE
100
AcDbEntity
  8
0
100
AcDbPolyline
 90
4
 70
1
 10
-74.94
 20
-145.06
 10
-70.11
 20
-145.06
 10
-70.11
 20
-149.89
 10
-74.94
 20
-149.89
  0
LWPOLYLINE
100
AcDbEntity
  8
0
100
AcDbPolyline
 90
4
 70
1
 10
-69.89
 20
-145.06
 10
-65.06
 20
-145.06
 10
-65.06
 20
-149.89
 10
-69.89
 20
-149.89
  0
LWPOLYLINE
100
AcDbEntity
  8
0
100
AcDbPolyline
 90
4
 70
1
 10
-64.94
 20
-145.06
 10
-60.11
 20
-145.06
 10
-60.11
 20
-149.89
 10
-64.94
 20
-149.89
  0
LWPOLYLINE
100
AcDbEntity
  8
0
100
AcDbPolyline
 90
4
 70
1
 10
-59.89
 20
-145.06
 10
-55.06
 20
-145.06
 10
-55.06
 20
-149.89
 10
-59.89
 20
-149.89
  0
LWPOLYLINE
100
AcDbEntity
  8
0
100
AcDbPolyline
 90
4
 70
1
 10
-54.94
 20
-145.06
 10
-50.11
 20
-145.06
 10
-50.11
 20
-149.89
 10
-54.94
 20
-149.89
  0
LWPOLYLINE
100
AcDbEntity
  8
0
100
AcDbPolyline
 90
4
 70
1
 10
-49.89
 20
-145.06
 10
-45.06
 20
-145.06
 10
-45.06
 20
-149.89
 10
-49.89
 20
-149.89
  0
LWPOLYLINE
100
AcDbEntity
  8
0
100
AcDbPolyline
 90
4
 70
1
 10
-44.94
 20
-145.06
 10
-40.11
 20
-145.06
 10
-40.11
 20
-149.89
 10
-44.94
 20
-149.89
  0
LWPOLYLINE
100
AcDbEntity
  8
0
100
AcDbPolyline
 90
4
 70
1
 10
-39.89
 20
-145.06
 10
-35.06
 20
-145.06
 10
-35.06
 20
-149.89
 10
-39.89
 20
-149.89
  0
LWPOLYLINE
100
AcDbEntity
  8
0
100
AcDbPolyline
 90
4
 70
1
 10
-34.94
 20
-145.06
 10
-30.11
 20
-145.06
 10
-30.11
 20
-149.89
 10
-34.94
 20
-149.89
  0
LWPOLYLINE
100
AcDbEntity
  8
0
100
AcDbPolyline
 90
4
 70
1
 10
-29.89
 20
-145.06
 10
-25.06
 20
-145.06
 10
-25.06
 20
-149.89
 10
-29.89
 20
-149.89
  0
LWPOLYLINE
100
AcDbEntity
  8
0
100
AcDbPolyline
 90
4
 70
1
 10
-24.94
 20
-145.06
 10
-20.11
 20
-145.06
 10
-20.11
 20
-149.89
 10
-24.94
 20
-149.89
  0
LWPOLYLINE
100
AcDbEntity
  8
0
100
AcDbPolyline
 90
4
 70
1
 10
-19.89
 20
-145.06
 10
-15.06
 20
-145.06
 10
-15.06
 20
-149.89
 10
-19.89
 20
-149.89
  0
LWPOLYLINE
100
AcDbEntity
  8
0
100
AcDbPolyline
 90
4
 70
1
 10
-12.375
 20
-145.06
 10
-10.11
 20
-145.06
 10
-10.11
 20
-149.89
 10
-12.375
 20
-149.89
  0
LWPOLYLINE
100
AcDbEntity
  8
0
100
AcDbPolyline
 90
4
 70
1
 10
-9.89
 20
-145.06
 10
-5.06
 20
-145.06
 10
-5.06
 20
-149.89
 10
-9.89
 20
-149.89
  0
LWPOLYLINE
100
AcDbEntity
  8
0
100
AcDbPolyline
 90
4
 70
1
 10
0.425
 20
-145.06
 10
4.94
 20
-145.06
 10
4.94
 20
-149.89
 10
0.425
 20
-149.89
  0
LWPOLYLINE
100
AcDbEntity
  8
0
100
AcDbPolyline
 90
4
 70
1
 10
5.06
 20
-145.06
 10
9.89
 20
-145.06
 10
9.89
 20
-149.89
 10
5.06
 20
-149.89
  0
LWPOLYLINE
100
AcDbEntity
  8
0
100
AcDbPolyline
 90
4
 70
1
 10
10.11
 20
-145.06
 10
14.94
 20
-145.06
 10
14.94
 20
-149.89
 10
10.11
 20
-149.89
  0
LWPOLYLINE
100
AcDbEntity
  8
0
100
AcDbPolyline
 90
4
 70
1
 10
15.06
 20
-145.06
 10
19.89
 20
-145.06
 10
19.89
 20
-149.89
 10
15.06
 20
-149.89
  0
LWPOLYLINE
100
AcDbEntity
  8
0
100
AcDbPolyline
 90
4
 70
1
 10
20.11
 20
-145.06
 10
24.94
 20
-145.06
 10
24.94
 20
-149.89
 10
20.11
 20
-149.89
  0
LWPOLYLINE
100
AcDbEntity
  8
0
100
AcDbPolyline
 90
4
 70
1
 10
25.06
 20
-145.06
 10
29.89
 20
-145.06
 10
29.89
 20
-149.89
 10
25.06
 20
-149.89
  0
LWPOLYLINE
100
AcDbEntity
  8
0
100
AcDbPolyline
 90
4
 70
1
 10
30.11
 20
-145.06
 10
34.94
 20
-145.06
 10
34.94
 20
-149.89
 10
30.11
 20
-149.89
  0
LWPOLYLINE
100
AcDbEntity
  8
0
100
AcDbPolyline
 90
4
 70
1
 10
35.06
 20
-145.06
 10
39.89
 20
-145.06
 10
39.89
 20
-149.89
 10
35.06
 20
-149.89
  0
LWPOLYLINE
100
AcDbEntity
  8
0
100
AcDbPolyline
 90
4
 70
1
 10
40.11
 20
-145.06
 10
44.94
 20
-145.06
 10
44.94
 20
-149.89
 10
40.11
 20
-149.89
  0
LWPOLYLINE
100
AcDbEntity
  8
0
100
AcDbPolyline
 90
4
 70
1
 10
45.06
 20
-145.06
 10
49.89
 20
-145.06
 10
49.89
 20
-149.89
 10
45.06
 20
-149.89
  0
LWPOLYLINE
100
AcDbEntity
  8
0
100
AcDbPolyline
 90
4
 70
1
 10
50.11
 20
-145.06
 10
54.94
 20
-145.06
 10
54.94
 20
-149.89
 10
50.11
 20
-149.89
  0
LWPOLYLINE
100
AcDbEntity
  8
0
100
AcDbPolyline
 90
4
 70
1
 10
55.06
 20
-145.06
 10
59.89
 20
-145.06
 10
59.89
 20
-149.89
 10
55.06
 20
-149.89
  0
LWPOLYLINE
100
AcDbEntity
  8
0
100
AcDbPolyline
 90
4
 70
1
 10
60.11
 20
-145.06
 10
64.94
 20
-145.06
 10
64.94
 20
-149.89
 10
60.11
 20
-149.89
  0
LWPOLYLINE
100
AcDbEntity
  8
0
100
AcDbPolyline
 90
4
 70
1
 10
65.06
 20
-145.06
 10
69.89
 20
-145.06
 10
69.89
 20
-149.89
 10
65.06
 20
-149.89
  0
LWPOLYLINE
100
AcDbEntity
  8
0
100
AcDbPolyline
 90
4
 70
1
 10
70.11
 20
-145.06
 10
74.94
 20
-145.06
 10
74.94
 20
-149.89
 10
70.11
 20
-149.89
  0
LWPOLYLINE
100
AcDbEntity
  8
0
100
AcDbPolyline
 90
4
 70
1
 10
75.06
 20
-145.06
 10
79.89
 20
-145.06
 10
79.89
 20
-149.89
 10
75.06
 20
-149.89
  0
LWPOLYLINE
100
AcDbEntity
  8
0
100
AcDbPolyline
 90
4
 70
1
 10
80.11
 20
-145.06
 10
84.94
 20
-145.06
 10
84.94
 20
-149.89
 10
80.11
 20
-149.89
  0
LWPOLYLINE
100
AcDbEntity
  8
0
100
AcDbPolyline
 90
4
 70
1
 10
85.06
 20
-145.06
 10
89.89
 20
-145.06
 10
89.89
 20
-149.89
 10
85.06
 20
-149.89
  0
LWPOLYLINE
100
AcDbEntity
  8
0
100
AcDbPolyline
 90
4
 70
1
 10
90.11
 20
-145.06
 10
94.94
 20
-145.06
 10
94.94
 20
-149.89
 10
90.11
 20
-149.89
  0
LWPOLYLINE
100
AcDbEntity
  8
0
100
AcDbPolyline
 90
4
 70
1
 10
95.06
 20
-145.06
 10
99.89
 20
-145.06
 10
99.89
 20
-149.89
 10
95.06
 20
-149.89
  0
LWPOLYLINE
100
AcDbEntity
  8
0
100
AcDbPolyline
 90
4
 70
1
 10
100.11
 20
-145.06
 10
104.94
 20
-145.06
 10
104.94
 20
-149.89
 10
100.11
 20
-149.89
  0
LWPOLYLINE
100
AcDbEntity
  8
0
100
AcDbPolyline
 90
4
 70
1
 10
-1.39766
 20
-145.06
 10
-0.7
 20
-145.06
 10
-0.7
 20
-149.89
 10
-1.39766
 20
-149.89
  0
LWPOLYLINE
100
AcDbEntity
  8
0
100
AcDbPolyline
 90
4
 70
1
 10
-4.94
 20
-145.06
 10
-1.84766
 20
-145.06
 10
-1.84766
 20
-149.89
 10
-4.94
 20
-149.89
  0
LWPOLYLINE
100
AcDbEntity
  8
0
100
AcDbPolyline
 90
4
 70
1
 10
-14.94
 20
-145.06
 10
-12.925
 20
-145.06
 10
-12.925
 20
-149.89
 10
-14.94
 20
-149.89
  0
LWPOLYLINE
100
AcDbEntity
  8
0
100
AcDbPolyline
 90
4
 70
1
 10
-104.94
 20
-150.11
 10
-100.11
 20
-150.11
 10
-100.11
 20
-154.94
 10
-104.94
 20
-154.94
  0
LWPOLYLINE
100
AcDbEntity
  8
0
100
AcDbPolyline
 90
4
 70
1
 10
-99.89
 20
-150.11
 10
-95.06
 20
-150.11
 10
-95.06
 20
-154.94
 10
-99.89
 20
-154.94
  0
LWPOLYLINE
100
AcDbEntity
  8
0
100
AcDbPolyline
 90
4
 70
1
 10
-94.94
 20
-150.11
 10
-90.11
 20
-150.11
 10
-90.11
 20
-154.94
 10
-94.94
 20
-154.94
  0
LWPOLYLINE
100
AcDbEntity
  8
0
100
AcDbPolyline
 90
4
 70
1
 10
-89.89
 20
-150.11
 10
-85.06
 20
-150.11
 10
-85.06
 20
-154.94
 10
-89.89
 20
-154.94
  0
LWPOLYLINE
100
AcDbEntity
  8
0
100
AcDbPolyline
 90
4
 70
1
 10
-84.94
 20
-150.11
 10
-80.11
 20
-150.11
 10
-80.11
 20
-154.94
 10
-84.94
 20
-154.94
  0
LWPOLYLINE
100
AcDbEntity
  8
0
100
AcDbPolyline
 90
4
 70
1
 10
-79.89
 20
-150.11
 10
-75.06
 20
-150.11
 10
-75.06
 20
-154.94
 10
-79.89
 20
-154.94
  0
LWPOLYLINE
100
AcDbEntity
  8
0
100
AcDbPolyline
 90
4
 70
1
 10
-74.94
 20
-150.11
 10
-70.11
 20
-150.11
 10
-70.11
 20
-154.94
 10
-74.94
 20
-154.94
  0
LWPOLYLINE
100
AcDbEntity
  8
0
100
AcDbPolyline
 90
4
 70
1
 10
-69.89
 20
-150.11
 10
-65.06
 20
-150.11
 10
-65.06
 20
-154.94
 10
-69.89
 20
-154.94
  0
LWPOLYLINE
100
AcDbEntity
  8
0
100
AcDbPolyline
 90
4
 70
1
 10
-64.94
 20
-150.11
 10
-60.11
 20
-150.11
 10
-60.11
 20
-154.94
 10
-64.94
 20
-154.94
  0
LWPOLYLINE
100
AcDbEntity
  8
0
100
AcDbPolyline
 90
4
 70
1
 10
-59.89
 20
-150.11
 10
-55.06
 20
-150.11
 10
-55.06
 20
-154.94
 10
-59.89
 20
-154.94
  0
LWPOLYLINE
100
AcDbEntity
  8
0
100
AcDbPolyline
 90
4
 70
1
 10
-54.94
 20
-150.11
 10
-50.11
 20
-150.11
 10
-50.11
 20
-154.94
 10
-54.94
 20
-154.94
  0
LWPOLYLINE
100
AcDbEntity
  8
0
100
AcDbPolyline
 90
4
 70
1
 10
-49.89
 20
-150.11
 10
-45.06
 20
-150.11
 10
-45.06
 20
-154.94
 10
-49.89
 20
-154.94
  0
LWPOLYLINE
100
AcDbEntity
  8
0
100
AcDbPolyline
 90
4
 70
1
 10
-44.94
 20
-150.11
 10
-40.11
 20
-150.11
 10
-40.11
 20
-154.94
 10
-44.94
 20
-154.94
  0
LWPOLYLINE
100
AcDbEntity
  8
0
100
AcDbPolyline
 90
4
 70
1
 10
-39.89
 20
-150.11
 10
-35.06
 20
-150.11
 10
-35.06
 20
-154.94
 10
-39.89
 20
-154.94
  0
LWPOLYLINE
100
AcDbEntity
  8
0
100
AcDbPolyline
 90
4
 70
1
 10
-34.94
 20
-150.11
 10
-30.11
 20
-150.11
 10
-30.11
 20
-154.94
 10
-34.94
 20
-154.94
  0
LWPOLYLINE
100
AcDbEntity
  8
0
100
AcDbPolyline
 90
4
 70
1
 10
-29.89
 20
-150.11
 10
-25.06
 20
-150.11
 10
-25.06
 20
-154.94
 10
-29.89
 20
-154.94
  0
LWPOLYLINE
100
AcDbEntity
  8
0
100
AcDbPolyline
 90
4
 70
1
 10
-24.94
 20
-150.11
 10
-20.11
 20
-150.11
 10
-20.11
 20
-154.94
 10
-24.94
 20
-154.94
  0
LWPOLYLINE
100
AcDbEntity
  8
0
100
AcDbPolyline
 90
4
 70
1
 10
-19.89
 20
-150.11
 10
-15.06
 20
-150.11
 10
-15.06
 20
-154.94
 10
-19.89
 20
-154.94
  0
LWPOLYLINE
100
AcDbEntity
  8
0
100
AcDbPolyline
 90
4
 70
1
 10
-12.375
 20
-150.11
 10
-10.11
 20
-150.11
 10
-10.11
 20
-154.94
 10
-12.375
 20
-154.94
  0
LWPOLYLINE
100
AcDbEntity
  8
0
100
AcDbPolyline
 90
4
 70
1
 10
-9.89
 20
-150.11
 10
-5.06
 20
-150.11
 10
-5.06
 20
-154.94
 10
-9.89
 20
-154.94
  0
LWPOLYLINE
100
AcDbEntity
  8
0
100
AcDbPolyline
 90
4
 70
1
 10
0.425
 20
-150.11
 10
4.94
 20
-150.11
 10
4.94
 20
-154.94
 10
0.425
 20
-154.94
  0
LWPOLYLINE
100
AcDbEntity
  8
0
100
AcDbPolyline
 90
4
 70
1
 10
5.06
 20
-150.11
 10
9.89
 20
-150.11
 10
9.89
 20
-154.94
 10
5.06
 20
-154.94
  0
LWPOLYLINE
100
AcDbEntity
  8
0
100
AcDbPolyline
 90
4
 70
1
 10
10.11
 20
-150.11
 10
14.94
 20
-150.11
 10
14.94
 20
-154.94
 10
10.11
 20
-154.94
  0
LWPOLYLINE
100
AcDbEntity
  8
0
100
AcDbPolyline
 90
4
 70
1
 10
15.06
 20
-150.11
 10
19.89
 20
-150.11
 10
19.89
 20
-154.94
 10
15.06
 20
-154.94
  0
LWPOLYLINE
100
AcDbEntity
  8
0
100
AcDbPolyline
 90
4
 70
1
 10
20.11
 20
-150.11
 10
24.94
 20
-150.11
 10
24.94
 20
-154.94
 10
20.11
 20
-154.94
  0
LWPOLYLINE
100
AcDbEntity
  8
0
100
AcDbPolyline
 90
4
 70
1
 10
25.06
 20
-150.11
 10
29.89
 20
-150.11
 10
29.89
 20
-154.94
 10
25.06
 20
-154.94
  0
LWPOLYLINE
100
AcDbEntity
  8
0
100
AcDbPolyline
 90
4
 70
1
 10
30.11
 20
-150.11
 10
34.94
 20
-150.11
 10
34.94
 20
-154.94
 10
30.11
 20
-154.94
  0
LWPOLYLINE
100
AcDbEntity
  8
0
100
AcDbPolyline
 90
4
 70
1
 10
35.06
 20
-150.11
 10
39.89
 20
-150.11
 10
39.89
 20
-154.94
 10
35.06
 20
-154.94
  0
LWPOLYLINE
100
AcDbEntity
  8
0
100
AcDbPolyline
 90
4
 70
1
 10
40.11
 20
-150.11
 10
44.94
 20
-150.11
 10
44.94
 20
-154.94
 10
40.11
 20
-154.94
  0
LWPOLYLINE
100
AcDbEntity
  8
0
100
AcDbPolyline
 90
4
 70
1
 10
45.06
 20
-150.11
 10
49.89
 20
-150.11
 10
49.89
 20
-154.94
 10
45.06
 20
-154.94
  0
LWPOLYLINE
100
AcDbEntity
  8
0
100
AcDbPolyline
 90
4
 70
1
 10
50.11
 20
-150.11
 10
54.94
 20
-150.11
 10
54.94
 20
-154.94
 10
50.11
 20
-154.94
  0
LWPOLYLINE
100
AcDbEntity
  8
0
100
AcDbPolyline
 90
4
 70
1
 10
55.06
 20
-150.11
 10
59.89
 20
-150.11
 10
59.89
 20
-154.94
 10
55.06
 20
-154.94
  0
LWPOLYLINE
100
AcDbEntity
  8
0
100
AcDbPolyline
 90
4
 70
1
 10
60.11
 20
-150.11
 10
64.94
 20
-150.11
 10
64.94
 20
-154.94
 10
60.11
 20
-154.94
  0
LWPOLYLINE
100
AcDbEntity
  8
0
100
AcDbPolyline
 90
4
 70
1
 10
65.06
 20
-150.11
 10
69.89
 20
-150.11
 10
69.89
 20
-154.94
 10
65.06
 20
-154.94
  0
LWPOLYLINE
100
AcDbEntity
  8
0
100
AcDbPolyline
 90
4
 70
1
 10
70.11
 20
-150.11
 10
74.94
 20
-150.11
 10
74.94
 20
-154.94
 10
70.11
 20
-154.94
  0
LWPOLYLINE
100
AcDbEntity
  8
0
100
AcDbPolyline
 90
4
 70
1
 10
75.06
 20
-150.11
 10
79.89
 20
-150.11
 10
79.89
 20
-154.94
 10
75.06
 20
-154.94
  0
LWPOLYLINE
100
AcDbEntity
  8
0
100
AcDbPolyline
 90
4
 70
1
 10
80.11
 20
-150.11
 10
84.94
 20
-150.11
 10
84.94
 20
-154.94
 10
80.11
 20
-154.94
  0
LWPOLYLINE
100
AcDbEntity
  8
0
100
AcDbPolyline
 90
4
 70
1
 10
85.06
 20
-150.11
 10
89.89
 20
-150.11
 10
89.89
 20
-154.94
 10
85.06
 20
-154.94
  0
LWPOLYLINE
100
AcDbEntity
  8
0
100
AcDbPolyline
 90
4
 70
1
 10
90.11
 20
-150.11
 10
94.94
 20
-150.11
 10
94.94
 20
-154.94
 10
90.11
 20
-154.94
  0
LWPOLYLINE
100
AcDbEntity
  8
0
100
AcDbPolyline
 90
4
 70
1
 10
95.06
 20
-150.11
 10
99.89
 20
-150.11
 10
99.89
 20
-154.94
 10
95.06
 20
-154.94
  0
LWPOLYLINE
100
AcDbEntity
  8
0
100
AcDbPolyline
 90
4
 70
1
 10
100.11
 20
-150.11
 10
104.94
 20
-150.11
 10
104.94
 20
-154.94
 10
100.11
 20
-154.94
  0
LWPOLYLINE
100
AcDbEntity
  8
0
100
AcDbPolyline
 90
4
 70
1
 10
-1.39766
 20
-150.11
 10
-0.7
 20
-150.11
 10
-0.7
 20
-154.94
 10
-1.39766
 20
-154.94
  0
LWPOLYLINE
100
AcDbEntity
  8
0
100
AcDbPolyline
 90
4
 70
1
 10
-4.94
 20
-150.11
 10
-1.84766
 20
-150.11
 10
-1.84766
 20
-154.94
 10
-4.94
 20
-154.94
  0
LWPOLYLINE
100
AcDbEntity
  8
0
100
AcDbPolyline
 90
4
 70
1
 10
-14.94
 20
-150.11
 10
-12.925
 20
-150.11
 10
-12.925
 20
-154.94
 10
-14.94
 20
-154.94
  0
LWPOLYLINE
100
AcDbEntity
  8
0
100
AcDbPolyline
 90
4
 70
1
 10
-104.94
 20
-155.06
 10
-100.11
 20
-155.06
 10
-100.11
 20
-159.89
 10
-104.94
 20
-159.89
  0
LWPOLYLINE
100
AcDbEntity
  8
0
100
AcDbPolyline
 90
4
 70
1
 10
-99.89
 20
-155.06
 10
-95.06
 20
-155.06
 10
-95.06
 20
-159.89
 10
-99.89
 20
-159.89
  0
LWPOLYLINE
100
AcDbEntity
  8
0
100
AcDbPolyline
 90
4
 70
1
 10
-94.94
 20
-155.06
 10
-90.11
 20
-155.06
 10
-90.11
 20
-159.89
 10
-94.94
 20
-159.89
  0
LWPOLYLINE
100
AcDbEntity
  8
0
100
AcDbPolyline
 90
4
 70
1
 10
-89.89
 20
-155.06
 10
-85.06
 20
-155.06
 10
-85.06
 20
-159.89
 10
-89.89
 20
-159.89
  0
LWPOLYLINE
100
AcDbEntity
  8
0
100
AcDbPolyline
 90
8
 70
1
 10
-84.94
 20
-155.06
 10
-80.11
 20
-155.06
 10
-80.11
 20
-157.5
 10
-80.35
 20
-157.5
 10
-80.35
 20
-159.65
 10
-82.5
 20
-159.65
 10
-82.5
 20
-159.89
 10
-84.94
 20
-159.89
  0
LWPOLYLINE
100
AcDbEntity
  8
0
100
AcDbPolyline
 90
8
 70
1
 10
-77.5
 20
-159.65
 10
-79.65
 20
-159.65
 10
-79.65
 20
-157.5
 10
-79.89
 20
-157.5
 10
-79.89
 20
-155.06
 10
-75.06
 20
-155.06
 10
-75.06
 20
-159.89
 10
-77.5
 20
-159.89
  0
LWPOLYLINE
100
AcDbEntity
  8
0
100
AcDbPolyline
 90
4
 70
1
 10
-74.94
 20
-155.06
 10
-70.11
 20
-155.06
 10
-70.11
 20
-159.89
 10
-74.94
 20
-159.89
  0
LWPOLYLINE
100
AcDbEntity
  8
0
100
AcDbPolyline
 90
4
 70
1
 10
-69.89
 20
-155.06
 10
-65.06
 20
-155.06
 10
-65.06
 20
-159.89
 10
-69.89
 20
-159.89
  0
LWPOLYLINE
100
AcDbEntity
  8
0
100
AcDbPolyline
 90
4
 70
1
 10
-64.94
 20
-155.06
 10
-60.11
 20
-155.06
 10
-60.11
 20
-159.89
 10
-64.94
 20
-159.89
  0
LWPOLYLINE
100
AcDbEntity
  8
0
100
AcDbPolyline
 90
4
 70
1
 10
-59.89
 20
-155.06
 10
-55.06
 20
-155.06
 10
-55.06
 20
-159.89
 10
-59.89
 20
-159.89
  0
LWPOLYLINE
100
AcDbEntity
  8
0
100
AcDbPolyline
 90
4
 70
1
 10
-54.94
 20
-155.06
 10
-50.11
 20
-155.06
 10
-50.11
 20
-159.89
 10
-54.94
 20
-159.89
  0
LWPOLYLINE
100
AcDbEntity
  8
0
100
AcDbPolyline
 90
4
 70
1
 10
-49.89
 20
-155.06
 10
-45.06
 20
-155.06
 10
-45.06
 20
-159.89
 10
-49.89
 20
-159.89
  0
LWPOLYLINE
100
AcDbEntity
  8
0
100
AcDbPolyline
 90
4
 70
1
 10
-44.94
 20
-155.06
 10
-40.11
 20
-155.06
 10
-40.11
 20
-159.89
 10
-44.94
 20
-159.89
  0
LWPOLYLINE
100
AcDbEntity
  8
0
100
AcDbPolyline
 90
4
 70
1
 10
-39.89
 20
-155.06
 10
-35.06
 20
-155.06
 10
-35.06
 20
-159.89
 10
-39.89
 20
-159.89
  0
LWPOLYLINE
100
AcDbEntity
  8
0
100
AcDbPolyline
 90
4
 70
1
 10
-34.94
 20
-155.06
 10
-30.11
 20
-155.06
 10
-30.11
 20
-159.89
 10
-34.94
 20
-159.89
  0
LWPOLYLINE
100
AcDbEntity
  8
0
100
AcDbPolyline
 90
4
 70
1
 10
-29.89
 20
-155.06
 10
-25.06
 20
-155.06
 10
-25.06
 20
-159.89
 10
-29.89
 20
-159.89
  0
LWPOLYLINE
100
AcDbEntity
  8
0
100
AcDbPolyline
 90
4
 70
1
 10
-24.94
 20
-155.06
 10
-20.11
 20
-155.06
 10
-20.11
 20
-159.89
 10
-24.94
 20
-159.89
  0
LWPOLYLINE
100
AcDbEntity
  8
0
100
AcDbPolyline
 90
4
 70
1
 10
-19.89
 20
-155.06
 10
-15.06
 20
-155.06
 10
-15.06
 20
-159.89
 10
-19.89
 20
-159.89
  0
LWPOLYLINE
100
AcDbEntity
  8
0
100
AcDbPolyline
 90
4
 70
1
 10
-12.375
 20
-155.06
 10
-10.11
 20
-155.06
 10
-10.11
 20
-159.89
 10
-12.375
 20
-159.89
  0
LWPOLYLINE
100
AcDbEntity
  8
0
100
AcDbPolyline
 90
20
 70
1
 10
-5.98114
 20
-159.644
 10
-6.07363
 20
-159.299
 10
-6.22465
 20
-158.975
 10
-6.42961
 20
-158.682
 10
-6.68229
 20
-158.43
 10
-6.975
 20
-158.225
 10
-7.29886
 20
-158.074
 10
-7.64402
 20
-157.981
 10
-8
 20
-157.95
 10
-8.35598
 20
-157.981
 10
-8.70114
 20
-158.074
 10
-9.025
 20
-158.225
 10
-9.31771
 20
-158.43
 10
-9.57039
 20
-158.682
 10
-9.77535
 20
-158.975
 10
-9.89
 20
-159.221
 10
-9.89
 20
-155.06
 10
-5.06
 20
-155.06
 10
-5.06
 20
-159.89
 10
-5.95962
 20
-159.89
  0
LWPOLYLINE
100
AcDbEntity
  8
0
100
AcDbPolyline
 90
4
 70
1
 10
0.425
 20
-155.06
 10
4.94
 20
-155.06
 10
4.94
 20
-159.89
 10
0.425
 20
-159.89
  0
LWPOLYLINE
100
AcDbEntity
  8
0
100
AcDbPolyline
 90
4
 70
1
 10
5.06
 20
-155.06
 10
9.89
 20
-155.06
 10
9.89
 20
-159.89
 10
5.06
 20
-159.89
  0
LWPOLYLINE
100
AcDbEntity
  8
0
100
AcDbPolyline
 90
4
 70
1
 10
10.11
 20
-155.06
 10
14.94
 20
-155.06
 10
14.94
 20
-159.89
 10
10.11
 20
-159.89
  0
LWPOLYLINE
100
AcDbEntity
  8
0
100
AcDbPolyline
 90
4
 70
1
 10
15.06
 20
-155.06
 10
19.89
 20
-155.06
 10
19.89
 20
-159.89
 10
15.06
 20
-159.89
  0
LWPOLYLINE
100
AcDbEntity
  8
0
100
AcDbPolyline
 90
4
 70
1
 10
20.11
 20
-155.06
 10
24.94
 20
-155.06
 10
24.94
 20
-159.89
 10
20.11
 20
-159.89
  0
LWPOLYLINE
100
AcDbEntity
  8
0
100
AcDbPolyline
 90
4
 70
1
 10
25.06
 20
-155.06
 10
29.89
 20
-155.06
 10
29.89
 20
-159.89
 10
25.06
 20
-159.89
  0
LWPOLYLINE
100
AcDbEntity
  8
0
100
AcDbPolyline
 90
4
 70
1
 10
30.11
 20
-155.06
 10
34.94
 20
-155.06
 10
34.94
 20
-159.89
 10
30.11
 20
-159.89
  0
LWPOLYLINE
100
AcDbEntity
  8
0
100
AcDbPolyline
 90
4
 70
1
 10
35.06
 20
-155.06
 10
39.89
 20
-155.06
 10
39.89
 20
-159.89
 10
35.06
 20
-159.89
  0
LWPOLYLINE
100
AcDbEntity
  8
0
100
AcDbPolyline
 90
4
 70
1
 10
40.11
 20
-155.06
 10
44.94
 20
-155.06
 10
44.94
 20
-159.89
 10
40.11
 20
-159.89
  0
LWPOLYLINE
100
AcDbEntity
  8
0
100
AcDbPolyline
 90
4
 70
1
 10
45.06
 20
-155.06
 10
49.89
 20
-155.06
 10
49.89
 20
-159.89
 10
45.06
 20
-159.89
  0
LWPOLYLINE
100
AcDbEntity
  8
0
100
AcDbPolyline
 90
4
 70
1
 10
50.11
 20
-155.06
 10
54.94
 20
-155.06
 10
54.94
 20
-159.89
 10
50.11
 20
-159.89
  0
LWPOLYLINE
100
AcDbEntity
  8
0
100
AcDbPolyline
 90
4
 70
1
 10
55.06
 20
-155.06
 10
59.89
 20
-155.06
 10
59.89
 20
-159.89
 10
55.06
 20
-159.89
  0
LWPOLYLINE
100
AcDbEntity
  8
0
100
AcDbPolyline
 90
4
 70
1
 10
60.11
 20
-155.06
 10
64.94
 20
-155.06
 10
64.94
 20
-159.89
 10
60.11
 20
-159.89
  0
LWPOLYLINE
100
AcDbEntity
  8
0
100
AcDbPolyline
 90
4
 70
1
 10
65.06
 20
-155.06
 10
69.89
 20
-155.06
 10
69.89
 20
-159.89
 10
65.06
 20
-159.89
  0
LWPOLYLINE
100
AcDbEntity
  8
0
100
AcDbPolyline
 90
4
 70
1
 10
70.11
 20
-155.06
 10
74.94
 20
-155.06
 10
74.94
 20
-159.89
 10
70.11
 20
-159.89
  0
LWPOLYLINE
100
AcDbEntity
  8
0
100
AcDbPolyline
 90
4
 70
1
 10
75.06
 20
-155.06
 10
79.89
 20
-155.06
 10
79.89
 20
-159.89
 10
75.06
 20
-159.89
  0
LWPOLYLINE
100
AcDbEntity
  8
0
100
AcDbPolyline
 90
4
 70
1
 10
80.11
 20
-155.06
 10
84.94
 20
-155.06
 10
84.94
 20
-159.89
 10
80.11
 20
-159.89
  0
LWPOLYLINE
100
AcDbEntity
  8
0
100
AcDbPolyline
 90
4
 70
1
 10
85.06
 20
-155.06
 10
89.89
 20
-155.06
 10
89.89
 20
-159.89
 10
85.06
 20
-159.89
  0
LWPOLYLINE
100
AcDbEntity
  8
0
100
AcDbPolyline
 90
4
 70
1
 10
90.11
 20
-155.06
 10
94.94
 20
-155.06
 10
94.94
 20
-159.89
 10
90.11
 20
-159.89
  0
LWPOLYLINE
100
AcDbEntity
  8
0
100
AcDbPolyline
 90
4
 70
1
 10
95.06
 20
-155.06
 10
99.89
 20
-155.06
 10
99.89
 20
-159.89
 10
95.06
 20
-159.89
  0
LWPOLYLINE
100
AcDbEntity
  8
0
100
AcDbPolyline
 90
4
 70
1
 10
100.11
 20
-155.06
 10
104.94
 20
-155.06
 10
104.94
 20
-159.89
 10
100.11
 20
-159.89
  0
LWPOLYLINE
100
AcDbEntity
  8
0
100
AcDbPolyline
 90
4
 70
1
 10
-1.39766
 20
-155.06
 10
-0.7
 20
-155.06
 10
-0.7
 20
-159.89
 10
-1.39766
 20
-159.89
  0
LWPOLYLINE
100
AcDbEntity
  8
0
100
AcDbPolyline
 90
4
 70
1
 10
-4.94
 20
-155.06
 10
-1.84766
 20
-155.06
 10
-1.84766
 20
-159.89
 10
-4.94
 20
-159.89
  0
LWPOLYLINE
100
AcDbEntity
  8
0
100
AcDbPolyline
 90
4
 70
1
 10
-14.94
 20
-155.06
 10
-12.925
 20
-155.06
 10
-12.925
 20
-159.89
 10
-14.94
 20
-159.89
  0
LWPOLYLINE
100
AcDbEntity
  8
0
100
AcDbPolyline
 90
19
 70
1
 10
-9.47721
 20
-159.74
 10
-9.40954
 20
-159.487
 10
-9.29904
 20
-159.25
 10
-9.14907
 20
-159.036
 10
-8.96418
 20
-158.851
 10
-8.75
 20
-158.701
 10
-8.51303
 20
-158.59
 10
-8.26047
 20
-158.523
 10
-8
 20
-158.5
 10
-7.73953
 20
-158.523
 10
-7.48697
 20
-158.59
 10
-7.25
 20
-158.701
 10
-7.03582
 20
-158.851
 10
-6.85093
 20
-159.036
 10
-6.70096
 20
-159.25
 10
-6.59046
 20
-159.487
 10
-6.52279
 20
-159.74
 10
-6.50962
 20
-159.89
 10
-9.49038
 20
-159.89
  0
LWPOLYLINE
100
AcDbEntity
  8
0
100
AcDbPolyline
 90
4
 70
1
 10
-104.94
 20
-160.11
 10
-100.11
 20
-160.11
 10
-100.11
 20
-164.94
 10
-104.94
 20
-164.94
  0
LWPOLYLINE
100
AcDbEntity
  8
0
100
AcDbPolyline
 90
4
 70
1
 10
-99.89
 20
-160.11
 10
-95.06
 20
-160.11
 10
-95.06
 20
-164.94
 10
-99.89
 20
-164.94
  0
LWPOLYLINE
100
AcDbEntity
  8
0
100
AcDbPolyline
 90
4
 70
1
 10
-94.94
 20
-160.11
 10
-90.11
 20
-160.11
 10
-90.11
 20
-164.94
 10
-94.94
 20
-164.94
  0
LWPOLYLINE
100
AcDbEntity
  8
0
100
AcDbPolyline
 90
4
 70
1
 10
-89.89
 20
-160.11
 10
-85.06
 20
-160.11
 10
-85.06
 20
-164.94
 10
-89.89
 20
-164.94
  0
LWPOLYLINE
100
AcDbEntity
  8
0
100
AcDbPolyline
 90
8
 70
1
 10
-79.89
 20
-162.5
 10
-79.65
 20
-162.5
 10
-79.65
 20
-160.35
 10
-77.5
 20
-160.35
 10
-77.5
 20
-160.11
 10
-75.06
 20
-160.11
 10
-75.06
 20
-164.94
 10
-79.89
 20
-164.94
  0
LWPOLYLINE
100
AcDbEntity
  8
0
100
AcDbPolyline
 90
4
 70
1
 10
-74.94
 20
-160.11
 10
-70.11
 20
-160.11
 10
-70.11
 20
-164.94
 10
-74.94
 20
-164.94
  0
LWPOLYLINE
100
AcDbEntity
  8
0
100
AcDbPolyline
 90
4
 70
1
 10
-69.89
 20
-160.11
 10
-65.06
 20
-160.11
 10
-65.06
 20
-164.94
 10
-69.89
 20
-164.94
  0
LWPOLYLINE
100
AcDbEntity
  8
0
100
AcDbPolyline
 90
4
 70
1
 10
-64.94
 20
-160.11
 10
-60.11
 20
-160.11
 10
-60.11
 20
-164.94
 10
-64.94
 20
-164.94
  0
LWPOLYLINE
100
AcDbEntity
  8
0
100
AcDbPolyline
 90
4
 70
1
 10
-59.89
 20
-160.11
 10
-55.06
 20
-160.11
 10
-55.06
 20
-164.94
 10
-59.89
 20
-164.94
  0
LWPOLYLINE
100
AcDbEntity
  8
0
100
AcDbPolyline
 90
4
 70
1
 10
-54.94
 20
-160.11
 10
-50.11
 20
-160.11
 10
-50.11
 20
-164.94
 10
-54.94
 20
-164.94
  0
LWPOLYLINE
100
AcDbEntity
  8
0
100
AcDbPolyline
 90
4
 70
1
 10
-49.89
 20
-160.11
 10
-45.06
 20
-160.11
 10
-45.06
 20
-164.94
 10
-49.89
 20
-164.94
  0
LWPOLYLINE
100
AcDbEntity
  8
0
100
AcDbPolyline
 90
4
 70
1
 10
-44.94
 20
-160.11
 10
-40.11
 20
-160.11
 10
-40.11
 20
-164.94
 10
-44.94
 20
-164.94
  0
LWPOLYLINE
100
AcDbEntity
  8
0
100
AcDbPolyline
 90
4
 70
1
 10
-39.89
 20
-160.11
 10
-35.06
 20
-160.11
 10
-35.06
 20
-164.94
 10
-39.89
 20
-164.94
  0
LWPOLYLINE
100
AcDbEntity
  8
0
100
AcDbPolyline
 90
4
 70
1
 10
-34.94
 20
-160.11
 10
-30.11
 20
-160.11
 10
-30.11
 20
-164.94
 10
-34.94
 20
-164.94
  0
LWPOLYLINE
100
AcDbEntity
  8
0
100
AcDbPolyline
 90
4
 70
1
 10
-29.89
 20
-160.11
 10
-25.06
 20
-160.11
 10
-25.06
 20
-164.94
 10
-29.89
 20
-164.94
  0
LWPOLYLINE
100
AcDbEntity
  8
0
100
AcDbPolyline
 90
4
 70
1
 10
-24.94
 20
-160.11
 10
-20.11
 20
-160.11
 10
-20.11
 20
-164.94
 10
-24.94
 20
-164.94
  0
LWPOLYLINE
100
AcDbEntity
  8
0
100
AcDbPolyline
 90
4
 70
1
 10
-19.89
 20
-160.11
 10
-15.06
 20
-160.11
 10
-15.06
 20
-164.94
 10
-19.89
 20
-164.94
  0
LWPOLYLINE
100
AcDbEntity
  8
0
100
AcDbPolyline
 90
4
 70
1
 10
-12.375
 20
-160.11
 10
-10.11
 20
-160.11
 10
-10.11
 20
-164.94
 10
-12.375
 20
-164.94
  0
LWPOLYLINE
100
AcDbEntity
  8
0
100
AcDbPolyline
 90
20
 70
1
 10
-9.89
 20
-160.779
 10
-9.77535
 20
-161.025
 10
-9.57039
 20
-161.318
 10
-9.31771
 20
-161.57
 10
-9.025
 20
-161.775
 10
-8.70114
 20
-161.926
 10
-8.35598
 20
-162.019
 10
-8
 20
-162.05
 10
-7.64402
 20
-162.019
 10
-7.29886
 20
-161.926
 10
-6.975
 20
-161.775
 10
-6.68229
 20
-161.57
 10
-6.42961
 20
-161.318
 10
-6.22465
 20
-161.025
 10
-6.07363
 20
-160.701
 10
-5.98114
 20
-160.356
 10
-5.95962
 20
-160.11
 10
-5.06
 20
-160.11
 10
-5.06
 20
-164.94
 10
-9.89
 20
-164.94
  0
LWPOLYLINE
100
AcDbEntity
  8
0
100
AcDbPolyline
 90
4
 70
1
 10
0.425
 20
-160.11
 10
4.94
 20
-160.11
 10
4.94
 20
-164.94
 10
0.425
 20
-164.94
  0
LWPOLYLINE
100
AcDbEntity
  8
0
100
AcDbPolyline
 90
4
 70
1
 10
5.06
 20
-160.11
 10
9.89
 20
-160.11
 10
9.89
 20
-164.94
 10
5.06
 20
-164.94
  0
LWPOLYLINE
100
AcDbEntity
  8
0
100
AcDbPolyline
 90
4
 70
1
 10
10.11
 20
-160.11
 10
14.94
 20
-160.11
 10
14.94
 20
-164.94
 10
10.11
 20
-164.94
  0
LWPOLYLINE
100
AcDbEntity
  8
0
100
AcDbPolyline
 90
4
 70
1
 10
15.06
 20
-160.11
 10
19.89
 20
-160.11
 10
19.89
 20
-164.94
 10
15.06
 20
-164.94
  0
LWPOLYLINE
100
AcDbEntity
  8
0
100
AcDbPolyline
 90
4
 70
1
 10
20.11
 20
-160.11
 10
24.94
 20
-160.11
 10
24.94
 20
-164.94
 10
20.11
 20
-164.94
  0
LWPOLYLINE
100
AcDbEntity
  8
0
100
AcDbPolyline
 90
4
 70
1
 10
25.06
 20
-160.11
 10
29.89
 20
-160.11
 10
29.89
 20
-164.94
 10
25.06
 20
-164.94
  0
LWPOLYLINE
100
AcDbEntity
  8
0
100
AcDbPolyline
 90
4
 70
1
 10
30.11
 20
-160.11
 10
34.94
 20
-160.11
 10
34.94
 20
-164.94
 10
30.11
 20
-164.94
  0
LWPOLYLINE
100
AcDbEntity
  8
0
100
AcDbPolyline
 90
4
 70
1
 10
35.06
 20
-160.11
 10
39.89
 20
-160.11
 10
39.89
 20
-164.94
 10
35.06
 20
-164.94
  0
LWPOLYLINE
100
AcDbEntity
  8
0
100
AcDbPolyline
 90
4
 70
1
 10
40.11
 20
-160.11
 10
44.94
 20
-160.11
 10
44.94
 20
-164.94
 10
40.11
 20
-164.94
  0
LWPOLYLINE
100
AcDbEntity
  8
0
100
AcDbPolyline
 90
4
 70
1
 10
45.06
 20
-160.11
 10
49.89
 20
-160.11
 10
49.89
 20
-164.94
 10
45.06
 20
-164.94
  0
LWPOLYLINE
100
AcDbEntity
  8
0
100
AcDbPolyline
 90
4
 70
1
 10
50.11
 20
-160.11
 10
54.94
 20
-160.11
 10
54.94
 20
-164.94
 10
50.11
 20
-164.94
  0
LWPOLYLINE
100
AcDbEntity
  8
0
100
AcDbPolyline
 90
4
 70
1
 10
55.06
 20
-160.11
 10
59.89
 20
-160.11
 10
59.89
 20
-164.94
 10
55.06
 20
-164.94
  0
LWPOLYLINE
100
AcDbEntity
  8
0
100
AcDbPolyline
 90
4
 70
1
 10
60.11
 20
-160.11
 10
64.94
 20
-160.11
 10
64.94
 20
-164.94
 10
60.11
 20
-164.94
  0
LWPOLYLINE
100
AcDbEntity
  8
0
100
AcDbPolyline
 90
4
 70
1
 10
65.06
 20
-160.11
 10
69.89
 20
-160.11
 10
69.89
 20
-164.94
 10
65.06
 20
-164.94
  0
LWPOLYLINE
100
AcDbEntity
  8
0
100
AcDbPolyline
 90
4
 70
1
 10
70.11
 20
-160.11
 10
74.94
 20
-160.11
 10
74.94
 20
-164.94
 10
70.11
 20
-164.94
  0
LWPOLYLINE
100
AcDbEntity
  8
0
100
AcDbPolyline
 90
4
 70
1
 10
75.06
 20
-160.11
 10
79.89
 20
-160.11
 10
79.89
 20
-164.94
 10
75.06
 20
-164.94
  0
LWPOLYLINE
100
AcDbEntity
  8
0
100
AcDbPolyline
 90
4
 70
1
 10
80.11
 20
-160.11
 10
84.94
 20
-160.11
 10
84.94
 20
-164.94
 10
80.11
 20
-164.94
  0
LWPOLYLINE
100
AcDbEntity
  8
0
100
AcDbPolyline
 90
4
 70
1
 10
85.06
 20
-160.11
 10
89.89
 20
-160.11
 10
89.89
 20
-164.94
 10
85.06
 20
-164.94
  0
LWPOLYLINE
100
AcDbEntity
  8
0
100
AcDbPolyline
 90
4
 70
1
 10
90.11
 20
-160.11
 10
94.94
 20
-160.11
 10
94.94
 20
-164.94
 10
90.11
 20
-164.94
  0
LWPOLYLINE
100
AcDbEntity
  8
0
100
AcDbPolyline
 90
4
 70
1
 10
95.06
 20
-160.11
 10
99.89
 20
-160.11
 10
99.89
 20
-164.94
 10
95.06
 20
-164.94
  0
LWPOLYLINE
100
AcDbEntity
  8
0
100
AcDbPolyline
 90
4
 70
1
 10
100.11
 20
-160.11
 10
104.94
 20
-160.11
 10
104.94
 20
-164.94
 10
100.11
 20
-164.94
  0
LWPOLYLINE
100
AcDbEntity
  8
0
100
AcDbPolyline
 90
4
 70
1
 10
-1.39766
 20
-160.11
 10
-0.7
 20
-160.11
 10
-0.7
 20
-164.94
 10
-1.39766
 20
-164.94
  0
LWPOLYLINE
100
AcDbEntity
  8
0
100
AcDbPolyline
 90
4
 70
1
 10
-4.94
 20
-160.11
 10
-1.84766
 20
-160.11
 10
-1.84766
 20
-164.94
 10
-4.94
 20
-164.94
  0
LWPOLYLINE
100
AcDbEntity
  8
0
100
AcDbPolyline
 90
19
 70
1
 10
-8.26047
 20
-161.477
 10
-8.51303
 20
-161.41
 10
-8.75
 20
-161.299
 10
-8.96418
 20
-161.149
 10
-9.14907
 20
-160.964
 10
-9.29904
 20
-160.75
 10
-9.40954
 20
-160.513
 10
-9.47721
 20
-160.26
 10
-9.49038
 20
-160.11
 10
-6.50962
 20
-160.11
 10
-6.52279
 20
-160.26
 10
-6.59046
 20
-160.513
 10
-6.70096
 20
-160.75
 10
-6.85093
 20
-160.964
 10
-7.03582
 20
-161.149
 10
-7.25
 20
-161.299
 10
-7.48697
 20
-161.41
 10
-7.73953
 20
-161.477
 10
-8
 20
-161.5
  0
LWPOLYLINE
100
AcDbEntity
  8
0
100
AcDbPolyline
 90
4
 70
1
 10
-14.94
 20
-160.11
 10
-12.925
 20
-160.11
 10
-12.925
 20
-164.94
 10
-14.94
 20
-164.94
  0
LWPOLYLINE
100
AcDbEntity
  8
0
100
AcDbPolyline
 90
8
 70
1
 10
-84.94
 20
-160.11
 10
-82.5
 20
-160.11
 10
-82.5
 20
-160.35
 10
-80.35
 20
-160.35
 10
-80.35
 20
-162.5
 10
-80.11
 20
-162.5
 10
-80.11
 20
-164.94
 10
-84.94
 20
-164.94
  0
LWPOLYLINE
100
AcDbEntity
  8
0
100
AcDbPolyline
 90
4
 70
1
 10
-104.94
 20
-165.06
 10
-100.11
 20
-165.06
 10
-100.11
 20
-169.89
 10
-104.94
 20
-169.89
  0
LWPOLYLINE
100
AcDbEntity
  8
0
100
AcDbPolyline
 90
4
 70
1
 10
-99.89
 20
-165.06
 10
-95.06
 20
-165.06
 10
-95.06
 20
-169.89
 10
-99.89
 20
-169.89
  0
LWPOLYLINE
100
AcDbEntity
  8
0
100
AcDbPolyline
 90
4
 70
1
 10
-94.94
 20
-165.06
 10
-90.11
 20
-165.06
 10
-90.11
 20
-169.89
 10
-94.94
 20
-169.89
  0
LWPOLYLINE
100
AcDbEntity
  8
0
100
AcDbPolyline
 90
4
 70
1
 10
-89.89
 20
-165.06
 10
-85.06
 20
-165.06
 10
-85.06
 20
-169.89
 10
-89.89
 20
-169.89
  0
LWPOLYLINE
100
AcDbEntity
  8
0
100
AcDbPolyline
 90
4
 70
1
 10
-84.94
 20
-165.06
 10
-80.11
 20
-165.06
 10
-80.11
 20
-169.89
 10
-84.94
 20
-169.89
  0
LWPOLYLINE
100
AcDbEntity
  8
0
100
AcDbPolyline
 90
4
 70
1
 10
-79.89
 20
-165.06
 10
-75.06
 20
-165.06
 10
-75.06
 20
-169.89
 10
-79.89
 20
-169.89
  0
LWPOLYLINE
100
AcDbEntity
  8
0
100
AcDbPolyline
 90
4
 70
1
 10
-74.94
 20
-165.06
 10
-70.11
 20
-165.06
 10
-70.11
 20
-169.89
 10
-74.94
 20
-169.89
  0
LWPOLYLINE
100
AcDbEntity
  8
0
100
AcDbPolyline
 90
4
 70
1
 10
-69.89
 20
-165.06
 10
-65.06
 20
-165.06
 10
-65.06
 20
-169.89
 10
-69.89
 20
-169.89
  0
LWPOLYLINE
100
AcDbEntity
  8
0
100
AcDbPolyline
 90
4
 70
1
 10
-64.94
 20
-165.06
 10
-60.11
 20
-165.06
 10
-60.11
 20
-169.89
 10
-64.94
 20
-169.89
  0
LWPOLYLINE
100
AcDbEntity
  8
0
100
AcDbPolyline
 90
4
 70
1
 10
-59.89
 20
-165.06
 10
-55.06
 20
-165.06
 10
-55.06
 20
-169.89
 10
-59.89
 20
-169.89
  0
LWPOLYLINE
100
AcDbEntity
  8
0
100
AcDbPolyline
 90
4
 70
1
 10
-54.94
 20
-165.06
 10
-50.11
 20
-165.06
 10
-50.11
 20
-169.89
 10
-54.94
 20
-169.89
  0
LWPOLYLINE
100
AcDbEntity
  8
0
100
AcDbPolyline
 90
4
 70
1
 10
-49.89
 20
-165.06
 10
-45.06
 20
-165.06
 10
-45.06
 20
-169.89
 10
-49.89
 20
-169.89
  0
LWPOLYLINE
100
AcDbEntity
  8
0
100
AcDbPolyline
 90
4
 70
1
 10
-44.94
 20
-165.06
 10
-40.11
 20
-165.06
 10
-40.11
 20
-169.89
 10
-44.94
 20
-169.89
  0
LWPOLYLINE
100
AcDbEntity
  8
0
100
AcDbPolyline
 90
4
 70
1
 10
-39.89
 20
-165.06
 10
-35.06
 20
-165.06
 10
-35.06
 20
-169.89
 10
-39.89
 20
-169.89
  0
LWPOLYLINE
100
AcDbEntity
  8
0
100
AcDbPolyline
 90
4
 70
1
 10
-34.94
 20
-165.06
 10
-30.11
 20
-165.06
 10
-30.11
 20
-169.89
 10
-34.94
 20
-169.89
  0
LWPOLYLINE
100
AcDbEntity
  8
0
100
AcDbPolyline
 90
4
 70
1
 10
-29.89
 20
-165.06
 10
-25.06
 20
-165.06
 10
-25.06
 20
-169.89
 10
-29.89
 20
-169.89
  0
LWPOLYLINE
100
AcDbEntity
  8
0
100
AcDbPolyline
 90
4
 70
1
 10
-24.94
 20
-165.06
 10
-20.11
 20
-165.06
 10
-20.11
 20
-169.89
 10
-24.94
 20
-169.89
  0
LWPOLYLINE
100
AcDbEntity
  8
0
100
AcDbPolyline
 90
4
 70
1
 10
-19.89
 20
-165.06
 10
-15.06
 20
-165.06
 10
-15.06
 20
-169.89
 10
-19.89
 20
-169.89
  0
LWPOLYLINE
100
AcDbEntity
  8
0
100
AcDbPolyline
 90
4
 70
1
 10
-12.375
 20
-165.06
 10
-10.11
 20
-165.06
 10
-10.11
 20
-169.89
 10
-12.375
 20
-169.89
  0
LWPOLYLINE
100
AcDbEntity
  8
0
100
AcDbPolyline
 90
4
 70
1
 10
-9.89
 20
-165.06
 10
-5.06
 20
-165.06
 10
-5.06
 20
-169.89
 10
-9.89
 20
-169.89
  0
LWPOLYLINE
100
AcDbEntity
  8
0
100
AcDbPolyline
 90
4
 70
1
 10
0.425
 20
-165.06
 10
4.94
 20
-165.06
 10
4.94
 20
-169.89
 10
0.425
 20
-169.89
  0
LWPOLYLINE
100
AcDbEntity
  8
0
100
AcDbPolyline
 90
4
 70
1
 10
5.06
 20
-165.06
 10
9.89
 20
-165.06
 10
9.89
 20
-169.89
 10
5.06
 20
-169.89
  0
LWPOLYLINE
100
AcDbEntity
  8
0
100
AcDbPolyline
 90
4
 70
1
 10
10.11
 20
-165.06
 10
14.94
 20
-165.06
 10
14.94
 20
-169.89
 10
10.11
 20
-169.89
  0
LWPOLYLINE
100
AcDbEntity
  8
0
100
AcDbPolyline
 90
4
 70
1
 10
15.06
 20
-165.06
 10
19.89
 20
-165.06
 10
19.89
 20
-169.89
 10
15.06
 20
-169.89
  0
LWPOLYLINE
100
AcDbEntity
  8
0
100
AcDbPolyline
 90
4
 70
1
 10
20.11
 20
-165.06
 10
24.94
 20
-165.06
 10
24.94
 20
-169.89
 10
20.11
 20
-169.89
  0
LWPOLYLINE
100
AcDbEntity
  8
0
100
AcDbPolyline
 90
4
 70
1
 10
25.06
 20
-165.06
 10
29.89
 20
-165.06
 10
29.89
 20
-169.89
 10
25.06
 20
-169.89
  0
LWPOLYLINE
100
AcDbEntity
  8
0
100
AcDbPolyline
 90
4
 70
1
 10
30.11
 20
-165.06
 10
34.94
 20
-165.06
 10
34.94
 20
-169.89
 10
30.11
 20
-169.89
  0
LWPOLYLINE
100
AcDbEntity
  8
0
100
AcDbPolyline
 90
4
 70
1
 10
35.06
 20
-165.06
 10
39.89
 20
-165.06
 10
39.89
 20
-169.89
 10
35.06
 20
-169.89
  0
LWPOLYLINE
100
AcDbEntity
  8
0
100
AcDbPolyline
 90
4
 70
1
 10
40.11
 20
-165.06
 10
44.94
 20
-165.06
 10
44.94
 20
-169.89
 10
40.11
 20
-169.89
  0
LWPOLYLINE
100
AcDbEntity
  8
0
100
AcDbPolyline
 90
4
 70
1
 10
45.06
 20
-165.06
 10
49.89
 20
-165.06
 10
49.89
 20
-169.89
 10
45.06
 20
-169.89
  0
LWPOLYLINE
100
AcDbEntity
  8
0
100
AcDbPolyline
 90
4
 70
1
 10
50.11
 20
-165.06
 10
54.94
 20
-165.06
 10
54.94
 20
-169.89
 10
50.11
 20
-169.89
  0
LWPOLYLINE
100
AcDbEntity
  8
0
100
AcDbPolyline
 90
4
 70
1
 10
55.06
 20
-165.06
 10
59.89
 20
-165.06
 10
59.89
 20
-169.89
 10
55.06
 20
-169.89
  0
LWPOLYLINE
100
AcDbEntity
  8
0
100
AcDbPolyline
 90
4
 70
1
 10
60.11
 20
-165.06
 10
64.94
 20
-165.06
 10
64.94
 20
-169.89
 10
60.11
 20
-169.89
  0
LWPOLYLINE
100
AcDbEntity
  8
0
100
AcDbPolyline
 90
4
 70
1
 10
65.06
 20
-165.06
 10
69.89
 20
-165.06
 10
69.89
 20
-169.89
 10
65.06
 20
-169.89
  0
LWPOLYLINE
100
AcDbEntity
  8
0
100
AcDbPolyline
 90
4
 70
1
 10
70.11
 20
-165.06
 10
74.94
 20
-165.06
 10
74.94
 20
-169.89
 10
70.11
 20
-169.89
  0
LWPOLYLINE
100
AcDbEntity
  8
0
100
AcDbPolyline
 90
4
 70
1
 10
75.06
 20
-165.06
 10
79.89
 20
-165.06
 10
79.89
 20
-169.89
 10
75.06
 20
-169.89
  0
LWPOLYLINE
100
AcDbEntity
  8
0
100
AcDbPolyline
 90
4
 70
1
 10
80.11
 20
-165.06
 10
84.94
 20
-165.06
 10
84.94
 20
-169.89
 10
80.11
 20
-169.89
  0
LWPOLYLINE
100
AcDbEntity
  8
0
100
AcDbPolyline
 90
4
 70
1
 10
85.06
 20
-165.06
 10
89.89
 20
-165.06
 10
89.89
 20
-169.89
 10
85.06
 20
-169.89
  0
LWPOLYLINE
100
AcDbEntity
  8
0
100
AcDbPolyline
 90
4
 70
1
 10
90.11
 20
-165.06
 10
94.94
 20
-165.06
 10
94.94
 20
-169.89
 10
90.11
 20
-169.89
  0
LWPOLYLINE
100
AcDbEntity
  8
0
100
AcDbPolyline
 90
4
 70
1
 10
95.06
 20
-165.06
 10
99.89
 20
-165.06
 10
99.89
 20
-169.89
 10
95.06
 20
-169.89
  0
LWPOLYLINE
100
AcDbEntity
  8
0
100
AcDbPolyline
 90
4
 70
1
 10
100.11
 20
-165.06
 10
104.94
 20
-165.06
 10
104.94
 20
-169.89
 10
100.11
 20
-169.89
  0
LWPOLYLINE
100
AcDbEntity
  8
0
100
AcDbPolyline
 90
4
 70
1
 10
-1.39766
 20
-165.06
 10
-0.7
 20
-165.06
 10
-0.7
 20
-169.89
 10
-1.39766
 20
-169.89
  0
LWPOLYLINE
100
AcDbEntity
  8
0
100
AcDbPolyline
 90
4
 70
1
 10
-4.94
 20
-165.06
 10
-1.84766
 20
-165.06
 10
-1.84766
 20
-169.89
 10
-4.94
 20
-169.89
  0
LWPOLYLINE
100
AcDbEntity
  8
0
100
AcDbPolyline
 90
4
 70
1
 10
-14.94
 20
-165.06
 10
-12.925
 20
-165.06
 10
-12.925
 20
-169.89
 10
-14.94
 20
-169.89
  0
LWPOLYLINE
100
AcDbEntity
  8
0
100
AcDbPolyline
 90
4
 70
1
 10
-104.94
 20
-170.11
 10
-100.11
 20
-170.11
 10
-100.11
 20
-174.94
 10
-104.94
 20
-174.94
  0
LWPOLYLINE
100
AcDbEntity
  8
0
100
AcDbPolyline
 90
4
 70
1
 10
-99.89
 20
-170.11
 10
-95.06
 20
-170.11
 10
-95.06
 20
-174.94
 10
-99.89
 20
-174.94
  0
LWPOLYLINE
100
AcDbEntity
  8
0
100
AcDbPolyline
 90
4
 70
1
 10
-94.94
 20
-170.11
 10
-90.11
 20
-170.11
 10
-90.11
 20
-174.94
 10
-94.94
 20
-174.94
  0
LWPOLYLINE
100
AcDbEntity
  8
0
100
AcDbPolyline
 90
4
 70
1
 10
-89.89
 20
-170.11
 10
-85.06
 20
-170.11
 10
-85.06
 20
-174.94
 10
-89.89
 20
-174.94
  0
LWPOLYLINE
100
AcDbEntity
  8
0
100
AcDbPolyline
 90
4
 70
1
 10
-84.94
 20
-170.11
 10
-80.11
 20
-170.11
 10
-80.11
 20
-174.94
 10
-84.94
 20
-174.94
  0
LWPOLYLINE
100
AcDbEntity
  8
0
100
AcDbPolyline
 90
4
 70
1
 10
-79.89
 20
-170.11
 10
-75.06
 20
-170.11
 10
-75.06
 20
-174.94
 10
-79.89
 20
-174.94
  0
LWPOLYLINE
100
AcDbEntity
  8
0
100
AcDbPolyline
 90
4
 70
1
 10
-74.94
 20
-170.11
 10
-70.11
 20
-170.11
 10
-70.11
 20
-174.94
 10
-74.94
 20
-174.94
  0
LWPOLYLINE
100
AcDbEntity
  8
0
100
AcDbPolyline
 90
4
 70
1
 10
-69.89
 20
-170.11
 10
-65.06
 20
-170.11
 10
-65.06
 20
-174.94
 10
-69.89
 20
-174.94
  0
LWPOLYLINE
100
AcDbEntity
  8
0
100
AcDbPolyline
 90
4
 70
1
 10
-64.94
 20
-170.11
 10
-60.11
 20
-170.11
 10
-60.11
 20
-174.94
 10
-64.94
 20
-174.94
  0
LWPOLYLINE
100
AcDbEntity
  8
0
100
AcDbPolyline
 90
4
 70
1
 10
-59.89
 20
-170.11
 10
-55.06
 20
-170.11
 10
-55.06
 20
-174.94
 10
-59.89
 20
-174.94
  0
LWPOLYLINE
100
AcDbEntity
  8
0
100
AcDbPolyline
 90
4
 70
1
 10
-54.94
 20
-170.11
 10
-50.11
 20
-170.11
 10
-50.11
 20
-174.94
 10
-54.94
 20
-174.94
  0
LWPOLYLINE
100
AcDbEntity
  8
0
100
AcDbPolyline
 90
4
 70
1
 10
-49.89
 20
-170.11
 10
-45.06
 20
-170.11
 10
-45.06
 20
-174.94
 10
-49.89
 20
-174.94
  0
LWPOLYLINE
100
AcDbEntity
  8
0
100
AcDbPolyline
 90
4
 70
1
 10
-44.94
 20
-170.11
 10
-40.11
 20
-170.11
 10
-40.11
 20
-174.94
 10
-44.94
 20
-174.94
  0
LWPOLYLINE
100
AcDbEntity
  8
0
100
AcDbPolyline
 90
4
 70
1
 10
-39.89
 20
-170.11
 10
-35.06
 20
-170.11
 10
-35.06
 20
-174.94
 10
-39.89
 20
-174.94
  0
LWPOLYLINE
100
AcDbEntity
  8
0
100
AcDbPolyline
 90
4
 70
1
 10
-34.94
 20
-170.11
 10
-30.11
 20
-170.11
 10
-30.11
 20
-174.94
 10
-34.94
 20
-174.94
  0
LWPOLYLINE
100
AcDbEntity
  8
0
100
AcDbPolyline
 90
4
 70
1
 10
-29.89
 20
-170.11
 10
-25.06
 20
-170.11
 10
-25.06
 20
-174.94
 10
-29.89
 20
-174.94
  0
LWPOLYLINE
100
AcDbEntity
  8
0
100
AcDbPolyline
 90
4
 70
1
 10
-24.94
 20
-170.11
 10
-20.11
 20
-170.11
 10
-20.11
 20
-174.94
 10
-24.94
 20
-174.94
  0
LWPOLYLINE
100
AcDbEntity
  8
0
100
AcDbPolyline
 90
4
 70
1
 10
-19.89
 20
-170.11
 10
-15.06
 20
-170.11
 10
-15.06
 20
-174.94
 10
-19.89
 20
-174.94
  0
LWPOLYLINE
100
AcDbEntity
  8
0
100
AcDbPolyline
 90
4
 70
1
 10
-12.375
 20
-170.11
 10
-10.11
 20
-170.11
 10
-10.11
 20
-174.94
 10
-12.375
 20
-174.94
  0
LWPOLYLINE
100
AcDbEntity
  8
0
100
AcDbPolyline
 90
4
 70
1
 10
-9.89
 20
-170.11
 10
-5.06
 20
-170.11
 10
-5.06
 20
-174.94
 10
-9.89
 20
-174.94
  0
LWPOLYLINE
100
AcDbEntity
  8
0
100
AcDbPolyline
 90
4
 70
1
 10
0.425
 20
-170.11
 10
4.94
 20
-170.11
 10
4.94
 20
-174.94
 10
0.425
 20
-174.94
  0
LWPOLYLINE
100
AcDbEntity
  8
0
100
AcDbPolyline
 90
4
 70
1
 10
5.06
 20
-170.11
 10
9.89
 20
-170.11
 10
9.89
 20
-174.94
 10
5.06
 20
-174.94
  0
LWPOLYLINE
100
AcDbEntity
  8
0
100
AcDbPolyline
 90
4
 70
1
 10
10.11
 20
-170.11
 10
14.94
 20
-170.11
 10
14.94
 20
-174.94
 10
10.11
 20
-174.94
  0
LWPOLYLINE
100
AcDbEntity
  8
0
100
AcDbPolyline
 90
4
 70
1
 10
15.06
 20
-170.11
 10
19.89
 20
-170.11
 10
19.89
 20
-174.94
 10
15.06
 20
-174.94
  0
LWPOLYLINE
100
AcDbEntity
  8
0
100
AcDbPolyline
 90
4
 70
1
 10
20.11
 20
-170.11
 10
24.94
 20
-170.11
 10
24.94
 20
-174.94
 10
20.11
 20
-174.94
  0
LWPOLYLINE
100
AcDbEntity
  8
0
100
AcDbPolyline
 90
4
 70
1
 10
25.06
 20
-170.11
 10
29.89
 20
-170.11
 10
29.89
 20
-174.94
 10
25.06
 20
-174.94
  0
LWPOLYLINE
100
AcDbEntity
  8
0
100
AcDbPolyline
 90
4
 70
1
 10
30.11
 20
-170.11
 10
34.94
 20
-170.11
 10
34.94
 20
-174.94
 10
30.11
 20
-174.94
  0
LWPOLYLINE
100
AcDbEntity
  8
0
100
AcDbPolyline
 90
4
 70
1
 10
35.06
 20
-170.11
 10
39.89
 20
-170.11
 10
39.89
 20
-174.94
 10
35.06
 20
-174.94
  0
LWPOLYLINE
100
AcDbEntity
  8
0
100
AcDbPolyline
 90
4
 70
1
 10
40.11
 20
-170.11
 10
44.94
 20
-170.11
 10
44.94
 20
-174.94
 10
40.11
 20
-174.94
  0
LWPOLYLINE
100
AcDbEntity
  8
0
100
AcDbPolyline
 90
4
 70
1
 10
45.06
 20
-170.11
 10
49.89
 20
-170.11
 10
49.89
 20
-174.94
 10
45.06
 20
-174.94
  0
LWPOLYLINE
100
AcDbEntity
  8
0
100
AcDbPolyline
 90
4
 70
1
 10
50.11
 20
-170.11
 10
54.94
 20
-170.11
 10
54.94
 20
-174.94
 10
50.11
 20
-174.94
  0
LWPOLYLINE
100
AcDbEntity
  8
0
100
AcDbPolyline
 90
4
 70
1
 10
55.06
 20
-170.11
 10
59.89
 20
-170.11
 10
59.89
 20
-174.94
 10
55.06
 20
-174.94
  0
LWPOLYLINE
100
AcDbEntity
  8
0
100
AcDbPolyline
 90
4
 70
1
 10
60.11
 20
-170.11
 10
64.94
 20
-170.11
 10
64.94
 20
-174.94
 10
60.11
 20
-174.94
  0
LWPOLYLINE
100
AcDbEntity
  8
0
100
AcDbPolyline
 90
4
 70
1
 10
65.06
 20
-170.11
 10
69.89
 20
-170.11
 10
69.89
 20
-174.94
 10
65.06
 20
-174.94
  0
LWPOLYLINE
100
AcDbEntity
  8
0
100
AcDbPolyline
 90
4
 70
1
 10
70.11
 20
-170.11
 10
74.94
 20
-170.11
 10
74.94
 20
-174.94
 10
70.11
 20
-174.94
  0
LWPOLYLINE
100
AcDbEntity
  8
0
100
AcDbPolyline
 90
4
 70
1
 10
75.06
 20
-170.11
 10
79.89
 20
-170.11
 10
79.89
 20
-174.94
 10
75.06
 20
-174.94
  0
LWPOLYLINE
100
AcDbEntity
  8
0
100
AcDbPolyline
 90
4
 70
1
 10
80.11
 20
-170.11
 10
84.94
 20
-170.11
 10
84.94
 20
-174.94
 10
80.11
 20
-174.94
  0
LWPOLYLINE
100
AcDbEntity
  8
0
100
AcDbPolyline
 90
4
 70
1
 10
85.06
 20
-170.11
 10
89.89
 20
-170.11
 10
89.89
 20
-174.94
 10
85.06
 20
-174.94
  0
LWPOLYLINE
100
AcDbEntity
  8
0
100
AcDbPolyline
 90
4
 70
1
 10
90.11
 20
-170.11
 10
94.94
 20
-170.11
 10
94.94
 20
-174.94
 10
90.11
 20
-174.94
  0
LWPOLYLINE
100
AcDbEntity
  8
0
100
AcDbPolyline
 90
4
 70
1
 10
95.06
 20
-170.11
 10
99.89
 20
-170.11
 10
99.89
 20
-174.94
 10
95.06
 20
-174.94
  0
LWPOLYLINE
100
AcDbEntity
  8
0
100
AcDbPolyline
 90
4
 70
1
 10
100.11
 20
-170.11
 10
104.94
 20
-170.11
 10
104.94
 20
-174.94
 10
100.11
 20
-174.94
  0
LWPOLYLINE
100
AcDbEntity
  8
0
100
AcDbPolyline
 90
4
 70
1
 10
-1.39766
 20
-170.11
 10
-0.7
 20
-170.11
 10
-0.7
 20
-174.94
 10
-1.39766
 20
-174.94
  0
LWPOLYLINE
100
AcDbEntity
  8
0
100
AcDbPolyline
 90
4
 70
1
 10
-4.94
 20
-170.11
 10
-1.84766
 20
-170.11
 10
-1.84766
 20
-174.94
 10
-4.94
 20
-174.94
  0
LWPOLYLINE
100
AcDbEntity
  8
0
100
AcDbPolyline
 90
4
 70
1
 10
-14.94
 20
-170.11
 10
-12.925
 20
-170.11
 10
-12.925
 20
-174.94
 10
-14.94
 20
-174.94
  0
LWPOLYLINE
100
AcDbEntity
  8
0
100
AcDbPolyline
 90
4
 70
1
 10
-104.94
 20
-175.06
 10
-100.11
 20
-175.06
 10
-100.11
 20
-179.89
 10
-104.94
 20
-179.89
  0
LWPOLYLINE
100
AcDbEntity
  8
0
100
AcDbPolyline
 90
4
 70
1
 10
-99.89
 20
-175.06
 10
-95.06
 20
-175.06
 10
-95.06
 20
-179.89
 10
-99.89
 20
-179.89
  0
LWPOLYLINE
100
AcDbEntity
  8
0
100
AcDbPolyline
 90
4
 70
1
 10
-94.94
 20
-175.06
 10
-90.11
 20
-175.06
 10
-90.11
 20
-179.89
 10
-94.94
 20
-179.89
  0
LWPOLYLINE
100
AcDbEntity
  8
0
100
AcDbPolyline
 90
4
 70
1
 10
-89.89
 20
-175.06
 10
-85.06
 20
-175.06
 10
-85.06
 20
-179.89
 10
-89.89
 20
-179.89
  0
LWPOLYLINE
100
AcDbEntity
  8
0
100
AcDbPolyline
 90
4
 70
1
 10
-84.94
 20
-175.06
 10
-80.11
 20
-175.06
 10
-80.11
 20
-179.89
 10
-84.94
 20
-179.89
  0
LWPOLYLINE
100
AcDbEntity
  8
0
100
AcDbPolyline
 90
4
 70
1
 10
-79.89
 20
-175.06
 10
-75.06
 20
-175.06
 10
-75.06
 20
-179.89
 10
-79.89
 20
-179.89
  0
LWPOLYLINE
100
AcDbEntity
  8
0
100
AcDbPolyline
 90
4
 70
1
 10
-74.94
 20
-175.06
 10
-70.11
 20
-175.06
 10
-70.11
 20
-179.89
 10
-74.94
 20
-179.89
  0
LWPOLYLINE
100
AcDbEntity
  8
0
100
AcDbPolyline
 90
4
 70
1
 10
-69.89
 20
-175.06
 10
-65.06
 20
-175.06
 10
-65.06
 20
-179.89
 10
-69.89
 20
-179.89
  0
LWPOLYLINE
100
AcDbEntity
  8
0
100
AcDbPolyline
 90
4
 70
1
 10
-64.94
 20
-175.06
 10
-60.11
 20
-175.06
 10
-60.11
 20
-179.89
 10
-64.94
 20
-179.89
  0
LWPOLYLINE
100
AcDbEntity
  8
0
100
AcDbPolyline
 90
4
 70
1
 10
-59.89
 20
-175.06
 10
-55.06
 20
-175.06
 10
-55.06
 20
-179.89
 10
-59.89
 20
-179.89
  0
LWPOLYLINE
100
AcDbEntity
  8
0
100
AcDbPolyline
 90
4
 70
1
 10
-54.94
 20
-175.06
 10
-50.11
 20
-175.06
 10
-50.11
 20
-179.89
 10
-54.94
 20
-179.89
  0
LWPOLYLINE
100
AcDbEntity
  8
0
100
AcDbPolyline
 90
4
 70
1
 10
-49.89
 20
-175.06
 10
-45.06
 20
-175.06
 10
-45.06
 20
-179.89
 10
-49.89
 20
-179.89
  0
LWPOLYLINE
100
AcDbEntity
  8
0
100
AcDbPolyline
 90
4
 70
1
 10
-44.94
 20
-175.06
 10
-40.11
 20
-175.06
 10
-40.11
 20
-179.89
 10
-44.94
 20
-179.89
  0
LWPOLYLINE
100
AcDbEntity
  8
0
100
AcDbPolyline
 90
4
 70
1
 10
-39.89
 20
-175.06
 10
-35.06
 20
-175.06
 10
-35.06
 20
-179.89
 10
-39.89
 20
-179.89
  0
LWPOLYLINE
100
AcDbEntity
  8
0
100
AcDbPolyline
 90
4
 70
1
 10
-34.94
 20
-175.06
 10
-30.11
 20
-175.06
 10
-30.11
 20
-179.89
 10
-34.94
 20
-179.89
  0
LWPOLYLINE
100
AcDbEntity
  8
0
100
AcDbPolyline
 90
4
 70
1
 10
-29.89
 20
-175.06
 10
-25.06
 20
-175.06
 10
-25.06
 20
-179.89
 10
-29.89
 20
-179.89
  0
LWPOLYLINE
100
AcDbEntity
  8
0
100
AcDbPolyline
 90
4
 70
1
 10
-24.94
 20
-175.06
 10
-20.11
 20
-175.06
 10
-20.11
 20
-179.89
 10
-24.94
 20
-179.89
  0
LWPOLYLINE
100
AcDbEntity
  8
0
100
AcDbPolyline
 90
4
 70
1
 10
-19.89
 20
-175.06
 10
-15.06
 20
-175.06
 10
-15.06
 20
-179.89
 10
-19.89
 20
-179.89
  0
LWPOLYLINE
100
AcDbEntity
  8
0
100
AcDbPolyline
 90
4
 70
1
 10
-12.375
 20
-175.06
 10
-10.11
 20
-175.06
 10
-10.11
 20
-179.89
 10
-12.375
 20
-179.89
  0
LWPOLYLINE
100
AcDbEntity
  8
0
100
AcDbPolyline
 90
4
 70
1
 10
-9.89
 20
-175.06
 10
-5.06
 20
-175.06
 10
-5.06
 20
-179.89
 10
-9.89
 20
-179.89
  0
LWPOLYLINE
100
AcDbEntity
  8
0
100
AcDbPolyline
 90
4
 70
1
 10
0.425
 20
-175.06
 10
4.94
 20
-175.06
 10
4.94
 20
-179.89
 10
0.425
 20
-179.89
  0
LWPOLYLINE
100
AcDbEntity
  8
0
100
AcDbPolyline
 90
4
 70
1
 10
5.06
 20
-175.06
 10
9.89
 20
-175.06
 10
9.89
 20
-179.89
 10
5.06
 20
-179.89
  0
LWPOLYLINE
100
AcDbEntity
  8
0
100
AcDbPolyline
 90
4
 70
1
 10
10.11
 20
-175.06
 10
14.94
 20
-175.06
 10
14.94
 20
-179.89
 10
10.11
 20
-179.89
  0
LWPOLYLINE
100
AcDbEntity
  8
0
100
AcDbPolyline
 90
4
 70
1
 10
15.06
 20
-175.06
 10
19.89
 20
-175.06
 10
19.89
 20
-179.89
 10
15.06
 20
-179.89
  0
LWPOLYLINE
100
AcDbEntity
  8
0
100
AcDbPolyline
 90
4
 70
1
 10
20.11
 20
-175.06
 10
24.94
 20
-175.06
 10
24.94
 20
-179.89
 10
20.11
 20
-179.89
  0
LWPOLYLINE
100
AcDbEntity
  8
0
100
AcDbPolyline
 90
4
 70
1
 10
25.06
 20
-175.06
 10
29.89
 20
-175.06
 10
29.89
 20
-179.89
 10
25.06
 20
-179.89
  0
LWPOLYLINE
100
AcDbEntity
  8
0
100
AcDbPolyline
 90
4
 70
1
 10
30.11
 20
-175.06
 10
34.94
 20
-175.06
 10
34.94
 20
-179.89
 10
30.11
 20
-179.89
  0
LWPOLYLINE
100
AcDbEntity
  8
0
100
AcDbPolyline
 90
4
 70
1
 10
35.06
 20
-175.06
 10
39.89
 20
-175.06
 10
39.89
 20
-179.89
 10
35.06
 20
-179.89
  0
LWPOLYLINE
100
AcDbEntity
  8
0
100
AcDbPolyline
 90
4
 70
1
 10
40.11
 20
-175.06
 10
44.94
 20
-175.06
 10
44.94
 20
-179.89
 10
40.11
 20
-179.89
  0
LWPOLYLINE
100
AcDbEntity
  8
0
100
AcDbPolyline
 90
4
 70
1
 10
45.06
 20
-175.06
 10
49.89
 20
-175.06
 10
49.89
 20
-179.89
 10
45.06
 20
-179.89
  0
LWPOLYLINE
100
AcDbEntity
  8
0
100
AcDbPolyline
 90
4
 70
1
 10
50.11
 20
-175.06
 10
54.94
 20
-175.06
 10
54.94
 20
-179.89
 10
50.11
 20
-179.89
  0
LWPOLYLINE
100
AcDbEntity
  8
0
100
AcDbPolyline
 90
4
 70
1
 10
55.06
 20
-175.06
 10
59.89
 20
-175.06
 10
59.89
 20
-179.89
 10
55.06
 20
-179.89
  0
LWPOLYLINE
100
AcDbEntity
  8
0
100
AcDbPolyline
 90
4
 70
1
 10
60.11
 20
-175.06
 10
64.94
 20
-175.06
 10
64.94
 20
-179.89
 10
60.11
 20
-179.89
  0
LWPOLYLINE
100
AcDbEntity
  8
0
100
AcDbPolyline
 90
4
 70
1
 10
65.06
 20
-175.06
 10
69.89
 20
-175.06
 10
69.89
 20
-179.89
 10
65.06
 20
-179.89
  0
LWPOLYLINE
100
AcDbEntity
  8
0
100
AcDbPolyline
 90
4
 70
1
 10
70.11
 20
-175.06
 10
74.94
 20
-175.06
 10
74.94
 20
-179.89
 10
70.11
 20
-179.89
  0
LWPOLYLINE
100
AcDbEntity
  8
0
100
AcDbPolyline
 90
4
 70
1
 10
75.06
 20
-175.06
 10
79.89
 20
-175.06
 10
79.89
 20
-179.89
 10
75.06
 20
-179.89
  0
LWPOLYLINE
100
AcDbEntity
  8
0
100
AcDbPolyline
 90
4
 70
1
 10
80.11
 20
-175.06
 10
84.94
 20
-175.06
 10
84.94
 20
-179.89
 10
80.11
 20
-179.89
  0
LWPOLYLINE
100
AcDbEntity
  8
0
100
AcDbPolyline
 90
4
 70
1
 10
85.06
 20
-175.06
 10
89.89
 20
-175.06
 10
89.89
 20
-179.89
 10
85.06
 20
-179.89
  0
LWPOLYLINE
100
AcDbEntity
  8
0
100
AcDbPolyline
 90
4
 70
1
 10
90.11
 20
-175.06
 10
94.94
 20
-175.06
 10
94.94
 20
-179.89
 10
90.11
 20
-179.89
  0
LWPOLYLINE
100
AcDbEntity
  8
0
100
AcDbPolyline
 90
4
 70
1
 10
95.06
 20
-175.06
 10
99.89
 20
-175.06
 10
99.89
 20
-179.89
 10
95.06
 20
-179.89
  0
LWPOLYLINE
100
AcDbEntity
  8
0
100
AcDbPolyline
 90
4
 70
1
 10
100.11
 20
-175.06
 10
104.94
 20
-175.06
 10
104.94
 20
-179.89
 10
100.11
 20
-179.89
  0
LWPOLYLINE
100
AcDbEntity
  8
0
100
AcDbPolyline
 90
4
 70
1
 10
-1.39766
 20
-175.06
 10
-0.7
 20
-175.06
 10
-0.7
 20
-179.89
 10
-1.39766
 20
-179.89
  0
LWPOLYLINE
100
AcDbEntity
  8
0
100
AcDbPolyline
 90
4
 70
1
 10
-4.94
 20
-175.06
 10
-1.84766
 20
-175.06
 10
-1.84766
 20
-179.89
 10
-4.94
 20
-179.89
  0
LWPOLYLINE
100
AcDbEntity
  8
0
100
AcDbPolyline
 90
4
 70
1
 10
-14.94
 20
-175.06
 10
-12.925
 20
-175.06
 10
-12.925
 20
-179.89
 10
-14.94
 20
-179.89
  0
LWPOLYLINE
100
AcDbEntity
  8
0
100
AcDbPolyline
 90
4
 70
1
 10
-104.94
 20
-180.11
 10
-100.11
 20
-180.11
 10
-100.11
 20
-184.94
 10
-104.94
 20
-184.94
  0
LWPOLYLINE
100
AcDbEntity
  8
0
100
AcDbPolyline
 90
4
 70
1
 10
-99.89
 20
-180.11
 10
-95.06
 20
-180.11
 10
-95.06
 20
-184.94
 10
-99.89
 20
-184.94
  0
LWPOLYLINE
100
AcDbEntity
  8
0
100
AcDbPolyline
 90
4
 70
1
 10
-94.94
 20
-180.11
 10
-90.11
 20
-180.11
 10
-90.11
 20
-184.94
 10
-94.94
 20
-184.94
  0
LWPOLYLINE
100
AcDbEntity
  8
0
100
AcDbPolyline
 90
4
 70
1
 10
-89.89
 20
-180.11
 10
-85.06
 20
-180.11
 10
-85.06
 20
-184.94
 10
-89.89
 20
-184.94
  0
LWPOLYLINE
100
AcDbEntity
  8
0
100
AcDbPolyline
 90
4
 70
1
 10
-84.94
 20
-180.11
 10
-80.11
 20
-180.11
 10
-80.11
 20
-184.94
 10
-84.94
 20
-184.94
  0
LWPOLYLINE
100
AcDbEntity
  8
0
100
AcDbPolyline
 90
4
 70
1
 10
-79.89
 20
-180.11
 10
-75.06
 20
-180.11
 10
-75.06
 20
-184.94
 10
-79.89
 20
-184.94
  0
LWPOLYLINE
100
AcDbEntity
  8
0
100
AcDbPolyline
 90
4
 70
1
 10
-74.94
 20
-180.11
 10
-70.11
 20
-180.11
 10
-70.11
 20
-184.94
 10
-74.94
 20
-184.94
  0
LWPOLYLINE
100
AcDbEntity
  8
0
100
AcDbPolyline
 90
4
 70
1
 10
-69.89
 20
-180.11
 10
-65.06
 20
-180.11
 10
-65.06
 20
-184.94
 10
-69.89
 20
-184.94
  0
LWPOLYLINE
100
AcDbEntity
  8
0
100
AcDbPolyline
 90
4
 70
1
 10
-64.94
 20
-180.11
 10
-60.11
 20
-180.11
 10
-60.11
 20
-184.94
 10
-64.94
 20
-184.94
  0
LWPOLYLINE
100
AcDbEntity
  8
0
100
AcDbPolyline
 90
4
 70
1
 10
-59.89
 20
-180.11
 10
-55.06
 20
-180.11
 10
-55.06
 20
-184.94
 10
-59.89
 20
-184.94
  0
LWPOLYLINE
100
AcDbEntity
  8
0
100
AcDbPolyline
 90
4
 70
1
 10
-54.94
 20
-180.11
 10
-50.11
 20
-180.11
 10
-50.11
 20
-184.94
 10
-54.94
 20
-184.94
  0
LWPOLYLINE
100
AcDbEntity
  8
0
100
AcDbPolyline
 90
4
 70
1
 10
-49.89
 20
-180.11
 10
-45.06
 20
-180.11
 10
-45.06
 20
-184.94
 10
-49.89
 20
-184.94
  0
LWPOLYLINE
100
AcDbEntity
  8
0
100
AcDbPolyline
 90
4
 70
1
 10
-44.94
 20
-180.11
 10
-40.11
 20
-180.11
 10
-40.11
 20
-184.94
 10
-44.94
 20
-184.94
  0
LWPOLYLINE
100
AcDbEntity
  8
0
100
AcDbPolyline
 90
4
 70
1
 10
-39.89
 20
-180.11
 10
-35.06
 20
-180.11
 10
-35.06
 20
-184.94
 10
-39.89
 20
-184.94
  0
LWPOLYLINE
100
AcDbEntity
  8
0
100
AcDbPolyline
 90
4
 70
1
 10
-34.94
 20
-180.11
 10
-30.11
 20
-180.11
 10
-30.11
 20
-184.94
 10
-34.94
 20
-184.94
  0
LWPOLYLINE
100
AcDbEntity
  8
0
100
AcDbPolyline
 90
4
 70
1
 10
-29.89
 20
-180.11
 10
-25.06
 20
-180.11
 10
-25.06
 20
-184.94
 10
-29.89
 20
-184.94
  0
LWPOLYLINE
100
AcDbEntity
  8
0
100
AcDbPolyline
 90
4
 70
1
 10
-24.94
 20
-180.11
 10
-20.11
 20
-180.11
 10
-20.11
 20
-184.94
 10
-24.94
 20
-184.94
  0
LWPOLYLINE
100
AcDbEntity
  8
0
100
AcDbPolyline
 90
4
 70
1
 10
-19.89
 20
-180.11
 10
-15.06
 20
-180.11
 10
-15.06
 20
-184.94
 10
-19.89
 20
-184.94
  0
LWPOLYLINE
100
AcDbEntity
  8
0
100
AcDbPolyline
 90
4
 70
1
 10
-12.375
 20
-180.11
 10
-10.11
 20
-180.11
 10
-10.11
 20
-184.94
 10
-12.375
 20
-184.94
  0
LWPOLYLINE
100
AcDbEntity
  8
0
100
AcDbPolyline
 90
4
 70
1
 10
-9.89
 20
-180.11
 10
-5.06
 20
-180.11
 10
-5.06
 20
-184.94
 10
-9.89
 20
-184.94
  0
LWPOLYLINE
100
AcDbEntity
  8
0
100
AcDbPolyline
 90
4
 70
1
 10
0.425
 20
-180.11
 10
4.94
 20
-180.11
 10
4.94
 20
-184.94
 10
0.425
 20
-184.94
  0
LWPOLYLINE
100
AcDbEntity
  8
0
100
AcDbPolyline
 90
4
 70
1
 10
5.06
 20
-180.11
 10
9.89
 20
-180.11
 10
9.89
 20
-184.94
 10
5.06
 20
-184.94
  0
LWPOLYLINE
100
AcDbEntity
  8
0
100
AcDbPolyline
 90
4
 70
1
 10
10.11
 20
-180.11
 10
14.94
 20
-180.11
 10
14.94
 20
-184.94
 10
10.11
 20
-184.94
  0
LWPOLYLINE
100
AcDbEntity
  8
0
100
AcDbPolyline
 90
4
 70
1
 10
15.06
 20
-180.11
 10
19.89
 20
-180.11
 10
19.89
 20
-184.94
 10
15.06
 20
-184.94
  0
LWPOLYLINE
100
AcDbEntity
  8
0
100
AcDbPolyline
 90
4
 70
1
 10
20.11
 20
-180.11
 10
24.94
 20
-180.11
 10
24.94
 20
-184.94
 10
20.11
 20
-184.94
  0
LWPOLYLINE
100
AcDbEntity
  8
0
100
AcDbPolyline
 90
4
 70
1
 10
25.06
 20
-180.11
 10
29.89
 20
-180.11
 10
29.89
 20
-184.94
 10
25.06
 20
-184.94
  0
LWPOLYLINE
100
AcDbEntity
  8
0
100
AcDbPolyline
 90
4
 70
1
 10
30.11
 20
-180.11
 10
34.94
 20
-180.11
 10
34.94
 20
-184.94
 10
30.11
 20
-184.94
  0
LWPOLYLINE
100
AcDbEntity
  8
0
100
AcDbPolyline
 90
4
 70
1
 10
35.06
 20
-180.11
 10
39.89
 20
-180.11
 10
39.89
 20
-184.94
 10
35.06
 20
-184.94
  0
LWPOLYLINE
100
AcDbEntity
  8
0
100
AcDbPolyline
 90
4
 70
1
 10
40.11
 20
-180.11
 10
44.94
 20
-180.11
 10
44.94
 20
-184.94
 10
40.11
 20
-184.94
  0
LWPOLYLINE
100
AcDbEntity
  8
0
100
AcDbPolyline
 90
4
 70
1
 10
45.06
 20
-180.11
 10
49.89
 20
-180.11
 10
49.89
 20
-184.94
 10
45.06
 20
-184.94
  0
LWPOLYLINE
100
AcDbEntity
  8
0
100
AcDbPolyline
 90
4
 70
1
 10
50.11
 20
-180.11
 10
54.94
 20
-180.11
 10
54.94
 20
-184.94
 10
50.11
 20
-184.94
  0
LWPOLYLINE
100
AcDbEntity
  8
0
100
AcDbPolyline
 90
4
 70
1
 10
55.06
 20
-180.11
 10
59.89
 20
-180.11
 10
59.89
 20
-184.94
 10
55.06
 20
-184.94
  0
LWPOLYLINE
100
AcDbEntity
  8
0
100
AcDbPolyline
 90
4
 70
1
 10
60.11
 20
-180.11
 10
64.94
 20
-180.11
 10
64.94
 20
-184.94
 10
60.11
 20
-184.94
  0
LWPOLYLINE
100
AcDbEntity
  8
0
100
AcDbPolyline
 90
4
 70
1
 10
65.06
 20
-180.11
 10
69.89
 20
-180.11
 10
69.89
 20
-184.94
 10
65.06
 20
-184.94
  0
LWPOLYLINE
100
AcDbEntity
  8
0
100
AcDbPolyline
 90
4
 70
1
 10
70.11
 20
-180.11
 10
74.94
 20
-180.11
 10
74.94
 20
-184.94
 10
70.11
 20
-184.94
  0
LWPOLYLINE
100
AcDbEntity
  8
0
100
AcDbPolyline
 90
4
 70
1
 10
75.06
 20
-180.11
 10
79.89
 20
-180.11
 10
79.89
 20
-184.94
 10
75.06
 20
-184.94
  0
LWPOLYLINE
100
AcDbEntity
  8
0
100
AcDbPolyline
 90
4
 70
1
 10
80.11
 20
-180.11
 10
84.94
 20
-180.11
 10
84.94
 20
-184.94
 10
80.11
 20
-184.94
  0
LWPOLYLINE
100
AcDbEntity
  8
0
100
AcDbPolyline
 90
4
 70
1
 10
85.06
 20
-180.11
 10
89.89
 20
-180.11
 10
89.89
 20
-184.94
 10
85.06
 20
-184.94
  0
LWPOLYLINE
100
AcDbEntity
  8
0
100
AcDbPolyline
 90
4
 70
1
 10
90.11
 20
-180.11
 10
94.94
 20
-180.11
 10
94.94
 20
-184.94
 10
90.11
 20
-184.94
  0
LWPOLYLINE
100
AcDbEntity
  8
0
100
AcDbPolyline
 90
4
 70
1
 10
95.06
 20
-180.11
 10
99.89
 20
-180.11
 10
99.89
 20
-184.94
 10
95.06
 20
-184.94
  0
LWPOLYLINE
100
AcDbEntity
  8
0
100
AcDbPolyline
 90
4
 70
1
 10
100.11
 20
-180.11
 10
104.94
 20
-180.11
 10
104.94
 20
-184.94
 10
100.11
 20
-184.94
  0
LWPOLYLINE
100
AcDbEntity
  8
0
100
AcDbPolyline
 90
4
 70
1
 10
-1.39766
 20
-180.11
 10
-0.7
 20
-180.11
 10
-0.7
 20
-184.94
 10
-1.39766
 20
-184.94
  0
LWPOLYLINE
100
AcDbEntity
  8
0
100
AcDbPolyline
 90
4
 70
1
 10
-4.94
 20
-180.11
 10
-1.84766
 20
-180.11
 10
-1.84766
 20
-184.94
 10
-4.94
 20
-184.94
  0
LWPOLYLINE
100
AcDbEntity
  8
0
100
AcDbPolyline
 90
4
 70
1
 10
-14.94
 20
-180.11
 10
-12.925
 20
-180.11
 10
-12.925
 20
-184.94
 10
-14.94
 20
-184.94
  0
LWPOLYLINE
100
AcDbEntity
  8
0
100
AcDbPolyline
 90
4
 70
1
 10
-91.2763
 20
-328.001
 10
-91.6425
 20
-328.001
 10
-91.6425
 20
-331.02
 10
-91.2763
 20
-331.02
  0
LWPOLYLINE
100
AcDbEntity
  8
0
100
AcDbPolyline
 90
19
 70
1
 10
-76.0712
 20
-331.442
 10
-76.2993
 20
-330.979
 10
-76.4313
 20
-330.483
 10
-76.4753
 20
-329.942
 10
-76.4308
 20
-329.399
 10
-76.2973
 20
-328.9
 10
-76.0686
 20
-328.438
 10
-75.7388
 20
-328.001
 10
-76.0928
 20
-328.001
 10
-76.4257
 20
-328.428
 10
-76.6594
 20
-328.882
 10
-76.7974
 20
-329.38
 10
-76.8435
 20
-329.938
 10
-76.8435
 20
-329.946
 10
-76.7977
 20
-330.501
 10
-76.6604
 20
-330.999
 10
-76.4269
 20
-331.454
 10
-76.0928
 20
-331.883
 10
-75.7388
 20
-331.883
  0
LWPOLYLINE
100
AcDbEntity
  8
0
100
AcDbPolyline
 90
19
 70
1
 10
-59.4839
 20
-331.456
 10
-59.2502
 20
-331.002
 10
-59.1121
 20
-330.504
 10
-59.0661
 20
-329.946
 10
-59.0661
 20
-329.938
 10
-59.1118
 20
-329.383
 10
-59.2492
 20
-328.885
 10
-59.4826
 20
-328.43
 10
-59.8168
 20
-328.001
 10
-60.1707
 20
-328.001
 10
-59.8409
 20
-328.439
 10
-59.6123
 20
-328.9
 10
-59.4788
 20
-329.398
 10
-59.4343
 20
-329.942
 10
-59.4785
 20
-330.486
 10
-59.6113
 20
-330.983
 10
-59.8396
 20
-331.444
 10
-60.1707
 20
-331.883
 10
-59.8168
 20
-331.883
  0
LWPOLYLINE
100
AcDbEntity
  8
0
100
AcDbPolyline
 90
34
 70
1
 10
-72.7501
 20
-331.005
 10
-72.443
 20
-330.839
 10
-72.2538
 20
-330.574
 10
-72.1907
 20
-330.221
 10
-72.2288
 20
-329.962
 10
-72.3433
 20
-329.75
 10
-72.5264
 20
-329.597
 10
-72.7705
 20
-329.517
 10
-72.7705
 20
-329.509
 10
-72.5594
 20
-329.428
 10
-72.3982
 20
-329.279
 10
-72.296
 20
-329.08
 10
-72.2619
 20
-328.849
 10
-72.3232
 20
-328.545
 10
-72.507
 20
-328.31
 10
-72.7967
 20
-328.161
 10
-73.1753
 20
-328.111
 10
-73.5463
 20
-328.162
 10
-73.8335
 20
-328.314
 10
-74.0173
 20
-328.549
 10
-74.0786
 20
-328.845
 10
-74.0448
 20
-329.076
 10
-73.9433
 20
-329.275
 10
-73.7833
 20
-329.426
 10
-73.574
 20
-329.513
 10
-73.574
 20
-329.521
 10
-73.8019
 20
-329.599
 10
-73.985
 20
-329.753
 10
-74.1055
 20
-329.966
 10
-74.1457
 20
-330.225
 10
-74.0809
 20
-330.58
 10
-73.8863
 20
-330.843
 10
-73.5768
 20
-331.006
 10
-73.1672
 20
-331.061
  0
LWPOLYLINE
100
AcDbEntity
  8
0
100
AcDbPolyline
 90
14
 70
1
 10
-73.3968
 20
-329.342
 10
-73.5649
 20
-329.245
 10
-73.6694
 20
-329.087
 10
-73.7042
 20
-328.87
 10
-73.6704
 20
-328.658
 10
-73.569
 20
-328.506
 10
-73.4029
 20
-328.414
 10
-73.1753
 20
-328.384
 10
-72.7756
 20
-328.505
 10
-72.6423
 20
-328.87
 10
-72.6761
 20
-329.099
 10
-72.7776
 20
-329.255
 10
-72.9436
 20
-329.345
 10
-73.1712
 20
-329.374
  0
LWPOLYLINE
100
AcDbEntity
  8
0
100
AcDbPolyline
 90
14
 70
1
 10
-73.6163
 20
-330.638
 10
-73.7673
 20
-330.194
 10
-73.7282
 20
-329.967
 10
-73.6107
 20
-329.794
 10
-73.4235
 20
-329.685
 10
-73.1753
 20
-329.649
 10
-72.9205
 20
-329.683
 10
-72.7298
 20
-329.784
 10
-72.6108
 20
-329.952
 10
-72.5711
 20
-330.186
 10
-72.6077
 20
-330.457
 10
-72.7176
 20
-330.643
 10
-72.9022
 20
-330.75
 10
-73.1631
 20
-330.786
  0
LWPOLYLINE
100
AcDbEntity
  8
0
100
AcDbPolyline
 90
16
 70
1
 10
-70.4219
 20
-330.966
 10
-70.1084
 20
-330.682
 10
-69.9184
 20
-330.219
 10
-69.8551
 20
-329.586
 10
-69.9154
 20
-328.945
 10
-70.0962
 20
-328.483
 10
-70.4036
 20
-328.204
 10
-70.8438
 20
-328.111
 10
-71.2946
 20
-328.203
 10
-71.6057
 20
-328.479
 10
-71.7865
 20
-328.94
 10
-71.8467
 20
-329.586
 10
-71.7847
 20
-330.222
 10
-71.5985
 20
-330.684
 10
-71.2888
 20
-330.967
 10
-70.856
 20
-331.061
  0
LWPOLYLINE
100
AcDbEntity
  8
0
100
AcDbPolyline
 90
16
 70
1
 10
-71.1334
 20
-330.691
 10
-71.327
 20
-330.479
 10
-71.4391
 20
-330.114
 10
-71.4765
 20
-329.586
 10
-71.4396
 20
-329.046
 10
-71.329
 20
-328.683
 10
-71.1339
 20
-328.477
 10
-70.8438
 20
-328.408
 10
-70.5608
 20
-328.478
 10
-70.3708
 20
-328.687
 10
-70.2632
 20
-329.051
 10
-70.2274
 20
-329.586
 10
-70.265
 20
-330.107
 10
-70.3779
 20
-330.473
 10
-70.5717
 20
-330.69
 10
-70.8519
 20
-330.762
  0
LWPOLYLINE
100
AcDbEntity
  8
0
100
AcDbPolyline
 90
29
 70
1
 10
-63.2348
 20
-330.995
 10
-62.9418
 20
-330.798
 10
-62.7572
 20
-330.488
 10
-62.6957
 20
-330.082
 10
-62.7539
 20
-329.706
 10
-62.9286
 20
-329.415
 10
-63.2025
 20
-329.229
 10
-63.5582
 20
-329.167
 10
-63.779
 20
-329.191
 10
-63.9733
 20
-329.263
 10
-64.134
 20
-329.382
 10
-64.254
 20
-329.545
 10
-64.211
 20
-329.057
 10
-64.0821
 20
-328.7
 10
-63.8749
 20
-328.481
 10
-63.5969
 20
-328.408
 10
-63.2968
 20
-328.496
 10
-63.1249
 20
-328.758
 10
-62.775
 20
-328.695
 10
-63.0639
 20
-328.257
 10
-63.5928
 20
-328.111
 10
-64.0287
 20
-328.211
 10
-64.3517
 20
-328.51
 10
-64.5515
 20
-328.995
 10
-64.6181
 20
-329.653
 10
-64.5541
 20
-330.259
 10
-64.3618
 20
-330.701
 10
-64.0485
 20
-330.971
 10
-63.6213
 20
-331.061
  0
LWPOLYLINE
100
AcDbEntity
  8
0
100
AcDbPolyline
 90
16
 70
1
 10
-63.8667
 20
-330.713
 10
-64.0536
 20
-330.554
 10
-64.1764
 20
-330.313
 10
-64.2174
 20
-330.011
 10
-64.178
 20
-329.777
 10
-64.0597
 20
-329.599
 10
-63.8774
 20
-329.487
 10
-63.6457
 20
-329.45
 10
-63.4031
 20
-329.492
 10
-63.2205
 20
-329.619
 10
-63.1061
 20
-329.823
 10
-63.068
 20
-330.099
 10
-63.1056
 20
-330.377
 10
-63.2185
 20
-330.588
 10
-63.3975
 20
-330.721
 10
-63.6335
 20
-330.766
  0
LWPOLYLINE
100
AcDbEntity
  8
0
100
AcDbPolyline
 90
16
 70
1
 10
-60.9249
 20
-330.966
 10
-60.6113
 20
-330.682
 10
-60.4214
 20
-330.219
 10
-60.3581
 20
-329.586
 10
-60.4183
 20
-328.945
 10
-60.5991
 20
-328.483
 10
-60.9066
 20
-328.204
 10
-61.3467
 20
-328.111
 10
-61.7976
 20
-328.203
 10
-62.1086
 20
-328.479
 10
-62.2894
 20
-328.94
 10
-62.3497
 20
-329.586
 10
-62.2876
 20
-330.222
 10
-62.1015
 20
-330.684
 10
-61.7918
 20
-330.967
 10
-61.3589
 20
-331.061
  0
LWPOLYLINE
100
AcDbEntity
  8
0
100
AcDbPolyline
 90
16
 70
1
 10
-61.6364
 20
-330.691
 10
-61.8299
 20
-330.479
 10
-61.9421
 20
-330.114
 10
-61.9794
 20
-329.586
 10
-61.9426
 20
-329.046
 10
-61.832
 20
-328.683
 10
-61.6369
 20
-328.477
 10
-61.3467
 20
-328.408
 10
-61.0637
 20
-328.478
 10
-60.8738
 20
-328.687
 10
-60.7662
 20
-329.051
 10
-60.7303
 20
-329.586
 10
-60.768
 20
-330.107
 10
-60.8809
 20
-330.473
 10
-61.0746
 20
-330.69
 10
-61.3549
 20
-330.762
  0
LWPOLYLINE
100
AcDbEntity
  8
0
100
AcDbPolyline
 90
11
 70
1
 10
-65.0333
 20
-330.709
 10
-65.7311
 20
-330.709
 10
-65.7311
 20
-328.154
 10
-66.0688
 20
-328.154
 10
-66.7463
 20
-328.62
 10
-66.7463
 20
-328.965
 10
-66.0993
 20
-328.504
 10
-66.0993
 20
-330.709
 10
-66.8297
 20
-330.709
 10
-66.8297
 20
-331.02
 10
-65.0333
 20
-331.02
  0
LWPOLYLINE
100
AcDbEntity
  8
0
100
AcDbPolyline
 90
22
 70
1
 10
-82.178
 20
-331.041
 10
-81.9949
 20
-331.004
 10
-81.9949
 20
-330.733
 10
-82.1169
 20
-330.755
 10
-82.2065
 20
-330.762
 10
-82.3156
 20
-330.746
 10
-82.3865
 20
-330.698
 10
-82.4254
 20
-330.61
 10
-82.4384
 20
-330.475
 10
-82.4384
 20
-329.085
 10
-82.0315
 20
-329.085
 10
-82.0315
 20
-328.819
 10
-82.4384
 20
-328.819
 10
-82.4384
 20
-328.327
 10
-82.6825
 20
-328.327
 10
-82.7903
 20
-328.819
 10
-83.0589
 20
-328.819
 10
-83.0589
 20
-329.085
 10
-82.8046
 20
-329.085
 10
-82.8046
 20
-330.554
 10
-82.6947
 20
-330.928
 10
-82.3652
 20
-331.053
  0
LWPOLYLINE
100
AcDbEntity
  8
0
100
AcDbPolyline
 90
44
 70
1
 10
-97.7864
 20
-331.035
 10
-97.5802
 20
-330.956
 10
-97.4055
 20
-330.814
 10
-97.2537
 20
-330.599
 10
-97.2415
 20
-330.599
 10
-97.2092
 20
-330.797
 10
-97.1367
 20
-330.934
 10
-97.0164
 20
-331.014
 10
-96.8407
 20
-331.041
 10
-96.6978
 20
-331.032
 10
-96.5579
 20
-331.008
 10
-96.5579
 20
-330.78
 10
-96.6215
 20
-330.791
 10
-96.6779
 20
-330.794
 10
-96.7787
 20
-330.774
 10
-96.8407
 20
-330.712
 10
-96.8728
 20
-330.609
 10
-96.8834
 20
-330.467
 10
-96.8834
 20
-329.519
 10
-96.9358
 20
-329.201
 10
-97.093
 20
-328.969
 10
-97.3539
 20
-328.826
 10
-97.7175
 20
-328.778
 10
-98.3329
 20
-328.927
 10
-98.6004
 20
-329.372
 10
-98.218
 20
-329.407
 10
-98.1732
 20
-329.249
 10
-98.0837
 20
-329.14
 10
-97.9383
 20
-329.078
 10
-97.7257
 20
-329.057
 10
-97.5141
 20
-329.086
 10
-97.3676
 20
-329.173
 10
-97.2822
 20
-329.327
 10
-97.2537
 20
-329.557
 10
-97.2537
 20
-329.677
 10
-97.748
 20
-329.686
 10
-98.1796
 20
-329.741
 10
-98.4733
 20
-329.881
 10
-98.6419
 20
-330.104
 10
-98.6981
 20
-330.406
 10
-98.6564
 20
-330.678
 10
-98.5313
 20
-330.886
 10
-98.3233
 20
-331.017
 10
-98.0329
 20
-331.061
  0
LWPOLYLINE
100
AcDbEntity
  8
0
100
AcDbPolyline
 90
18
 70
1
 10
-98.1079
 20
-330.762
 10
-98.2251
 20
-330.689
 10
-98.2976
 20
-330.571
 10
-98.3217
 20
-330.412
 10
-98.3039
 20
-330.263
 10
-98.2505
 20
-330.145
 10
-98.1638
 20
-330.057
 10
-98.0461
 20
-329.995
 10
-97.8816
 20
-329.957
 10
-97.6544
 20
-329.942
 10
-97.2537
 20
-329.934
 10
-97.2537
 20
-330.115
 10
-97.2763
 20
-330.281
 10
-97.3442
 20
-330.443
 10
-97.4513
 20
-330.586
 10
-97.5914
 20
-330.695
 10
-97.7592
 20
-330.763
 10
-97.9494
 20
-330.786
  0
LWPOLYLINE
100
AcDbEntity
  8
0
100
AcDbPolyline
 90
34
 70
1
 10
-95.9027
 20
-329.745
 10
-95.8646
 20
-329.458
 10
-95.7501
 20
-329.242
 10
-95.5696
 20
-329.106
 10
-95.3331
 20
-329.061
 10
-95.1739
 20
-329.074
 10
-95.0585
 20
-329.114
 10
-94.9776
 20
-329.184
 10
-94.9222
 20
-329.287
 10
-94.8901
 20
-329.431
 10
-94.8794
 20
-329.625
 10
-94.8794
 20
-331.02
 10
-94.5112
 20
-331.02
 10
-94.5112
 20
-329.553
 10
-94.5532
 20
-329.197
 10
-94.6791
 20
-328.958
 10
-94.8955
 20
-328.823
 10
-95.209
 20
-328.778
 10
-95.4351
 20
-328.802
 10
-95.621
 20
-328.873
 10
-95.7769
 20
-329.001
 10
-95.9129
 20
-329.195
 10
-95.919
 20
-329.195
 10
-95.9228
 20
-329.06
 10
-95.9261
 20
-328.977
 10
-95.9289
 20
-328.922
 10
-95.9312
 20
-328.874
 10
-95.9332
 20
-328.838
 10
-95.9353
 20
-328.819
 10
-96.2811
 20
-328.819
 10
-96.272
 20
-328.979
 10
-96.2689
 20
-329.289
 10
-96.2689
 20
-331.02
 10
-95.9027
 20
-331.02
  0
LWPOLYLINE
100
AcDbEntity
  8
0
100
AcDbPolyline
 90
23
 70
1
 10
-92.4904
 20
-330.931
 10
-92.1675
 20
-330.54
 10
-92.4889
 20
-330.449
 10
-92.5629
 20
-330.582
 10
-92.6832
 20
-330.691
 10
-92.8503
 20
-330.762
 10
-93.0646
 20
-330.786
 10
-93.3296
 20
-330.735
 10
-93.5224
 20
-330.581
 10
-93.6399
 20
-330.332
 10
-93.679
 20
-329.997
 10
-92.1085
 20
-329.997
 10
-92.1085
 20
-329.948
 10
-92.3511
 20
-329.071
 10
-93.0789
 20
-328.778
 10
-93.4982
 20
-328.851
 10
-93.8082
 20
-329.069
 10
-93.9997
 20
-329.424
 10
-94.0635
 20
-329.905
 10
-93.9997
 20
-330.408
 10
-93.8082
 20
-330.77
 10
-93.4946
 20
-330.988
 10
-93.0646
 20
-331.061
  0
LWPOLYLINE
100
AcDbEntity
  8
0
100
AcDbPolyline
 90
9
 70
1
 10
-93.6269
 20
-329.438
 10
-93.5071
 20
-329.227
 10
-93.3238
 20
-329.093
 10
-93.085
 20
-329.049
 10
-92.8424
 20
-329.089
 10
-92.6639
 20
-329.209
 10
-92.5464
 20
-329.415
 10
-92.4869
 20
-329.716
 10
-93.6749
 20
-329.716
  0
LWPOLYLINE
100
AcDbEntity
  8
0
100
AcDbPolyline
 90
34
 70
1
 10
-88.3955
 20
-331.014
 10
-88.1371
 20
-330.872
 10
-87.9555
 20
-330.65
 10
-87.8665
 20
-330.365
 10
-88.2368
 20
-330.341
 10
-88.2925
 20
-330.532
 10
-88.3985
 20
-330.666
 10
-88.5458
 20
-330.746
 10
-88.725
 20
-330.772
 10
-88.9686
 20
-330.719
 10
-89.1421
 20
-330.56
 10
-89.2458
 20
-330.292
 10
-89.2804
 20
-329.909
 10
-89.2479
 20
-329.518
 10
-89.1502
 20
-329.258
 10
-88.9798
 20
-329.113
 10
-88.7291
 20
-329.065
 10
-88.5399
 20
-329.092
 10
-88.3995
 20
-329.173
 10
-88.3054
 20
-329.3
 10
-88.2551
 20
-329.464
 10
-87.8787
 20
-329.435
 10
-87.9771
 20
-329.161
 10
-88.1585
 20
-328.953
 10
-88.4099
 20
-328.822
 10
-88.7189
 20
-328.778
 10
-89.1217
 20
-328.851
 10
-89.4188
 20
-329.07
 10
-89.6018
 20
-329.428
 10
-89.6629
 20
-329.918
 10
-89.6021
 20
-330.41
 10
-89.4198
 20
-330.769
 10
-89.122
 20
-330.988
 10
-88.7149
 20
-331.061
  0
LWPOLYLINE
100
AcDbEntity
  8
0
100
AcDbPolyline
 90
23
 70
1
 10
-86.0064
 20
-330.931
 10
-85.6835
 20
-330.54
 10
-86.0049
 20
-330.449
 10
-86.0789
 20
-330.582
 10
-86.1992
 20
-330.691
 10
-86.3663
 20
-330.762
 10
-86.5806
 20
-330.786
 10
-86.8456
 20
-330.735
 10
-87.0384
 20
-330.581
 10
-87.1559
 20
-330.332
 10
-87.195
 20
-329.997
 10
-85.6245
 20
-329.997
 10
-85.6245
 20
-329.948
 10
-85.8671
 20
-329.071
 10
-86.5949
 20
-328.778
 10
-87.0142
 20
-328.851
 10
-87.3242
 20
-329.069
 10
-87.5157
 20
-329.424
 10
-87.5795
 20
-329.905
 10
-87.5157
 20
-330.408
 10
-87.3242
 20
-330.77
 10
-87.0107
 20
-330.988
 10
-86.5806
 20
-331.061
  0
LWPOLYLINE
100
AcDbEntity
  8
0
100
AcDbPolyline
 90
9
 70
1
 10
-87.1429
 20
-329.438
 10
-87.0231
 20
-329.227
 10
-86.8398
 20
-329.093
 10
-86.601
 20
-329.049
 10
-86.3584
 20
-329.089
 10
-86.1799
 20
-329.209
 10
-86.0624
 20
-329.415
 10
-86.0029
 20
-329.716
 10
-87.191
 20
-329.716
  0
LWPOLYLINE
100
AcDbEntity
  8
0
100
AcDbPolyline
 90
34
 70
1
 10
-84.7841
 20
-329.745
 10
-84.746
 20
-329.458
 10
-84.6316
 20
-329.242
 10
-84.451
 20
-329.106
 10
-84.2145
 20
-329.061
 10
-84.0554
 20
-329.074
 10
-83.9399
 20
-329.114
 10
-83.859
 20
-329.184
 10
-83.8036
 20
-329.287
 10
-83.7716
 20
-329.431
 10
-83.7609
 20
-329.625
 10
-83.7609
 20
-331.02
 10
-83.3927
 20
-331.02
 10
-83.3927
 20
-329.553
 10
-83.4346
 20
-329.197
 10
-83.5605
 20
-328.958
 10
-83.7769
 20
-328.823
 10
-84.0904
 20
-328.778
 10
-84.3165
 20
-328.802
 10
-84.5024
 20
-328.873
 10
-84.6583
 20
-329.001
 10
-84.7943
 20
-329.195
 10
-84.8004
 20
-329.195
 10
-84.8042
 20
-329.06
 10
-84.8075
 20
-328.977
 10
-84.8104
 20
-328.922
 10
-84.8126
 20
-328.874
 10
-84.8147
 20
-328.838
 10
-84.8167
 20
-328.819
 10
-85.1625
 20
-328.819
 10
-85.1534
 20
-328.979
 10
-85.1504
 20
-329.289
 10
-85.1504
 20
-331.02
 10
-84.7841
 20
-331.02
  0
LWPOLYLINE
100
AcDbEntity
  8
0
100
AcDbPolyline
 90
23
 70
1
 10
-80.2142
 20
-330.931
 10
-79.8913
 20
-330.54
 10
-80.2127
 20
-330.449
 10
-80.2867
 20
-330.582
 10
-80.407
 20
-330.691
 10
-80.5741
 20
-330.762
 10
-80.7884
 20
-330.786
 10
-81.0534
 20
-330.735
 10
-81.2462
 20
-330.581
 10
-81.3637
 20
-330.332
 10
-81.4028
 20
-329.997
 10
-79.8323
 20
-329.997
 10
-79.8323
 20
-329.948
 10
-80.0749
 20
-329.071
 10
-80.8027
 20
-328.778
 10
-81.222
 20
-328.851
 10
-81.532
 20
-329.069
 10
-81.7235
 20
-329.424
 10
-81.7873
 20
-329.905
 10
-81.7235
 20
-330.408
 10
-81.532
 20
-330.77
 10
-81.2184
 20
-330.988
 10
-80.7884
 20
-331.061
  0
LWPOLYLINE
100
AcDbEntity
  8
0
100
AcDbPolyline
 90
9
 70
1
 10
-81.3507
 20
-329.438
 10
-81.2309
 20
-329.227
 10
-81.0476
 20
-329.093
 10
-80.8088
 20
-329.049
 10
-80.5662
 20
-329.089
 10
-80.3877
 20
-329.209
 10
-80.2702
 20
-329.415
 10
-80.2107
 20
-329.716
 10
-81.3987
 20
-329.716
  0
LWPOLYLINE
100
AcDbEntity
  8
0
100
AcDbPolyline
 90
22
 70
1
 10
-78.9919
 20
-329.873
 10
-78.9619
 20
-329.549
 10
-78.8719
 20
-329.31
 10
-78.7249
 20
-329.163
 10
-78.524
 20
-329.114
 10
-78.4142
 20
-329.119
 10
-78.3287
 20
-329.134
 10
-78.3287
 20
-328.799
 10
-78.4035
 20
-328.783
 10
-78.4772
 20
-328.778
 10
-78.6614
 20
-328.804
 10
-78.7987
 20
-328.882
 10
-78.906
 20
-329.031
 10
-79.0001
 20
-329.269
 10
-79.0082
 20
-329.269
 10
-79.0123
 20
-329.119
 10
-79.0245
 20
-328.819
 10
-79.3703
 20
-328.819
 10
-79.3612
 20
-329.088
 10
-79.3581
 20
-329.332
 10
-79.3581
 20
-331.02
 10
-78.9919
 20
-331.02
  0
LWPOLYLINE
100
AcDbEntity
  8
0
100
AcDbPolyline
 90
28
 70
1
 10
-100.545
 20
-331.024
 10
-100.547
 20
-330.773
 10
-100.554
 20
-330.678
 10
-100.543
 20
-330.678
 10
-100.285
 20
-330.965
 10
-99.8599
 20
-331.061
 10
-99.2526
 20
-330.773
 10
-99.0502
 20
-329.909
 10
-99.1005
 20
-329.403
 10
-99.2516
 20
-329.053
 10
-99.5043
 20
-328.848
 10
-99.8599
 20
-328.78
 10
-100.097
 20
-328.804
 10
-100.283
 20
-328.875
 10
-100.428
 20
-328.997
 10
-100.541
 20
-329.173
 10
-100.55
 20
-329.173
 10
-100.551
 20
-329.118
 10
-100.555
 20
-329.031
 10
-100.559
 20
-328.94
 10
-100.564
 20
-328.877
 10
-100.567
 20
-328.838
 10
-100.57
 20
-328.819
 10
-100.924
 20
-328.819
 10
-100.915
 20
-328.986
 10
-100.912
 20
-329.269
 10
-100.912
 20
-331.885
 10
-100.545
 20
-331.885
  0
LWPOLYLINE
100
AcDbEntity
  8
0
100
AcDbPolyline
 90
18
 70
1
 10
-100.226
 20
-330.739
 10
-100.407
 20
-330.585
 10
-100.511
 20
-330.322
 10
-100.545
 20
-329.946
 10
-100.529
 20
-329.664
 10
-100.481
 20
-329.44
 10
-100.403
 20
-329.272
 10
-100.294
 20
-329.155
 10
-100.147
 20
-329.086
 10
-99.9534
 20
-329.063
 10
-99.7195
 20
-329.112
 10
-99.5588
 20
-329.26
 10
-99.4657
 20
-329.523
 10
-99.4347
 20
-329.918
 10
-99.466
 20
-330.322
 10
-99.5598
 20
-330.59
 10
-99.7218
 20
-330.74
 10
-99.9575
 20
-330.79
  0
LWPOLYLINE
100
AcDbEntity
  8
0
100
AcDbPolyline
 90
4
 70
1
 10
-74.512
 20
-329.751
 10
-75.5292
 20
-329.751
 10
-75.5292
 20
-330.076
 10
-74.512
 20
-330.076
  0
LWPOLYLINE
100
AcDbEntity
  8
0
100
AcDbPolyline
 90
4
 70
1
 10
-67.3322
 20
-329.751
 10
-68.3494
 20
-329.751
 10
-68.3494
 20
-330.076
 10
-67.3322
 20
-330.076
  0
LWPOLYLINE
100
AcDbEntity
  8
0
100
AcDbPolyline
 90
11
 70
1
 10
-68.997
 20
-331.418
 10
-68.9476
 20
-331.276
 10
-68.9186
 20
-331.114
 10
-68.909
 20
-330.916
 10
-68.909
 20
-330.575
 10
-69.3057
 20
-330.575
 10
-69.3057
 20
-331.02
 10
-69.1266
 20
-331.02
 10
-69.1744
 20
-331.282
 10
-69.3179
 20
-331.553
 10
-69.0677
 20
-331.553
  0
ENDSEC
  0
EOF
