solid OpenSCAD_Model
  facet normal 0 -1 0
    outer loop
      vertex -26.794632120668545 -4 -7.1450000032782555
      vertex -18.852343752980232 -4 -7.1450000032782555
      vertex -27.094999998807907 -4 -6.740000002086163
    endloop
  endfacet
  facet normal -0.7951916906506431 -0.14093032072769807 -0.5897531855104811
    outer loop
      vertex -26.794632120668545 -4 -7.1450000032782555
      vertex -27.094999998807907 -4 -6.740000002086163
      vertex -27.5 -0.02 -7.1450000032782555
    endloop
  endfacet
  facet normal 0 0 -1
    outer loop
      vertex -26.794632120668545 -4 -7.1450000032782555
      vertex -27.5 -0.02 -7.1450000032782555
      vertex -18.852343752980232 -4 -7.1450000032782555
    endloop
  endfacet
  facet normal 0 0 -1
    outer loop
      vertex -18.852343752980232 -4 -7.1450000032782555
      vertex -27.5 -0.02 -7.1450000032782555
      vertex -27.5 0 -7.1450000032782555
    endloop
  endfacet
  facet normal 0 0 -1
    outer loop
      vertex -18.852343752980232 -4 -7.1450000032782555
      vertex -27.5 0 -7.1450000032782555
      vertex -18.852343752980232 0 -7.1450000032782555
    endloop
  endfacet
  facet normal 0 -1 0
    outer loop
      vertex -16.380207791924477 -4 -7.536547869443893
      vertex -15.790876291692257 -4 -7.753963738679886
      vertex -8.505000002682209 -4 8.509999997913837
    endloop
  endfacet
  facet normal 0 -1 0
    outer loop
      vertex -15.220419749617577 -4 -8.0169478058815
      vertex -8.505000002682209 -4 8.509999997913837
      vertex -15.790876291692257 -4 -7.753963738679886
    endloop
  endfacet
  facet normal 0 -1 0
    outer loop
      vertex -14.672355234622955 -4 -8.323878683149815
      vertex -14.15006173402071 -4 -8.6728640422225
      vertex -8.505000002682209 -4 8.509999997913837
    endloop
  endfacet
  facet normal 0 -1 0
    outer loop
      vertex -15.220419749617577 -4 -8.0169478058815
      vertex -14.672355234622955 -4 -8.323878683149815
      vertex -8.505000002682209 -4 8.509999997913837
    endloop
  endfacet
  facet normal -0.7853169287584659 0 -0.619093952001932
    outer loop
      vertex -12.76909602433443 -4 -9.949415616691113
      vertex -12.76909602433443 0 -9.949415616691113
      vertex -12.380207791924477 -4 -10.442717984318733
    endloop
  endfacet
  facet normal -0.7343225064921133 0 -0.6788007487172804
    outer loop
      vertex -12.76909602433443 -4 -9.949415616691113
      vertex -13.195489503443241 0 -9.488145753741264
      vertex -12.76909602433443 0 -9.949415616691113
    endloop
  endfacet
  facet normal -0.7853169287584659 0 -0.619093952001932
    outer loop
      vertex -12.380207791924477 -4 -10.442717984318733
      vertex -12.76909602433443 0 -9.949415616691113
      vertex -12.380207791924477 0 -10.442717984318733
    endloop
  endfacet
  facet normal -0.03925980726059118 0 -0.999229036574629
    outer loop
      vertex -18.852343752980232 -4 -7.1450000032782555
      vertex -18.852343752980232 0 -7.1450000032782555
      vertex -18.224670983850956 -4 -7.169661328196526
    endloop
  endfacet
  facet normal -0.11753739870463581 0 -0.993068456807358
    outer loop
      vertex -18.224670983850956 -4 -7.169661328196526
      vertex -18.224670983850956 0 -7.169661328196526
      vertex -17.60086803138256 -4 -7.243493273854256
    endloop
  endfacet
  facet normal -0.19509032827845 0 -0.9807852791575772
    outer loop
      vertex -17.60086803138256 -4 -7.243493273854256
      vertex -17.60086803138256 0 -7.243493273854256
      vertex -16.984780840575695 -4 -7.366040639579296
    endloop
  endfacet
  facet normal -0.27144044363550274 0 -0.9624552382105681
    outer loop
      vertex -16.984780840575695 -4 -7.366040639579296
      vertex -16.984780840575695 0 -7.366040639579296
      vertex -16.380207791924477 -4 -7.536547869443893
    endloop
  endfacet
  facet normal -0.34611705753426014 0 -0.9381913357539737
    outer loop
      vertex -16.380207791924477 -4 -7.536547869443893
      vertex -16.380207791924477 0 -7.536547869443893
      vertex -15.790876291692257 -4 -7.753963738679886
    endloop
  endfacet
  facet normal -0.03925980726059118 0 -0.999229036574629
    outer loop
      vertex -18.224670983850956 -4 -7.169661328196526
      vertex -18.852343752980232 0 -7.1450000032782555
      vertex -18.224670983850956 0 -7.169661328196526
    endloop
  endfacet
  facet normal -0.11753739870463581 0 -0.993068456807358
    outer loop
      vertex -17.60086803138256 -4 -7.243493273854256
      vertex -18.224670983850956 0 -7.169661328196526
      vertex -17.60086803138256 0 -7.243493273854256
    endloop
  endfacet
  facet normal -0.19509032827845 0 -0.9807852791575772
    outer loop
      vertex -16.984780840575695 -4 -7.366040639579296
      vertex -17.60086803138256 0 -7.243493273854256
      vertex -16.984780840575695 0 -7.366040639579296
    endloop
  endfacet
  facet normal -0.27144044363550274 0 -0.9624552382105681
    outer loop
      vertex -16.380207791924477 -4 -7.536547869443893
      vertex -16.984780840575695 0 -7.366040639579296
      vertex -16.380207791924477 0 -7.536547869443893
    endloop
  endfacet
  facet normal -0.41865973648552934 0 -0.9081431743100133
    outer loop
      vertex -15.220419749617577 -4 -8.0169478058815
      vertex -15.790876291692257 -4 -7.753963738679886
      vertex -15.790876291692257 0 -7.753963738679886
    endloop
  endfacet
  facet normal -0.48862124306213356 0 -0.872496006196255
    outer loop
      vertex -15.220419749617577 -4 -8.0169478058815
      vertex -15.220419749617577 0 -8.0169478058815
      vertex -14.672355234622955 -4 -8.323878683149815
    endloop
  endfacet
  facet normal -0.5555702321899513 0 -0.8314696128569001
    outer loop
      vertex -14.672355234622955 -4 -8.323878683149815
      vertex -14.672355234622955 0 -8.323878683149815
      vertex -14.15006173402071 -4 -8.6728640422225
    endloop
  endfacet
  facet normal -0.619093952001932 0 -0.7853169287584659
    outer loop
      vertex -13.65675936639309 -4 -9.061752274632454
      vertex -14.15006173402071 -4 -8.6728640422225
      vertex -14.15006173402071 0 -8.6728640422225
    endloop
  endfacet
  facet normal -0.6788007487172804 0 -0.7343225064921133
    outer loop
      vertex -13.65675936639309 -4 -9.061752274632454
      vertex -13.65675936639309 0 -9.061752274632454
      vertex -13.195489503443241 -4 -9.488145753741264
    endloop
  endfacet
  facet normal -0.7343225064921133 0 -0.6788007487172804
    outer loop
      vertex -12.76909602433443 -4 -9.949415616691113
      vertex -13.195489503443241 -4 -9.488145753741264
      vertex -13.195489503443241 0 -9.488145753741264
    endloop
  endfacet
  facet normal -0.41865973648552934 0 -0.9081431743100133
    outer loop
      vertex -15.220419749617577 -4 -8.0169478058815
      vertex -15.790876291692257 0 -7.753963738679886
      vertex -15.220419749617577 0 -8.0169478058815
    endloop
  endfacet
  facet normal -0.48862124306213356 0 -0.872496006196255
    outer loop
      vertex -14.672355234622955 -4 -8.323878683149815
      vertex -15.220419749617577 0 -8.0169478058815
      vertex -14.672355234622955 0 -8.323878683149815
    endloop
  endfacet
  facet normal -0.5555702321899513 0 -0.8314696128569001
    outer loop
      vertex -14.15006173402071 -4 -8.6728640422225
      vertex -14.672355234622955 0 -8.323878683149815
      vertex -14.15006173402071 0 -8.6728640422225
    endloop
  endfacet
  facet normal -0.34611705753426014 0 -0.9381913357539737
    outer loop
      vertex -15.790876291692257 -4 -7.753963738679886
      vertex -16.380207791924477 0 -7.536547869443893
      vertex -15.790876291692257 0 -7.753963738679886
    endloop
  endfacet
  facet normal -0.619093952001932 0 -0.7853169287584659
    outer loop
      vertex -13.65675936639309 -4 -9.061752274632454
      vertex -14.15006173402071 0 -8.6728640422225
      vertex -13.65675936639309 0 -9.061752274632454
    endloop
  endfacet
  facet normal -0.6788007487172804 0 -0.7343225064921133
    outer loop
      vertex -13.195489503443241 -4 -9.488145753741264
      vertex -13.65675936639309 0 -9.061752274632454
      vertex -13.195489503443241 0 -9.488145753741264
    endloop
  endfacet
  facet normal 0 0 -1
    outer loop
      vertex -27.5 0 -7.1450000032782555
      vertex -27.5 3 -7.1450000032782555
      vertex -18.852343752980232 3 -7.1450000032782555
    endloop
  endfacet
  facet normal 0 0 -1
    outer loop
      vertex -27.5 0 -7.1450000032782555
      vertex -18.852343752980232 3 -7.1450000032782555
      vertex -18.852343752980232 0 -7.1450000032782555
    endloop
  endfacet
  facet normal -0.7343225064921133 0 -0.6788007487172804
    outer loop
      vertex -12.76909602433443 0 -9.949415616691113
      vertex -13.195489503443241 0 -9.488145753741264
      vertex -12.76909602433443 3 -9.949415616691113
    endloop
  endfacet
  facet normal -0.7853169287584659 0 -0.6190939520019321
    outer loop
      vertex -12.76909602433443 0 -9.949415616691113
      vertex -12.380207791924477 3 -10.442717984318733
      vertex -12.380207791924477 0 -10.442717984318733
    endloop
  endfacet
  facet normal -0.7853169287584659 0 -0.6190939520019321
    outer loop
      vertex -12.76909602433443 0 -9.949415616691113
      vertex -12.76909602433443 3 -9.949415616691113
      vertex -12.380207791924477 3 -10.442717984318733
    endloop
  endfacet
  facet normal -0.03925980726059118 0 -0.999229036574629
    outer loop
      vertex -18.852343752980232 0 -7.1450000032782555
      vertex -18.224670983850956 3 -7.169661328196526
      vertex -18.224670983850956 0 -7.169661328196526
    endloop
  endfacet
  facet normal -0.11753739870463581 0 -0.993068456807358
    outer loop
      vertex -18.224670983850956 0 -7.169661328196526
      vertex -17.60086803138256 3 -7.243493273854256
      vertex -17.60086803138256 0 -7.243493273854256
    endloop
  endfacet
  facet normal -0.19509032827845002 0 -0.9807852791575773
    outer loop
      vertex -17.60086803138256 0 -7.243493273854256
      vertex -16.984780840575695 3 -7.366040639579296
      vertex -16.984780840575695 0 -7.366040639579296
    endloop
  endfacet
  facet normal -0.27144044363550274 0 -0.9624552382105682
    outer loop
      vertex -16.984780840575695 0 -7.366040639579296
      vertex -16.380207791924477 3 -7.536547869443893
      vertex -16.380207791924477 0 -7.536547869443893
    endloop
  endfacet
  facet normal -0.03925980726059118 0 -0.999229036574629
    outer loop
      vertex -18.852343752980232 0 -7.1450000032782555
      vertex -18.852343752980232 3 -7.1450000032782555
      vertex -18.224670983850956 3 -7.169661328196526
    endloop
  endfacet
  facet normal -0.11753739870463581 0 -0.993068456807358
    outer loop
      vertex -18.224670983850956 0 -7.169661328196526
      vertex -18.224670983850956 3 -7.169661328196526
      vertex -17.60086803138256 3 -7.243493273854256
    endloop
  endfacet
  facet normal -0.19509032827845002 0 -0.9807852791575773
    outer loop
      vertex -17.60086803138256 0 -7.243493273854256
      vertex -17.60086803138256 3 -7.243493273854256
      vertex -16.984780840575695 3 -7.366040639579296
    endloop
  endfacet
  facet normal -0.27144044363550274 0 -0.9624552382105682
    outer loop
      vertex -16.984780840575695 0 -7.366040639579296
      vertex -16.984780840575695 3 -7.366040639579296
      vertex -16.380207791924477 3 -7.536547869443893
    endloop
  endfacet
  facet normal -0.34611705753426014 0 -0.9381913357539738
    outer loop
      vertex -16.380207791924477 0 -7.536547869443893
      vertex -16.380207791924477 3 -7.536547869443893
      vertex -15.790876291692257 3 -7.753963738679886
    endloop
  endfacet
  facet normal 0 1 0
    outer loop
      vertex -18.224670983850956 3 -7.169661328196526
      vertex -17.600000001490116 3 6
      vertex -17.60086803138256 3 -7.243493273854256
    endloop
  endfacet
  facet normal -0.4186597364855293 0 -0.9081431743100132
    outer loop
      vertex -15.220419749617577 0 -8.0169478058815
      vertex -15.790876291692257 0 -7.753963738679886
      vertex -15.220419749617577 3 -8.0169478058815
    endloop
  endfacet
  facet normal -0.48862124306213356 0 -0.872496006196255
    outer loop
      vertex -15.220419749617577 0 -8.0169478058815
      vertex -14.672355234622955 3 -8.323878683149815
      vertex -14.672355234622955 0 -8.323878683149815
    endloop
  endfacet
  facet normal -0.5555702321899513 0 -0.8314696128569002
    outer loop
      vertex -14.672355234622955 0 -8.323878683149815
      vertex -14.15006173402071 3 -8.6728640422225
      vertex -14.15006173402071 0 -8.6728640422225
    endloop
  endfacet
  facet normal -0.34611705753426014 0 -0.9381913357539738
    outer loop
      vertex -16.380207791924477 0 -7.536547869443893
      vertex -15.790876291692257 3 -7.753963738679886
      vertex -15.790876291692257 0 -7.753963738679886
    endloop
  endfacet
  facet normal -0.6190939520019321 0 -0.7853169287584659
    outer loop
      vertex -13.65675936639309 0 -9.061752274632454
      vertex -14.15006173402071 0 -8.6728640422225
      vertex -13.65675936639309 3 -9.061752274632454
    endloop
  endfacet
  facet normal -0.6788007487172804 0 -0.7343225064921133
    outer loop
      vertex -13.65675936639309 0 -9.061752274632454
      vertex -13.195489503443241 3 -9.488145753741264
      vertex -13.195489503443241 0 -9.488145753741264
    endloop
  endfacet
  facet normal -0.4186597364855293 0 -0.9081431743100132
    outer loop
      vertex -15.790876291692257 0 -7.753963738679886
      vertex -15.790876291692257 3 -7.753963738679886
      vertex -15.220419749617577 3 -8.0169478058815
    endloop
  endfacet
  facet normal -0.48862124306213356 0 -0.872496006196255
    outer loop
      vertex -15.220419749617577 0 -8.0169478058815
      vertex -15.220419749617577 3 -8.0169478058815
      vertex -14.672355234622955 3 -8.323878683149815
    endloop
  endfacet
  facet normal -0.5555702321899513 0 -0.8314696128569002
    outer loop
      vertex -14.672355234622955 0 -8.323878683149815
      vertex -14.672355234622955 3 -8.323878683149815
      vertex -14.15006173402071 3 -8.6728640422225
    endloop
  endfacet
  facet normal -0.6190939520019321 0 -0.7853169287584659
    outer loop
      vertex -14.15006173402071 0 -8.6728640422225
      vertex -14.15006173402071 3 -8.6728640422225
      vertex -13.65675936639309 3 -9.061752274632454
    endloop
  endfacet
  facet normal -0.6788007487172804 0 -0.7343225064921133
    outer loop
      vertex -13.65675936639309 0 -9.061752274632454
      vertex -13.65675936639309 3 -9.061752274632454
      vertex -13.195489503443241 3 -9.488145753741264
    endloop
  endfacet
  facet normal -0.7343225064921133 0 -0.6788007487172804
    outer loop
      vertex -13.195489503443241 0 -9.488145753741264
      vertex -13.195489503443241 3 -9.488145753741264
      vertex -12.76909602433443 3 -9.949415616691113
    endloop
  endfacet
  facet normal 0 -1 0
    outer loop
      vertex -9.394171670079231 -4 -30.541827917099
      vertex -9.760507002472878 -4 -30.112904347479343
      vertex -9.585765585303307 -4 -30.33456278592348
    endloop
  endfacet
  facet normal 0 -1 0
    outer loop
      vertex -9.186906531453133 -4 -30.733421839773655
      vertex -8.505000002682209 -4 -31.191296204924583
      vertex -9.760507002472878 -4 -30.112904347479343
    endloop
  endfacet
  facet normal 0 -1 0
    outer loop
      vertex -9.394171670079231 -4 -30.541827917099
      vertex -9.186906531453133 -4 -30.733421839773655
      vertex -9.760507002472878 -4 -30.112904347479343
    endloop
  endfacet
  facet normal 0 -1 0
    outer loop
      vertex -9.186906531453133 -4 -30.733421839773655
      vertex -8.965248093008995 -4 -30.908163264393806
      vertex -8.505000002682209 -4 -31.191296204924583
    endloop
  endfacet
  facet normal 0 -1 0
    outer loop
      vertex -8.965248093008995 -4 -30.908163264393806
      vertex -8.73056274652481 -4 -31.06497500091791
      vertex -8.505000002682209 -4 -31.191296204924583
    endloop
  endfacet
  facet normal -0.795191690650644 -0.14093032072769487 -0.5897531855104808
    outer loop
      vertex -10.78097321324829 -4 -28.73696222230716
      vertex -10.766315628652954 -3.7743386277863333 -28.810650877332442
      vertex -9.760507002472878 -4 -30.112904347479343
    endloop
  endfacet
  facet normal 0 -1 0
    outer loop
      vertex -10.840013086795807 -4 -28.313836380839348
      vertex -9.760507002472878 -4 -30.112904347479343
      vertex -8.505000002682209 -4 -31.191296204924583
    endloop
  endfacet
  facet normal 0 -1 0
    outer loop
      vertex -10.78097321324829 -4 -28.73696222230716
      vertex -9.760507002472878 -4 -30.112904347479343
      vertex -10.803097113966942 -4 -28.625737860798836
    endloop
  endfacet
  facet normal 0 -1 0
    outer loop
      vertex -10.803097113966942 -4 -28.625737860798836
      vertex -9.760507002472878 -4 -30.112904347479343
      vertex -10.840013086795807 -4 -28.313836380839348
    endloop
  endfacet
  facet normal 0 -1 0
    outer loop
      vertex -10.840013086795807 -4 -28.313836380839348
      vertex -8.505000002682209 -4 -31.191296204924583
      vertex -10.852343752980232 -4 -28
    endloop
  endfacet
  facet normal -0.7957696745161728 -0.10130145968952285 -0.5970666959270099
    outer loop
      vertex -10.766315628652954 -3.7743386277863333 -28.810650877332442
      vertex -10.741823434829712 -3.2410094859573944 -28.93378145247698
      vertex -9.760507002472878 -4 -30.112904347479343
    endloop
  endfacet
  facet normal -0.9807852809756513 0 -0.19509031913837382
    outer loop
      vertex -10.78097321324829 -4 -28.73696222230716
      vertex -10.803097113966942 -4 -28.625737860798836
      vertex -10.803097113966942 0 -28.625737860798836
    endloop
  endfacet
  facet normal -0.9930684569712184 0 -0.11753739732018625
    outer loop
      vertex -10.803097113966942 -4 -28.625737860798836
      vertex -10.840013086795807 -4 -28.313836380839348
      vertex -10.840013086795807 0 -28.313836380839348
    endloop
  endfacet
  facet normal -0.9807852809756502 1.64897686187195e-16 -0.19509031913837954
    outer loop
      vertex -10.78097321324829 -4 -28.73696222230716
      vertex -10.803097113966942 0 -28.625737860798836
      vertex -10.766315628652954 -3.7743386277863333 -28.810650877332442
    endloop
  endfacet
  facet normal -0.9807852809756517 -1.9177633164082169e-16 -0.19509031913837255
    outer loop
      vertex -10.766315628652954 -3.7743386277863333 -28.810650877332442
      vertex -10.803097113966942 0 -28.625737860798836
      vertex -10.741823434829712 -3.2410094859573944 -28.93378145247698
    endloop
  endfacet
  facet normal -0.7957696745161728 -0.10130145968952256 -0.59706669592701
    outer loop
      vertex -9.760507002472878 -4 -30.112904347479343
      vertex -10.741823434829712 -3.2410094859573944 -28.93378145247698
      vertex -10.656569816172123 -2.1290514302555277 -29.236067980527878
    endloop
  endfacet
  facet normal -0.7812823269918692 -0.10123600317613161 -0.6159133033074476
    outer loop
      vertex -9.585765585303307 -4 -30.33456278592348
      vertex -9.760507002472878 -4 -30.112904347479343
      vertex -10.08841172605753 -0.02 -30.35114100575447
    endloop
  endfacet
  facet normal -0.7305498846927606 -0.10123600312381871 -0.6753133625561605
    outer loop
      vertex -9.394171670079231 -4 -30.541827917099
      vertex -9.585765585303307 -4 -30.33456278592348
      vertex -9.893967613577843 -0.02 -30.59779219329357
    endloop
  endfacet
  facet normal -0.5527159601179984 -0.10123600381693011 -0.8271978837992865
    outer loop
      vertex -8.965248093008995 -4 -30.908163264393806
      vertex -8.94233801215887 -0.02 -31.41056066006422
      vertex -8.73056274652481 -4 -31.06497500091791
    endloop
  endfacet
  facet normal -0.48611091376536575 -0.10123600212647234 -0.8680135087610389
    outer loop
      vertex -8.505000002682209 -4 -31.191296204924583
      vertex -8.73056274652481 -4 -31.06497500091791
      vertex -8.94233801215887 -0.02 -31.41056066006422
    endloop
  endfacet
  facet normal -0.6753133636343186 -0.10123600301570565 -0.7305498837111033
    outer loop
      vertex -9.394171670079231 -4 -30.541827917099
      vertex -9.450135946273804 -0.02 -31.04162386059761
      vertex -9.186906531453133 -4 -30.733421839773655
    endloop
  endfacet
  facet normal -0.6159133195277425 -0.10123600278812309 -0.781282314255097
    outer loop
      vertex -9.186906531453133 -4 -30.733421839773655
      vertex -9.203484758734703 -0.02 -31.236067980527878
      vertex -8.965248093008995 -4 -30.908163264393806
    endloop
  endfacet
  facet normal -0.7957696745161718 -0.10130145968952137 -0.5970666959270114
    outer loop
      vertex -9.760507002472878 -4 -30.112904347479343
      vertex -10.656569816172123 -2.1290514302555277 -29.236067980527878
      vertex -10.547861881554127 -1.2462544189761748 -29.530733726918697
    endloop
  endfacet
  facet normal -0.999229036091045 0 -0.03925981956862727
    outer loop
      vertex -10.840013086795807 -4 -28.313836380839348
      vertex -10.852343752980232 -4 -28
      vertex -10.852343752980232 0 -28
    endloop
  endfacet
  facet normal -0.962455235985805 0 -0.2714404515239178
    outer loop
      vertex -10.741823434829712 -3.2410094859573944 -28.93378145247698
      vertex -10.741823434829712 0 -28.93378145247698
      vertex -10.656569816172123 -2.1290514302555277 -29.236067980527878
    endloop
  endfacet
  facet normal -0.9930684569712184 0 -0.11753739732018625
    outer loop
      vertex -10.803097113966942 -4 -28.625737860798836
      vertex -10.840013086795807 0 -28.313836380839348
      vertex -10.803097113966942 0 -28.625737860798836
    endloop
  endfacet
  facet normal -0.7957696745161731 -0.10130145968952213 -0.5970666959270097
    outer loop
      vertex -9.760507002472878 -4 -30.112904347479343
      vertex -10.547861881554127 -1.2462544189761748 -29.530733726918697
      vertex -10.41636984795332 -0.5980610857433595 -29.815962001681328
    endloop
  endfacet
  facet normal -0.7957696745161719 -0.10130145968952174 -0.5970666959270112
    outer loop
      vertex -9.760507002472878 -4 -30.112904347479343
      vertex -10.262904405593872 -0.1884678817298027 -30.08999425917864
      vertex -10.08841172605753 -0.02 -30.35114100575447
    endloop
  endfacet
  facet normal -0.7305498741529989 -0.10123600196304096 -0.6753133741320222
    outer loop
      vertex -9.394171670079231 -4 -30.541827917099
      vertex -9.893967613577843 -0.02 -30.59779219329357
      vertex -9.680770874023438 -0.02 -30.828427121043205
    endloop
  endfacet
  facet normal -0.7812823250667551 -0.10123600294333442 -0.6159133057877078
    outer loop
      vertex -9.585765585303307 -4 -30.33456278592348
      vertex -10.08841172605753 -0.02 -30.35114100575447
      vertex -9.893967613577843 -0.02 -30.59779219329357
    endloop
  endfacet
  facet normal -0.5527159614099617 -0.1012360037022941 -0.8271978829500538
    outer loop
      vertex -8.965248093008995 -4 -30.908163264393806
      vertex -9.203484758734703 -0.02 -31.236067980527878
      vertex -8.94233801215887 -0.02 -31.41056066006422
    endloop
  endfacet
  facet normal -0.4861109024581572 -0.10123600123855565 -0.8680135151969369
    outer loop
      vertex -8.505000002682209 -4 -31.191296204924583
      vertex -8.94233801215887 -0.02 -31.41056066006422
      vertex -8.66830574721098 -0.02 -31.564026094973087
    endloop
  endfacet
  facet normal -0.6753133741320222 -0.10123600196304096 -0.7305498741529989
    outer loop
      vertex -9.394171670079231 -4 -30.541827917099
      vertex -9.680770874023438 -0.02 -30.828427121043205
      vertex -9.450135946273804 -0.02 -31.04162386059761
    endloop
  endfacet
  facet normal -0.6159133203571426 -0.1012360027102756 -0.7812823136113379
    outer loop
      vertex -9.186906531453133 -4 -30.733421839773655
      vertex -9.450135946273804 -0.02 -31.04162386059761
      vertex -9.203484758734703 -0.02 -31.236067980527878
    endloop
  endfacet
  facet normal -0.7957696745161719 -0.10130145968952176 -0.5970666959270111
    outer loop
      vertex -9.760507002472878 -4 -30.112904347479343
      vertex -10.41636984795332 -0.5980610857433595 -29.815962001681328
      vertex -10.262904405593872 -0.1884678817298027 -30.08999425917864
    endloop
  endfacet
  facet normal -0.999229036091045 0 -0.03925981956862727
    outer loop
      vertex -10.840013086795807 -4 -28.313836380839348
      vertex -10.852343752980232 0 -28
      vertex -10.840013086795807 0 -28.313836380839348
    endloop
  endfacet
  facet normal -0.344106580213807 -0.10762675606808395 -0.9327417342607867
    outer loop
      vertex -8.505000002682209 -4 -31.191296204924583
      vertex -8.38307747989893 -0.02 -31.695518128573895
      vertex -8.100000001490116 -0.02 -31.799950920045376
    endloop
  endfacet
  facet normal -0.41648918552461467 -0.1016965471339331 -0.9034348734923169
    outer loop
      vertex -8.505000002682209 -4 -31.191296204924583
      vertex -8.66830574721098 -0.02 -31.564026094973087
      vertex -8.38307747989893 -0.02 -31.695518128573895
    endloop
  endfacet
  facet normal -1 0 0
    outer loop
      vertex -10.852343752980232 -4 -28
      vertex -10.852343752980232 -4 -15.145000003278255
      vertex -10.852343752980232 0 -15.145000003278255
    endloop
  endfacet
  facet normal -1 0 0
    outer loop
      vertex -10.852343752980232 -4 -28
      vertex -10.852343752980232 0 -15.145000003278255
      vertex -10.852343752980232 0 -28
    endloop
  endfacet
  facet normal 0.9948624386588061 -0.10123600222180526 0
    outer loop
      vertex -8.505000002682209 -4 -31.191296204924583
      vertex -8.100000001490116 -0.02 -31.799950920045376
      vertex -8.100000001490116 -0.02 8.104999996721745
    endloop
  endfacet
  facet normal 0 -1 0
    outer loop
      vertex -10.852343752980232 -4 -28
      vertex -8.505000002682209 -4 -31.191296204924583
      vertex -8.505000002682209 -4 8.509999997913837
    endloop
  endfacet
  facet normal 0 -1 0
    outer loop
      vertex -10.852343752980232 -4 -28
      vertex -8.505000002682209 -4 8.509999997913837
      vertex -10.852343752980232 -4 -15.145000003278255
    endloop
  endfacet
  facet normal 0 -1 0
    outer loop
      vertex -10.852343752980232 -4 -15.145000003278255
      vertex -8.505000002682209 -4 8.509999997913837
      vertex -10.877005077898502 -4 -14.51732723414898
    endloop
  endfacet
  facet normal 0 -1 0
    outer loop
      vertex -10.877005077898502 -4 -14.51732723414898
      vertex -8.505000002682209 -4 8.509999997913837
      vertex -10.950837023556232 -4 -13.893524281680584
    endloop
  endfacet
  facet normal 0 -1 0
    outer loop
      vertex -10.950837023556232 -4 -13.893524281680584
      vertex -8.505000002682209 -4 8.509999997913837
      vertex -11.073384389281273 -4 -13.277437090873718
    endloop
  endfacet
  facet normal 0 -1 0
    outer loop
      vertex -12.031222432851791 -4 -10.965011484920979
      vertex -8.505000002682209 -4 8.509999997913837
      vertex -12.380207791924477 -4 -10.442717984318733
    endloop
  endfacet
  facet normal 0 -1 0
    outer loop
      vertex -11.724291555583477 -4 -11.5130759999156
      vertex -8.505000002682209 -4 8.509999997913837
      vertex -12.031222432851791 -4 -10.965011484920979
    endloop
  endfacet
  facet normal 0 -1 0
    outer loop
      vertex -11.461307488381863 -4 -12.08353254199028
      vertex -8.505000002682209 -4 8.509999997913837
      vertex -11.724291555583477 -4 -11.5130759999156
    endloop
  endfacet
  facet normal 0 -1 0
    outer loop
      vertex -13.65675936639309 -4 -9.061752274632454
      vertex -13.195489503443241 -4 -9.488145753741264
      vertex -8.505000002682209 -4 8.509999997913837
    endloop
  endfacet
  facet normal 0 -1 0
    outer loop
      vertex -12.76909602433443 -4 -9.949415616691113
      vertex -8.505000002682209 -4 8.509999997913837
      vertex -13.195489503443241 -4 -9.488145753741264
    endloop
  endfacet
  facet normal 0 -1 0
    outer loop
      vertex -13.65675936639309 -4 -9.061752274632454
      vertex -8.505000002682209 -4 8.509999997913837
      vertex -14.15006173402071 -4 -8.6728640422225
    endloop
  endfacet
  facet normal 0 -1 0
    outer loop
      vertex -12.76909602433443 -4 -9.949415616691113
      vertex -12.380207791924477 -4 -10.442717984318733
      vertex -8.505000002682209 -4 8.509999997913837
    endloop
  endfacet
  facet normal 0 -1 0
    outer loop
      vertex -11.24389161914587 -4 -12.6728640422225
      vertex -11.073384389281273 -4 -13.277437090873718
      vertex -8.505000002682209 -4 8.509999997913837
    endloop
  endfacet
  facet normal 0 -1 0
    outer loop
      vertex -11.24389161914587 -4 -12.6728640422225
      vertex -8.505000002682209 -4 8.509999997913837
      vertex -11.461307488381863 -4 -12.08353254199028
    endloop
  endfacet
  facet normal -0.999229036574629 0 -0.03925980726059118
    outer loop
      vertex -10.852343752980232 -4 -15.145000003278255
      vertex -10.877005077898502 -4 -14.51732723414898
      vertex -10.877005077898502 0 -14.51732723414898
    endloop
  endfacet
  facet normal -0.9807852791575772 0 -0.19509032827845
    outer loop
      vertex -10.950837023556232 -4 -13.893524281680584
      vertex -11.073384389281273 -4 -13.277437090873718
      vertex -11.073384389281273 0 -13.277437090873718
    endloop
  endfacet
  facet normal -0.993068456807358 0 -0.11753739870463581
    outer loop
      vertex -10.877005077898502 -4 -14.51732723414898
      vertex -10.950837023556232 -4 -13.893524281680584
      vertex -10.950837023556232 0 -13.893524281680584
    endloop
  endfacet
  facet normal -0.9081431743100133 0 -0.41865973648552934
    outer loop
      vertex -11.461307488381863 -4 -12.08353254199028
      vertex -11.724291555583477 -4 -11.5130759999156
      vertex -11.724291555583477 0 -11.5130759999156
    endloop
  endfacet
  facet normal -0.9624552382105681 0 -0.27144044363550274
    outer loop
      vertex -11.24389161914587 -4 -12.6728640422225
      vertex -11.24389161914587 0 -12.6728640422225
      vertex -11.073384389281273 -4 -13.277437090873718
    endloop
  endfacet
  facet normal -0.9381913357539737 0 -0.34611705753426014
    outer loop
      vertex -11.24389161914587 -4 -12.6728640422225
      vertex -11.461307488381863 -4 -12.08353254199028
      vertex -11.461307488381863 0 -12.08353254199028
    endloop
  endfacet
  facet normal -0.872496006196255 0 -0.48862124306213356
    outer loop
      vertex -11.724291555583477 -4 -11.5130759999156
      vertex -12.031222432851791 -4 -10.965011484920979
      vertex -12.031222432851791 0 -10.965011484920979
    endloop
  endfacet
  facet normal -0.8314696128569001 0 -0.5555702321899513
    outer loop
      vertex -12.031222432851791 -4 -10.965011484920979
      vertex -12.380207791924477 -4 -10.442717984318733
      vertex -12.380207791924477 0 -10.442717984318733
    endloop
  endfacet
  facet normal -0.999229036574629 0 -0.03925980726059118
    outer loop
      vertex -10.852343752980232 -4 -15.145000003278255
      vertex -10.877005077898502 0 -14.51732723414898
      vertex -10.852343752980232 0 -15.145000003278255
    endloop
  endfacet
  facet normal -0.9807852791575772 0 -0.19509032827845
    outer loop
      vertex -10.950837023556232 -4 -13.893524281680584
      vertex -11.073384389281273 0 -13.277437090873718
      vertex -10.950837023556232 0 -13.893524281680584
    endloop
  endfacet
  facet normal -0.993068456807358 0 -0.11753739870463581
    outer loop
      vertex -10.877005077898502 -4 -14.51732723414898
      vertex -10.950837023556232 0 -13.893524281680584
      vertex -10.877005077898502 0 -14.51732723414898
    endloop
  endfacet
  facet normal -0.9081431743100133 0 -0.41865973648552934
    outer loop
      vertex -11.461307488381863 -4 -12.08353254199028
      vertex -11.724291555583477 0 -11.5130759999156
      vertex -11.461307488381863 0 -12.08353254199028
    endloop
  endfacet
  facet normal -0.9624552382105681 0 -0.27144044363550274
    outer loop
      vertex -11.073384389281273 -4 -13.277437090873718
      vertex -11.24389161914587 0 -12.6728640422225
      vertex -11.073384389281273 0 -13.277437090873718
    endloop
  endfacet
  facet normal -0.9381913357539737 0 -0.34611705753426014
    outer loop
      vertex -11.24389161914587 -4 -12.6728640422225
      vertex -11.461307488381863 0 -12.08353254199028
      vertex -11.24389161914587 0 -12.6728640422225
    endloop
  endfacet
  facet normal -0.8314696128569001 0 -0.5555702321899513
    outer loop
      vertex -12.031222432851791 -4 -10.965011484920979
      vertex -12.380207791924477 0 -10.442717984318733
      vertex -12.031222432851791 0 -10.965011484920979
    endloop
  endfacet
  facet normal -0.872496006196255 0 -0.48862124306213356
    outer loop
      vertex -11.724291555583477 -4 -11.5130759999156
      vertex -12.031222432851791 0 -10.965011484920979
      vertex -11.724291555583477 0 -11.5130759999156
    endloop
  endfacet
  facet normal 0.994862438658806 -0.10123600222180523 0
    outer loop
      vertex -8.505000002682209 -4 -31.191296204924583
      vertex -8.100000001490116 -0.02 8.104999996721745
      vertex -8.505000002682209 -4 8.509999997913837
    endloop
  endfacet
  facet normal -0.9891765099647811 0 -0.146730474455361
    outer loop
      vertex -1.029824544423392 -4.4 -11.204844838116935
      vertex -1.0449439630058068 -4.4 -11.102917997346038
      vertex -1.0449439630058068 -2.4 -11.102917997346038
    endloop
  endfacet
  facet normal -0.9987954562051724 0 -0.049067674327417606
    outer loop
      vertex -1.0449439630058068 -4.4 -11.102917997346038
      vertex -1.05 -4.4 -11
      vertex -1.05 -2.4 -11
    endloop
  endfacet
  facet normal -0.9987954562051724 0 0.049067674327417606
    outer loop
      vertex -1.05 -4.4 -11
      vertex -1.0449439630058068 -4.4 -10.897082002653962
      vertex -1.0449439630058068 -2.4 -10.897082002653962
    endloop
  endfacet
  facet normal -0.9891765099647811 0 0.146730474455361
    outer loop
      vertex -1.0449439630058068 -4.4 -10.897082002653962
      vertex -1.029824544423392 -4.4 -10.795155161883065
      vertex -1.029824544423392 -2.4 -10.795155161883065
    endloop
  endfacet
  facet normal 0 -1 0
    outer loop
      vertex -0.40181760398334426 -4.4 -11.970073509136851
      vertex -0.30479891111718543 -4.4 -12.00478735251882
      vertex 0.40181760398334426 -4.4 -11.970073509136851
    endloop
  endfacet
  facet normal 0 -1 0
    outer loop
      vertex -0.49496657366729757 -4.4 -11.926017327565773
      vertex -0.40181760398334426 -4.4 -11.970073509136851
      vertex 0.49496657366729757 -4.4 -11.926017327565773
    endloop
  endfacet
  facet normal 0 -1 0
    outer loop
      vertex -0.5833487446705823 -4.4 -11.873043092917673
      vertex -0.49496657366729757 -4.4 -11.926017327565773
      vertex 0.5833487446705823 -4.4 -11.873043092917673
    endloop
  endfacet
  facet normal 0 -1 0
    outer loop
      vertex -0.6661129483718278 -4.4 -11.811660976030874
      vertex -0.5833487446705823 -4.4 -11.873043092917673
      vertex 0.6661129483718278 -4.4 -11.811660976030874
    endloop
  endfacet
  facet normal 0 -1 0
    outer loop
      vertex -0.6661129483718278 -4.4 -11.811660976030874
      vertex 0.742462120245875 -4.4 -11.742462120245875
      vertex -0.742462120245875 -4.4 -11.742462120245875
    endloop
  endfacet
  facet normal 0 -1 0
    outer loop
      vertex -0.8116609760308738 -4.4 -11.666112948371827
      vertex -0.742462120245875 -4.4 -11.742462120245875
      vertex 0.8116609760308738 -4.4 -11.666112948371827
    endloop
  endfacet
  facet normal 0 -1 0
    outer loop
      vertex -0.8116609760308738 -4.4 -11.666112948371827
      vertex 0.8730430929176726 -4.4 -11.583348744670582
      vertex -0.8730430929176726 -4.4 -11.583348744670582
    endloop
  endfacet
  facet normal 0 -1 0
    outer loop
      vertex -0.20484483811693466 -4.4 -12.029824544423391
      vertex 0.30479891111718543 -4.4 -12.00478735251882
      vertex -0.30479891111718543 -4.4 -12.00478735251882
    endloop
  endfacet
  facet normal 0 -1 0
    outer loop
      vertex -0.20484483811693466 -4.4 -12.029824544423391
      vertex -0.10291799734603864 -4.4 -12.044943963005807
      vertex 0.20484483811693466 -4.4 -12.029824544423391
    endloop
  endfacet
  facet normal 0 -1 0
    outer loop
      vertex -0.10291799734603864 -4.4 -12.044943963005807
      vertex 0 -4.4 -12.05
      vertex 0.10291799734603864 -4.4 -12.044943963005807
    endloop
  endfacet
  facet normal 0 -1 0
    outer loop
      vertex -0.10291799734603864 -4.4 -12.044943963005807
      vertex 0.10291799734603864 -4.4 -12.044943963005807
      vertex 0.20484483811693466 -4.4 -12.029824544423391
    endloop
  endfacet
  facet normal 0 -1 0
    outer loop
      vertex -0.20484483811693466 -4.4 -12.029824544423391
      vertex 0.20484483811693466 -4.4 -12.029824544423391
      vertex 0.30479891111718543 -4.4 -12.00478735251882
    endloop
  endfacet
  facet normal 0 -1 0
    outer loop
      vertex -0.30479891111718543 -4.4 -12.00478735251882
      vertex 0.30479891111718543 -4.4 -12.00478735251882
      vertex 0.40181760398334426 -4.4 -11.970073509136851
    endloop
  endfacet
  facet normal 0 -1 0
    outer loop
      vertex -0.40181760398334426 -4.4 -11.970073509136851
      vertex 0.40181760398334426 -4.4 -11.970073509136851
      vertex 0.49496657366729757 -4.4 -11.926017327565773
    endloop
  endfacet
  facet normal 0 -1 0
    outer loop
      vertex -0.49496657366729757 -4.4 -11.926017327565773
      vertex 0.49496657366729757 -4.4 -11.926017327565773
      vertex 0.5833487446705823 -4.4 -11.873043092917673
    endloop
  endfacet
  facet normal 0 -1 0
    outer loop
      vertex -0.5833487446705823 -4.4 -11.873043092917673
      vertex 0.5833487446705823 -4.4 -11.873043092917673
      vertex 0.6661129483718278 -4.4 -11.811660976030874
    endloop
  endfacet
  facet normal 0 -1 0
    outer loop
      vertex -0.6661129483718278 -4.4 -11.811660976030874
      vertex 0.6661129483718278 -4.4 -11.811660976030874
      vertex 0.742462120245875 -4.4 -11.742462120245875
    endloop
  endfacet
  facet normal 0 -1 0
    outer loop
      vertex -0.742462120245875 -4.4 -11.742462120245875
      vertex 0.742462120245875 -4.4 -11.742462120245875
      vertex 0.8116609760308738 -4.4 -11.666112948371827
    endloop
  endfacet
  facet normal 0 -1 0
    outer loop
      vertex -0.8116609760308738 -4.4 -11.666112948371827
      vertex 0.8116609760308738 -4.4 -11.666112948371827
      vertex 0.8730430929176726 -4.4 -11.583348744670582
    endloop
  endfacet
  facet normal 0 -1 0
    outer loop
      vertex -0.8730430929176726 -4.4 -11.583348744670582
      vertex 0.8730430929176726 -4.4 -11.583348744670582
      vertex 0.9260173275657728 -4.4 -11.494966573667298
    endloop
  endfacet
  facet normal 0 -1 0
    outer loop
      vertex -1.0047873525188193 -4.4 -11.304798911117185
      vertex -0.9700735091368511 -4.4 -11.401817603983345
      vertex 1.0047873525188193 -4.4 -11.304798911117185
    endloop
  endfacet
  facet normal 0 -1 0
    outer loop
      vertex -1.0047873525188193 -4.4 -11.304798911117185
      vertex 1.029824544423392 -4.4 -11.204844838116935
      vertex -1.029824544423392 -4.4 -11.204844838116935
    endloop
  endfacet
  facet normal 0 -1 0
    outer loop
      vertex -1.029824544423392 -4.4 -11.204844838116935
      vertex 1.0449439630058068 -4.4 -11.102917997346038
      vertex -1.0449439630058068 -4.4 -11.102917997346038
    endloop
  endfacet
  facet normal 0 -1 0
    outer loop
      vertex -0.8730430929176726 -4.4 -11.583348744670582
      vertex 0.9260173275657728 -4.4 -11.494966573667298
      vertex -0.9260173275657728 -4.4 -11.494966573667298
    endloop
  endfacet
  facet normal 0 -1 0
    outer loop
      vertex -0.9260173275657728 -4.4 -11.494966573667298
      vertex 0.9700735091368511 -4.4 -11.401817603983345
      vertex -0.9700735091368511 -4.4 -11.401817603983345
    endloop
  endfacet
  facet normal 0 -1 0
    outer loop
      vertex -1.0449439630058068 -4.4 -11.102917997346038
      vertex 1.05 -4.4 -11
      vertex -1.05 -4.4 -11
    endloop
  endfacet
  facet normal 0 -1 0
    outer loop
      vertex -1.05 -4.4 -11
      vertex 1.0449439630058068 -4.4 -10.897082002653962
      vertex -1.0449439630058068 -4.4 -10.897082002653962
    endloop
  endfacet
  facet normal 0 -1 0
    outer loop
      vertex -1.0449439630058068 -4.4 -10.897082002653962
      vertex 1.029824544423392 -4.4 -10.795155161883065
      vertex -1.029824544423392 -4.4 -10.795155161883065
    endloop
  endfacet
  facet normal 0 -1 0
    outer loop
      vertex -1.029824544423392 -4.4 -10.795155161883065
      vertex 1.0047873525188193 -4.4 -10.695201088882815
      vertex -1.0047873525188193 -4.4 -10.695201088882815
    endloop
  endfacet
  facet normal 0 -1 0
    outer loop
      vertex -1.0047873525188193 -4.4 -10.695201088882815
      vertex 0.9700735091368511 -4.4 -10.598182396016655
      vertex -0.9700735091368511 -4.4 -10.598182396016655
    endloop
  endfacet
  facet normal 0 -1 0
    outer loop
      vertex -0.9700735091368511 -4.4 -10.598182396016655
      vertex 0.9260173275657728 -4.4 -10.505033426332702
      vertex -0.9260173275657728 -4.4 -10.505033426332702
    endloop
  endfacet
  facet normal 0 -1 0
    outer loop
      vertex -0.9260173275657728 -4.4 -10.505033426332702
      vertex 0.8730430929176726 -4.4 -10.416651255329418
      vertex -0.8730430929176726 -4.4 -10.416651255329418
    endloop
  endfacet
  facet normal 0 -1 0
    outer loop
      vertex -0.8730430929176726 -4.4 -10.416651255329418
      vertex 0.8116609760308738 -4.4 -10.333887051628173
      vertex -0.8116609760308738 -4.4 -10.333887051628173
    endloop
  endfacet
  facet normal 0 -1 0
    outer loop
      vertex -0.8116609760308738 -4.4 -10.333887051628173
      vertex 0.742462120245875 -4.4 -10.257537879754125
      vertex -0.742462120245875 -4.4 -10.257537879754125
    endloop
  endfacet
  facet normal 0 -1 0
    outer loop
      vertex -0.742462120245875 -4.4 -10.257537879754125
      vertex 0.6661129483718278 -4.4 -10.188339023969126
      vertex -0.6661129483718278 -4.4 -10.188339023969126
    endloop
  endfacet
  facet normal 0 -1 0
    outer loop
      vertex -0.6661129483718278 -4.4 -10.188339023969126
      vertex 0.5833487446705823 -4.4 -10.126956907082327
      vertex -0.5833487446705823 -4.4 -10.126956907082327
    endloop
  endfacet
  facet normal 0 -1 0
    outer loop
      vertex -0.5833487446705823 -4.4 -10.126956907082327
      vertex 0.49496657366729757 -4.4 -10.073982672434227
      vertex -0.49496657366729757 -4.4 -10.073982672434227
    endloop
  endfacet
  facet normal 0 -1 0
    outer loop
      vertex -0.49496657366729757 -4.4 -10.073982672434227
      vertex 0.40181760398334426 -4.4 -10.029926490863149
      vertex -0.40181760398334426 -4.4 -10.029926490863149
    endloop
  endfacet
  facet normal 0 -1 0
    outer loop
      vertex -0.40181760398334426 -4.4 -10.029926490863149
      vertex 0.30479891111718543 -4.4 -9.99521264748118
      vertex -0.30479891111718543 -4.4 -9.99521264748118
    endloop
  endfacet
  facet normal 0 -1 0
    outer loop
      vertex -0.30479891111718543 -4.4 -9.99521264748118
      vertex 0.20484483811693466 -4.4 -9.970175455576609
      vertex -0.20484483811693466 -4.4 -9.970175455576609
    endloop
  endfacet
  facet normal 0 -1 0
    outer loop
      vertex -0.9260173275657728 -4.4 -11.494966573667298
      vertex 0.9260173275657728 -4.4 -11.494966573667298
      vertex 0.9700735091368511 -4.4 -11.401817603983345
    endloop
  endfacet
  facet normal 0 -1 0
    outer loop
      vertex -0.9700735091368511 -4.4 -11.401817603983345
      vertex 0.9700735091368511 -4.4 -11.401817603983345
      vertex 1.0047873525188193 -4.4 -11.304798911117185
    endloop
  endfacet
  facet normal 0 -1 0
    outer loop
      vertex -1.0047873525188193 -4.4 -11.304798911117185
      vertex 1.0047873525188193 -4.4 -11.304798911117185
      vertex 1.029824544423392 -4.4 -11.204844838116935
    endloop
  endfacet
  facet normal 0 -1 0
    outer loop
      vertex -1.029824544423392 -4.4 -11.204844838116935
      vertex 1.029824544423392 -4.4 -11.204844838116935
      vertex 1.0449439630058068 -4.4 -11.102917997346038
    endloop
  endfacet
  facet normal 0 -1 0
    outer loop
      vertex -1.0449439630058068 -4.4 -11.102917997346038
      vertex 1.0449439630058068 -4.4 -11.102917997346038
      vertex 1.05 -4.4 -11
    endloop
  endfacet
  facet normal 0 -1 0
    outer loop
      vertex -1.05 -4.4 -11
      vertex 1.05 -4.4 -11
      vertex 1.0449439630058068 -4.4 -10.897082002653962
    endloop
  endfacet
  facet normal 0 -1 0
    outer loop
      vertex -1.0449439630058068 -4.4 -10.897082002653962
      vertex 1.0449439630058068 -4.4 -10.897082002653962
      vertex 1.029824544423392 -4.4 -10.795155161883065
    endloop
  endfacet
  facet normal 0 -1 0
    outer loop
      vertex -1.029824544423392 -4.4 -10.795155161883065
      vertex 1.029824544423392 -4.4 -10.795155161883065
      vertex 1.0047873525188193 -4.4 -10.695201088882815
    endloop
  endfacet
  facet normal 0 -1 0
    outer loop
      vertex -1.0047873525188193 -4.4 -10.695201088882815
      vertex 1.0047873525188193 -4.4 -10.695201088882815
      vertex 0.9700735091368511 -4.4 -10.598182396016655
    endloop
  endfacet
  facet normal 0 -1 0
    outer loop
      vertex -0.9700735091368511 -4.4 -10.598182396016655
      vertex 0.9700735091368511 -4.4 -10.598182396016655
      vertex 0.9260173275657728 -4.4 -10.505033426332702
    endloop
  endfacet
  facet normal 0 -1 0
    outer loop
      vertex -0.9260173275657728 -4.4 -10.505033426332702
      vertex 0.9260173275657728 -4.4 -10.505033426332702
      vertex 0.8730430929176726 -4.4 -10.416651255329418
    endloop
  endfacet
  facet normal 0 -1 0
    outer loop
      vertex -0.8730430929176726 -4.4 -10.416651255329418
      vertex 0.8730430929176726 -4.4 -10.416651255329418
      vertex 0.8116609760308738 -4.4 -10.333887051628173
    endloop
  endfacet
  facet normal 0 -1 0
    outer loop
      vertex -0.8116609760308738 -4.4 -10.333887051628173
      vertex 0.8116609760308738 -4.4 -10.333887051628173
      vertex 0.742462120245875 -4.4 -10.257537879754125
    endloop
  endfacet
  facet normal 0 -1 0
    outer loop
      vertex -0.6661129483718278 -4.4 -10.188339023969126
      vertex 0.6661129483718278 -4.4 -10.188339023969126
      vertex 0.5833487446705823 -4.4 -10.126956907082327
    endloop
  endfacet
  facet normal 0 -1 0
    outer loop
      vertex -0.742462120245875 -4.4 -10.257537879754125
      vertex 0.742462120245875 -4.4 -10.257537879754125
      vertex 0.6661129483718278 -4.4 -10.188339023969126
    endloop
  endfacet
  facet normal 0 -1 0
    outer loop
      vertex -0.20484483811693466 -4.4 -9.970175455576609
      vertex 0.10291799734603864 -4.4 -9.955056036994193
      vertex -0.10291799734603864 -4.4 -9.955056036994193
    endloop
  endfacet
  facet normal 0 -1 0
    outer loop
      vertex -0.10291799734603864 -4.4 -9.955056036994193
      vertex 0.10291799734603864 -4.4 -9.955056036994193
      vertex 0 -4.4 -9.95
    endloop
  endfacet
  facet normal 0 -1 0
    outer loop
      vertex -0.49496657366729757 -4.4 -10.073982672434227
      vertex 0.49496657366729757 -4.4 -10.073982672434227
      vertex 0.40181760398334426 -4.4 -10.029926490863149
    endloop
  endfacet
  facet normal 0 -1 0
    outer loop
      vertex -0.30479891111718543 -4.4 -9.99521264748118
      vertex 0.30479891111718543 -4.4 -9.99521264748118
      vertex 0.20484483811693466 -4.4 -9.970175455576609
    endloop
  endfacet
  facet normal 0 -1 0
    outer loop
      vertex -0.20484483811693466 -4.4 -9.970175455576609
      vertex 0.20484483811693466 -4.4 -9.970175455576609
      vertex 0.10291799734603864 -4.4 -9.955056036994193
    endloop
  endfacet
  facet normal 0 -1 0
    outer loop
      vertex -0.40181760398334426 -4.4 -10.029926490863149
      vertex 0.40181760398334426 -4.4 -10.029926490863149
      vertex 0.30479891111718543 -4.4 -9.99521264748118
    endloop
  endfacet
  facet normal 0 -1 0
    outer loop
      vertex -0.5833487446705823 -4.4 -10.126956907082327
      vertex 0.5833487446705823 -4.4 -10.126956907082327
      vertex 0.49496657366729757 -4.4 -10.073982672434227
    endloop
  endfacet
  facet normal -0.803207531480644 0 -0.5956993044924344
    outer loop
      vertex -0.8116609760308738 -4.4 -11.666112948371827
      vertex -0.8730430929176726 -4.4 -11.583348744670582
      vertex -0.8730430929176726 -2.4 -11.583348744670582
    endloop
  endfacet
  facet normal -0.6715589548470159 0 -0.7409511253549614
    outer loop
      vertex -0.6661129483718278 -4.4 -11.811660976030874
      vertex -0.742462120245875 -4.4 -11.742462120245875
      vertex -0.6661129483718278 -2.4 -11.811660976030874
    endloop
  endfacet
  facet normal -0.5956993044924348 0 -0.8032075314806438
    outer loop
      vertex -0.6661129483718278 -4.4 -11.811660976030874
      vertex -0.5833487446705823 -2.4 -11.873043092917673
      vertex -0.5833487446705823 -4.4 -11.873043092917673
    endloop
  endfacet
  facet normal -0.7409511253549627 0 -0.6715589548470143
    outer loop
      vertex -0.8116609760308738 -4.4 -11.666112948371827
      vertex -0.8116609760308738 -2.4 -11.666112948371827
      vertex -0.742462120245875 -4.4 -11.742462120245875
    endloop
  endfacet
  facet normal -0.2429801799032537 0 -0.9700312531945465
    outer loop
      vertex -0.20484483811693466 -4.4 -12.029824544423391
      vertex -0.30479891111718543 -4.4 -12.00478735251882
      vertex -0.20484483811693466 -2.4 -12.029824544423391
    endloop
  endfacet
  facet normal -0.14673047445536672 0 -0.9891765099647802
    outer loop
      vertex -0.20484483811693466 -4.4 -12.029824544423391
      vertex -0.10291799734603864 -2.4 -12.044943963005807
      vertex -0.10291799734603864 -4.4 -12.044943963005807
    endloop
  endfacet
  facet normal -0.5141027441932259 0 -0.8577286100002697
    outer loop
      vertex -0.5833487446705823 -4.4 -11.873043092917673
      vertex -0.49496657366729757 -2.4 -11.926017327565773
      vertex -0.49496657366729757 -4.4 -11.926017327565773
    endloop
  endfacet
  facet normal -0.4275550934302763 0 -0.9039892931234461
    outer loop
      vertex -0.49496657366729757 -4.4 -11.926017327565773
      vertex -0.40181760398334426 -2.4 -11.970073509136851
      vertex -0.40181760398334426 -4.4 -11.970073509136851
    endloop
  endfacet
  facet normal -0.33688985339222405 0 -0.9415440651830194
    outer loop
      vertex -0.40181760398334426 -4.4 -11.970073509136851
      vertex -0.30479891111718543 -2.4 -12.00478735251882
      vertex -0.30479891111718543 -4.4 -12.00478735251882
    endloop
  endfacet
  facet normal -0.049067674327426064 0 -0.998795456205172
    outer loop
      vertex -0.10291799734603864 -4.4 -12.044943963005807
      vertex 0 -2.4 -12.05
      vertex 0 -4.4 -12.05
    endloop
  endfacet
  facet normal 0.049067674327426064 0 -0.998795456205172
    outer loop
      vertex 0 -4.4 -12.05
      vertex 0.10291799734603864 -2.4 -12.044943963005807
      vertex 0.10291799734603864 -4.4 -12.044943963005807
    endloop
  endfacet
  facet normal 0.14673047445536672 0 -0.9891765099647802
    outer loop
      vertex 0.10291799734603864 -4.4 -12.044943963005807
      vertex 0.20484483811693466 -2.4 -12.029824544423391
      vertex 0.20484483811693466 -4.4 -12.029824544423391
    endloop
  endfacet
  facet normal 0.2429801799032537 0 -0.9700312531945465
    outer loop
      vertex 0.20484483811693466 -4.4 -12.029824544423391
      vertex 0.30479891111718543 -2.4 -12.00478735251882
      vertex 0.30479891111718543 -4.4 -12.00478735251882
    endloop
  endfacet
  facet normal 0.33688985339222405 0 -0.9415440651830194
    outer loop
      vertex 0.30479891111718543 -4.4 -12.00478735251882
      vertex 0.40181760398334426 -2.4 -11.970073509136851
      vertex 0.40181760398334426 -4.4 -11.970073509136851
    endloop
  endfacet
  facet normal 0.4275550934302763 0 -0.9039892931234461
    outer loop
      vertex 0.40181760398334426 -4.4 -11.970073509136851
      vertex 0.49496657366729757 -2.4 -11.926017327565773
      vertex 0.49496657366729757 -4.4 -11.926017327565773
    endloop
  endfacet
  facet normal 0.5141027441932259 0 -0.8577286100002697
    outer loop
      vertex 0.49496657366729757 -4.4 -11.926017327565773
      vertex 0.5833487446705823 -2.4 -11.873043092917673
      vertex 0.5833487446705823 -4.4 -11.873043092917673
    endloop
  endfacet
  facet normal 0.5956993044924348 0 -0.8032075314806438
    outer loop
      vertex 0.5833487446705823 -4.4 -11.873043092917673
      vertex 0.6661129483718278 -2.4 -11.811660976030874
      vertex 0.6661129483718278 -4.4 -11.811660976030874
    endloop
  endfacet
  facet normal 0.6715589548470159 0 -0.7409511253549614
    outer loop
      vertex 0.6661129483718278 -4.4 -11.811660976030874
      vertex 0.742462120245875 -2.4 -11.742462120245875
      vertex 0.742462120245875 -4.4 -11.742462120245875
    endloop
  endfacet
  facet normal 0.7409511253549627 0 -0.6715589548470143
    outer loop
      vertex 0.742462120245875 -4.4 -11.742462120245875
      vertex 0.742462120245875 -2.4 -11.742462120245875
      vertex 0.8116609760308738 -4.4 -11.666112948371827
    endloop
  endfacet
  facet normal 0.803207531480644 0 -0.5956993044924344
    outer loop
      vertex 0.8116609760308738 -4.4 -11.666112948371827
      vertex 0.8116609760308738 -2.4 -11.666112948371827
      vertex 0.8730430929176726 -4.4 -11.583348744670582
    endloop
  endfacet
  facet normal -0.9039892931234444 0 -0.42755509343027975
    outer loop
      vertex -0.9260173275657728 -4.4 -11.494966573667298
      vertex -0.9700735091368511 -4.4 -11.401817603983345
      vertex -0.9700735091368511 -2.4 -11.401817603983345
    endloop
  endfacet
  facet normal -0.9415440651830214 0 -0.3368898533922185
    outer loop
      vertex -1.0047873525188193 -4.4 -11.304798911117185
      vertex -1.0047873525188193 -2.4 -11.304798911117185
      vertex -0.9700735091368511 -4.4 -11.401817603983345
    endloop
  endfacet
  facet normal -0.8577286100002693 0 -0.5141027441932261
    outer loop
      vertex -0.8730430929176726 -4.4 -11.583348744670582
      vertex -0.9260173275657728 -4.4 -11.494966573667298
      vertex -0.9260173275657728 -2.4 -11.494966573667298
    endloop
  endfacet
  facet normal -0.9700312531945435 0 -0.24298017990326629
    outer loop
      vertex -1.0047873525188193 -4.4 -11.304798911117185
      vertex -1.029824544423392 -4.4 -11.204844838116935
      vertex -1.029824544423392 -2.4 -11.204844838116935
    endloop
  endfacet
  facet normal -0.9700312531945435 0 0.24298017990326629
    outer loop
      vertex -1.029824544423392 -4.4 -10.795155161883065
      vertex -1.0047873525188193 -4.4 -10.695201088882815
      vertex -1.0047873525188193 -2.4 -10.695201088882815
    endloop
  endfacet
  facet normal -0.9415440651830214 0 0.3368898533922185
    outer loop
      vertex -1.0047873525188193 -4.4 -10.695201088882815
      vertex -0.9700735091368511 -4.4 -10.598182396016655
      vertex -0.9700735091368511 -2.4 -10.598182396016655
    endloop
  endfacet
  facet normal -0.9039892931234444 0 0.42755509343027975
    outer loop
      vertex -0.9700735091368511 -4.4 -10.598182396016655
      vertex -0.9260173275657728 -4.4 -10.505033426332702
      vertex -0.9260173275657728 -2.4 -10.505033426332702
    endloop
  endfacet
  facet normal -0.8577286100002693 0 0.5141027441932261
    outer loop
      vertex -0.9260173275657728 -4.4 -10.505033426332702
      vertex -0.8730430929176726 -4.4 -10.416651255329418
      vertex -0.8730430929176726 -2.4 -10.416651255329418
    endloop
  endfacet
  facet normal -0.803207531480644 0 0.5956993044924344
    outer loop
      vertex -0.8730430929176726 -4.4 -10.416651255329418
      vertex -0.8116609760308738 -4.4 -10.333887051628173
      vertex -0.8116609760308738 -2.4 -10.333887051628173
    endloop
  endfacet
  facet normal -0.7409511253549627 0 0.6715589548470143
    outer loop
      vertex -0.8116609760308738 -4.4 -10.333887051628173
      vertex -0.742462120245875 -4.4 -10.257537879754125
      vertex -0.742462120245875 -2.4 -10.257537879754125
    endloop
  endfacet
  facet normal -0.6715589548470159 0 0.7409511253549614
    outer loop
      vertex -0.742462120245875 -4.4 -10.257537879754125
      vertex -0.6661129483718278 -4.4 -10.188339023969126
      vertex -0.742462120245875 -2.4 -10.257537879754125
    endloop
  endfacet
  facet normal -0.5956993044924348 0 0.8032075314806438
    outer loop
      vertex -0.6661129483718278 -4.4 -10.188339023969126
      vertex -0.5833487446705823 -4.4 -10.126956907082327
      vertex -0.6661129483718278 -2.4 -10.188339023969126
    endloop
  endfacet
  facet normal -0.5141027441932259 0 0.8577286100002697
    outer loop
      vertex -0.5833487446705823 -4.4 -10.126956907082327
      vertex -0.49496657366729757 -4.4 -10.073982672434227
      vertex -0.5833487446705823 -2.4 -10.126956907082327
    endloop
  endfacet
  facet normal -0.4275550934302763 0 0.9039892931234461
    outer loop
      vertex -0.49496657366729757 -4.4 -10.073982672434227
      vertex -0.40181760398334426 -4.4 -10.029926490863149
      vertex -0.49496657366729757 -2.4 -10.073982672434227
    endloop
  endfacet
  facet normal -0.33688985339222405 0 0.9415440651830194
    outer loop
      vertex -0.40181760398334426 -4.4 -10.029926490863149
      vertex -0.30479891111718543 -4.4 -9.99521264748118
      vertex -0.40181760398334426 -2.4 -10.029926490863149
    endloop
  endfacet
  facet normal -0.2429801799032537 0 0.9700312531945465
    outer loop
      vertex -0.30479891111718543 -4.4 -9.99521264748118
      vertex -0.20484483811693466 -4.4 -9.970175455576609
      vertex -0.30479891111718543 -2.4 -9.99521264748118
    endloop
  endfacet
  facet normal -0.14673047445536672 0 0.9891765099647802
    outer loop
      vertex -0.20484483811693466 -4.4 -9.970175455576609
      vertex -0.10291799734603864 -4.4 -9.955056036994193
      vertex -0.20484483811693466 -2.4 -9.970175455576609
    endloop
  endfacet
  facet normal -0.049067674327426064 0 0.998795456205172
    outer loop
      vertex -0.10291799734603864 -4.4 -9.955056036994193
      vertex 0 -4.4 -9.95
      vertex -0.10291799734603864 -2.4 -9.955056036994193
    endloop
  endfacet
  facet normal 0.049067674327426064 0 0.998795456205172
    outer loop
      vertex 0 -4.4 -9.95
      vertex 0.10291799734603864 -4.4 -9.955056036994193
      vertex 0 -2.4 -9.95
    endloop
  endfacet
  facet normal 0.14673047445536672 0 0.9891765099647802
    outer loop
      vertex 0.10291799734603864 -4.4 -9.955056036994193
      vertex 0.20484483811693466 -4.4 -9.970175455576609
      vertex 0.10291799734603864 -2.4 -9.955056036994193
    endloop
  endfacet
  facet normal 0.2429801799032537 0 0.9700312531945465
    outer loop
      vertex 0.20484483811693466 -4.4 -9.970175455576609
      vertex 0.30479891111718543 -4.4 -9.99521264748118
      vertex 0.20484483811693466 -2.4 -9.970175455576609
    endloop
  endfacet
  facet normal 0.33688985339222405 0 0.9415440651830194
    outer loop
      vertex 0.30479891111718543 -4.4 -9.99521264748118
      vertex 0.40181760398334426 -4.4 -10.029926490863149
      vertex 0.30479891111718543 -2.4 -9.99521264748118
    endloop
  endfacet
  facet normal 0.803207531480644 0 0.5956993044924344
    outer loop
      vertex 0.8116609760308738 -4.4 -10.333887051628173
      vertex 0.8730430929176726 -4.4 -10.416651255329418
      vertex 0.8730430929176726 -2.4 -10.416651255329418
    endloop
  endfacet
  facet normal 0.6715589548470159 0 0.7409511253549614
    outer loop
      vertex 0.6661129483718278 -4.4 -10.188339023969126
      vertex 0.742462120245875 -4.4 -10.257537879754125
      vertex 0.6661129483718278 -2.4 -10.188339023969126
    endloop
  endfacet
  facet normal 0.7409511253549627 0 0.6715589548470143
    outer loop
      vertex 0.8116609760308738 -4.4 -10.333887051628173
      vertex 0.8116609760308738 -2.4 -10.333887051628173
      vertex 0.742462120245875 -4.4 -10.257537879754125
    endloop
  endfacet
  facet normal 0.4275550934302763 0 0.9039892931234461
    outer loop
      vertex 0.49496657366729757 -4.4 -10.073982672434227
      vertex 0.40181760398334426 -2.4 -10.029926490863149
      vertex 0.40181760398334426 -4.4 -10.029926490863149
    endloop
  endfacet
  facet normal 0.5141027441932259 0 0.8577286100002697
    outer loop
      vertex 0.49496657366729757 -4.4 -10.073982672434227
      vertex 0.5833487446705823 -4.4 -10.126956907082327
      vertex 0.49496657366729757 -2.4 -10.073982672434227
    endloop
  endfacet
  facet normal 0.5956993044924348 0 0.8032075314806438
    outer loop
      vertex 0.6661129483718278 -4.4 -10.188339023969126
      vertex 0.5833487446705823 -2.4 -10.126956907082327
      vertex 0.5833487446705823 -4.4 -10.126956907082327
    endloop
  endfacet
  facet normal 0.8577286100002693 0 -0.5141027441932261
    outer loop
      vertex 0.8730430929176726 -4.4 -11.583348744670582
      vertex 0.8730430929176726 -2.4 -11.583348744670582
      vertex 0.9260173275657728 -4.4 -11.494966573667298
    endloop
  endfacet
  facet normal 0.9039892931234444 0 -0.42755509343027975
    outer loop
      vertex 0.9260173275657728 -4.4 -11.494966573667298
      vertex 0.9260173275657728 -2.4 -11.494966573667298
      vertex 0.9700735091368511 -4.4 -11.401817603983345
    endloop
  endfacet
  facet normal 0.9415440651830214 0 -0.3368898533922185
    outer loop
      vertex 0.9700735091368511 -4.4 -11.401817603983345
      vertex 0.9700735091368511 -2.4 -11.401817603983345
      vertex 1.0047873525188193 -4.4 -11.304798911117185
    endloop
  endfacet
  facet normal 0.9700312531945435 0 -0.24298017990326629
    outer loop
      vertex 1.0047873525188193 -4.4 -11.304798911117185
      vertex 1.0047873525188193 -2.4 -11.304798911117185
      vertex 1.029824544423392 -4.4 -11.204844838116935
    endloop
  endfacet
  facet normal 0.9891765099647811 0 -0.146730474455361
    outer loop
      vertex 1.029824544423392 -4.4 -11.204844838116935
      vertex 1.029824544423392 -2.4 -11.204844838116935
      vertex 1.0449439630058068 -4.4 -11.102917997346038
    endloop
  endfacet
  facet normal 0.9987954562051724 0 -0.049067674327417606
    outer loop
      vertex 1.0449439630058068 -4.4 -11.102917997346038
      vertex 1.0449439630058068 -2.4 -11.102917997346038
      vertex 1.05 -4.4 -11
    endloop
  endfacet
  facet normal 0.9987954562051724 0 0.049067674327417606
    outer loop
      vertex 1.05 -4.4 -11
      vertex 1.05 -2.4 -11
      vertex 1.0449439630058068 -4.4 -10.897082002653962
    endloop
  endfacet
  facet normal 0.9891765099647811 0 0.146730474455361
    outer loop
      vertex 1.0449439630058068 -4.4 -10.897082002653962
      vertex 1.0449439630058068 -2.4 -10.897082002653962
      vertex 1.029824544423392 -4.4 -10.795155161883065
    endloop
  endfacet
  facet normal 0.9700312531945435 0 0.24298017990326629
    outer loop
      vertex 1.029824544423392 -4.4 -10.795155161883065
      vertex 1.029824544423392 -2.4 -10.795155161883065
      vertex 1.0047873525188193 -4.4 -10.695201088882815
    endloop
  endfacet
  facet normal 0.9415440651830214 0 0.3368898533922185
    outer loop
      vertex 1.0047873525188193 -4.4 -10.695201088882815
      vertex 1.0047873525188193 -2.4 -10.695201088882815
      vertex 0.9700735091368511 -4.4 -10.598182396016655
    endloop
  endfacet
  facet normal 0.9039892931234444 0 0.42755509343027975
    outer loop
      vertex 0.9700735091368511 -4.4 -10.598182396016655
      vertex 0.9700735091368511 -2.4 -10.598182396016655
      vertex 0.9260173275657728 -4.4 -10.505033426332702
    endloop
  endfacet
  facet normal 0.8577286100002693 0 0.5141027441932261
    outer loop
      vertex 0.9260173275657728 -4.4 -10.505033426332702
      vertex 0.9260173275657728 -2.4 -10.505033426332702
      vertex 0.8730430929176726 -4.4 -10.416651255329418
    endloop
  endfacet
  facet normal 0 -1 0
    outer loop
      vertex -3.633149130804864 -2.4 -13.981648435569134
      vertex -3.323401871576774 -2.4 -14.323401871576774
      vertex 3.633149130804864 -2.4 -13.981648435569134
    endloop
  endfacet
  facet normal 0 -1 0
    outer loop
      vertex -3.9079071778219627 -2.4 -13.61118009519213
      vertex -3.633149130804864 -2.4 -13.981648435569134
      vertex 3.9079071778219627 -2.4 -13.61118009519213
    endloop
  endfacet
  facet normal 0 -1 0
    outer loop
      vertex -4.609690817895183 -2.4 -11.916924513475802
      vertex -0.9700735091368511 -2.4 -11.401817603983345
      vertex -4.6773682153593255 -2.4 -11.460680559548935
    endloop
  endfacet
  facet normal 0 -1 0
    outer loop
      vertex -4.497619577941381 -2.4 -12.364337983095973
      vertex -0.5833487446705823 -2.4 -11.873043092917673
      vertex -4.609690817895183 -2.4 -11.916924513475802
    endloop
  endfacet
  facet normal 0 -1 0
    outer loop
      vertex -4.6773682153593255 -2.4 -11.460680559548935
      vertex -1.0449439630058068 -2.4 -11.102917997346038
      vertex -4.7 -2.4 -11
    endloop
  endfacet
  facet normal 0 -1 0
    outer loop
      vertex -4.7 -2.4 -11
      vertex -1.029824544423392 -2.4 -10.795155161883065
      vertex -4.6773682153593255 -2.4 -10.539319440451065
    endloop
  endfacet
  facet normal 0 -1 0
    outer loop
      vertex -4.6773682153593255 -2.4 -10.539319440451065
      vertex -0.8116609760308738 -2.4 -10.333887051628173
      vertex -4.609690817895183 -2.4 -10.083075486524198
    endloop
  endfacet
  facet normal -0.9891765099647811 0 -0.146730474455361
    outer loop
      vertex -1.029824544423392 -4.4 -11.204844838116935
      vertex -1.0449439630058068 -2.4 -11.102917997346038
      vertex -1.029824544423392 -2.4 -11.204844838116935
    endloop
  endfacet
  facet normal -0.9987954562051724 0 -0.049067674327417606
    outer loop
      vertex -1.0449439630058068 -4.4 -11.102917997346038
      vertex -1.05 -2.4 -11
      vertex -1.0449439630058068 -2.4 -11.102917997346038
    endloop
  endfacet
  facet normal -0.9987954562051724 0 0.049067674327417606
    outer loop
      vertex -1.05 -4.4 -11
      vertex -1.0449439630058068 -2.4 -10.897082002653962
      vertex -1.05 -2.4 -11
    endloop
  endfacet
  facet normal -0.9891765099647811 0 0.146730474455361
    outer loop
      vertex -1.0449439630058068 -4.4 -10.897082002653962
      vertex -1.029824544423392 -2.4 -10.795155161883065
      vertex -1.0449439630058068 -2.4 -10.897082002653962
    endloop
  endfacet
  facet normal 0 -1 0
    outer loop
      vertex -4.609690817895183 -2.4 -11.916924513475802
      vertex -0.6661129483718278 -2.4 -11.811660976030874
      vertex -0.742462120245875 -2.4 -11.742462120245875
    endloop
  endfacet
  facet normal 0 -1 0
    outer loop
      vertex -4.609690817895183 -2.4 -11.916924513475802
      vertex -0.8116609760308738 -2.4 -11.666112948371827
      vertex -0.8730430929176726 -2.4 -11.583348744670582
    endloop
  endfacet
  facet normal 0 -1 0
    outer loop
      vertex -4.609690817895183 -2.4 -11.916924513475802
      vertex -0.8730430929176726 -2.4 -11.583348744670582
      vertex -0.9260173275657728 -2.4 -11.494966573667298
    endloop
  endfacet
  facet normal 0 -1 0
    outer loop
      vertex -4.609690817895183 -2.4 -11.916924513475802
      vertex -0.9260173275657728 -2.4 -11.494966573667298
      vertex -0.9700735091368511 -2.4 -11.401817603983345
    endloop
  endfacet
  facet normal 0 -1 0
    outer loop
      vertex -4.609690817895183 -2.4 -11.916924513475802
      vertex -0.742462120245875 -2.4 -11.742462120245875
      vertex -0.8116609760308738 -2.4 -11.666112948371827
    endloop
  endfacet
  facet normal 0 -1 0
    outer loop
      vertex -3.9079071778219627 -2.4 -13.61118009519213
      vertex 4.145029942437269 -2.4 -13.215564663082189
      vertex -4.145029942437269 -2.4 -13.215564663082189
    endloop
  endfacet
  facet normal 0 -1 0
    outer loop
      vertex -4.342233802803048 -2.4 -12.798612132115922
      vertex -4.145029942437269 -2.4 -13.215564663082189
      vertex 4.342233802803048 -2.4 -12.798612132115922
    endloop
  endfacet
  facet normal 0 -1 0
    outer loop
      vertex -4.342233802803048 -2.4 -12.798612132115922
      vertex 4.497619577941381 -2.4 -12.364337983095973
      vertex -4.497619577941381 -2.4 -12.364337983095973
    endloop
  endfacet
  facet normal 0 -1 0
    outer loop
      vertex -4.497619577941381 -2.4 -12.364337983095973
      vertex -0.49496657366729757 -2.4 -11.926017327565773
      vertex -0.5833487446705823 -2.4 -11.873043092917673
    endloop
  endfacet
  facet normal 0 -1 0
    outer loop
      vertex -4.497619577941381 -2.4 -12.364337983095973
      vertex -0.40181760398334426 -2.4 -11.970073509136851
      vertex -0.49496657366729757 -2.4 -11.926017327565773
    endloop
  endfacet
  facet normal 0 -1 0
    outer loop
      vertex -4.497619577941381 -2.4 -12.364337983095973
      vertex -0.20484483811693466 -2.4 -12.029824544423391
      vertex -0.30479891111718543 -2.4 -12.00478735251882
    endloop
  endfacet
  facet normal 0 -1 0
    outer loop
      vertex -4.497619577941381 -2.4 -12.364337983095973
      vertex -0.30479891111718543 -2.4 -12.00478735251882
      vertex -0.40181760398334426 -2.4 -11.970073509136851
    endloop
  endfacet
  facet normal 0 -1 0
    outer loop
      vertex -4.497619577941381 -2.4 -12.364337983095973
      vertex -0.10291799734603864 -2.4 -12.044943963005807
      vertex -0.20484483811693466 -2.4 -12.029824544423391
    endloop
  endfacet
  facet normal 0 -1 0
    outer loop
      vertex -4.497619577941381 -2.4 -12.364337983095973
      vertex 0 -2.4 -12.05
      vertex -0.10291799734603864 -2.4 -12.044943963005807
    endloop
  endfacet
  facet normal 0 -1 0
    outer loop
      vertex -4.609690817895183 -2.4 -11.916924513475802
      vertex -0.5833487446705823 -2.4 -11.873043092917673
      vertex -0.6661129483718278 -2.4 -11.811660976030874
    endloop
  endfacet
  facet normal 0 -1 0
    outer loop
      vertex -4.6773682153593255 -2.4 -11.460680559548935
      vertex -0.9700735091368511 -2.4 -11.401817603983345
      vertex -1.0047873525188193 -2.4 -11.304798911117185
    endloop
  endfacet
  facet normal 0 -1 0
    outer loop
      vertex -4.6773682153593255 -2.4 -11.460680559548935
      vertex -1.0047873525188193 -2.4 -11.304798911117185
      vertex -1.029824544423392 -2.4 -11.204844838116935
    endloop
  endfacet
  facet normal 0 -1 0
    outer loop
      vertex -4.6773682153593255 -2.4 -11.460680559548935
      vertex -1.029824544423392 -2.4 -11.204844838116935
      vertex -1.0449439630058068 -2.4 -11.102917997346038
    endloop
  endfacet
  facet normal 0 -1 0
    outer loop
      vertex -4.7 -2.4 -11
      vertex -1.0449439630058068 -2.4 -11.102917997346038
      vertex -1.05 -2.4 -11
    endloop
  endfacet
  facet normal 0 -1 0
    outer loop
      vertex -4.7 -2.4 -11
      vertex -1.05 -2.4 -11
      vertex -1.0449439630058068 -2.4 -10.897082002653962
    endloop
  endfacet
  facet normal 0 -1 0
    outer loop
      vertex -4.7 -2.4 -11
      vertex -1.0449439630058068 -2.4 -10.897082002653962
      vertex -1.029824544423392 -2.4 -10.795155161883065
    endloop
  endfacet
  facet normal 0 -1 0
    outer loop
      vertex -4.6773682153593255 -2.4 -10.539319440451065
      vertex -1.029824544423392 -2.4 -10.795155161883065
      vertex -1.0047873525188193 -2.4 -10.695201088882815
    endloop
  endfacet
  facet normal 0 -1 0
    outer loop
      vertex -4.6773682153593255 -2.4 -10.539319440451065
      vertex -1.0047873525188193 -2.4 -10.695201088882815
      vertex -0.9700735091368511 -2.4 -10.598182396016655
    endloop
  endfacet
  facet normal 0 -1 0
    outer loop
      vertex -4.6773682153593255 -2.4 -10.539319440451065
      vertex -0.9700735091368511 -2.4 -10.598182396016655
      vertex -0.9260173275657728 -2.4 -10.505033426332702
    endloop
  endfacet
  facet normal 0 -1 0
    outer loop
      vertex -4.6773682153593255 -2.4 -10.539319440451065
      vertex -0.9260173275657728 -2.4 -10.505033426332702
      vertex -0.8730430929176726 -2.4 -10.416651255329418
    endloop
  endfacet
  facet normal 0 -1 0
    outer loop
      vertex -4.6773682153593255 -2.4 -10.539319440451065
      vertex -0.8730430929176726 -2.4 -10.416651255329418
      vertex -0.8116609760308738 -2.4 -10.333887051628173
    endloop
  endfacet
  facet normal 0 -1 0
    outer loop
      vertex -4.609690817895183 -2.4 -10.083075486524198
      vertex -0.8116609760308738 -2.4 -10.333887051628173
      vertex -0.742462120245875 -2.4 -10.257537879754125
    endloop
  endfacet
  facet normal 0 -1 0
    outer loop
      vertex -4.609690817895183 -2.4 -10.083075486524198
      vertex -0.742462120245875 -2.4 -10.257537879754125
      vertex -0.6661129483718278 -2.4 -10.188339023969126
    endloop
  endfacet
  facet normal 0 -1 0
    outer loop
      vertex -4.609690817895183 -2.4 -10.083075486524198
      vertex -0.6661129483718278 -2.4 -10.188339023969126
      vertex -0.5833487446705823 -2.4 -10.126956907082327
    endloop
  endfacet
  facet normal 0 -1 0
    outer loop
      vertex -4.609690817895183 -2.4 -10.083075486524198
      vertex -0.5833487446705823 -2.4 -10.126956907082327
      vertex -0.49496657366729757 -2.4 -10.073982672434227
    endloop
  endfacet
  facet normal 0 -1 0
    outer loop
      vertex -4.609690817895183 -2.4 -10.083075486524198
      vertex -0.49496657366729757 -2.4 -10.073982672434227
      vertex -0.40181760398334426 -2.4 -10.029926490863149
    endloop
  endfacet
  facet normal 0 -1 0
    outer loop
      vertex -4.609690817895183 -2.4 -10.083075486524198
      vertex -0.40181760398334426 -2.4 -10.029926490863149
      vertex -0.30479891111718543 -2.4 -9.99521264748118
    endloop
  endfacet
  facet normal 0 -1 0
    outer loop
      vertex -4.609690817895183 -2.4 -10.083075486524198
      vertex -0.30479891111718543 -2.4 -9.99521264748118
      vertex -0.20484483811693466 -2.4 -9.970175455576609
    endloop
  endfacet
  facet normal 0 -1 0
    outer loop
      vertex -4.609690817895183 -2.4 -10.083075486524198
      vertex -0.20484483811693466 -2.4 -9.970175455576609
      vertex -0.10291799734603864 -2.4 -9.955056036994193
    endloop
  endfacet
  facet normal 0 -1 0
    outer loop
      vertex -4.609690817895183 -2.4 -10.083075486524198
      vertex -0.10291799734603864 -2.4 -9.955056036994193
      vertex 0 -2.4 -9.95
    endloop
  endfacet
  facet normal 0 -1 0
    outer loop
      vertex -4.609690817895183 -2.4 -10.083075486524198
      vertex 4.497619577941381 -2.4 -9.635662016904027
      vertex -4.497619577941381 -2.4 -9.635662016904027
    endloop
  endfacet
  facet normal -0.6715589548470168 0 -0.7409511253549604
    outer loop
      vertex -2.981648435569134 -2.4 -14.633149130804863
      vertex -3.323401871576774 -2.4 -14.323401871576774
      vertex -2.981648435569134 0 -14.633149130804863
    endloop
  endfacet
  facet normal -0.7409511253549595 0 -0.6715589548470179
    outer loop
      vertex -3.633149130804864 -2.4 -13.981648435569134
      vertex -3.633149130804864 0 -13.981648435569134
      vertex -3.323401871576774 -2.4 -14.323401871576774
    endloop
  endfacet
  facet normal -0.803207531480645 0 -0.595699304492433
    outer loop
      vertex -3.9079071778219627 -2.4 -13.61118009519213
      vertex -3.9079071778219627 0 -13.61118009519213
      vertex -3.633149130804864 -2.4 -13.981648435569134
    endloop
  endfacet
  facet normal -0.42755509343028153 0 -0.9039892931234436
    outer loop
      vertex -1.798612132115922 -2.4 -15.342233802803047
      vertex -2.215564663082189 -2.4 -15.145029942437269
      vertex -1.798612132115922 0 -15.342233802803047
    endloop
  endfacet
  facet normal -0.33688985339222144 0 -0.9415440651830203
    outer loop
      vertex -1.798612132115922 -2.4 -15.342233802803047
      vertex -1.364337983095973 0 -15.497619577941382
      vertex -1.364337983095973 -2.4 -15.497619577941382
    endloop
  endfacet
  facet normal -0.24298017990326326 0 -0.9700312531945442
    outer loop
      vertex -1.364337983095973 -2.4 -15.497619577941382
      vertex -0.9169245134758028 0 -15.609690817895183
      vertex -0.9169245134758028 -2.4 -15.609690817895183
    endloop
  endfacet
  facet normal -0.5956993044924342 0 -0.8032075314806442
    outer loop
      vertex -2.981648435569134 -2.4 -14.633149130804863
      vertex -2.6111800951921302 0 -14.907907177821963
      vertex -2.6111800951921302 -2.4 -14.907907177821963
    endloop
  endfacet
  facet normal -0.514102744193221 0 -0.8577286100002723
    outer loop
      vertex -2.6111800951921302 -2.4 -14.907907177821963
      vertex -2.215564663082189 0 -15.145029942437269
      vertex -2.215564663082189 -2.4 -15.145029942437269
    endloop
  endfacet
  facet normal -0.9415440651830214 0 -0.3368898533922183
    outer loop
      vertex -4.342233802803048 -2.4 -12.798612132115922
      vertex -4.497619577941381 -2.4 -12.364337983095973
      vertex -4.497619577941381 0 -12.364337983095973
    endloop
  endfacet
  facet normal -0.8577286100002722 0 -0.5141027441932213
    outer loop
      vertex -3.9079071778219627 -2.4 -13.61118009519213
      vertex -4.145029942437269 -2.4 -13.215564663082189
      vertex -4.145029942437269 0 -13.215564663082189
    endloop
  endfacet
  facet normal -0.9039892931234429 0 -0.4275550934302831
    outer loop
      vertex -4.342233802803048 -2.4 -12.798612132115922
      vertex -4.342233802803048 0 -12.798612132115922
      vertex -4.145029942437269 -2.4 -13.215564663082189
    endloop
  endfacet
  facet normal -0.9700312531945439 0 -0.24298017990326448
    outer loop
      vertex -4.497619577941381 -2.4 -12.364337983095973
      vertex -4.609690817895183 -2.4 -11.916924513475802
      vertex -4.609690817895183 0 -11.916924513475802
    endloop
  endfacet
  facet normal -0.9891765099647809 0 -0.14673047445536205
    outer loop
      vertex -4.609690817895183 -2.4 -11.916924513475802
      vertex -4.6773682153593255 -2.4 -11.460680559548935
      vertex -4.6773682153593255 0 -11.460680559548935
    endloop
  endfacet
  facet normal -0.9987954562051724 0 -0.049067674327418175
    outer loop
      vertex -4.6773682153593255 -2.4 -11.460680559548935
      vertex -4.7 -2.4 -11
      vertex -4.7 0 -11
    endloop
  endfacet
  facet normal -0.9987954562051724 0 0.049067674327418175
    outer loop
      vertex -4.7 -2.4 -11
      vertex -4.6773682153593255 -2.4 -10.539319440451065
      vertex -4.6773682153593255 0 -10.539319440451065
    endloop
  endfacet
  facet normal -0.9891765099647809 0 0.14673047445536205
    outer loop
      vertex -4.6773682153593255 -2.4 -10.539319440451065
      vertex -4.609690817895183 -2.4 -10.083075486524198
      vertex -4.609690817895183 0 -10.083075486524198
    endloop
  endfacet
  facet normal -0.9700312531945439 0 0.24298017990326448
    outer loop
      vertex -4.609690817895183 -2.4 -10.083075486524198
      vertex -4.497619577941381 -2.4 -9.635662016904027
      vertex -4.497619577941381 0 -9.635662016904027
    endloop
  endfacet
  facet normal 0 -1 0
    outer loop
      vertex -1.798612132115922 -2.4 -15.342233802803047
      vertex -1.364337983095973 -2.4 -15.497619577941382
      vertex 1.798612132115922 -2.4 -15.342233802803047
    endloop
  endfacet
  facet normal 0 -1 0
    outer loop
      vertex -1.364337983095973 -2.4 -15.497619577941382
      vertex -0.9169245134758028 -2.4 -15.609690817895183
      vertex 1.364337983095973 -2.4 -15.497619577941382
    endloop
  endfacet
  facet normal 0 -1 0
    outer loop
      vertex -0.9169245134758028 -2.4 -15.609690817895183
      vertex -0.46068055954893483 -2.4 -15.677368215359326
      vertex 0.9169245134758028 -2.4 -15.609690817895183
    endloop
  endfacet
  facet normal 0 -1 0
    outer loop
      vertex -0.46068055954893483 -2.4 -15.677368215359326
      vertex 0 -2.4 -15.7
      vertex 0.46068055954893483 -2.4 -15.677368215359326
    endloop
  endfacet
  facet normal 0 -1 0
    outer loop
      vertex -0.46068055954893483 -2.4 -15.677368215359326
      vertex 0.46068055954893483 -2.4 -15.677368215359326
      vertex 0.9169245134758028 -2.4 -15.609690817895183
    endloop
  endfacet
  facet normal 0 -1 0
    outer loop
      vertex -0.9169245134758028 -2.4 -15.609690817895183
      vertex 0.9169245134758028 -2.4 -15.609690817895183
      vertex 1.364337983095973 -2.4 -15.497619577941382
    endloop
  endfacet
  facet normal 0 -1 0
    outer loop
      vertex -1.364337983095973 -2.4 -15.497619577941382
      vertex 1.364337983095973 -2.4 -15.497619577941382
      vertex 1.798612132115922 -2.4 -15.342233802803047
    endloop
  endfacet
  facet normal 0 -1 0
    outer loop
      vertex -1.798612132115922 -2.4 -15.342233802803047
      vertex 1.798612132115922 -2.4 -15.342233802803047
      vertex 2.215564663082189 -2.4 -15.145029942437269
    endloop
  endfacet
  facet normal 0 -1 0
    outer loop
      vertex -1.798612132115922 -2.4 -15.342233802803047
      vertex 2.215564663082189 -2.4 -15.145029942437269
      vertex -2.215564663082189 -2.4 -15.145029942437269
    endloop
  endfacet
  facet normal 0 -1 0
    outer loop
      vertex -2.6111800951921302 -2.4 -14.907907177821963
      vertex -2.215564663082189 -2.4 -15.145029942437269
      vertex 2.6111800951921302 -2.4 -14.907907177821963
    endloop
  endfacet
  facet normal 0 -1 0
    outer loop
      vertex -2.981648435569134 -2.4 -14.633149130804863
      vertex -2.6111800951921302 -2.4 -14.907907177821963
      vertex 2.981648435569134 -2.4 -14.633149130804863
    endloop
  endfacet
  facet normal 0 -1 0
    outer loop
      vertex -2.981648435569134 -2.4 -14.633149130804863
      vertex 3.323401871576774 -2.4 -14.323401871576774
      vertex -3.323401871576774 -2.4 -14.323401871576774
    endloop
  endfacet
  facet normal 0 -1 0
    outer loop
      vertex -2.215564663082189 -2.4 -15.145029942437269
      vertex 2.215564663082189 -2.4 -15.145029942437269
      vertex 2.6111800951921302 -2.4 -14.907907177821963
    endloop
  endfacet
  facet normal 0 -1 0
    outer loop
      vertex -2.6111800951921302 -2.4 -14.907907177821963
      vertex 2.6111800951921302 -2.4 -14.907907177821963
      vertex 2.981648435569134 -2.4 -14.633149130804863
    endloop
  endfacet
  facet normal 0 -1 0
    outer loop
      vertex -2.981648435569134 -2.4 -14.633149130804863
      vertex 2.981648435569134 -2.4 -14.633149130804863
      vertex 3.323401871576774 -2.4 -14.323401871576774
    endloop
  endfacet
  facet normal 0 -1 0
    outer loop
      vertex -3.323401871576774 -2.4 -14.323401871576774
      vertex 3.323401871576774 -2.4 -14.323401871576774
      vertex 3.633149130804864 -2.4 -13.981648435569134
    endloop
  endfacet
  facet normal 0 -1 0
    outer loop
      vertex -3.633149130804864 -2.4 -13.981648435569134
      vertex 3.633149130804864 -2.4 -13.981648435569134
      vertex 3.9079071778219627 -2.4 -13.61118009519213
    endloop
  endfacet
  facet normal 0 -1 0
    outer loop
      vertex -3.9079071778219627 -2.4 -13.61118009519213
      vertex 3.9079071778219627 -2.4 -13.61118009519213
      vertex 4.145029942437269 -2.4 -13.215564663082189
    endloop
  endfacet
  facet normal -0.8577286100002693 0 -0.5141027441932261
    outer loop
      vertex -0.8730430929176726 -4.4 -11.583348744670582
      vertex -0.9260173275657728 -2.4 -11.494966573667298
      vertex -0.8730430929176726 -2.4 -11.583348744670582
    endloop
  endfacet
  facet normal -0.803207531480644 0 -0.5956993044924344
    outer loop
      vertex -0.8116609760308738 -4.4 -11.666112948371827
      vertex -0.8730430929176726 -2.4 -11.583348744670582
      vertex -0.8116609760308738 -2.4 -11.666112948371827
    endloop
  endfacet
  facet normal -0.5956993044924348 0 -0.8032075314806438
    outer loop
      vertex -0.6661129483718278 -4.4 -11.811660976030874
      vertex -0.6661129483718278 -2.4 -11.811660976030874
      vertex -0.5833487446705823 -2.4 -11.873043092917673
    endloop
  endfacet
  facet normal -0.7409511253549627 0 -0.6715589548470143
    outer loop
      vertex -0.742462120245875 -4.4 -11.742462120245875
      vertex -0.8116609760308738 -2.4 -11.666112948371827
      vertex -0.742462120245875 -2.4 -11.742462120245875
    endloop
  endfacet
  facet normal -0.6715589548470159 0 -0.7409511253549614
    outer loop
      vertex -0.742462120245875 -4.4 -11.742462120245875
      vertex -0.742462120245875 -2.4 -11.742462120245875
      vertex -0.6661129483718278 -2.4 -11.811660976030874
    endloop
  endfacet
  facet normal -0.2429801799032537 0 -0.9700312531945465
    outer loop
      vertex -0.30479891111718543 -4.4 -12.00478735251882
      vertex -0.30479891111718543 -2.4 -12.00478735251882
      vertex -0.20484483811693466 -2.4 -12.029824544423391
    endloop
  endfacet
  facet normal -0.14673047445536672 0 -0.9891765099647802
    outer loop
      vertex -0.20484483811693466 -4.4 -12.029824544423391
      vertex -0.20484483811693466 -2.4 -12.029824544423391
      vertex -0.10291799734603864 -2.4 -12.044943963005807
    endloop
  endfacet
  facet normal -0.4275550934302763 0 -0.9039892931234461
    outer loop
      vertex -0.49496657366729757 -4.4 -11.926017327565773
      vertex -0.49496657366729757 -2.4 -11.926017327565773
      vertex -0.40181760398334426 -2.4 -11.970073509136851
    endloop
  endfacet
  facet normal -0.5141027441932259 0 -0.8577286100002697
    outer loop
      vertex -0.5833487446705823 -4.4 -11.873043092917673
      vertex -0.5833487446705823 -2.4 -11.873043092917673
      vertex -0.49496657366729757 -2.4 -11.926017327565773
    endloop
  endfacet
  facet normal -0.33688985339222405 0 -0.9415440651830194
    outer loop
      vertex -0.40181760398334426 -4.4 -11.970073509136851
      vertex -0.40181760398334426 -2.4 -11.970073509136851
      vertex -0.30479891111718543 -2.4 -12.00478735251882
    endloop
  endfacet
  facet normal -0.049067674327426064 0 -0.998795456205172
    outer loop
      vertex -0.10291799734603864 -4.4 -12.044943963005807
      vertex -0.10291799734603864 -2.4 -12.044943963005807
      vertex 0 -2.4 -12.05
    endloop
  endfacet
  facet normal 0.049067674327426064 0 -0.998795456205172
    outer loop
      vertex 0 -4.4 -12.05
      vertex 0 -2.4 -12.05
      vertex 0.10291799734603864 -2.4 -12.044943963005807
    endloop
  endfacet
  facet normal 0.14673047445536672 0 -0.9891765099647802
    outer loop
      vertex 0.10291799734603864 -4.4 -12.044943963005807
      vertex 0.10291799734603864 -2.4 -12.044943963005807
      vertex 0.20484483811693466 -2.4 -12.029824544423391
    endloop
  endfacet
  facet normal 0.2429801799032537 0 -0.9700312531945465
    outer loop
      vertex 0.20484483811693466 -4.4 -12.029824544423391
      vertex 0.20484483811693466 -2.4 -12.029824544423391
      vertex 0.30479891111718543 -2.4 -12.00478735251882
    endloop
  endfacet
  facet normal 0.33688985339222405 0 -0.9415440651830194
    outer loop
      vertex 0.30479891111718543 -4.4 -12.00478735251882
      vertex 0.30479891111718543 -2.4 -12.00478735251882
      vertex 0.40181760398334426 -2.4 -11.970073509136851
    endloop
  endfacet
  facet normal 0.4275550934302763 0 -0.9039892931234461
    outer loop
      vertex 0.40181760398334426 -4.4 -11.970073509136851
      vertex 0.40181760398334426 -2.4 -11.970073509136851
      vertex 0.49496657366729757 -2.4 -11.926017327565773
    endloop
  endfacet
  facet normal 0.5141027441932259 0 -0.8577286100002697
    outer loop
      vertex 0.49496657366729757 -4.4 -11.926017327565773
      vertex 0.49496657366729757 -2.4 -11.926017327565773
      vertex 0.5833487446705823 -2.4 -11.873043092917673
    endloop
  endfacet
  facet normal 0.5956993044924348 0 -0.8032075314806438
    outer loop
      vertex 0.5833487446705823 -4.4 -11.873043092917673
      vertex 0.5833487446705823 -2.4 -11.873043092917673
      vertex 0.6661129483718278 -2.4 -11.811660976030874
    endloop
  endfacet
  facet normal 0.6715589548470159 0 -0.7409511253549614
    outer loop
      vertex 0.6661129483718278 -4.4 -11.811660976030874
      vertex 0.6661129483718278 -2.4 -11.811660976030874
      vertex 0.742462120245875 -2.4 -11.742462120245875
    endloop
  endfacet
  facet normal 0.7409511253549627 0 -0.6715589548470143
    outer loop
      vertex 0.8116609760308738 -4.4 -11.666112948371827
      vertex 0.742462120245875 -2.4 -11.742462120245875
      vertex 0.8116609760308738 -2.4 -11.666112948371827
    endloop
  endfacet
  facet normal 0.803207531480644 0 -0.5956993044924344
    outer loop
      vertex 0.8730430929176726 -4.4 -11.583348744670582
      vertex 0.8116609760308738 -2.4 -11.666112948371827
      vertex 0.8730430929176726 -2.4 -11.583348744670582
    endloop
  endfacet
  facet normal -0.9039892931234444 0 -0.42755509343027975
    outer loop
      vertex -0.9260173275657728 -4.4 -11.494966573667298
      vertex -0.9700735091368511 -2.4 -11.401817603983345
      vertex -0.9260173275657728 -2.4 -11.494966573667298
    endloop
  endfacet
  facet normal -0.9415440651830214 0 -0.3368898533922185
    outer loop
      vertex -0.9700735091368511 -4.4 -11.401817603983345
      vertex -1.0047873525188193 -2.4 -11.304798911117185
      vertex -0.9700735091368511 -2.4 -11.401817603983345
    endloop
  endfacet
  facet normal -0.9700312531945435 0 -0.24298017990326629
    outer loop
      vertex -1.0047873525188193 -4.4 -11.304798911117185
      vertex -1.029824544423392 -2.4 -11.204844838116935
      vertex -1.0047873525188193 -2.4 -11.304798911117185
    endloop
  endfacet
  facet normal -0.9700312531945435 0 0.24298017990326629
    outer loop
      vertex -1.029824544423392 -4.4 -10.795155161883065
      vertex -1.0047873525188193 -2.4 -10.695201088882815
      vertex -1.029824544423392 -2.4 -10.795155161883065
    endloop
  endfacet
  facet normal -0.9415440651830214 0 0.3368898533922185
    outer loop
      vertex -1.0047873525188193 -4.4 -10.695201088882815
      vertex -0.9700735091368511 -2.4 -10.598182396016655
      vertex -1.0047873525188193 -2.4 -10.695201088882815
    endloop
  endfacet
  facet normal -0.9039892931234444 0 0.42755509343027975
    outer loop
      vertex -0.9700735091368511 -4.4 -10.598182396016655
      vertex -0.9260173275657728 -2.4 -10.505033426332702
      vertex -0.9700735091368511 -2.4 -10.598182396016655
    endloop
  endfacet
  facet normal -0.8577286100002693 0 0.5141027441932261
    outer loop
      vertex -0.9260173275657728 -4.4 -10.505033426332702
      vertex -0.8730430929176726 -2.4 -10.416651255329418
      vertex -0.9260173275657728 -2.4 -10.505033426332702
    endloop
  endfacet
  facet normal -0.803207531480644 0 0.5956993044924344
    outer loop
      vertex -0.8730430929176726 -4.4 -10.416651255329418
      vertex -0.8116609760308738 -2.4 -10.333887051628173
      vertex -0.8730430929176726 -2.4 -10.416651255329418
    endloop
  endfacet
  facet normal -0.7409511253549627 0 0.6715589548470143
    outer loop
      vertex -0.8116609760308738 -4.4 -10.333887051628173
      vertex -0.742462120245875 -2.4 -10.257537879754125
      vertex -0.8116609760308738 -2.4 -10.333887051628173
    endloop
  endfacet
  facet normal -0.6715589548470159 0 0.7409511253549614
    outer loop
      vertex -0.6661129483718278 -4.4 -10.188339023969126
      vertex -0.6661129483718278 -2.4 -10.188339023969126
      vertex -0.742462120245875 -2.4 -10.257537879754125
    endloop
  endfacet
  facet normal -0.5956993044924348 0 0.8032075314806438
    outer loop
      vertex -0.5833487446705823 -4.4 -10.126956907082327
      vertex -0.5833487446705823 -2.4 -10.126956907082327
      vertex -0.6661129483718278 -2.4 -10.188339023969126
    endloop
  endfacet
  facet normal -0.5141027441932259 0 0.8577286100002697
    outer loop
      vertex -0.49496657366729757 -4.4 -10.073982672434227
      vertex -0.49496657366729757 -2.4 -10.073982672434227
      vertex -0.5833487446705823 -2.4 -10.126956907082327
    endloop
  endfacet
  facet normal -0.4275550934302763 0 0.9039892931234461
    outer loop
      vertex -0.40181760398334426 -4.4 -10.029926490863149
      vertex -0.40181760398334426 -2.4 -10.029926490863149
      vertex -0.49496657366729757 -2.4 -10.073982672434227
    endloop
  endfacet
  facet normal -0.33688985339222405 0 0.9415440651830194
    outer loop
      vertex -0.30479891111718543 -4.4 -9.99521264748118
      vertex -0.30479891111718543 -2.4 -9.99521264748118
      vertex -0.40181760398334426 -2.4 -10.029926490863149
    endloop
  endfacet
  facet normal -0.2429801799032537 0 0.9700312531945465
    outer loop
      vertex -0.20484483811693466 -4.4 -9.970175455576609
      vertex -0.20484483811693466 -2.4 -9.970175455576609
      vertex -0.30479891111718543 -2.4 -9.99521264748118
    endloop
  endfacet
  facet normal -0.14673047445536672 0 0.9891765099647802
    outer loop
      vertex -0.10291799734603864 -4.4 -9.955056036994193
      vertex -0.10291799734603864 -2.4 -9.955056036994193
      vertex -0.20484483811693466 -2.4 -9.970175455576609
    endloop
  endfacet
  facet normal -0.049067674327426064 0 0.998795456205172
    outer loop
      vertex 0 -4.4 -9.95
      vertex 0 -2.4 -9.95
      vertex -0.10291799734603864 -2.4 -9.955056036994193
    endloop
  endfacet
  facet normal 0.049067674327426064 0 0.998795456205172
    outer loop
      vertex 0.10291799734603864 -4.4 -9.955056036994193
      vertex 0.10291799734603864 -2.4 -9.955056036994193
      vertex 0 -2.4 -9.95
    endloop
  endfacet
  facet normal 0.14673047445536672 0 0.9891765099647802
    outer loop
      vertex 0.20484483811693466 -4.4 -9.970175455576609
      vertex 0.20484483811693466 -2.4 -9.970175455576609
      vertex 0.10291799734603864 -2.4 -9.955056036994193
    endloop
  endfacet
  facet normal 0.2429801799032537 0 0.9700312531945465
    outer loop
      vertex 0.30479891111718543 -4.4 -9.99521264748118
      vertex 0.30479891111718543 -2.4 -9.99521264748118
      vertex 0.20484483811693466 -2.4 -9.970175455576609
    endloop
  endfacet
  facet normal 0.33688985339222405 0 0.9415440651830194
    outer loop
      vertex 0.40181760398334426 -4.4 -10.029926490863149
      vertex 0.40181760398334426 -2.4 -10.029926490863149
      vertex 0.30479891111718543 -2.4 -9.99521264748118
    endloop
  endfacet
  facet normal 0.5956993044924348 0 0.8032075314806438
    outer loop
      vertex 0.6661129483718278 -4.4 -10.188339023969126
      vertex 0.6661129483718278 -2.4 -10.188339023969126
      vertex 0.5833487446705823 -2.4 -10.126956907082327
    endloop
  endfacet
  facet normal 0.6715589548470159 0 0.7409511253549614
    outer loop
      vertex 0.742462120245875 -4.4 -10.257537879754125
      vertex 0.742462120245875 -2.4 -10.257537879754125
      vertex 0.6661129483718278 -2.4 -10.188339023969126
    endloop
  endfacet
  facet normal 0.7409511253549627 0 0.6715589548470143
    outer loop
      vertex 0.742462120245875 -4.4 -10.257537879754125
      vertex 0.8116609760308738 -2.4 -10.333887051628173
      vertex 0.742462120245875 -2.4 -10.257537879754125
    endloop
  endfacet
  facet normal 0.803207531480644 0 0.5956993044924344
    outer loop
      vertex 0.8116609760308738 -4.4 -10.333887051628173
      vertex 0.8730430929176726 -2.4 -10.416651255329418
      vertex 0.8116609760308738 -2.4 -10.333887051628173
    endloop
  endfacet
  facet normal 0.4275550934302763 0 0.9039892931234461
    outer loop
      vertex 0.49496657366729757 -4.4 -10.073982672434227
      vertex 0.49496657366729757 -2.4 -10.073982672434227
      vertex 0.40181760398334426 -2.4 -10.029926490863149
    endloop
  endfacet
  facet normal 0.5141027441932259 0 0.8577286100002697
    outer loop
      vertex 0.5833487446705823 -4.4 -10.126956907082327
      vertex 0.5833487446705823 -2.4 -10.126956907082327
      vertex 0.49496657366729757 -2.4 -10.073982672434227
    endloop
  endfacet
  facet normal 0 -1 0
    outer loop
      vertex -4.497619577941381 -2.4 -12.364337983095973
      vertex 4.609690817895183 -2.4 -11.916924513475802
      vertex 0 -2.4 -12.05
    endloop
  endfacet
  facet normal 0 -1 0
    outer loop
      vertex -4.609690817895183 -2.4 -10.083075486524198
      vertex 0 -2.4 -9.95
      vertex 4.497619577941381 -2.4 -9.635662016904027
    endloop
  endfacet
  facet normal 0.8577286100002693 0 -0.5141027441932261
    outer loop
      vertex 0.9260173275657728 -4.4 -11.494966573667298
      vertex 0.8730430929176726 -2.4 -11.583348744670582
      vertex 0.9260173275657728 -2.4 -11.494966573667298
    endloop
  endfacet
  facet normal 0.9039892931234444 0 -0.42755509343027975
    outer loop
      vertex 0.9700735091368511 -4.4 -11.401817603983345
      vertex 0.9260173275657728 -2.4 -11.494966573667298
      vertex 0.9700735091368511 -2.4 -11.401817603983345
    endloop
  endfacet
  facet normal 0.9415440651830214 0 -0.3368898533922185
    outer loop
      vertex 1.0047873525188193 -4.4 -11.304798911117185
      vertex 0.9700735091368511 -2.4 -11.401817603983345
      vertex 1.0047873525188193 -2.4 -11.304798911117185
    endloop
  endfacet
  facet normal 0.9700312531945435 0 -0.24298017990326629
    outer loop
      vertex 1.029824544423392 -4.4 -11.204844838116935
      vertex 1.0047873525188193 -2.4 -11.304798911117185
      vertex 1.029824544423392 -2.4 -11.204844838116935
    endloop
  endfacet
  facet normal 0.9891765099647811 0 -0.146730474455361
    outer loop
      vertex 1.0449439630058068 -4.4 -11.102917997346038
      vertex 1.029824544423392 -2.4 -11.204844838116935
      vertex 1.0449439630058068 -2.4 -11.102917997346038
    endloop
  endfacet
  facet normal 0.9987954562051724 0 -0.049067674327417606
    outer loop
      vertex 1.05 -4.4 -11
      vertex 1.0449439630058068 -2.4 -11.102917997346038
      vertex 1.05 -2.4 -11
    endloop
  endfacet
  facet normal 0.9987954562051724 0 0.049067674327417606
    outer loop
      vertex 1.0449439630058068 -4.4 -10.897082002653962
      vertex 1.05 -2.4 -11
      vertex 1.0449439630058068 -2.4 -10.897082002653962
    endloop
  endfacet
  facet normal 0.9891765099647811 0 0.146730474455361
    outer loop
      vertex 1.029824544423392 -4.4 -10.795155161883065
      vertex 1.0449439630058068 -2.4 -10.897082002653962
      vertex 1.029824544423392 -2.4 -10.795155161883065
    endloop
  endfacet
  facet normal 0.9700312531945435 0 0.24298017990326629
    outer loop
      vertex 1.0047873525188193 -4.4 -10.695201088882815
      vertex 1.029824544423392 -2.4 -10.795155161883065
      vertex 1.0047873525188193 -2.4 -10.695201088882815
    endloop
  endfacet
  facet normal 0.9415440651830214 0 0.3368898533922185
    outer loop
      vertex 0.9700735091368511 -4.4 -10.598182396016655
      vertex 1.0047873525188193 -2.4 -10.695201088882815
      vertex 0.9700735091368511 -2.4 -10.598182396016655
    endloop
  endfacet
  facet normal 0.9039892931234444 0 0.42755509343027975
    outer loop
      vertex 0.9260173275657728 -4.4 -10.505033426332702
      vertex 0.9700735091368511 -2.4 -10.598182396016655
      vertex 0.9260173275657728 -2.4 -10.505033426332702
    endloop
  endfacet
  facet normal 0.8577286100002693 0 0.5141027441932261
    outer loop
      vertex 0.8730430929176726 -4.4 -10.416651255329418
      vertex 0.9260173275657728 -2.4 -10.505033426332702
      vertex 0.8730430929176726 -2.4 -10.416651255329418
    endloop
  endfacet
  facet normal 0 -1 0
    outer loop
      vertex -4.145029942437269 -2.4 -13.215564663082189
      vertex 4.145029942437269 -2.4 -13.215564663082189
      vertex 4.342233802803048 -2.4 -12.798612132115922
    endloop
  endfacet
  facet normal 0 -1 0
    outer loop
      vertex -4.342233802803048 -2.4 -12.798612132115922
      vertex 4.342233802803048 -2.4 -12.798612132115922
      vertex 4.497619577941381 -2.4 -12.364337983095973
    endloop
  endfacet
  facet normal 0 -1 0
    outer loop
      vertex -4.497619577941381 -2.4 -12.364337983095973
      vertex 4.497619577941381 -2.4 -12.364337983095973
      vertex 4.609690817895183 -2.4 -11.916924513475802
    endloop
  endfacet
  facet normal 0 -1 0
    outer loop
      vertex 0 -2.4 -12.05
      vertex 4.609690817895183 -2.4 -11.916924513475802
      vertex 0.10291799734603864 -2.4 -12.044943963005807
    endloop
  endfacet
  facet normal 0 -1 0
    outer loop
      vertex 0.10291799734603864 -2.4 -12.044943963005807
      vertex 4.609690817895183 -2.4 -11.916924513475802
      vertex 0.20484483811693466 -2.4 -12.029824544423391
    endloop
  endfacet
  facet normal 0 -1 0
    outer loop
      vertex 0.20484483811693466 -2.4 -12.029824544423391
      vertex 4.609690817895183 -2.4 -11.916924513475802
      vertex 0.30479891111718543 -2.4 -12.00478735251882
    endloop
  endfacet
  facet normal 0 -1 0
    outer loop
      vertex 0.30479891111718543 -2.4 -12.00478735251882
      vertex 4.609690817895183 -2.4 -11.916924513475802
      vertex 0.40181760398334426 -2.4 -11.970073509136851
    endloop
  endfacet
  facet normal 0 -1 0
    outer loop
      vertex 0.40181760398334426 -2.4 -11.970073509136851
      vertex 4.609690817895183 -2.4 -11.916924513475802
      vertex 0.49496657366729757 -2.4 -11.926017327565773
    endloop
  endfacet
  facet normal 0 -1 0
    outer loop
      vertex 0.49496657366729757 -2.4 -11.926017327565773
      vertex 4.609690817895183 -2.4 -11.916924513475802
      vertex 0.5833487446705823 -2.4 -11.873043092917673
    endloop
  endfacet
  facet normal 0 -1 0
    outer loop
      vertex 0.5833487446705823 -2.4 -11.873043092917673
      vertex 4.609690817895183 -2.4 -11.916924513475802
      vertex 0.6661129483718278 -2.4 -11.811660976030874
    endloop
  endfacet
  facet normal 0 -1 0
    outer loop
      vertex 0.6661129483718278 -2.4 -11.811660976030874
      vertex 4.609690817895183 -2.4 -11.916924513475802
      vertex 0.742462120245875 -2.4 -11.742462120245875
    endloop
  endfacet
  facet normal 0 -1 0
    outer loop
      vertex 0.742462120245875 -2.4 -11.742462120245875
      vertex 4.609690817895183 -2.4 -11.916924513475802
      vertex 0.8116609760308738 -2.4 -11.666112948371827
    endloop
  endfacet
  facet normal 0 -1 0
    outer loop
      vertex 0.8116609760308738 -2.4 -11.666112948371827
      vertex 4.6773682153593255 -2.4 -11.460680559548935
      vertex 0.8730430929176726 -2.4 -11.583348744670582
    endloop
  endfacet
  facet normal 0 -1 0
    outer loop
      vertex 0 -2.4 -9.95
      vertex 0.10291799734603864 -2.4 -9.955056036994193
      vertex 4.497619577941381 -2.4 -9.635662016904027
    endloop
  endfacet
  facet normal 0 -1 0
    outer loop
      vertex 0.10291799734603864 -2.4 -9.955056036994193
      vertex 0.20484483811693466 -2.4 -9.970175455576609
      vertex 4.497619577941381 -2.4 -9.635662016904027
    endloop
  endfacet
  facet normal 0 -1 0
    outer loop
      vertex 0.20484483811693466 -2.4 -9.970175455576609
      vertex 0.30479891111718543 -2.4 -9.99521264748118
      vertex 4.497619577941381 -2.4 -9.635662016904027
    endloop
  endfacet
  facet normal 0 -1 0
    outer loop
      vertex 0.30479891111718543 -2.4 -9.99521264748118
      vertex 0.40181760398334426 -2.4 -10.029926490863149
      vertex 4.497619577941381 -2.4 -9.635662016904027
    endloop
  endfacet
  facet normal 0 -1 0
    outer loop
      vertex 0.49496657366729757 -2.4 -10.073982672434227
      vertex 4.497619577941381 -2.4 -9.635662016904027
      vertex 0.40181760398334426 -2.4 -10.029926490863149
    endloop
  endfacet
  facet normal 0 -1 0
    outer loop
      vertex 0.8730430929176726 -2.4 -11.583348744670582
      vertex 4.6773682153593255 -2.4 -11.460680559548935
      vertex 0.9260173275657728 -2.4 -11.494966573667298
    endloop
  endfacet
  facet normal 0 -1 0
    outer loop
      vertex 0.9260173275657728 -2.4 -11.494966573667298
      vertex 4.6773682153593255 -2.4 -11.460680559548935
      vertex 0.9700735091368511 -2.4 -11.401817603983345
    endloop
  endfacet
  facet normal 0 -1 0
    outer loop
      vertex 0.9700735091368511 -2.4 -11.401817603983345
      vertex 4.6773682153593255 -2.4 -11.460680559548935
      vertex 1.0047873525188193 -2.4 -11.304798911117185
    endloop
  endfacet
  facet normal 0 -1 0
    outer loop
      vertex 1.0047873525188193 -2.4 -11.304798911117185
      vertex 4.6773682153593255 -2.4 -11.460680559548935
      vertex 1.029824544423392 -2.4 -11.204844838116935
    endloop
  endfacet
  facet normal 0 -1 0
    outer loop
      vertex 1.029824544423392 -2.4 -11.204844838116935
      vertex 4.7 -2.4 -11
      vertex 1.0449439630058068 -2.4 -11.102917997346038
    endloop
  endfacet
  facet normal 0 -1 0
    outer loop
      vertex 1.0449439630058068 -2.4 -11.102917997346038
      vertex 4.7 -2.4 -11
      vertex 1.05 -2.4 -11
    endloop
  endfacet
  facet normal 0 -1 0
    outer loop
      vertex 1.05 -2.4 -11
      vertex 4.7 -2.4 -11
      vertex 1.0449439630058068 -2.4 -10.897082002653962
    endloop
  endfacet
  facet normal 0 -1 0
    outer loop
      vertex 1.0449439630058068 -2.4 -10.897082002653962
      vertex 4.6773682153593255 -2.4 -10.539319440451065
      vertex 1.029824544423392 -2.4 -10.795155161883065
    endloop
  endfacet
  facet normal 0 -1 0
    outer loop
      vertex 1.029824544423392 -2.4 -10.795155161883065
      vertex 4.6773682153593255 -2.4 -10.539319440451065
      vertex 1.0047873525188193 -2.4 -10.695201088882815
    endloop
  endfacet
  facet normal 0 -1 0
    outer loop
      vertex 0.6661129483718278 -2.4 -10.188339023969126
      vertex 0.742462120245875 -2.4 -10.257537879754125
      vertex 4.609690817895183 -2.4 -10.083075486524198
    endloop
  endfacet
  facet normal 0 -1 0
    outer loop
      vertex 1.0047873525188193 -2.4 -10.695201088882815
      vertex 4.6773682153593255 -2.4 -10.539319440451065
      vertex 0.9700735091368511 -2.4 -10.598182396016655
    endloop
  endfacet
  facet normal 0 -1 0
    outer loop
      vertex 0.9700735091368511 -2.4 -10.598182396016655
      vertex 4.609690817895183 -2.4 -10.083075486524198
      vertex 0.9260173275657728 -2.4 -10.505033426332702
    endloop
  endfacet
  facet normal 0 -1 0
    outer loop
      vertex 0.8116609760308738 -2.4 -10.333887051628173
      vertex 0.8730430929176726 -2.4 -10.416651255329418
      vertex 4.609690817895183 -2.4 -10.083075486524198
    endloop
  endfacet
  facet normal 0 -1 0
    outer loop
      vertex 0.9260173275657728 -2.4 -10.505033426332702
      vertex 4.609690817895183 -2.4 -10.083075486524198
      vertex 0.8730430929176726 -2.4 -10.416651255329418
    endloop
  endfacet
  facet normal 0 -1 0
    outer loop
      vertex 0.8116609760308738 -2.4 -10.333887051628173
      vertex 4.609690817895183 -2.4 -10.083075486524198
      vertex 0.742462120245875 -2.4 -10.257537879754125
    endloop
  endfacet
  facet normal 0 -1 0
    outer loop
      vertex 0.49496657366729757 -2.4 -10.073982672434227
      vertex 0.5833487446705823 -2.4 -10.126956907082327
      vertex 4.497619577941381 -2.4 -9.635662016904027
    endloop
  endfacet
  facet normal 0 -1 0
    outer loop
      vertex 0.6661129483718278 -2.4 -10.188339023969126
      vertex 4.609690817895183 -2.4 -10.083075486524198
      vertex 0.5833487446705823 -2.4 -10.126956907082327
    endloop
  endfacet
  facet normal -0.14673047445536364 0 -0.9891765099647807
    outer loop
      vertex -0.9169245134758028 -2.4 -15.609690817895183
      vertex -0.46068055954893483 0 -15.677368215359326
      vertex -0.46068055954893483 -2.4 -15.677368215359326
    endloop
  endfacet
  facet normal -0.049067674327414365 0 -0.9987954562051726
    outer loop
      vertex -0.46068055954893483 -2.4 -15.677368215359326
      vertex 0 0 -15.7
      vertex 0 -2.4 -15.7
    endloop
  endfacet
  facet normal 0.049067674327414365 0 -0.9987954562051726
    outer loop
      vertex 0 -2.4 -15.7
      vertex 0.46068055954893483 0 -15.677368215359326
      vertex 0.46068055954893483 -2.4 -15.677368215359326
    endloop
  endfacet
  facet normal 0.14673047445536364 0 -0.9891765099647807
    outer loop
      vertex 0.46068055954893483 -2.4 -15.677368215359326
      vertex 0.9169245134758028 0 -15.609690817895183
      vertex 0.9169245134758028 -2.4 -15.609690817895183
    endloop
  endfacet
  facet normal 0.24298017990326326 0 -0.9700312531945442
    outer loop
      vertex 0.9169245134758028 -2.4 -15.609690817895183
      vertex 1.364337983095973 0 -15.497619577941382
      vertex 1.364337983095973 -2.4 -15.497619577941382
    endloop
  endfacet
  facet normal 0.33688985339222144 0 -0.9415440651830203
    outer loop
      vertex 1.364337983095973 -2.4 -15.497619577941382
      vertex 1.798612132115922 0 -15.342233802803047
      vertex 1.798612132115922 -2.4 -15.342233802803047
    endloop
  endfacet
  facet normal 0.42755509343028153 0 -0.9039892931234436
    outer loop
      vertex 1.798612132115922 -2.4 -15.342233802803047
      vertex 2.215564663082189 0 -15.145029942437269
      vertex 2.215564663082189 -2.4 -15.145029942437269
    endloop
  endfacet
  facet normal 0.514102744193221 0 -0.8577286100002723
    outer loop
      vertex 2.215564663082189 -2.4 -15.145029942437269
      vertex 2.6111800951921302 0 -14.907907177821963
      vertex 2.6111800951921302 -2.4 -14.907907177821963
    endloop
  endfacet
  facet normal 0 -1 0
    outer loop
      vertex -4.497619577941381 -2.4 -9.635662016904027
      vertex 4.342233802803048 -2.4 -9.201387867884078
      vertex -4.342233802803048 -2.4 -9.201387867884078
    endloop
  endfacet
  facet normal 0 -1 0
    outer loop
      vertex -4.342233802803048 -2.4 -9.201387867884078
      vertex 4.145029942437269 -2.4 -8.784435336917811
      vertex -4.145029942437269 -2.4 -8.784435336917811
    endloop
  endfacet
  facet normal 0 -1 0
    outer loop
      vertex -4.145029942437269 -2.4 -8.784435336917811
      vertex 3.9079071778219627 -2.4 -8.38881990480787
      vertex -3.9079071778219627 -2.4 -8.38881990480787
    endloop
  endfacet
  facet normal 0 -1 0
    outer loop
      vertex -3.9079071778219627 -2.4 -8.38881990480787
      vertex 3.633149130804864 -2.4 -8.018351564430866
      vertex -3.633149130804864 -2.4 -8.018351564430866
    endloop
  endfacet
  facet normal 0 -1 0
    outer loop
      vertex -3.633149130804864 -2.4 -8.018351564430866
      vertex 3.323401871576774 -2.4 -7.676598128423226
      vertex -3.323401871576774 -2.4 -7.676598128423226
    endloop
  endfacet
  facet normal 0 -1 0
    outer loop
      vertex -3.323401871576774 -2.4 -7.676598128423226
      vertex 2.981648435569134 -2.4 -7.366850869195137
      vertex -2.981648435569134 -2.4 -7.366850869195137
    endloop
  endfacet
  facet normal -0.9415440651830214 0 0.3368898533922183
    outer loop
      vertex -4.497619577941381 -2.4 -9.635662016904027
      vertex -4.342233802803048 -2.4 -9.201387867884078
      vertex -4.342233802803048 0 -9.201387867884078
    endloop
  endfacet
  facet normal -0.9039892931234429 0 0.4275550934302831
    outer loop
      vertex -4.342233802803048 -2.4 -9.201387867884078
      vertex -4.145029942437269 -2.4 -8.784435336917811
      vertex -4.145029942437269 0 -8.784435336917811
    endloop
  endfacet
  facet normal -0.8577286100002722 0 0.5141027441932213
    outer loop
      vertex -4.145029942437269 -2.4 -8.784435336917811
      vertex -3.9079071778219627 -2.4 -8.38881990480787
      vertex -3.9079071778219627 0 -8.38881990480787
    endloop
  endfacet
  facet normal -0.803207531480645 0 0.595699304492433
    outer loop
      vertex -3.9079071778219627 -2.4 -8.38881990480787
      vertex -3.633149130804864 -2.4 -8.018351564430866
      vertex -3.633149130804864 0 -8.018351564430866
    endloop
  endfacet
  facet normal -0.7409511253549595 0 0.6715589548470179
    outer loop
      vertex -3.633149130804864 -2.4 -8.018351564430866
      vertex -3.323401871576774 -2.4 -7.676598128423226
      vertex -3.323401871576774 0 -7.676598128423226
    endloop
  endfacet
  facet normal -0.6715589548470168 0 0.7409511253549604
    outer loop
      vertex -3.323401871576774 -2.4 -7.676598128423226
      vertex -2.981648435569134 -2.4 -7.366850869195137
      vertex -3.323401871576774 0 -7.676598128423226
    endloop
  endfacet
  facet normal -0.5956993044924342 0 0.8032075314806442
    outer loop
      vertex -2.981648435569134 -2.4 -7.366850869195137
      vertex -2.6111800951921302 -2.4 -7.092092822178037
      vertex -2.981648435569134 0 -7.366850869195137
    endloop
  endfacet
  facet normal -0.514102744193221 0 0.8577286100002723
    outer loop
      vertex -2.6111800951921302 -2.4 -7.092092822178037
      vertex -2.215564663082189 -2.4 -6.854970057562731
      vertex -2.6111800951921302 0 -7.092092822178037
    endloop
  endfacet
  facet normal -0.4275550934302831 0 0.9039892931234429
    outer loop
      vertex -2.215564663082189 -2.4 -6.854970057562731
      vertex -1.798612132115922 -2.4 -6.657766197196952
      vertex -2.215564663082189 0 -6.854970057562731
    endloop
  endfacet
  facet normal -0.33688985339221794 0 0.9415440651830215
    outer loop
      vertex -1.798612132115922 -2.4 -6.657766197196952
      vertex -1.364337983095973 -2.4 -6.502380422058619
      vertex -1.798612132115922 0 -6.657766197196952
    endloop
  endfacet
  facet normal -0.24298017990326506 0 0.9700312531945438
    outer loop
      vertex -1.364337983095973 -2.4 -6.502380422058619
      vertex -0.9169245134758028 -2.4 -6.390309182104817
      vertex -1.364337983095973 0 -6.502380422058619
    endloop
  endfacet
  facet normal 0 -1 0
    outer loop
      vertex -2.981648435569134 -2.4 -7.366850869195137
      vertex 2.6111800951921302 -2.4 -7.092092822178037
      vertex -2.6111800951921302 -2.4 -7.092092822178037
    endloop
  endfacet
  facet normal 0 -1 0
    outer loop
      vertex -2.6111800951921302 -2.4 -7.092092822178037
      vertex 2.215564663082189 -2.4 -6.854970057562731
      vertex -2.215564663082189 -2.4 -6.854970057562731
    endloop
  endfacet
  facet normal 0 -1 0
    outer loop
      vertex -2.215564663082189 -2.4 -6.854970057562731
      vertex 1.798612132115922 -2.4 -6.657766197196952
      vertex -1.798612132115922 -2.4 -6.657766197196952
    endloop
  endfacet
  facet normal 0 -1 0
    outer loop
      vertex -1.798612132115922 -2.4 -6.657766197196952
      vertex 1.364337983095973 -2.4 -6.502380422058619
      vertex -1.364337983095973 -2.4 -6.502380422058619
    endloop
  endfacet
  facet normal 0 -1 0
    outer loop
      vertex -1.364337983095973 -2.4 -6.502380422058619
      vertex 0.9169245134758028 -2.4 -6.390309182104817
      vertex -0.9169245134758028 -2.4 -6.390309182104817
    endloop
  endfacet
  facet normal 0 -1 0
    outer loop
      vertex -0.9169245134758028 -2.4 -6.390309182104817
      vertex 0.46068055954893483 -2.4 -6.3226317846406745
      vertex -0.46068055954893483 -2.4 -6.3226317846406745
    endloop
  endfacet
  facet normal 0 -1 0
    outer loop
      vertex -2.6111800951921302 -2.4 -7.092092822178037
      vertex 2.6111800951921302 -2.4 -7.092092822178037
      vertex 2.215564663082189 -2.4 -6.854970057562731
    endloop
  endfacet
  facet normal 0 -1 0
    outer loop
      vertex -1.364337983095973 -2.4 -6.502380422058619
      vertex 1.364337983095973 -2.4 -6.502380422058619
      vertex 0.9169245134758028 -2.4 -6.390309182104817
    endloop
  endfacet
  facet normal 0 -1 0
    outer loop
      vertex -0.46068055954893483 -2.4 -6.3226317846406745
      vertex 0.46068055954893483 -2.4 -6.3226317846406745
      vertex 0 -2.4 -6.3
    endloop
  endfacet
  facet normal 0 -1 0
    outer loop
      vertex -0.9169245134758028 -2.4 -6.390309182104817
      vertex 0.9169245134758028 -2.4 -6.390309182104817
      vertex 0.46068055954893483 -2.4 -6.3226317846406745
    endloop
  endfacet
  facet normal 0 -1 0
    outer loop
      vertex -2.215564663082189 -2.4 -6.854970057562731
      vertex 2.215564663082189 -2.4 -6.854970057562731
      vertex 1.798612132115922 -2.4 -6.657766197196952
    endloop
  endfacet
  facet normal 0 -1 0
    outer loop
      vertex -1.798612132115922 -2.4 -6.657766197196952
      vertex 1.798612132115922 -2.4 -6.657766197196952
      vertex 1.364337983095973 -2.4 -6.502380422058619
    endloop
  endfacet
  facet normal 0 -1 0
    outer loop
      vertex -4.497619577941381 -2.4 -9.635662016904027
      vertex 4.497619577941381 -2.4 -9.635662016904027
      vertex 4.342233802803048 -2.4 -9.201387867884078
    endloop
  endfacet
  facet normal 0 -1 0
    outer loop
      vertex -4.342233802803048 -2.4 -9.201387867884078
      vertex 4.342233802803048 -2.4 -9.201387867884078
      vertex 4.145029942437269 -2.4 -8.784435336917811
    endloop
  endfacet
  facet normal 0 -1 0
    outer loop
      vertex -4.145029942437269 -2.4 -8.784435336917811
      vertex 4.145029942437269 -2.4 -8.784435336917811
      vertex 3.9079071778219627 -2.4 -8.38881990480787
    endloop
  endfacet
  facet normal 0 -1 0
    outer loop
      vertex -3.9079071778219627 -2.4 -8.38881990480787
      vertex 3.9079071778219627 -2.4 -8.38881990480787
      vertex 3.633149130804864 -2.4 -8.018351564430866
    endloop
  endfacet
  facet normal 0 -1 0
    outer loop
      vertex -3.633149130804864 -2.4 -8.018351564430866
      vertex 3.633149130804864 -2.4 -8.018351564430866
      vertex 3.323401871576774 -2.4 -7.676598128423226
    endloop
  endfacet
  facet normal 0 -1 0
    outer loop
      vertex -3.323401871576774 -2.4 -7.676598128423226
      vertex 3.323401871576774 -2.4 -7.676598128423226
      vertex 2.981648435569134 -2.4 -7.366850869195137
    endloop
  endfacet
  facet normal 0 -1 0
    outer loop
      vertex -2.981648435569134 -2.4 -7.366850869195137
      vertex 2.981648435569134 -2.4 -7.366850869195137
      vertex 2.6111800951921302 -2.4 -7.092092822178037
    endloop
  endfacet
  facet normal -0.14673047445536175 0 0.9891765099647809
    outer loop
      vertex -0.9169245134758028 -2.4 -6.390309182104817
      vertex -0.46068055954893483 -2.4 -6.3226317846406745
      vertex -0.9169245134758028 0 -6.390309182104817
    endloop
  endfacet
  facet normal -0.0490676743274182 0 0.9987954562051724
    outer loop
      vertex -0.46068055954893483 -2.4 -6.3226317846406745
      vertex 0 -2.4 -6.3
      vertex -0.46068055954893483 0 -6.3226317846406745
    endloop
  endfacet
  facet normal 0.0490676743274182 0 0.9987954562051724
    outer loop
      vertex 0 -2.4 -6.3
      vertex 0.46068055954893483 -2.4 -6.3226317846406745
      vertex 0 0 -6.3
    endloop
  endfacet
  facet normal 0.14673047445536175 0 0.9891765099647809
    outer loop
      vertex 0.46068055954893483 -2.4 -6.3226317846406745
      vertex 0.9169245134758028 -2.4 -6.390309182104817
      vertex 0.46068055954893483 0 -6.3226317846406745
    endloop
  endfacet
  facet normal 0.24298017990326506 0 0.9700312531945438
    outer loop
      vertex 0.9169245134758028 -2.4 -6.390309182104817
      vertex 1.364337983095973 -2.4 -6.502380422058619
      vertex 0.9169245134758028 0 -6.390309182104817
    endloop
  endfacet
  facet normal 0.33688985339221794 0 0.9415440651830215
    outer loop
      vertex 1.364337983095973 -2.4 -6.502380422058619
      vertex 1.798612132115922 -2.4 -6.657766197196952
      vertex 1.364337983095973 0 -6.502380422058619
    endloop
  endfacet
  facet normal 0.514102744193221 0 0.8577286100002723
    outer loop
      vertex 2.215564663082189 -2.4 -6.854970057562731
      vertex 2.6111800951921302 -2.4 -7.092092822178037
      vertex 2.215564663082189 0 -6.854970057562731
    endloop
  endfacet
  facet normal 0.5956993044924342 0 0.8032075314806442
    outer loop
      vertex 2.6111800951921302 -2.4 -7.092092822178037
      vertex 2.981648435569134 -2.4 -7.366850869195137
      vertex 2.6111800951921302 0 -7.092092822178037
    endloop
  endfacet
  facet normal 0.4275550934302831 0 0.9039892931234429
    outer loop
      vertex 1.798612132115922 -2.4 -6.657766197196952
      vertex 2.215564663082189 -2.4 -6.854970057562731
      vertex 1.798612132115922 0 -6.657766197196952
    endloop
  endfacet
  facet normal -0.9381913343330595 0 -0.34611706138581694
    outer loop
      vertex -10.656569816172123 -2.1290514302555277 -29.236067980527878
      vertex -10.656569816172123 0 -29.236067980527878
      vertex -10.547861881554127 -1.2462544189761748 -29.530733726918697
    endloop
  endfacet
  facet normal -0.9807852809756512 0 -0.1950903191383745
    outer loop
      vertex -10.741823434829712 -3.2410094859573944 -28.93378145247698
      vertex -10.803097113966942 0 -28.625737860798836
      vertex -10.741823434829712 0 -28.93378145247698
    endloop
  endfacet
  facet normal -0.9624552359858051 0 -0.2714404515239178
    outer loop
      vertex -10.656569816172123 -2.1290514302555277 -29.236067980527878
      vertex -10.741823434829712 0 -28.93378145247698
      vertex -10.656569816172123 0 -29.236067980527878
    endloop
  endfacet
  facet normal -0.9081431763889644 0 -0.4186597319759359
    outer loop
      vertex -10.547861881554127 -1.2462544189761748 -29.530733726918697
      vertex -10.547861881554127 0 -29.530733726918697
      vertex -10.41636984795332 -0.5980610857433595 -29.815962001681328
    endloop
  endfacet
  facet normal -0.9381913343330595 0 -0.34611706138581694
    outer loop
      vertex -10.547861881554127 -1.2462544189761748 -29.530733726918697
      vertex -10.656569816172123 0 -29.236067980527878
      vertex -10.547861881554127 0 -29.530733726918697
    endloop
  endfacet
  facet normal -0.8724960011396659 0 -0.4886212520913232
    outer loop
      vertex -10.41636984795332 -0.5980610857433595 -29.815962001681328
      vertex -10.41636984795332 0 -29.815962001681328
      vertex -10.262904405593872 -0.1884678817298027 -30.08999425917864
    endloop
  endfacet
  facet normal -0.9081431763889642 0 -0.4186597319759358
    outer loop
      vertex -10.41636984795332 -0.5980610857433595 -29.815962001681328
      vertex -10.547861881554127 0 -29.530733726918697
      vertex -10.41636984795332 0 -29.815962001681328
    endloop
  endfacet
  facet normal -0.8314696091958995 0 -0.5555702376690261
    outer loop
      vertex -10.262904405593872 -0.1884678817298027 -30.08999425917864
      vertex -10.262904405593872 0 -30.08999425917864
      vertex -10.08841172605753 -0.02 -30.35114100575447
    endloop
  endfacet
  facet normal -0.7853169390711714 0 -0.6190939389203273
    outer loop
      vertex -10.08841172605753 -0.02 -30.35114100575447
      vertex -10.08841172605753 0 -30.35114100575447
      vertex -9.893967613577843 -0.02 -30.59779219329357
    endloop
  endfacet
  facet normal -0.8314696091958995 0 -0.5555702376690262
    outer loop
      vertex -10.08841172605753 -0.02 -30.35114100575447
      vertex -10.262904405593872 0 -30.08999425917864
      vertex -10.08841172605753 0 -30.35114100575447
    endloop
  endfacet
  facet normal -0.7343225010269075 0 -0.6788007546295063
    outer loop
      vertex -9.893967613577843 -0.02 -30.59779219329357
      vertex -9.893967613577843 0 -30.59779219329357
      vertex -9.680770874023438 0 -30.828427121043205
    endloop
  endfacet
  facet normal -0.6788007546295063 0 -0.7343225010269075
    outer loop
      vertex -9.680770874023438 -0.02 -30.828427121043205
      vertex -9.680770874023438 0 -30.828427121043205
      vertex -9.450135946273804 0 -31.04162386059761
    endloop
  endfacet
  facet normal -0.7343225010269075 0 -0.6788007546295063
    outer loop
      vertex -9.893967613577843 -0.02 -30.59779219329357
      vertex -9.680770874023438 0 -30.828427121043205
      vertex -9.680770874023438 -0.02 -30.828427121043205
    endloop
  endfacet
  facet normal -0.7853169390711714 0 -0.6190939389203273
    outer loop
      vertex -10.08841172605753 0 -30.35114100575447
      vertex -9.893967613577843 0 -30.59779219329357
      vertex -9.893967613577843 -0.02 -30.59779219329357
    endloop
  endfacet
  facet normal -0.6190939535502419 0 -0.7853169275378769
    outer loop
      vertex -9.203484758734703 -0.02 -31.236067980527878
      vertex -9.450135946273804 -0.02 -31.04162386059761
      vertex -9.450135946273804 0 -31.04162386059761
    endloop
  endfacet
  facet normal -0.6190939535502419 0 -0.7853169275378769
    outer loop
      vertex -9.203484758734703 -0.02 -31.236067980527878
      vertex -9.450135946273804 0 -31.04162386059761
      vertex -9.203484758734703 0 -31.236067980527878
    endloop
  endfacet
  facet normal -0.5555702376690262 0 -0.8314696091958995
    outer loop
      vertex -9.203484758734703 -0.02 -31.236067980527878
      vertex -9.203484758734703 0 -31.236067980527878
      vertex -8.94233801215887 -0.02 -31.41056066006422
    endloop
  endfacet
  facet normal -0.5555702376690262 0 -0.8314696091958995
    outer loop
      vertex -9.203484758734703 0 -31.236067980527878
      vertex -8.94233801215887 0 -31.41056066006422
      vertex -8.94233801215887 -0.02 -31.41056066006422
    endloop
  endfacet
  facet normal -0.48862122391976565 0 -0.8724960169164959
    outer loop
      vertex -8.94233801215887 -0.02 -31.41056066006422
      vertex -8.94233801215887 0 -31.41056066006422
      vertex -8.66830574721098 0 -31.564026094973087
    endloop
  endfacet
  facet normal -0.48862122391976565 0 -0.8724960169164959
    outer loop
      vertex -8.94233801215887 -0.02 -31.41056066006422
      vertex -8.66830574721098 0 -31.564026094973087
      vertex -8.66830574721098 -0.02 -31.564026094973087
    endloop
  endfacet
  facet normal -0.6788007546295063 0 -0.7343225010269075
    outer loop
      vertex -9.680770874023438 -0.02 -30.828427121043205
      vertex -9.450135946273804 0 -31.04162386059761
      vertex -9.450135946273804 -0.02 -31.04162386059761
    endloop
  endfacet
  facet normal -0.8724960011396657 0 -0.4886212520913232
    outer loop
      vertex -10.262904405593872 -0.1884678817298027 -30.08999425917864
      vertex -10.41636984795332 0 -29.815962001681328
      vertex -10.262904405593872 0 -30.08999425917864
    endloop
  endfacet
  facet normal -0.4186597409951228 0 -0.9081431722310622
    outer loop
      vertex -8.66830574721098 0 -31.564026094973087
      vertex -8.38307747989893 0 -31.695518128573895
      vertex -8.38307747989893 -0.02 -31.695518128573895
    endloop
  endfacet
  facet normal -0.4186597409951228 0 -0.9081431722310622
    outer loop
      vertex -8.66830574721098 -0.02 -31.564026094973087
      vertex -8.66830574721098 0 -31.564026094973087
      vertex -8.38307747989893 -0.02 -31.695518128573895
    endloop
  endfacet
  facet normal -0.34611704586176123 0 -0.938191340060186
    outer loop
      vertex -8.38307747989893 -0.02 -31.695518128573895
      vertex -8.38307747989893 0 -31.695518128573895
      vertex -8.100000001490116 0 -31.799950920045376
    endloop
  endfacet
  facet normal -0.34611704586176123 0 -0.938191340060186
    outer loop
      vertex -8.38307747989893 -0.02 -31.695518128573895
      vertex -8.100000001490116 0 -31.799950920045376
      vertex -8.100000001490116 -0.02 -31.799950920045376
    endloop
  endfacet
  facet normal 0 -1 0
    outer loop
      vertex -8.38307747989893 0 -31.695518128573895
      vertex -8.08841172605753 0 -31.80422606319189
      vertex -8.100000001490116 0 -31.799950920045376
    endloop
  endfacet
  facet normal 1 0 0
    outer loop
      vertex -8.100000001490116 -0.02 -31.799950920045376
      vertex -8.100000001490116 0 -31.799950920045376
      vertex -8.100000001490116 0 -12.002316188573637
    endloop
  endfacet
  facet normal 1 0 0
    outer loop
      vertex -8.100000001490116 -0.02 -31.799950920045376
      vertex -8.100000001490116 0 -12.002316188573637
      vertex -8.100000001490116 0 -8.096563536376138
    endloop
  endfacet
  facet normal 0 -1 0
    outer loop
      vertex -8.100000001490116 0 -31.799950920045376
      vertex -4.609690817895183 0 -10.083075486524198
      vertex -8.100000001490116 0 -12.002316188573637
    endloop
  endfacet
  facet normal 0 -1 0
    outer loop
      vertex -8.100000001490116 0 -31.799950920045376
      vertex -3.323401871576774 0 -14.323401871576774
      vertex -3.633149130804864 0 -13.981648435569134
    endloop
  endfacet
  facet normal 0 -1 0
    outer loop
      vertex -8.100000001490116 0 -31.799950920045376
      vertex -3.9079071778219627 0 -13.61118009519213
      vertex -4.145029942437269 0 -13.215564663082189
    endloop
  endfacet
  facet normal 0 -1 0
    outer loop
      vertex -8.100000001490116 0 -31.799950920045376
      vertex -4.145029942437269 0 -13.215564663082189
      vertex -4.342233802803048 0 -12.798612132115922
    endloop
  endfacet
  facet normal 0 -1 0
    outer loop
      vertex -8.100000001490116 0 -31.799950920045376
      vertex -4.342233802803048 0 -12.798612132115922
      vertex -4.497619577941381 0 -12.364337983095973
    endloop
  endfacet
  facet normal 0 -1 0
    outer loop
      vertex -8.100000001490116 0 -31.799950920045376
      vertex -3.633149130804864 0 -13.981648435569134
      vertex -3.9079071778219627 0 -13.61118009519213
    endloop
  endfacet
  facet normal 0 -1 0
    outer loop
      vertex -8.100000001490116 0 -31.799950920045376
      vertex -4.609690817895183 0 -11.916924513475802
      vertex -4.6773682153593255 0 -11.460680559548935
    endloop
  endfacet
  facet normal 0 -1 0
    outer loop
      vertex -8.100000001490116 0 -31.799950920045376
      vertex -4.6773682153593255 0 -11.460680559548935
      vertex -4.7 0 -11
    endloop
  endfacet
  facet normal 0 -1 0
    outer loop
      vertex -8.100000001490116 0 -31.799950920045376
      vertex -4.7 0 -11
      vertex -4.6773682153593255 0 -10.539319440451065
    endloop
  endfacet
  facet normal 0 -1 0
    outer loop
      vertex -8.100000001490116 0 -31.799950920045376
      vertex -4.6773682153593255 0 -10.539319440451065
      vertex -4.609690817895183 0 -10.083075486524198
    endloop
  endfacet
  facet normal 0 -1 0
    outer loop
      vertex -8.100000001490116 0 -31.799950920045376
      vertex -4.497619577941381 0 -12.364337983095973
      vertex -4.609690817895183 0 -11.916924513475802
    endloop
  endfacet
  facet normal -0.9381913343330595 0 -0.34611706138581694
    outer loop
      vertex -10.547861881554127 0 -29.530733726918697
      vertex -10.656569816172123 0 -29.236067980527878
      vertex -10.547861881554127 3 -29.530733726918697
    endloop
  endfacet
  facet normal -0.9807852809756513 0 -0.1950903191383745
    outer loop
      vertex -10.803097113966942 0 -28.625737860798836
      vertex -10.741823434829712 3 -28.93378145247698
      vertex -10.741823434829712 0 -28.93378145247698
    endloop
  endfacet
  facet normal -0.9624552359858051 0 -0.2714404515239178
    outer loop
      vertex -10.656569816172123 0 -29.236067980527878
      vertex -10.741823434829712 0 -28.93378145247698
      vertex -10.656569816172123 3 -29.236067980527878
    endloop
  endfacet
  facet normal -0.9930684569712185 0 -0.11753739732018625
    outer loop
      vertex -10.803097113966942 0 -28.625737860798836
      vertex -10.840013086795807 0 -28.313836380839348
      vertex -10.803097113966942 3 -28.625737860798836
    endloop
  endfacet
  facet normal -0.8314696091958995 0 -0.5555702376690261
    outer loop
      vertex -10.08841172605753 0 -30.35114100575447
      vertex -10.262904405593872 0 -30.08999425917864
      vertex -10.08841172605753 3 -30.35114100575447
    endloop
  endfacet
  facet normal -0.7343225010269077 0 -0.6788007546295063
    outer loop
      vertex -9.893967613577843 0 -30.59779219329357
      vertex -9.680770874023438 3 -30.828427121043205
      vertex -9.680770874023438 0 -30.828427121043205
    endloop
  endfacet
  facet normal -0.7853169390711715 0 -0.6190939389203273
    outer loop
      vertex -10.08841172605753 0 -30.35114100575447
      vertex -9.893967613577843 3 -30.59779219329357
      vertex -9.893967613577843 0 -30.59779219329357
    endloop
  endfacet
  facet normal -0.6190939535502419 0 -0.7853169275378769
    outer loop
      vertex -9.203484758734703 0 -31.236067980527878
      vertex -9.450135946273804 0 -31.04162386059761
      vertex -9.203484758734703 3 -31.236067980527878
    endloop
  endfacet
  facet normal -0.5555702376690261 0 -0.8314696091958995
    outer loop
      vertex -9.203484758734703 0 -31.236067980527878
      vertex -8.94233801215887 3 -31.41056066006422
      vertex -8.94233801215887 0 -31.41056066006422
    endloop
  endfacet
  facet normal -0.48862122391976565 0 -0.8724960169164959
    outer loop
      vertex -8.94233801215887 0 -31.41056066006422
      vertex -8.66830574721098 3 -31.564026094973087
      vertex -8.66830574721098 0 -31.564026094973087
    endloop
  endfacet
  facet normal -0.6788007546295063 0 -0.7343225010269077
    outer loop
      vertex -9.680770874023438 0 -30.828427121043205
      vertex -9.450135946273804 3 -31.04162386059761
      vertex -9.450135946273804 0 -31.04162386059761
    endloop
  endfacet
  facet normal -0.8724960011396659 0 -0.4886212520913232
    outer loop
      vertex -10.41636984795332 0 -29.815962001681328
      vertex -10.262904405593872 3 -30.08999425917864
      vertex -10.262904405593872 0 -30.08999425917864
    endloop
  endfacet
  facet normal -0.9081431763889644 0 -0.41865973197593587
    outer loop
      vertex -10.41636984795332 0 -29.815962001681328
      vertex -10.547861881554127 0 -29.530733726918697
      vertex -10.41636984795332 3 -29.815962001681328
    endloop
  endfacet
  facet normal -0.999229036091045 0 -0.03925981956862727
    outer loop
      vertex -10.840013086795807 0 -28.313836380839348
      vertex -10.852343752980232 0 -28
      vertex -10.840013086795807 3 -28.313836380839348
    endloop
  endfacet
  facet normal -0.9081431763889644 0 -0.41865973197593587
    outer loop
      vertex -10.547861881554127 0 -29.530733726918697
      vertex -10.547861881554127 3 -29.530733726918697
      vertex -10.41636984795332 3 -29.815962001681328
    endloop
  endfacet
  facet normal -0.9381913343330595 0 -0.34611706138581694
    outer loop
      vertex -10.656569816172123 0 -29.236067980527878
      vertex -10.656569816172123 3 -29.236067980527878
      vertex -10.547861881554127 3 -29.530733726918697
    endloop
  endfacet
  facet normal -0.9624552359858051 0 -0.2714404515239178
    outer loop
      vertex -10.741823434829712 0 -28.93378145247698
      vertex -10.741823434829712 3 -28.93378145247698
      vertex -10.656569816172123 3 -29.236067980527878
    endloop
  endfacet
  facet normal -0.9807852809756513 0 -0.1950903191383745
    outer loop
      vertex -10.803097113966942 0 -28.625737860798836
      vertex -10.803097113966942 3 -28.625737860798836
      vertex -10.741823434829712 3 -28.93378145247698
    endloop
  endfacet
  facet normal -0.9930684569712185 0 -0.11753739732018625
    outer loop
      vertex -10.840013086795807 0 -28.313836380839348
      vertex -10.840013086795807 3 -28.313836380839348
      vertex -10.803097113966942 3 -28.625737860798836
    endloop
  endfacet
  facet normal -0.7853169390711715 0 -0.6190939389203273
    outer loop
      vertex -10.08841172605753 0 -30.35114100575447
      vertex -10.08841172605753 3 -30.35114100575447
      vertex -9.893967613577843 3 -30.59779219329357
    endloop
  endfacet
  facet normal -0.8314696091958995 0 -0.5555702376690261
    outer loop
      vertex -10.262904405593872 0 -30.08999425917864
      vertex -10.262904405593872 3 -30.08999425917864
      vertex -10.08841172605753 3 -30.35114100575447
    endloop
  endfacet
  facet normal -0.7343225010269077 0 -0.6788007546295063
    outer loop
      vertex -9.893967613577843 0 -30.59779219329357
      vertex -9.893967613577843 3 -30.59779219329357
      vertex -9.680770874023438 3 -30.828427121043205
    endloop
  endfacet
  facet normal -0.6788007546295063 0 -0.7343225010269077
    outer loop
      vertex -9.680770874023438 0 -30.828427121043205
      vertex -9.680770874023438 3 -30.828427121043205
      vertex -9.450135946273804 3 -31.04162386059761
    endloop
  endfacet
  facet normal -0.6190939535502419 0 -0.7853169275378769
    outer loop
      vertex -9.450135946273804 0 -31.04162386059761
      vertex -9.450135946273804 3 -31.04162386059761
      vertex -9.203484758734703 3 -31.236067980527878
    endloop
  endfacet
  facet normal -0.5555702376690261 0 -0.8314696091958995
    outer loop
      vertex -9.203484758734703 0 -31.236067980527878
      vertex -9.203484758734703 3 -31.236067980527878
      vertex -8.94233801215887 3 -31.41056066006422
    endloop
  endfacet
  facet normal -0.48862122391976565 0 -0.8724960169164959
    outer loop
      vertex -8.94233801215887 0 -31.41056066006422
      vertex -8.94233801215887 3 -31.41056066006422
      vertex -8.66830574721098 3 -31.564026094973087
    endloop
  endfacet
  facet normal -0.8724960011396659 0 -0.4886212520913232
    outer loop
      vertex -10.41636984795332 0 -29.815962001681328
      vertex -10.41636984795332 3 -29.815962001681328
      vertex -10.262904405593872 3 -30.08999425917864
    endloop
  endfacet
  facet normal -0.999229036091045 0 -0.03925981956862727
    outer loop
      vertex -10.852343752980232 0 -28
      vertex -10.852343752980232 3 -28
      vertex -10.840013086795807 3 -28.313836380839348
    endloop
  endfacet
  facet normal -0.4186597409951228 0 -0.9081431722310621
    outer loop
      vertex -8.66830574721098 0 -31.564026094973087
      vertex -8.38307747989893 3 -31.695518128573895
      vertex -8.38307747989893 0 -31.695518128573895
    endloop
  endfacet
  facet normal -0.34611705368270346 0 -0.9381913371748881
    outer loop
      vertex -8.38307747989893 0 -31.695518128573895
      vertex -8.08841172605753 3 -31.80422606319189
      vertex -8.08841172605753 0 -31.80422606319189
    endloop
  endfacet
  facet normal -0.2714404577212815 0 -0.9624552342379677
    outer loop
      vertex -8.08841172605753 0 -31.80422606319189
      vertex -7.7861252054572105 3 -31.88947968184948
      vertex -7.7861252054572105 0 -31.88947968184948
    endloop
  endfacet
  facet normal -0.1950903191383745 0 -0.9807852809756513
    outer loop
      vertex -7.7861252054572105 0 -31.88947968184948
      vertex -7.478081613779068 3 -31.95075336098671
      vertex -7.478081613779068 0 -31.95075336098671
    endloop
  endfacet
  facet normal -0.11753739732018625 0 -0.9930684569712185
    outer loop
      vertex -7.478081613779068 0 -31.95075336098671
      vertex -7.16618013381958 3 -31.987669333815575
      vertex -7.16618013381958 0 -31.987669333815575
    endloop
  endfacet
  facet normal -0.03925981956862727 0 -0.999229036091045
    outer loop
      vertex -7.16618013381958 0 -31.987669333815575
      vertex -6.852343752980232 3 -32
      vertex -6.852343752980232 0 -32
    endloop
  endfacet
  facet normal -0.4186597409951228 0 -0.9081431722310621
    outer loop
      vertex -8.66830574721098 0 -31.564026094973087
      vertex -8.66830574721098 3 -31.564026094973087
      vertex -8.38307747989893 3 -31.695518128573895
    endloop
  endfacet
  facet normal -0.34611705368270346 0 -0.9381913371748881
    outer loop
      vertex -8.38307747989893 0 -31.695518128573895
      vertex -8.38307747989893 3 -31.695518128573895
      vertex -8.08841172605753 3 -31.80422606319189
    endloop
  endfacet
  facet normal -0.2714404577212815 0 -0.9624552342379677
    outer loop
      vertex -8.08841172605753 0 -31.80422606319189
      vertex -8.08841172605753 3 -31.80422606319189
      vertex -7.7861252054572105 3 -31.88947968184948
    endloop
  endfacet
  facet normal -0.1950903191383745 0 -0.9807852809756513
    outer loop
      vertex -7.7861252054572105 0 -31.88947968184948
      vertex -7.7861252054572105 3 -31.88947968184948
      vertex -7.478081613779068 3 -31.95075336098671
    endloop
  endfacet
  facet normal -0.11753739732018625 0 -0.9930684569712185
    outer loop
      vertex -7.478081613779068 0 -31.95075336098671
      vertex -7.478081613779068 3 -31.95075336098671
      vertex -7.16618013381958 3 -31.987669333815575
    endloop
  endfacet
  facet normal -0.03925981956862727 0 -0.999229036091045
    outer loop
      vertex -7.16618013381958 0 -31.987669333815575
      vertex -7.16618013381958 3 -31.987669333815575
      vertex -6.852343752980232 3 -32
    endloop
  endfacet
  facet normal 0 1 0
    outer loop
      vertex -9.203484758734703 3 -31.236067980527878
      vertex -9.450135946273804 3 -31.04162386059761
      vertex 0.0649699866771698 3 -22.913142144680023
    endloop
  endfacet
  facet normal 0 1 0
    outer loop
      vertex -9.203484758734703 3 -31.236067980527878
      vertex 0.1943398267030716 3 -23.060660168528557
      vertex -8.94233801215887 3 -31.41056066006422
    endloop
  endfacet
  facet normal 0 1 0
    outer loop
      vertex -8.66830574721098 3 -31.564026094973087
      vertex 0.3418578580021858 3 -23.19003000855446
      vertex -8.38307747989893 3 -31.695518128573895
    endloop
  endfacet
  facet normal 0 1 0
    outer loop
      vertex -8.38307747989893 3 -31.695518128573895
      vertex 0.505000002682209 3 -23.299038104712963
      vertex -8.08841172605753 3 -31.80422606319189
    endloop
  endfacet
  facet normal 0 1 0
    outer loop
      vertex -8.94233801215887 3 -31.41056066006422
      vertex 0.3418578580021858 3 -23.19003000855446
      vertex -8.66830574721098 3 -31.564026094973087
    endloop
  endfacet
  facet normal 0 1 0
    outer loop
      vertex -8.08841172605753 3 -31.80422606319189
      vertex 0.6809748485684395 3 -23.385819301009178
      vertex -7.7861252054572105 3 -31.88947968184948
    endloop
  endfacet
  facet normal 0 1 0
    outer loop
      vertex -10.08841172605753 3 -30.35114100575447
      vertex -0.13081929832696915 3 -22.57402514666319
      vertex -9.893967613577843 3 -30.59779219329357
    endloop
  endfacet
  facet normal 0 1 0
    outer loop
      vertex -10.41636984795332 3 -29.815962001681328
      vertex -0.19388873875141144 3 -22.388228565454483
      vertex -10.262904405593872 3 -30.08999425917864
    endloop
  endfacet
  facet normal 0 1 0
    outer loop
      vertex -10.08841172605753 3 -30.35114100575447
      vertex -10.262904405593872 3 -30.08999425917864
      vertex -0.13081929832696915 3 -22.57402514666319
    endloop
  endfacet
  facet normal 0 1 0
    outer loop
      vertex -10.656569816172123 3 -29.236067980527878
      vertex -10.741823434829712 3 -28.93378145247698
      vertex -0.2321672886610031 3 -21.80421071499586
    endloop
  endfacet
  facet normal 0 1 0
    outer loop
      vertex -10.41636984795332 3 -29.815962001681328
      vertex -10.547861881554127 3 -29.530733726918697
      vertex -0.2321672886610031 3 -22.19578928500414
    endloop
  endfacet
  facet normal 0 1 0
    outer loop
      vertex -10.547861881554127 3 -29.530733726918697
      vertex -10.656569816172123 3 -29.236067980527878
      vertex -0.24499999731779099 3 -22
    endloop
  endfacet
  facet normal 0 1 0
    outer loop
      vertex -10.803097113966942 3 -28.625737860798836
      vertex -0.19388873875141144 3 -21.611771434545517
      vertex -10.741823434829712 3 -28.93378145247698
    endloop
  endfacet
  facet normal 0 1 0
    outer loop
      vertex -10.803097113966942 3 -28.625737860798836
      vertex -10.840013086795807 3 -28.313836380839348
      vertex -0.13081929832696915 3 -21.42597485333681
    endloop
  endfacet
  facet normal 0 1 0
    outer loop
      vertex -10.840013086795807 3 -28.313836380839348
      vertex -10.852343752980232 3 -28
      vertex 0.0649699866771698 3 -21.086857855319977
    endloop
  endfacet
  facet normal 0 1 0
    outer loop
      vertex -9.893967613577843 3 -30.59779219329357
      vertex -0.04403810203075409 3 -22.75
      vertex -9.680770874023438 3 -30.828427121043205
    endloop
  endfacet
  facet normal 0 1 0
    outer loop
      vertex -9.680770874023438 3 -30.828427121043205
      vertex -0.04403810203075409 3 -22.75
      vertex -9.450135946273804 3 -31.04162386059761
    endloop
  endfacet
  facet normal -1 0 0
    outer loop
      vertex -10.852343752980232 0 -28
      vertex -10.852343752980232 0 -15.145000003278255
      vertex -10.852343752980232 3 -28
    endloop
  endfacet
  facet normal 0 1 0
    outer loop
      vertex -10.852343752980232 3 -28
      vertex -10.852343752980232 3 -15.145000003278255
      vertex -6.852343752980232 3 -21.600000001490116
    endloop
  endfacet
  facet normal -1 0 0
    outer loop
      vertex -10.852343752980232 0 -15.145000003278255
      vertex -10.852343752980232 3 -15.145000003278255
      vertex -10.852343752980232 3 -28
    endloop
  endfacet
  facet normal 0 1 0
    outer loop
      vertex -10.852343752980232 3 -28
      vertex -6.852343752980232 3 -21.600000001490116
      vertex -6.852343752980232 3 -22.399999998509884
    endloop
  endfacet
  facet normal 0 1 0
    outer loop
      vertex -10.852343752980232 3 -28
      vertex -6.852343752980232 3 -22.399999998509884
      vertex -6 3 -22.399999998509884
    endloop
  endfacet
  facet normal 1 0 0
    outer loop
      vertex -6.852343752980232 2.5999999999999996 -22.399999998509884
      vertex -6.852343752980232 3 -22.399999998509884
      vertex -6.852343752980232 2.5999999999999996 -21.600000001490116
    endloop
  endfacet
  facet normal 1 0 0
    outer loop
      vertex -6.852343752980232 2.5999999999999996 -21.600000001490116
      vertex -6.852343752980232 3 -22.399999998509884
      vertex -6.852343752980232 3 -21.600000001490116
    endloop
  endfacet
  facet normal 0 1 0
    outer loop
      vertex -6.852343752980232 2.5999999999999996 -22.399999998509884
      vertex -6.852343752980232 2.5999999999999996 -21.600000001490116
      vertex -6 2.5999999999999996 -22.399999998509884
    endloop
  endfacet
  facet normal 0 1 0
    outer loop
      vertex -6.852343752980232 2.5999999999999996 -21.600000001490116
      vertex -6 2.5999999999999996 -21.600000001490116
      vertex -6 2.5999999999999996 -22.399999998509884
    endloop
  endfacet
  facet normal 0 0 1
    outer loop
      vertex -6.852343752980232 2.5999999999999996 -22.399999998509884
      vertex -6 2.5999999999999996 -22.399999998509884
      vertex -6 3 -22.399999998509884
    endloop
  endfacet
  facet normal -1 0 0
    outer loop
      vertex -6 2.5999999999999996 -22.399999998509884
      vertex -6 2.5999999999999996 -21.600000001490116
      vertex -6 3 -21.600000001490116
    endloop
  endfacet
  facet normal 0 0 -1
    outer loop
      vertex -6.852343752980232 2.5999999999999996 -21.600000001490116
      vertex -6.852343752980232 3 -21.600000001490116
      vertex -6 2.5999999999999996 -21.600000001490116
    endloop
  endfacet
  facet normal 0 0 1
    outer loop
      vertex -6.852343752980232 2.5999999999999996 -22.399999998509884
      vertex -6 3 -22.399999998509884
      vertex -6.852343752980232 3 -22.399999998509884
    endloop
  endfacet
  facet normal -1 0 0
    outer loop
      vertex -6 2.5999999999999996 -22.399999998509884
      vertex -6 3 -21.600000001490116
      vertex -6 3 -22.399999998509884
    endloop
  endfacet
  facet normal 0 0 -1
    outer loop
      vertex -6 2.5999999999999996 -21.600000001490116
      vertex -6.852343752980232 3 -21.600000001490116
      vertex -6 3 -21.600000001490116
    endloop
  endfacet
  facet normal 0 1 0
    outer loop
      vertex -6.852343752980232 3 -21.600000001490116
      vertex -10.852343752980232 3 -15.145000003278255
      vertex -6 3 -21.600000001490116
    endloop
  endfacet
  facet normal 0 -1 0
    outer loop
      vertex -8.100000001490116 0 -31.799950920045376
      vertex -8.08841172605753 0 -31.80422606319189
      vertex 4.899999998509884 0 -16.601431898772717
    endloop
  endfacet
  facet normal 0 -1 0
    outer loop
      vertex -8.08841172605753 0 -31.80422606319189
      vertex -7.7861252054572105 0 -31.88947968184948
      vertex 4.899999998509884 0 -16.601431898772717
    endloop
  endfacet
  facet normal 0 -1 0
    outer loop
      vertex -7.7861252054572105 0 -31.88947968184948
      vertex -7.478081613779068 0 -31.95075336098671
      vertex 4.899999998509884 0 -16.601431898772717
    endloop
  endfacet
  facet normal 0 -1 0
    outer loop
      vertex -7.478081613779068 0 -31.95075336098671
      vertex -7.16618013381958 0 -31.987669333815575
      vertex 4.899999998509884 0 -16.601431898772717
    endloop
  endfacet
  facet normal 0 -1 0
    outer loop
      vertex -7.16618013381958 0 -31.987669333815575
      vertex -6.852343752980232 0 -32
      vertex 4.899999998509884 0 -16.601431898772717
    endloop
  endfacet
  facet normal 0 -1 0
    outer loop
      vertex -6.852343752980232 0 -32
      vertex 4.899999998509884 0 -32
      vertex 4.899999998509884 0 -16.601431898772717
    endloop
  endfacet
  facet normal 0 -1 0
    outer loop
      vertex -8.100000001490116 0 -31.799950920045376
      vertex -1.364337983095973 0 -15.497619577941382
      vertex -1.798612132115922 0 -15.342233802803047
    endloop
  endfacet
  facet normal 0 -1 0
    outer loop
      vertex -8.100000001490116 0 -31.799950920045376
      vertex -0.9169245134758028 0 -15.609690817895183
      vertex -1.364337983095973 0 -15.497619577941382
    endloop
  endfacet
  facet normal 0 -1 0
    outer loop
      vertex -8.100000001490116 0 -31.799950920045376
      vertex -0.46068055954893483 0 -15.677368215359326
      vertex -0.9169245134758028 0 -15.609690817895183
    endloop
  endfacet
  facet normal 0 -1 0
    outer loop
      vertex -8.100000001490116 0 -31.799950920045376
      vertex 0 0 -15.7
      vertex -0.46068055954893483 0 -15.677368215359326
    endloop
  endfacet
  facet normal 0 -1 0
    outer loop
      vertex -8.100000001490116 0 -31.799950920045376
      vertex 0.46068055954893483 0 -15.677368215359326
      vertex 0 0 -15.7
    endloop
  endfacet
  facet normal 0 -1 0
    outer loop
      vertex -8.100000001490116 0 -31.799950920045376
      vertex 0.9169245134758028 0 -15.609690817895183
      vertex 0.46068055954893483 0 -15.677368215359326
    endloop
  endfacet
  facet normal 0 -1 0
    outer loop
      vertex -8.100000001490116 0 -31.799950920045376
      vertex 1.364337983095973 0 -15.497619577941382
      vertex 0.9169245134758028 0 -15.609690817895183
    endloop
  endfacet
  facet normal 0 -1 0
    outer loop
      vertex -8.100000001490116 0 -31.799950920045376
      vertex 1.798612132115922 0 -15.342233802803047
      vertex 1.364337983095973 0 -15.497619577941382
    endloop
  endfacet
  facet normal 0 -1 0
    outer loop
      vertex -8.100000001490116 0 -31.799950920045376
      vertex -2.6111800951921302 0 -14.907907177821963
      vertex -2.981648435569134 0 -14.633149130804863
    endloop
  endfacet
  facet normal 0 -1 0
    outer loop
      vertex -8.100000001490116 0 -31.799950920045376
      vertex -2.981648435569134 0 -14.633149130804863
      vertex -3.323401871576774 0 -14.323401871576774
    endloop
  endfacet
  facet normal 0 -1 0
    outer loop
      vertex -8.100000001490116 0 -31.799950920045376
      vertex -2.215564663082189 0 -15.145029942437269
      vertex -2.6111800951921302 0 -14.907907177821963
    endloop
  endfacet
  facet normal 0 -1 0
    outer loop
      vertex -8.100000001490116 0 -31.799950920045376
      vertex -1.798612132115922 0 -15.342233802803047
      vertex -2.215564663082189 0 -15.145029942437269
    endloop
  endfacet
  facet normal 0 -1 0
    outer loop
      vertex -8.100000001490116 0 -31.799950920045376
      vertex 4.899999998509884 0 -16.601431898772717
      vertex 1.798612132115922 0 -15.342233802803047
    endloop
  endfacet
  facet normal 0 1 0
    outer loop
      vertex -0.04403810203075409 0.5 -22.75
      vertex -0.13081929832696915 0.5 -22.57402514666319
      vertex 2.703888736665249 0.5 -22.388228565454483
    endloop
  endfacet
  facet normal 0 1 0
    outer loop
      vertex -0.13081929832696915 0.5 -22.57402514666319
      vertex -0.19388873875141144 0.5 -22.388228565454483
      vertex 2.742167294025421 0.5 -22.19578928500414
    endloop
  endfacet
  facet normal 0 1 0
    outer loop
      vertex -0.19388873875141144 0.5 -22.388228565454483
      vertex -0.2321672886610031 0.5 -22.19578928500414
      vertex 2.755000002682209 0.5 -22
    endloop
  endfacet
  facet normal 0 1 0
    outer loop
      vertex -0.2321672886610031 0.5 -22.19578928500414
      vertex -0.24499999731779099 0.5 -22
      vertex 2.742167294025421 0.5 -21.80421071499586
    endloop
  endfacet
  facet normal 0 1 0
    outer loop
      vertex -0.24499999731779099 0.5 -22
      vertex -0.2321672886610031 0.5 -21.80421071499586
      vertex 2.703888736665249 0.5 -21.611771434545517
    endloop
  endfacet
  facet normal 0 1 0
    outer loop
      vertex -0.2321672886610031 0.5 -21.80421071499586
      vertex -0.19388873875141144 0.5 -21.611771434545517
      vertex 2.6408192962408066 0.5 -21.42597485333681
    endloop
  endfacet
  facet normal 0 1 0
    outer loop
      vertex -0.19388873875141144 0.5 -21.611771434545517
      vertex -0.13081929832696915 0.5 -21.42597485333681
      vertex 2.554038107395172 0.5 -21.25
    endloop
  endfacet
  facet normal 0 1 0
    outer loop
      vertex -0.13081929832696915 0.5 -21.42597485333681
      vertex -0.04403810203075409 0.5 -21.25
      vertex 2.4450300112366676 0.5 -21.086857855319977
    endloop
  endfacet
  facet normal 0 1 0
    outer loop
      vertex -0.04403810203075409 0.5 -21.25
      vertex 0.0649699866771698 0.5 -21.086857855319977
      vertex 2.315660171210766 0.5 -20.939339831471443
    endloop
  endfacet
  facet normal 0 1 0
    outer loop
      vertex 0.0649699866771698 0.5 -21.086857855319977
      vertex 0.1943398267030716 0.5 -20.939339831471443
      vertex 2.1681421399116516 0.5 -20.80996999144554
    endloop
  endfacet
  facet normal 0 1 0
    outer loop
      vertex 0.3418578580021858 0.5 -23.19003000855446
      vertex 2.315660171210766 0.5 -23.060660168528557
      vertex 0.505000002682209 0.5 -23.299038104712963
    endloop
  endfacet
  facet normal 0 1 0
    outer loop
      vertex 0.8667714297771454 0.5 -23.44888874143362
      vertex 1.829025149345398 0.5 -23.385819301009178
      vertex 1.0592107102274895 0.5 -23.487167291343212
    endloop
  endfacet
  facet normal 0 1 0
    outer loop
      vertex 1.0592107102274895 0.5 -23.487167291343212
      vertex 1.643228568136692 0.5 -23.44888874143362
      vertex 1.255000002682209 0.5 -23.5
    endloop
  endfacet
  facet normal 0 1 0
    outer loop
      vertex 0.505000002682209 0.5 -23.299038104712963
      vertex 2.1681421399116516 0.5 -23.19003000855446
      vertex 0.6809748485684395 0.5 -23.385819301009178
    endloop
  endfacet
  facet normal 0 1 0
    outer loop
      vertex 0.6809748485684395 0.5 -23.385819301009178
      vertex 2.005000002682209 0.5 -23.299038104712963
      vertex 0.8667714297771454 0.5 -23.44888874143362
    endloop
  endfacet
  facet normal 0 1 0
    outer loop
      vertex 0.3418578580021858 0.5 -23.19003000855446
      vertex 0.1943398267030716 0.5 -23.060660168528557
      vertex 2.4450300112366676 0.5 -22.913142144680023
    endloop
  endfacet
  facet normal 0 1 0
    outer loop
      vertex 0.0649699866771698 0.5 -22.913142144680023
      vertex 2.554038107395172 0.5 -22.75
      vertex 0.1943398267030716 0.5 -23.060660168528557
    endloop
  endfacet
  facet normal 0 1 0
    outer loop
      vertex -0.04403810203075409 0.5 -22.75
      vertex 2.6408192962408066 0.5 -22.57402514666319
      vertex 0.0649699866771698 0.5 -22.913142144680023
    endloop
  endfacet
  facet normal 0 1 0
    outer loop
      vertex 1.255000002682209 0.5 -23.5
      vertex 1.643228568136692 0.5 -23.44888874143362
      vertex 1.450789287686348 0.5 -23.487167291343212
    endloop
  endfacet
  facet normal 0 1 0
    outer loop
      vertex 1.0592107102274895 0.5 -23.487167291343212
      vertex 1.829025149345398 0.5 -23.385819301009178
      vertex 1.643228568136692 0.5 -23.44888874143362
    endloop
  endfacet
  facet normal 0 1 0
    outer loop
      vertex 0.8667714297771454 0.5 -23.44888874143362
      vertex 2.005000002682209 0.5 -23.299038104712963
      vertex 1.829025149345398 0.5 -23.385819301009178
    endloop
  endfacet
  facet normal 0 1 0
    outer loop
      vertex 0.6809748485684395 0.5 -23.385819301009178
      vertex 2.1681421399116516 0.5 -23.19003000855446
      vertex 2.005000002682209 0.5 -23.299038104712963
    endloop
  endfacet
  facet normal 0 1 0
    outer loop
      vertex 0.505000002682209 0.5 -23.299038104712963
      vertex 2.315660171210766 0.5 -23.060660168528557
      vertex 2.1681421399116516 0.5 -23.19003000855446
    endloop
  endfacet
  facet normal 0 1 0
    outer loop
      vertex 0.3418578580021858 0.5 -23.19003000855446
      vertex 2.4450300112366676 0.5 -22.913142144680023
      vertex 2.315660171210766 0.5 -23.060660168528557
    endloop
  endfacet
  facet normal 0 1 0
    outer loop
      vertex 0.1943398267030716 0.5 -23.060660168528557
      vertex 2.554038107395172 0.5 -22.75
      vertex 2.4450300112366676 0.5 -22.913142144680023
    endloop
  endfacet
  facet normal 0 1 0
    outer loop
      vertex 0.0649699866771698 0.5 -22.913142144680023
      vertex 2.6408192962408066 0.5 -22.57402514666319
      vertex 2.554038107395172 0.5 -22.75
    endloop
  endfacet
  facet normal 0 1 0
    outer loop
      vertex -0.04403810203075409 0.5 -22.75
      vertex 2.703888736665249 0.5 -22.388228565454483
      vertex 2.6408192962408066 0.5 -22.57402514666319
    endloop
  endfacet
  facet normal 0 1 0
    outer loop
      vertex -0.13081929832696915 0.5 -22.57402514666319
      vertex 2.742167294025421 0.5 -22.19578928500414
      vertex 2.703888736665249 0.5 -22.388228565454483
    endloop
  endfacet
  facet normal 0 1 0
    outer loop
      vertex -0.19388873875141144 0.5 -22.388228565454483
      vertex 2.755000002682209 0.5 -22
      vertex 2.742167294025421 0.5 -22.19578928500414
    endloop
  endfacet
  facet normal 0 1 0
    outer loop
      vertex -0.2321672886610031 0.5 -22.19578928500414
      vertex 2.742167294025421 0.5 -21.80421071499586
      vertex 2.755000002682209 0.5 -22
    endloop
  endfacet
  facet normal 0 1 0
    outer loop
      vertex -0.24499999731779099 0.5 -22
      vertex 2.703888736665249 0.5 -21.611771434545517
      vertex 2.742167294025421 0.5 -21.80421071499586
    endloop
  endfacet
  facet normal 0 1 0
    outer loop
      vertex -0.2321672886610031 0.5 -21.80421071499586
      vertex 2.6408192962408066 0.5 -21.42597485333681
      vertex 2.703888736665249 0.5 -21.611771434545517
    endloop
  endfacet
  facet normal 0 1 0
    outer loop
      vertex -0.19388873875141144 0.5 -21.611771434545517
      vertex 2.554038107395172 0.5 -21.25
      vertex 2.6408192962408066 0.5 -21.42597485333681
    endloop
  endfacet
  facet normal 0 1 0
    outer loop
      vertex 0.0649699866771698 0.5 -21.086857855319977
      vertex 2.1681421399116516 0.5 -20.80996999144554
      vertex 2.315660171210766 0.5 -20.939339831471443
    endloop
  endfacet
  facet normal 0 1 0
    outer loop
      vertex -0.13081929832696915 0.5 -21.42597485333681
      vertex 2.4450300112366676 0.5 -21.086857855319977
      vertex 2.554038107395172 0.5 -21.25
    endloop
  endfacet
  facet normal 0 1 0
    outer loop
      vertex -0.04403810203075409 0.5 -21.25
      vertex 2.315660171210766 0.5 -20.939339831471443
      vertex 2.4450300112366676 0.5 -21.086857855319977
    endloop
  endfacet
  facet normal 0 1 0
    outer loop
      vertex 0.1943398267030716 0.5 -20.939339831471443
      vertex 0.3418578580021858 0.5 -20.80996999144554
      vertex 2.005000002682209 0.5 -20.700961895287037
    endloop
  endfacet
  facet normal 0 1 0
    outer loop
      vertex 0.3418578580021858 0.5 -20.80996999144554
      vertex 0.505000002682209 0.5 -20.700961895287037
      vertex 1.829025149345398 0.5 -20.614180698990822
    endloop
  endfacet
  facet normal 0 1 0
    outer loop
      vertex 0.505000002682209 0.5 -20.700961895287037
      vertex 0.6809748485684395 0.5 -20.614180698990822
      vertex 1.643228568136692 0.5 -20.55111125856638
    endloop
  endfacet
  facet normal 0 1 0
    outer loop
      vertex 0.6809748485684395 0.5 -20.614180698990822
      vertex 0.8667714297771454 0.5 -20.55111125856638
      vertex 1.450789287686348 0.5 -20.512832708656788
    endloop
  endfacet
  facet normal 0 1 0
    outer loop
      vertex 0.8667714297771454 0.5 -20.55111125856638
      vertex 1.0592107102274895 0.5 -20.512832708656788
      vertex 1.255000002682209 0.5 -20.5
    endloop
  endfacet
  facet normal 0 1 0
    outer loop
      vertex 0.505000002682209 0.5 -20.700961895287037
      vertex 1.643228568136692 0.5 -20.55111125856638
      vertex 1.829025149345398 0.5 -20.614180698990822
    endloop
  endfacet
  facet normal 0 1 0
    outer loop
      vertex 0.8667714297771454 0.5 -20.55111125856638
      vertex 1.255000002682209 0.5 -20.5
      vertex 1.450789287686348 0.5 -20.512832708656788
    endloop
  endfacet
  facet normal 0 1 0
    outer loop
      vertex 0.6809748485684395 0.5 -20.614180698990822
      vertex 1.450789287686348 0.5 -20.512832708656788
      vertex 1.643228568136692 0.5 -20.55111125856638
    endloop
  endfacet
  facet normal 0 1 0
    outer loop
      vertex 0.3418578580021858 0.5 -20.80996999144554
      vertex 1.829025149345398 0.5 -20.614180698990822
      vertex 2.005000002682209 0.5 -20.700961895287037
    endloop
  endfacet
  facet normal 0 1 0
    outer loop
      vertex 0.1943398267030716 0.5 -20.939339831471443
      vertex 2.005000002682209 0.5 -20.700961895287037
      vertex 2.1681421399116516 0.5 -20.80996999144554
    endloop
  endfacet
  facet normal 0 0 -1
    outer loop
      vertex -6.852343752980232 0 -32
      vertex -6.852343752980232 3 -32
      vertex 4.899999998509884 3 -32
    endloop
  endfacet
  facet normal 0 1 0
    outer loop
      vertex -7.7861252054572105 3 -31.88947968184948
      vertex 0.8667714297771454 3 -23.44888874143362
      vertex -7.478081613779068 3 -31.95075336098671
    endloop
  endfacet
  facet normal 0 1 0
    outer loop
      vertex -7.478081613779068 3 -31.95075336098671
      vertex 0.8667714297771454 3 -23.44888874143362
      vertex -7.16618013381958 3 -31.987669333815575
    endloop
  endfacet
  facet normal 0 1 0
    outer loop
      vertex -7.16618013381958 3 -31.987669333815575
      vertex 1.0592107102274895 3 -23.487167291343212
      vertex -6.852343752980232 3 -32
    endloop
  endfacet
  facet normal 0 1 0
    outer loop
      vertex -9.203484758734703 3 -31.236067980527878
      vertex 0.0649699866771698 3 -22.913142144680023
      vertex 0.1943398267030716 3 -23.060660168528557
    endloop
  endfacet
  facet normal 0 1 0
    outer loop
      vertex -9.450135946273804 3 -31.04162386059761
      vertex -0.04403810203075409 3 -22.75
      vertex 0.0649699866771698 3 -22.913142144680023
    endloop
  endfacet
  facet normal 0 1 0
    outer loop
      vertex -10.547861881554127 3 -29.530733726918697
      vertex -0.24499999731779099 3 -22
      vertex -0.2321672886610031 3 -22.19578928500414
    endloop
  endfacet
  facet normal 0 1 0
    outer loop
      vertex -10.262904405593872 3 -30.08999425917864
      vertex -0.19388873875141144 3 -22.388228565454483
      vertex -0.13081929832696915 3 -22.57402514666319
    endloop
  endfacet
  facet normal 0 1 0
    outer loop
      vertex -10.41636984795332 3 -29.815962001681328
      vertex -0.2321672886610031 3 -22.19578928500414
      vertex -0.19388873875141144 3 -22.388228565454483
    endloop
  endfacet
  facet normal 0 1 0
    outer loop
      vertex -9.893967613577843 3 -30.59779219329357
      vertex -0.13081929832696915 3 -22.57402514666319
      vertex -0.04403810203075409 3 -22.75
    endloop
  endfacet
  facet normal 0 1 0
    outer loop
      vertex -8.38307747989893 3 -31.695518128573895
      vertex 0.3418578580021858 3 -23.19003000855446
      vertex 0.505000002682209 3 -23.299038104712963
    endloop
  endfacet
  facet normal 0 1 0
    outer loop
      vertex -8.94233801215887 3 -31.41056066006422
      vertex 0.1943398267030716 3 -23.060660168528557
      vertex 0.3418578580021858 3 -23.19003000855446
    endloop
  endfacet
  facet normal 0 1 0
    outer loop
      vertex -8.08841172605753 3 -31.80422606319189
      vertex 0.505000002682209 3 -23.299038104712963
      vertex 0.6809748485684395 3 -23.385819301009178
    endloop
  endfacet
  facet normal 0 1 0
    outer loop
      vertex -7.7861252054572105 3 -31.88947968184948
      vertex 0.6809748485684395 3 -23.385819301009178
      vertex 0.8667714297771454 3 -23.44888874143362
    endloop
  endfacet
  facet normal 0 1 0
    outer loop
      vertex -7.16618013381958 3 -31.987669333815575
      vertex 0.8667714297771454 3 -23.44888874143362
      vertex 1.0592107102274895 3 -23.487167291343212
    endloop
  endfacet
  facet normal 0 1 0
    outer loop
      vertex -6.852343752980232 3 -32
      vertex 1.0592107102274895 3 -23.487167291343212
      vertex 1.255000002682209 3 -23.5
    endloop
  endfacet
  facet normal 0 1 0
    outer loop
      vertex -6.852343752980232 3 -32
      vertex 1.255000002682209 3 -23.5
      vertex 1.450789287686348 3 -23.487167291343212
    endloop
  endfacet
  facet normal 0 1 0
    outer loop
      vertex -6.852343752980232 3 -32
      vertex 1.450789287686348 3 -23.487167291343212
      vertex 1.643228568136692 3 -23.44888874143362
    endloop
  endfacet
  facet normal 0 1 0
    outer loop
      vertex -6.852343752980232 3 -32
      vertex 1.643228568136692 3 -23.44888874143362
      vertex 1.829025149345398 3 -23.385819301009178
    endloop
  endfacet
  facet normal 0 0 -1
    outer loop
      vertex -6.852343752980232 0 -32
      vertex 4.899999998509884 3 -32
      vertex 4.899999998509884 0 -32
    endloop
  endfacet
  facet normal 0 1 0
    outer loop
      vertex -6.852343752980232 3 -32
      vertex 8.899999998509884 3 -28
      vertex 4.899999998509884 3 -32
    endloop
  endfacet
  facet normal 0 1 0
    outer loop
      vertex -6.852343752980232 3 -32
      vertex 1.829025149345398 3 -23.385819301009178
      vertex 2.005000002682209 3 -23.299038104712963
    endloop
  endfacet
  facet normal 0 1 0
    outer loop
      vertex -6.852343752980232 3 -32
      vertex 2.005000002682209 3 -23.299038104712963
      vertex 2.1681421399116516 3 -23.19003000855446
    endloop
  endfacet
  facet normal 0 1 0
    outer loop
      vertex -6.852343752980232 3 -32
      vertex 2.1681421399116516 3 -23.19003000855446
      vertex 8.899999998509884 3 -28
    endloop
  endfacet
  facet normal 0 1 0
    outer loop
      vertex -10.656569816172123 3 -29.236067980527878
      vertex -0.2321672886610031 3 -21.80421071499586
      vertex -0.24499999731779099 3 -22
    endloop
  endfacet
  facet normal 0 1 0
    outer loop
      vertex -10.741823434829712 3 -28.93378145247698
      vertex -0.19388873875141144 3 -21.611771434545517
      vertex -0.2321672886610031 3 -21.80421071499586
    endloop
  endfacet
  facet normal 0 1 0
    outer loop
      vertex -10.803097113966942 3 -28.625737860798836
      vertex -0.13081929832696915 3 -21.42597485333681
      vertex -0.19388873875141144 3 -21.611771434545517
    endloop
  endfacet
  facet normal 0 1 0
    outer loop
      vertex -10.840013086795807 3 -28.313836380839348
      vertex -0.04403810203075409 3 -21.25
      vertex -0.13081929832696915 3 -21.42597485333681
    endloop
  endfacet
  facet normal 0 1 0
    outer loop
      vertex -10.840013086795807 3 -28.313836380839348
      vertex 0.0649699866771698 3 -21.086857855319977
      vertex -0.04403810203075409 3 -21.25
    endloop
  endfacet
  facet normal 0 1 0
    outer loop
      vertex -10.852343752980232 3 -28
      vertex 0.1943398267030716 3 -20.939339831471443
      vertex 0.0649699866771698 3 -21.086857855319977
    endloop
  endfacet
  facet normal 0 1 0
    outer loop
      vertex -10.852343752980232 3 -28
      vertex 0.3418578580021858 3 -20.80996999144554
      vertex 0.1943398267030716 3 -20.939339831471443
    endloop
  endfacet
  facet normal 0 1 0
    outer loop
      vertex -10.852343752980232 3 -28
      vertex 0.505000002682209 3 -20.700961895287037
      vertex 0.3418578580021858 3 -20.80996999144554
    endloop
  endfacet
  facet normal 0 1 0
    outer loop
      vertex -10.852343752980232 3 -28
      vertex -6 3 -22.399999998509884
      vertex 8.899999998509884 3 -15.145000003278255
    endloop
  endfacet
  facet normal 0 1 0
    outer loop
      vertex -6 3 -22.399999998509884
      vertex -6 3 -21.600000001490116
      vertex 8.899999998509884 3 -15.145000003278255
    endloop
  endfacet
  facet normal 0 1 0
    outer loop
      vertex -6 3 -21.600000001490116
      vertex -10.852343752980232 3 -15.145000003278255
      vertex 8.899999998509884 3 -15.145000003278255
    endloop
  endfacet
  facet normal 0.8314696295164111 0 0.5555702072572304
    outer loop
      vertex -0.04403810203075409 0.5 -22.75
      vertex 0.0649699866771698 0.5 -22.913142144680023
      vertex 0.0649699866771698 3 -22.913142144680023
    endloop
  endfacet
  facet normal 0.7518397942312052 0 0.6593458302062577
    outer loop
      vertex 0.0649699866771698 0.5 -22.913142144680023
      vertex 0.1943398267030716 0.5 -23.060660168528557
      vertex 0.1943398267030716 3 -23.060660168528557
    endloop
  endfacet
  facet normal 0.6593458113823881 0 0.751839810739296
    outer loop
      vertex 0.3418578580021858 0.5 -23.19003000855446
      vertex 0.3418578580021858 3 -23.19003000855446
      vertex 0.1943398267030716 0.5 -23.060660168528557
    endloop
  endfacet
  facet normal 0.5555702335092735 0 0.8314696119753573
    outer loop
      vertex 0.3418578580021858 0.5 -23.19003000855446
      vertex 0.505000002682209 0.5 -23.299038104712963
      vertex 0.505000002682209 3 -23.299038104712963
    endloop
  endfacet
  facet normal 0.4422887146151558 0 0.8968727295018358
    outer loop
      vertex 0.505000002682209 0.5 -23.299038104712963
      vertex 0.6809748485684395 0.5 -23.385819301009178
      vertex 0.6809748485684395 3 -23.385819301009178
    endloop
  endfacet
  facet normal 0.3214394637077385 0 0.9469301300366789
    outer loop
      vertex 0.6809748485684395 0.5 -23.385819301009178
      vertex 0.8667714297771454 0.5 -23.44888874143362
      vertex 0.8667714297771454 3 -23.44888874143362
    endloop
  endfacet
  facet normal 0.9469301300366789 0 0.3214394637077385
    outer loop
      vertex -0.13081929832696915 0.5 -22.57402514666319
      vertex -0.13081929832696915 3 -22.57402514666319
      vertex -0.19388873875141144 0.5 -22.388228565454483
    endloop
  endfacet
  facet normal 0.9807852832718772 0 0.19509030759446716
    outer loop
      vertex -0.19388873875141144 0.5 -22.388228565454483
      vertex -0.19388873875141144 3 -22.388228565454483
      vertex -0.2321672886610031 0.5 -22.19578928500414
    endloop
  endfacet
  facet normal 0.9978589229274388 0 0.06540313397759875
    outer loop
      vertex -0.2321672886610031 0.5 -22.19578928500414
      vertex -0.2321672886610031 3 -22.19578928500414
      vertex -0.24499999731779099 0.5 -22
    endloop
  endfacet
  facet normal 0.9978589229274388 0 -0.06540313397759875
    outer loop
      vertex -0.24499999731779099 0.5 -22
      vertex -0.24499999731779099 3 -22
      vertex -0.2321672886610031 0.5 -21.80421071499586
    endloop
  endfacet
  facet normal 0.9807852832718772 0 -0.19509030759446716
    outer loop
      vertex -0.2321672886610031 0.5 -21.80421071499586
      vertex -0.2321672886610031 3 -21.80421071499586
      vertex -0.19388873875141144 0.5 -21.611771434545517
    endloop
  endfacet
  facet normal 0.9469301300366789 0 -0.3214394637077385
    outer loop
      vertex -0.19388873875141144 0.5 -21.611771434545517
      vertex -0.19388873875141144 3 -21.611771434545517
      vertex -0.13081929832696915 0.5 -21.42597485333681
    endloop
  endfacet
  facet normal 0.8968727369300094 0 -0.4422886995523108
    outer loop
      vertex -0.13081929832696915 0.5 -21.42597485333681
      vertex -0.13081929832696915 3 -21.42597485333681
      vertex -0.04403810203075409 0.5 -21.25
    endloop
  endfacet
  facet normal 0.8968727369300094 0 0.4422886995523108
    outer loop
      vertex -0.04403810203075409 0.5 -22.75
      vertex -0.04403810203075409 3 -22.75
      vertex -0.13081929832696915 0.5 -22.57402514666319
    endloop
  endfacet
  facet normal 0.8314696295164111 0 -0.5555702072572304
    outer loop
      vertex -0.04403810203075409 0.5 -21.25
      vertex -0.04403810203075409 3 -21.25
      vertex 0.0649699866771698 0.5 -21.086857855319977
    endloop
  endfacet
  facet normal 0.7518397942312052 0 -0.6593458302062577
    outer loop
      vertex 0.0649699866771698 0.5 -21.086857855319977
      vertex 0.0649699866771698 3 -21.086857855319977
      vertex 0.1943398267030716 0.5 -20.939339831471443
    endloop
  endfacet
  facet normal 0.6593458113823881 0 -0.751839810739296
    outer loop
      vertex 0.1943398267030716 0.5 -20.939339831471443
      vertex 0.1943398267030716 3 -20.939339831471443
      vertex 0.3418578580021858 0.5 -20.80996999144554
    endloop
  endfacet
  facet normal 0.19509030759446716 0 0.9807852832718772
    outer loop
      vertex 0.8667714297771454 0.5 -23.44888874143362
      vertex 1.0592107102274895 0.5 -23.487167291343212
      vertex 1.0592107102274895 3 -23.487167291343212
    endloop
  endfacet
  facet normal 0.06540313149938919 0 0.9978589230898693
    outer loop
      vertex 1.0592107102274895 0.5 -23.487167291343212
      vertex 1.255000002682209 0.5 -23.5
      vertex 1.255000002682209 3 -23.5
    endloop
  endfacet
  facet normal -0.06540313397759875 0 0.9978589229274388
    outer loop
      vertex 1.255000002682209 0.5 -23.5
      vertex 1.450789287686348 0.5 -23.487167291343212
      vertex 1.450789287686348 3 -23.487167291343212
    endloop
  endfacet
  facet normal -0.19509030759446716 0 0.9807852832718772
    outer loop
      vertex 1.450789287686348 0.5 -23.487167291343212
      vertex 1.643228568136692 0.5 -23.44888874143362
      vertex 1.643228568136692 3 -23.44888874143362
    endloop
  endfacet
  facet normal -0.3214394637077385 0 0.9469301300366789
    outer loop
      vertex 1.643228568136692 0.5 -23.44888874143362
      vertex 1.829025149345398 0.5 -23.385819301009178
      vertex 1.829025149345398 3 -23.385819301009178
    endloop
  endfacet
  facet normal -0.4422886995523108 0 0.8968727369300094
    outer loop
      vertex 1.829025149345398 0.5 -23.385819301009178
      vertex 2.005000002682209 0.5 -23.299038104712963
      vertex 2.005000002682209 3 -23.299038104712963
    endloop
  endfacet
  facet normal -0.5555702510503278 0 0.8314696002547993
    outer loop
      vertex 2.005000002682209 0.5 -23.299038104712963
      vertex 2.1681421399116516 0.5 -23.19003000855446
      vertex 2.1681421399116516 3 -23.19003000855446
    endloop
  endfacet
  facet normal -0.6593458113823881 0 0.751839810739296
    outer loop
      vertex 2.1681421399116516 0.5 -23.19003000855446
      vertex 2.315660171210766 0.5 -23.060660168528557
      vertex 2.315660171210766 3 -23.060660168528557
    endloop
  endfacet
  facet normal -0.7518397942312052 0 0.6593458302062577
    outer loop
      vertex 2.315660171210766 0.5 -23.060660168528557
      vertex 2.4450300112366676 0.5 -22.913142144680023
      vertex 2.4450300112366676 3 -22.913142144680023
    endloop
  endfacet
  facet normal -0.8314696119753573 0 0.5555702335092735
    outer loop
      vertex 2.4450300112366676 0.5 -22.913142144680023
      vertex 2.554038107395172 0.5 -22.75
      vertex 2.554038107395172 3 -22.75
    endloop
  endfacet
  facet normal -0.8968727519928537 0 0.4422886690078837
    outer loop
      vertex 2.554038107395172 0.5 -22.75
      vertex 2.6408192962408066 0.5 -22.57402514666319
      vertex 2.6408192962408066 3 -22.57402514666319
    endloop
  endfacet
  facet normal -0.9469301300366789 0 0.3214394637077385
    outer loop
      vertex 2.6408192962408066 0.5 -22.57402514666319
      vertex 2.703888736665249 0.5 -22.388228565454483
      vertex 2.703888736665249 3 -22.388228565454483
    endloop
  endfacet
  facet normal -0.9807852760061346 0 0.19509034412182083
    outer loop
      vertex 2.703888736665249 0.5 -22.388228565454483
      vertex 2.742167294025421 0.5 -22.19578928500414
      vertex 2.742167294025421 3 -22.19578928500414
    endloop
  endfacet
  facet normal -0.9978589229274388 0 -0.06540313397759875
    outer loop
      vertex 2.755000002682209 0.5 -22
      vertex 2.742167294025421 0.5 -21.80421071499586
      vertex 2.742167294025421 3 -21.80421071499586
    endloop
  endfacet
  facet normal -0.6593458113823881 0 -0.751839810739296
    outer loop
      vertex 2.1681421399116516 0.5 -20.80996999144554
      vertex 2.1681421399116516 3 -20.80996999144554
      vertex 2.315660171210766 0.5 -20.939339831471443
    endloop
  endfacet
  facet normal -0.9807852760061346 0 -0.19509034412182083
    outer loop
      vertex 2.742167294025421 0.5 -21.80421071499586
      vertex 2.703888736665249 0.5 -21.611771434545517
      vertex 2.703888736665249 3 -21.611771434545517
    endloop
  endfacet
  facet normal -0.8968727519928537 0 -0.4422886690078837
    outer loop
      vertex 2.6408192962408066 0.5 -21.42597485333681
      vertex 2.554038107395172 0.5 -21.25
      vertex 2.554038107395172 3 -21.25
    endloop
  endfacet
  facet normal -0.9469301300366789 0 -0.3214394637077385
    outer loop
      vertex 2.703888736665249 0.5 -21.611771434545517
      vertex 2.6408192962408066 0.5 -21.42597485333681
      vertex 2.6408192962408066 3 -21.42597485333681
    endloop
  endfacet
  facet normal -0.8314696119753573 0 -0.5555702335092735
    outer loop
      vertex 2.4450300112366676 0.5 -21.086857855319977
      vertex 2.4450300112366676 3 -21.086857855319977
      vertex 2.554038107395172 0.5 -21.25
    endloop
  endfacet
  facet normal -0.7518397942312052 0 -0.6593458302062577
    outer loop
      vertex 2.4450300112366676 0.5 -21.086857855319977
      vertex 2.315660171210766 0.5 -20.939339831471443
      vertex 2.315660171210766 3 -20.939339831471443
    endloop
  endfacet
  facet normal 0.5555702335092735 0 -0.8314696119753573
    outer loop
      vertex 0.3418578580021858 0.5 -20.80996999144554
      vertex 0.3418578580021858 3 -20.80996999144554
      vertex 0.505000002682209 0.5 -20.700961895287037
    endloop
  endfacet
  facet normal 0.4422887146151558 0 -0.8968727295018358
    outer loop
      vertex 0.505000002682209 0.5 -20.700961895287037
      vertex 0.505000002682209 3 -20.700961895287037
      vertex 0.6809748485684395 0.5 -20.614180698990822
    endloop
  endfacet
  facet normal 0.3214394637077385 0 -0.9469301300366789
    outer loop
      vertex 0.6809748485684395 0.5 -20.614180698990822
      vertex 0.6809748485684395 3 -20.614180698990822
      vertex 0.8667714297771454 0.5 -20.55111125856638
    endloop
  endfacet
  facet normal 0.19509030759446716 0 -0.9807852832718772
    outer loop
      vertex 0.8667714297771454 0.5 -20.55111125856638
      vertex 0.8667714297771454 3 -20.55111125856638
      vertex 1.0592107102274895 0.5 -20.512832708656788
    endloop
  endfacet
  facet normal 0.06540313149938919 0 -0.9978589230898693
    outer loop
      vertex 1.0592107102274895 0.5 -20.512832708656788
      vertex 1.0592107102274895 3 -20.512832708656788
      vertex 1.255000002682209 0.5 -20.5
    endloop
  endfacet
  facet normal -0.06540313397759875 0 -0.9978589229274388
    outer loop
      vertex 1.255000002682209 0.5 -20.5
      vertex 1.255000002682209 3 -20.5
      vertex 1.450789287686348 0.5 -20.512832708656788
    endloop
  endfacet
  facet normal -0.19509030759446716 0 -0.9807852832718772
    outer loop
      vertex 1.450789287686348 0.5 -20.512832708656788
      vertex 1.450789287686348 3 -20.512832708656788
      vertex 1.643228568136692 0.5 -20.55111125856638
    endloop
  endfacet
  facet normal -0.3214394637077385 0 -0.9469301300366789
    outer loop
      vertex 1.643228568136692 0.5 -20.55111125856638
      vertex 1.643228568136692 3 -20.55111125856638
      vertex 1.829025149345398 0.5 -20.614180698990822
    endloop
  endfacet
  facet normal -0.4422886995523108 0 -0.8968727369300094
    outer loop
      vertex 1.829025149345398 0.5 -20.614180698990822
      vertex 1.829025149345398 3 -20.614180698990822
      vertex 2.005000002682209 0.5 -20.700961895287037
    endloop
  endfacet
  facet normal -0.5555702510503278 0 -0.8314696002547993
    outer loop
      vertex 2.005000002682209 0.5 -20.700961895287037
      vertex 2.005000002682209 3 -20.700961895287037
      vertex 2.1681421399116516 0.5 -20.80996999144554
    endloop
  endfacet
  facet normal 0.7518397942312052 0 0.6593458302062577
    outer loop
      vertex 0.0649699866771698 0.5 -22.913142144680023
      vertex 0.1943398267030716 3 -23.060660168528557
      vertex 0.0649699866771698 3 -22.913142144680023
    endloop
  endfacet
  facet normal 0.8314696295164111 0 0.5555702072572304
    outer loop
      vertex -0.04403810203075409 0.5 -22.75
      vertex 0.0649699866771698 3 -22.913142144680023
      vertex -0.04403810203075409 3 -22.75
    endloop
  endfacet
  facet normal 0.6593458113823881 0 0.751839810739296
    outer loop
      vertex 0.1943398267030716 0.5 -23.060660168528557
      vertex 0.3418578580021858 3 -23.19003000855446
      vertex 0.1943398267030716 3 -23.060660168528557
    endloop
  endfacet
  facet normal 0.5555702335092735 0 0.8314696119753573
    outer loop
      vertex 0.3418578580021858 0.5 -23.19003000855446
      vertex 0.505000002682209 3 -23.299038104712963
      vertex 0.3418578580021858 3 -23.19003000855446
    endloop
  endfacet
  facet normal 0.4422887146151558 0 0.8968727295018358
    outer loop
      vertex 0.505000002682209 0.5 -23.299038104712963
      vertex 0.6809748485684395 3 -23.385819301009178
      vertex 0.505000002682209 3 -23.299038104712963
    endloop
  endfacet
  facet normal 0.3214394637077385 0 0.9469301300366789
    outer loop
      vertex 0.6809748485684395 0.5 -23.385819301009178
      vertex 0.8667714297771454 3 -23.44888874143362
      vertex 0.6809748485684395 3 -23.385819301009178
    endloop
  endfacet
  facet normal 0.8968727369300094 0 0.4422886995523108
    outer loop
      vertex -0.13081929832696915 0.5 -22.57402514666319
      vertex -0.04403810203075409 3 -22.75
      vertex -0.13081929832696915 3 -22.57402514666319
    endloop
  endfacet
  facet normal 0.9807852832718772 0 0.19509030759446716
    outer loop
      vertex -0.2321672886610031 0.5 -22.19578928500414
      vertex -0.19388873875141144 3 -22.388228565454483
      vertex -0.2321672886610031 3 -22.19578928500414
    endloop
  endfacet
  facet normal 0.9469301300366789 0 0.3214394637077385
    outer loop
      vertex -0.19388873875141144 0.5 -22.388228565454483
      vertex -0.13081929832696915 3 -22.57402514666319
      vertex -0.19388873875141144 3 -22.388228565454483
    endloop
  endfacet
  facet normal 0.9978589229274388 0 0.06540313397759875
    outer loop
      vertex -0.24499999731779099 0.5 -22
      vertex -0.2321672886610031 3 -22.19578928500414
      vertex -0.24499999731779099 3 -22
    endloop
  endfacet
  facet normal 0.9978589229274388 0 -0.06540313397759875
    outer loop
      vertex -0.2321672886610031 0.5 -21.80421071499586
      vertex -0.24499999731779099 3 -22
      vertex -0.2321672886610031 3 -21.80421071499586
    endloop
  endfacet
  facet normal 0.9807852832718772 0 -0.19509030759446716
    outer loop
      vertex -0.19388873875141144 0.5 -21.611771434545517
      vertex -0.2321672886610031 3 -21.80421071499586
      vertex -0.19388873875141144 3 -21.611771434545517
    endloop
  endfacet
  facet normal 0.9469301300366789 0 -0.3214394637077385
    outer loop
      vertex -0.13081929832696915 0.5 -21.42597485333681
      vertex -0.19388873875141144 3 -21.611771434545517
      vertex -0.13081929832696915 3 -21.42597485333681
    endloop
  endfacet
  facet normal 0.8968727369300094 0 -0.4422886995523108
    outer loop
      vertex -0.04403810203075409 0.5 -21.25
      vertex -0.13081929832696915 3 -21.42597485333681
      vertex -0.04403810203075409 3 -21.25
    endloop
  endfacet
  facet normal 0.8314696295164111 0 -0.5555702072572304
    outer loop
      vertex 0.0649699866771698 0.5 -21.086857855319977
      vertex -0.04403810203075409 3 -21.25
      vertex 0.0649699866771698 3 -21.086857855319977
    endloop
  endfacet
  facet normal 0.7518397942312052 0 -0.6593458302062577
    outer loop
      vertex 0.1943398267030716 0.5 -20.939339831471443
      vertex 0.0649699866771698 3 -21.086857855319977
      vertex 0.1943398267030716 3 -20.939339831471443
    endloop
  endfacet
  facet normal 0.6593458113823881 0 -0.751839810739296
    outer loop
      vertex 0.3418578580021858 0.5 -20.80996999144554
      vertex 0.1943398267030716 3 -20.939339831471443
      vertex 0.3418578580021858 3 -20.80996999144554
    endloop
  endfacet
  facet normal 0 1 0
    outer loop
      vertex -10.852343752980232 3 -28
      vertex 8.899999998509884 3 -15.145000003278255
      vertex 0.505000002682209 3 -20.700961895287037
    endloop
  endfacet
  facet normal 0.19509030759446716 0 0.9807852832718772
    outer loop
      vertex 0.8667714297771454 0.5 -23.44888874143362
      vertex 1.0592107102274895 3 -23.487167291343212
      vertex 0.8667714297771454 3 -23.44888874143362
    endloop
  endfacet
  facet normal 0.06540313149938919 0 0.9978589230898693
    outer loop
      vertex 1.0592107102274895 0.5 -23.487167291343212
      vertex 1.255000002682209 3 -23.5
      vertex 1.0592107102274895 3 -23.487167291343212
    endloop
  endfacet
  facet normal -0.06540313397759875 0 0.9978589229274388
    outer loop
      vertex 1.255000002682209 0.5 -23.5
      vertex 1.450789287686348 3 -23.487167291343212
      vertex 1.255000002682209 3 -23.5
    endloop
  endfacet
  facet normal -0.19509030759446716 0 0.9807852832718772
    outer loop
      vertex 1.450789287686348 0.5 -23.487167291343212
      vertex 1.643228568136692 3 -23.44888874143362
      vertex 1.450789287686348 3 -23.487167291343212
    endloop
  endfacet
  facet normal -0.3214394637077385 0 0.9469301300366789
    outer loop
      vertex 1.643228568136692 0.5 -23.44888874143362
      vertex 1.829025149345398 3 -23.385819301009178
      vertex 1.643228568136692 3 -23.44888874143362
    endloop
  endfacet
  facet normal -0.4422886995523108 0 0.8968727369300094
    outer loop
      vertex 1.829025149345398 0.5 -23.385819301009178
      vertex 2.005000002682209 3 -23.299038104712963
      vertex 1.829025149345398 3 -23.385819301009178
    endloop
  endfacet
  facet normal -0.5555702510503278 0 0.8314696002547993
    outer loop
      vertex 2.005000002682209 0.5 -23.299038104712963
      vertex 2.1681421399116516 3 -23.19003000855446
      vertex 2.005000002682209 3 -23.299038104712963
    endloop
  endfacet
  facet normal -0.6593458113823881 0 0.751839810739296
    outer loop
      vertex 2.1681421399116516 0.5 -23.19003000855446
      vertex 2.315660171210766 3 -23.060660168528557
      vertex 2.1681421399116516 3 -23.19003000855446
    endloop
  endfacet
  facet normal -0.7518397942312052 0 0.6593458302062577
    outer loop
      vertex 2.315660171210766 0.5 -23.060660168528557
      vertex 2.4450300112366676 3 -22.913142144680023
      vertex 2.315660171210766 3 -23.060660168528557
    endloop
  endfacet
  facet normal -0.8314696119753573 0 0.5555702335092735
    outer loop
      vertex 2.4450300112366676 0.5 -22.913142144680023
      vertex 2.554038107395172 3 -22.75
      vertex 2.4450300112366676 3 -22.913142144680023
    endloop
  endfacet
  facet normal -0.8968727519928537 0 0.4422886690078837
    outer loop
      vertex 2.554038107395172 0.5 -22.75
      vertex 2.6408192962408066 3 -22.57402514666319
      vertex 2.554038107395172 3 -22.75
    endloop
  endfacet
  facet normal -0.9469301300366789 0 0.3214394637077385
    outer loop
      vertex 2.6408192962408066 0.5 -22.57402514666319
      vertex 2.703888736665249 3 -22.388228565454483
      vertex 2.6408192962408066 3 -22.57402514666319
    endloop
  endfacet
  facet normal -0.9807852760061346 0 0.19509034412182083
    outer loop
      vertex 2.703888736665249 0.5 -22.388228565454483
      vertex 2.742167294025421 3 -22.19578928500414
      vertex 2.703888736665249 3 -22.388228565454483
    endloop
  endfacet
  facet normal -0.9978589229274388 0 0.06540313397759875
    outer loop
      vertex 2.742167294025421 0.5 -22.19578928500414
      vertex 2.755000002682209 3 -22
      vertex 2.742167294025421 3 -22.19578928500414
    endloop
  endfacet
  facet normal -0.6593458113823881 0 -0.751839810739296
    outer loop
      vertex 2.1681421399116516 3 -20.80996999144554
      vertex 2.315660171210766 3 -20.939339831471443
      vertex 2.315660171210766 0.5 -20.939339831471443
    endloop
  endfacet
  facet normal -0.9807852760061346 0 -0.19509034412182083
    outer loop
      vertex 2.742167294025421 0.5 -21.80421071499586
      vertex 2.703888736665249 3 -21.611771434545517
      vertex 2.742167294025421 3 -21.80421071499586
    endloop
  endfacet
  facet normal -0.9469301300366789 0 -0.3214394637077385
    outer loop
      vertex 2.703888736665249 0.5 -21.611771434545517
      vertex 2.6408192962408066 3 -21.42597485333681
      vertex 2.703888736665249 3 -21.611771434545517
    endloop
  endfacet
  facet normal -0.8968727519928537 0 -0.4422886690078837
    outer loop
      vertex 2.6408192962408066 0.5 -21.42597485333681
      vertex 2.554038107395172 3 -21.25
      vertex 2.6408192962408066 3 -21.42597485333681
    endloop
  endfacet
  facet normal -0.7518397942312052 0 -0.6593458302062577
    outer loop
      vertex 2.4450300112366676 0.5 -21.086857855319977
      vertex 2.315660171210766 3 -20.939339831471443
      vertex 2.4450300112366676 3 -21.086857855319977
    endloop
  endfacet
  facet normal -0.8314696119753573 0 -0.5555702335092735
    outer loop
      vertex 2.554038107395172 0.5 -21.25
      vertex 2.4450300112366676 3 -21.086857855319977
      vertex 2.554038107395172 3 -21.25
    endloop
  endfacet
  facet normal 0.5555702335092735 0 -0.8314696119753573
    outer loop
      vertex 0.505000002682209 0.5 -20.700961895287037
      vertex 0.3418578580021858 3 -20.80996999144554
      vertex 0.505000002682209 3 -20.700961895287037
    endloop
  endfacet
  facet normal 0.4422887146151558 0 -0.8968727295018358
    outer loop
      vertex 0.6809748485684395 0.5 -20.614180698990822
      vertex 0.505000002682209 3 -20.700961895287037
      vertex 0.6809748485684395 3 -20.614180698990822
    endloop
  endfacet
  facet normal 0.3214394637077385 0 -0.9469301300366789
    outer loop
      vertex 0.8667714297771454 0.5 -20.55111125856638
      vertex 0.6809748485684395 3 -20.614180698990822
      vertex 0.8667714297771454 3 -20.55111125856638
    endloop
  endfacet
  facet normal 0.19509030759446716 0 -0.9807852832718772
    outer loop
      vertex 1.0592107102274895 0.5 -20.512832708656788
      vertex 0.8667714297771454 3 -20.55111125856638
      vertex 1.0592107102274895 3 -20.512832708656788
    endloop
  endfacet
  facet normal 0.06540313149938919 0 -0.9978589230898693
    outer loop
      vertex 1.255000002682209 0.5 -20.5
      vertex 1.0592107102274895 3 -20.512832708656788
      vertex 1.255000002682209 3 -20.5
    endloop
  endfacet
  facet normal -0.06540313397759875 0 -0.9978589229274388
    outer loop
      vertex 1.450789287686348 0.5 -20.512832708656788
      vertex 1.255000002682209 3 -20.5
      vertex 1.450789287686348 3 -20.512832708656788
    endloop
  endfacet
  facet normal -0.19509030759446716 0 -0.9807852832718772
    outer loop
      vertex 1.643228568136692 0.5 -20.55111125856638
      vertex 1.450789287686348 3 -20.512832708656788
      vertex 1.643228568136692 3 -20.55111125856638
    endloop
  endfacet
  facet normal -0.3214394637077385 0 -0.9469301300366789
    outer loop
      vertex 1.829025149345398 0.5 -20.614180698990822
      vertex 1.643228568136692 3 -20.55111125856638
      vertex 1.829025149345398 3 -20.614180698990822
    endloop
  endfacet
  facet normal -0.4422886995523108 0 -0.8968727369300094
    outer loop
      vertex 2.005000002682209 0.5 -20.700961895287037
      vertex 1.829025149345398 3 -20.614180698990822
      vertex 2.005000002682209 3 -20.700961895287037
    endloop
  endfacet
  facet normal -0.5555702510503278 0 -0.8314696002547993
    outer loop
      vertex 2.1681421399116516 0.5 -20.80996999144554
      vertex 2.005000002682209 3 -20.700961895287037
      vertex 2.1681421399116516 3 -20.80996999144554
    endloop
  endfacet
  facet normal 1 0 0
    outer loop
      vertex -8.100000001490116 -0.02 -31.799950920045376
      vertex -8.100000001490116 0 -8.096563536376138
      vertex -8.100000001490116 0 8.104999996721745
    endloop
  endfacet
  facet normal 0 -1 0
    outer loop
      vertex -8.100000001490116 0 -12.002316188573637
      vertex -4.609690817895183 0 -10.083075486524198
      vertex -4.497619577941381 0 -9.635662016904027
    endloop
  endfacet
  facet normal 0 -1 0
    outer loop
      vertex -8.100000001490116 0 -12.002316188573637
      vertex -4.497619577941381 0 -9.635662016904027
      vertex -4.342233802803048 0 -9.201387867884078
    endloop
  endfacet
  facet normal 0 -1 0
    outer loop
      vertex -8.100000001490116 0 -12.002316188573637
      vertex -4.342233802803048 0 -9.201387867884078
      vertex -4.145029942437269 0 -8.784435336917811
    endloop
  endfacet
  facet normal 0 -1 0
    outer loop
      vertex -8.100000001490116 0 -12.002316188573637
      vertex -4.145029942437269 0 -8.784435336917811
      vertex -3.9079071778219627 0 -8.38881990480787
    endloop
  endfacet
  facet normal 0 -1 0
    outer loop
      vertex -8.100000001490116 0 -12.002316188573637
      vertex -3.9079071778219627 0 -8.38881990480787
      vertex -3.633149130804864 0 -8.018351564430866
    endloop
  endfacet
  facet normal 0 -1 0
    outer loop
      vertex -8.100000001490116 0 -12.002316188573637
      vertex -3.633149130804864 0 -8.018351564430866
      vertex -3.323401871576774 0 -7.676598128423226
    endloop
  endfacet
  facet normal 0 -1 0
    outer loop
      vertex -8.100000001490116 0 -12.002316188573637
      vertex -1.05 0 -1.818653347947321
      vertex -8.100000001490116 0 -8.096563536376138
    endloop
  endfacet
  facet normal 1 0 0
    outer loop
      vertex -8.100000001490116 -0.02 -31.799950920045376
      vertex -8.100000001490116 0 8.104999996721745
      vertex -8.100000001490116 -0.02 8.104999996721745
    endloop
  endfacet
  facet normal -0.999229036574629 0 -0.03925980726059118
    outer loop
      vertex -10.852343752980232 0 -15.145000003278255
      vertex -10.877005077898502 0 -14.51732723414898
      vertex -10.852343752980232 3 -15.145000003278255
    endloop
  endfacet
  facet normal -0.9807852791575773 0 -0.19509032827845002
    outer loop
      vertex -10.950837023556232 0 -13.893524281680584
      vertex -11.073384389281273 0 -13.277437090873718
      vertex -10.950837023556232 3 -13.893524281680584
    endloop
  endfacet
  facet normal -0.993068456807358 0 -0.11753739870463581
    outer loop
      vertex -10.877005077898502 0 -14.51732723414898
      vertex -10.950837023556232 0 -13.893524281680584
      vertex -10.877005077898502 3 -14.51732723414898
    endloop
  endfacet
  facet normal -0.9081431743100132 0 -0.4186597364855293
    outer loop
      vertex -11.461307488381863 0 -12.08353254199028
      vertex -11.724291555583477 0 -11.5130759999156
      vertex -11.461307488381863 3 -12.08353254199028
    endloop
  endfacet
  facet normal -0.9624552382105682 0 -0.27144044363550274
    outer loop
      vertex -11.24389161914587 0 -12.6728640422225
      vertex -11.073384389281273 3 -13.277437090873718
      vertex -11.073384389281273 0 -13.277437090873718
    endloop
  endfacet
  facet normal -0.9381913357539738 0 -0.34611705753426014
    outer loop
      vertex -11.24389161914587 0 -12.6728640422225
      vertex -11.461307488381863 0 -12.08353254199028
      vertex -11.24389161914587 3 -12.6728640422225
    endloop
  endfacet
  facet normal -0.8314696128569002 0 -0.5555702321899513
    outer loop
      vertex -12.031222432851791 0 -10.965011484920979
      vertex -12.380207791924477 0 -10.442717984318733
      vertex -12.031222432851791 3 -10.965011484920979
    endloop
  endfacet
  facet normal -0.872496006196255 0 -0.48862124306213356
    outer loop
      vertex -11.724291555583477 0 -11.5130759999156
      vertex -12.031222432851791 0 -10.965011484920979
      vertex -11.724291555583477 3 -11.5130759999156
    endloop
  endfacet
  facet normal -0.999229036574629 0 -0.03925980726059118
    outer loop
      vertex -10.877005077898502 0 -14.51732723414898
      vertex -10.877005077898502 3 -14.51732723414898
      vertex -10.852343752980232 3 -15.145000003278255
    endloop
  endfacet
  facet normal -0.9807852791575773 0 -0.19509032827845002
    outer loop
      vertex -11.073384389281273 0 -13.277437090873718
      vertex -11.073384389281273 3 -13.277437090873718
      vertex -10.950837023556232 3 -13.893524281680584
    endloop
  endfacet
  facet normal -0.993068456807358 0 -0.11753739870463581
    outer loop
      vertex -10.950837023556232 0 -13.893524281680584
      vertex -10.950837023556232 3 -13.893524281680584
      vertex -10.877005077898502 3 -14.51732723414898
    endloop
  endfacet
  facet normal 0 1 0
    outer loop
      vertex -10.852343752980232 3 -15.145000003278255
      vertex -10.877005077898502 3 -14.51732723414898
      vertex -7.180903747677803 3 -12.342935167253017
    endloop
  endfacet
  facet normal -0.9081431743100132 0 -0.4186597364855293
    outer loop
      vertex -11.724291555583477 0 -11.5130759999156
      vertex -11.724291555583477 3 -11.5130759999156
      vertex -11.461307488381863 3 -12.08353254199028
    endloop
  endfacet
  facet normal -0.9624552382105682 0 -0.27144044363550274
    outer loop
      vertex -11.24389161914587 0 -12.6728640422225
      vertex -11.24389161914587 3 -12.6728640422225
      vertex -11.073384389281273 3 -13.277437090873718
    endloop
  endfacet
  facet normal -0.9381913357539738 0 -0.34611705753426014
    outer loop
      vertex -11.461307488381863 0 -12.08353254199028
      vertex -11.461307488381863 3 -12.08353254199028
      vertex -11.24389161914587 3 -12.6728640422225
    endloop
  endfacet
  facet normal -0.872496006196255 0 -0.48862124306213356
    outer loop
      vertex -12.031222432851791 0 -10.965011484920979
      vertex -12.031222432851791 3 -10.965011484920979
      vertex -11.724291555583477 3 -11.5130759999156
    endloop
  endfacet
  facet normal -0.8314696128569002 0 -0.5555702321899513
    outer loop
      vertex -12.380207791924477 0 -10.442717984318733
      vertex -12.380207791924477 3 -10.442717984318733
      vertex -12.031222432851791 3 -10.965011484920979
    endloop
  endfacet
  facet normal 0 1 0
    outer loop
      vertex -11.461307488381863 3 -12.08353254199028
      vertex -11.724291555583477 3 -11.5130759999156
      vertex -6.899999998509884 3 -7.399999998509884
    endloop
  endfacet
  facet normal 0 1 0
    outer loop
      vertex -11.724291555583477 3 -11.5130759999156
      vertex -12.031222432851791 3 -10.965011484920979
      vertex -6.899999998509884 3 -7.399999998509884
    endloop
  endfacet
  facet normal 0 1 0
    outer loop
      vertex -10.852343752980232 3 -15.145000003278255
      vertex -7.180903747677803 3 -12.342935167253017
      vertex -7.169552847743034 3 -12.399999998509884
    endloop
  endfacet
  facet normal 0 1 0
    outer loop
      vertex -10.877005077898502 3 -14.51732723414898
      vertex -7.390433132648468 3 -11.600000001490116
      vertex -7.180903747677803 3 -12.342935167253017
    endloop
  endfacet
  facet normal 0 1 0
    outer loop
      vertex -10.852343752980232 3 -15.145000003278255
      vertex -7.169552847743034 3 -12.399999998509884
      vertex -6 3 -12.399999998509884
    endloop
  endfacet
  facet normal 0.9624552371074734 0 0.27144044754678176
    outer loop
      vertex -7.180903747677803 2.5999999999999996 -12.342935167253017
      vertex -7.180903747677803 3 -12.342935167253017
      vertex -7.390433132648468 2.5999999999999996 -11.600000001490116
    endloop
  endfacet
  facet normal 0 1 0
    outer loop
      vertex -7.169552847743034 2.5999999999999996 -12.399999998509884
      vertex -7.180903747677803 2.5999999999999996 -12.342935167253017
      vertex -6 2.5999999999999996 -12.399999998509884
    endloop
  endfacet
  facet normal 0 1 0
    outer loop
      vertex -7.180903747677803 2.5999999999999996 -12.342935167253017
      vertex -7.390433132648468 2.5999999999999996 -11.600000001490116
      vertex -6 2.5999999999999996 -11.600000001490116
    endloop
  endfacet
  facet normal 0.9807852828521266 0 0.1950903097046958
    outer loop
      vertex -7.169552847743034 2.5999999999999996 -12.399999998509884
      vertex -7.169552847743034 3 -12.399999998509884
      vertex -7.180903747677803 2.5999999999999996 -12.342935167253017
    endloop
  endfacet
  facet normal 0 0 -1
    outer loop
      vertex -7.390433132648468 2.5999999999999996 -11.600000001490116
      vertex -7.390433132648468 3 -11.600000001490116
      vertex -6 2.5999999999999996 -11.600000001490116
    endloop
  endfacet
  facet normal 0.9807852828521266 0 0.1950903097046958
    outer loop
      vertex -7.180903747677803 2.5999999999999996 -12.342935167253017
      vertex -7.169552847743034 3 -12.399999998509884
      vertex -7.180903747677803 3 -12.342935167253017
    endloop
  endfacet
  facet normal 0.9624552371074734 0 0.27144044754678176
    outer loop
      vertex -7.390433132648468 2.5999999999999996 -11.600000001490116
      vertex -7.180903747677803 3 -12.342935167253017
      vertex -7.390433132648468 3 -11.600000001490116
    endloop
  endfacet
  facet normal 0 0 1
    outer loop
      vertex -7.169552847743034 2.5999999999999996 -12.399999998509884
      vertex -6 3 -12.399999998509884
      vertex -7.169552847743034 3 -12.399999998509884
    endloop
  endfacet
  facet normal 0 1 0
    outer loop
      vertex -7.180903747677803 2.5999999999999996 -12.342935167253017
      vertex -6 2.5999999999999996 -11.600000001490116
      vertex -6 2.5999999999999996 -12.399999998509884
    endloop
  endfacet
  facet normal 0 0 1
    outer loop
      vertex -7.169552847743034 2.5999999999999996 -12.399999998509884
      vertex -6 2.5999999999999996 -12.399999998509884
      vertex -6 3 -12.399999998509884
    endloop
  endfacet
  facet normal -1 0 0
    outer loop
      vertex -6 2.5999999999999996 -12.399999998509884
      vertex -6 2.5999999999999996 -11.600000001490116
      vertex -6 3 -11.600000001490116
    endloop
  endfacet
  facet normal 0 0 -1
    outer loop
      vertex -7.390433132648468 3 -11.600000001490116
      vertex -6 3 -11.600000001490116
      vertex -6 2.5999999999999996 -11.600000001490116
    endloop
  endfacet
  facet normal -1 0 0
    outer loop
      vertex -6 2.5999999999999996 -12.399999998509884
      vertex -6 3 -11.600000001490116
      vertex -6 3 -12.399999998509884
    endloop
  endfacet
  facet normal 0 1 0
    outer loop
      vertex -12.76909602433443 3 -9.949415616691113
      vertex -9.100000001490116 3 -7.399999998509884
      vertex -12.380207791924477 3 -10.442717984318733
    endloop
  endfacet
  facet normal 0 1 0
    outer loop
      vertex -12.031222432851791 3 -10.965011484920979
      vertex -12.380207791924477 3 -10.442717984318733
      vertex -9.100000001490116 3 -7.399999998509884
    endloop
  endfacet
  facet normal 0 1 0
    outer loop
      vertex -13.65675936639309 3 -9.061752274632454
      vertex -6 3 -2.399999998509884
      vertex -13.195489503443241 3 -9.488145753741264
    endloop
  endfacet
  facet normal 0 1 0
    outer loop
      vertex -12.76909602433443 3 -9.949415616691113
      vertex -9.100000001490116 3 -6.600000001490116
      vertex -9.100000001490116 3 -7.399999998509884
    endloop
  endfacet
  facet normal 0 1 0
    outer loop
      vertex -12.031222432851791 3 -10.965011484920979
      vertex -9.100000001490116 3 -7.399999998509884
      vertex -6.899999998509884 3 -7.399999998509884
    endloop
  endfacet
  facet normal 1 0 0
    outer loop
      vertex -9.100000001490116 2.5999999999999996 -7.399999998509884
      vertex -9.100000001490116 3 -7.399999998509884
      vertex -9.100000001490116 2.5999999999999996 -6.600000001490116
    endloop
  endfacet
  facet normal 1 0 0
    outer loop
      vertex -9.100000001490116 2.5999999999999996 -6.600000001490116
      vertex -9.100000001490116 3 -7.399999998509884
      vertex -9.100000001490116 3 -6.600000001490116
    endloop
  endfacet
  facet normal 0 1 0
    outer loop
      vertex -12.76909602433443 3 -9.949415616691113
      vertex -13.195489503443241 3 -9.488145753741264
      vertex -2.082034208885002 3 0.2741050036621083
    endloop
  endfacet
  facet normal 0 1 0
    outer loop
      vertex -13.65675936639309 3 -9.061752274632454
      vertex -10 3 -2.399999998509884
      vertex -6 3 -2.399999998509884
    endloop
  endfacet
  facet normal 0 0 1
    outer loop
      vertex -10 2.5999999999999996 -2.399999998509884
      vertex -6 3 -2.399999998509884
      vertex -10 3 -2.399999998509884
    endloop
  endfacet
  facet normal 0 1 0
    outer loop
      vertex -11.24389161914587 3 -12.6728640422225
      vertex 0.2741050036621083 3 -2.082034208885002
      vertex -11.073384389281273 3 -13.277437090873718
    endloop
  endfacet
  facet normal 0 1 0
    outer loop
      vertex -11.24389161914587 3 -12.6728640422225
      vertex -11.461307488381863 3 -12.08353254199028
      vertex 0 3 -2.1
    endloop
  endfacet
  facet normal 0 1 0
    outer loop
      vertex -9.100000001490116 2.5999999999999996 -7.399999998509884
      vertex -9.100000001490116 2.5999999999999996 -6.600000001490116
      vertex -6.899999998509884 2.5999999999999996 -7.399999998509884
    endloop
  endfacet
  facet normal 0 0 -1
    outer loop
      vertex -9.100000001490116 2.5999999999999996 -6.600000001490116
      vertex -9.100000001490116 3 -6.600000001490116
      vertex -6.899999998509884 2.5999999999999996 -6.600000001490116
    endloop
  endfacet
  facet normal 0 0 1
    outer loop
      vertex -9.100000001490116 2.5999999999999996 -7.399999998509884
      vertex -6.899999998509884 3 -7.399999998509884
      vertex -9.100000001490116 3 -7.399999998509884
    endloop
  endfacet
  facet normal 0 0 1
    outer loop
      vertex -9.100000001490116 2.5999999999999996 -7.399999998509884
      vertex -6.899999998509884 2.5999999999999996 -7.399999998509884
      vertex -6.899999998509884 3 -7.399999998509884
    endloop
  endfacet
  facet normal 0 1 0
    outer loop
      vertex -9.100000001490116 2.5999999999999996 -6.600000001490116
      vertex -6.899999998509884 2.5999999999999996 -6.600000001490116
      vertex -6.899999998509884 2.5999999999999996 -7.399999998509884
    endloop
  endfacet
  facet normal -1 0 0
    outer loop
      vertex -6.899999998509884 2.5999999999999996 -7.399999998509884
      vertex -6.899999998509884 2.5999999999999996 -6.600000001490116
      vertex -6.899999998509884 3 -6.600000001490116
    endloop
  endfacet
  facet normal -1 0 0
    outer loop
      vertex -6.899999998509884 2.5999999999999996 -7.399999998509884
      vertex -6.899999998509884 3 -6.600000001490116
      vertex -6.899999998509884 3 -7.399999998509884
    endloop
  endfacet
  facet normal 0 0 -1
    outer loop
      vertex -9.100000001490116 3 -6.600000001490116
      vertex -6.899999998509884 3 -6.600000001490116
      vertex -6.899999998509884 2.5999999999999996 -6.600000001490116
    endloop
  endfacet
  facet normal 0 1 0
    outer loop
      vertex -11.461307488381863 3 -12.08353254199028
      vertex -6.899999998509884 3 -7.399999998509884
      vertex -0.8036352079666885 3 -1.9401470182737022
    endloop
  endfacet
  facet normal 0 1 0
    outer loop
      vertex -12.76909602433443 3 -9.949415616691113
      vertex -2.1 3 0
      vertex -9.100000001490116 3 -6.600000001490116
    endloop
  endfacet
  facet normal 0 0 1
    outer loop
      vertex -10 2.5999999999999996 -2.399999998509884
      vertex -6 2.5999999999999996 -2.399999998509884
      vertex -6 3 -2.399999998509884
    endloop
  endfacet
  facet normal 0 1 0
    outer loop
      vertex -13.195489503443241 3 -9.488145753741264
      vertex -6 3 -2.399999998509884
      vertex -1.818653347947321 3 1.05
    endloop
  endfacet
  facet normal 0 1 0
    outer loop
      vertex -9.100000001490116 3 -6.600000001490116
      vertex -1.48492424049175 3 -1.48492424049175
      vertex -6.899999998509884 3 -6.600000001490116
    endloop
  endfacet
  facet normal 0 1 0
    outer loop
      vertex -6.899999998509884 3 -7.399999998509884
      vertex -6.899999998509884 3 -6.600000001490116
      vertex -0.8036352079666885 3 -1.9401470182737022
    endloop
  endfacet
  facet normal 0 1 0
    outer loop
      vertex -13.195489503443241 3 -9.488145753741264
      vertex -2.0284442352070435 3 0.5435199947152936
      vertex -2.082034208885002 3 0.2741050036621083
    endloop
  endfacet
  facet normal 0 1 0
    outer loop
      vertex -12.76909602433443 3 -9.949415616691113
      vertex -2.082034208885002 3 0.2741050036621083
      vertex -2.1 3 0
    endloop
  endfacet
  facet normal 0 1 0
    outer loop
      vertex -13.195489503443241 3 -9.488145753741264
      vertex -1.9401470182737022 3 0.8036352079666885
      vertex -2.0284442352070435 3 0.5435199947152936
    endloop
  endfacet
  facet normal 0 1 0
    outer loop
      vertex -13.195489503443241 3 -9.488145753741264
      vertex -1.818653347947321 3 1.05
      vertex -1.9401470182737022 3 0.8036352079666885
    endloop
  endfacet
  facet normal -0.8577286100002722 0 -0.5141027441932213
    outer loop
      vertex -3.9079071778219627 -2.4 -13.61118009519213
      vertex -4.145029942437269 0 -13.215564663082189
      vertex -3.9079071778219627 0 -13.61118009519213
    endloop
  endfacet
  facet normal -0.6715589548470168 0 -0.7409511253549604
    outer loop
      vertex -3.323401871576774 -2.4 -14.323401871576774
      vertex -3.323401871576774 0 -14.323401871576774
      vertex -2.981648435569134 0 -14.633149130804863
    endloop
  endfacet
  facet normal -0.7409511253549595 0 -0.6715589548470179
    outer loop
      vertex -3.323401871576774 -2.4 -14.323401871576774
      vertex -3.633149130804864 0 -13.981648435569134
      vertex -3.323401871576774 0 -14.323401871576774
    endloop
  endfacet
  facet normal -0.803207531480645 0 -0.595699304492433
    outer loop
      vertex -3.633149130804864 -2.4 -13.981648435569134
      vertex -3.9079071778219627 0 -13.61118009519213
      vertex -3.633149130804864 0 -13.981648435569134
    endloop
  endfacet
  facet normal -0.33688985339222144 0 -0.9415440651830203
    outer loop
      vertex -1.798612132115922 -2.4 -15.342233802803047
      vertex -1.798612132115922 0 -15.342233802803047
      vertex -1.364337983095973 0 -15.497619577941382
    endloop
  endfacet
  facet normal -0.24298017990326326 0 -0.9700312531945442
    outer loop
      vertex -1.364337983095973 -2.4 -15.497619577941382
      vertex -1.364337983095973 0 -15.497619577941382
      vertex -0.9169245134758028 0 -15.609690817895183
    endloop
  endfacet
  facet normal -0.514102744193221 0 -0.8577286100002723
    outer loop
      vertex -2.6111800951921302 -2.4 -14.907907177821963
      vertex -2.6111800951921302 0 -14.907907177821963
      vertex -2.215564663082189 0 -15.145029942437269
    endloop
  endfacet
  facet normal -0.5956993044924342 0 -0.8032075314806442
    outer loop
      vertex -2.981648435569134 -2.4 -14.633149130804863
      vertex -2.981648435569134 0 -14.633149130804863
      vertex -2.6111800951921302 0 -14.907907177821963
    endloop
  endfacet
  facet normal -0.42755509343028153 0 -0.9039892931234436
    outer loop
      vertex -2.215564663082189 -2.4 -15.145029942437269
      vertex -2.215564663082189 0 -15.145029942437269
      vertex -1.798612132115922 0 -15.342233802803047
    endloop
  endfacet
  facet normal -0.9415440651830214 0 -0.3368898533922183
    outer loop
      vertex -4.342233802803048 -2.4 -12.798612132115922
      vertex -4.497619577941381 0 -12.364337983095973
      vertex -4.342233802803048 0 -12.798612132115922
    endloop
  endfacet
  facet normal -0.9039892931234429 0 -0.4275550934302831
    outer loop
      vertex -4.145029942437269 -2.4 -13.215564663082189
      vertex -4.342233802803048 0 -12.798612132115922
      vertex -4.145029942437269 0 -13.215564663082189
    endloop
  endfacet
  facet normal -0.9700312531945439 0 -0.24298017990326448
    outer loop
      vertex -4.497619577941381 -2.4 -12.364337983095973
      vertex -4.609690817895183 0 -11.916924513475802
      vertex -4.497619577941381 0 -12.364337983095973
    endloop
  endfacet
  facet normal -0.9891765099647809 0 -0.14673047445536205
    outer loop
      vertex -4.609690817895183 -2.4 -11.916924513475802
      vertex -4.6773682153593255 0 -11.460680559548935
      vertex -4.609690817895183 0 -11.916924513475802
    endloop
  endfacet
  facet normal -0.9987954562051724 0 -0.049067674327418175
    outer loop
      vertex -4.6773682153593255 -2.4 -11.460680559548935
      vertex -4.7 0 -11
      vertex -4.6773682153593255 0 -11.460680559548935
    endloop
  endfacet
  facet normal -0.9987954562051724 0 0.049067674327418175
    outer loop
      vertex -4.7 -2.4 -11
      vertex -4.6773682153593255 0 -10.539319440451065
      vertex -4.7 0 -11
    endloop
  endfacet
  facet normal -0.9891765099647809 0 0.14673047445536205
    outer loop
      vertex -4.6773682153593255 -2.4 -10.539319440451065
      vertex -4.609690817895183 0 -10.083075486524198
      vertex -4.6773682153593255 0 -10.539319440451065
    endloop
  endfacet
  facet normal -0.9700312531945439 0 0.24298017990326448
    outer loop
      vertex -4.609690817895183 -2.4 -10.083075486524198
      vertex -4.497619577941381 0 -9.635662016904027
      vertex -4.609690817895183 0 -10.083075486524198
    endloop
  endfacet
  facet normal -0.14673047445536364 0 -0.9891765099647807
    outer loop
      vertex -0.9169245134758028 -2.4 -15.609690817895183
      vertex -0.9169245134758028 0 -15.609690817895183
      vertex -0.46068055954893483 0 -15.677368215359326
    endloop
  endfacet
  facet normal -0.049067674327414365 0 -0.9987954562051726
    outer loop
      vertex -0.46068055954893483 -2.4 -15.677368215359326
      vertex -0.46068055954893483 0 -15.677368215359326
      vertex 0 0 -15.7
    endloop
  endfacet
  facet normal 0.049067674327414365 0 -0.9987954562051726
    outer loop
      vertex 0 -2.4 -15.7
      vertex 0 0 -15.7
      vertex 0.46068055954893483 0 -15.677368215359326
    endloop
  endfacet
  facet normal 0.14673047445536364 0 -0.9891765099647807
    outer loop
      vertex 0.46068055954893483 -2.4 -15.677368215359326
      vertex 0.46068055954893483 0 -15.677368215359326
      vertex 0.9169245134758028 0 -15.609690817895183
    endloop
  endfacet
  facet normal 0.24298017990326326 0 -0.9700312531945442
    outer loop
      vertex 0.9169245134758028 -2.4 -15.609690817895183
      vertex 0.9169245134758028 0 -15.609690817895183
      vertex 1.364337983095973 0 -15.497619577941382
    endloop
  endfacet
  facet normal 0.33688985339222144 0 -0.9415440651830203
    outer loop
      vertex 1.364337983095973 -2.4 -15.497619577941382
      vertex 1.364337983095973 0 -15.497619577941382
      vertex 1.798612132115922 0 -15.342233802803047
    endloop
  endfacet
  facet normal 0.42755509343028153 0 -0.9039892931234436
    outer loop
      vertex 1.798612132115922 -2.4 -15.342233802803047
      vertex 1.798612132115922 0 -15.342233802803047
      vertex 2.215564663082189 0 -15.145029942437269
    endloop
  endfacet
  facet normal 0.514102744193221 0 -0.8577286100002723
    outer loop
      vertex 2.215564663082189 -2.4 -15.145029942437269
      vertex 2.215564663082189 0 -15.145029942437269
      vertex 2.6111800951921302 0 -14.907907177821963
    endloop
  endfacet
  facet normal 0.5956993044924342 0 -0.8032075314806442
    outer loop
      vertex 2.6111800951921302 -2.4 -14.907907177821963
      vertex 2.6111800951921302 0 -14.907907177821963
      vertex 2.981648435569134 0 -14.633149130804863
    endloop
  endfacet
  facet normal 0 1 0
    outer loop
      vertex 0.8667714297771454 0.5 -13.44888874143362
      vertex 1.829025149345398 0.5 -13.385819301009178
      vertex 1.0592107102274895 0.5 -13.487167291343212
    endloop
  endfacet
  facet normal 0 1 0
    outer loop
      vertex 1.0592107102274895 0.5 -13.487167291343212
      vertex 1.643228568136692 0.5 -13.44888874143362
      vertex 1.255000002682209 0.5 -13.5
    endloop
  endfacet
  facet normal 0 1 0
    outer loop
      vertex 1.255000002682209 0.5 -13.5
      vertex 1.643228568136692 0.5 -13.44888874143362
      vertex 1.450789287686348 0.5 -13.487167291343212
    endloop
  endfacet
  facet normal 0 1 0
    outer loop
      vertex 1.0592107102274895 0.5 -13.487167291343212
      vertex 1.829025149345398 0.5 -13.385819301009178
      vertex 1.643228568136692 0.5 -13.44888874143362
    endloop
  endfacet
  facet normal 0 1 0
    outer loop
      vertex -0.13081929832696915 0.5 -12.574025146663189
      vertex 2.703888736665249 0.5 -12.388228565454483
      vertex -0.04403810203075409 0.5 -12.75
    endloop
  endfacet
  facet normal 0 1 0
    outer loop
      vertex -0.13081929832696915 0.5 -12.574025146663189
      vertex -0.19388873875141144 0.5 -12.388228565454483
      vertex 2.742167294025421 0.5 -12.195789285004139
    endloop
  endfacet
  facet normal 0 1 0
    outer loop
      vertex -0.19388873875141144 0.5 -12.388228565454483
      vertex -0.2321672886610031 0.5 -12.195789285004139
      vertex 2.755000002682209 0.5 -12
    endloop
  endfacet
  facet normal 0 1 0
    outer loop
      vertex -0.2321672886610031 0.5 -12.195789285004139
      vertex -0.24499999731779099 0.5 -12
      vertex 2.742167294025421 0.5 -11.804210714995861
    endloop
  endfacet
  facet normal 0 1 0
    outer loop
      vertex -0.24499999731779099 0.5 -12
      vertex -0.2321672886610031 0.5 -11.804210714995861
      vertex 2.703888736665249 0.5 -11.611771434545517
    endloop
  endfacet
  facet normal 0 1 0
    outer loop
      vertex -0.2321672886610031 0.5 -11.804210714995861
      vertex -0.19388873875141144 0.5 -11.611771434545517
      vertex 2.6408192962408066 0.5 -11.425974853336811
    endloop
  endfacet
  facet normal 0 1 0
    outer loop
      vertex -0.19388873875141144 0.5 -11.611771434545517
      vertex -0.13081929832696915 0.5 -11.425974853336811
      vertex 2.554038107395172 0.5 -11.25
    endloop
  endfacet
  facet normal 0 1 0
    outer loop
      vertex -0.13081929832696915 0.5 -11.425974853336811
      vertex -0.04403810203075409 0.5 -11.25
      vertex 2.4450300112366676 0.5 -11.086857855319977
    endloop
  endfacet
  facet normal 0 1 0
    outer loop
      vertex -0.04403810203075409 0.5 -11.25
      vertex 0.0649699866771698 0.5 -11.086857855319977
      vertex 2.315660171210766 0.5 -10.939339831471443
    endloop
  endfacet
  facet normal 0 1 0
    outer loop
      vertex 0.0649699866771698 0.5 -11.086857855319977
      vertex 0.1943398267030716 0.5 -10.939339831471443
      vertex 2.1681421399116516 0.5 -10.809969991445541
    endloop
  endfacet
  facet normal 0 1 0
    outer loop
      vertex 0.1943398267030716 0.5 -10.939339831471443
      vertex 0.3418578580021858 0.5 -10.809969991445541
      vertex 2.005000002682209 0.5 -10.700961895287037
    endloop
  endfacet
  facet normal 0 1 0
    outer loop
      vertex 0.3418578580021858 0.5 -13.190030008554459
      vertex 2.315660171210766 0.5 -13.060660168528557
      vertex 0.505000002682209 0.5 -13.299038104712963
    endloop
  endfacet
  facet normal 0 1 0
    outer loop
      vertex 0.3418578580021858 0.5 -13.190030008554459
      vertex 0.1943398267030716 0.5 -13.060660168528557
      vertex 2.4450300112366676 0.5 -12.913142144680023
    endloop
  endfacet
  facet normal 0 1 0
    outer loop
      vertex 0.505000002682209 0.5 -13.299038104712963
      vertex 2.1681421399116516 0.5 -13.190030008554459
      vertex 0.6809748485684395 0.5 -13.385819301009178
    endloop
  endfacet
  facet normal 0 1 0
    outer loop
      vertex 0.8667714297771454 0.5 -13.44888874143362
      vertex 0.6809748485684395 0.5 -13.385819301009178
      vertex 2.005000002682209 0.5 -13.299038104712963
    endloop
  endfacet
  facet normal 0 1 0
    outer loop
      vertex 0.1943398267030716 0.5 -13.060660168528557
      vertex 0.0649699866771698 0.5 -12.913142144680023
      vertex 2.554038107395172 0.5 -12.75
    endloop
  endfacet
  facet normal 0 1 0
    outer loop
      vertex -0.04403810203075409 0.5 -12.75
      vertex 2.6408192962408066 0.5 -12.574025146663189
      vertex 0.0649699866771698 0.5 -12.913142144680023
    endloop
  endfacet
  facet normal 0 1 0
    outer loop
      vertex 0.8667714297771454 0.5 -13.44888874143362
      vertex 2.005000002682209 0.5 -13.299038104712963
      vertex 1.829025149345398 0.5 -13.385819301009178
    endloop
  endfacet
  facet normal 0 1 0
    outer loop
      vertex 0.6809748485684395 0.5 -13.385819301009178
      vertex 2.1681421399116516 0.5 -13.190030008554459
      vertex 2.005000002682209 0.5 -13.299038104712963
    endloop
  endfacet
  facet normal 0 1 0
    outer loop
      vertex 0.505000002682209 0.5 -13.299038104712963
      vertex 2.315660171210766 0.5 -13.060660168528557
      vertex 2.1681421399116516 0.5 -13.190030008554459
    endloop
  endfacet
  facet normal 0 1 0
    outer loop
      vertex 0.3418578580021858 0.5 -13.190030008554459
      vertex 2.4450300112366676 0.5 -12.913142144680023
      vertex 2.315660171210766 0.5 -13.060660168528557
    endloop
  endfacet
  facet normal 0 1 0
    outer loop
      vertex 0.1943398267030716 0.5 -13.060660168528557
      vertex 2.554038107395172 0.5 -12.75
      vertex 2.4450300112366676 0.5 -12.913142144680023
    endloop
  endfacet
  facet normal 0 1 0
    outer loop
      vertex 0.0649699866771698 0.5 -12.913142144680023
      vertex 2.6408192962408066 0.5 -12.574025146663189
      vertex 2.554038107395172 0.5 -12.75
    endloop
  endfacet
  facet normal 0 1 0
    outer loop
      vertex -0.04403810203075409 0.5 -12.75
      vertex 2.703888736665249 0.5 -12.388228565454483
      vertex 2.6408192962408066 0.5 -12.574025146663189
    endloop
  endfacet
  facet normal 0 1 0
    outer loop
      vertex -0.13081929832696915 0.5 -12.574025146663189
      vertex 2.742167294025421 0.5 -12.195789285004139
      vertex 2.703888736665249 0.5 -12.388228565454483
    endloop
  endfacet
  facet normal 0 1 0
    outer loop
      vertex -0.19388873875141144 0.5 -12.388228565454483
      vertex 2.755000002682209 0.5 -12
      vertex 2.742167294025421 0.5 -12.195789285004139
    endloop
  endfacet
  facet normal 0 1 0
    outer loop
      vertex -0.2321672886610031 0.5 -12.195789285004139
      vertex 2.742167294025421 0.5 -11.804210714995861
      vertex 2.755000002682209 0.5 -12
    endloop
  endfacet
  facet normal 0 1 0
    outer loop
      vertex -0.24499999731779099 0.5 -12
      vertex 2.703888736665249 0.5 -11.611771434545517
      vertex 2.742167294025421 0.5 -11.804210714995861
    endloop
  endfacet
  facet normal 0 1 0
    outer loop
      vertex -0.2321672886610031 0.5 -11.804210714995861
      vertex 2.6408192962408066 0.5 -11.425974853336811
      vertex 2.703888736665249 0.5 -11.611771434545517
    endloop
  endfacet
  facet normal 0 1 0
    outer loop
      vertex 0.3418578580021858 0.5 -10.809969991445541
      vertex 0.505000002682209 0.5 -10.700961895287037
      vertex 1.829025149345398 0.5 -10.614180698990822
    endloop
  endfacet
  facet normal 0 1 0
    outer loop
      vertex 0.505000002682209 0.5 -10.700961895287037
      vertex 0.6809748485684395 0.5 -10.614180698990822
      vertex 1.643228568136692 0.5 -10.55111125856638
    endloop
  endfacet
  facet normal 0 1 0
    outer loop
      vertex 0.505000002682209 0.5 -10.700961895287037
      vertex 1.643228568136692 0.5 -10.55111125856638
      vertex 1.829025149345398 0.5 -10.614180698990822
    endloop
  endfacet
  facet normal 0 1 0
    outer loop
      vertex -0.19388873875141144 0.5 -11.611771434545517
      vertex 2.554038107395172 0.5 -11.25
      vertex 2.6408192962408066 0.5 -11.425974853336811
    endloop
  endfacet
  facet normal 0 1 0
    outer loop
      vertex -0.13081929832696915 0.5 -11.425974853336811
      vertex 2.4450300112366676 0.5 -11.086857855319977
      vertex 2.554038107395172 0.5 -11.25
    endloop
  endfacet
  facet normal 0 1 0
    outer loop
      vertex -0.04403810203075409 0.5 -11.25
      vertex 2.315660171210766 0.5 -10.939339831471443
      vertex 2.4450300112366676 0.5 -11.086857855319977
    endloop
  endfacet
  facet normal 0 1 0
    outer loop
      vertex 0.0649699866771698 0.5 -11.086857855319977
      vertex 2.1681421399116516 0.5 -10.809969991445541
      vertex 2.315660171210766 0.5 -10.939339831471443
    endloop
  endfacet
  facet normal 0 1 0
    outer loop
      vertex 0.3418578580021858 0.5 -10.809969991445541
      vertex 1.829025149345398 0.5 -10.614180698990822
      vertex 2.005000002682209 0.5 -10.700961895287037
    endloop
  endfacet
  facet normal 0 1 0
    outer loop
      vertex 0.1943398267030716 0.5 -10.939339831471443
      vertex 2.005000002682209 0.5 -10.700961895287037
      vertex 2.1681421399116516 0.5 -10.809969991445541
    endloop
  endfacet
  facet normal 0 1 0
    outer loop
      vertex 0.6809748485684395 0.5 -10.614180698990822
      vertex 0.8667714297771454 0.5 -10.55111125856638
      vertex 1.450789287686348 0.5 -10.512832708656788
    endloop
  endfacet
  facet normal 0 1 0
    outer loop
      vertex 0.8667714297771454 0.5 -10.55111125856638
      vertex 1.0592107102274895 0.5 -10.512832708656788
      vertex 1.255000002682209 0.5 -10.5
    endloop
  endfacet
  facet normal 0 1 0
    outer loop
      vertex 0.8667714297771454 0.5 -10.55111125856638
      vertex 1.255000002682209 0.5 -10.5
      vertex 1.450789287686348 0.5 -10.512832708656788
    endloop
  endfacet
  facet normal 0 1 0
    outer loop
      vertex 0.6809748485684395 0.5 -10.614180698990822
      vertex 1.450789287686348 0.5 -10.512832708656788
      vertex 1.643228568136692 0.5 -10.55111125856638
    endloop
  endfacet
  facet normal -0.9415440651830214 0 0.3368898533922183
    outer loop
      vertex -4.497619577941381 -2.4 -9.635662016904027
      vertex -4.342233802803048 0 -9.201387867884078
      vertex -4.497619577941381 0 -9.635662016904027
    endloop
  endfacet
  facet normal -0.9039892931234429 0 0.4275550934302831
    outer loop
      vertex -4.342233802803048 -2.4 -9.201387867884078
      vertex -4.145029942437269 0 -8.784435336917811
      vertex -4.342233802803048 0 -9.201387867884078
    endloop
  endfacet
  facet normal -0.8577286100002722 0 0.5141027441932213
    outer loop
      vertex -4.145029942437269 -2.4 -8.784435336917811
      vertex -3.9079071778219627 0 -8.38881990480787
      vertex -4.145029942437269 0 -8.784435336917811
    endloop
  endfacet
  facet normal -0.803207531480645 0 0.595699304492433
    outer loop
      vertex -3.9079071778219627 -2.4 -8.38881990480787
      vertex -3.633149130804864 0 -8.018351564430866
      vertex -3.9079071778219627 0 -8.38881990480787
    endloop
  endfacet
  facet normal -0.7409511253549595 0 0.6715589548470179
    outer loop
      vertex -3.633149130804864 -2.4 -8.018351564430866
      vertex -3.323401871576774 0 -7.676598128423226
      vertex -3.633149130804864 0 -8.018351564430866
    endloop
  endfacet
  facet normal -0.6715589548470168 0 0.7409511253549604
    outer loop
      vertex -2.981648435569134 -2.4 -7.366850869195137
      vertex -2.981648435569134 0 -7.366850869195137
      vertex -3.323401871576774 0 -7.676598128423226
    endloop
  endfacet
  facet normal -0.5956993044924342 0 0.8032075314806442
    outer loop
      vertex -2.6111800951921302 -2.4 -7.092092822178037
      vertex -2.6111800951921302 0 -7.092092822178037
      vertex -2.981648435569134 0 -7.366850869195137
    endloop
  endfacet
  facet normal -0.514102744193221 0 0.8577286100002723
    outer loop
      vertex -2.215564663082189 -2.4 -6.854970057562731
      vertex -2.215564663082189 0 -6.854970057562731
      vertex -2.6111800951921302 0 -7.092092822178037
    endloop
  endfacet
  facet normal -0.4275550934302831 0 0.9039892931234429
    outer loop
      vertex -1.798612132115922 -2.4 -6.657766197196952
      vertex -1.798612132115922 0 -6.657766197196952
      vertex -2.215564663082189 0 -6.854970057562731
    endloop
  endfacet
  facet normal -0.33688985339221794 0 0.9415440651830215
    outer loop
      vertex -1.364337983095973 -2.4 -6.502380422058619
      vertex -1.364337983095973 0 -6.502380422058619
      vertex -1.798612132115922 0 -6.657766197196952
    endloop
  endfacet
  facet normal -0.24298017990326506 0 0.9700312531945438
    outer loop
      vertex -0.9169245134758028 -2.4 -6.390309182104817
      vertex -0.9169245134758028 0 -6.390309182104817
      vertex -1.364337983095973 0 -6.502380422058619
    endloop
  endfacet
  facet normal 0 -1 0
    outer loop
      vertex -8.100000001490116 0 -12.002316188573637
      vertex -3.323401871576774 0 -7.676598128423226
      vertex -2.981648435569134 0 -7.366850869195137
    endloop
  endfacet
  facet normal 0 -1 0
    outer loop
      vertex -8.100000001490116 0 -12.002316188573637
      vertex -0.8036352079666885 0 -1.9401470182737022
      vertex -1.05 0 -1.818653347947321
    endloop
  endfacet
  facet normal 0 -1 0
    outer loop
      vertex -8.100000001490116 0 -12.002316188573637
      vertex -0.5435199947152936 0 -2.0284442352070435
      vertex -0.8036352079666885 0 -1.9401470182737022
    endloop
  endfacet
  facet normal 0 -1 0
    outer loop
      vertex -8.100000001490116 0 -12.002316188573637
      vertex -0.2741050036621083 0 -2.082034208885002
      vertex -0.5435199947152936 0 -2.0284442352070435
    endloop
  endfacet
  facet normal 0 -1 0
    outer loop
      vertex -8.100000001490116 0 -8.096563536376138
      vertex -1.818653347947321 0 -1.05
      vertex -1.9401470182737022 0 -0.8036352079666885
    endloop
  endfacet
  facet normal 0 -1 0
    outer loop
      vertex -8.100000001490116 0 -8.096563536376138
      vertex -1.9401470182737022 0 -0.8036352079666885
      vertex -2.0284442352070435 0 -0.5435199947152936
    endloop
  endfacet
  facet normal 0 -1 0
    outer loop
      vertex -8.100000001490116 0 -8.096563536376138
      vertex -2.0284442352070435 0 -0.5435199947152936
      vertex -2.082034208885002 0 -0.2741050036621083
    endloop
  endfacet
  facet normal 0 -1 0
    outer loop
      vertex -8.100000001490116 0 -8.096563536376138
      vertex -2.082034208885002 0 -0.2741050036621083
      vertex -2.1 0 0
    endloop
  endfacet
  facet normal 0 -1 0
    outer loop
      vertex -8.100000001490116 0 -8.096563536376138
      vertex -2.1 0 0
      vertex -2.082034208885002 0 0.2741050036621083
    endloop
  endfacet
  facet normal 0 -1 0
    outer loop
      vertex -8.100000001490116 0 -8.096563536376138
      vertex -2.082034208885002 0 0.2741050036621083
      vertex -2.0284442352070435 0 0.5435199947152936
    endloop
  endfacet
  facet normal 0 -1 0
    outer loop
      vertex -8.100000001490116 0 -8.096563536376138
      vertex -1.2783990009183135 0 -1.666042014611594
      vertex -1.48492424049175 0 -1.48492424049175
    endloop
  endfacet
  facet normal 0 -1 0
    outer loop
      vertex -8.100000001490116 0 -8.096563536376138
      vertex -1.05 0 -1.818653347947321
      vertex -1.2783990009183135 0 -1.666042014611594
    endloop
  endfacet
  facet normal 0 -1 0
    outer loop
      vertex -8.100000001490116 0 -8.096563536376138
      vertex -1.48492424049175 0 -1.48492424049175
      vertex -1.666042014611594 0 -1.2783990009183135
    endloop
  endfacet
  facet normal 0 -1 0
    outer loop
      vertex -8.100000001490116 0 -8.096563536376138
      vertex -1.666042014611594 0 -1.2783990009183135
      vertex -1.818653347947321 0 -1.05
    endloop
  endfacet
  facet normal 0 -1 0
    outer loop
      vertex -8.100000001490116 0 -12.002316188573637
      vertex 0 0 -2.1
      vertex -0.2741050036621083 0 -2.082034208885002
    endloop
  endfacet
  facet normal 0 -1 0
    outer loop
      vertex -8.100000001490116 0 -12.002316188573637
      vertex 0.2741050036621083 0 -2.082034208885002
      vertex 0 0 -2.1
    endloop
  endfacet
  facet normal 0 -1 0
    outer loop
      vertex -8.100000001490116 0 -12.002316188573637
      vertex 0.5435199947152936 0 -2.0284442352070435
      vertex 0.2741050036621083 0 -2.082034208885002
    endloop
  endfacet
  facet normal 0 -1 0
    outer loop
      vertex -8.100000001490116 0 -12.002316188573637
      vertex 0.8036352079666885 0 -1.9401470182737022
      vertex 0.5435199947152936 0 -2.0284442352070435
    endloop
  endfacet
  facet normal 0 -1 0
    outer loop
      vertex -8.100000001490116 0 -12.002316188573637
      vertex 1.05 0 -1.818653347947321
      vertex 0.8036352079666885 0 -1.9401470182737022
    endloop
  endfacet
  facet normal 0 -1 0
    outer loop
      vertex -8.100000001490116 0 -12.002316188573637
      vertex 1.2783990009183135 0 -1.666042014611594
      vertex 1.05 0 -1.818653347947321
    endloop
  endfacet
  facet normal 0 -1 0
    outer loop
      vertex -8.100000001490116 0 -12.002316188573637
      vertex 1.48492424049175 0 -1.48492424049175
      vertex 1.2783990009183135 0 -1.666042014611594
    endloop
  endfacet
  facet normal -0.14673047445536175 0 0.9891765099647809
    outer loop
      vertex -0.46068055954893483 -2.4 -6.3226317846406745
      vertex -0.46068055954893483 0 -6.3226317846406745
      vertex -0.9169245134758028 0 -6.390309182104817
    endloop
  endfacet
  facet normal -0.0490676743274182 0 0.9987954562051724
    outer loop
      vertex 0 -2.4 -6.3
      vertex 0 0 -6.3
      vertex -0.46068055954893483 0 -6.3226317846406745
    endloop
  endfacet
  facet normal 0.0490676743274182 0 0.9987954562051724
    outer loop
      vertex 0.46068055954893483 -2.4 -6.3226317846406745
      vertex 0.46068055954893483 0 -6.3226317846406745
      vertex 0 0 -6.3
    endloop
  endfacet
  facet normal 0.14673047445536175 0 0.9891765099647809
    outer loop
      vertex 0.9169245134758028 -2.4 -6.390309182104817
      vertex 0.9169245134758028 0 -6.390309182104817
      vertex 0.46068055954893483 0 -6.3226317846406745
    endloop
  endfacet
  facet normal 0.24298017990326506 0 0.9700312531945438
    outer loop
      vertex 1.364337983095973 -2.4 -6.502380422058619
      vertex 1.364337983095973 0 -6.502380422058619
      vertex 0.9169245134758028 0 -6.390309182104817
    endloop
  endfacet
  facet normal 0.33688985339221794 0 0.9415440651830215
    outer loop
      vertex 1.798612132115922 -2.4 -6.657766197196952
      vertex 1.798612132115922 0 -6.657766197196952
      vertex 1.364337983095973 0 -6.502380422058619
    endloop
  endfacet
  facet normal 0.514102744193221 0 0.8577286100002723
    outer loop
      vertex 2.215564663082189 0 -6.854970057562731
      vertex 2.6111800951921302 -2.4 -7.092092822178037
      vertex 2.6111800951921302 0 -7.092092822178037
    endloop
  endfacet
  facet normal 0.4275550934302831 0 0.9039892931234429
    outer loop
      vertex 2.215564663082189 -2.4 -6.854970057562731
      vertex 2.215564663082189 0 -6.854970057562731
      vertex 1.798612132115922 0 -6.657766197196952
    endloop
  endfacet
  facet normal 0 -1 0
    outer loop
      vertex -8.100000001490116 0 -12.002316188573637
      vertex -2.981648435569134 0 -7.366850869195137
      vertex 11.757192269559093 0 8.104999996721745
    endloop
  endfacet
  facet normal 0 1 0
    outer loop
      vertex -10.852343752980232 3 -15.145000003278255
      vertex -0.13081929832696915 3 -12.574025146663189
      vertex -0.04403810203075409 3 -12.75
    endloop
  endfacet
  facet normal 0 1 0
    outer loop
      vertex -10.852343752980232 3 -15.145000003278255
      vertex 0.0649699866771698 3 -12.913142144680023
      vertex 0.1943398267030716 3 -13.060660168528557
    endloop
  endfacet
  facet normal 0 1 0
    outer loop
      vertex -10.852343752980232 3 -15.145000003278255
      vertex 0.1943398267030716 3 -13.060660168528557
      vertex 0.3418578580021858 3 -13.190030008554459
    endloop
  endfacet
  facet normal 0 1 0
    outer loop
      vertex -10.852343752980232 3 -15.145000003278255
      vertex -0.04403810203075409 3 -12.75
      vertex 0.0649699866771698 3 -12.913142144680023
    endloop
  endfacet
  facet normal 0 1 0
    outer loop
      vertex -10.852343752980232 3 -15.145000003278255
      vertex 0.3418578580021858 3 -13.190030008554459
      vertex 0.505000002682209 3 -13.299038104712963
    endloop
  endfacet
  facet normal 0 1 0
    outer loop
      vertex -10.852343752980232 3 -15.145000003278255
      vertex 0.505000002682209 3 -13.299038104712963
      vertex 0.6809748485684395 3 -13.385819301009178
    endloop
  endfacet
  facet normal 0 1 0
    outer loop
      vertex -10.852343752980232 3 -15.145000003278255
      vertex 0.6809748485684395 3 -13.385819301009178
      vertex 0.8667714297771454 3 -13.44888874143362
    endloop
  endfacet
  facet normal 0 1 0
    outer loop
      vertex -10.852343752980232 3 -15.145000003278255
      vertex 0.8667714297771454 3 -13.44888874143362
      vertex 1.0592107102274895 3 -13.487167291343212
    endloop
  endfacet
  facet normal 0 1 0
    outer loop
      vertex -10.852343752980232 3 -15.145000003278255
      vertex 1.0592107102274895 3 -13.487167291343212
      vertex 1.255000002682209 3 -13.5
    endloop
  endfacet
  facet normal 0 1 0
    outer loop
      vertex -10.852343752980232 3 -15.145000003278255
      vertex 1.255000002682209 3 -13.5
      vertex 1.450789287686348 3 -13.487167291343212
    endloop
  endfacet
  facet normal 0 1 0
    outer loop
      vertex -10.852343752980232 3 -15.145000003278255
      vertex -0.2321672886610031 3 -12.195789285004139
      vertex -0.19388873875141144 3 -12.388228565454483
    endloop
  endfacet
  facet normal 0 1 0
    outer loop
      vertex -10.852343752980232 3 -15.145000003278255
      vertex -0.19388873875141144 3 -12.388228565454483
      vertex -0.13081929832696915 3 -12.574025146663189
    endloop
  endfacet
  facet normal 0 1 0
    outer loop
      vertex -10.852343752980232 3 -15.145000003278255
      vertex -0.24499999731779099 3 -12
      vertex -0.2321672886610031 3 -12.195789285004139
    endloop
  endfacet
  facet normal 0 1 0
    outer loop
      vertex -10.852343752980232 3 -15.145000003278255
      vertex -0.2321672886610031 3 -11.804210714995861
      vertex -0.24499999731779099 3 -12
    endloop
  endfacet
  facet normal 0 1 0
    outer loop
      vertex -10.852343752980232 3 -15.145000003278255
      vertex -0.19388873875141144 3 -11.611771434545517
      vertex -0.2321672886610031 3 -11.804210714995861
    endloop
  endfacet
  facet normal 0 1 0
    outer loop
      vertex -10.852343752980232 3 -15.145000003278255
      vertex -0.13081929832696915 3 -11.425974853336811
      vertex -0.19388873875141144 3 -11.611771434545517
    endloop
  endfacet
  facet normal 0 1 0
    outer loop
      vertex -10.852343752980232 3 -15.145000003278255
      vertex -0.04403810203075409 3 -11.25
      vertex -0.13081929832696915 3 -11.425974853336811
    endloop
  endfacet
  facet normal 0 1 0
    outer loop
      vertex -10.852343752980232 3 -15.145000003278255
      vertex 0.0649699866771698 3 -11.086857855319977
      vertex -0.04403810203075409 3 -11.25
    endloop
  endfacet
  facet normal 0 1 0
    outer loop
      vertex -10.852343752980232 3 -15.145000003278255
      vertex 0.1943398267030716 3 -10.939339831471443
      vertex 0.0649699866771698 3 -11.086857855319977
    endloop
  endfacet
  facet normal 0 1 0
    outer loop
      vertex -10.852343752980232 3 -15.145000003278255
      vertex 0.3418578580021858 3 -10.809969991445541
      vertex 0.1943398267030716 3 -10.939339831471443
    endloop
  endfacet
  facet normal 0 1 0
    outer loop
      vertex -10.852343752980232 3 -15.145000003278255
      vertex 0.505000002682209 3 -10.700961895287037
      vertex 0.3418578580021858 3 -10.809969991445541
    endloop
  endfacet
  facet normal 0.3214394637077385 0 0.9469301300366789
    outer loop
      vertex 0.8667714297771454 0.5 -13.44888874143362
      vertex 0.8667714297771454 3 -13.44888874143362
      vertex 0.6809748485684395 0.5 -13.385819301009178
    endloop
  endfacet
  facet normal 0.19509030759446716 0 0.9807852832718772
    outer loop
      vertex 0.8667714297771454 0.5 -13.44888874143362
      vertex 1.0592107102274895 0.5 -13.487167291343212
      vertex 1.0592107102274895 3 -13.487167291343212
    endloop
  endfacet
  facet normal 0.06540313149938919 0 0.9978589230898693
    outer loop
      vertex 1.0592107102274895 0.5 -13.487167291343212
      vertex 1.255000002682209 0.5 -13.5
      vertex 1.255000002682209 3 -13.5
    endloop
  endfacet
  facet normal -0.06540313397759875 0 0.9978589229274388
    outer loop
      vertex 1.255000002682209 0.5 -13.5
      vertex 1.450789287686348 0.5 -13.487167291343212
      vertex 1.450789287686348 3 -13.487167291343212
    endloop
  endfacet
  facet normal -0.19509030759446716 0 0.9807852832718772
    outer loop
      vertex 1.450789287686348 0.5 -13.487167291343212
      vertex 1.643228568136692 0.5 -13.44888874143362
      vertex 1.643228568136692 3 -13.44888874143362
    endloop
  endfacet
  facet normal -0.3214394637077385 0 0.9469301300366789
    outer loop
      vertex 1.643228568136692 0.5 -13.44888874143362
      vertex 1.829025149345398 0.5 -13.385819301009178
      vertex 1.829025149345398 3 -13.385819301009178
    endloop
  endfacet
  facet normal 0.9469301300366789 0 0.3214394637077385
    outer loop
      vertex -0.13081929832696915 0.5 -12.574025146663189
      vertex -0.13081929832696915 3 -12.574025146663189
      vertex -0.19388873875141144 0.5 -12.388228565454483
    endloop
  endfacet
  facet normal 0.9807852832718772 0 0.19509030759446716
    outer loop
      vertex -0.19388873875141144 0.5 -12.388228565454483
      vertex -0.19388873875141144 3 -12.388228565454483
      vertex -0.2321672886610031 0.5 -12.195789285004139
    endloop
  endfacet
  facet normal 0.9978589229274388 0 0.06540313397759875
    outer loop
      vertex -0.2321672886610031 0.5 -12.195789285004139
      vertex -0.2321672886610031 3 -12.195789285004139
      vertex -0.24499999731779099 0.5 -12
    endloop
  endfacet
  facet normal 0.9978589229274388 0 -0.06540313397759875
    outer loop
      vertex -0.24499999731779099 0.5 -12
      vertex -0.24499999731779099 3 -12
      vertex -0.2321672886610031 0.5 -11.804210714995861
    endloop
  endfacet
  facet normal 0.9807852832718772 0 -0.19509030759446716
    outer loop
      vertex -0.2321672886610031 0.5 -11.804210714995861
      vertex -0.2321672886610031 3 -11.804210714995861
      vertex -0.19388873875141144 0.5 -11.611771434545517
    endloop
  endfacet
  facet normal 0.9469301300366789 0 -0.3214394637077385
    outer loop
      vertex -0.19388873875141144 0.5 -11.611771434545517
      vertex -0.19388873875141144 3 -11.611771434545517
      vertex -0.13081929832696915 0.5 -11.425974853336811
    endloop
  endfacet
  facet normal 0.7518397942312052 0 0.6593458302062577
    outer loop
      vertex 0.1943398267030716 0.5 -13.060660168528557
      vertex 0.1943398267030716 3 -13.060660168528557
      vertex 0.0649699866771698 0.5 -12.913142144680023
    endloop
  endfacet
  facet normal 0.6593458113823881 0 0.751839810739296
    outer loop
      vertex 0.3418578580021858 0.5 -13.190030008554459
      vertex 0.3418578580021858 3 -13.190030008554459
      vertex 0.1943398267030716 0.5 -13.060660168528557
    endloop
  endfacet
  facet normal 0.8314696295164111 0 0.5555702072572304
    outer loop
      vertex -0.04403810203075409 0.5 -12.75
      vertex 0.0649699866771698 0.5 -12.913142144680023
      vertex 0.0649699866771698 3 -12.913142144680023
    endloop
  endfacet
  facet normal 0.8968727369300094 0 0.4422886995523108
    outer loop
      vertex -0.13081929832696915 0.5 -12.574025146663189
      vertex -0.04403810203075409 0.5 -12.75
      vertex -0.04403810203075409 3 -12.75
    endloop
  endfacet
  facet normal 0.5555702335092735 0 0.8314696119753573
    outer loop
      vertex 0.3418578580021858 0.5 -13.190030008554459
      vertex 0.505000002682209 0.5 -13.299038104712963
      vertex 0.505000002682209 3 -13.299038104712963
    endloop
  endfacet
  facet normal 0.4422887146151558 0 0.8968727295018358
    outer loop
      vertex 0.505000002682209 0.5 -13.299038104712963
      vertex 0.6809748485684395 0.5 -13.385819301009178
      vertex 0.6809748485684395 3 -13.385819301009178
    endloop
  endfacet
  facet normal 0.8968727369300094 0 -0.4422886995523108
    outer loop
      vertex -0.13081929832696915 0.5 -11.425974853336811
      vertex -0.13081929832696915 3 -11.425974853336811
      vertex -0.04403810203075409 0.5 -11.25
    endloop
  endfacet
  facet normal 0.8314696295164111 0 -0.5555702072572304
    outer loop
      vertex -0.04403810203075409 0.5 -11.25
      vertex -0.04403810203075409 3 -11.25
      vertex 0.0649699866771698 0.5 -11.086857855319977
    endloop
  endfacet
  facet normal 0.7518397942312052 0 -0.6593458302062577
    outer loop
      vertex 0.0649699866771698 0.5 -11.086857855319977
      vertex 0.0649699866771698 3 -11.086857855319977
      vertex 0.1943398267030716 0.5 -10.939339831471443
    endloop
  endfacet
  facet normal 0.6593458113823881 0 -0.751839810739296
    outer loop
      vertex 0.1943398267030716 0.5 -10.939339831471443
      vertex 0.1943398267030716 3 -10.939339831471443
      vertex 0.3418578580021858 0.5 -10.809969991445541
    endloop
  endfacet
  facet normal 0.5555702335092735 0 -0.8314696119753573
    outer loop
      vertex 0.3418578580021858 0.5 -10.809969991445541
      vertex 0.3418578580021858 3 -10.809969991445541
      vertex 0.505000002682209 0.5 -10.700961895287037
    endloop
  endfacet
  facet normal 0.4422887146151558 0 -0.8968727295018358
    outer loop
      vertex 0.505000002682209 0.5 -10.700961895287037
      vertex 0.505000002682209 3 -10.700961895287037
      vertex 0.6809748485684395 0.5 -10.614180698990822
    endloop
  endfacet
  facet normal 0.3214394637077385 0 -0.9469301300366789
    outer loop
      vertex 0.6809748485684395 0.5 -10.614180698990822
      vertex 0.6809748485684395 3 -10.614180698990822
      vertex 0.8667714297771454 0.5 -10.55111125856638
    endloop
  endfacet
  facet normal -0.4422886995523108 0 0.8968727369300094
    outer loop
      vertex 1.829025149345398 0.5 -13.385819301009178
      vertex 2.005000002682209 0.5 -13.299038104712963
      vertex 2.005000002682209 3 -13.299038104712963
    endloop
  endfacet
  facet normal -0.5555702510503278 0 0.8314696002547993
    outer loop
      vertex 2.005000002682209 0.5 -13.299038104712963
      vertex 2.1681421399116516 0.5 -13.190030008554459
      vertex 2.1681421399116516 3 -13.190030008554459
    endloop
  endfacet
  facet normal -0.6593458113823881 0 0.751839810739296
    outer loop
      vertex 2.1681421399116516 0.5 -13.190030008554459
      vertex 2.315660171210766 0.5 -13.060660168528557
      vertex 2.315660171210766 3 -13.060660168528557
    endloop
  endfacet
  facet normal -0.7518397942312052 0 0.6593458302062577
    outer loop
      vertex 2.315660171210766 0.5 -13.060660168528557
      vertex 2.4450300112366676 0.5 -12.913142144680023
      vertex 2.4450300112366676 3 -12.913142144680023
    endloop
  endfacet
  facet normal -0.8314696119753573 0 0.5555702335092735
    outer loop
      vertex 2.4450300112366676 0.5 -12.913142144680023
      vertex 2.554038107395172 0.5 -12.75
      vertex 2.554038107395172 3 -12.75
    endloop
  endfacet
  facet normal -0.8968727519928537 0 0.4422886690078837
    outer loop
      vertex 2.554038107395172 0.5 -12.75
      vertex 2.6408192962408066 0.5 -12.574025146663189
      vertex 2.6408192962408066 3 -12.574025146663189
    endloop
  endfacet
  facet normal -0.9469301300366789 0 0.3214394637077385
    outer loop
      vertex 2.6408192962408066 0.5 -12.574025146663189
      vertex 2.703888736665249 0.5 -12.388228565454483
      vertex 2.703888736665249 3 -12.388228565454483
    endloop
  endfacet
  facet normal -0.9807852760061346 0 0.19509034412182083
    outer loop
      vertex 2.703888736665249 0.5 -12.388228565454483
      vertex 2.742167294025421 0.5 -12.195789285004139
      vertex 2.742167294025421 3 -12.195789285004139
    endloop
  endfacet
  facet normal -0.9978589229274388 0 -0.06540313397759875
    outer loop
      vertex 2.755000002682209 0.5 -12
      vertex 2.742167294025421 0.5 -11.804210714995861
      vertex 2.742167294025421 3 -11.804210714995861
    endloop
  endfacet
  facet normal -0.9807852760061346 0 -0.19509034412182083
    outer loop
      vertex 2.703888736665249 0.5 -11.611771434545517
      vertex 2.703888736665249 3 -11.611771434545517
      vertex 2.742167294025421 0.5 -11.804210714995861
    endloop
  endfacet
  facet normal 0.19509030759446716 0 -0.9807852832718772
    outer loop
      vertex 0.8667714297771454 0.5 -10.55111125856638
      vertex 0.8667714297771454 3 -10.55111125856638
      vertex 1.0592107102274895 0.5 -10.512832708656788
    endloop
  endfacet
  facet normal 0.06540313149938919 0 -0.9978589230898693
    outer loop
      vertex 1.0592107102274895 0.5 -10.512832708656788
      vertex 1.0592107102274895 3 -10.512832708656788
      vertex 1.255000002682209 0.5 -10.5
    endloop
  endfacet
  facet normal -0.06540313397759875 0 -0.9978589229274388
    outer loop
      vertex 1.255000002682209 0.5 -10.5
      vertex 1.255000002682209 3 -10.5
      vertex 1.450789287686348 0.5 -10.512832708656788
    endloop
  endfacet
  facet normal -0.19509030759446716 0 -0.9807852832718772
    outer loop
      vertex 1.450789287686348 0.5 -10.512832708656788
      vertex 1.450789287686348 3 -10.512832708656788
      vertex 1.643228568136692 0.5 -10.55111125856638
    endloop
  endfacet
  facet normal -0.3214394637077385 0 -0.9469301300366789
    outer loop
      vertex 1.643228568136692 0.5 -10.55111125856638
      vertex 1.643228568136692 3 -10.55111125856638
      vertex 1.829025149345398 0.5 -10.614180698990822
    endloop
  endfacet
  facet normal -0.4422886995523108 0 -0.8968727369300094
    outer loop
      vertex 2.005000002682209 0.5 -10.700961895287037
      vertex 1.829025149345398 0.5 -10.614180698990822
      vertex 1.829025149345398 3 -10.614180698990822
    endloop
  endfacet
  facet normal -0.6593458113823881 0 -0.751839810739296
    outer loop
      vertex 2.1681421399116516 0.5 -10.809969991445541
      vertex 2.1681421399116516 3 -10.809969991445541
      vertex 2.315660171210766 0.5 -10.939339831471443
    endloop
  endfacet
  facet normal -0.5555702510503278 0 -0.8314696002547993
    outer loop
      vertex 2.005000002682209 0.5 -10.700961895287037
      vertex 2.005000002682209 3 -10.700961895287037
      vertex 2.1681421399116516 0.5 -10.809969991445541
    endloop
  endfacet
  facet normal -0.8314696119753573 0 -0.5555702335092735
    outer loop
      vertex 2.4450300112366676 0.5 -11.086857855319977
      vertex 2.4450300112366676 3 -11.086857855319977
      vertex 2.554038107395172 0.5 -11.25
    endloop
  endfacet
  facet normal -0.9469301300366789 0 -0.3214394637077385
    outer loop
      vertex 2.703888736665249 0.5 -11.611771434545517
      vertex 2.6408192962408066 0.5 -11.425974853336811
      vertex 2.6408192962408066 3 -11.425974853336811
    endloop
  endfacet
  facet normal -0.8968727519928537 0 -0.4422886690078837
    outer loop
      vertex 2.6408192962408066 0.5 -11.425974853336811
      vertex 2.554038107395172 0.5 -11.25
      vertex 2.554038107395172 3 -11.25
    endloop
  endfacet
  facet normal -0.7518397942312052 0 -0.6593458302062577
    outer loop
      vertex 2.4450300112366676 0.5 -11.086857855319977
      vertex 2.315660171210766 0.5 -10.939339831471443
      vertex 2.315660171210766 3 -10.939339831471443
    endloop
  endfacet
  facet normal 0.3214394637077385 0 0.9469301300366789
    outer loop
      vertex 0.6809748485684395 0.5 -13.385819301009178
      vertex 0.8667714297771454 3 -13.44888874143362
      vertex 0.6809748485684395 3 -13.385819301009178
    endloop
  endfacet
  facet normal 0 1 0
    outer loop
      vertex -10.852343752980232 3 -15.145000003278255
      vertex 1.450789287686348 3 -13.487167291343212
      vertex 9.291547872126102 3 -12.6728640422225
    endloop
  endfacet
  facet normal 0.19509030759446716 0 0.9807852832718772
    outer loop
      vertex 0.8667714297771454 0.5 -13.44888874143362
      vertex 1.0592107102274895 3 -13.487167291343212
      vertex 0.8667714297771454 3 -13.44888874143362
    endloop
  endfacet
  facet normal 0.06540313149938919 0 0.9978589230898693
    outer loop
      vertex 1.0592107102274895 0.5 -13.487167291343212
      vertex 1.255000002682209 3 -13.5
      vertex 1.0592107102274895 3 -13.487167291343212
    endloop
  endfacet
  facet normal -0.06540313397759875 0 0.9978589229274388
    outer loop
      vertex 1.255000002682209 0.5 -13.5
      vertex 1.450789287686348 3 -13.487167291343212
      vertex 1.255000002682209 3 -13.5
    endloop
  endfacet
  facet normal -0.19509030759446716 0 0.9807852832718772
    outer loop
      vertex 1.450789287686348 0.5 -13.487167291343212
      vertex 1.643228568136692 3 -13.44888874143362
      vertex 1.450789287686348 3 -13.487167291343212
    endloop
  endfacet
  facet normal -0.3214394637077385 0 0.9469301300366789
    outer loop
      vertex 1.643228568136692 0.5 -13.44888874143362
      vertex 1.829025149345398 3 -13.385819301009178
      vertex 1.643228568136692 3 -13.44888874143362
    endloop
  endfacet
  facet normal 0 1 0
    outer loop
      vertex -10.852343752980232 3 -15.145000003278255
      vertex 8.924661330878735 3 -14.51732723414898
      vertex 8.899999998509884 3 -15.145000003278255
    endloop
  endfacet
  facet normal 0 1 0
    outer loop
      vertex -10.852343752980232 3 -15.145000003278255
      vertex 8.998493276536465 3 -13.893524281680584
      vertex 8.924661330878735 3 -14.51732723414898
    endloop
  endfacet
  facet normal 0 1 0
    outer loop
      vertex -10.852343752980232 3 -15.145000003278255
      vertex 9.121040634810925 3 -13.277437090873718
      vertex 8.998493276536465 3 -13.893524281680584
    endloop
  endfacet
  facet normal 0 1 0
    outer loop
      vertex -10.852343752980232 3 -15.145000003278255
      vertex 9.291547872126102 3 -12.6728640422225
      vertex 9.121040634810925 3 -13.277437090873718
    endloop
  endfacet
  facet normal 0.8968727369300094 0 0.4422886995523108
    outer loop
      vertex -0.13081929832696915 0.5 -12.574025146663189
      vertex -0.04403810203075409 3 -12.75
      vertex -0.13081929832696915 3 -12.574025146663189
    endloop
  endfacet
  facet normal 0.9807852832718772 0 0.19509030759446716
    outer loop
      vertex -0.2321672886610031 0.5 -12.195789285004139
      vertex -0.19388873875141144 3 -12.388228565454483
      vertex -0.2321672886610031 3 -12.195789285004139
    endloop
  endfacet
  facet normal 0.9469301300366789 0 0.3214394637077385
    outer loop
      vertex -0.19388873875141144 0.5 -12.388228565454483
      vertex -0.13081929832696915 3 -12.574025146663189
      vertex -0.19388873875141144 3 -12.388228565454483
    endloop
  endfacet
  facet normal 0.9978589229274388 0 0.06540313397759875
    outer loop
      vertex -0.24499999731779099 0.5 -12
      vertex -0.2321672886610031 3 -12.195789285004139
      vertex -0.24499999731779099 3 -12
    endloop
  endfacet
  facet normal 0.9978589229274388 0 -0.06540313397759875
    outer loop
      vertex -0.2321672886610031 0.5 -11.804210714995861
      vertex -0.24499999731779099 3 -12
      vertex -0.2321672886610031 3 -11.804210714995861
    endloop
  endfacet
  facet normal 0.9807852832718772 0 -0.19509030759446716
    outer loop
      vertex -0.19388873875141144 0.5 -11.611771434545517
      vertex -0.2321672886610031 3 -11.804210714995861
      vertex -0.19388873875141144 3 -11.611771434545517
    endloop
  endfacet
  facet normal 0.7518397942312052 0 0.6593458302062577
    outer loop
      vertex 0.0649699866771698 0.5 -12.913142144680023
      vertex 0.1943398267030716 3 -13.060660168528557
      vertex 0.0649699866771698 3 -12.913142144680023
    endloop
  endfacet
  facet normal 0.6593458113823881 0 0.751839810739296
    outer loop
      vertex 0.1943398267030716 0.5 -13.060660168528557
      vertex 0.3418578580021858 3 -13.190030008554459
      vertex 0.1943398267030716 3 -13.060660168528557
    endloop
  endfacet
  facet normal 0.8314696295164111 0 0.5555702072572304
    outer loop
      vertex -0.04403810203075409 0.5 -12.75
      vertex 0.0649699866771698 3 -12.913142144680023
      vertex -0.04403810203075409 3 -12.75
    endloop
  endfacet
  facet normal 0.5555702335092735 0 0.8314696119753573
    outer loop
      vertex 0.3418578580021858 0.5 -13.190030008554459
      vertex 0.505000002682209 3 -13.299038104712963
      vertex 0.3418578580021858 3 -13.190030008554459
    endloop
  endfacet
  facet normal 0.4422887146151558 0 0.8968727295018358
    outer loop
      vertex 0.505000002682209 0.5 -13.299038104712963
      vertex 0.6809748485684395 3 -13.385819301009178
      vertex 0.505000002682209 3 -13.299038104712963
    endloop
  endfacet
  facet normal 0.9469301300366789 0 -0.3214394637077385
    outer loop
      vertex -0.13081929832696915 0.5 -11.425974853336811
      vertex -0.19388873875141144 3 -11.611771434545517
      vertex -0.13081929832696915 3 -11.425974853336811
    endloop
  endfacet
  facet normal 0.8968727369300094 0 -0.4422886995523108
    outer loop
      vertex -0.04403810203075409 0.5 -11.25
      vertex -0.13081929832696915 3 -11.425974853336811
      vertex -0.04403810203075409 3 -11.25
    endloop
  endfacet
  facet normal 0.8314696295164111 0 -0.5555702072572304
    outer loop
      vertex 0.0649699866771698 0.5 -11.086857855319977
      vertex -0.04403810203075409 3 -11.25
      vertex 0.0649699866771698 3 -11.086857855319977
    endloop
  endfacet
  facet normal 0.7518397942312052 0 -0.6593458302062577
    outer loop
      vertex 0.1943398267030716 0.5 -10.939339831471443
      vertex 0.0649699866771698 3 -11.086857855319977
      vertex 0.1943398267030716 3 -10.939339831471443
    endloop
  endfacet
  facet normal 0.6593458113823881 0 -0.751839810739296
    outer loop
      vertex 0.3418578580021858 0.5 -10.809969991445541
      vertex 0.1943398267030716 3 -10.939339831471443
      vertex 0.3418578580021858 3 -10.809969991445541
    endloop
  endfacet
  facet normal 0.5555702335092735 0 -0.8314696119753573
    outer loop
      vertex 0.505000002682209 0.5 -10.700961895287037
      vertex 0.3418578580021858 3 -10.809969991445541
      vertex 0.505000002682209 3 -10.700961895287037
    endloop
  endfacet
  facet normal 0.4422887146151558 0 -0.8968727295018358
    outer loop
      vertex 0.6809748485684395 0.5 -10.614180698990822
      vertex 0.505000002682209 3 -10.700961895287037
      vertex 0.6809748485684395 3 -10.614180698990822
    endloop
  endfacet
  facet normal 0.3214394637077385 0 -0.9469301300366789
    outer loop
      vertex 0.8667714297771454 0.5 -10.55111125856638
      vertex 0.6809748485684395 3 -10.614180698990822
      vertex 0.8667714297771454 3 -10.55111125856638
    endloop
  endfacet
  facet normal -0.4422886995523108 0 0.8968727369300094
    outer loop
      vertex 1.829025149345398 0.5 -13.385819301009178
      vertex 2.005000002682209 3 -13.299038104712963
      vertex 1.829025149345398 3 -13.385819301009178
    endloop
  endfacet
  facet normal -0.5555702510503278 0 0.8314696002547993
    outer loop
      vertex 2.005000002682209 0.5 -13.299038104712963
      vertex 2.1681421399116516 3 -13.190030008554459
      vertex 2.005000002682209 3 -13.299038104712963
    endloop
  endfacet
  facet normal -0.6593458113823881 0 0.751839810739296
    outer loop
      vertex 2.1681421399116516 0.5 -13.190030008554459
      vertex 2.315660171210766 3 -13.060660168528557
      vertex 2.1681421399116516 3 -13.190030008554459
    endloop
  endfacet
  facet normal -0.7518397942312052 0 0.6593458302062577
    outer loop
      vertex 2.315660171210766 0.5 -13.060660168528557
      vertex 2.4450300112366676 3 -12.913142144680023
      vertex 2.315660171210766 3 -13.060660168528557
    endloop
  endfacet
  facet normal -0.8314696119753573 0 0.5555702335092735
    outer loop
      vertex 2.4450300112366676 0.5 -12.913142144680023
      vertex 2.554038107395172 3 -12.75
      vertex 2.4450300112366676 3 -12.913142144680023
    endloop
  endfacet
  facet normal -0.8968727519928537 0 0.4422886690078837
    outer loop
      vertex 2.554038107395172 0.5 -12.75
      vertex 2.6408192962408066 3 -12.574025146663189
      vertex 2.554038107395172 3 -12.75
    endloop
  endfacet
  facet normal -0.9469301300366789 0 0.3214394637077385
    outer loop
      vertex 2.6408192962408066 0.5 -12.574025146663189
      vertex 2.703888736665249 3 -12.388228565454483
      vertex 2.6408192962408066 3 -12.574025146663189
    endloop
  endfacet
  facet normal -0.9807852760061346 0 0.19509034412182083
    outer loop
      vertex 2.703888736665249 0.5 -12.388228565454483
      vertex 2.742167294025421 3 -12.195789285004139
      vertex 2.703888736665249 3 -12.388228565454483
    endloop
  endfacet
  facet normal -0.9978589229274388 0 0.06540313397759875
    outer loop
      vertex 2.742167294025421 0.5 -12.195789285004139
      vertex 2.755000002682209 3 -12
      vertex 2.742167294025421 3 -12.195789285004139
    endloop
  endfacet
  facet normal -0.9807852760061346 0 -0.19509034412182083
    outer loop
      vertex 2.742167294025421 0.5 -11.804210714995861
      vertex 2.703888736665249 3 -11.611771434545517
      vertex 2.742167294025421 3 -11.804210714995861
    endloop
  endfacet
  facet normal -0.9469301300366789 0 -0.3214394637077385
    outer loop
      vertex 2.703888736665249 0.5 -11.611771434545517
      vertex 2.6408192962408066 3 -11.425974853336811
      vertex 2.703888736665249 3 -11.611771434545517
    endloop
  endfacet
  facet normal 0.19509030759446716 0 -0.9807852832718772
    outer loop
      vertex 1.0592107102274895 0.5 -10.512832708656788
      vertex 0.8667714297771454 3 -10.55111125856638
      vertex 1.0592107102274895 3 -10.512832708656788
    endloop
  endfacet
  facet normal 0.06540313149938919 0 -0.9978589230898693
    outer loop
      vertex 1.255000002682209 0.5 -10.5
      vertex 1.0592107102274895 3 -10.512832708656788
      vertex 1.255000002682209 3 -10.5
    endloop
  endfacet
  facet normal -0.06540313397759875 0 -0.9978589229274388
    outer loop
      vertex 1.450789287686348 0.5 -10.512832708656788
      vertex 1.255000002682209 3 -10.5
      vertex 1.450789287686348 3 -10.512832708656788
    endloop
  endfacet
  facet normal -0.19509030759446716 0 -0.9807852832718772
    outer loop
      vertex 1.643228568136692 0.5 -10.55111125856638
      vertex 1.450789287686348 3 -10.512832708656788
      vertex 1.643228568136692 3 -10.55111125856638
    endloop
  endfacet
  facet normal -0.3214394637077385 0 -0.9469301300366789
    outer loop
      vertex 1.829025149345398 0.5 -10.614180698990822
      vertex 1.643228568136692 3 -10.55111125856638
      vertex 1.829025149345398 3 -10.614180698990822
    endloop
  endfacet
  facet normal -0.4422886995523108 0 -0.8968727369300094
    outer loop
      vertex 2.005000002682209 0.5 -10.700961895287037
      vertex 1.829025149345398 3 -10.614180698990822
      vertex 2.005000002682209 3 -10.700961895287037
    endloop
  endfacet
  facet normal -0.6593458113823881 0 -0.751839810739296
    outer loop
      vertex 2.1681421399116516 3 -10.809969991445541
      vertex 2.315660171210766 3 -10.939339831471443
      vertex 2.315660171210766 0.5 -10.939339831471443
    endloop
  endfacet
  facet normal -0.5555702510503278 0 -0.8314696002547993
    outer loop
      vertex 2.1681421399116516 0.5 -10.809969991445541
      vertex 2.005000002682209 3 -10.700961895287037
      vertex 2.1681421399116516 3 -10.809969991445541
    endloop
  endfacet
  facet normal -0.8968727519928537 0 -0.4422886690078837
    outer loop
      vertex 2.6408192962408066 0.5 -11.425974853336811
      vertex 2.554038107395172 3 -11.25
      vertex 2.6408192962408066 3 -11.425974853336811
    endloop
  endfacet
  facet normal -0.8314696119753573 0 -0.5555702335092735
    outer loop
      vertex 2.554038107395172 0.5 -11.25
      vertex 2.4450300112366676 3 -11.086857855319977
      vertex 2.554038107395172 3 -11.25
    endloop
  endfacet
  facet normal -0.7518397942312052 0 -0.6593458302062577
    outer loop
      vertex 2.4450300112366676 0.5 -11.086857855319977
      vertex 2.315660171210766 3 -10.939339831471443
      vertex 2.4450300112366676 3 -11.086857855319977
    endloop
  endfacet
  facet normal 0 1 0
    outer loop
      vertex -10.877005077898502 3 -14.51732723414898
      vertex -10.950837023556232 3 -13.893524281680584
      vertex 11.600000001490116 3 6
    endloop
  endfacet
  facet normal 0 1 0
    outer loop
      vertex -10.950837023556232 3 -13.893524281680584
      vertex -11.073384389281273 3 -13.277437090873718
      vertex 11.600000001490116 3 6
    endloop
  endfacet
  facet normal 0 1 0
    outer loop
      vertex -10.877005077898502 3 -14.51732723414898
      vertex 11.600000001490116 3 6
      vertex -7.390433132648468 3 -11.600000001490116
    endloop
  endfacet
  facet normal 0 1 0
    outer loop
      vertex -11.461307488381863 3 -12.08353254199028
      vertex -0.8036352079666885 3 -1.9401470182737022
      vertex -0.5435199947152936 3 -2.0284442352070435
    endloop
  endfacet
  facet normal 0 1 0
    outer loop
      vertex -11.461307488381863 3 -12.08353254199028
      vertex -0.5435199947152936 3 -2.0284442352070435
      vertex -0.2741050036621083 3 -2.082034208885002
    endloop
  endfacet
  facet normal 0 1 0
    outer loop
      vertex -11.461307488381863 3 -12.08353254199028
      vertex -0.2741050036621083 3 -2.082034208885002
      vertex 0 3 -2.1
    endloop
  endfacet
  facet normal 0 1 0
    outer loop
      vertex -11.24389161914587 3 -12.6728640422225
      vertex 0 3 -2.1
      vertex 0.2741050036621083 3 -2.082034208885002
    endloop
  endfacet
  facet normal 0 1 0
    outer loop
      vertex -11.073384389281273 3 -13.277437090873718
      vertex 0.2741050036621083 3 -2.082034208885002
      vertex 0.5435199947152936 3 -2.0284442352070435
    endloop
  endfacet
  facet normal 0 1 0
    outer loop
      vertex -11.073384389281273 3 -13.277437090873718
      vertex 0.5435199947152936 3 -2.0284442352070435
      vertex 0.8036352079666885 3 -1.9401470182737022
    endloop
  endfacet
  facet normal 0 1 0
    outer loop
      vertex -11.073384389281273 3 -13.277437090873718
      vertex 0.8036352079666885 3 -1.9401470182737022
      vertex 1.05 3 -1.818653347947321
    endloop
  endfacet
  facet normal 0 1 0
    outer loop
      vertex -9.100000001490116 3 -6.600000001490116
      vertex -2.0284442352070435 3 -0.5435199947152936
      vertex -1.9401470182737022 3 -0.8036352079666885
    endloop
  endfacet
  facet normal 0 1 0
    outer loop
      vertex -9.100000001490116 3 -6.600000001490116
      vertex -2.082034208885002 3 -0.2741050036621083
      vertex -2.0284442352070435 3 -0.5435199947152936
    endloop
  endfacet
  facet normal 0 1 0
    outer loop
      vertex -9.100000001490116 3 -6.600000001490116
      vertex -2.1 3 0
      vertex -2.082034208885002 3 -0.2741050036621083
    endloop
  endfacet
  facet normal 0 1 0
    outer loop
      vertex -9.100000001490116 3 -6.600000001490116
      vertex -1.818653347947321 3 -1.05
      vertex -1.666042014611594 3 -1.2783990009183135
    endloop
  endfacet
  facet normal 0 1 0
    outer loop
      vertex -9.100000001490116 3 -6.600000001490116
      vertex -1.9401470182737022 3 -0.8036352079666885
      vertex -1.818653347947321 3 -1.05
    endloop
  endfacet
  facet normal 0 1 0
    outer loop
      vertex -9.100000001490116 3 -6.600000001490116
      vertex -1.666042014611594 3 -1.2783990009183135
      vertex -1.48492424049175 3 -1.48492424049175
    endloop
  endfacet
  facet normal 0 1 0
    outer loop
      vertex -6.899999998509884 3 -6.600000001490116
      vertex -1.48492424049175 3 -1.48492424049175
      vertex -1.2783990009183135 3 -1.666042014611594
    endloop
  endfacet
  facet normal 0 1 0
    outer loop
      vertex -6.899999998509884 3 -6.600000001490116
      vertex -1.2783990009183135 3 -1.666042014611594
      vertex -1.05 3 -1.818653347947321
    endloop
  endfacet
  facet normal 0 1 0
    outer loop
      vertex -11.073384389281273 3 -13.277437090873718
      vertex 1.05 3 -1.818653347947321
      vertex 1.2783990009183135 3 -1.666042014611594
    endloop
  endfacet
  facet normal 0 1 0
    outer loop
      vertex -11.073384389281273 3 -13.277437090873718
      vertex 1.2783990009183135 3 -1.666042014611594
      vertex 1.48492424049175 3 -1.48492424049175
    endloop
  endfacet
  facet normal 0 1 0
    outer loop
      vertex -6.899999998509884 3 -6.600000001490116
      vertex -1.05 3 -1.818653347947321
      vertex -0.8036352079666885 3 -1.9401470182737022
    endloop
  endfacet
  facet normal 0 1 0
    outer loop
      vertex -6 3 -12.399999998509884
      vertex -6 3 -11.600000001490116
      vertex 12.388228565454483 3 -0.9488887414336205
    endloop
  endfacet
  facet normal 0 1 0
    outer loop
      vertex -7.390433132648468 3 -11.600000001490116
      vertex 12.399999998509884 3 6
      vertex -6 3 -11.600000001490116
    endloop
  endfacet
  facet normal 0 1 0
    outer loop
      vertex -11.073384389281273 3 -13.277437090873718
      vertex 1.48492424049175 3 -1.48492424049175
      vertex 11.600000001490116 3 6
    endloop
  endfacet
  facet normal 0 -1 0
    outer loop
      vertex -27.094999998807907 -4 -6.740000002086163
      vertex -26.689907797334865 -4 10.856132812798023
      vertex -27.094999998807907 -4 10.45113281160593
    endloop
  endfacet
  facet normal 0 -1 0
    outer loop
      vertex -27.094999998807907 -4 -6.740000002086163
      vertex -18.852343752980232 -4 10.856132812798023
      vertex -26.689907797334865 -4 10.856132812798023
    endloop
  endfacet
  facet normal 0 -1 0
    outer loop
      vertex -27.094999998807907 -4 -6.740000002086163
      vertex -18.224670983850956 -4 10.880794145166874
      vertex -18.852343752980232 -4 10.856132812798023
    endloop
  endfacet
  facet normal 0 -1 0
    outer loop
      vertex -27.094999998807907 -4 -6.740000002086163
      vertex -17.60086803138256 -4 10.954626090824604
      vertex -18.224670983850956 -4 10.880794145166874
    endloop
  endfacet
  facet normal 0 -1 0
    outer loop
      vertex -27.094999998807907 -4 -6.740000002086163
      vertex -16.984780840575695 -4 11.077173449099064
      vertex -17.60086803138256 -4 10.954626090824604
    endloop
  endfacet
  facet normal -0.9948624386588061 -0.10123600222180526 0
    outer loop
      vertex -27.094999998807907 -4 -6.740000002086163
      vertex -27.094999998807907 -4 10.45113281160593
      vertex -27.5 -0.02 -7.1450000032782555
    endloop
  endfacet
  facet normal -0.9948624386588061 -0.10123600222180526 0
    outer loop
      vertex -27.094999998807907 -4 10.45113281160593
      vertex -27.5 -0.02 8.469718331859339
      vertex -27.5 -0.02 -7.1450000032782555
    endloop
  endfacet
  facet normal -0.6998169314428345 -0.14244126619469394 0.6999762482761737
    outer loop
      vertex -27.094999998807907 -4 10.45113281160593
      vertex -26.689907797334865 -4 10.856132812798023
      vertex -27.5 -0.02 10.856132812798023
    endloop
  endfacet
  facet normal -0.9948624386588061 -0.10123600222180523 0
    outer loop
      vertex -27.094999998807907 -4 10.45113281160593
      vertex -27.5 -0.02 10.856132812798023
      vertex -27.5 -0.02 8.469718331859339
    endloop
  endfacet
  facet normal 0 0 1
    outer loop
      vertex -26.689907797334865 -4 10.856132812798023
      vertex -18.852343752980232 0 10.856132812798023
      vertex -27.5 -0.02 10.856132812798023
    endloop
  endfacet
  facet normal 0 0 1
    outer loop
      vertex -26.689907797334865 -4 10.856132812798023
      vertex -18.852343752980232 -4 10.856132812798023
      vertex -18.852343752980232 0 10.856132812798023
    endloop
  endfacet
  facet normal 0 -1 0
    outer loop
      vertex -27.094999998807907 -4 -6.740000002086163
      vertex -18.852343752980232 -4 -7.1450000032782555
      vertex -8.505000002682209 -4 8.509999997913837
    endloop
  endfacet
  facet normal 0 -1 0
    outer loop
      vertex -27.094999998807907 -4 -6.740000002086163
      vertex -8.505000002682209 -4 8.509999997913837
      vertex -16.984780840575695 -4 11.077173449099064
    endloop
  endfacet
  facet normal 0 -1 0
    outer loop
      vertex -18.852343752980232 -4 -7.1450000032782555
      vertex -18.224670983850956 -4 -7.169661328196526
      vertex -8.505000002682209 -4 8.509999997913837
    endloop
  endfacet
  facet normal 0 -1 0
    outer loop
      vertex -18.224670983850956 -4 -7.169661328196526
      vertex -17.60086803138256 -4 -7.243493273854256
      vertex -8.505000002682209 -4 8.509999997913837
    endloop
  endfacet
  facet normal 0 -1 0
    outer loop
      vertex -17.60086803138256 -4 -7.243493273854256
      vertex -16.984780840575695 -4 -7.366040639579296
      vertex -8.505000002682209 -4 8.509999997913837
    endloop
  endfacet
  facet normal 0 -1 0
    outer loop
      vertex -16.984780840575695 -4 -7.366040639579296
      vertex -16.380207791924477 -4 -7.536547869443893
      vertex -8.505000002682209 -4 8.509999997913837
    endloop
  endfacet
  facet normal 0 -1 0
    outer loop
      vertex -16.984780840575695 -4 11.077173449099064
      vertex -8.505000002682209 -4 8.509999997913837
      vertex -16.380207791924477 -4 11.247680678963661
    endloop
  endfacet
  facet normal 0 -1 0
    outer loop
      vertex -16.380207791924477 -4 11.247680678963661
      vertex -8.505000002682209 -4 8.509999997913837
      vertex -15.790876291692257 -4 11.465096555650234
    endloop
  endfacet
  facet normal 0 -1 0
    outer loop
      vertex -15.790876291692257 -4 11.465096555650234
      vertex -8.505000002682209 -4 8.509999997913837
      vertex -15.220419749617577 -4 11.728080615401268
    endloop
  endfacet
  facet normal 0 -1 0
    outer loop
      vertex -15.220419749617577 -4 11.728080615401268
      vertex -8.505000002682209 -4 8.509999997913837
      vertex -14.672355234622955 -4 12.035011500120163
    endloop
  endfacet
  facet normal 0 -1 0
    outer loop
      vertex -14.672355234622955 -4 12.035011500120163
      vertex -8.505000002682209 -4 8.509999997913837
      vertex -14.15006173402071 -4 12.383996859192848
    endloop
  endfacet
  facet normal -0.039259819103324954 0 0.9992290361093268
    outer loop
      vertex -18.852343752980232 -4 10.856132812798023
      vertex -18.224670983850956 -4 10.880794145166874
      vertex -18.224670983850956 0 10.880794145166874
    endloop
  endfacet
  facet normal -0.11753739870463581 0 0.993068456807358
    outer loop
      vertex -18.224670983850956 -4 10.880794145166874
      vertex -17.60086803138256 -4 10.954626090824604
      vertex -17.60086803138256 0 10.954626090824604
    endloop
  endfacet
  facet normal -0.19509031686886744 0 0.9807852814270843
    outer loop
      vertex -17.60086803138256 -4 10.954626090824604
      vertex -16.984780840575695 -4 11.077173449099064
      vertex -16.984780840575695 0 11.077173449099064
    endloop
  endfacet
  facet normal -0.27144044363550274 0 0.9624552382105681
    outer loop
      vertex -16.984780840575695 -4 11.077173449099064
      vertex -16.380207791924477 -4 11.247680678963661
      vertex -16.380207791924477 0 11.247680678963661
    endloop
  endfacet
  facet normal -0.039259819103324954 0 0.9992290361093268
    outer loop
      vertex -18.852343752980232 -4 10.856132812798023
      vertex -18.224670983850956 0 10.880794145166874
      vertex -18.852343752980232 0 10.856132812798023
    endloop
  endfacet
  facet normal -0.11753739870463581 0 0.993068456807358
    outer loop
      vertex -18.224670983850956 -4 10.880794145166874
      vertex -17.60086803138256 0 10.954626090824604
      vertex -18.224670983850956 0 10.880794145166874
    endloop
  endfacet
  facet normal -0.19509031686886744 0 0.9807852814270843
    outer loop
      vertex -17.60086803138256 -4 10.954626090824604
      vertex -16.984780840575695 0 11.077173449099064
      vertex -17.60086803138256 0 10.954626090824604
    endloop
  endfacet
  facet normal -0.27144044363550274 0 0.9624552382105681
    outer loop
      vertex -16.984780840575695 -4 11.077173449099064
      vertex -16.380207791924477 0 11.247680678963661
      vertex -16.984780840575695 0 11.077173449099064
    endloop
  endfacet
  facet normal -0.3461170679743614 0 0.938191331902417
    outer loop
      vertex -16.380207791924477 -4 11.247680678963661
      vertex -15.790876291692257 0 11.465096555650234
      vertex -16.380207791924477 0 11.247680678963661
    endloop
  endfacet
  facet normal -0.3461170679743614 0 0.938191331902417
    outer loop
      vertex -16.380207791924477 -4 11.247680678963661
      vertex -15.790876291692257 -4 11.465096555650234
      vertex -15.790876291692257 0 11.465096555650234
    endloop
  endfacet
  facet normal -0.4186597267034648 0 0.9081431788196067
    outer loop
      vertex -15.790876291692257 -4 11.465096555650234
      vertex -15.220419749617577 -4 11.728080615401268
      vertex -15.220419749617577 0 11.728080615401268
    endloop
  endfacet
  facet normal -0.4886212520913232 0 0.8724960011396657
    outer loop
      vertex -15.220419749617577 -4 11.728080615401268
      vertex -14.672355234622955 -4 12.035011500120163
      vertex -14.672355234622955 0 12.035011500120163
    endloop
  endfacet
  facet normal -0.5555702321899513 0 0.8314696128569001
    outer loop
      vertex -14.672355234622955 -4 12.035011500120163
      vertex -14.15006173402071 -4 12.383996859192848
      vertex -14.15006173402071 0 12.383996859192848
    endloop
  endfacet
  facet normal -0.4186597267034648 0 0.9081431788196067
    outer loop
      vertex -15.790876291692257 -4 11.465096555650234
      vertex -15.220419749617577 0 11.728080615401268
      vertex -15.790876291692257 0 11.465096555650234
    endloop
  endfacet
  facet normal -0.4886212520913232 0 0.8724960011396657
    outer loop
      vertex -15.220419749617577 -4 11.728080615401268
      vertex -14.672355234622955 0 12.035011500120163
      vertex -15.220419749617577 0 11.728080615401268
    endloop
  endfacet
  facet normal -0.5555702321899513 0 0.8314696128569001
    outer loop
      vertex -14.672355234622955 -4 12.035011500120163
      vertex -14.15006173402071 0 12.383996859192848
      vertex -14.672355234622955 0 12.035011500120163
    endloop
  endfacet
  facet normal -0.6190939446869747 0 0.7853169345251133
    outer loop
      vertex -14.15006173402071 -4 12.383996859192848
      vertex -13.65675936639309 0 12.772885084152222
      vertex -14.15006173402071 0 12.383996859192848
    endloop
  endfacet
  facet normal -0.6190939446869747 0 0.7853169345251133
    outer loop
      vertex -14.15006173402071 -4 12.383996859192848
      vertex -13.65675936639309 -4 12.772885084152222
      vertex -13.65675936639309 0 12.772885084152222
    endloop
  endfacet
  facet normal -0.6788007487172804 0 0.7343225064921133
    outer loop
      vertex -13.65675936639309 -4 12.772885084152222
      vertex -13.195489503443241 -4 13.199278563261032
      vertex -13.195489503443241 0 13.199278563261032
    endloop
  endfacet
  facet normal -0.7343225064921133 0 0.6788007487172804
    outer loop
      vertex -13.195489503443241 -4 13.199278563261032
      vertex -12.76909602433443 -4 13.66054842621088
      vertex -12.76909602433443 0 13.66054842621088
    endloop
  endfacet
  facet normal -0.7853169287584689 0 0.6190939520019283
    outer loop
      vertex -12.76909602433443 -4 13.66054842621088
      vertex -12.69171402208524 -4 13.758707027423199
      vertex -12.76909602433443 0 13.66054842621088
    endloop
  endfacet
  facet normal -0.7853169287584629 3.004580855369957e-16 0.6190939520019357
    outer loop
      vertex -12.69171402208524 -4 13.758707027423199
      vertex -12.51698822526641 -3.701154922349043 13.98034564251374
      vertex -12.76909602433443 0 13.66054842621088
    endloop
  endfacet
  facet normal -0.7853169287584683 0 0.6190939520019292
    outer loop
      vertex -12.51698822526641 -3.701154922349043 13.98034564251374
      vertex -12.380207791924477 -3.5097214879482608 14.153850793838501
      vertex -12.380207791924477 0 14.153850793838501
    endloop
  endfacet
  facet normal -0.6788007487172804 0 0.7343225064921133
    outer loop
      vertex -13.65675936639309 -4 12.772885084152222
      vertex -13.195489503443241 0 13.199278563261032
      vertex -13.65675936639309 0 12.772885084152222
    endloop
  endfacet
  facet normal -0.7343225064921133 0 0.6788007487172804
    outer loop
      vertex -13.195489503443241 -4 13.199278563261032
      vertex -12.76909602433443 0 13.66054842621088
      vertex -13.195489503443241 0 13.199278563261032
    endloop
  endfacet
  facet normal -0.7853169287584659 -2.26828872955796e-16 0.6190939520019321
    outer loop
      vertex -12.51698822526641 -3.701154922349043 13.98034564251374
      vertex -12.380207791924477 0 14.153850793838501
      vertex -12.76909602433443 0 13.66054842621088
    endloop
  endfacet
  facet normal -1 0 0
    outer loop
      vertex -27.5 -0.02 -7.1450000032782555
      vertex -27.5 0 8.104999996721745
      vertex -27.5 0 -7.1450000032782555
    endloop
  endfacet
  facet normal -1 0 0
    outer loop
      vertex -27.5 -0.02 -7.1450000032782555
      vertex -27.5 -0.0026514047813784793 8.469718331859339
      vertex -27.5 0 8.104999996721745
    endloop
  endfacet
  facet normal -1 0 0
    outer loop
      vertex -27.5 -0.02 -7.1450000032782555
      vertex -27.5 -0.02 8.469718331859339
      vertex -27.5 -0.0026514047813784793 8.469718331859339
    endloop
  endfacet
  facet normal -1 0 0
    outer loop
      vertex -27.5 0 8.104999996721745
      vertex -27.5 -0.0026514047813784793 8.469718331859339
      vertex -27.5 0 10.856132812798023
    endloop
  endfacet
  facet normal -1 0 0
    outer loop
      vertex -27.5 -0.02 8.469718331859339
      vertex -27.5 -0.02 10.856132812798023
      vertex -27.5 -0.0026514047813784793 8.469718331859339
    endloop
  endfacet
  facet normal -1 0 0
    outer loop
      vertex -27.5 -0.0026514047813784793 8.469718331859339
      vertex -27.5 -0.02 10.856132812798023
      vertex -27.5 0 10.856132812798023
    endloop
  endfacet
  facet normal 0 0 1
    outer loop
      vertex -27.5 -0.02 10.856132812798023
      vertex -18.852343752980232 0 10.856132812798023
      vertex -27.5 0 10.856132812798023
    endloop
  endfacet
  facet normal -1 0 0
    outer loop
      vertex -27.5 0 -7.1450000032782555
      vertex -27.5 0 8.104999996721745
      vertex -27.5 3 -7.1450000032782555
    endloop
  endfacet
  facet normal -1 0 0
    outer loop
      vertex -27.5 3 -7.1450000032782555
      vertex -27.5 0 8.104999996721745
      vertex -27.5 0 10.856132812798023
    endloop
  endfacet
  facet normal -1 0 0
    outer loop
      vertex -27.5 3 -7.1450000032782555
      vertex -27.5 0 10.856132812798023
      vertex -27.5 3 10.856132812798023
    endloop
  endfacet
  facet normal 0 1 0
    outer loop
      vertex -27.5 3 -7.1450000032782555
      vertex -27.5 3 10.856132812798023
      vertex -18.852343752980232 3 10.856132812798023
    endloop
  endfacet
  facet normal 0 1 0
    outer loop
      vertex -27.5 3 -7.1450000032782555
      vertex -18.852343752980232 3 10.856132812798023
      vertex -18.852343752980232 3 -7.1450000032782555
    endloop
  endfacet
  facet normal 0 0 1
    outer loop
      vertex -27.5 0 10.856132812798023
      vertex -18.852343752980232 0 10.856132812798023
      vertex -27.5 3 10.856132812798023
    endloop
  endfacet
  facet normal 0 0 1
    outer loop
      vertex -18.852343752980232 0 10.856132812798023
      vertex -18.852343752980232 3 10.856132812798023
      vertex -27.5 3 10.856132812798023
    endloop
  endfacet
  facet normal 0 1 0
    outer loop
      vertex -18.852343752980232 3 -7.1450000032782555
      vertex -18.852343752980232 3 10.856132812798023
      vertex -18.224670983850956 3 -7.169661328196526
    endloop
  endfacet
  facet normal 0 1 0
    outer loop
      vertex -17.60086803138256 3 -7.243493273854256
      vertex -16.984780840575695 3 11.077173449099064
      vertex -16.984780840575695 3 -7.366040639579296
    endloop
  endfacet
  facet normal 0 1 0
    outer loop
      vertex -16.380207791924477 3 -7.536547869443893
      vertex -16.380207791924477 3 11.247680678963661
      vertex -15.790876291692257 3 -7.753963738679886
    endloop
  endfacet
  facet normal 0 1 0
    outer loop
      vertex -16.984780840575695 3 -7.366040639579296
      vertex -16.380207791924477 3 11.247680678963661
      vertex -16.380207791924477 3 -7.536547869443893
    endloop
  endfacet
  facet normal 0 1 0
    outer loop
      vertex -18.224670983850956 3 -7.169661328196526
      vertex -18.399999998509884 3 6
      vertex -17.600000001490116 3 6
    endloop
  endfacet
  facet normal 0 1 0
    outer loop
      vertex -18.224670983850956 3 -7.169661328196526
      vertex -18.852343752980232 3 10.856132812798023
      vertex -18.399999998509884 3 6
    endloop
  endfacet
  facet normal 0 1 0
    outer loop
      vertex -17.60086803138256 3 -7.243493273854256
      vertex -17.600000001490116 3 6
      vertex -16.984780840575695 3 11.077173449099064
    endloop
  endfacet
  facet normal 0 1 0
    outer loop
      vertex -16.984780840575695 3 -7.366040639579296
      vertex -16.984780840575695 3 11.077173449099064
      vertex -16.380207791924477 3 11.247680678963661
    endloop
  endfacet
  facet normal 0 1 0
    outer loop
      vertex -15.220419749617577 3 -8.0169478058815
      vertex -15.790876291692257 3 -7.753963738679886
      vertex -15.220419749617577 3 11.728080615401268
    endloop
  endfacet
  facet normal 0 1 0
    outer loop
      vertex -15.220419749617577 3 -8.0169478058815
      vertex -15.220419749617577 3 11.728080615401268
      vertex -14.672355234622955 3 -8.323878683149815
    endloop
  endfacet
  facet normal 0 1 0
    outer loop
      vertex -14.672355234622955 3 -8.323878683149815
      vertex -14.15006173402071 3 12.383996859192848
      vertex -14.15006173402071 3 -8.6728640422225
    endloop
  endfacet
  facet normal 0 1 0
    outer loop
      vertex -13.65675936639309 3 -9.061752274632454
      vertex -14.15006173402071 3 -8.6728640422225
      vertex -13.65675936639309 3 12.772885084152222
    endloop
  endfacet
  facet normal 0 1 0
    outer loop
      vertex -15.790876291692257 3 -7.753963738679886
      vertex -16.380207791924477 3 11.247680678963661
      vertex -15.790876291692257 3 11.465096555650234
    endloop
  endfacet
  facet normal 0 1 0
    outer loop
      vertex -15.790876291692257 3 -7.753963738679886
      vertex -15.790876291692257 3 11.465096555650234
      vertex -15.220419749617577 3 11.728080615401268
    endloop
  endfacet
  facet normal 0 1 0
    outer loop
      vertex -14.672355234622955 3 -8.323878683149815
      vertex -15.220419749617577 3 11.728080615401268
      vertex -14.672355234622955 3 12.035011500120163
    endloop
  endfacet
  facet normal 0 1 0
    outer loop
      vertex -13.65675936639309 3 -9.061752274632454
      vertex -13.399999998509884 3 8.163016453385353
      vertex -13.399999998509884 3 6.899999998509884
    endloop
  endfacet
  facet normal 0 1 0
    outer loop
      vertex -13.65675936639309 3 -9.061752274632454
      vertex -13.399999998509884 3 6.899999998509884
      vertex -12.600000001490116 3 6.899999998509884
    endloop
  endfacet
  facet normal 0 1 0
    outer loop
      vertex -13.65675936639309 3 -9.061752274632454
      vertex -13.65675936639309 3 12.772885084152222
      vertex -13.399999998509884 3 8.163016453385353
    endloop
  endfacet
  facet normal -0.039259819103324954 0 0.9992290361093268
    outer loop
      vertex -18.852343752980232 0 10.856132812798023
      vertex -18.224670983850956 0 10.880794145166874
      vertex -18.852343752980232 3 10.856132812798023
    endloop
  endfacet
  facet normal -0.11753739870463581 0 0.993068456807358
    outer loop
      vertex -18.224670983850956 0 10.880794145166874
      vertex -17.60086803138256 0 10.954626090824604
      vertex -18.224670983850956 3 10.880794145166874
    endloop
  endfacet
  facet normal -0.19509031686886744 0 0.9807852814270842
    outer loop
      vertex -17.60086803138256 0 10.954626090824604
      vertex -16.984780840575695 0 11.077173449099064
      vertex -17.60086803138256 3 10.954626090824604
    endloop
  endfacet
  facet normal -0.27144044363550274 0 0.9624552382105682
    outer loop
      vertex -16.984780840575695 0 11.077173449099064
      vertex -16.380207791924477 0 11.247680678963661
      vertex -16.984780840575695 3 11.077173449099064
    endloop
  endfacet
  facet normal -0.3461170679743615 0 0.9381913319024171
    outer loop
      vertex -16.380207791924477 0 11.247680678963661
      vertex -15.790876291692257 0 11.465096555650234
      vertex -16.380207791924477 3 11.247680678963661
    endloop
  endfacet
  facet normal 0 1 0
    outer loop
      vertex -18.399999998509884 2.5999999999999996 6
      vertex -18.399999998509884 2.5999999999999996 6.8708192110061646
      vertex -17.910592451691628 2.5999999999999996 6.8900480940938
    endloop
  endfacet
  facet normal 1 0 0
    outer loop
      vertex -18.399999998509884 2.5999999999999996 6
      vertex -18.399999998509884 3 6
      vertex -18.399999998509884 2.5999999999999996 6.8708192110061646
    endloop
  endfacet
  facet normal 0.03925983248097487 0 -0.9992290355837173
    outer loop
      vertex -18.399999998509884 2.5999999999999996 6.8708192110061646
      vertex -18.399999998509884 3 6.8708192110061646
      vertex -17.910592451691628 2.5999999999999996 6.8900480940938
    endloop
  endfacet
  facet normal 0 0 1
    outer loop
      vertex -18.399999998509884 2.5999999999999996 6
      vertex -17.600000001490116 3 6
      vertex -18.399999998509884 3 6
    endloop
  endfacet
  facet normal 1 0 0
    outer loop
      vertex -18.399999998509884 2.5999999999999996 6.8708192110061646
      vertex -18.399999998509884 3 6
      vertex -18.399999998509884 3 6.8708192110061646
    endloop
  endfacet
  facet normal 0.03925983248097487 0 -0.9992290355837173
    outer loop
      vertex -18.399999998509884 3 6.8708192110061646
      vertex -17.910592451691628 3 6.8900480940938
      vertex -17.910592451691628 2.5999999999999996 6.8900480940938
    endloop
  endfacet
  facet normal 0 1 0
    outer loop
      vertex -18.399999998509884 3 6
      vertex -18.852343752980232 3 10.856132812798023
      vertex -18.399999998509884 3 6.8708192110061646
    endloop
  endfacet
  facet normal 0 1 0
    outer loop
      vertex -18.399999998509884 3 6.8708192110061646
      vertex -18.224670983850956 3 10.880794145166874
      vertex -17.910592451691628 3 6.8900480940938
    endloop
  endfacet
  facet normal 0 0 1
    outer loop
      vertex -18.399999998509884 2.5999999999999996 6
      vertex -17.600000001490116 2.5999999999999996 6
      vertex -17.600000001490116 3 6
    endloop
  endfacet
  facet normal 0 1 0
    outer loop
      vertex -18.399999998509884 2.5999999999999996 6
      vertex -17.910592451691628 2.5999999999999996 6.8900480940938
      vertex -17.600000001490116 2.5999999999999996 6
    endloop
  endfacet
  facet normal 0 1 0
    outer loop
      vertex -17.600000001490116 2.5999999999999996 6
      vertex -17.910592451691628 2.5999999999999996 6.8900480940938
      vertex -17.600000001490116 2.5999999999999996 6.926809124648571
    endloop
  endfacet
  facet normal -1 0 0
    outer loop
      vertex -17.600000001490116 2.5999999999999996 6
      vertex -17.600000001490116 2.5999999999999996 6.926809124648571
      vertex -17.600000001490116 3 6.926809124648571
    endloop
  endfacet
  facet normal 0.11753737085737921 0 -0.9930684601032975
    outer loop
      vertex -17.910592451691628 2.5999999999999996 6.8900480940938
      vertex -17.910592451691628 3 6.8900480940938
      vertex -17.600000001490116 2.5999999999999996 6.926809124648571
    endloop
  endfacet
  facet normal -1 0 0
    outer loop
      vertex -17.600000001490116 2.5999999999999996 6
      vertex -17.600000001490116 3 6.926809124648571
      vertex -17.600000001490116 3 6
    endloop
  endfacet
  facet normal 0.11753737085737921 0 -0.9930684601032975
    outer loop
      vertex -17.600000001490116 2.5999999999999996 6.926809124648571
      vertex -17.910592451691628 3 6.8900480940938
      vertex -17.600000001490116 3 6.926809124648571
    endloop
  endfacet
  facet normal 0 1 0
    outer loop
      vertex -17.910592451691628 3 6.8900480940938
      vertex -17.60086803138256 3 10.954626090824604
      vertex -17.600000001490116 3 6.926809124648571
    endloop
  endfacet
  facet normal 0 1 0
    outer loop
      vertex -17.600000001490116 3 6
      vertex -17.600000001490116 3 6.926809124648571
      vertex -16.984780840575695 3 11.077173449099064
    endloop
  endfacet
  facet normal -0.039259819103324954 0 0.9992290361093268
    outer loop
      vertex -18.224670983850956 0 10.880794145166874
      vertex -18.224670983850956 3 10.880794145166874
      vertex -18.852343752980232 3 10.856132812798023
    endloop
  endfacet
  facet normal 0 1 0
    outer loop
      vertex -18.399999998509884 3 6.8708192110061646
      vertex -18.852343752980232 3 10.856132812798023
      vertex -18.224670983850956 3 10.880794145166874
    endloop
  endfacet
  facet normal -0.11753739870463581 0 0.993068456807358
    outer loop
      vertex -17.60086803138256 0 10.954626090824604
      vertex -17.60086803138256 3 10.954626090824604
      vertex -18.224670983850956 3 10.880794145166874
    endloop
  endfacet
  facet normal -0.19509031686886744 0 0.9807852814270842
    outer loop
      vertex -16.984780840575695 0 11.077173449099064
      vertex -16.984780840575695 3 11.077173449099064
      vertex -17.60086803138256 3 10.954626090824604
    endloop
  endfacet
  facet normal -0.27144044363550274 0 0.9624552382105682
    outer loop
      vertex -16.380207791924477 0 11.247680678963661
      vertex -16.380207791924477 3 11.247680678963661
      vertex -16.984780840575695 3 11.077173449099064
    endloop
  endfacet
  facet normal 0 1 0
    outer loop
      vertex -17.910592451691628 3 6.8900480940938
      vertex -18.224670983850956 3 10.880794145166874
      vertex -17.60086803138256 3 10.954626090824604
    endloop
  endfacet
  facet normal 0 1 0
    outer loop
      vertex -17.600000001490116 3 6.926809124648571
      vertex -17.60086803138256 3 10.954626090824604
      vertex -16.984780840575695 3 11.077173449099064
    endloop
  endfacet
  facet normal -0.4186597267034648 0 0.9081431788196067
    outer loop
      vertex -15.790876291692257 0 11.465096555650234
      vertex -15.220419749617577 0 11.728080615401268
      vertex -15.790876291692257 3 11.465096555650234
    endloop
  endfacet
  facet normal -0.4886212520913232 0 0.8724960011396659
    outer loop
      vertex -15.220419749617577 0 11.728080615401268
      vertex -14.672355234622955 0 12.035011500120163
      vertex -15.220419749617577 3 11.728080615401268
    endloop
  endfacet
  facet normal -0.5555702321899513 0 0.8314696128569002
    outer loop
      vertex -14.672355234622955 0 12.035011500120163
      vertex -14.15006173402071 0 12.383996859192848
      vertex -14.672355234622955 3 12.035011500120163
    endloop
  endfacet
  facet normal -0.6190939446869747 0 0.7853169345251134
    outer loop
      vertex -14.15006173402071 0 12.383996859192848
      vertex -13.65675936639309 0 12.772885084152222
      vertex -14.15006173402071 3 12.383996859192848
    endloop
  endfacet
  facet normal 0 1 0
    outer loop
      vertex -14.672355234622955 3 -8.323878683149815
      vertex -14.672355234622955 3 12.035011500120163
      vertex -14.15006173402071 3 12.383996859192848
    endloop
  endfacet
  facet normal 0 1 0
    outer loop
      vertex -14.15006173402071 3 -8.6728640422225
      vertex -14.15006173402071 3 12.383996859192848
      vertex -13.65675936639309 3 12.772885084152222
    endloop
  endfacet
  facet normal 0 0 1
    outer loop
      vertex -13.399999998509884 2.5999999999999996 6.899999998509884
      vertex -12.600000001490116 2.5999999999999996 6.899999998509884
      vertex -12.600000001490116 3 6.899999998509884
    endloop
  endfacet
  facet normal 0 0 1
    outer loop
      vertex -13.399999998509884 2.5999999999999996 6.899999998509884
      vertex -12.600000001490116 3 6.899999998509884
      vertex -13.399999998509884 3 6.899999998509884
    endloop
  endfacet
  facet normal 1 0 0
    outer loop
      vertex -13.399999998509884 2.5999999999999996 6.899999998509884
      vertex -13.399999998509884 3 6.899999998509884
      vertex -13.399999998509884 2.5999999999999996 8.163016453385353
    endloop
  endfacet
  facet normal 1 0 0
    outer loop
      vertex -13.399999998509884 2.5999999999999996 8.163016453385353
      vertex -13.399999998509884 3 6.899999998509884
      vertex -13.399999998509884 3 8.163016453385353
    endloop
  endfacet
  facet normal 0 1 0
    outer loop
      vertex -13.399999998509884 2.5999999999999996 6.899999998509884
      vertex -13.399999998509884 2.5999999999999996 8.163016453385353
      vertex -12.600000001490116 2.5999999999999996 6.899999998509884
    endloop
  endfacet
  facet normal 0 1 0
    outer loop
      vertex -13.399999998509884 2.5999999999999996 8.163016453385353
      vertex -12.600000001490116 2.5999999999999996 8.611037991940975
      vertex -12.600000001490116 2.5999999999999996 6.899999998509884
    endloop
  endfacet
  facet normal 0.4886212526597547 0 -0.8724960008213286
    outer loop
      vertex -13.399999998509884 2.5999999999999996 8.163016453385353
      vertex -13.399999998509884 3 8.163016453385353
      vertex -12.600000001490116 2.5999999999999996 8.611037991940975
    endloop
  endfacet
  facet normal -1 0 0
    outer loop
      vertex -12.600000001490116 2.5999999999999996 6.899999998509884
      vertex -12.600000001490116 2.5999999999999996 8.611037991940975
      vertex -12.600000001490116 3 8.611037991940975
    endloop
  endfacet
  facet normal -1 0 0
    outer loop
      vertex -12.600000001490116 2.5999999999999996 6.899999998509884
      vertex -12.600000001490116 3 8.611037991940975
      vertex -12.600000001490116 3 6.899999998509884
    endloop
  endfacet
  facet normal 0.4886212526597547 0 -0.8724960008213286
    outer loop
      vertex -13.399999998509884 3 8.163016453385353
      vertex -12.600000001490116 3 8.611037991940975
      vertex -12.600000001490116 2.5999999999999996 8.611037991940975
    endloop
  endfacet
  facet normal -0.3461170679743615 0 0.9381913319024171
    outer loop
      vertex -15.790876291692257 0 11.465096555650234
      vertex -15.790876291692257 3 11.465096555650234
      vertex -16.380207791924477 3 11.247680678963661
    endloop
  endfacet
  facet normal -0.4186597267034648 0 0.9081431788196067
    outer loop
      vertex -15.220419749617577 0 11.728080615401268
      vertex -15.220419749617577 3 11.728080615401268
      vertex -15.790876291692257 3 11.465096555650234
    endloop
  endfacet
  facet normal -0.4886212520913232 0 0.8724960011396659
    outer loop
      vertex -14.672355234622955 0 12.035011500120163
      vertex -14.672355234622955 3 12.035011500120163
      vertex -15.220419749617577 3 11.728080615401268
    endloop
  endfacet
  facet normal -0.5555702321899513 0 0.8314696128569002
    outer loop
      vertex -14.15006173402071 0 12.383996859192848
      vertex -14.15006173402071 3 12.383996859192848
      vertex -14.672355234622955 3 12.035011500120163
    endloop
  endfacet
  facet normal 0 1 0
    outer loop
      vertex -13.399999998509884 3 8.163016453385353
      vertex -13.195489503443241 3 13.199278563261032
      vertex -12.600000001490116 3 8.611037991940975
    endloop
  endfacet
  facet normal 0 1 0
    outer loop
      vertex -13.399999998509884 3 8.163016453385353
      vertex -13.65675936639309 3 12.772885084152222
      vertex -13.195489503443241 3 13.199278563261032
    endloop
  endfacet
  facet normal -0.6788007487172804 0 0.7343225064921133
    outer loop
      vertex -13.65675936639309 0 12.772885084152222
      vertex -13.195489503443241 0 13.199278563261032
      vertex -13.65675936639309 3 12.772885084152222
    endloop
  endfacet
  facet normal -0.7343225064921133 0 0.6788007487172804
    outer loop
      vertex -13.195489503443241 0 13.199278563261032
      vertex -12.76909602433443 0 13.66054842621088
      vertex -13.195489503443241 3 13.199278563261032
    endloop
  endfacet
  facet normal -0.7853169287584659 0 0.6190939520019321
    outer loop
      vertex -12.76909602433443 0 13.66054842621088
      vertex -12.380207791924477 0 14.153850793838501
      vertex -12.76909602433443 3 13.66054842621088
    endloop
  endfacet
  facet normal -0.6190939446869747 0 0.7853169345251134
    outer loop
      vertex -13.65675936639309 0 12.772885084152222
      vertex -13.65675936639309 3 12.772885084152222
      vertex -14.15006173402071 3 12.383996859192848
    endloop
  endfacet
  facet normal -0.6788007487172804 0 0.7343225064921133
    outer loop
      vertex -13.195489503443241 0 13.199278563261032
      vertex -13.195489503443241 3 13.199278563261032
      vertex -13.65675936639309 3 12.772885084152222
    endloop
  endfacet
  facet normal -0.7343225064921133 0 0.6788007487172804
    outer loop
      vertex -12.76909602433443 0 13.66054842621088
      vertex -12.76909602433443 3 13.66054842621088
      vertex -13.195489503443241 3 13.199278563261032
    endloop
  endfacet
  facet normal -0.7853169287584659 0 0.6190939520019321
    outer loop
      vertex -12.76909602433443 3 13.66054842621088
      vertex -12.380207791924477 0 14.153850793838501
      vertex -12.380207791924477 3 14.153850793838501
    endloop
  endfacet
  facet normal 0 -1 0
    outer loop
      vertex -14.15006173402071 -4 12.383996859192848
      vertex -8.505000002682209 -4 8.509999997913837
      vertex -13.65675936639309 -4 12.772885084152222
    endloop
  endfacet
  facet normal 0 -1 0
    outer loop
      vertex -13.65675936639309 -4 12.772885084152222
      vertex -8.505000002682209 -4 8.509999997913837
      vertex -13.195489503443241 -4 13.199278563261032
    endloop
  endfacet
  facet normal 0 -1 0
    outer loop
      vertex -13.195489503443241 -4 13.199278563261032
      vertex -8.505000002682209 -4 8.509999997913837
      vertex -12.76909602433443 -4 13.66054842621088
    endloop
  endfacet
  facet normal 0 -1 0
    outer loop
      vertex -12.76909602433443 -4 13.66054842621088
      vertex -8.505000002682209 -4 8.509999997913837
      vertex -12.69171402208524 -4 13.758707027423199
    endloop
  endfacet
  facet normal 0 -1 0
    outer loop
      vertex -12.69171402208524 -4 13.758707027423199
      vertex -8.505000002682209 -4 8.509999997913837
      vertex -8.505000002682209 -4 13.758707027423199
    endloop
  endfacet
  facet normal 0 -1 0
    outer loop
      vertex -8.505000002682209 -4 8.509999997913837
      vertex 14.094999998807907 -4 8.509999997913837
      vertex -8.505000002682209 -4 13.758707027423199
    endloop
  endfacet
  facet normal 0 -0.10123600222180526 -0.9948624386588061
    outer loop
      vertex -8.505000002682209 -4 8.509999997913837
      vertex -8.100000001490116 -0.02 8.104999996721745
      vertex 14.094999998807907 -4 8.509999997913837
    endloop
  endfacet
  facet normal 0 -0.595699304492433 0.8032075314806453
    outer loop
      vertex -12.69171402208524 -4 13.758707027423199
      vertex 10.564644478246644 -3.701154922349043 13.98034564251374
      vertex -12.51698822526641 -3.701154922349043 13.98034564251374
    endloop
  endfacet
  facet normal 0 -0.595699304492433 -0.8032075314806452
    outer loop
      vertex -10.852343752980232 -4 22.241292972576744
      vertex -10.852343752980232 -3.701154922349043 22.019654357486203
      vertex -8.505000002682209 -4 22.241292972576744
    endloop
  endfacet
  facet normal 0 -1 0
    outer loop
      vertex -10.852343752980232 -4 22.241292972576744
      vertex -8.505000002682209 -4 22.241292972576744
      vertex -10.852343752980232 -4 26.690092176911683
    endloop
  endfacet
  facet normal 0 -1 0
    outer loop
      vertex -10.852343752980232 -4 26.690092176911683
      vertex -8.505000002682209 -4 22.241292972576744
      vertex -10.44734375178814 -4 27.094999998807907
    endloop
  endfacet
  facet normal 0 -1 0
    outer loop
      vertex -10.44734375178814 -4 27.094999998807907
      vertex -8.505000002682209 -4 22.241292972576744
      vertex -8.505000002682209 -4 27.094999998807907
    endloop
  endfacet
  facet normal -0.8314696128569021 0 0.5555702321899484
    outer loop
      vertex -12.380207791924477 -3.5097214879482608 14.153850793838501
      vertex -12.267156013128291 -3.3230447378299526 14.323044737829925
      vertex -12.380207791924477 0 14.153850793838501
    endloop
  endfacet
  facet normal -0.8314696128568992 0 0.5555702321899527
    outer loop
      vertex -12.267156013128291 -3.3230447378299526 14.323044737829925
      vertex -12.031222432851791 -3.003013954313819 14.676144294440746
      vertex -12.031222432851791 0 14.676144294440746
    endloop
  endfacet
  facet normal -0.8724960090280806 0 0.4886212380055453
    outer loop
      vertex -12.031222432851791 -3.003013954313819 14.676144294440746
      vertex -12.0172158083568 -2.9803456425137673 14.701154922349016
      vertex -12.031222432851791 0 14.676144294440746
    endloop
  endfacet
  facet normal -0.8724960090280816 -2.216401294021127e-17 0.48862123800554336
    outer loop
      vertex -12.0172158083568 -2.9803456425137673 14.701154922349016
      vertex -11.787672056338202 -2.6763580160267644 15.11103478829804
      vertex -12.031222432851791 0 14.676144294440746
    endloop
  endfacet
  facet normal -0.8724960090280787 0 0.4886212380055484
    outer loop
      vertex -11.787672056338202 -2.6763580160267644 15.11103478829804
      vertex -11.724291555583477 -2.608524113799314 15.224208816885948
      vertex -11.724291555583477 0 15.224208816885948
    endloop
  endfacet
  facet normal -0.9081431722310629 0 0.4186597409951213
    outer loop
      vertex -11.724291555583477 -2.608524113799314 15.224208816885948
      vertex -11.574682026979547 -2.414009425388554 15.548736968504784
      vertex -11.724291555583477 0 15.224208816885948
    endloop
  endfacet
  facet normal -0.9081431722310613 0 0.4186597409951248
    outer loop
      vertex -11.574682026979547 -2.414009425388554 15.548736968504784
      vertex -11.461307488381863 -2.2976939628351545 15.794665351510048
      vertex -11.461307488381863 0 15.794665351510048
    endloop
  endfacet
  facet normal -0.9381913371748879 0 0.3461170536827042
    outer loop
      vertex -11.461307488381863 -2.2976939628351545 15.794665351510048
      vertex -11.381849317081146 -2.1958264309413087 16.010046151701506
      vertex -11.461307488381863 0 15.794665351510048
    endloop
  endfacet
  facet normal -0.9381913371748883 0 0.346117053682703
    outer loop
      vertex -11.381849317081146 -2.1958264309413087 16.010046151701506
      vertex -11.24389161914587 -2.0620247283112927 16.383996859192848
      vertex -11.24389161914587 0 16.383996859192848
    endloop
  endfacet
  facet normal -0.9624552373366492 0 0.2714404467341858
    outer loop
      vertex -11.24389161914587 -2.0620247283112927 16.383996859192848
      vertex -11.213849077448515 -2.023910254192514 16.49051967827677
      vertex -11.24389161914587 0 16.383996859192848
    endloop
  endfacet
  facet normal -0.9624552373366495 -9.94543613673756e-17 0.2714404467341846
    outer loop
      vertex -11.213849077448515 -2.023910254192514 16.49051967827677
      vertex -11.074241638045258 -1.8999165419032016 16.985530325516105
      vertex -11.073384389281273 0 16.988569900393486
    endloop
  endfacet
  facet normal -0.9624552373366648 0 0.2714404467341307
    outer loop
      vertex -11.074241638045258 -1.8999165419032016 16.985530325516105
      vertex -11.073384389281273 -1.8994656635620686 16.988569900393486
      vertex -11.073384389281273 0 16.988569900393486
    endloop
  endfacet
  facet normal -0.9807852791575772 -8.252018661899262e-17 0.19509032827845024
    outer loop
      vertex -11.073384389281273 -1.8994656635620686 16.988569900393486
      vertex -10.97358190181816 -1.8250394213045755 17.490310870286258
      vertex -10.950837023556232 0 17.60465709120035
    endloop
  endfacet
  facet normal -0.9807852791575774 0 0.195090328278449
    outer loop
      vertex -10.97358190181816 -1.8250394213045755 17.490310870286258
      vertex -10.950837023556232 -1.8194219516880226 17.60465709120035
      vertex -10.950837023556232 0 17.60465709120035
    endloop
  endfacet
  facet normal -0.9930684568073581 3.7514584048301983e-16 0.11753739870463473
    outer loop
      vertex -10.950837023556232 -1.8194219516880226 17.60465709120035
      vertex -10.904045106263823 -1.7999999999999998 17.99999999999997
      vertex -10.877005077898502 0 18.228460043668747
    endloop
  endfacet
  facet normal -0.9930684568073578 0 0.11753739870463766
    outer loop
      vertex -10.904045106263823 -1.7999999999999998 17.99999999999997
      vertex -10.877005077898502 -1.8112235222436415 18.228460043668747
      vertex -10.877005077898502 0 18.228460043668747
    endloop
  endfacet
  facet normal -0.9992290365746289 -5.111080524065027e-16 0.03925980726059265
    outer loop
      vertex -10.865955559409683 -1.8250394213045755 18.509689129713685
      vertex -10.852343752980232 0 18.856132812798023
      vertex -10.877005077898502 -1.8112235222436415 18.228460043668747
    endloop
  endfacet
  facet normal -0.999229036574629 0 0.039259807260589974
    outer loop
      vertex -10.852343752980232 -1.8764294871613132 18.856132812798023
      vertex -10.852343752980232 0 18.856132812798023
      vertex -10.865955559409683 -1.8250394213045755 18.509689129713685
    endloop
  endfacet
  facet normal -1 0 0
    outer loop
      vertex -10.852343752980232 -1.8999165419032016 19.014469674483838
      vertex -10.852343752980232 0 18.856132812798023
      vertex -10.852343752980232 -1.8764294871613132 18.856132812798023
    endloop
  endfacet
  facet normal -1 0 0
    outer loop
      vertex -10.852343752980232 -3.701154922349043 22.019654357486203
      vertex -10.852343752980232 0 27.5
      vertex -10.852343752980232 -3.3230447378299526 21.67695526217002
    endloop
  endfacet
  facet normal -1 0 0
    outer loop
      vertex -10.852343752980232 -4 22.241292972576744
      vertex -10.852343752980232 0 27.5
      vertex -10.852343752980232 -3.701154922349043 22.019654357486203
    endloop
  endfacet
  facet normal -1 0 0
    outer loop
      vertex -10.852343752980232 -4 22.241292972576744
      vertex -10.852343752980232 -4 26.690092176911683
      vertex -10.852343752980232 0 27.5
    endloop
  endfacet
  facet normal -0.6998169314428355 -0.14244126619469388 0.6999762482761723
    outer loop
      vertex -10.852343752980232 -4 26.690092176911683
      vertex -10.44734375178814 -4 27.094999998807907
      vertex -10.852343752980232 -0.02 27.5
    endloop
  endfacet
  facet normal 0 -0.10123600222180525 0.9948624386588061
    outer loop
      vertex -10.44734375178814 -4 27.094999998807907
      vertex -8.505000002682209 -4 27.094999998807907
      vertex -10.852343752980232 -0.02 27.5
    endloop
  endfacet
  facet normal -1 0 0
    outer loop
      vertex -10.852343752980232 -3.3230447378299526 21.67695526217002
      vertex -10.852343752980232 0 27.5
      vertex -10.852343752980232 -2.9803456425137673 21.298845077650927
    endloop
  endfacet
  facet normal -1 0 0
    outer loop
      vertex -10.852343752980232 -2.9803456425137673 21.298845077650927
      vertex -10.852343752980232 0 27.5
      vertex -10.852343752980232 -2.6763580160267644 20.8889652117019
    endloop
  endfacet
  facet normal -1 0 0
    outer loop
      vertex -10.852343752980232 -2.6763580160267644 20.8889652117019
      vertex -10.852343752980232 0 27.5
      vertex -10.852343752980232 -2.414009425388554 20.45126303149516
    endloop
  endfacet
  facet normal -1 0 0
    outer loop
      vertex -10.852343752980232 -2.1958264309413087 19.989953848298438
      vertex -10.852343752980232 -2.414009425388554 20.45126303149516
      vertex -10.852343752980232 0 27.5
    endloop
  endfacet
  facet normal -1 0 0
    outer loop
      vertex -10.852343752980232 -2.1958264309413087 19.989953848298438
      vertex -10.852343752980232 0 27.5
      vertex -10.852343752980232 -2.023910254192514 19.509480321723174
    endloop
  endfacet
  facet normal -1 0 0
    outer loop
      vertex -10.852343752980232 -2.023910254192514 19.509480321723174
      vertex -10.852343752980232 0 27.5
      vertex -10.852343752980232 -1.8999165419032016 19.014469674483838
    endloop
  endfacet
  facet normal -1 0 0
    outer loop
      vertex -10.852343752980232 -4 26.690092176911683
      vertex -10.852343752980232 -0.02 27.5
      vertex -10.852343752980232 0 27.5
    endloop
  endfacet
  facet normal 0 -0.5956993044924329 0.8032075314806452
    outer loop
      vertex -12.69171402208524 -4 13.758707027423199
      vertex -8.505000002682209 -4 13.758707027423199
      vertex 10.564644478246644 -3.701154922349043 13.98034564251374
    endloop
  endfacet
  facet normal 0 -0.6715589548470172 0.7409511253549602
    outer loop
      vertex -12.51698822526641 -3.701154922349043 13.98034564251374
      vertex 10.564644478246644 -3.701154922349043 13.98034564251374
      vertex -12.380207791924477 -3.5097214879482608 14.153850793838501
    endloop
  endfacet
  facet normal 0 -0.6715589548470189 0.7409511253549587
    outer loop
      vertex -12.380207791924477 -3.5097214879482608 14.153850793838501
      vertex 10.314812266108522 -3.3230447378299526 14.323044737829925
      vertex -12.267156013128291 -3.3230447378299526 14.323044737829925
    endloop
  endfacet
  facet normal 0 -0.595699304492433 -0.8032075314806452
    outer loop
      vertex -8.505000002682209 -4 22.241292972576744
      vertex -10.852343752980232 -3.701154922349043 22.019654357486203
      vertex 8.899999998509884 -4 22.241292972576744
    endloop
  endfacet
  facet normal 0 -0.671558954847018 -0.7409511253549593
    outer loop
      vertex -10.852343752980232 -3.701154922349043 22.019654357486203
      vertex -10.852343752980232 -3.3230447378299526 21.67695526217002
      vertex 8.899999998509884 -3.701154922349043 22.019654357486203
    endloop
  endfacet
  facet normal 0 -1 0
    outer loop
      vertex -8.505000002682209 -4 22.241292972576744
      vertex 8.899999998509884 -4 25.92656046194516
      vertex -8.505000002682209 -4 27.094999998807907
    endloop
  endfacet
  facet normal 0 -0.5956993044924329 -0.8032075314806452
    outer loop
      vertex -10.852343752980232 -3.701154922349043 22.019654357486203
      vertex 8.899999998509884 -3.701154922349043 22.019654357486203
      vertex 8.899999998509884 -4 22.241292972576744
    endloop
  endfacet
  facet normal 0 -0.671558954847018 -0.7409511253549593
    outer loop
      vertex -10.852343752980232 -3.3230447378299526 21.67695526217002
      vertex 8.899999998509884 -3.3230447378299526 21.67695526217002
      vertex 8.899999998509884 -3.701154922349043 22.019654357486203
    endloop
  endfacet
  facet normal 1.4488205219098325e-17 -0.7409511253549598 0.6715589548470178
    outer loop
      vertex -12.267156013128291 -3.3230447378299526 14.323044737829925
      vertex 10.078878685832024 -3.0030139543138183 14.676144294440746
      vertex -12.031222432851791 -3.003013954313819 14.676144294440746
    endloop
  endfacet
  facet normal 1.4882265713309616e-17 -0.7409511253549552 0.6715589548470227
    outer loop
      vertex -12.031222432851791 -3.003013954313819 14.676144294440746
      vertex 10.078878685832024 -3.0030139543138183 14.676144294440746
      vertex -12.0172158083568 -2.9803456425137673 14.701154922349016
    endloop
  endfacet
  facet normal 0 -0.8032075314806446 0.5956993044924336
    outer loop
      vertex -12.0172158083568 -2.9803456425137673 14.701154922349016
      vertex 9.835328309318434 -2.6763580160267644 15.11103478829804
      vertex -11.787672056338202 -2.6763580160267644 15.11103478829804
    endloop
  endfacet
  facet normal 0 -0.857728610000273 0.5141027441932201
    outer loop
      vertex -11.787672056338202 -2.6763580160267644 15.11103478829804
      vertex 9.835328309318434 -2.6763580160267644 15.11103478829804
      vertex -11.724291555583477 -2.608524113799314 15.224208816885948
    endloop
  endfacet
  facet normal 0 -0.857728610000272 0.514102744193222
    outer loop
      vertex -11.724291555583477 -2.608524113799314 15.224208816885948
      vertex 9.622338279959779 -2.414009425388554 15.548736968504784
      vertex -11.574682026979547 -2.414009425388554 15.548736968504784
    endloop
  endfacet
  facet normal 0 -0.9039892931234434 0.4275550934302818
    outer loop
      vertex -11.574682026979547 -2.414009425388554 15.548736968504784
      vertex 9.622338279959779 -2.414009425388554 15.548736968504784
      vertex -11.461307488381863 -2.2976939628351545 15.794665351510048
    endloop
  endfacet
  facet normal 0 -0.9039892931234436 0.4275550934302816
    outer loop
      vertex -11.461307488381863 -2.2976939628351545 15.794665351510048
      vertex 9.429505570061378 -2.1958264309413087 16.010046151701506
      vertex -11.381849317081146 -2.1958264309413087 16.010046151701506
    endloop
  endfacet
  facet normal 0 -0.9415440651830211 0.33688985339221905
    outer loop
      vertex -11.381849317081146 -2.1958264309413087 16.010046151701506
      vertex 9.291547872126102 -2.0620247283112927 16.383996859192848
      vertex -11.24389161914587 -2.0620247283112927 16.383996859192848
    endloop
  endfacet
  facet normal 0 -0.941544065183021 0.336889853392219
    outer loop
      vertex -11.24389161914587 -2.0620247283112927 16.383996859192848
      vertex 9.261505329115991 -2.023910254192514 16.49051967827677
      vertex -11.213849077448515 -2.023910254192514 16.49051967827677
    endloop
  endfacet
  facet normal 0 -0.9700312531945439 0.24298017990326465
    outer loop
      vertex -11.213849077448515 -2.023910254192514 16.49051967827677
      vertex 9.12189788361237 -1.8999165419032016 16.985530325516105
      vertex -11.074241638045258 -1.8999165419032016 16.985530325516105
    endloop
  endfacet
  facet normal 0 -0.9891765099647811 0.1467304744553604
    outer loop
      vertex -11.074241638045258 -1.8999165419032016 16.985530325516105
      vertex 9.12189788361237 -1.8999165419032016 16.985530325516105
      vertex -11.073384389281273 -1.8994656635620686 16.988569900393486
    endloop
  endfacet
  facet normal 0 -0.9891765099647809 0.14673047445536264
    outer loop
      vertex -11.073384389281273 -1.8994656635620686 16.988569900393486
      vertex 9.02123815341556 -1.8250394213045755 17.490310870286258
      vertex -10.97358190181816 -1.8250394213045755 17.490310870286258
    endloop
  endfacet
  facet normal 0 -0.9987954562051725 0.04906767432741779
    outer loop
      vertex -10.97358190181816 -1.8250394213045755 17.490310870286258
      vertex 9.02123815341556 -1.8250394213045755 17.490310870286258
      vertex -10.950837023556232 -1.8194219516880226 17.60465709120035
    endloop
  endfacet
  facet normal 0 -0.9987954562051725 0.049067674327417064
    outer loop
      vertex -10.950837023556232 -1.8194219516880226 17.60465709120035
      vertex 8.951701359244055 -1.7999999999999998 17.99999999999997
      vertex -10.904045106263823 -1.7999999999999998 17.99999999999997
    endloop
  endfacet
  facet normal 0 -0.9987954562051723 -0.04906767432741709
    outer loop
      vertex -10.904045106263823 -1.7999999999999998 17.99999999999997
      vertex 8.951701359244055 -1.7999999999999998 17.99999999999997
      vertex -10.877005077898502 -1.8112235222436415 18.228460043668747
    endloop
  endfacet
  facet normal 0 -0.9415440651830211 -0.336889853392219
    outer loop
      vertex -10.852343752980232 -2.1958264309413087 19.989953848298438
      vertex -10.852343752980232 -2.023910254192514 19.509480321723174
      vertex 8.899999998509884 -2.1958264309413087 19.989953848298438
    endloop
  endfacet
  facet normal 0 -0.9700312531945439 -0.24298017990326462
    outer loop
      vertex -10.852343752980232 -2.023910254192514 19.509480321723174
      vertex -10.852343752980232 -1.8999165419032016 19.014469674483838
      vertex 8.899999998509884 -2.023910254192514 19.509480321723174
    endloop
  endfacet
  facet normal 0 -0.9987954562051724 -0.04906767432741733
    outer loop
      vertex -10.865955559409683 -1.8250394213045755 18.509689129713685
      vertex -10.877005077898502 -1.8112235222436415 18.228460043668747
      vertex 8.91361180905168 -1.8250394213045755 18.509689129713685
    endloop
  endfacet
  facet normal 0 -0.989176509964781 -0.146730474455362
    outer loop
      vertex -10.852343752980232 -1.8764294871613132 18.856132812798023
      vertex -10.865955559409683 -1.8250394213045755 18.509689129713685
      vertex 8.91361180905168 -1.8250394213045755 18.509689129713685
    endloop
  endfacet
  facet normal 0 -0.9891765099647806 -0.146730474455364
    outer loop
      vertex -10.852343752980232 -1.8999165419032016 19.014469674483838
      vertex -10.852343752980232 -1.8764294871613132 18.856132812798023
      vertex 8.899999998509884 -1.8999165419032016 19.014469674483838
    endloop
  endfacet
  facet normal 0 -0.7409511253549592 0.6715589548470183
    outer loop
      vertex -12.267156013128291 -3.3230447378299526 14.323044737829925
      vertex 10.314812266108522 -3.3230447378299526 14.323044737829925
      vertex 10.078878685832024 -3.0030139543138183 14.676144294440746
    endloop
  endfacet
  facet normal 0 -0.7409511253549618 0.6715589548470153
    outer loop
      vertex -12.0172158083568 -2.9803456425137673 14.701154922349016
      vertex 10.078878685832024 -3.0030139543138183 14.676144294440746
      vertex 10.064872061337033 -2.9803456425137673 14.701154922349016
    endloop
  endfacet
  facet normal 0 -0.8032075314806447 0.5956993044924336
    outer loop
      vertex -12.0172158083568 -2.9803456425137673 14.701154922349016
      vertex 10.064872061337033 -2.9803456425137673 14.701154922349016
      vertex 9.835328309318434 -2.6763580160267644 15.11103478829804
    endloop
  endfacet
  facet normal 0 -0.857728610000273 0.5141027441932201
    outer loop
      vertex -11.724291555583477 -2.608524113799314 15.224208816885948
      vertex 9.835328309318434 -2.6763580160267644 15.11103478829804
      vertex 9.77194780856371 -2.608524113799314 15.224208816885948
    endloop
  endfacet
  facet normal 0 -0.857728610000272 0.514102744193222
    outer loop
      vertex -11.724291555583477 -2.608524113799314 15.224208816885948
      vertex 9.77194780856371 -2.608524113799314 15.224208816885948
      vertex 9.622338279959779 -2.414009425388554 15.548736968504784
    endloop
  endfacet
  facet normal 0 -0.9039892931234436 0.4275550934302818
    outer loop
      vertex -11.461307488381863 -2.2976939628351545 15.794665351510048
      vertex 9.622338279959779 -2.414009425388554 15.548736968504784
      vertex 9.508963741362095 -2.2976939628351545 15.794665351510048
    endloop
  endfacet
  facet normal 0 -0.9039892931234436 0.4275550934302816
    outer loop
      vertex -11.461307488381863 -2.2976939628351545 15.794665351510048
      vertex 9.508963741362095 -2.2976939628351545 15.794665351510048
      vertex 9.429505570061378 -2.1958264309413087 16.010046151701506
    endloop
  endfacet
  facet normal 0 -0.9415440651830211 0.33688985339221905
    outer loop
      vertex -11.381849317081146 -2.1958264309413087 16.010046151701506
      vertex 9.429505570061378 -2.1958264309413087 16.010046151701506
      vertex 9.291547872126102 -2.0620247283112927 16.383996859192848
    endloop
  endfacet
  facet normal 0 -0.9415440651830211 0.336889853392219
    outer loop
      vertex -11.24389161914587 -2.0620247283112927 16.383996859192848
      vertex 9.291547872126102 -2.0620247283112927 16.383996859192848
      vertex 9.261505329115991 -2.023910254192514 16.49051967827677
    endloop
  endfacet
  facet normal 0 -0.9700312531945439 0.24298017990326465
    outer loop
      vertex -11.213849077448515 -2.023910254192514 16.49051967827677
      vertex 9.261505329115991 -2.023910254192514 16.49051967827677
      vertex 9.12189788361237 -1.8999165419032016 16.985530325516105
    endloop
  endfacet
  facet normal 0 -0.9891765099647812 0.1467304744553604
    outer loop
      vertex -11.073384389281273 -1.8994656635620686 16.988569900393486
      vertex 9.12189788361237 -1.8999165419032016 16.985530325516105
      vertex 9.121040634810925 -1.8994656635620686 16.988569900393486
    endloop
  endfacet
  facet normal 0 -0.9891765099647808 0.1467304744553626
    outer loop
      vertex -11.073384389281273 -1.8994656635620686 16.988569900393486
      vertex 9.121040634810925 -1.8994656635620686 16.988569900393486
      vertex 9.02123815341556 -1.8250394213045755 17.490310870286258
    endloop
  endfacet
  facet normal -1.1117021931957455e-17 -0.9987954562051723 0.04906767432741584
    outer loop
      vertex -10.950837023556232 -1.8194219516880226 17.60465709120035
      vertex 9.02123815341556 -1.8250394213045755 17.490310870286258
      vertex 8.998493276536465 -1.8194219516880228 17.60465709120035
    endloop
  endfacet
  facet normal -1.1117021931957455e-17 -0.9987954562051724 0.04906767432741762
    outer loop
      vertex -10.950837023556232 -1.8194219516880226 17.60465709120035
      vertex 8.998493276536465 -1.8194219516880228 17.60465709120035
      vertex 8.951701359244055 -1.7999999999999998 17.99999999999997
    endloop
  endfacet
  facet normal 0 -0.9987954562051725 -0.049067674327417106
    outer loop
      vertex -10.877005077898502 -1.8112235222436415 18.228460043668747
      vertex 8.951701359244055 -1.7999999999999998 17.99999999999997
      vertex 8.924661330878735 -1.8112235222436415 18.228460043668747
    endloop
  endfacet
  facet normal 0 -0.9415440651830211 -0.336889853392219
    outer loop
      vertex -10.852343752980232 -2.023910254192514 19.509480321723174
      vertex 8.899999998509884 -2.023910254192514 19.509480321723174
      vertex 8.899999998509884 -2.1958264309413087 19.989953848298438
    endloop
  endfacet
  facet normal 0 -0.9700312531945439 -0.24298017990326462
    outer loop
      vertex -10.852343752980232 -1.8999165419032016 19.014469674483838
      vertex 8.899999998509884 -1.8999165419032016 19.014469674483838
      vertex 8.899999998509884 -2.023910254192514 19.509480321723174
    endloop
  endfacet
  facet normal 0 -0.9987954562051724 -0.049067674327417335
    outer loop
      vertex -10.877005077898502 -1.8112235222436415 18.228460043668747
      vertex 8.924661330878735 -1.8112235222436415 18.228460043668747
      vertex 8.91361180905168 -1.8250394213045755 18.509689129713685
    endloop
  endfacet
  facet normal -1.1119759260957643e-17 -0.9891765099647809 -0.14673047445536266
    outer loop
      vertex -10.852343752980232 -1.8764294871613132 18.856132812798023
      vertex 8.899999998509884 -1.8764294871613134 18.856132812798023
      vertex 8.899999998509884 -1.8999165419032016 19.014469674483838
    endloop
  endfacet
  facet normal -1.1119759260957643e-17 -0.9891765099647808 -0.1467304744553626
    outer loop
      vertex -10.852343752980232 -1.8764294871613132 18.856132812798023
      vertex 8.91361180905168 -1.8250394213045755 18.509689129713685
      vertex 8.899999998509884 -1.8764294871613134 18.856132812798023
    endloop
  endfacet
  facet normal 0 -0.7409511253549594 -0.6715589548470181
    outer loop
      vertex -10.852343752980232 -3.3230447378299526 21.67695526217002
      vertex -10.852343752980232 -2.9803456425137673 21.298845077650927
      vertex 8.899999998509884 -3.3230447378299526 21.67695526217002
    endloop
  endfacet
  facet normal 0 -0.8032075314806459 -0.595699304492432
    outer loop
      vertex -10.852343752980232 -2.9803456425137673 21.298845077650927
      vertex -10.852343752980232 -2.6763580160267644 20.8889652117019
      vertex 8.899999998509884 -2.9803456425137673 21.298845077650927
    endloop
  endfacet
  facet normal 0 -0.8577286100002713 -0.5141027441932231
    outer loop
      vertex -10.852343752980232 -2.6763580160267644 20.8889652117019
      vertex -10.852343752980232 -2.414009425388554 20.45126303149516
      vertex 8.899999998509884 -2.6763580160267644 20.8889652117019
    endloop
  endfacet
  facet normal 0 -0.9039892931234436 -0.42755509343028164
    outer loop
      vertex -10.852343752980232 -2.1958264309413087 19.989953848298438
      vertex 8.899999998509884 -2.414009425388554 20.45126303149516
      vertex -10.852343752980232 -2.414009425388554 20.45126303149516
    endloop
  endfacet
  facet normal 0 -0.10123600222180526 0.9948624386588061
    outer loop
      vertex -8.505000002682209 -4 27.094999998807907
      vertex 8.494999997317791 -4 27.094999998807907
      vertex -10.852343752980232 -0.02 27.5
    endloop
  endfacet
  facet normal 0 -0.7409511253549594 -0.6715589548470181
    outer loop
      vertex -10.852343752980232 -2.9803456425137673 21.298845077650927
      vertex 8.899999998509884 -2.9803456425137673 21.298845077650927
      vertex 8.899999998509884 -3.3230447378299526 21.67695526217002
    endloop
  endfacet
  facet normal 0 -0.8032075314806459 -0.595699304492432
    outer loop
      vertex -10.852343752980232 -2.6763580160267644 20.8889652117019
      vertex 8.899999998509884 -2.6763580160267644 20.8889652117019
      vertex 8.899999998509884 -2.9803456425137673 21.298845077650927
    endloop
  endfacet
  facet normal 0 -0.8577286100002713 -0.5141027441932231
    outer loop
      vertex -10.852343752980232 -2.414009425388554 20.45126303149516
      vertex 8.899999998509884 -2.414009425388554 20.45126303149516
      vertex 8.899999998509884 -2.6763580160267644 20.8889652117019
    endloop
  endfacet
  facet normal 0 -0.9039892931234436 -0.42755509343028164
    outer loop
      vertex -10.852343752980232 -2.1958264309413087 19.989953848298438
      vertex 8.899999998509884 -2.1958264309413087 19.989953848298438
      vertex 8.899999998509884 -2.414009425388554 20.45126303149516
    endloop
  endfacet
  facet normal 0 -0.10123600222180526 0.9948624386588061
    outer loop
      vertex -10.852343752980232 -0.02 27.5
      vertex 8.494999997317791 -4 27.094999998807907
      vertex 8.899999998509884 -0.02 27.5
    endloop
  endfacet
  facet normal 0 -1 0
    outer loop
      vertex -8.100000001490116 0 -8.096563536376138
      vertex -1.666042014611594 0 1.2783990009183135
      vertex -8.100000001490116 0 8.104999996721745
    endloop
  endfacet
  facet normal 0 1 0
    outer loop
      vertex -13.65675936639309 3 -9.061752274632454
      vertex -12.600000001490116 3 6.899999998509884
      vertex -10 3 -2.399999998509884
    endloop
  endfacet
  facet normal 0 1 0
    outer loop
      vertex -10 3 -2.399999998509884
      vertex -12.600000001490116 3 6.899999998509884
      vertex -10 3 -1.6000000014901161
    endloop
  endfacet
  facet normal 1 0 0
    outer loop
      vertex -10 2.5999999999999996 -2.399999998509884
      vertex -10 3 -2.399999998509884
      vertex -10 2.5999999999999996 -1.6000000014901161
    endloop
  endfacet
  facet normal 1 0 0
    outer loop
      vertex -10 3 -2.399999998509884
      vertex -10 3 -1.6000000014901161
      vertex -10 2.5999999999999996 -1.6000000014901161
    endloop
  endfacet
  facet normal 0 1 0
    outer loop
      vertex -10 2.5999999999999996 -2.399999998509884
      vertex -10 2.5999999999999996 -1.6000000014901161
      vertex -6 2.5999999999999996 -2.399999998509884
    endloop
  endfacet
  facet normal 0 0 -1
    outer loop
      vertex -10 2.5999999999999996 -1.6000000014901161
      vertex -10 3 -1.6000000014901161
      vertex -6 2.5999999999999996 -1.6000000014901161
    endloop
  endfacet
  facet normal 0 1 0
    outer loop
      vertex -10 3 -1.6000000014901161
      vertex -9.100000001490116 3 2.600000001490116
      vertex -6.899999998509884 3 2.600000001490116
    endloop
  endfacet
  facet normal 0 1 0
    outer loop
      vertex -10 3 -1.6000000014901161
      vertex -12.600000001490116 3 6.899999998509884
      vertex -9.100000001490116 3 2.600000001490116
    endloop
  endfacet
  facet normal 1 0 0
    outer loop
      vertex -9.100000001490116 2.5999999999999996 2.600000001490116
      vertex -9.100000001490116 3 2.600000001490116
      vertex -9.100000001490116 2.5999999999999996 3.399999998509884
    endloop
  endfacet
  facet normal 1 0 0
    outer loop
      vertex -9.100000001490116 2.5999999999999996 3.399999998509884
      vertex -9.100000001490116 3 2.600000001490116
      vertex -9.100000001490116 3 3.399999998509884
    endloop
  endfacet
  facet normal 0 1 0
    outer loop
      vertex -9.100000001490116 3 2.600000001490116
      vertex -12.600000001490116 3 6.899999998509884
      vertex -9.100000001490116 3 3.399999998509884
    endloop
  endfacet
  facet normal 0 1 0
    outer loop
      vertex -9.100000001490116 3 3.399999998509884
      vertex -12.600000001490116 3 6.899999998509884
      vertex -8.399999998509884 3 5
    endloop
  endfacet
  facet normal 0 1 0
    outer loop
      vertex -6 2.5999999999999996 -2.399999998509884
      vertex -10 2.5999999999999996 -1.6000000014901161
      vertex -6 2.5999999999999996 -1.6000000014901161
    endloop
  endfacet
  facet normal 0 0 -1
    outer loop
      vertex -10 3 -1.6000000014901161
      vertex -6 3 -1.6000000014901161
      vertex -6 2.5999999999999996 -1.6000000014901161
    endloop
  endfacet
  facet normal 0 1 0
    outer loop
      vertex -10 3 -1.6000000014901161
      vertex -6.899999998509884 3 2.600000001490116
      vertex -6 3 -1.6000000014901161
    endloop
  endfacet
  facet normal -1 0 0
    outer loop
      vertex -6 2.5999999999999996 -2.399999998509884
      vertex -6 2.5999999999999996 -1.6000000014901161
      vertex -6 3 -1.6000000014901161
    endloop
  endfacet
  facet normal -1 0 0
    outer loop
      vertex -6 2.5999999999999996 -2.399999998509884
      vertex -6 3 -1.6000000014901161
      vertex -6 3 -2.399999998509884
    endloop
  endfacet
  facet normal 0 1 0
    outer loop
      vertex -9.100000001490116 2.5999999999999996 2.600000001490116
      vertex -9.100000001490116 2.5999999999999996 3.399999998509884
      vertex -6.899999998509884 2.5999999999999996 2.600000001490116
    endloop
  endfacet
  facet normal 0 0 1
    outer loop
      vertex -9.100000001490116 2.5999999999999996 2.600000001490116
      vertex -6.899999998509884 3 2.600000001490116
      vertex -9.100000001490116 3 2.600000001490116
    endloop
  endfacet
  facet normal 0 1 0
    outer loop
      vertex -9.100000001490116 2.5999999999999996 3.399999998509884
      vertex -6.899999998509884 2.5999999999999996 3.399999998509884
      vertex -6.899999998509884 2.5999999999999996 2.600000001490116
    endloop
  endfacet
  facet normal 0 0 1
    outer loop
      vertex -9.100000001490116 2.5999999999999996 2.600000001490116
      vertex -6.899999998509884 2.5999999999999996 2.600000001490116
      vertex -6.899999998509884 3 2.600000001490116
    endloop
  endfacet
  facet normal -1 0 0
    outer loop
      vertex -6.899999998509884 2.5999999999999996 2.600000001490116
      vertex -6.899999998509884 2.5999999999999996 3.399999998509884
      vertex -6.899999998509884 3 3.399999998509884
    endloop
  endfacet
  facet normal -1 0 0
    outer loop
      vertex -6.899999998509884 2.5999999999999996 2.600000001490116
      vertex -6.899999998509884 3 3.399999998509884
      vertex -6.899999998509884 3 2.600000001490116
    endloop
  endfacet
  facet normal 0 0 -1
    outer loop
      vertex -9.100000001490116 2.5999999999999996 3.399999998509884
      vertex -9.100000001490116 3 3.399999998509884
      vertex -6.899999998509884 2.5999999999999996 3.399999998509884
    endloop
  endfacet
  facet normal 0 0 1
    outer loop
      vertex -8.399999998509884 2.5999999999999996 5
      vertex -7.600000001490116 2.5999999999999996 5
      vertex -7.600000001490116 3 5
    endloop
  endfacet
  facet normal 0 1 0
    outer loop
      vertex -9.100000001490116 3 3.399999998509884
      vertex -7.600000001490116 3 5
      vertex -6.899999998509884 3 3.399999998509884
    endloop
  endfacet
  facet normal 0 0 1
    outer loop
      vertex -8.399999998509884 2.5999999999999996 5
      vertex -7.600000001490116 3 5
      vertex -8.399999998509884 3 5
    endloop
  endfacet
  facet normal 0 1 0
    outer loop
      vertex -9.100000001490116 3 3.399999998509884
      vertex -8.399999998509884 3 5
      vertex -7.600000001490116 3 5
    endloop
  endfacet
  facet normal 0 0 -1
    outer loop
      vertex -9.100000001490116 3 3.399999998509884
      vertex -6.899999998509884 3 3.399999998509884
      vertex -6.899999998509884 2.5999999999999996 3.399999998509884
    endloop
  endfacet
  facet normal 0 1 0
    outer loop
      vertex -6 3 -1.6000000014901161
      vertex -6.899999998509884 3 2.600000001490116
      vertex -2.600000001490116 3 6.899999998509884
    endloop
  endfacet
  facet normal 0 1 0
    outer loop
      vertex -6.899999998509884 3 2.600000001490116
      vertex -6.899999998509884 3 3.399999998509884
      vertex -2.600000001490116 3 6.899999998509884
    endloop
  endfacet
  facet normal 0 1 0
    outer loop
      vertex -8.399999998509884 3 5
      vertex -12.600000001490116 3 6.899999998509884
      vertex -11 3 7.600000001490116
    endloop
  endfacet
  facet normal 0 1 0
    outer loop
      vertex -12.600000001490116 3 6.899999998509884
      vertex -12.600000001490116 3 8.611037991940975
      vertex -11 3 7.600000001490116
    endloop
  endfacet
  facet normal 0 1 0
    outer loop
      vertex -12.600000001490116 3 8.611037991940975
      vertex -11 3 8.399999998509884
      vertex -11 3 7.600000001490116
    endloop
  endfacet
  facet normal 1 0 0
    outer loop
      vertex -11 2.5999999999999996 7.600000001490116
      vertex -11 3 7.600000001490116
      vertex -11 2.5999999999999996 8.399999998509884
    endloop
  endfacet
  facet normal 1 0 0
    outer loop
      vertex -11 2.5999999999999996 8.399999998509884
      vertex -11 3 7.600000001490116
      vertex -11 3 8.399999998509884
    endloop
  endfacet
  facet normal 0 1 0
    outer loop
      vertex -8.399999998509884 3 5
      vertex -11 3 7.600000001490116
      vertex -8.399999998509884 3 7.600000001490116
    endloop
  endfacet
  facet normal 0 1 0
    outer loop
      vertex -11 2.5999999999999996 7.600000001490116
      vertex -11 2.5999999999999996 8.399999998509884
      vertex -8.399999998509884 2.5999999999999996 8.399999998509884
    endloop
  endfacet
  facet normal 0 0 -1
    outer loop
      vertex -11 2.5999999999999996 8.399999998509884
      vertex -11 3 8.399999998509884
      vertex -8.399999998509884 2.5999999999999996 8.399999998509884
    endloop
  endfacet
  facet normal 0 0 1
    outer loop
      vertex -11 2.5999999999999996 7.600000001490116
      vertex -8.399999998509884 3 7.600000001490116
      vertex -11 3 7.600000001490116
    endloop
  endfacet
  facet normal 0 1 0
    outer loop
      vertex -11 2.5999999999999996 7.600000001490116
      vertex -8.399999998509884 2.5999999999999996 8.399999998509884
      vertex -8.399999998509884 2.5999999999999996 7.600000001490116
    endloop
  endfacet
  facet normal 0 0 1
    outer loop
      vertex -11 2.5999999999999996 7.600000001490116
      vertex -8.399999998509884 2.5999999999999996 7.600000001490116
      vertex -8.399999998509884 3 7.600000001490116
    endloop
  endfacet
  facet normal 0 0 -1
    outer loop
      vertex -11 3 8.399999998509884
      vertex -8.399999998509884 3 8.399999998509884
      vertex -8.399999998509884 2.5999999999999996 8.399999998509884
    endloop
  endfacet
  facet normal 0 1 0
    outer loop
      vertex -13.195489503443241 3 13.199278563261032
      vertex -11 3 8.399999998509884
      vertex -12.600000001490116 3 8.611037991940975
    endloop
  endfacet
  facet normal 0 1 0
    outer loop
      vertex -13.195489503443241 3 13.199278563261032
      vertex -8.399999998509884 3 11
      vertex -11 3 8.399999998509884
    endloop
  endfacet
  facet normal 0 1 0
    outer loop
      vertex -11 3 8.399999998509884
      vertex -8.399999998509884 3 11
      vertex -8.399999998509884 3 8.399999998509884
    endloop
  endfacet
  facet normal 0 1 0
    outer loop
      vertex -13.195489503443241 3 13.199278563261032
      vertex -8.609370902180672 3 12.600000001490116
      vertex -8.399999998509884 3 11
    endloop
  endfacet
  facet normal 0 1 0
    outer loop
      vertex -8.399999998509884 2.5999999999999996 5
      vertex -8.399999998509884 2.5999999999999996 7.600000001490116
      vertex -7.600000001490116 2.5999999999999996 5
    endloop
  endfacet
  facet normal 1 0 0
    outer loop
      vertex -8.399999998509884 2.5999999999999996 5
      vertex -8.399999998509884 3 5
      vertex -8.399999998509884 2.5999999999999996 7.600000001490116
    endloop
  endfacet
  facet normal 0 1 0
    outer loop
      vertex -7.600000001490116 2.5999999999999996 5
      vertex -8.399999998509884 2.5999999999999996 7.600000001490116
      vertex -7.600000001490116 2.5999999999999996 7.600000001490116
    endloop
  endfacet
  facet normal 1 0 0
    outer loop
      vertex -8.399999998509884 3 5
      vertex -8.399999998509884 3 7.600000001490116
      vertex -8.399999998509884 2.5999999999999996 7.600000001490116
    endloop
  endfacet
  facet normal -1 0 0
    outer loop
      vertex -7.600000001490116 2.5999999999999996 5
      vertex -7.600000001490116 2.5999999999999996 7.600000001490116
      vertex -7.600000001490116 3 7.600000001490116
    endloop
  endfacet
  facet normal -1 0 0
    outer loop
      vertex -7.600000001490116 2.5999999999999996 5
      vertex -7.600000001490116 3 7.600000001490116
      vertex -7.600000001490116 3 5
    endloop
  endfacet
  facet normal 0 1 0
    outer loop
      vertex -7.600000001490116 3 5
      vertex -7.600000001490116 3 7.600000001490116
      vertex -6.899999998509884 3 3.399999998509884
    endloop
  endfacet
  facet normal 0 1 0
    outer loop
      vertex -8.399999998509884 2.5999999999999996 7.600000001490116
      vertex -8.399999998509884 2.5999999999999996 8.399999998509884
      vertex -7.600000001490116 2.5999999999999996 7.600000001490116
    endloop
  endfacet
  facet normal 0 1 0
    outer loop
      vertex -8.399999998509884 2.5999999999999996 8.399999998509884
      vertex -7.600000001490116 2.5999999999999996 8.399999998509884
      vertex -7.600000001490116 2.5999999999999996 7.600000001490116
    endloop
  endfacet
  facet normal 0 1 0
    outer loop
      vertex -7.600000001490116 2.5999999999999996 7.600000001490116
      vertex -7.600000001490116 2.5999999999999996 8.399999998509884
      vertex -5 2.5999999999999996 8.399999998509884
    endloop
  endfacet
  facet normal 0 0 -1
    outer loop
      vertex -7.600000001490116 2.5999999999999996 8.399999998509884
      vertex -7.600000001490116 3 8.399999998509884
      vertex -5 2.5999999999999996 8.399999998509884
    endloop
  endfacet
  facet normal 0 0 1
    outer loop
      vertex -7.600000001490116 2.5999999999999996 7.600000001490116
      vertex -5 3 7.600000001490116
      vertex -7.600000001490116 3 7.600000001490116
    endloop
  endfacet
  facet normal 0 1 0
    outer loop
      vertex -6.899999998509884 3 3.399999998509884
      vertex -7.600000001490116 3 7.600000001490116
      vertex -5 3 7.600000001490116
    endloop
  endfacet
  facet normal 0 1 0
    outer loop
      vertex -6.899999998509884 3 3.399999998509884
      vertex -5 3 7.600000001490116
      vertex -3.399999998509884 3 6.899999998509884
    endloop
  endfacet
  facet normal 0 1 0
    outer loop
      vertex -7.600000001490116 2.5999999999999996 7.600000001490116
      vertex -5 2.5999999999999996 8.399999998509884
      vertex -5 2.5999999999999996 7.600000001490116
    endloop
  endfacet
  facet normal 0 0 1
    outer loop
      vertex -7.600000001490116 2.5999999999999996 7.600000001490116
      vertex -5 2.5999999999999996 7.600000001490116
      vertex -5 3 7.600000001490116
    endloop
  endfacet
  facet normal 0 0 -1
    outer loop
      vertex -7.600000001490116 3 8.399999998509884
      vertex -5 3 8.399999998509884
      vertex -5 2.5999999999999996 8.399999998509884
    endloop
  endfacet
  facet normal -1 0 0
    outer loop
      vertex -5 2.5999999999999996 7.600000001490116
      vertex -5 2.5999999999999996 8.399999998509884
      vertex -5 3 8.399999998509884
    endloop
  endfacet
  facet normal -1 0 0
    outer loop
      vertex -5 2.5999999999999996 7.600000001490116
      vertex -5 3 8.399999998509884
      vertex -5 3 7.600000001490116
    endloop
  endfacet
  facet normal 0 1 0
    outer loop
      vertex -8.399999998509884 2.5999999999999996 8.399999998509884
      vertex -8.399999998509884 2.5999999999999996 11
      vertex -7.600000001490116 2.5999999999999996 8.399999998509884
    endloop
  endfacet
  facet normal 1 0 0
    outer loop
      vertex -8.399999998509884 2.5999999999999996 8.399999998509884
      vertex -8.399999998509884 3 8.399999998509884
      vertex -8.399999998509884 2.5999999999999996 11
    endloop
  endfacet
  facet normal 0 1 0
    outer loop
      vertex -7.600000001490116 2.5999999999999996 8.399999998509884
      vertex -8.399999998509884 2.5999999999999996 11
      vertex -7.600000001490116 2.5999999999999996 11
    endloop
  endfacet
  facet normal 1 0 0
    outer loop
      vertex -8.399999998509884 3 8.399999998509884
      vertex -8.399999998509884 3 11
      vertex -8.399999998509884 2.5999999999999996 11
    endloop
  endfacet
  facet normal -1 0 0
    outer loop
      vertex -7.600000001490116 2.5999999999999996 8.399999998509884
      vertex -7.600000001490116 2.5999999999999996 11
      vertex -7.600000001490116 3 11
    endloop
  endfacet
  facet normal -1 0 0
    outer loop
      vertex -7.600000001490116 2.5999999999999996 8.399999998509884
      vertex -7.600000001490116 3 11
      vertex -7.600000001490116 3 8.399999998509884
    endloop
  endfacet
  facet normal 0 1 0
    outer loop
      vertex -7.600000001490116 3 8.399999998509884
      vertex -7.600000001490116 3 11
      vertex -5 3 8.399999998509884
    endloop
  endfacet
  facet normal 0 0 -1
    outer loop
      vertex -8.399999998509884 2.5999999999999996 11
      vertex -8.399999998509884 3 11
      vertex -7.600000001490116 2.5999999999999996 11
    endloop
  endfacet
  facet normal 0 0 -1
    outer loop
      vertex -7.600000001490116 2.5999999999999996 11
      vertex -8.399999998509884 3 11
      vertex -7.600000001490116 3 11
    endloop
  endfacet
  facet normal 0 0 1
    outer loop
      vertex -8.609370902180672 2.5999999999999996 12.600000001490116
      vertex -6.899999998509884 3 12.600000001490116
      vertex -8.609370902180672 3 12.600000001490116
    endloop
  endfacet
  facet normal 0 1 0
    outer loop
      vertex -8.399999998509884 3 11
      vertex -8.609370902180672 3 12.600000001490116
      vertex -6.899999998509884 3 12.600000001490116
    endloop
  endfacet
  facet normal 0 0 1
    outer loop
      vertex -8.609370902180672 2.5999999999999996 12.600000001490116
      vertex -6.899999998509884 2.5999999999999996 12.600000001490116
      vertex -6.899999998509884 3 12.600000001490116
    endloop
  endfacet
  facet normal 0 1 0
    outer loop
      vertex -8.399999998509884 3 11
      vertex -6.899999998509884 3 12.600000001490116
      vertex -7.600000001490116 3 11
    endloop
  endfacet
  facet normal 0 1 0
    outer loop
      vertex -7.600000001490116 3 11
      vertex -3.399999998509884 3 9.100000001490116
      vertex -5 3 8.399999998509884
    endloop
  endfacet
  facet normal 0 1 0
    outer loop
      vertex -7.600000001490116 3 11
      vertex -6.899999998509884 3 12.600000001490116
      vertex -3.399999998509884 3 9.100000001490116
    endloop
  endfacet
  facet normal 0 1 0
    outer loop
      vertex -6.899999998509884 3 12.600000001490116
      vertex -6.899999998509884 3 13.399999998509884
      vertex -3.399999998509884 3 9.100000001490116
    endloop
  endfacet
  facet normal 0 -1 0
    outer loop
      vertex -8.100000001490116 0 -8.096563536376138
      vertex -2.0284442352070435 0 0.5435199947152936
      vertex -1.9401470182737022 0 0.8036352079666885
    endloop
  endfacet
  facet normal 0 -1 0
    outer loop
      vertex -8.100000001490116 0 -8.096563536376138
      vertex -1.9401470182737022 0 0.8036352079666885
      vertex -1.818653347947321 0 1.05
    endloop
  endfacet
  facet normal 0 -1 0
    outer loop
      vertex -8.100000001490116 0 -8.096563536376138
      vertex -1.818653347947321 0 1.05
      vertex -1.666042014611594 0 1.2783990009183135
    endloop
  endfacet
  facet normal 0.9807852804032305 0 0.19509032201612797
    outer loop
      vertex -2.0284442352070435 0 -0.5435199947152936
      vertex -2.0284442352070435 0.2 -0.5435199947152936
      vertex -2.082034208885002 0 -0.2741050036621083
    endloop
  endfacet
  facet normal 0.9469301294951055 0 0.32143946530316203
    outer loop
      vertex -2.0284442352070435 0 -0.5435199947152936
      vertex -1.9401470182737022 0.2 -0.8036352079666885
      vertex -2.0284442352070435 0.2 -0.5435199947152936
    endloop
  endfacet
  facet normal 0.7518398074789776 0 0.6593458151000686
    outer loop
      vertex -1.48492424049175 0 -1.48492424049175
      vertex -1.48492424049175 0.2 -1.48492424049175
      vertex -1.666042014611594 0 -1.2783990009183135
    endloop
  endfacet
  facet normal 0.7518398074789776 0 0.6593458151000686
    outer loop
      vertex -1.666042014611594 0 -1.2783990009183135
      vertex -1.48492424049175 0.2 -1.48492424049175
      vertex -1.666042014611594 0.2 -1.2783990009183135
    endloop
  endfacet
  facet normal 0.6593458151000686 0 0.7518398074789776
    outer loop
      vertex -1.48492424049175 0 -1.48492424049175
      vertex -1.2783990009183135 0 -1.666042014611594
      vertex -1.2783990009183135 0.2 -1.666042014611594
    endloop
  endfacet
  facet normal 0.6593458151000686 0 0.7518398074789776
    outer loop
      vertex -1.48492424049175 0 -1.48492424049175
      vertex -1.2783990009183135 0.2 -1.666042014611594
      vertex -1.48492424049175 0.2 -1.48492424049175
    endloop
  endfacet
  facet normal 0.5555702330196014 0 0.8314696123025457
    outer loop
      vertex -1.05 0 -1.818653347947321
      vertex -1.05 0.2 -1.818653347947321
      vertex -1.2783990009183135 0 -1.666042014611594
    endloop
  endfacet
  facet normal 0.5555702330196014 0 0.8314696123025457
    outer loop
      vertex -1.2783990009183135 0 -1.666042014611594
      vertex -1.05 0.2 -1.818653347947321
      vertex -1.2783990009183135 0.2 -1.666042014611594
    endloop
  endfacet
  facet normal 0.8968727415326881 0 0.4422886902190016
    outer loop
      vertex -1.9401470182737022 0 -0.8036352079666885
      vertex -1.818653347947321 0 -1.05
      vertex -1.818653347947321 0.2 -1.05
    endloop
  endfacet
  facet normal 0.8314696123025457 0 0.5555702330196014
    outer loop
      vertex -1.818653347947321 0 -1.05
      vertex -1.666042014611594 0.2 -1.2783990009183135
      vertex -1.818653347947321 0.2 -1.05
    endloop
  endfacet
  facet normal 0.8968727415326881 0 0.4422886902190016
    outer loop
      vertex -1.9401470182737022 0 -0.8036352079666885
      vertex -1.818653347947321 0.2 -1.05
      vertex -1.9401470182737022 0.2 -0.8036352079666885
    endloop
  endfacet
  facet normal 0.8314696123025457 0 0.5555702330196014
    outer loop
      vertex -1.818653347947321 0 -1.05
      vertex -1.666042014611594 0 -1.2783990009183135
      vertex -1.666042014611594 0.2 -1.2783990009183135
    endloop
  endfacet
  facet normal 0.9469301294951055 0 0.32143946530316203
    outer loop
      vertex -1.9401470182737022 0 -0.8036352079666885
      vertex -1.9401470182737022 0.2 -0.8036352079666885
      vertex -2.0284442352070435 0 -0.5435199947152936
    endloop
  endfacet
  facet normal 0 -1 0
    outer loop
      vertex -1.48492424049175 0.2 -1.48492424049175
      vertex -1.2020815280171309 0.2 -1.2020815280171309
      vertex -1.666042014611594 0.2 -1.2783990009183135
    endloop
  endfacet
  facet normal 0 -1 0
    outer loop
      vertex -1.48492424049175 0.2 -1.48492424049175
      vertex -1.2783990009183135 0.2 -1.666042014611594
      vertex -0.85 0.2 -1.4722431864335457
    endloop
  endfacet
  facet normal 0 -1 0
    outer loop
      vertex -1.48492424049175 0.2 -1.48492424049175
      vertex -1.034894429314825 0.2 -1.3487006784950997
      vertex -1.2020815280171309 0.2 -1.2020815280171309
    endloop
  endfacet
  facet normal 0 -1 0
    outer loop
      vertex -1.48492424049175 0.2 -1.48492424049175
      vertex -0.85 0.2 -1.4722431864335457
      vertex -1.034894429314825 0.2 -1.3487006784950997
    endloop
  endfacet
  facet normal 0 -1 0
    outer loop
      vertex -1.818653347947321 0.2 -1.05
      vertex -1.666042014611594 0.2 -1.2783990009183135
      vertex -1.3487006784950997 0.2 -1.034894429314825
    endloop
  endfacet
  facet normal 0 -1 0
    outer loop
      vertex -1.818653347947321 0.2 -1.05
      vertex -1.3487006784950997 0.2 -1.034894429314825
      vertex -1.4722431864335457 0.2 -0.85
    endloop
  endfacet
  facet normal 0 -1 0
    outer loop
      vertex -1.9401470182737022 0.2 -0.8036352079666885
      vertex -1.818653347947321 0.2 -1.05
      vertex -1.5705952052691874 0.2 -0.6505618350206526
    endloop
  endfacet
  facet normal 0 -1 0
    outer loop
      vertex -1.9401470182737022 0.2 -0.8036352079666885
      vertex -1.6420739046914161 0.2 -0.43999237667428526
      vertex -2.0284442352070435 0.2 -0.5435199947152936
    endloop
  endfacet
  facet normal 0 -1 0
    outer loop
      vertex -2.0284442352070435 0.2 -0.5435199947152936
      vertex -1.6420739046914161 0.2 -0.43999237667428526
      vertex -1.6854562643354776 0.2 -0.22189452677408766
    endloop
  endfacet
  facet normal 0 -1 0
    outer loop
      vertex -1.9401470182737022 0.2 -0.8036352079666885
      vertex -1.5705952052691874 0.2 -0.6505618350206526
      vertex -1.6420739046914161 0.2 -0.43999237667428526
    endloop
  endfacet
  facet normal 0 -1 0
    outer loop
      vertex -1.818653347947321 0.2 -1.05
      vertex -1.4722431864335457 0.2 -0.85
      vertex -1.5705952052691874 0.2 -0.6505618350206526
    endloop
  endfacet
  facet normal 0 -1 0
    outer loop
      vertex -1.666042014611594 0.2 -1.2783990009183135
      vertex -1.2020815280171309 0.2 -1.2020815280171309
      vertex -1.3487006784950997 0.2 -1.034894429314825
    endloop
  endfacet
  facet normal 0.9978589232386035 0 0.06540312923014324
    outer loop
      vertex -2.082034208885002 0 -0.2741050036621083
      vertex -2.082034208885002 0.2 -0.2741050036621083
      vertex -2.1 0 0
    endloop
  endfacet
  facet normal 0.9807852804032305 0 0.19509032201612797
    outer loop
      vertex -2.082034208885002 0 -0.2741050036621083
      vertex -2.0284442352070435 0.2 -0.5435199947152936
      vertex -2.082034208885002 0.2 -0.2741050036621083
    endloop
  endfacet
  facet normal 0.9978589232386035 0 0.06540312923014324
    outer loop
      vertex -2.1 0 0
      vertex -2.082034208885002 0.2 -0.2741050036621083
      vertex -2.1 0.2 0
    endloop
  endfacet
  facet normal 0.9978589232386035 0 -0.06540312923014324
    outer loop
      vertex -2.1 0 0
      vertex -2.1 0.2 0
      vertex -2.082034208885002 0 0.2741050036621083
    endloop
  endfacet
  facet normal 0.9807852804032305 0 -0.19509032201612797
    outer loop
      vertex -2.082034208885002 0 0.2741050036621083
      vertex -2.082034208885002 0.2 0.2741050036621083
      vertex -2.0284442352070435 0 0.5435199947152936
    endloop
  endfacet
  facet normal 0.9978589232386035 0 -0.06540312923014324
    outer loop
      vertex -2.082034208885002 0 0.2741050036621083
      vertex -2.1 0.2 0
      vertex -2.082034208885002 0.2 0.2741050036621083
    endloop
  endfacet
  facet normal 0.9807852804032305 0 -0.19509032201612797
    outer loop
      vertex -2.0284442352070435 0 0.5435199947152936
      vertex -2.082034208885002 0.2 0.2741050036621083
      vertex -2.0284442352070435 0.2 0.5435199947152936
    endloop
  endfacet
  facet normal 0.9469301294951055 0 -0.32143946530316203
    outer loop
      vertex -2.0284442352070435 0 0.5435199947152936
      vertex -2.0284442352070435 0.2 0.5435199947152936
      vertex -1.9401470182737022 0 0.8036352079666885
    endloop
  endfacet
  facet normal 0.8968727415326881 0 -0.4422886902190016
    outer loop
      vertex -1.9401470182737022 0 0.8036352079666885
      vertex -1.9401470182737022 0.2 0.8036352079666885
      vertex -1.818653347947321 0 1.05
    endloop
  endfacet
  facet normal 0.9469301294951055 0 -0.32143946530316203
    outer loop
      vertex -1.9401470182737022 0 0.8036352079666885
      vertex -2.0284442352070435 0.2 0.5435199947152936
      vertex -1.9401470182737022 0.2 0.8036352079666885
    endloop
  endfacet
  facet normal 0.8968727415326881 0 -0.4422886902190016
    outer loop
      vertex -1.818653347947321 0 1.05
      vertex -1.9401470182737022 0.2 0.8036352079666885
      vertex -1.818653347947321 0.2 1.05
    endloop
  endfacet
  facet normal 0.8314696123025457 0 -0.5555702330196014
    outer loop
      vertex -1.818653347947321 0 1.05
      vertex -1.818653347947321 0.2 1.05
      vertex -1.666042014611594 0 1.2783990009183135
    endloop
  endfacet
  facet normal 0.7518398074789776 0 -0.6593458151000686
    outer loop
      vertex -1.666042014611594 0 1.2783990009183135
      vertex -1.666042014611594 0.2 1.2783990009183135
      vertex -1.48492424049175 0 1.48492424049175
    endloop
  endfacet
  facet normal 0.8314696123025457 0 -0.5555702330196014
    outer loop
      vertex -1.666042014611594 0 1.2783990009183135
      vertex -1.818653347947321 0.2 1.05
      vertex -1.666042014611594 0.2 1.2783990009183135
    endloop
  endfacet
  facet normal 0.7518398074789776 0 -0.6593458151000686
    outer loop
      vertex -1.48492424049175 0 1.48492424049175
      vertex -1.666042014611594 0.2 1.2783990009183135
      vertex -1.48492424049175 0.2 1.48492424049175
    endloop
  endfacet
  facet normal 0 -1 0
    outer loop
      vertex -2.0284442352070435 0.2 -0.5435199947152936
      vertex -1.6854562643354776 0.2 -0.22189452677408766
      vertex -2.082034208885002 0.2 -0.2741050036621083
    endloop
  endfacet
  facet normal 0 -1 0
    outer loop
      vertex -2.082034208885002 0.2 -0.2741050036621083
      vertex -1.6854562643354776 0.2 -0.22189452677408766
      vertex -1.7 0.2 0
    endloop
  endfacet
  facet normal 0 -1 0
    outer loop
      vertex -2.082034208885002 0.2 -0.2741050036621083
      vertex -1.7 0.2 0
      vertex -2.1 0.2 0
    endloop
  endfacet
  facet normal 0 -1 0
    outer loop
      vertex -2.1 0.2 0
      vertex -1.7 0.2 0
      vertex -1.6854562643354776 0.2 0.22189452677408766
    endloop
  endfacet
  facet normal 0 -1 0
    outer loop
      vertex -2.1 0.2 0
      vertex -1.6854562643354776 0.2 0.22189452677408766
      vertex -2.082034208885002 0.2 0.2741050036621083
    endloop
  endfacet
  facet normal 0 -1 0
    outer loop
      vertex -2.082034208885002 0.2 0.2741050036621083
      vertex -1.6420739046914161 0.2 0.43999237667428526
      vertex -2.0284442352070435 0.2 0.5435199947152936
    endloop
  endfacet
  facet normal 0 -1 0
    outer loop
      vertex -2.082034208885002 0.2 0.2741050036621083
      vertex -1.6854562643354776 0.2 0.22189452677408766
      vertex -1.6420739046914161 0.2 0.43999237667428526
    endloop
  endfacet
  facet normal 0 -1 0
    outer loop
      vertex -1.6420739046914161 0.2 0.43999237667428526
      vertex -1.5705952052691874 0.2 0.6505618350206526
      vertex -2.0284442352070435 0.2 0.5435199947152936
    endloop
  endfacet
  facet normal 0 -1 0
    outer loop
      vertex -2.0284442352070435 0.2 0.5435199947152936
      vertex -1.5705952052691874 0.2 0.6505618350206526
      vertex -1.9401470182737022 0.2 0.8036352079666885
    endloop
  endfacet
  facet normal 0 -1 0
    outer loop
      vertex -1.9401470182737022 0.2 0.8036352079666885
      vertex -1.4722431864335457 0.2 0.85
      vertex -1.818653347947321 0.2 1.05
    endloop
  endfacet
  facet normal 0 -1 0
    outer loop
      vertex -1.9401470182737022 0.2 0.8036352079666885
      vertex -1.5705952052691874 0.2 0.6505618350206526
      vertex -1.4722431864335457 0.2 0.85
    endloop
  endfacet
  facet normal 0 -1 0
    outer loop
      vertex -1.4722431864335457 0.2 0.85
      vertex -1.3487006784950997 0.2 1.034894429314825
      vertex -1.818653347947321 0.2 1.05
    endloop
  endfacet
  facet normal 0 -1 0
    outer loop
      vertex -1.818653347947321 0.2 1.05
      vertex -1.2020815280171309 0.2 1.2020815280171309
      vertex -1.666042014611594 0.2 1.2783990009183135
    endloop
  endfacet
  facet normal 0 -1 0
    outer loop
      vertex -1.818653347947321 0.2 1.05
      vertex -1.3487006784950997 0.2 1.034894429314825
      vertex -1.2020815280171309 0.2 1.2020815280171309
    endloop
  endfacet
  facet normal 0 -1 0
    outer loop
      vertex -1.666042014611594 0.2 1.2783990009183135
      vertex -1.034894429314825 0.2 1.3487006784950997
      vertex -1.48492424049175 0.2 1.48492424049175
    endloop
  endfacet
  facet normal 0 -1 0
    outer loop
      vertex -1.666042014611594 0.2 1.2783990009183135
      vertex -1.2020815280171309 0.2 1.2020815280171309
      vertex -1.034894429314825 0.2 1.3487006784950997
    endloop
  endfacet
  facet normal 0 -1 0
    outer loop
      vertex -1.48492424049175 0.2 1.48492424049175
      vertex -1.034894429314825 0.2 1.3487006784950997
      vertex -0.85 0.2 1.4722431864335457
    endloop
  endfacet
  facet normal 0 -1 0
    outer loop
      vertex -8.100000001490116 0 8.104999996721745
      vertex -1.666042014611594 0 1.2783990009183135
      vertex -1.48492424049175 0 1.48492424049175
    endloop
  endfacet
  facet normal 0 -1 0
    outer loop
      vertex -8.100000001490116 0 8.104999996721745
      vertex -1.48492424049175 0 1.48492424049175
      vertex -1.2783990009183135 0 1.666042014611594
    endloop
  endfacet
  facet normal 0 -1 0
    outer loop
      vertex -8.100000001490116 0 8.104999996721745
      vertex -1.2783990009183135 0 1.666042014611594
      vertex -1.05 0 1.818653347947321
    endloop
  endfacet
  facet normal 0 -1 0
    outer loop
      vertex -8.100000001490116 0 8.104999996721745
      vertex -1.05 0 1.818653347947321
      vertex -0.8036352079666885 0 1.9401470182737022
    endloop
  endfacet
  facet normal 0 -1 0
    outer loop
      vertex -8.100000001490116 0 8.104999996721745
      vertex -0.8036352079666885 0 1.9401470182737022
      vertex -0.5435199947152936 0 2.0284442352070435
    endloop
  endfacet
  facet normal 0 -1 0
    outer loop
      vertex -8.100000001490116 0 8.104999996721745
      vertex -0.5435199947152936 0 2.0284442352070435
      vertex -0.2741050036621083 0 2.082034208885002
    endloop
  endfacet
  facet normal 0.6593458151000686 0 -0.7518398074789776
    outer loop
      vertex -1.48492424049175 0 1.48492424049175
      vertex -1.48492424049175 0.2 1.48492424049175
      vertex -1.2783990009183135 0 1.666042014611594
    endloop
  endfacet
  facet normal 0.6593458151000686 0 -0.7518398074789776
    outer loop
      vertex -1.48492424049175 0.2 1.48492424049175
      vertex -1.2783990009183135 0.2 1.666042014611594
      vertex -1.2783990009183135 0 1.666042014611594
    endloop
  endfacet
  facet normal 0.5555702330196014 0 -0.8314696123025457
    outer loop
      vertex -1.2783990009183135 0 1.666042014611594
      vertex -1.2783990009183135 0.2 1.666042014611594
      vertex -1.05 0 1.818653347947321
    endloop
  endfacet
  facet normal 0.5555702330196014 0 -0.8314696123025457
    outer loop
      vertex -1.05 0 1.818653347947321
      vertex -1.2783990009183135 0.2 1.666042014611594
      vertex -1.05 0.2 1.818653347947321
    endloop
  endfacet
  facet normal 0 -1 0
    outer loop
      vertex -1.48492424049175 0.2 1.48492424049175
      vertex -0.6505618350206526 0.2 1.5705952052691874
      vertex -1.2783990009183135 0.2 1.666042014611594
    endloop
  endfacet
  facet normal 0 -1 0
    outer loop
      vertex -8.100000001490116 0 8.104999996721745
      vertex -0.2741050036621083 0 2.082034208885002
      vertex 0 0 2.1
    endloop
  endfacet
  facet normal 0 -1 0
    outer loop
      vertex -8.100000001490116 0 8.104999996721745
      vertex 0 0 2.1
      vertex 0.2741050036621083 0 2.082034208885002
    endloop
  endfacet
  facet normal 0 -1 0
    outer loop
      vertex -8.100000001490116 0 8.104999996721745
      vertex 0.5435199947152936 0 2.0284442352070435
      vertex 0.8036352079666885 0 1.9401470182737022
    endloop
  endfacet
  facet normal 0 -1 0
    outer loop
      vertex -8.100000001490116 0 8.104999996721745
      vertex 0.2741050036621083 0 2.082034208885002
      vertex 0.5435199947152936 0 2.0284442352070435
    endloop
  endfacet
  facet normal 0 -1 0
    outer loop
      vertex -8.100000001490116 0 8.104999996721745
      vertex 0.8036352079666885 0 1.9401470182737022
      vertex 1.05 0 1.818653347947321
    endloop
  endfacet
  facet normal 0.4422886902190016 0 0.8968727415326881
    outer loop
      vertex -1.05 0 -1.818653347947321
      vertex -0.8036352079666885 0 -1.9401470182737022
      vertex -0.8036352079666885 0.2 -1.9401470182737022
    endloop
  endfacet
  facet normal 0.4422886902190016 0 0.8968727415326881
    outer loop
      vertex -1.05 0 -1.818653347947321
      vertex -0.8036352079666885 0.2 -1.9401470182737022
      vertex -1.05 0.2 -1.818653347947321
    endloop
  endfacet
  facet normal 0.32143946530316203 0 0.9469301294951055
    outer loop
      vertex -0.8036352079666885 0 -1.9401470182737022
      vertex -0.5435199947152936 0 -2.0284442352070435
      vertex -0.5435199947152936 0.2 -2.0284442352070435
    endloop
  endfacet
  facet normal 0.32143946530316203 0 0.9469301294951055
    outer loop
      vertex -0.8036352079666885 0 -1.9401470182737022
      vertex -0.5435199947152936 0.2 -2.0284442352070435
      vertex -0.8036352079666885 0.2 -1.9401470182737022
    endloop
  endfacet
  facet normal 0.19509032201612797 0 0.9807852804032305
    outer loop
      vertex -0.5435199947152936 0 -2.0284442352070435
      vertex -0.2741050036621083 0 -2.082034208885002
      vertex -0.2741050036621083 0.2 -2.082034208885002
    endloop
  endfacet
  facet normal 0.19509032201612797 0 0.9807852804032305
    outer loop
      vertex -0.5435199947152936 0 -2.0284442352070435
      vertex -0.2741050036621083 0.2 -2.082034208885002
      vertex -0.5435199947152936 0.2 -2.0284442352070435
    endloop
  endfacet
  facet normal 0.06540312923014324 0 0.9978589232386035
    outer loop
      vertex -0.2741050036621083 0 -2.082034208885002
      vertex 0 0 -2.1
      vertex 0 0.2 -2.1
    endloop
  endfacet
  facet normal 0.06540312923014324 0 0.9978589232386035
    outer loop
      vertex -0.2741050036621083 0 -2.082034208885002
      vertex 0 0.2 -2.1
      vertex -0.2741050036621083 0.2 -2.082034208885002
    endloop
  endfacet
  facet normal 0 -1 0
    outer loop
      vertex -1.2783990009183135 0.2 -1.666042014611594
      vertex -0.6505618350206526 0.2 -1.5705952052691874
      vertex -0.85 0.2 -1.4722431864335457
    endloop
  endfacet
  facet normal 0 -1 0
    outer loop
      vertex -1.2783990009183135 0.2 -1.666042014611594
      vertex -0.43999237667428526 0.2 -1.6420739046914161
      vertex -0.6505618350206526 0.2 -1.5705952052691874
    endloop
  endfacet
  facet normal 0 -1 0
    outer loop
      vertex -1.2783990009183135 0.2 -1.666042014611594
      vertex -0.22189452677408766 0.2 -1.6854562643354776
      vertex -0.43999237667428526 0.2 -1.6420739046914161
    endloop
  endfacet
  facet normal 0 -1 0
    outer loop
      vertex -1.05 0.2 -1.818653347947321
      vertex -0.8036352079666885 0.2 -1.9401470182737022
      vertex 0.8036352079666885 0.2 -1.9401470182737022
    endloop
  endfacet
  facet normal 0 -1 0
    outer loop
      vertex -0.5435199947152936 0.2 -2.0284442352070435
      vertex -0.2741050036621083 0.2 -2.082034208885002
      vertex 0.2741050036621083 0.2 -2.082034208885002
    endloop
  endfacet
  facet normal 0 -1 0
    outer loop
      vertex -0.8036352079666885 0.2 -1.9401470182737022
      vertex -0.5435199947152936 0.2 -2.0284442352070435
      vertex 0.5435199947152936 0.2 -2.0284442352070435
    endloop
  endfacet
  facet normal 0 -1 0
    outer loop
      vertex -1.05 0.2 -1.818653347947321
      vertex 1.05 0.2 -1.818653347947321
      vertex -1.2783990009183135 0.2 -1.666042014611594
    endloop
  endfacet
  facet normal 0 -1 0
    outer loop
      vertex -1.2783990009183135 0.2 -1.666042014611594
      vertex 1.05 0.2 -1.818653347947321
      vertex -0.22189452677408766 0.2 -1.6854562643354776
    endloop
  endfacet
  facet normal -0.06540312923014324 0 0.9978589232386035
    outer loop
      vertex 0 0 -2.1
      vertex 0.2741050036621083 0.2 -2.082034208885002
      vertex 0 0.2 -2.1
    endloop
  endfacet
  facet normal -0.06540312923014324 0 0.9978589232386035
    outer loop
      vertex 0 0 -2.1
      vertex 0.2741050036621083 0 -2.082034208885002
      vertex 0.2741050036621083 0.2 -2.082034208885002
    endloop
  endfacet
  facet normal -0.19509032201612797 0 0.9807852804032305
    outer loop
      vertex 0.2741050036621083 0 -2.082034208885002
      vertex 0.5435199947152936 0.2 -2.0284442352070435
      vertex 0.2741050036621083 0.2 -2.082034208885002
    endloop
  endfacet
  facet normal -0.19509032201612797 0 0.9807852804032305
    outer loop
      vertex 0.2741050036621083 0 -2.082034208885002
      vertex 0.5435199947152936 0 -2.0284442352070435
      vertex 0.5435199947152936 0.2 -2.0284442352070435
    endloop
  endfacet
  facet normal -0.32143946530316203 0 0.9469301294951055
    outer loop
      vertex 0.5435199947152936 0 -2.0284442352070435
      vertex 0.8036352079666885 0 -1.9401470182737022
      vertex 0.8036352079666885 0.2 -1.9401470182737022
    endloop
  endfacet
  facet normal -0.32143946530316203 0 0.9469301294951055
    outer loop
      vertex 0.5435199947152936 0 -2.0284442352070435
      vertex 0.8036352079666885 0.2 -1.9401470182737022
      vertex 0.5435199947152936 0.2 -2.0284442352070435
    endloop
  endfacet
  facet normal 0 -1 0
    outer loop
      vertex -0.2741050036621083 0.2 -2.082034208885002
      vertex 0 0.2 -2.1
      vertex 0.2741050036621083 0.2 -2.082034208885002
    endloop
  endfacet
  facet normal 0 -1 0
    outer loop
      vertex -0.5435199947152936 0.2 -2.0284442352070435
      vertex 0.2741050036621083 0.2 -2.082034208885002
      vertex 0.5435199947152936 0.2 -2.0284442352070435
    endloop
  endfacet
  facet normal 0 -1 0
    outer loop
      vertex -0.8036352079666885 0.2 -1.9401470182737022
      vertex 0.5435199947152936 0.2 -2.0284442352070435
      vertex 0.8036352079666885 0.2 -1.9401470182737022
    endloop
  endfacet
  facet normal 0 -1 0
    outer loop
      vertex -1.05 0.2 -1.818653347947321
      vertex 0.8036352079666885 0.2 -1.9401470182737022
      vertex 1.05 0.2 -1.818653347947321
    endloop
  endfacet
  facet normal 0 -1 0
    outer loop
      vertex -0.22189452677408766 0.2 -1.6854562643354776
      vertex 1.05 0.2 -1.818653347947321
      vertex 0 0.2 -1.7
    endloop
  endfacet
  facet normal 0 -1 0
    outer loop
      vertex 0 0.2 -1.7
      vertex 1.05 0.2 -1.818653347947321
      vertex 0.22189452677408766 0.2 -1.6854562643354776
    endloop
  endfacet
  facet normal 0 -1 0
    outer loop
      vertex 0.22189452677408766 0.2 -1.6854562643354776
      vertex 1.2783990009183135 0.2 -1.666042014611594
      vertex 0.43999237667428526 0.2 -1.6420739046914161
    endloop
  endfacet
  facet normal 0 -1 0
    outer loop
      vertex 0.22189452677408766 0.2 -1.6854562643354776
      vertex 1.05 0.2 -1.818653347947321
      vertex 1.2783990009183135 0.2 -1.666042014611594
    endloop
  endfacet
  facet normal 0 -1 0
    outer loop
      vertex 0.43999237667428526 0.2 -1.6420739046914161
      vertex 1.2783990009183135 0.2 -1.666042014611594
      vertex 0.6505618350206526 0.2 -1.5705952052691874
    endloop
  endfacet
  facet normal -0.4422886902190016 0 0.8968727415326881
    outer loop
      vertex 0.8036352079666885 0 -1.9401470182737022
      vertex 1.05 0 -1.818653347947321
      vertex 1.05 0.2 -1.818653347947321
    endloop
  endfacet
  facet normal -0.4422886902190016 0 0.8968727415326881
    outer loop
      vertex 0.8036352079666885 0 -1.9401470182737022
      vertex 1.05 0.2 -1.818653347947321
      vertex 0.8036352079666885 0.2 -1.9401470182737022
    endloop
  endfacet
  facet normal -0.5555702330196014 0 0.8314696123025457
    outer loop
      vertex 1.05 0 -1.818653347947321
      vertex 1.2783990009183135 0 -1.666042014611594
      vertex 1.2783990009183135 0.2 -1.666042014611594
    endloop
  endfacet
  facet normal -0.5555702330196014 0 0.8314696123025457
    outer loop
      vertex 1.05 0 -1.818653347947321
      vertex 1.2783990009183135 0.2 -1.666042014611594
      vertex 1.05 0.2 -1.818653347947321
    endloop
  endfacet
  facet normal 0 -1 0
    outer loop
      vertex -8.100000001490116 0 -12.002316188573637
      vertex 11.757192269559093 0 8.104999996721745
      vertex 1.48492424049175 0 -1.48492424049175
    endloop
  endfacet
  facet normal -0.6593458151000686 0 0.7518398074789776
    outer loop
      vertex 1.2783990009183135 0 -1.666042014611594
      vertex 1.48492424049175 0 -1.48492424049175
      vertex 1.48492424049175 0.2 -1.48492424049175
    endloop
  endfacet
  facet normal -0.6593458151000686 0 0.7518398074789776
    outer loop
      vertex 1.2783990009183135 0 -1.666042014611594
      vertex 1.48492424049175 0.2 -1.48492424049175
      vertex 1.2783990009183135 0.2 -1.666042014611594
    endloop
  endfacet
  facet normal -0.7518398074789776 0 0.6593458151000686
    outer loop
      vertex 1.48492424049175 0 -1.48492424049175
      vertex 1.666042014611594 0.2 -1.2783990009183135
      vertex 1.48492424049175 0.2 -1.48492424049175
    endloop
  endfacet
  facet normal -0.7518398074789776 0 0.6593458151000686
    outer loop
      vertex 1.48492424049175 0 -1.48492424049175
      vertex 1.666042014611594 0 -1.2783990009183135
      vertex 1.666042014611594 0.2 -1.2783990009183135
    endloop
  endfacet
  facet normal -0.8314696123025457 0 0.5555702330196014
    outer loop
      vertex 1.666042014611594 0 -1.2783990009183135
      vertex 1.818653347947321 0 -1.05
      vertex 1.818653347947321 0.2 -1.05
    endloop
  endfacet
  facet normal -0.8314696123025457 0 0.5555702330196014
    outer loop
      vertex 1.666042014611594 0 -1.2783990009183135
      vertex 1.818653347947321 0.2 -1.05
      vertex 1.666042014611594 0.2 -1.2783990009183135
    endloop
  endfacet
  facet normal 0 -1 0
    outer loop
      vertex 0.6505618350206526 0.2 -1.5705952052691874
      vertex 1.48492424049175 0.2 -1.48492424049175
      vertex 0.85 0.2 -1.4722431864335457
    endloop
  endfacet
  facet normal 0 -1 0
    outer loop
      vertex 0.6505618350206526 0.2 -1.5705952052691874
      vertex 1.2783990009183135 0.2 -1.666042014611594
      vertex 1.48492424049175 0.2 -1.48492424049175
    endloop
  endfacet
  facet normal 0 -1 0
    outer loop
      vertex 0.85 0.2 -1.4722431864335457
      vertex 1.48492424049175 0.2 -1.48492424049175
      vertex 1.034894429314825 0.2 -1.3487006784950997
    endloop
  endfacet
  facet normal 0 -1 0
    outer loop
      vertex 1.034894429314825 0.2 -1.3487006784950997
      vertex 1.48492424049175 0.2 -1.48492424049175
      vertex 1.666042014611594 0.2 -1.2783990009183135
    endloop
  endfacet
  facet normal 0 -1 0
    outer loop
      vertex 1.034894429314825 0.2 -1.3487006784950997
      vertex 1.666042014611594 0.2 -1.2783990009183135
      vertex 1.2020815280171309 0.2 -1.2020815280171309
    endloop
  endfacet
  facet normal 0 -1 0
    outer loop
      vertex 1.2020815280171309 0.2 -1.2020815280171309
      vertex 1.818653347947321 0.2 -1.05
      vertex 1.3487006784950997 0.2 -1.034894429314825
    endloop
  endfacet
  facet normal 0 -1 0
    outer loop
      vertex 1.2020815280171309 0.2 -1.2020815280171309
      vertex 1.666042014611594 0.2 -1.2783990009183135
      vertex 1.818653347947321 0.2 -1.05
    endloop
  endfacet
  facet normal 0 -1 0
    outer loop
      vertex 1.3487006784950997 0.2 -1.034894429314825
      vertex 1.818653347947321 0.2 -1.05
      vertex 1.4722431864335457 0.2 -0.85
    endloop
  endfacet
  facet normal 0 -1 0
    outer loop
      vertex 1.4722431864335457 0.2 -0.85
      vertex 1.818653347947321 0.2 -1.05
      vertex 1.9401470182737022 0.2 -0.8036352079666885
    endloop
  endfacet
  facet normal 0 -1 0
    outer loop
      vertex 1.4722431864335457 0.2 -0.85
      vertex 1.9401470182737022 0.2 -0.8036352079666885
      vertex 1.5705952052691874 0.2 -0.6505618350206526
    endloop
  endfacet
  facet normal 0 -1 0
    outer loop
      vertex 1.5705952052691874 0.2 -0.6505618350206526
      vertex 2.0284442352070435 0.2 -0.5435199947152936
      vertex 1.6420739046914161 0.2 -0.43999237667428526
    endloop
  endfacet
  facet normal 0 -1 0
    outer loop
      vertex -2.981648435569134 0 -7.366850869195137
      vertex -2.6111800951921302 0 -7.092092822178037
      vertex 11.757192269559093 0 8.104999996721745
    endloop
  endfacet
  facet normal 0 -1 0
    outer loop
      vertex -2.6111800951921302 0 -7.092092822178037
      vertex -2.215564663082189 0 -6.854970057562731
      vertex 11.757192269559093 0 8.104999996721745
    endloop
  endfacet
  facet normal 0 -1 0
    outer loop
      vertex -2.215564663082189 0 -6.854970057562731
      vertex -1.798612132115922 0 -6.657766197196952
      vertex 11.757192269559093 0 8.104999996721745
    endloop
  endfacet
  facet normal -0.8968727415326881 0 0.4422886902190016
    outer loop
      vertex 1.818653347947321 0 -1.05
      vertex 1.9401470182737022 0 -0.8036352079666885
      vertex 1.9401470182737022 0.2 -0.8036352079666885
    endloop
  endfacet
  facet normal -0.8968727415326881 0 0.4422886902190016
    outer loop
      vertex 1.818653347947321 0 -1.05
      vertex 1.9401470182737022 0.2 -0.8036352079666885
      vertex 1.818653347947321 0.2 -1.05
    endloop
  endfacet
  facet normal -0.9469301294951055 0 0.32143946530316203
    outer loop
      vertex 1.9401470182737022 0 -0.8036352079666885
      vertex 2.0284442352070435 0 -0.5435199947152936
      vertex 2.0284442352070435 0.2 -0.5435199947152936
    endloop
  endfacet
  facet normal -0.9469301294951055 0 0.32143946530316203
    outer loop
      vertex 1.9401470182737022 0 -0.8036352079666885
      vertex 2.0284442352070435 0.2 -0.5435199947152936
      vertex 1.9401470182737022 0.2 -0.8036352079666885
    endloop
  endfacet
  facet normal -0.9807852804032305 0 0.19509032201612797
    outer loop
      vertex 2.0284442352070435 0 -0.5435199947152936
      vertex 2.082034208885002 0.2 -0.2741050036621083
      vertex 2.0284442352070435 0.2 -0.5435199947152936
    endloop
  endfacet
  facet normal 0 -1 0
    outer loop
      vertex 1.5705952052691874 0.2 -0.6505618350206526
      vertex 1.9401470182737022 0.2 -0.8036352079666885
      vertex 2.0284442352070435 0.2 -0.5435199947152936
    endloop
  endfacet
  facet normal 0 -1 0
    outer loop
      vertex 1.6420739046914161 0.2 -0.43999237667428526
      vertex 2.0284442352070435 0.2 -0.5435199947152936
      vertex 2.082034208885002 0.2 -0.2741050036621083
    endloop
  endfacet
  facet normal -0.7518398074789776 0 -0.6593458151000686
    outer loop
      vertex 1.666042014611594 0 1.2783990009183135
      vertex 1.48492424049175 0 1.48492424049175
      vertex 1.48492424049175 0.2 1.48492424049175
    endloop
  endfacet
  facet normal -0.8314696123025457 0 -0.5555702330196014
    outer loop
      vertex 1.666042014611594 0 1.2783990009183135
      vertex 1.666042014611594 0.2 1.2783990009183135
      vertex 1.818653347947321 0 1.05
    endloop
  endfacet
  facet normal -0.8314696123025457 0 -0.5555702330196014
    outer loop
      vertex 1.818653347947321 0 1.05
      vertex 1.666042014611594 0.2 1.2783990009183135
      vertex 1.818653347947321 0.2 1.05
    endloop
  endfacet
  facet normal -0.7518398074789776 0 -0.6593458151000686
    outer loop
      vertex 1.666042014611594 0 1.2783990009183135
      vertex 1.48492424049175 0.2 1.48492424049175
      vertex 1.666042014611594 0.2 1.2783990009183135
    endloop
  endfacet
  facet normal 0 -1 0
    outer loop
      vertex 1.6420739046914161 0.2 -0.43999237667428526
      vertex 2.082034208885002 0.2 -0.2741050036621083
      vertex 1.6854562643354776 0.2 -0.22189452677408766
    endloop
  endfacet
  facet normal 0 -1 0
    outer loop
      vertex 1.6854562643354776 0.2 0.22189452677408766
      vertex 2.0284442352070435 0.2 0.5435199947152936
      vertex 1.6420739046914161 0.2 0.43999237667428526
    endloop
  endfacet
  facet normal 0 -1 0
    outer loop
      vertex 1.034894429314825 0.2 1.3487006784950997
      vertex 1.48492424049175 0.2 1.48492424049175
      vertex 0.85 0.2 1.4722431864335457
    endloop
  endfacet
  facet normal 0 -1 0
    outer loop
      vertex 1.034894429314825 0.2 1.3487006784950997
      vertex 1.2020815280171309 0.2 1.2020815280171309
      vertex 1.48492424049175 0.2 1.48492424049175
    endloop
  endfacet
  facet normal 0 -1 0
    outer loop
      vertex 1.4722431864335457 0.2 0.85
      vertex 1.818653347947321 0.2 1.05
      vertex 1.3487006784950997 0.2 1.034894429314825
    endloop
  endfacet
  facet normal 0 -1 0
    outer loop
      vertex 1.6420739046914161 0.2 0.43999237667428526
      vertex 1.9401470182737022 0.2 0.8036352079666885
      vertex 1.5705952052691874 0.2 0.6505618350206526
    endloop
  endfacet
  facet normal 0 -1 0
    outer loop
      vertex 1.4722431864335457 0.2 0.85
      vertex 1.5705952052691874 0.2 0.6505618350206526
      vertex 1.818653347947321 0.2 1.05
    endloop
  endfacet
  facet normal 0 -1 0
    outer loop
      vertex 1.5705952052691874 0.2 0.6505618350206526
      vertex 1.9401470182737022 0.2 0.8036352079666885
      vertex 1.818653347947321 0.2 1.05
    endloop
  endfacet
  facet normal 0 -1 0
    outer loop
      vertex 1.2020815280171309 0.2 1.2020815280171309
      vertex 1.3487006784950997 0.2 1.034894429314825
      vertex 1.666042014611594 0.2 1.2783990009183135
    endloop
  endfacet
  facet normal 0 -1 0
    outer loop
      vertex 1.2020815280171309 0.2 1.2020815280171309
      vertex 1.666042014611594 0.2 1.2783990009183135
      vertex 1.48492424049175 0.2 1.48492424049175
    endloop
  endfacet
  facet normal 0 -1 0
    outer loop
      vertex 1.3487006784950997 0.2 1.034894429314825
      vertex 1.818653347947321 0.2 1.05
      vertex 1.666042014611594 0.2 1.2783990009183135
    endloop
  endfacet
  facet normal -0.9807852804032305 0 0.19509032201612797
    outer loop
      vertex 2.0284442352070435 0 -0.5435199947152936
      vertex 2.082034208885002 0 -0.2741050036621083
      vertex 2.082034208885002 0.2 -0.2741050036621083
    endloop
  endfacet
  facet normal -0.9978589232386035 0 0.06540312923014324
    outer loop
      vertex 2.082034208885002 0 -0.2741050036621083
      vertex 2.1 0 0
      vertex 2.1 0.2 0
    endloop
  endfacet
  facet normal -0.9978589232386035 0 0.06540312923014324
    outer loop
      vertex 2.082034208885002 0 -0.2741050036621083
      vertex 2.1 0.2 0
      vertex 2.082034208885002 0.2 -0.2741050036621083
    endloop
  endfacet
  facet normal -0.9978589232386035 0 -0.06540312923014324
    outer loop
      vertex 2.1 0 0
      vertex 2.082034208885002 0 0.2741050036621083
      vertex 2.082034208885002 0.2 0.2741050036621083
    endloop
  endfacet
  facet normal -0.9807852804032305 0 -0.19509032201612797
    outer loop
      vertex 2.082034208885002 0 0.2741050036621083
      vertex 2.0284442352070435 0 0.5435199947152936
      vertex 2.0284442352070435 0.2 0.5435199947152936
    endloop
  endfacet
  facet normal -0.9978589232386035 0 -0.06540312923014324
    outer loop
      vertex 2.1 0 0
      vertex 2.082034208885002 0.2 0.2741050036621083
      vertex 2.1 0.2 0
    endloop
  endfacet
  facet normal -0.9807852804032305 0 -0.19509032201612797
    outer loop
      vertex 2.082034208885002 0 0.2741050036621083
      vertex 2.0284442352070435 0.2 0.5435199947152936
      vertex 2.082034208885002 0.2 0.2741050036621083
    endloop
  endfacet
  facet normal -0.9469301294951055 0 -0.32143946530316203
    outer loop
      vertex 1.9401470182737022 0 0.8036352079666885
      vertex 1.9401470182737022 0.2 0.8036352079666885
      vertex 2.0284442352070435 0 0.5435199947152936
    endloop
  endfacet
  facet normal -0.8968727415326881 0 -0.4422886902190016
    outer loop
      vertex 1.9401470182737022 0 0.8036352079666885
      vertex 1.818653347947321 0 1.05
      vertex 1.818653347947321 0.2 1.05
    endloop
  endfacet
  facet normal -0.9469301294951055 0 -0.32143946530316203
    outer loop
      vertex 2.0284442352070435 0 0.5435199947152936
      vertex 1.9401470182737022 0.2 0.8036352079666885
      vertex 2.0284442352070435 0.2 0.5435199947152936
    endloop
  endfacet
  facet normal -0.8968727415326881 0 -0.4422886902190016
    outer loop
      vertex 1.9401470182737022 0 0.8036352079666885
      vertex 1.818653347947321 0.2 1.05
      vertex 1.9401470182737022 0.2 0.8036352079666885
    endloop
  endfacet
  facet normal 0 -1 0
    outer loop
      vertex 1.6854562643354776 0.2 -0.22189452677408766
      vertex 2.082034208885002 0.2 -0.2741050036621083
      vertex 2.1 0.2 0
    endloop
  endfacet
  facet normal 0 -1 0
    outer loop
      vertex 1.6854562643354776 0.2 -0.22189452677408766
      vertex 2.1 0.2 0
      vertex 1.7 0.2 0
    endloop
  endfacet
  facet normal 0 -1 0
    outer loop
      vertex 1.7 0.2 0
      vertex 2.082034208885002 0.2 0.2741050036621083
      vertex 1.6854562643354776 0.2 0.22189452677408766
    endloop
  endfacet
  facet normal 0 -1 0
    outer loop
      vertex 1.7 0.2 0
      vertex 2.1 0.2 0
      vertex 2.082034208885002 0.2 0.2741050036621083
    endloop
  endfacet
  facet normal 0 -1 0
    outer loop
      vertex 1.6854562643354776 0.2 0.22189452677408766
      vertex 2.082034208885002 0.2 0.2741050036621083
      vertex 2.0284442352070435 0.2 0.5435199947152936
    endloop
  endfacet
  facet normal 0 -1 0
    outer loop
      vertex 1.6420739046914161 0.2 0.43999237667428526
      vertex 2.0284442352070435 0.2 0.5435199947152936
      vertex 1.9401470182737022 0.2 0.8036352079666885
    endloop
  endfacet
  facet normal 0.4422886902190016 0 -0.8968727415326881
    outer loop
      vertex -1.05 0 1.818653347947321
      vertex -1.05 0.2 1.818653347947321
      vertex -0.8036352079666885 0 1.9401470182737022
    endloop
  endfacet
  facet normal 0.4422886902190016 0 -0.8968727415326881
    outer loop
      vertex -0.8036352079666885 0 1.9401470182737022
      vertex -1.05 0.2 1.818653347947321
      vertex -0.8036352079666885 0.2 1.9401470182737022
    endloop
  endfacet
  facet normal 0.32143946530316203 0 -0.9469301294951055
    outer loop
      vertex -0.8036352079666885 0 1.9401470182737022
      vertex -0.8036352079666885 0.2 1.9401470182737022
      vertex -0.5435199947152936 0 2.0284442352070435
    endloop
  endfacet
  facet normal 0.32143946530316203 0 -0.9469301294951055
    outer loop
      vertex -0.5435199947152936 0 2.0284442352070435
      vertex -0.8036352079666885 0.2 1.9401470182737022
      vertex -0.5435199947152936 0.2 2.0284442352070435
    endloop
  endfacet
  facet normal 0.19509032201612797 0 -0.9807852804032305
    outer loop
      vertex -0.5435199947152936 0 2.0284442352070435
      vertex -0.5435199947152936 0.2 2.0284442352070435
      vertex -0.2741050036621083 0 2.082034208885002
    endloop
  endfacet
  facet normal 0.19509032201612797 0 -0.9807852804032305
    outer loop
      vertex -0.2741050036621083 0 2.082034208885002
      vertex -0.5435199947152936 0.2 2.0284442352070435
      vertex -0.2741050036621083 0.2 2.082034208885002
    endloop
  endfacet
  facet normal 0.06540312923014324 0 -0.9978589232386035
    outer loop
      vertex -0.2741050036621083 0 2.082034208885002
      vertex -0.2741050036621083 0.2 2.082034208885002
      vertex 0 0 2.1
    endloop
  endfacet
  facet normal 0.06540312923014324 0 -0.9978589232386035
    outer loop
      vertex 0 0 2.1
      vertex -0.2741050036621083 0.2 2.082034208885002
      vertex 0 0.2 2.1
    endloop
  endfacet
  facet normal 0 -1 0
    outer loop
      vertex -1.48492424049175 0.2 1.48492424049175
      vertex -0.85 0.2 1.4722431864335457
      vertex -0.6505618350206526 0.2 1.5705952052691874
    endloop
  endfacet
  facet normal 0 -1 0
    outer loop
      vertex -1.2783990009183135 0.2 1.666042014611594
      vertex -0.22189452677408766 0.2 1.6854562643354776
      vertex -1.05 0.2 1.818653347947321
    endloop
  endfacet
  facet normal 0 -1 0
    outer loop
      vertex -1.2783990009183135 0.2 1.666042014611594
      vertex -0.6505618350206526 0.2 1.5705952052691874
      vertex -0.43999237667428526 0.2 1.6420739046914161
    endloop
  endfacet
  facet normal 0 -1 0
    outer loop
      vertex -1.2783990009183135 0.2 1.666042014611594
      vertex -0.43999237667428526 0.2 1.6420739046914161
      vertex -0.22189452677408766 0.2 1.6854562643354776
    endloop
  endfacet
  facet normal 0 -1 0
    outer loop
      vertex -1.05 0.2 1.818653347947321
      vertex -0.22189452677408766 0.2 1.6854562643354776
      vertex 0 0.2 1.7
    endloop
  endfacet
  facet normal 0 -1 0
    outer loop
      vertex -1.05 0.2 1.818653347947321
      vertex 0 0.2 1.7
      vertex 0.22189452677408766 0.2 1.6854562643354776
    endloop
  endfacet
  facet normal 0 -1 0
    outer loop
      vertex -1.05 0.2 1.818653347947321
      vertex 1.05 0.2 1.818653347947321
      vertex -0.8036352079666885 0.2 1.9401470182737022
    endloop
  endfacet
  facet normal 0 -1 0
    outer loop
      vertex -0.8036352079666885 0.2 1.9401470182737022
      vertex 0.8036352079666885 0.2 1.9401470182737022
      vertex -0.5435199947152936 0.2 2.0284442352070435
    endloop
  endfacet
  facet normal 0 -1 0
    outer loop
      vertex -0.5435199947152936 0.2 2.0284442352070435
      vertex 0.5435199947152936 0.2 2.0284442352070435
      vertex -0.2741050036621083 0.2 2.082034208885002
    endloop
  endfacet
  facet normal -0.06540312923014324 0 -0.9978589232386035
    outer loop
      vertex 0 0 2.1
      vertex 0 0.2 2.1
      vertex 0.2741050036621083 0 2.082034208885002
    endloop
  endfacet
  facet normal -0.19509032201612797 0 -0.9807852804032305
    outer loop
      vertex 0.2741050036621083 0 2.082034208885002
      vertex 0.2741050036621083 0.2 2.082034208885002
      vertex 0.5435199947152936 0 2.0284442352070435
    endloop
  endfacet
  facet normal -0.06540312923014324 0 -0.9978589232386035
    outer loop
      vertex 0.2741050036621083 0 2.082034208885002
      vertex 0 0.2 2.1
      vertex 0.2741050036621083 0.2 2.082034208885002
    endloop
  endfacet
  facet normal -0.19509032201612797 0 -0.9807852804032305
    outer loop
      vertex 0.5435199947152936 0 2.0284442352070435
      vertex 0.2741050036621083 0.2 2.082034208885002
      vertex 0.5435199947152936 0.2 2.0284442352070435
    endloop
  endfacet
  facet normal -0.32143946530316203 0 -0.9469301294951055
    outer loop
      vertex 0.5435199947152936 0 2.0284442352070435
      vertex 0.5435199947152936 0.2 2.0284442352070435
      vertex 0.8036352079666885 0 1.9401470182737022
    endloop
  endfacet
  facet normal -0.32143946530316203 0 -0.9469301294951055
    outer loop
      vertex 0.8036352079666885 0 1.9401470182737022
      vertex 0.5435199947152936 0.2 2.0284442352070435
      vertex 0.8036352079666885 0.2 1.9401470182737022
    endloop
  endfacet
  facet normal 0 -1 0
    outer loop
      vertex -1.05 0.2 1.818653347947321
      vertex 0.22189452677408766 0.2 1.6854562643354776
      vertex 1.2783990009183135 0.2 1.666042014611594
    endloop
  endfacet
  facet normal 0 -1 0
    outer loop
      vertex -0.8036352079666885 0.2 1.9401470182737022
      vertex 1.05 0.2 1.818653347947321
      vertex 0.8036352079666885 0.2 1.9401470182737022
    endloop
  endfacet
  facet normal 0 -1 0
    outer loop
      vertex -0.2741050036621083 0.2 2.082034208885002
      vertex 0.2741050036621083 0.2 2.082034208885002
      vertex 0 0.2 2.1
    endloop
  endfacet
  facet normal 0 -1 0
    outer loop
      vertex -0.5435199947152936 0.2 2.0284442352070435
      vertex 0.8036352079666885 0.2 1.9401470182737022
      vertex 0.5435199947152936 0.2 2.0284442352070435
    endloop
  endfacet
  facet normal 0 -1 0
    outer loop
      vertex -0.2741050036621083 0.2 2.082034208885002
      vertex 0.5435199947152936 0.2 2.0284442352070435
      vertex 0.2741050036621083 0.2 2.082034208885002
    endloop
  endfacet
  facet normal 0 -1 0
    outer loop
      vertex -1.05 0.2 1.818653347947321
      vertex 1.2783990009183135 0.2 1.666042014611594
      vertex 1.05 0.2 1.818653347947321
    endloop
  endfacet
  facet normal 0 -1 0
    outer loop
      vertex 0.22189452677408766 0.2 1.6854562643354776
      vertex 0.43999237667428526 0.2 1.6420739046914161
      vertex 1.2783990009183135 0.2 1.666042014611594
    endloop
  endfacet
  facet normal 0 -1 0
    outer loop
      vertex 0.43999237667428526 0.2 1.6420739046914161
      vertex 0.6505618350206526 0.2 1.5705952052691874
      vertex 1.2783990009183135 0.2 1.666042014611594
    endloop
  endfacet
  facet normal -0.4422886902190016 0 -0.8968727415326881
    outer loop
      vertex 0.8036352079666885 0 1.9401470182737022
      vertex 0.8036352079666885 0.2 1.9401470182737022
      vertex 1.05 0 1.818653347947321
    endloop
  endfacet
  facet normal -0.4422886902190016 0 -0.8968727415326881
    outer loop
      vertex 1.05 0 1.818653347947321
      vertex 0.8036352079666885 0.2 1.9401470182737022
      vertex 1.05 0.2 1.818653347947321
    endloop
  endfacet
  facet normal -0.5555702330196014 0 -0.8314696123025457
    outer loop
      vertex 1.05 0 1.818653347947321
      vertex 1.05 0.2 1.818653347947321
      vertex 1.2783990009183135 0 1.666042014611594
    endloop
  endfacet
  facet normal -0.5555702330196014 0 -0.8314696123025457
    outer loop
      vertex 1.2783990009183135 0 1.666042014611594
      vertex 1.05 0.2 1.818653347947321
      vertex 1.2783990009183135 0.2 1.666042014611594
    endloop
  endfacet
  facet normal -0.6593458151000686 0 -0.7518398074789776
    outer loop
      vertex 1.2783990009183135 0 1.666042014611594
      vertex 1.2783990009183135 0.2 1.666042014611594
      vertex 1.48492424049175 0 1.48492424049175
    endloop
  endfacet
  facet normal -0.6593458151000686 0 -0.7518398074789776
    outer loop
      vertex 1.48492424049175 0 1.48492424049175
      vertex 1.2783990009183135 0.2 1.666042014611594
      vertex 1.48492424049175 0.2 1.48492424049175
    endloop
  endfacet
  facet normal 0 -1 0
    outer loop
      vertex 0.6505618350206526 0.2 1.5705952052691874
      vertex 0.85 0.2 1.4722431864335457
      vertex 1.2783990009183135 0.2 1.666042014611594
    endloop
  endfacet
  facet normal 0 -1 0
    outer loop
      vertex 0.85 0.2 1.4722431864335457
      vertex 1.48492424049175 0.2 1.48492424049175
      vertex 1.2783990009183135 0.2 1.666042014611594
    endloop
  endfacet
  facet normal 0 0 -1
    outer loop
      vertex -8.100000001490116 -0.02 8.104999996721745
      vertex -8.100000001490116 0 8.104999996721745
      vertex 14.5 -0.02 8.104999996721745
    endloop
  endfacet
  facet normal 0 -1 0
    outer loop
      vertex -8.100000001490116 0 8.104999996721745
      vertex 1.05 0 1.818653347947321
      vertex 11.757192269559093 0 8.104999996721745
    endloop
  endfacet
  facet normal 0.8968727415326885 0 0.44228869021900097
    outer loop
      vertex -1.4722431864335457 0.2 -0.85
      vertex -1.4722431864335457 2.8 -0.85
      vertex -1.5705952052691874 0.2 -0.6505618350206526
    endloop
  endfacet
  facet normal 0.9469301294951054 0 0.3214394653031621
    outer loop
      vertex -1.5705952052691874 0.2 -0.6505618350206526
      vertex -1.5705952052691874 2.8 -0.6505618350206526
      vertex -1.6420739046914161 0.2 -0.43999237667428526
    endloop
  endfacet
  facet normal 0.831469612302545 0 0.5555702330196026
    outer loop
      vertex -1.4722431864335457 0.2 -0.85
      vertex -1.3487006784950997 0.2 -1.034894429314825
      vertex -1.3487006784950997 2.8 -1.034894429314825
    endloop
  endfacet
  facet normal 0.7518398074789782 0 0.6593458151000682
    outer loop
      vertex -1.3487006784950997 0.2 -1.034894429314825
      vertex -1.2020815280171309 0.2 -1.2020815280171309
      vertex -1.2020815280171309 2.8 -1.2020815280171309
    endloop
  endfacet
  facet normal 0.6593458151000682 0 0.7518398074789782
    outer loop
      vertex -1.034894429314825 0.2 -1.3487006784950997
      vertex -1.034894429314825 2.8 -1.3487006784950997
      vertex -1.2020815280171309 0.2 -1.2020815280171309
    endloop
  endfacet
  facet normal 0.9807852804032305 0 0.19509032201612758
    outer loop
      vertex -1.6420739046914161 0.2 -0.43999237667428526
      vertex -1.6420739046914161 2.8 -0.43999237667428526
      vertex -1.6854562643354776 0.2 -0.22189452677408766
    endloop
  endfacet
  facet normal 0.9978589232386034 0 0.06540312923014345
    outer loop
      vertex -1.6854562643354776 0.2 -0.22189452677408766
      vertex -1.6854562643354776 2.8 -0.22189452677408766
      vertex -1.7 0.2 0
    endloop
  endfacet
  facet normal 0.9978589232386034 0 -0.06540312923014345
    outer loop
      vertex -1.7 0.2 0
      vertex -1.7 2.8 0
      vertex -1.6854562643354776 0.2 0.22189452677408766
    endloop
  endfacet
  facet normal 0.9807852804032305 0 -0.19509032201612758
    outer loop
      vertex -1.6854562643354776 0.2 0.22189452677408766
      vertex -1.6854562643354776 2.8 0.22189452677408766
      vertex -1.6420739046914161 0.2 0.43999237667428526
    endloop
  endfacet
  facet normal 0.9469301294951054 0 -0.3214394653031621
    outer loop
      vertex -1.6420739046914161 0.2 0.43999237667428526
      vertex -1.6420739046914161 2.8 0.43999237667428526
      vertex -1.5705952052691874 0.2 0.6505618350206526
    endloop
  endfacet
  facet normal 0.8968727415326885 0 -0.44228869021900097
    outer loop
      vertex -1.5705952052691874 0.2 0.6505618350206526
      vertex -1.5705952052691874 2.8 0.6505618350206526
      vertex -1.4722431864335457 0.2 0.85
    endloop
  endfacet
  facet normal 0.831469612302545 0 -0.5555702330196026
    outer loop
      vertex -1.4722431864335457 0.2 0.85
      vertex -1.4722431864335457 2.8 0.85
      vertex -1.3487006784950997 0.2 1.034894429314825
    endloop
  endfacet
  facet normal 0.7518398074789782 0 -0.6593458151000682
    outer loop
      vertex -1.3487006784950997 0.2 1.034894429314825
      vertex -1.3487006784950997 2.8 1.034894429314825
      vertex -1.2020815280171309 0.2 1.2020815280171309
    endloop
  endfacet
  facet normal 0.6593458151000682 0 -0.7518398074789782
    outer loop
      vertex -1.2020815280171309 0.2 1.2020815280171309
      vertex -1.2020815280171309 2.8 1.2020815280171309
      vertex -1.034894429314825 0.2 1.3487006784950997
    endloop
  endfacet
  facet normal 0.8968727415326885 0 0.44228869021900097
    outer loop
      vertex -1.5705952052691874 0.2 -0.6505618350206526
      vertex -1.4722431864335457 2.8 -0.85
      vertex -1.5705952052691874 2.8 -0.6505618350206526
    endloop
  endfacet
  facet normal 0.9469301294951054 0 0.3214394653031621
    outer loop
      vertex -1.6420739046914161 0.2 -0.43999237667428526
      vertex -1.5705952052691874 2.8 -0.6505618350206526
      vertex -1.6420739046914161 2.8 -0.43999237667428526
    endloop
  endfacet
  facet normal 0.7518398074789782 0 0.6593458151000682
    outer loop
      vertex -1.3487006784950997 0.2 -1.034894429314825
      vertex -1.2020815280171309 2.8 -1.2020815280171309
      vertex -1.3487006784950997 2.8 -1.034894429314825
    endloop
  endfacet
  facet normal 0.831469612302545 0 0.5555702330196026
    outer loop
      vertex -1.4722431864335457 0.2 -0.85
      vertex -1.3487006784950997 2.8 -1.034894429314825
      vertex -1.4722431864335457 2.8 -0.85
    endloop
  endfacet
  facet normal 0.6593458151000682 0 0.7518398074789782
    outer loop
      vertex -1.2020815280171309 0.2 -1.2020815280171309
      vertex -1.034894429314825 2.8 -1.3487006784950997
      vertex -1.2020815280171309 2.8 -1.2020815280171309
    endloop
  endfacet
  facet normal 0.9807852804032305 0 0.19509032201612758
    outer loop
      vertex -1.6854562643354776 0.2 -0.22189452677408766
      vertex -1.6420739046914161 2.8 -0.43999237667428526
      vertex -1.6854562643354776 2.8 -0.22189452677408766
    endloop
  endfacet
  facet normal 0.9978589232386034 0 0.06540312923014345
    outer loop
      vertex -1.7 0.2 0
      vertex -1.6854562643354776 2.8 -0.22189452677408766
      vertex -1.7 2.8 0
    endloop
  endfacet
  facet normal 0.9978589232386034 0 -0.06540312923014345
    outer loop
      vertex -1.6854562643354776 0.2 0.22189452677408766
      vertex -1.7 2.8 0
      vertex -1.6854562643354776 2.8 0.22189452677408766
    endloop
  endfacet
  facet normal 0.9807852804032305 0 -0.19509032201612758
    outer loop
      vertex -1.6420739046914161 0.2 0.43999237667428526
      vertex -1.6854562643354776 2.8 0.22189452677408766
      vertex -1.6420739046914161 2.8 0.43999237667428526
    endloop
  endfacet
  facet normal 0.9469301294951054 0 -0.3214394653031621
    outer loop
      vertex -1.5705952052691874 0.2 0.6505618350206526
      vertex -1.6420739046914161 2.8 0.43999237667428526
      vertex -1.5705952052691874 2.8 0.6505618350206526
    endloop
  endfacet
  facet normal 0.8968727415326885 0 -0.44228869021900097
    outer loop
      vertex -1.4722431864335457 0.2 0.85
      vertex -1.5705952052691874 2.8 0.6505618350206526
      vertex -1.4722431864335457 2.8 0.85
    endloop
  endfacet
  facet normal 0.831469612302545 0 -0.5555702330196026
    outer loop
      vertex -1.3487006784950997 0.2 1.034894429314825
      vertex -1.4722431864335457 2.8 0.85
      vertex -1.3487006784950997 2.8 1.034894429314825
    endloop
  endfacet
  facet normal 0.7518398074789782 0 -0.6593458151000682
    outer loop
      vertex -1.2020815280171309 0.2 1.2020815280171309
      vertex -1.3487006784950997 2.8 1.034894429314825
      vertex -1.2020815280171309 2.8 1.2020815280171309
    endloop
  endfacet
  facet normal 0.6593458151000682 0 -0.7518398074789782
    outer loop
      vertex -1.034894429314825 0.2 1.3487006784950997
      vertex -1.2020815280171309 2.8 1.2020815280171309
      vertex -1.034894429314825 2.8 1.3487006784950997
    endloop
  endfacet
  facet normal 0 1 0
    outer loop
      vertex -6 3 -2.399999998509884
      vertex -6 3 -1.6000000014901161
      vertex -1.818653347947321 3 1.05
    endloop
  endfacet
  facet normal 0 1 0
    outer loop
      vertex -6 3 -1.6000000014901161
      vertex -1.666042014611594 3 1.2783990009183135
      vertex -1.818653347947321 3 1.05
    endloop
  endfacet
  facet normal 0 1 0
    outer loop
      vertex -6 3 -1.6000000014901161
      vertex -1.48492424049175 3 1.48492424049175
      vertex -1.666042014611594 3 1.2783990009183135
    endloop
  endfacet
  facet normal 0.9807852804032305 0 0.19509032201612797
    outer loop
      vertex -2.0284442352070435 2.8 -0.5435199947152936
      vertex -2.0284442352070435 3 -0.5435199947152936
      vertex -2.082034208885002 2.8 -0.2741050036621083
    endloop
  endfacet
  facet normal 0.9469301294951056 0 0.32143946530316203
    outer loop
      vertex -2.0284442352070435 2.8 -0.5435199947152936
      vertex -1.9401470182737022 3 -0.8036352079666885
      vertex -2.0284442352070435 3 -0.5435199947152936
    endloop
  endfacet
  facet normal 0.7518398074789775 0 0.6593458151000686
    outer loop
      vertex -1.48492424049175 2.8 -1.48492424049175
      vertex -1.48492424049175 3 -1.48492424049175
      vertex -1.666042014611594 2.8 -1.2783990009183135
    endloop
  endfacet
  facet normal 0.7518398074789775 0 0.6593458151000686
    outer loop
      vertex -1.666042014611594 2.8 -1.2783990009183135
      vertex -1.48492424049175 3 -1.48492424049175
      vertex -1.666042014611594 3 -1.2783990009183135
    endloop
  endfacet
  facet normal 0 1 0
    outer loop
      vertex -1.48492424049175 2.8 -1.48492424049175
      vertex -1.666042014611594 2.8 -1.2783990009183135
      vertex -1.034894429314825 2.8 -1.3487006784950997
    endloop
  endfacet
  facet normal 0.6593458151000686 0 0.7518398074789775
    outer loop
      vertex -1.48492424049175 2.8 -1.48492424049175
      vertex -1.2783990009183135 2.8 -1.666042014611594
      vertex -1.2783990009183135 3 -1.666042014611594
    endloop
  endfacet
  facet normal 0 1 0
    outer loop
      vertex -1.48492424049175 2.8 -1.48492424049175
      vertex -0.6505618350206526 2.8 -1.5705952052691874
      vertex -1.2783990009183135 2.8 -1.666042014611594
    endloop
  endfacet
  facet normal 0 1 0
    outer loop
      vertex -1.48492424049175 2.8 -1.48492424049175
      vertex -1.034894429314825 2.8 -1.3487006784950997
      vertex -0.85 2.8 -1.4722431864335457
    endloop
  endfacet
  facet normal 0.5555702330196015 0 0.8314696123025458
    outer loop
      vertex -1.05 2.8 -1.818653347947321
      vertex -1.05 3 -1.818653347947321
      vertex -1.2783990009183135 2.8 -1.666042014611594
    endloop
  endfacet
  facet normal 0.6593458151000686 0 0.7518398074789775
    outer loop
      vertex -1.48492424049175 2.8 -1.48492424049175
      vertex -1.2783990009183135 3 -1.666042014611594
      vertex -1.48492424049175 3 -1.48492424049175
    endloop
  endfacet
  facet normal 0.5555702330196015 0 0.8314696123025458
    outer loop
      vertex -1.2783990009183135 2.8 -1.666042014611594
      vertex -1.05 3 -1.818653347947321
      vertex -1.2783990009183135 3 -1.666042014611594
    endloop
  endfacet
  facet normal 0 1 0
    outer loop
      vertex -1.9401470182737022 2.8 -0.8036352079666885
      vertex -1.4722431864335457 2.8 -0.85
      vertex -1.818653347947321 2.8 -1.05
    endloop
  endfacet
  facet normal 0.8968727415326881 0 0.44228869021900147
    outer loop
      vertex -1.9401470182737022 2.8 -0.8036352079666885
      vertex -1.818653347947321 2.8 -1.05
      vertex -1.818653347947321 3 -1.05
    endloop
  endfacet
  facet normal 0 1 0
    outer loop
      vertex -1.818653347947321 2.8 -1.05
      vertex -1.2020815280171309 2.8 -1.2020815280171309
      vertex -1.666042014611594 2.8 -1.2783990009183135
    endloop
  endfacet
  facet normal 0 1 0
    outer loop
      vertex -1.818653347947321 2.8 -1.05
      vertex -1.4722431864335457 2.8 -0.85
      vertex -1.3487006784950997 2.8 -1.034894429314825
    endloop
  endfacet
  facet normal 0.8314696123025458 0 0.5555702330196015
    outer loop
      vertex -1.818653347947321 2.8 -1.05
      vertex -1.666042014611594 2.8 -1.2783990009183135
      vertex -1.666042014611594 3 -1.2783990009183135
    endloop
  endfacet
  facet normal 0 1 0
    outer loop
      vertex -1.9401470182737022 2.8 -0.8036352079666885
      vertex -2.0284442352070435 2.8 -0.5435199947152936
      vertex -1.5705952052691874 2.8 -0.6505618350206526
    endloop
  endfacet
  facet normal 0 1 0
    outer loop
      vertex -2.0284442352070435 2.8 -0.5435199947152936
      vertex -2.082034208885002 2.8 -0.2741050036621083
      vertex -1.6420739046914161 2.8 -0.43999237667428526
    endloop
  endfacet
  facet normal 0 1 0
    outer loop
      vertex -2.0284442352070435 2.8 -0.5435199947152936
      vertex -1.6420739046914161 2.8 -0.43999237667428526
      vertex -1.5705952052691874 2.8 -0.6505618350206526
    endloop
  endfacet
  facet normal 0.9469301294951056 0 0.32143946530316203
    outer loop
      vertex -1.9401470182737022 2.8 -0.8036352079666885
      vertex -1.9401470182737022 3 -0.8036352079666885
      vertex -2.0284442352070435 2.8 -0.5435199947152936
    endloop
  endfacet
  facet normal 0 1 0
    outer loop
      vertex -1.9401470182737022 2.8 -0.8036352079666885
      vertex -1.5705952052691874 2.8 -0.6505618350206526
      vertex -1.4722431864335457 2.8 -0.85
    endloop
  endfacet
  facet normal 0.8314696123025458 0 0.5555702330196015
    outer loop
      vertex -1.818653347947321 2.8 -1.05
      vertex -1.666042014611594 3 -1.2783990009183135
      vertex -1.818653347947321 3 -1.05
    endloop
  endfacet
  facet normal 0.8968727415326881 0 0.44228869021900147
    outer loop
      vertex -1.9401470182737022 2.8 -0.8036352079666885
      vertex -1.818653347947321 3 -1.05
      vertex -1.9401470182737022 3 -0.8036352079666885
    endloop
  endfacet
  facet normal 0 1 0
    outer loop
      vertex -1.818653347947321 2.8 -1.05
      vertex -1.3487006784950997 2.8 -1.034894429314825
      vertex -1.2020815280171309 2.8 -1.2020815280171309
    endloop
  endfacet
  facet normal 0 1 0
    outer loop
      vertex -1.666042014611594 2.8 -1.2783990009183135
      vertex -1.2020815280171309 2.8 -1.2020815280171309
      vertex -1.034894429314825 2.8 -1.3487006784950997
    endloop
  endfacet
  facet normal 0.9978589232386035 0 0.06540312923014324
    outer loop
      vertex -2.082034208885002 2.8 -0.2741050036621083
      vertex -2.1 3 0
      vertex -2.1 2.8 0
    endloop
  endfacet
  facet normal 0.9978589232386035 0 -0.06540312923014324
    outer loop
      vertex -2.1 2.8 0
      vertex -2.1 3 0
      vertex -2.082034208885002 2.8 0.2741050036621083
    endloop
  endfacet
  facet normal 0.9807852804032305 0 -0.19509032201612797
    outer loop
      vertex -2.082034208885002 2.8 0.2741050036621083
      vertex -2.082034208885002 3 0.2741050036621083
      vertex -2.0284442352070435 2.8 0.5435199947152936
    endloop
  endfacet
  facet normal 0.9807852804032305 0 0.19509032201612797
    outer loop
      vertex -2.0284442352070435 3 -0.5435199947152936
      vertex -2.082034208885002 3 -0.2741050036621083
      vertex -2.082034208885002 2.8 -0.2741050036621083
    endloop
  endfacet
  facet normal 0.9978589232386035 0 0.06540312923014324
    outer loop
      vertex -2.082034208885002 2.8 -0.2741050036621083
      vertex -2.082034208885002 3 -0.2741050036621083
      vertex -2.1 3 0
    endloop
  endfacet
  facet normal 0.9978589232386035 0 -0.06540312923014324
    outer loop
      vertex -2.082034208885002 2.8 0.2741050036621083
      vertex -2.1 3 0
      vertex -2.082034208885002 3 0.2741050036621083
    endloop
  endfacet
  facet normal 0.9807852804032305 0 -0.19509032201612797
    outer loop
      vertex -2.0284442352070435 2.8 0.5435199947152936
      vertex -2.082034208885002 3 0.2741050036621083
      vertex -2.0284442352070435 3 0.5435199947152936
    endloop
  endfacet
  facet normal 0.9469301294951056 0 -0.32143946530316203
    outer loop
      vertex -2.0284442352070435 2.8 0.5435199947152936
      vertex -2.0284442352070435 3 0.5435199947152936
      vertex -1.9401470182737022 2.8 0.8036352079666885
    endloop
  endfacet
  facet normal 0 1 0
    outer loop
      vertex -2.082034208885002 2.8 -0.2741050036621083
      vertex -2.1 2.8 0
      vertex -1.6854562643354776 2.8 -0.22189452677408766
    endloop
  endfacet
  facet normal 0 1 0
    outer loop
      vertex -1.6420739046914161 2.8 -0.43999237667428526
      vertex -2.082034208885002 2.8 -0.2741050036621083
      vertex -1.6854562643354776 2.8 -0.22189452677408766
    endloop
  endfacet
  facet normal 0 1 0
    outer loop
      vertex -2.1 2.8 0
      vertex -1.7 2.8 0
      vertex -1.6854562643354776 2.8 -0.22189452677408766
    endloop
  endfacet
  facet normal 0 1 0
    outer loop
      vertex -2.1 2.8 0
      vertex -2.082034208885002 2.8 0.2741050036621083
      vertex -1.7 2.8 0
    endloop
  endfacet
  facet normal 0 1 0
    outer loop
      vertex -2.082034208885002 2.8 0.2741050036621083
      vertex -1.6854562643354776 2.8 0.22189452677408766
      vertex -1.7 2.8 0
    endloop
  endfacet
  facet normal 0 1 0
    outer loop
      vertex -2.082034208885002 2.8 0.2741050036621083
      vertex -2.0284442352070435 2.8 0.5435199947152936
      vertex -1.6854562643354776 2.8 0.22189452677408766
    endloop
  endfacet
  facet normal 0 1 0
    outer loop
      vertex -1.6854562643354776 2.8 0.22189452677408766
      vertex -2.0284442352070435 2.8 0.5435199947152936
      vertex -1.6420739046914161 2.8 0.43999237667428526
    endloop
  endfacet
  facet normal 0 1 0
    outer loop
      vertex -1.6420739046914161 2.8 0.43999237667428526
      vertex -2.0284442352070435 2.8 0.5435199947152936
      vertex -1.9401470182737022 2.8 0.8036352079666885
    endloop
  endfacet
  facet normal 0 1 0
    outer loop
      vertex -1.9401470182737022 2.8 0.8036352079666885
      vertex -1.818653347947321 2.8 1.05
      vertex -1.5705952052691874 2.8 0.6505618350206526
    endloop
  endfacet
  facet normal 0.8968727415326881 0 -0.44228869021900147
    outer loop
      vertex -1.9401470182737022 2.8 0.8036352079666885
      vertex -1.9401470182737022 3 0.8036352079666885
      vertex -1.818653347947321 2.8 1.05
    endloop
  endfacet
  facet normal 0 1 0
    outer loop
      vertex -1.6420739046914161 2.8 0.43999237667428526
      vertex -1.9401470182737022 2.8 0.8036352079666885
      vertex -1.5705952052691874 2.8 0.6505618350206526
    endloop
  endfacet
  facet normal 0 1 0
    outer loop
      vertex -1.5705952052691874 2.8 0.6505618350206526
      vertex -1.818653347947321 2.8 1.05
      vertex -1.4722431864335457 2.8 0.85
    endloop
  endfacet
  facet normal 0 1 0
    outer loop
      vertex -1.4722431864335457 2.8 0.85
      vertex -1.818653347947321 2.8 1.05
      vertex -1.3487006784950997 2.8 1.034894429314825
    endloop
  endfacet
  facet normal 0.8314696123025458 0 -0.5555702330196015
    outer loop
      vertex -1.818653347947321 2.8 1.05
      vertex -1.818653347947321 3 1.05
      vertex -1.666042014611594 2.8 1.2783990009183135
    endloop
  endfacet
  facet normal 0 1 0
    outer loop
      vertex -1.818653347947321 2.8 1.05
      vertex -1.666042014611594 2.8 1.2783990009183135
      vertex -1.3487006784950997 2.8 1.034894429314825
    endloop
  endfacet
  facet normal 0.7518398074789775 0 -0.6593458151000686
    outer loop
      vertex -1.666042014611594 2.8 1.2783990009183135
      vertex -1.666042014611594 3 1.2783990009183135
      vertex -1.48492424049175 2.8 1.48492424049175
    endloop
  endfacet
  facet normal 0.9469301294951056 0 -0.32143946530316203
    outer loop
      vertex -1.9401470182737022 2.8 0.8036352079666885
      vertex -2.0284442352070435 3 0.5435199947152936
      vertex -1.9401470182737022 3 0.8036352079666885
    endloop
  endfacet
  facet normal 0.8968727415326881 0 -0.44228869021900147
    outer loop
      vertex -1.818653347947321 2.8 1.05
      vertex -1.9401470182737022 3 0.8036352079666885
      vertex -1.818653347947321 3 1.05
    endloop
  endfacet
  facet normal 0.8314696123025458 0 -0.5555702330196015
    outer loop
      vertex -1.666042014611594 2.8 1.2783990009183135
      vertex -1.818653347947321 3 1.05
      vertex -1.666042014611594 3 1.2783990009183135
    endloop
  endfacet
  facet normal 0.7518398074789775 0 -0.6593458151000686
    outer loop
      vertex -1.666042014611594 3 1.2783990009183135
      vertex -1.48492424049175 3 1.48492424049175
      vertex -1.48492424049175 2.8 1.48492424049175
    endloop
  endfacet
  facet normal 0 1 0
    outer loop
      vertex -1.666042014611594 2.8 1.2783990009183135
      vertex -1.2020815280171309 2.8 1.2020815280171309
      vertex -1.3487006784950997 2.8 1.034894429314825
    endloop
  endfacet
  facet normal 0 1 0
    outer loop
      vertex -1.666042014611594 2.8 1.2783990009183135
      vertex -1.48492424049175 2.8 1.48492424049175
      vertex -1.2020815280171309 2.8 1.2020815280171309
    endloop
  endfacet
  facet normal 0 1 0
    outer loop
      vertex -1.48492424049175 2.8 1.48492424049175
      vertex -1.034894429314825 2.8 1.3487006784950997
      vertex -1.2020815280171309 2.8 1.2020815280171309
    endloop
  endfacet
  facet normal 0 1 0
    outer loop
      vertex -1.48492424049175 2.8 1.48492424049175
      vertex -0.85 2.8 1.4722431864335457
      vertex -1.034894429314825 2.8 1.3487006784950997
    endloop
  endfacet
  facet normal 0.6593458151000686 0 -0.7518398074789775
    outer loop
      vertex -1.48492424049175 2.8 1.48492424049175
      vertex -1.48492424049175 3 1.48492424049175
      vertex -1.2783990009183135 2.8 1.666042014611594
    endloop
  endfacet
  facet normal 0 1 0
    outer loop
      vertex -1.48492424049175 2.8 1.48492424049175
      vertex -1.2783990009183135 2.8 1.666042014611594
      vertex -0.85 2.8 1.4722431864335457
    endloop
  endfacet
  facet normal 0.5555702330196015 0 -0.8314696123025458
    outer loop
      vertex -1.2783990009183135 2.8 1.666042014611594
      vertex -1.2783990009183135 3 1.666042014611594
      vertex -1.05 2.8 1.818653347947321
    endloop
  endfacet
  facet normal 0.6593458151000686 0 -0.7518398074789775
    outer loop
      vertex -1.48492424049175 3 1.48492424049175
      vertex -1.2783990009183135 3 1.666042014611594
      vertex -1.2783990009183135 2.8 1.666042014611594
    endloop
  endfacet
  facet normal 0.5555702330196015 0 -0.8314696123025458
    outer loop
      vertex -1.05 2.8 1.818653347947321
      vertex -1.2783990009183135 3 1.666042014611594
      vertex -1.05 3 1.818653347947321
    endloop
  endfacet
  facet normal 0 1 0
    outer loop
      vertex -6 3 -1.6000000014901161
      vertex -2.600000001490116 3 6.899999998509884
      vertex 1.6000000014901161 3 6
    endloop
  endfacet
  facet normal 0.5555702330196026 0 0.831469612302545
    outer loop
      vertex -1.034894429314825 0.2 -1.3487006784950997
      vertex -0.85 0.2 -1.4722431864335457
      vertex -0.85 2.8 -1.4722431864335457
    endloop
  endfacet
  facet normal 0.44228869021900097 0 0.8968727415326885
    outer loop
      vertex -0.85 0.2 -1.4722431864335457
      vertex -0.6505618350206526 0.2 -1.5705952052691874
      vertex -0.6505618350206526 2.8 -1.5705952052691874
    endloop
  endfacet
  facet normal 0.3214394653031621 0 0.9469301294951054
    outer loop
      vertex -0.6505618350206526 0.2 -1.5705952052691874
      vertex -0.43999237667428526 0.2 -1.6420739046914161
      vertex -0.43999237667428526 2.8 -1.6420739046914161
    endloop
  endfacet
  facet normal 0.19509032201612758 0 0.9807852804032305
    outer loop
      vertex -0.43999237667428526 0.2 -1.6420739046914161
      vertex -0.22189452677408766 0.2 -1.6854562643354776
      vertex -0.22189452677408766 2.8 -1.6854562643354776
    endloop
  endfacet
  facet normal 0.06540312923014345 0 0.9978589232386034
    outer loop
      vertex -0.22189452677408766 0.2 -1.6854562643354776
      vertex 0 0.2 -1.7
      vertex 0 2.8 -1.7
    endloop
  endfacet
  facet normal -0.06540312923014345 0 0.9978589232386034
    outer loop
      vertex 0 0.2 -1.7
      vertex 0.22189452677408766 0.2 -1.6854562643354776
      vertex 0.22189452677408766 2.8 -1.6854562643354776
    endloop
  endfacet
  facet normal -0.19509032201612758 0 0.9807852804032305
    outer loop
      vertex 0.22189452677408766 0.2 -1.6854562643354776
      vertex 0.43999237667428526 0.2 -1.6420739046914161
      vertex 0.43999237667428526 2.8 -1.6420739046914161
    endloop
  endfacet
  facet normal -0.3214394653031621 0 0.9469301294951054
    outer loop
      vertex 0.43999237667428526 0.2 -1.6420739046914161
      vertex 0.6505618350206526 0.2 -1.5705952052691874
      vertex 0.6505618350206526 2.8 -1.5705952052691874
    endloop
  endfacet
  facet normal -0.44228869021900097 0 0.8968727415326885
    outer loop
      vertex 0.6505618350206526 0.2 -1.5705952052691874
      vertex 0.85 0.2 -1.4722431864335457
      vertex 0.85 2.8 -1.4722431864335457
    endloop
  endfacet
  facet normal 0.5555702330196026 0 -0.831469612302545
    outer loop
      vertex -1.034894429314825 0.2 1.3487006784950997
      vertex -1.034894429314825 2.8 1.3487006784950997
      vertex -0.85 0.2 1.4722431864335457
    endloop
  endfacet
  facet normal 0.5555702330196026 0 0.831469612302545
    outer loop
      vertex -1.034894429314825 0.2 -1.3487006784950997
      vertex -0.85 2.8 -1.4722431864335457
      vertex -1.034894429314825 2.8 -1.3487006784950997
    endloop
  endfacet
  facet normal 0.3214394653031621 0 0.9469301294951054
    outer loop
      vertex -0.6505618350206526 0.2 -1.5705952052691874
      vertex -0.43999237667428526 2.8 -1.6420739046914161
      vertex -0.6505618350206526 2.8 -1.5705952052691874
    endloop
  endfacet
  facet normal 0.44228869021900097 0 0.8968727415326885
    outer loop
      vertex -0.85 0.2 -1.4722431864335457
      vertex -0.6505618350206526 2.8 -1.5705952052691874
      vertex -0.85 2.8 -1.4722431864335457
    endloop
  endfacet
  facet normal 0.19509032201612758 0 0.9807852804032305
    outer loop
      vertex -0.43999237667428526 0.2 -1.6420739046914161
      vertex -0.22189452677408766 2.8 -1.6854562643354776
      vertex -0.43999237667428526 2.8 -1.6420739046914161
    endloop
  endfacet
  facet normal 0.06540312923014345 0 0.9978589232386034
    outer loop
      vertex -0.22189452677408766 0.2 -1.6854562643354776
      vertex 0 2.8 -1.7
      vertex -0.22189452677408766 2.8 -1.6854562643354776
    endloop
  endfacet
  facet normal -0.06540312923014345 0 0.9978589232386034
    outer loop
      vertex 0 0.2 -1.7
      vertex 0.22189452677408766 2.8 -1.6854562643354776
      vertex 0 2.8 -1.7
    endloop
  endfacet
  facet normal -0.19509032201612758 0 0.9807852804032305
    outer loop
      vertex 0.22189452677408766 0.2 -1.6854562643354776
      vertex 0.43999237667428526 2.8 -1.6420739046914161
      vertex 0.22189452677408766 2.8 -1.6854562643354776
    endloop
  endfacet
  facet normal -0.3214394653031621 0 0.9469301294951054
    outer loop
      vertex 0.43999237667428526 0.2 -1.6420739046914161
      vertex 0.6505618350206526 2.8 -1.5705952052691874
      vertex 0.43999237667428526 2.8 -1.6420739046914161
    endloop
  endfacet
  facet normal -0.44228869021900097 0 0.8968727415326885
    outer loop
      vertex 0.6505618350206526 0.2 -1.5705952052691874
      vertex 0.85 2.8 -1.4722431864335457
      vertex 0.6505618350206526 2.8 -1.5705952052691874
    endloop
  endfacet
  facet normal 0.5555702330196026 0 -0.831469612302545
    outer loop
      vertex -0.85 0.2 1.4722431864335457
      vertex -1.034894429314825 2.8 1.3487006784950997
      vertex -0.85 2.8 1.4722431864335457
    endloop
  endfacet
  facet normal -0.5555702330196026 0 0.831469612302545
    outer loop
      vertex 0.85 0.2 -1.4722431864335457
      vertex 1.034894429314825 0.2 -1.3487006784950997
      vertex 1.034894429314825 2.8 -1.3487006784950997
    endloop
  endfacet
  facet normal -0.6593458151000682 0 0.7518398074789782
    outer loop
      vertex 1.034894429314825 0.2 -1.3487006784950997
      vertex 1.2020815280171309 0.2 -1.2020815280171309
      vertex 1.2020815280171309 2.8 -1.2020815280171309
    endloop
  endfacet
  facet normal -0.7518398074789782 0 0.6593458151000682
    outer loop
      vertex 1.2020815280171309 0.2 -1.2020815280171309
      vertex 1.3487006784950997 0.2 -1.034894429314825
      vertex 1.3487006784950997 2.8 -1.034894429314825
    endloop
  endfacet
  facet normal -0.831469612302545 0 0.5555702330196026
    outer loop
      vertex 1.3487006784950997 0.2 -1.034894429314825
      vertex 1.4722431864335457 0.2 -0.85
      vertex 1.4722431864335457 2.8 -0.85
    endloop
  endfacet
  facet normal -0.8968727415326885 0 0.44228869021900097
    outer loop
      vertex 1.4722431864335457 0.2 -0.85
      vertex 1.5705952052691874 0.2 -0.6505618350206526
      vertex 1.5705952052691874 2.8 -0.6505618350206526
    endloop
  endfacet
  facet normal -0.9469301294951054 0 0.3214394653031621
    outer loop
      vertex 1.5705952052691874 0.2 -0.6505618350206526
      vertex 1.6420739046914161 0.2 -0.43999237667428526
      vertex 1.6420739046914161 2.8 -0.43999237667428526
    endloop
  endfacet
  facet normal -0.9807852804032305 0 0.19509032201612758
    outer loop
      vertex 1.6420739046914161 0.2 -0.43999237667428526
      vertex 1.6854562643354776 0.2 -0.22189452677408766
      vertex 1.6854562643354776 2.8 -0.22189452677408766
    endloop
  endfacet
  facet normal -0.9978589232386034 0 0.06540312923014345
    outer loop
      vertex 1.6854562643354776 0.2 -0.22189452677408766
      vertex 1.7 0.2 0
      vertex 1.7 2.8 0
    endloop
  endfacet
  facet normal -0.9978589232386034 0 -0.06540312923014345
    outer loop
      vertex 1.7 0.2 0
      vertex 1.6854562643354776 0.2 0.22189452677408766
      vertex 1.6854562643354776 2.8 0.22189452677408766
    endloop
  endfacet
  facet normal -0.9807852804032305 0 -0.19509032201612758
    outer loop
      vertex 1.6854562643354776 0.2 0.22189452677408766
      vertex 1.6420739046914161 0.2 0.43999237667428526
      vertex 1.6420739046914161 2.8 0.43999237667428526
    endloop
  endfacet
  facet normal -0.5555702330196026 0 -0.831469612302545
    outer loop
      vertex 1.034894429314825 0.2 1.3487006784950997
      vertex 0.85 0.2 1.4722431864335457
      vertex 0.85 2.8 1.4722431864335457
    endloop
  endfacet
  facet normal -0.6593458151000682 0 -0.7518398074789782
    outer loop
      vertex 1.034894429314825 0.2 1.3487006784950997
      vertex 1.034894429314825 2.8 1.3487006784950997
      vertex 1.2020815280171309 0.2 1.2020815280171309
    endloop
  endfacet
  facet normal -0.7518398074789782 0 -0.6593458151000682
    outer loop
      vertex 1.2020815280171309 0.2 1.2020815280171309
      vertex 1.2020815280171309 2.8 1.2020815280171309
      vertex 1.3487006784950997 0.2 1.034894429314825
    endloop
  endfacet
  facet normal -0.831469612302545 0 -0.5555702330196026
    outer loop
      vertex 1.4722431864335457 0.2 0.85
      vertex 1.3487006784950997 0.2 1.034894429314825
      vertex 1.3487006784950997 2.8 1.034894429314825
    endloop
  endfacet
  facet normal -0.8968727415326885 0 -0.44228869021900097
    outer loop
      vertex 1.4722431864335457 0.2 0.85
      vertex 1.4722431864335457 2.8 0.85
      vertex 1.5705952052691874 0.2 0.6505618350206526
    endloop
  endfacet
  facet normal -0.9469301294951054 0 -0.3214394653031621
    outer loop
      vertex 1.6420739046914161 0.2 0.43999237667428526
      vertex 1.5705952052691874 0.2 0.6505618350206526
      vertex 1.5705952052691874 2.8 0.6505618350206526
    endloop
  endfacet
  facet normal -0.5555702330196026 0 0.831469612302545
    outer loop
      vertex 0.85 0.2 -1.4722431864335457
      vertex 1.034894429314825 2.8 -1.3487006784950997
      vertex 0.85 2.8 -1.4722431864335457
    endloop
  endfacet
  facet normal -0.6593458151000682 0 0.7518398074789782
    outer loop
      vertex 1.034894429314825 0.2 -1.3487006784950997
      vertex 1.2020815280171309 2.8 -1.2020815280171309
      vertex 1.034894429314825 2.8 -1.3487006784950997
    endloop
  endfacet
  facet normal -0.7518398074789782 0 0.6593458151000682
    outer loop
      vertex 1.2020815280171309 0.2 -1.2020815280171309
      vertex 1.3487006784950997 2.8 -1.034894429314825
      vertex 1.2020815280171309 2.8 -1.2020815280171309
    endloop
  endfacet
  facet normal -0.831469612302545 0 0.5555702330196026
    outer loop
      vertex 1.3487006784950997 0.2 -1.034894429314825
      vertex 1.4722431864335457 2.8 -0.85
      vertex 1.3487006784950997 2.8 -1.034894429314825
    endloop
  endfacet
  facet normal -0.8968727415326885 0 0.44228869021900097
    outer loop
      vertex 1.4722431864335457 0.2 -0.85
      vertex 1.5705952052691874 2.8 -0.6505618350206526
      vertex 1.4722431864335457 2.8 -0.85
    endloop
  endfacet
  facet normal -0.9469301294951054 0 0.3214394653031621
    outer loop
      vertex 1.5705952052691874 0.2 -0.6505618350206526
      vertex 1.6420739046914161 2.8 -0.43999237667428526
      vertex 1.5705952052691874 2.8 -0.6505618350206526
    endloop
  endfacet
  facet normal -0.9807852804032305 0 0.19509032201612758
    outer loop
      vertex 1.6420739046914161 0.2 -0.43999237667428526
      vertex 1.6854562643354776 2.8 -0.22189452677408766
      vertex 1.6420739046914161 2.8 -0.43999237667428526
    endloop
  endfacet
  facet normal -0.9978589232386034 0 0.06540312923014345
    outer loop
      vertex 1.6854562643354776 0.2 -0.22189452677408766
      vertex 1.7 2.8 0
      vertex 1.6854562643354776 2.8 -0.22189452677408766
    endloop
  endfacet
  facet normal -0.9978589232386034 0 -0.06540312923014345
    outer loop
      vertex 1.7 0.2 0
      vertex 1.6854562643354776 2.8 0.22189452677408766
      vertex 1.7 2.8 0
    endloop
  endfacet
  facet normal -0.9807852804032305 0 -0.19509032201612758
    outer loop
      vertex 1.6854562643354776 0.2 0.22189452677408766
      vertex 1.6420739046914161 2.8 0.43999237667428526
      vertex 1.6854562643354776 2.8 0.22189452677408766
    endloop
  endfacet
  facet normal -0.9469301294951054 0 -0.3214394653031621
    outer loop
      vertex 1.6420739046914161 0.2 0.43999237667428526
      vertex 1.5705952052691874 2.8 0.6505618350206526
      vertex 1.6420739046914161 2.8 0.43999237667428526
    endloop
  endfacet
  facet normal -0.5555702330196026 0 -0.831469612302545
    outer loop
      vertex 1.034894429314825 0.2 1.3487006784950997
      vertex 0.85 2.8 1.4722431864335457
      vertex 1.034894429314825 2.8 1.3487006784950997
    endloop
  endfacet
  facet normal -0.7518398074789782 0 -0.6593458151000682
    outer loop
      vertex 1.3487006784950997 0.2 1.034894429314825
      vertex 1.2020815280171309 2.8 1.2020815280171309
      vertex 1.3487006784950997 2.8 1.034894429314825
    endloop
  endfacet
  facet normal -0.6593458151000682 0 -0.7518398074789782
    outer loop
      vertex 1.2020815280171309 0.2 1.2020815280171309
      vertex 1.034894429314825 2.8 1.3487006784950997
      vertex 1.2020815280171309 2.8 1.2020815280171309
    endloop
  endfacet
  facet normal -0.8968727415326885 0 -0.44228869021900097
    outer loop
      vertex 1.5705952052691874 0.2 0.6505618350206526
      vertex 1.4722431864335457 2.8 0.85
      vertex 1.5705952052691874 2.8 0.6505618350206526
    endloop
  endfacet
  facet normal -0.831469612302545 0 -0.5555702330196026
    outer loop
      vertex 1.4722431864335457 0.2 0.85
      vertex 1.3487006784950997 2.8 1.034894429314825
      vertex 1.4722431864335457 2.8 0.85
    endloop
  endfacet
  facet normal 0.44228869021900097 0 -0.8968727415326885
    outer loop
      vertex -0.85 0.2 1.4722431864335457
      vertex -0.85 2.8 1.4722431864335457
      vertex -0.6505618350206526 0.2 1.5705952052691874
    endloop
  endfacet
  facet normal 0.3214394653031621 0 -0.9469301294951054
    outer loop
      vertex -0.6505618350206526 0.2 1.5705952052691874
      vertex -0.6505618350206526 2.8 1.5705952052691874
      vertex -0.43999237667428526 0.2 1.6420739046914161
    endloop
  endfacet
  facet normal 0.19509032201612758 0 -0.9807852804032305
    outer loop
      vertex -0.43999237667428526 0.2 1.6420739046914161
      vertex -0.43999237667428526 2.8 1.6420739046914161
      vertex -0.22189452677408766 0.2 1.6854562643354776
    endloop
  endfacet
  facet normal 0.06540312923014345 0 -0.9978589232386034
    outer loop
      vertex -0.22189452677408766 0.2 1.6854562643354776
      vertex -0.22189452677408766 2.8 1.6854562643354776
      vertex 0 0.2 1.7
    endloop
  endfacet
  facet normal -0.06540312923014345 0 -0.9978589232386034
    outer loop
      vertex 0 0.2 1.7
      vertex 0 2.8 1.7
      vertex 0.22189452677408766 0.2 1.6854562643354776
    endloop
  endfacet
  facet normal -0.19509032201612758 0 -0.9807852804032305
    outer loop
      vertex 0.22189452677408766 0.2 1.6854562643354776
      vertex 0.22189452677408766 2.8 1.6854562643354776
      vertex 0.43999237667428526 0.2 1.6420739046914161
    endloop
  endfacet
  facet normal -0.3214394653031621 0 -0.9469301294951054
    outer loop
      vertex 0.43999237667428526 0.2 1.6420739046914161
      vertex 0.43999237667428526 2.8 1.6420739046914161
      vertex 0.6505618350206526 0.2 1.5705952052691874
    endloop
  endfacet
  facet normal -0.44228869021900097 0 -0.8968727415326885
    outer loop
      vertex 0.6505618350206526 0.2 1.5705952052691874
      vertex 0.6505618350206526 2.8 1.5705952052691874
      vertex 0.85 0.2 1.4722431864335457
    endloop
  endfacet
  facet normal 0.44228869021900097 0 -0.8968727415326885
    outer loop
      vertex -0.6505618350206526 0.2 1.5705952052691874
      vertex -0.85 2.8 1.4722431864335457
      vertex -0.6505618350206526 2.8 1.5705952052691874
    endloop
  endfacet
  facet normal 0.3214394653031621 0 -0.9469301294951054
    outer loop
      vertex -0.43999237667428526 0.2 1.6420739046914161
      vertex -0.6505618350206526 2.8 1.5705952052691874
      vertex -0.43999237667428526 2.8 1.6420739046914161
    endloop
  endfacet
  facet normal 0.19509032201612758 0 -0.9807852804032305
    outer loop
      vertex -0.22189452677408766 0.2 1.6854562643354776
      vertex -0.43999237667428526 2.8 1.6420739046914161
      vertex -0.22189452677408766 2.8 1.6854562643354776
    endloop
  endfacet
  facet normal 0.06540312923014345 0 -0.9978589232386034
    outer loop
      vertex 0 0.2 1.7
      vertex -0.22189452677408766 2.8 1.6854562643354776
      vertex 0 2.8 1.7
    endloop
  endfacet
  facet normal -0.06540312923014345 0 -0.9978589232386034
    outer loop
      vertex 0.22189452677408766 0.2 1.6854562643354776
      vertex 0 2.8 1.7
      vertex 0.22189452677408766 2.8 1.6854562643354776
    endloop
  endfacet
  facet normal -0.19509032201612758 0 -0.9807852804032305
    outer loop
      vertex 0.43999237667428526 0.2 1.6420739046914161
      vertex 0.22189452677408766 2.8 1.6854562643354776
      vertex 0.43999237667428526 2.8 1.6420739046914161
    endloop
  endfacet
  facet normal -0.3214394653031621 0 -0.9469301294951054
    outer loop
      vertex 0.6505618350206526 0.2 1.5705952052691874
      vertex 0.43999237667428526 2.8 1.6420739046914161
      vertex 0.6505618350206526 2.8 1.5705952052691874
    endloop
  endfacet
  facet normal -0.44228869021900097 0 -0.8968727415326885
    outer loop
      vertex 0.85 0.2 1.4722431864335457
      vertex 0.6505618350206526 2.8 1.5705952052691874
      vertex 0.85 2.8 1.4722431864335457
    endloop
  endfacet
  facet normal 0.44228869021900147 0 0.8968727415326881
    outer loop
      vertex -1.05 2.8 -1.818653347947321
      vertex -0.8036352079666885 2.8 -1.9401470182737022
      vertex -0.8036352079666885 3 -1.9401470182737022
    endloop
  endfacet
  facet normal 0.32143946530316203 0 0.9469301294951056
    outer loop
      vertex -0.8036352079666885 2.8 -1.9401470182737022
      vertex -0.5435199947152936 2.8 -2.0284442352070435
      vertex -0.5435199947152936 3 -2.0284442352070435
    endloop
  endfacet
  facet normal 0 1 0
    outer loop
      vertex -1.05 2.8 -1.818653347947321
      vertex -1.2783990009183135 2.8 -1.666042014611594
      vertex -0.22189452677408766 2.8 -1.6854562643354776
    endloop
  endfacet
  facet normal 0 1 0
    outer loop
      vertex -1.48492424049175 2.8 -1.48492424049175
      vertex -0.85 2.8 -1.4722431864335457
      vertex -0.6505618350206526 2.8 -1.5705952052691874
    endloop
  endfacet
  facet normal 0 1 0
    outer loop
      vertex -1.2783990009183135 2.8 -1.666042014611594
      vertex -0.6505618350206526 2.8 -1.5705952052691874
      vertex -0.43999237667428526 2.8 -1.6420739046914161
    endloop
  endfacet
  facet normal 0 1 0
    outer loop
      vertex -1.2783990009183135 2.8 -1.666042014611594
      vertex -0.43999237667428526 2.8 -1.6420739046914161
      vertex -0.22189452677408766 2.8 -1.6854562643354776
    endloop
  endfacet
  facet normal 0.44228869021900147 0 0.8968727415326881
    outer loop
      vertex -1.05 2.8 -1.818653347947321
      vertex -0.8036352079666885 3 -1.9401470182737022
      vertex -1.05 3 -1.818653347947321
    endloop
  endfacet
  facet normal 0.32143946530316203 0 0.9469301294951056
    outer loop
      vertex -0.8036352079666885 2.8 -1.9401470182737022
      vertex -0.5435199947152936 3 -2.0284442352070435
      vertex -0.8036352079666885 3 -1.9401470182737022
    endloop
  endfacet
  facet normal 0.19509032201612797 0 0.9807852804032305
    outer loop
      vertex -0.5435199947152936 2.8 -2.0284442352070435
      vertex -0.2741050036621083 2.8 -2.082034208885002
      vertex -0.2741050036621083 3 -2.082034208885002
    endloop
  endfacet
  facet normal 0 1 0
    outer loop
      vertex -0.5435199947152936 2.8 -2.0284442352070435
      vertex 0.5435199947152936 2.8 -2.0284442352070435
      vertex -0.2741050036621083 2.8 -2.082034208885002
    endloop
  endfacet
  facet normal 0 1 0
    outer loop
      vertex -1.05 2.8 -1.818653347947321
      vertex 1.05 2.8 -1.818653347947321
      vertex -0.8036352079666885 2.8 -1.9401470182737022
    endloop
  endfacet
  facet normal 0 1 0
    outer loop
      vertex -0.8036352079666885 2.8 -1.9401470182737022
      vertex 0.8036352079666885 2.8 -1.9401470182737022
      vertex -0.5435199947152936 2.8 -2.0284442352070435
    endloop
  endfacet
  facet normal 0.06540312923014324 0 0.9978589232386035
    outer loop
      vertex -0.2741050036621083 2.8 -2.082034208885002
      vertex 0 2.8 -2.1
      vertex 0 3 -2.1
    endloop
  endfacet
  facet normal 0 1 0
    outer loop
      vertex -1.05 2.8 -1.818653347947321
      vertex -0.22189452677408766 2.8 -1.6854562643354776
      vertex 0 2.8 -1.7
    endloop
  endfacet
  facet normal 0 1 0
    outer loop
      vertex -1.05 2.8 -1.818653347947321
      vertex 0 2.8 -1.7
      vertex 0.22189452677408766 2.8 -1.6854562643354776
    endloop
  endfacet
  facet normal 0.19509032201612797 0 0.9807852804032305
    outer loop
      vertex -0.5435199947152936 2.8 -2.0284442352070435
      vertex -0.2741050036621083 3 -2.082034208885002
      vertex -0.5435199947152936 3 -2.0284442352070435
    endloop
  endfacet
  facet normal 0.06540312923014324 0 0.9978589232386035
    outer loop
      vertex -0.2741050036621083 2.8 -2.082034208885002
      vertex 0 3 -2.1
      vertex -0.2741050036621083 3 -2.082034208885002
    endloop
  endfacet
  facet normal 0 1 0
    outer loop
      vertex -0.2741050036621083 2.8 -2.082034208885002
      vertex 0.2741050036621083 2.8 -2.082034208885002
      vertex 0 2.8 -2.1
    endloop
  endfacet
  facet normal 0 1 0
    outer loop
      vertex -0.2741050036621083 2.8 -2.082034208885002
      vertex 0.5435199947152936 2.8 -2.0284442352070435
      vertex 0.2741050036621083 2.8 -2.082034208885002
    endloop
  endfacet
  facet normal 0 1 0
    outer loop
      vertex -0.5435199947152936 2.8 -2.0284442352070435
      vertex 0.8036352079666885 2.8 -1.9401470182737022
      vertex 0.5435199947152936 2.8 -2.0284442352070435
    endloop
  endfacet
  facet normal 0 1 0
    outer loop
      vertex -0.8036352079666885 2.8 -1.9401470182737022
      vertex 1.05 2.8 -1.818653347947321
      vertex 0.8036352079666885 2.8 -1.9401470182737022
    endloop
  endfacet
  facet normal -0.06540312923014324 0 0.9978589232386035
    outer loop
      vertex 0 2.8 -2.1
      vertex 0.2741050036621083 2.8 -2.082034208885002
      vertex 0.2741050036621083 3 -2.082034208885002
    endloop
  endfacet
  facet normal 0 1 0
    outer loop
      vertex -1.05 2.8 -1.818653347947321
      vertex 0.22189452677408766 2.8 -1.6854562643354776
      vertex 1.2783990009183135 2.8 -1.666042014611594
    endloop
  endfacet
  facet normal -0.06540312923014324 0 0.9978589232386035
    outer loop
      vertex 0 2.8 -2.1
      vertex 0.2741050036621083 3 -2.082034208885002
      vertex 0 3 -2.1
    endloop
  endfacet
  facet normal -0.19509032201612797 0 0.9807852804032305
    outer loop
      vertex 0.2741050036621083 2.8 -2.082034208885002
      vertex 0.5435199947152936 3 -2.0284442352070435
      vertex 0.2741050036621083 3 -2.082034208885002
    endloop
  endfacet
  facet normal -0.19509032201612797 0 0.9807852804032305
    outer loop
      vertex 0.2741050036621083 2.8 -2.082034208885002
      vertex 0.5435199947152936 2.8 -2.0284442352070435
      vertex 0.5435199947152936 3 -2.0284442352070435
    endloop
  endfacet
  facet normal -0.32143946530316203 0 0.9469301294951056
    outer loop
      vertex 0.5435199947152936 2.8 -2.0284442352070435
      vertex 0.8036352079666885 2.8 -1.9401470182737022
      vertex 0.8036352079666885 3 -1.9401470182737022
    endloop
  endfacet
  facet normal 0 1 0
    outer loop
      vertex -1.05 2.8 -1.818653347947321
      vertex 1.2783990009183135 2.8 -1.666042014611594
      vertex 1.05 2.8 -1.818653347947321
    endloop
  endfacet
  facet normal 0 1 0
    outer loop
      vertex 0.22189452677408766 2.8 -1.6854562643354776
      vertex 0.43999237667428526 2.8 -1.6420739046914161
      vertex 1.2783990009183135 2.8 -1.666042014611594
    endloop
  endfacet
  facet normal 0 1 0
    outer loop
      vertex 0.43999237667428526 2.8 -1.6420739046914161
      vertex 0.6505618350206526 2.8 -1.5705952052691874
      vertex 1.2783990009183135 2.8 -1.666042014611594
    endloop
  endfacet
  facet normal -0.32143946530316203 0 0.9469301294951056
    outer loop
      vertex 0.5435199947152936 2.8 -2.0284442352070435
      vertex 0.8036352079666885 3 -1.9401470182737022
      vertex 0.5435199947152936 3 -2.0284442352070435
    endloop
  endfacet
  facet normal -0.44228869021900147 0 0.8968727415326881
    outer loop
      vertex 0.8036352079666885 2.8 -1.9401470182737022
      vertex 1.05 2.8 -1.818653347947321
      vertex 1.05 3 -1.818653347947321
    endloop
  endfacet
  facet normal 0 1 0
    outer loop
      vertex 0.6505618350206526 2.8 -1.5705952052691874
      vertex 0.85 2.8 -1.4722431864335457
      vertex 1.2783990009183135 2.8 -1.666042014611594
    endloop
  endfacet
  facet normal 0 1 0
    outer loop
      vertex 0.85 2.8 -1.4722431864335457
      vertex 1.48492424049175 2.8 -1.48492424049175
      vertex 1.2783990009183135 2.8 -1.666042014611594
    endloop
  endfacet
  facet normal 0 1 0
    outer loop
      vertex 0.85 2.8 -1.4722431864335457
      vertex 1.034894429314825 2.8 -1.3487006784950997
      vertex 1.48492424049175 2.8 -1.48492424049175
    endloop
  endfacet
  facet normal 0 1 0
    outer loop
      vertex 1.034894429314825 2.8 -1.3487006784950997
      vertex 1.2020815280171309 2.8 -1.2020815280171309
      vertex 1.48492424049175 2.8 -1.48492424049175
    endloop
  endfacet
  facet normal -0.5555702330196015 0 0.8314696123025458
    outer loop
      vertex 1.05 2.8 -1.818653347947321
      vertex 1.2783990009183135 2.8 -1.666042014611594
      vertex 1.2783990009183135 3 -1.666042014611594
    endloop
  endfacet
  facet normal -0.44228869021900147 0 0.8968727415326881
    outer loop
      vertex 0.8036352079666885 2.8 -1.9401470182737022
      vertex 1.05 3 -1.818653347947321
      vertex 0.8036352079666885 3 -1.9401470182737022
    endloop
  endfacet
  facet normal -0.5555702330196015 0 0.8314696123025458
    outer loop
      vertex 1.05 2.8 -1.818653347947321
      vertex 1.2783990009183135 3 -1.666042014611594
      vertex 1.05 3 -1.818653347947321
    endloop
  endfacet
  facet normal 0 1 0
    outer loop
      vertex 1.2020815280171309 2.8 -1.2020815280171309
      vertex 1.666042014611594 2.8 -1.2783990009183135
      vertex 1.48492424049175 2.8 -1.48492424049175
    endloop
  endfacet
  facet normal -0.6593458151000686 0 0.7518398074789775
    outer loop
      vertex 1.2783990009183135 2.8 -1.666042014611594
      vertex 1.48492424049175 2.8 -1.48492424049175
      vertex 1.48492424049175 3 -1.48492424049175
    endloop
  endfacet
  facet normal -0.7518398074789775 0 0.6593458151000686
    outer loop
      vertex 1.48492424049175 2.8 -1.48492424049175
      vertex 1.666042014611594 2.8 -1.2783990009183135
      vertex 1.666042014611594 3 -1.2783990009183135
    endloop
  endfacet
  facet normal -0.6593458151000686 0 0.7518398074789775
    outer loop
      vertex 1.2783990009183135 2.8 -1.666042014611594
      vertex 1.48492424049175 3 -1.48492424049175
      vertex 1.2783990009183135 3 -1.666042014611594
    endloop
  endfacet
  facet normal -0.7518398074789775 0 0.6593458151000686
    outer loop
      vertex 1.48492424049175 2.8 -1.48492424049175
      vertex 1.666042014611594 3 -1.2783990009183135
      vertex 1.48492424049175 3 -1.48492424049175
    endloop
  endfacet
  facet normal 0 1 0
    outer loop
      vertex 1.2020815280171309 2.8 -1.2020815280171309
      vertex 1.3487006784950997 2.8 -1.034894429314825
      vertex 1.666042014611594 2.8 -1.2783990009183135
    endloop
  endfacet
  facet normal 0 1 0
    outer loop
      vertex 1.3487006784950997 2.8 -1.034894429314825
      vertex 1.4722431864335457 2.8 -0.85
      vertex 1.818653347947321 2.8 -1.05
    endloop
  endfacet
  facet normal 0 1 0
    outer loop
      vertex 1.3487006784950997 2.8 -1.034894429314825
      vertex 1.818653347947321 2.8 -1.05
      vertex 1.666042014611594 2.8 -1.2783990009183135
    endloop
  endfacet
  facet normal -0.8314696123025458 0 0.5555702330196015
    outer loop
      vertex 1.666042014611594 2.8 -1.2783990009183135
      vertex 1.818653347947321 2.8 -1.05
      vertex 1.818653347947321 3 -1.05
    endloop
  endfacet
  facet normal 0 1 0
    outer loop
      vertex 1.4722431864335457 2.8 -0.85
      vertex 1.5705952052691874 2.8 -0.6505618350206526
      vertex 1.818653347947321 2.8 -1.05
    endloop
  endfacet
  facet normal 0 1 0
    outer loop
      vertex 1.5705952052691874 2.8 -0.6505618350206526
      vertex 1.9401470182737022 2.8 -0.8036352079666885
      vertex 1.818653347947321 2.8 -1.05
    endloop
  endfacet
  facet normal 0 1 0
    outer loop
      vertex 1.5705952052691874 2.8 -0.6505618350206526
      vertex 1.6420739046914161 2.8 -0.43999237667428526
      vertex 1.9401470182737022 2.8 -0.8036352079666885
    endloop
  endfacet
  facet normal 0 1 0
    outer loop
      vertex 1.6420739046914161 2.8 -0.43999237667428526
      vertex 1.6854562643354776 2.8 -0.22189452677408766
      vertex 2.0284442352070435 2.8 -0.5435199947152936
    endloop
  endfacet
  facet normal -0.8314696123025458 0 0.5555702330196015
    outer loop
      vertex 1.666042014611594 2.8 -1.2783990009183135
      vertex 1.818653347947321 3 -1.05
      vertex 1.666042014611594 3 -1.2783990009183135
    endloop
  endfacet
  facet normal -0.8968727415326881 0 0.44228869021900147
    outer loop
      vertex 1.818653347947321 2.8 -1.05
      vertex 1.9401470182737022 2.8 -0.8036352079666885
      vertex 1.9401470182737022 3 -0.8036352079666885
    endloop
  endfacet
  facet normal 0 1 0
    outer loop
      vertex 1.6420739046914161 2.8 -0.43999237667428526
      vertex 2.0284442352070435 2.8 -0.5435199947152936
      vertex 1.9401470182737022 2.8 -0.8036352079666885
    endloop
  endfacet
  facet normal -0.9469301294951056 0 0.32143946530316203
    outer loop
      vertex 1.9401470182737022 2.8 -0.8036352079666885
      vertex 2.0284442352070435 2.8 -0.5435199947152936
      vertex 2.0284442352070435 3 -0.5435199947152936
    endloop
  endfacet
  facet normal -0.8968727415326881 0 0.44228869021900147
    outer loop
      vertex 1.818653347947321 2.8 -1.05
      vertex 1.9401470182737022 3 -0.8036352079666885
      vertex 1.818653347947321 3 -1.05
    endloop
  endfacet
  facet normal -0.9469301294951056 0 0.32143946530316203
    outer loop
      vertex 1.9401470182737022 2.8 -0.8036352079666885
      vertex 2.0284442352070435 3 -0.5435199947152936
      vertex 1.9401470182737022 3 -0.8036352079666885
    endloop
  endfacet
  facet normal -0.9807852804032305 0 0.19509032201612797
    outer loop
      vertex 2.0284442352070435 2.8 -0.5435199947152936
      vertex 2.082034208885002 3 -0.2741050036621083
      vertex 2.0284442352070435 3 -0.5435199947152936
    endloop
  endfacet
  facet normal 0 1 0
    outer loop
      vertex 1.6854562643354776 2.8 0.22189452677408766
      vertex 1.6420739046914161 2.8 0.43999237667428526
      vertex 2.082034208885002 2.8 0.2741050036621083
    endloop
  endfacet
  facet normal 0 1 0
    outer loop
      vertex 1.034894429314825 2.8 1.3487006784950997
      vertex 0.85 2.8 1.4722431864335457
      vertex 1.48492424049175 2.8 1.48492424049175
    endloop
  endfacet
  facet normal 0 1 0
    outer loop
      vertex 1.034894429314825 2.8 1.3487006784950997
      vertex 1.666042014611594 2.8 1.2783990009183135
      vertex 1.2020815280171309 2.8 1.2020815280171309
    endloop
  endfacet
  facet normal 0 1 0
    outer loop
      vertex 1.4722431864335457 2.8 0.85
      vertex 1.3487006784950997 2.8 1.034894429314825
      vertex 1.818653347947321 2.8 1.05
    endloop
  endfacet
  facet normal 0 1 0
    outer loop
      vertex 1.4722431864335457 2.8 0.85
      vertex 1.9401470182737022 2.8 0.8036352079666885
      vertex 1.5705952052691874 2.8 0.6505618350206526
    endloop
  endfacet
  facet normal 0 1 0
    outer loop
      vertex 1.6420739046914161 2.8 0.43999237667428526
      vertex 1.5705952052691874 2.8 0.6505618350206526
      vertex 2.0284442352070435 2.8 0.5435199947152936
    endloop
  endfacet
  facet normal 0 1 0
    outer loop
      vertex 1.4722431864335457 2.8 0.85
      vertex 1.818653347947321 2.8 1.05
      vertex 1.9401470182737022 2.8 0.8036352079666885
    endloop
  endfacet
  facet normal 0 1 0
    outer loop
      vertex 1.2020815280171309 2.8 1.2020815280171309
      vertex 1.818653347947321 2.8 1.05
      vertex 1.3487006784950997 2.8 1.034894429314825
    endloop
  endfacet
  facet normal 0 1 0
    outer loop
      vertex 1.2020815280171309 2.8 1.2020815280171309
      vertex 1.666042014611594 2.8 1.2783990009183135
      vertex 1.818653347947321 2.8 1.05
    endloop
  endfacet
  facet normal 0 1 0
    outer loop
      vertex 1.034894429314825 2.8 1.3487006784950997
      vertex 1.48492424049175 2.8 1.48492424049175
      vertex 1.666042014611594 2.8 1.2783990009183135
    endloop
  endfacet
  facet normal -0.7518398074789775 0 -0.6593458151000686
    outer loop
      vertex 1.666042014611594 2.8 1.2783990009183135
      vertex 1.48492424049175 2.8 1.48492424049175
      vertex 1.48492424049175 3 1.48492424049175
    endloop
  endfacet
  facet normal -0.8314696123025458 0 -0.5555702330196015
    outer loop
      vertex 1.666042014611594 2.8 1.2783990009183135
      vertex 1.666042014611594 3 1.2783990009183135
      vertex 1.818653347947321 2.8 1.05
    endloop
  endfacet
  facet normal -0.8314696123025458 0 -0.5555702330196015
    outer loop
      vertex 1.818653347947321 2.8 1.05
      vertex 1.666042014611594 3 1.2783990009183135
      vertex 1.818653347947321 3 1.05
    endloop
  endfacet
  facet normal -0.7518398074789775 0 -0.6593458151000686
    outer loop
      vertex 1.666042014611594 2.8 1.2783990009183135
      vertex 1.48492424049175 3 1.48492424049175
      vertex 1.666042014611594 3 1.2783990009183135
    endloop
  endfacet
  facet normal 0 1 0
    outer loop
      vertex 1.6854562643354776 2.8 -0.22189452677408766
      vertex 1.7 2.8 0
      vertex 2.082034208885002 2.8 -0.2741050036621083
    endloop
  endfacet
  facet normal 0 1 0
    outer loop
      vertex 2.0284442352070435 2.8 -0.5435199947152936
      vertex 1.6854562643354776 2.8 -0.22189452677408766
      vertex 2.082034208885002 2.8 -0.2741050036621083
    endloop
  endfacet
  facet normal 0 1 0
    outer loop
      vertex 1.7 2.8 0
      vertex 1.6854562643354776 2.8 0.22189452677408766
      vertex 2.1 2.8 0
    endloop
  endfacet
  facet normal 0 1 0
    outer loop
      vertex 1.7 2.8 0
      vertex 2.1 2.8 0
      vertex 2.082034208885002 2.8 -0.2741050036621083
    endloop
  endfacet
  facet normal -0.9807852804032305 0 0.19509032201612797
    outer loop
      vertex 2.0284442352070435 2.8 -0.5435199947152936
      vertex 2.082034208885002 2.8 -0.2741050036621083
      vertex 2.082034208885002 3 -0.2741050036621083
    endloop
  endfacet
  facet normal -0.9978589232386035 0 0.06540312923014324
    outer loop
      vertex 2.082034208885002 2.8 -0.2741050036621083
      vertex 2.1 2.8 0
      vertex 2.1 3 0
    endloop
  endfacet
  facet normal 0 1 0
    outer loop
      vertex 1.6854562643354776 2.8 0.22189452677408766
      vertex 2.082034208885002 2.8 0.2741050036621083
      vertex 2.1 2.8 0
    endloop
  endfacet
  facet normal 0 1 0
    outer loop
      vertex 1.6420739046914161 2.8 0.43999237667428526
      vertex 2.0284442352070435 2.8 0.5435199947152936
      vertex 2.082034208885002 2.8 0.2741050036621083
    endloop
  endfacet
  facet normal -0.9978589232386035 0 -0.06540312923014324
    outer loop
      vertex 2.1 2.8 0
      vertex 2.082034208885002 2.8 0.2741050036621083
      vertex 2.082034208885002 3 0.2741050036621083
    endloop
  endfacet
  facet normal -0.9807852804032305 0 -0.19509032201612797
    outer loop
      vertex 2.082034208885002 2.8 0.2741050036621083
      vertex 2.0284442352070435 2.8 0.5435199947152936
      vertex 2.0284442352070435 3 0.5435199947152936
    endloop
  endfacet
  facet normal -0.9978589232386035 0 0.06540312923014324
    outer loop
      vertex 2.082034208885002 2.8 -0.2741050036621083
      vertex 2.1 3 0
      vertex 2.082034208885002 3 -0.2741050036621083
    endloop
  endfacet
  facet normal -0.9978589232386035 0 -0.06540312923014324
    outer loop
      vertex 2.1 2.8 0
      vertex 2.082034208885002 3 0.2741050036621083
      vertex 2.1 3 0
    endloop
  endfacet
  facet normal -0.9807852804032305 0 -0.19509032201612797
    outer loop
      vertex 2.082034208885002 2.8 0.2741050036621083
      vertex 2.0284442352070435 3 0.5435199947152936
      vertex 2.082034208885002 3 0.2741050036621083
    endloop
  endfacet
  facet normal 0 1 0
    outer loop
      vertex 1.5705952052691874 2.8 0.6505618350206526
      vertex 1.9401470182737022 2.8 0.8036352079666885
      vertex 2.0284442352070435 2.8 0.5435199947152936
    endloop
  endfacet
  facet normal -0.9469301294951056 0 -0.32143946530316203
    outer loop
      vertex 1.9401470182737022 2.8 0.8036352079666885
      vertex 1.9401470182737022 3 0.8036352079666885
      vertex 2.0284442352070435 2.8 0.5435199947152936
    endloop
  endfacet
  facet normal -0.8968727415326881 0 -0.44228869021900147
    outer loop
      vertex 1.9401470182737022 2.8 0.8036352079666885
      vertex 1.818653347947321 2.8 1.05
      vertex 1.818653347947321 3 1.05
    endloop
  endfacet
  facet normal -0.9469301294951056 0 -0.32143946530316203
    outer loop
      vertex 2.0284442352070435 2.8 0.5435199947152936
      vertex 1.9401470182737022 3 0.8036352079666885
      vertex 2.0284442352070435 3 0.5435199947152936
    endloop
  endfacet
  facet normal -0.8968727415326881 0 -0.44228869021900147
    outer loop
      vertex 1.9401470182737022 2.8 0.8036352079666885
      vertex 1.818653347947321 3 1.05
      vertex 1.9401470182737022 3 0.8036352079666885
    endloop
  endfacet
  facet normal 0 1 0
    outer loop
      vertex -1.2783990009183135 2.8 1.666042014611594
      vertex -0.6505618350206526 2.8 1.5705952052691874
      vertex -0.85 2.8 1.4722431864335457
    endloop
  endfacet
  facet normal 0.44228869021900147 0 -0.8968727415326881
    outer loop
      vertex -1.05 2.8 1.818653347947321
      vertex -1.05 3 1.818653347947321
      vertex -0.8036352079666885 2.8 1.9401470182737022
    endloop
  endfacet
  facet normal 0 1 0
    outer loop
      vertex -1.2783990009183135 2.8 1.666042014611594
      vertex -0.43999237667428526 2.8 1.6420739046914161
      vertex -0.6505618350206526 2.8 1.5705952052691874
    endloop
  endfacet
  facet normal 0 1 0
    outer loop
      vertex -1.2783990009183135 2.8 1.666042014611594
      vertex -0.22189452677408766 2.8 1.6854562643354776
      vertex -0.43999237667428526 2.8 1.6420739046914161
    endloop
  endfacet
  facet normal 0.32143946530316203 0 -0.9469301294951056
    outer loop
      vertex -0.8036352079666885 2.8 1.9401470182737022
      vertex -0.8036352079666885 3 1.9401470182737022
      vertex -0.5435199947152936 2.8 2.0284442352070435
    endloop
  endfacet
  facet normal 0.44228869021900147 0 -0.8968727415326881
    outer loop
      vertex -0.8036352079666885 2.8 1.9401470182737022
      vertex -1.05 3 1.818653347947321
      vertex -0.8036352079666885 3 1.9401470182737022
    endloop
  endfacet
  facet normal 0.32143946530316203 0 -0.9469301294951056
    outer loop
      vertex -0.5435199947152936 2.8 2.0284442352070435
      vertex -0.8036352079666885 3 1.9401470182737022
      vertex -0.5435199947152936 3 2.0284442352070435
    endloop
  endfacet
  facet normal 0 1 0
    outer loop
      vertex -1.2783990009183135 2.8 1.666042014611594
      vertex -1.05 2.8 1.818653347947321
      vertex 1.05 2.8 1.818653347947321
    endloop
  endfacet
  facet normal 0 1 0
    outer loop
      vertex -1.05 2.8 1.818653347947321
      vertex -0.8036352079666885 2.8 1.9401470182737022
      vertex 0.8036352079666885 2.8 1.9401470182737022
    endloop
  endfacet
  facet normal 0 1 0
    outer loop
      vertex -1.2783990009183135 2.8 1.666042014611594
      vertex 1.05 2.8 1.818653347947321
      vertex -0.22189452677408766 2.8 1.6854562643354776
    endloop
  endfacet
  facet normal 0.19509032201612797 0 -0.9807852804032305
    outer loop
      vertex -0.5435199947152936 2.8 2.0284442352070435
      vertex -0.5435199947152936 3 2.0284442352070435
      vertex -0.2741050036621083 2.8 2.082034208885002
    endloop
  endfacet
  facet normal 0 1 0
    outer loop
      vertex -0.8036352079666885 2.8 1.9401470182737022
      vertex -0.5435199947152936 2.8 2.0284442352070435
      vertex 0.5435199947152936 2.8 2.0284442352070435
    endloop
  endfacet
  facet normal 0 1 0
    outer loop
      vertex -0.5435199947152936 2.8 2.0284442352070435
      vertex -0.2741050036621083 2.8 2.082034208885002
      vertex 0.2741050036621083 2.8 2.082034208885002
    endloop
  endfacet
  facet normal 0.06540312923014324 0 -0.9978589232386035
    outer loop
      vertex -0.2741050036621083 2.8 2.082034208885002
      vertex -0.2741050036621083 3 2.082034208885002
      vertex 0 2.8 2.1
    endloop
  endfacet
  facet normal 0.19509032201612797 0 -0.9807852804032305
    outer loop
      vertex -0.5435199947152936 3 2.0284442352070435
      vertex -0.2741050036621083 3 2.082034208885002
      vertex -0.2741050036621083 2.8 2.082034208885002
    endloop
  endfacet
  facet normal 0.06540312923014324 0 -0.9978589232386035
    outer loop
      vertex 0 2.8 2.1
      vertex -0.2741050036621083 3 2.082034208885002
      vertex 0 3 2.1
    endloop
  endfacet
  facet normal 0 1 0
    outer loop
      vertex -6 3 -1.6000000014901161
      vertex 6.600000001490116 3 9.100000001490116
      vertex -1.48492424049175 3 1.48492424049175
    endloop
  endfacet
  facet normal 0 1 0
    outer loop
      vertex -1.05 2.8 1.818653347947321
      vertex 0.8036352079666885 2.8 1.9401470182737022
      vertex 1.05 2.8 1.818653347947321
    endloop
  endfacet
  facet normal 0 1 0
    outer loop
      vertex -0.22189452677408766 2.8 1.6854562643354776
      vertex 1.05 2.8 1.818653347947321
      vertex 0 2.8 1.7
    endloop
  endfacet
  facet normal 0 1 0
    outer loop
      vertex -0.2741050036621083 2.8 2.082034208885002
      vertex 0 2.8 2.1
      vertex 0.2741050036621083 2.8 2.082034208885002
    endloop
  endfacet
  facet normal 0 1 0
    outer loop
      vertex -0.5435199947152936 2.8 2.0284442352070435
      vertex 0.2741050036621083 2.8 2.082034208885002
      vertex 0.5435199947152936 2.8 2.0284442352070435
    endloop
  endfacet
  facet normal -0.06540312923014324 0 -0.9978589232386035
    outer loop
      vertex 0 2.8 2.1
      vertex 0 3 2.1
      vertex 0.2741050036621083 2.8 2.082034208885002
    endloop
  endfacet
  facet normal 0 1 0
    outer loop
      vertex -0.8036352079666885 2.8 1.9401470182737022
      vertex 0.5435199947152936 2.8 2.0284442352070435
      vertex 0.8036352079666885 2.8 1.9401470182737022
    endloop
  endfacet
  facet normal -0.19509032201612797 0 -0.9807852804032305
    outer loop
      vertex 0.2741050036621083 2.8 2.082034208885002
      vertex 0.2741050036621083 3 2.082034208885002
      vertex 0.5435199947152936 2.8 2.0284442352070435
    endloop
  endfacet
  facet normal -0.06540312923014324 0 -0.9978589232386035
    outer loop
      vertex 0.2741050036621083 2.8 2.082034208885002
      vertex 0 3 2.1
      vertex 0.2741050036621083 3 2.082034208885002
    endloop
  endfacet
  facet normal 0 1 0
    outer loop
      vertex 0 2.8 1.7
      vertex 1.05 2.8 1.818653347947321
      vertex 0.22189452677408766 2.8 1.6854562643354776
    endloop
  endfacet
  facet normal 0 1 0
    outer loop
      vertex 0.22189452677408766 2.8 1.6854562643354776
      vertex 1.2783990009183135 2.8 1.666042014611594
      vertex 0.43999237667428526 2.8 1.6420739046914161
    endloop
  endfacet
  facet normal 0 1 0
    outer loop
      vertex 0.43999237667428526 2.8 1.6420739046914161
      vertex 1.2783990009183135 2.8 1.666042014611594
      vertex 0.6505618350206526 2.8 1.5705952052691874
    endloop
  endfacet
  facet normal 0 1 0
    outer loop
      vertex 0.22189452677408766 2.8 1.6854562643354776
      vertex 1.05 2.8 1.818653347947321
      vertex 1.2783990009183135 2.8 1.666042014611594
    endloop
  endfacet
  facet normal -0.32143946530316203 0 -0.9469301294951056
    outer loop
      vertex 0.5435199947152936 2.8 2.0284442352070435
      vertex 0.5435199947152936 3 2.0284442352070435
      vertex 0.8036352079666885 2.8 1.9401470182737022
    endloop
  endfacet
  facet normal -0.19509032201612797 0 -0.9807852804032305
    outer loop
      vertex 0.2741050036621083 3 2.082034208885002
      vertex 0.5435199947152936 3 2.0284442352070435
      vertex 0.5435199947152936 2.8 2.0284442352070435
    endloop
  endfacet
  facet normal -0.32143946530316203 0 -0.9469301294951056
    outer loop
      vertex 0.8036352079666885 2.8 1.9401470182737022
      vertex 0.5435199947152936 3 2.0284442352070435
      vertex 0.8036352079666885 3 1.9401470182737022
    endloop
  endfacet
  facet normal 0 1 0
    outer loop
      vertex -6 3 -1.6000000014901161
      vertex 1.6000000014901161 3 6
      vertex 2.399999998509884 3 6
    endloop
  endfacet
  facet normal 0 1 0
    outer loop
      vertex 0.6505618350206526 2.8 1.5705952052691874
      vertex 1.48492424049175 2.8 1.48492424049175
      vertex 0.85 2.8 1.4722431864335457
    endloop
  endfacet
  facet normal -0.44228869021900147 0 -0.8968727415326881
    outer loop
      vertex 0.8036352079666885 2.8 1.9401470182737022
      vertex 0.8036352079666885 3 1.9401470182737022
      vertex 1.05 2.8 1.818653347947321
    endloop
  endfacet
  facet normal 0 1 0
    outer loop
      vertex 0.6505618350206526 2.8 1.5705952052691874
      vertex 1.2783990009183135 2.8 1.666042014611594
      vertex 1.48492424049175 2.8 1.48492424049175
    endloop
  endfacet
  facet normal -0.5555702330196015 0 -0.8314696123025458
    outer loop
      vertex 1.05 2.8 1.818653347947321
      vertex 1.05 3 1.818653347947321
      vertex 1.2783990009183135 2.8 1.666042014611594
    endloop
  endfacet
  facet normal -0.44228869021900147 0 -0.8968727415326881
    outer loop
      vertex 1.05 2.8 1.818653347947321
      vertex 0.8036352079666885 3 1.9401470182737022
      vertex 1.05 3 1.818653347947321
    endloop
  endfacet
  facet normal -0.5555702330196015 0 -0.8314696123025458
    outer loop
      vertex 1.2783990009183135 2.8 1.666042014611594
      vertex 1.05 3 1.818653347947321
      vertex 1.2783990009183135 3 1.666042014611594
    endloop
  endfacet
  facet normal -0.6593458151000686 0 -0.7518398074789775
    outer loop
      vertex 1.2783990009183135 2.8 1.666042014611594
      vertex 1.2783990009183135 3 1.666042014611594
      vertex 1.48492424049175 2.8 1.48492424049175
    endloop
  endfacet
  facet normal -0.6593458151000686 0 -0.7518398074789775
    outer loop
      vertex 1.2783990009183135 3 1.666042014611594
      vertex 1.48492424049175 3 1.48492424049175
      vertex 1.48492424049175 2.8 1.48492424049175
    endloop
  endfacet
  facet normal 0 1 0
    outer loop
      vertex -1.48492424049175 3 1.48492424049175
      vertex 6.600000001490116 3 9.100000001490116
      vertex -1.2783990009183135 3 1.666042014611594
    endloop
  endfacet
  facet normal 0 1 0
    outer loop
      vertex -1.2783990009183135 3 1.666042014611594
      vertex 6.600000001490116 3 9.100000001490116
      vertex -1.05 3 1.818653347947321
    endloop
  endfacet
  facet normal 0 1 0
    outer loop
      vertex -6 3 -1.6000000014901161
      vertex 2.399999998509884 3 6
      vertex 6.600000001490116 3 9.100000001490116
    endloop
  endfacet
  facet normal 0 1 0
    outer loop
      vertex -1.05 3 1.818653347947321
      vertex 6.600000001490116 3 9.100000001490116
      vertex -0.8036352079666885 3 1.9401470182737022
    endloop
  endfacet
  facet normal 0 1 0
    outer loop
      vertex -0.8036352079666885 3 1.9401470182737022
      vertex 6.600000001490116 3 9.100000001490116
      vertex -0.5435199947152936 3 2.0284442352070435
    endloop
  endfacet
  facet normal 0 1 0
    outer loop
      vertex -0.5435199947152936 3 2.0284442352070435
      vertex 6.600000001490116 3 6.899999998509884
      vertex -0.2741050036621083 3 2.082034208885002
    endloop
  endfacet
  facet normal 0 1 0
    outer loop
      vertex -0.2741050036621083 3 2.082034208885002
      vertex 6.600000001490116 3 6.899999998509884
      vertex 0 3 2.1
    endloop
  endfacet
  facet normal 0 1 0
    outer loop
      vertex 0 3 2.1
      vertex 6.600000001490116 3 6.899999998509884
      vertex 0.2741050036621083 3 2.082034208885002
    endloop
  endfacet
  facet normal 0 1 0
    outer loop
      vertex 0.2741050036621083 3 2.082034208885002
      vertex 6.600000001490116 3 6.899999998509884
      vertex 0.5435199947152936 3 2.0284442352070435
    endloop
  endfacet
  facet normal 0 1 0
    outer loop
      vertex 0.5435199947152936 3 2.0284442352070435
      vertex 6.600000001490116 3 6.899999998509884
      vertex 0.8036352079666885 3 1.9401470182737022
    endloop
  endfacet
  facet normal 0 1 0
    outer loop
      vertex -6.899999998509884 3 3.399999998509884
      vertex -3.399999998509884 3 6.899999998509884
      vertex -2.600000001490116 3 6.899999998509884
    endloop
  endfacet
  facet normal 0 0 1
    outer loop
      vertex -3.399999998509884 2.5999999999999996 6.899999998509884
      vertex -2.600000001490116 3 6.899999998509884
      vertex -3.399999998509884 3 6.899999998509884
    endloop
  endfacet
  facet normal 0 1 0
    outer loop
      vertex -3.399999998509884 3 6.899999998509884
      vertex -5 3 7.600000001490116
      vertex -5 3 8.399999998509884
    endloop
  endfacet
  facet normal 0 1 0
    outer loop
      vertex -3.399999998509884 3 6.899999998509884
      vertex -5 3 8.399999998509884
      vertex -3.399999998509884 3 9.100000001490116
    endloop
  endfacet
  facet normal 1 0 0
    outer loop
      vertex -3.399999998509884 2.5999999999999996 6.899999998509884
      vertex -3.399999998509884 3 6.899999998509884
      vertex -3.399999998509884 2.5999999999999996 9.100000001490116
    endloop
  endfacet
  facet normal 0 1 0
    outer loop
      vertex -3.399999998509884 2.5999999999999996 6.899999998509884
      vertex -3.399999998509884 2.5999999999999996 9.100000001490116
      vertex -2.600000001490116 2.5999999999999996 6.899999998509884
    endloop
  endfacet
  facet normal 1 0 0
    outer loop
      vertex -3.399999998509884 3 6.899999998509884
      vertex -3.399999998509884 3 9.100000001490116
      vertex -3.399999998509884 2.5999999999999996 9.100000001490116
    endloop
  endfacet
  facet normal 0 0 1
    outer loop
      vertex -3.399999998509884 2.5999999999999996 6.899999998509884
      vertex -2.600000001490116 2.5999999999999996 6.899999998509884
      vertex -2.600000001490116 3 6.899999998509884
    endloop
  endfacet
  facet normal 0 1 0
    outer loop
      vertex -2.600000001490116 2.5999999999999996 6.899999998509884
      vertex -3.399999998509884 2.5999999999999996 9.100000001490116
      vertex -2.600000001490116 2.5999999999999996 9.100000001490116
    endloop
  endfacet
  facet normal -1 0 0
    outer loop
      vertex -2.600000001490116 2.5999999999999996 6.899999998509884
      vertex -2.600000001490116 2.5999999999999996 9.100000001490116
      vertex -2.600000001490116 3 9.100000001490116
    endloop
  endfacet
  facet normal -1 0 0
    outer loop
      vertex -2.600000001490116 2.5999999999999996 6.899999998509884
      vertex -2.600000001490116 3 9.100000001490116
      vertex -2.600000001490116 3 6.899999998509884
    endloop
  endfacet
  facet normal 0 1 0
    outer loop
      vertex -2.600000001490116 3 6.899999998509884
      vertex -2.600000001490116 3 9.100000001490116
      vertex 1.6000000014901161 3 6
    endloop
  endfacet
  facet normal 0 1 0
    outer loop
      vertex -3.399999998509884 3 9.100000001490116
      vertex -6.899999998509884 3 13.399999998509884
      vertex -2.600000001490116 3 9.100000001490116
    endloop
  endfacet
  facet normal 0 0 -1
    outer loop
      vertex -3.399999998509884 2.5999999999999996 9.100000001490116
      vertex -3.399999998509884 3 9.100000001490116
      vertex -2.600000001490116 2.5999999999999996 9.100000001490116
    endloop
  endfacet
  facet normal 0 0 -1
    outer loop
      vertex -3.399999998509884 3 9.100000001490116
      vertex -2.600000001490116 3 9.100000001490116
      vertex -2.600000001490116 2.5999999999999996 9.100000001490116
    endloop
  endfacet
  facet normal 0 1 0
    outer loop
      vertex -2.600000001490116 3 9.100000001490116
      vertex -6.899999998509884 3 13.399999998509884
      vertex 1.6000000014901161 3 10
    endloop
  endfacet
  facet normal 0 1 0
    outer loop
      vertex -2.600000001490116 3 9.100000001490116
      vertex 1.6000000014901161 3 10
      vertex 1.6000000014901161 3 6
    endloop
  endfacet
  facet normal 0 0 1
    outer loop
      vertex 1.6000000014901161 2.5999999999999996 6
      vertex 2.399999998509884 2.5999999999999996 6
      vertex 2.399999998509884 3 6
    endloop
  endfacet
  facet normal 0 0 1
    outer loop
      vertex 1.6000000014901161 2.5999999999999996 6
      vertex 2.399999998509884 3 6
      vertex 1.6000000014901161 3 6
    endloop
  endfacet
  facet normal 1 0 0
    outer loop
      vertex 1.6000000014901161 2.5999999999999996 6
      vertex 1.6000000014901161 3 6
      vertex 1.6000000014901161 2.5999999999999996 10
    endloop
  endfacet
  facet normal 1 0 0
    outer loop
      vertex 1.6000000014901161 3 6
      vertex 1.6000000014901161 3 10
      vertex 1.6000000014901161 2.5999999999999996 10
    endloop
  endfacet
  facet normal 0 1 0
    outer loop
      vertex 1.6000000014901161 2.5999999999999996 6
      vertex 1.6000000014901161 2.5999999999999996 10
      vertex 2.399999998509884 2.5999999999999996 6
    endloop
  endfacet
  facet normal 0 1 0
    outer loop
      vertex 1.6000000014901161 2.5999999999999996 10
      vertex 2.399999998509884 2.5999999999999996 10
      vertex 2.399999998509884 2.5999999999999996 6
    endloop
  endfacet
  facet normal -1 0 0
    outer loop
      vertex 2.399999998509884 2.5999999999999996 6
      vertex 2.399999998509884 2.5999999999999996 10
      vertex 2.399999998509884 3 10
    endloop
  endfacet
  facet normal -1 0 0
    outer loop
      vertex 2.399999998509884 2.5999999999999996 6
      vertex 2.399999998509884 3 10
      vertex 2.399999998509884 3 6
    endloop
  endfacet
  facet normal 0 1 0
    outer loop
      vertex 1.6000000014901161 3 10
      vertex -6.899999998509884 3 13.399999998509884
      vertex 2.399999998509884 3 10
    endloop
  endfacet
  facet normal 0 0 -1
    outer loop
      vertex 1.6000000014901161 2.5999999999999996 10
      vertex 1.6000000014901161 3 10
      vertex 2.399999998509884 2.5999999999999996 10
    endloop
  endfacet
  facet normal 0 0 -1
    outer loop
      vertex 1.6000000014901161 3 10
      vertex 2.399999998509884 3 10
      vertex 2.399999998509884 2.5999999999999996 10
    endloop
  endfacet
  facet normal 0 1 0
    outer loop
      vertex -6.899999998509884 3 13.399999998509884
      vertex 11.243145748972893 3 13.199278563261032
      vertex 2.399999998509884 3 10
    endloop
  endfacet
  facet normal -0.8314696128569002 2.0942396070858236e-16 0.5555702321899513
    outer loop
      vertex -12.267156013128291 -3.3230447378299526 14.323044737829925
      vertex -12.031222432851791 0 14.676144294440746
      vertex -12.380207791924477 0 14.153850793838501
    endloop
  endfacet
  facet normal -0.872496009028081 2.2288023527661116e-16 0.48862123800554436
    outer loop
      vertex -11.787672056338202 -2.6763580160267644 15.11103478829804
      vertex -11.724291555583477 0 15.224208816885948
      vertex -12.031222432851791 0 14.676144294440746
    endloop
  endfacet
  facet normal -0.9081431722310622 2.4710231164679924e-16 0.4186597409951229
    outer loop
      vertex -11.574682026979547 -2.414009425388554 15.548736968504784
      vertex -11.461307488381863 0 15.794665351510048
      vertex -11.724291555583477 0 15.224208816885948
    endloop
  endfacet
  facet normal -0.938191337174888 -8.049038031758618e-17 0.3461170536827034
    outer loop
      vertex -11.381849317081146 -2.1958264309413087 16.010046151701506
      vertex -11.24389161914587 0 16.383996859192848
      vertex -11.461307488381863 0 15.794665351510048
    endloop
  endfacet
  facet normal -0.9624552373366495 -7.641151223375059e-17 0.2714404467341845
    outer loop
      vertex -11.213849077448515 -2.023910254192514 16.49051967827677
      vertex -11.073384389281273 0 16.988569900393486
      vertex -11.24389161914587 0 16.383996859192848
    endloop
  endfacet
  facet normal -0.9807852791575772 0 0.19509032827845
    outer loop
      vertex -11.073384389281273 -1.8994656635620686 16.988569900393486
      vertex -10.950837023556232 0 17.60465709120035
      vertex -11.073384389281273 0 16.988569900393486
    endloop
  endfacet
  facet normal -0.9930684568073581 0 0.11753739870463582
    outer loop
      vertex -10.950837023556232 -1.8194219516880226 17.60465709120035
      vertex -10.877005077898502 0 18.228460043668747
      vertex -10.950837023556232 0 17.60465709120035
    endloop
  endfacet
  facet normal -0.9992290365746289 0 0.039259807260591174
    outer loop
      vertex -10.877005077898502 -1.8112235222436415 18.228460043668747
      vertex -10.852343752980232 0 18.856132812798023
      vertex -10.877005077898502 0 18.228460043668747
    endloop
  endfacet
  facet normal -1 0 0
    outer loop
      vertex -10.852343752980232 -1.8999165419032016 19.014469674483838
      vertex -10.852343752980232 0 27.5
      vertex -10.852343752980232 0 18.856132812798023
    endloop
  endfacet
  facet normal -0.8314696128569002 0 0.5555702321899513
    outer loop
      vertex -12.380207791924477 0 14.153850793838501
      vertex -12.031222432851791 0 14.676144294440746
      vertex -12.380207791924477 3 14.153850793838501
    endloop
  endfacet
  facet normal -0.872496009028081 0 0.4886212380055444
    outer loop
      vertex -12.031222432851791 0 14.676144294440746
      vertex -11.724291555583477 0 15.224208816885948
      vertex -12.031222432851791 3 14.676144294440746
    endloop
  endfacet
  facet normal -0.9081431722310621 0 0.4186597409951228
    outer loop
      vertex -11.724291555583477 0 15.224208816885948
      vertex -11.461307488381863 0 15.794665351510048
      vertex -11.724291555583477 3 15.224208816885948
    endloop
  endfacet
  facet normal -0.9381913371748881 0 0.34611705368270346
    outer loop
      vertex -11.461307488381863 0 15.794665351510048
      vertex -11.24389161914587 0 16.383996859192848
      vertex -11.461307488381863 3 15.794665351510048
    endloop
  endfacet
  facet normal -0.9624552373366495 0 0.2714404467341845
    outer loop
      vertex -11.24389161914587 0 16.383996859192848
      vertex -11.073384389281273 0 16.988569900393486
      vertex -11.24389161914587 3 16.383996859192848
    endloop
  endfacet
  facet normal -0.9807852791575773 0 0.19509032827845002
    outer loop
      vertex -11.073384389281273 0 16.988569900393486
      vertex -10.950837023556232 0 17.60465709120035
      vertex -11.073384389281273 3 16.988569900393486
    endloop
  endfacet
  facet normal -0.993068456807358 0 0.11753739870463581
    outer loop
      vertex -10.950837023556232 0 17.60465709120035
      vertex -10.877005077898502 0 18.228460043668747
      vertex -10.950837023556232 3 17.60465709120035
    endloop
  endfacet
  facet normal -0.999229036574629 0 0.03925980726059118
    outer loop
      vertex -10.877005077898502 0 18.228460043668747
      vertex -10.852343752980232 0 18.856132812798023
      vertex -10.877005077898502 3 18.228460043668747
    endloop
  endfacet
  facet normal -0.8314696128569002 0 0.5555702321899513
    outer loop
      vertex -12.031222432851791 0 14.676144294440746
      vertex -12.031222432851791 3 14.676144294440746
      vertex -12.380207791924477 3 14.153850793838501
    endloop
  endfacet
  facet normal -0.872496009028081 0 0.4886212380055444
    outer loop
      vertex -11.724291555583477 0 15.224208816885948
      vertex -11.724291555583477 3 15.224208816885948
      vertex -12.031222432851791 3 14.676144294440746
    endloop
  endfacet
  facet normal -0.9081431722310621 0 0.4186597409951228
    outer loop
      vertex -11.461307488381863 0 15.794665351510048
      vertex -11.461307488381863 3 15.794665351510048
      vertex -11.724291555583477 3 15.224208816885948
    endloop
  endfacet
  facet normal -0.9381913371748881 0 0.34611705368270346
    outer loop
      vertex -11.24389161914587 0 16.383996859192848
      vertex -11.24389161914587 3 16.383996859192848
      vertex -11.461307488381863 3 15.794665351510048
    endloop
  endfacet
  facet normal 0 1 0
    outer loop
      vertex -13.195489503443241 3 13.199278563261032
      vertex -12.76909602433443 3 13.66054842621088
      vertex -8.609370902180672 3 12.600000001490116
    endloop
  endfacet
  facet normal 0 1 0
    outer loop
      vertex -12.76909602433443 3 13.66054842621088
      vertex -8.161349385976791 3 13.399999998509884
      vertex -8.609370902180672 3 12.600000001490116
    endloop
  endfacet
  facet normal 0 1 0
    outer loop
      vertex -12.76909602433443 3 13.66054842621088
      vertex -6.899999998509884 3 13.399999998509884
      vertex -8.161349385976791 3 13.399999998509884
    endloop
  endfacet
  facet normal -0.9624552373366495 0 0.2714404467341845
    outer loop
      vertex -11.073384389281273 0 16.988569900393486
      vertex -11.073384389281273 3 16.988569900393486
      vertex -11.24389161914587 3 16.383996859192848
    endloop
  endfacet
  facet normal -0.9807852791575773 0 0.19509032827845002
    outer loop
      vertex -10.950837023556232 0 17.60465709120035
      vertex -10.950837023556232 3 17.60465709120035
      vertex -11.073384389281273 3 16.988569900393486
    endloop
  endfacet
  facet normal -0.993068456807358 0 0.11753739870463581
    outer loop
      vertex -10.877005077898502 0 18.228460043668747
      vertex -10.877005077898502 3 18.228460043668747
      vertex -10.950837023556232 3 17.60465709120035
    endloop
  endfacet
  facet normal -0.999229036574629 0 0.03925980726059118
    outer loop
      vertex -10.852343752980232 0 18.856132812798023
      vertex -10.852343752980232 3 18.856132812798023
      vertex -10.877005077898502 3 18.228460043668747
    endloop
  endfacet
  facet normal 0 1 0
    outer loop
      vertex -10.950837023556232 3 17.60465709120035
      vertex -10.877005077898502 3 18.228460043668747
      vertex -6.92346853017807 3 17.600000001490116
    endloop
  endfacet
  facet normal 0 1 0
    outer loop
      vertex -10.877005077898502 3 18.228460043668747
      vertex -10.852343752980232 3 18.856132812798023
      vertex -6.886259019374847 3 17.91438153386116
    endloop
  endfacet
  facet normal 0.872496011213843 0 -0.48862123410258557
    outer loop
      vertex -8.609370902180672 2.5999999999999996 12.600000001490116
      vertex -8.609370902180672 3 12.600000001490116
      vertex -8.161349385976791 2.5999999999999996 13.399999998509884
    endloop
  endfacet
  facet normal 0 1 0
    outer loop
      vertex -8.609370902180672 2.5999999999999996 12.600000001490116
      vertex -8.161349385976791 2.5999999999999996 13.399999998509884
      vertex -6.899999998509884 2.5999999999999996 12.600000001490116
    endloop
  endfacet
  facet normal 0 0 -1
    outer loop
      vertex -8.161349385976791 2.5999999999999996 13.399999998509884
      vertex -8.161349385976791 3 13.399999998509884
      vertex -6.899999998509884 2.5999999999999996 13.399999998509884
    endloop
  endfacet
  facet normal 0.872496011213843 0 -0.48862123410258557
    outer loop
      vertex -8.609370902180672 3 12.600000001490116
      vertex -8.161349385976791 3 13.399999998509884
      vertex -8.161349385976791 2.5999999999999996 13.399999998509884
    endloop
  endfacet
  facet normal 0 1 0
    outer loop
      vertex -6.899999998509884 2.5999999999999996 12.600000001490116
      vertex -8.161349385976791 2.5999999999999996 13.399999998509884
      vertex -6.899999998509884 2.5999999999999996 13.399999998509884
    endloop
  endfacet
  facet normal -1 0 0
    outer loop
      vertex -6.899999998509884 2.5999999999999996 12.600000001490116
      vertex -6.899999998509884 2.5999999999999996 13.399999998509884
      vertex -6.899999998509884 3 13.399999998509884
    endloop
  endfacet
  facet normal 0 0 -1
    outer loop
      vertex -8.161349385976791 3 13.399999998509884
      vertex -6.899999998509884 3 13.399999998509884
      vertex -6.899999998509884 2.5999999999999996 13.399999998509884
    endloop
  endfacet
  facet normal -1 0 0
    outer loop
      vertex -6.899999998509884 2.5999999999999996 12.600000001490116
      vertex -6.899999998509884 3 13.399999998509884
      vertex -6.899999998509884 3 12.600000001490116
    endloop
  endfacet
  facet normal 0 1 0
    outer loop
      vertex -10.877005077898502 3 18.228460043668747
      vertex -6.886259019374847 3 17.91438153386116
      vertex -6.92346853017807 3 17.600000001490116
    endloop
  endfacet
  facet normal 0.9930684553384952 0 -0.11753741111499451
    outer loop
      vertex -6.92346853017807 2.5999999999999996 17.600000001490116
      vertex -6.92346853017807 3 17.600000001490116
      vertex -6.886259019374847 2.5999999999999996 17.91438153386116
    endloop
  endfacet
  facet normal 0.9992290365075346 0 -0.0392598089682585
    outer loop
      vertex -6.886259019374847 2.5999999999999996 17.91438153386116
      vertex -6.886259019374847 3 17.91438153386116
      vertex -6.867179021239281 2.5999999999999996 18.399999998509884
    endloop
  endfacet
  facet normal 0.9930684553384952 0 -0.11753741111499451
    outer loop
      vertex -6.886259019374847 2.5999999999999996 17.91438153386116
      vertex -6.92346853017807 3 17.600000001490116
      vertex -6.886259019374847 3 17.91438153386116
    endloop
  endfacet
  facet normal 0 1 0
    outer loop
      vertex -10.852343752980232 3 18.856132812798023
      vertex -6.867179021239281 3 18.399999998509884
      vertex -6.886259019374847 3 17.91438153386116
    endloop
  endfacet
  facet normal 0.9992290365075346 0 -0.0392598089682585
    outer loop
      vertex -6.867179021239281 2.5999999999999996 18.399999998509884
      vertex -6.886259019374847 3 17.91438153386116
      vertex -6.867179021239281 3 18.399999998509884
    endloop
  endfacet
  facet normal 0 1 0
    outer loop
      vertex -6.92346853017807 2.5999999999999996 17.600000001490116
      vertex -6.886259019374847 2.5999999999999996 17.91438153386116
      vertex -6 2.5999999999999996 17.600000001490116
    endloop
  endfacet
  facet normal 0 1 0
    outer loop
      vertex -6.886259019374847 2.5999999999999996 17.91438153386116
      vertex -6 2.5999999999999996 18.399999998509884
      vertex -6 2.5999999999999996 17.600000001490116
    endloop
  endfacet
  facet normal 0 0 1
    outer loop
      vertex -6.92346853017807 2.5999999999999996 17.600000001490116
      vertex -6 2.5999999999999996 17.600000001490116
      vertex -6 3 17.600000001490116
    endloop
  endfacet
  facet normal -1 0 0
    outer loop
      vertex -6 2.5999999999999996 17.600000001490116
      vertex -6 2.5999999999999996 18.399999998509884
      vertex -6 3 18.399999998509884
    endloop
  endfacet
  facet normal 0 0 1
    outer loop
      vertex -6.92346853017807 2.5999999999999996 17.600000001490116
      vertex -6 3 17.600000001490116
      vertex -6.92346853017807 3 17.600000001490116
    endloop
  endfacet
  facet normal -1 0 0
    outer loop
      vertex -6 2.5999999999999996 17.600000001490116
      vertex -6 3 18.399999998509884
      vertex -6 3 17.600000001490116
    endloop
  endfacet
  facet normal 0 1 0
    outer loop
      vertex -6.886259019374847 2.5999999999999996 17.91438153386116
      vertex -6.867179021239281 2.5999999999999996 18.399999998509884
      vertex -6 2.5999999999999996 18.399999998509884
    endloop
  endfacet
  facet normal 0 0 -1
    outer loop
      vertex -6.867179021239281 2.5999999999999996 18.399999998509884
      vertex -6.867179021239281 3 18.399999998509884
      vertex -6 2.5999999999999996 18.399999998509884
    endloop
  endfacet
  facet normal 0 0 -1
    outer loop
      vertex -6 2.5999999999999996 18.399999998509884
      vertex -6.867179021239281 3 18.399999998509884
      vertex -6 3 18.399999998509884
    endloop
  endfacet
  facet normal -1 0 0
    outer loop
      vertex -10.852343752980232 0 18.856132812798023
      vertex -10.852343752980232 0 27.5
      vertex -10.852343752980232 3 18.856132812798023
    endloop
  endfacet
  facet normal -1 0 0
    outer loop
      vertex -10.852343752980232 0 27.5
      vertex -10.852343752980232 3 27.5
      vertex -10.852343752980232 3 18.856132812798023
    endloop
  endfacet
  facet normal 0 0 1
    outer loop
      vertex -10.852343752980232 -0.02 27.5
      vertex 8.899999998509884 0 27.5
      vertex -10.852343752980232 0 27.5
    endloop
  endfacet
  facet normal 0 0 1
    outer loop
      vertex -10.852343752980232 -0.02 27.5
      vertex 8.899999998509884 -0.02 27.5
      vertex 8.899999998509884 0 27.5
    endloop
  endfacet
  facet normal 0 1 0
    outer loop
      vertex -12.76909602433443 3 13.66054842621088
      vertex -12.380207791924477 3 14.153850793838501
      vertex 10.816752277314663 3 13.66054842621088
    endloop
  endfacet
  facet normal 0 1 0
    outer loop
      vertex -12.380207791924477 3 14.153850793838501
      vertex -12.031222432851791 3 14.676144294440746
      vertex 10.427864044904709 3 14.153850793838501
    endloop
  endfacet
  facet normal 0 1 0
    outer loop
      vertex -12.031222432851791 3 14.676144294440746
      vertex -11.724291555583477 3 15.224208816885948
      vertex 10.078878685832024 3 14.676144294440746
    endloop
  endfacet
  facet normal 0 1 0
    outer loop
      vertex -11.724291555583477 3 15.224208816885948
      vertex -11.461307488381863 3 15.794665351510048
      vertex 9.77194780856371 3 15.224208816885948
    endloop
  endfacet
  facet normal 0 1 0
    outer loop
      vertex -11.461307488381863 3 15.794665351510048
      vertex -11.24389161914587 3 16.383996859192848
      vertex 9.508963741362095 3 15.794665351510048
    endloop
  endfacet
  facet normal 0 1 0
    outer loop
      vertex -12.76909602433443 3 13.66054842621088
      vertex 11.243145748972893 3 13.199278563261032
      vertex -6.899999998509884 3 13.399999998509884
    endloop
  endfacet
  facet normal 0 1 0
    outer loop
      vertex -11.24389161914587 3 16.383996859192848
      vertex -11.073384389281273 3 16.988569900393486
      vertex 9.121040634810925 3 16.988569900393486
    endloop
  endfacet
  facet normal 0 1 0
    outer loop
      vertex -11.073384389281273 3 16.988569900393486
      vertex -10.950837023556232 3 17.60465709120035
      vertex 9.121040634810925 3 16.988569900393486
    endloop
  endfacet
  facet normal 0 1 0
    outer loop
      vertex -10.852343752980232 3 18.856132812798023
      vertex 8.899999998509884 3 18.856132812798023
      vertex -6.867179021239281 3 18.399999998509884
    endloop
  endfacet
  facet normal 0 1 0
    outer loop
      vertex -10.950837023556232 3 17.60465709120035
      vertex -6.92346853017807 3 17.600000001490116
      vertex 9.121040634810925 3 16.988569900393486
    endloop
  endfacet
  facet normal 0 1 0
    outer loop
      vertex -6.92346853017807 3 17.600000001490116
      vertex -6 3 17.600000001490116
      vertex 9.121040634810925 3 16.988569900393486
    endloop
  endfacet
  facet normal 0 1 0
    outer loop
      vertex -6.867179021239281 3 18.399999998509884
      vertex 8.899999998509884 3 18.856132812798023
      vertex -6 3 18.399999998509884
    endloop
  endfacet
  facet normal 0 1 0
    outer loop
      vertex -11.724291555583477 3 15.224208816885948
      vertex 9.77194780856371 3 15.224208816885948
      vertex 10.078878685832024 3 14.676144294440746
    endloop
  endfacet
  facet normal 0 1 0
    outer loop
      vertex -11.461307488381863 3 15.794665351510048
      vertex 9.508963741362095 3 15.794665351510048
      vertex 9.77194780856371 3 15.224208816885948
    endloop
  endfacet
  facet normal 0 1 0
    outer loop
      vertex -11.24389161914587 3 16.383996859192848
      vertex 9.291547872126102 3 16.383996859192848
      vertex 9.508963741362095 3 15.794665351510048
    endloop
  endfacet
  facet normal 0 1 0
    outer loop
      vertex -6 3 17.600000001490116
      vertex -6 3 18.399999998509884
      vertex 8.998493276536465 3 17.60465709120035
    endloop
  endfacet
  facet normal 0 1 0
    outer loop
      vertex -11.24389161914587 3 16.383996859192848
      vertex 9.121040634810925 3 16.988569900393486
      vertex 9.291547872126102 3 16.383996859192848
    endloop
  endfacet
  facet normal 0 0 1
    outer loop
      vertex -10.852343752980232 0 27.5
      vertex 8.899999998509884 0 27.5
      vertex -10.852343752980232 3 27.5
    endloop
  endfacet
  facet normal 0 1 0
    outer loop
      vertex -10.852343752980232 3 18.856132812798023
      vertex -10.852343752980232 3 27.5
      vertex 8.899999998509884 3 18.856132812798023
    endloop
  endfacet
  facet normal 0 0 1
    outer loop
      vertex -10.852343752980232 3 27.5
      vertex 8.899999998509884 0 27.5
      vertex 8.899999998509884 3 27.5
    endloop
  endfacet
  facet normal 0 1 0
    outer loop
      vertex -10.852343752980232 3 27.5
      vertex 8.899999998509884 3 27.5
      vertex 8.899999998509884 3 18.856132812798023
    endloop
  endfacet
  facet normal 0 -1 0
    outer loop
      vertex 4.899999998509884 -6 -32
      vertex 5.213836379349232 -6 -31.987669333815575
      vertex 4.899999998509884 -6 -16.601431898772717
    endloop
  endfacet
  facet normal 0 -1 0
    outer loop
      vertex 5.213836379349232 -6 -31.987669333815575
      vertex 5.52573785930872 -6 -31.95075336098671
      vertex 4.899999998509884 -6 -16.601431898772717
    endloop
  endfacet
  facet normal 0 -1 0
    outer loop
      vertex 5.52573785930872 -6 -31.95075336098671
      vertex 5.833781458437443 -6 -31.88947968184948
      vertex 4.899999998509884 -6 -16.601431898772717
    endloop
  endfacet
  facet normal 0 -1 0
    outer loop
      vertex 5.833781458437443 -6 -31.88947968184948
      vertex 6.136067979037762 -6 -31.80422606319189
      vertex 4.899999998509884 -6 -16.601431898772717
    endloop
  endfacet
  facet normal 0 -1 0
    outer loop
      vertex 6.136067979037762 -6 -31.80422606319189
      vertex 6.430733732879162 -6 -31.695518128573895
      vertex 4.899999998509884 -6 -16.601431898772717
    endloop
  endfacet
  facet normal 0 -1 0
    outer loop
      vertex 6.430733732879162 -6 -31.695518128573895
      vertex 6.715962000191212 -6 -31.564026094973087
      vertex 4.899999998509884 -6 -16.601431898772717
    endloop
  endfacet
  facet normal 0 -1 0
    outer loop
      vertex 6.715962000191212 -6 -31.564026094973087
      vertex 6.989994257688522 -6 -31.41056066006422
      vertex 4.899999998509884 -6 -16.601431898772717
    endloop
  endfacet
  facet normal 0 -1 0
    outer loop
      vertex 6.989994257688522 -6 -31.41056066006422
      vertex 7.251141011714935 -6 -31.236067980527878
      vertex 4.899999998509884 -6 -16.601431898772717
    endloop
  endfacet
  facet normal 0 -1 0
    outer loop
      vertex 7.251141011714935 -6 -31.236067980527878
      vertex 7.497792191803455 -6 -31.04162386059761
      vertex 4.899999998509884 -6 -16.601431898772717
    endloop
  endfacet
  facet normal 0 -1 0
    outer loop
      vertex 7.497792191803455 -6 -31.04162386059761
      vertex 7.72842712700367 -6 -30.828427121043205
      vertex 4.899999998509884 -6 -16.601431898772717
    endloop
  endfacet
  facet normal 0 -1 0
    outer loop
      vertex 7.72842712700367 -6 -30.828427121043205
      vertex 7.941623859107494 -6 -30.59779219329357
      vertex 4.899999998509884 -6 -16.601431898772717
    endloop
  endfacet
  facet normal 0 -1 0
    outer loop
      vertex 7.941623859107494 -6 -30.59779219329357
      vertex 8.136067979037762 -6 -30.35114100575447
      vertex 4.899999998509884 -6 -16.601431898772717
    endloop
  endfacet
  facet normal 0 -1 0
    outer loop
      vertex 8.136067979037762 -6 -30.35114100575447
      vertex 8.310560658574104 -6 -30.08999425917864
      vertex 4.899999998509884 -6 -16.601431898772717
    endloop
  endfacet
  facet normal 0 -1 0
    outer loop
      vertex 8.310560658574104 -6 -30.08999425917864
      vertex 8.464026093482971 -6 -29.815962001681328
      vertex 4.899999998509884 -6 -16.601431898772717
    endloop
  endfacet
  facet normal 0 -1 0
    outer loop
      vertex 8.464026093482971 -6 -29.815962001681328
      vertex 8.595518127083778 -6 -29.530733726918697
      vertex 4.899999998509884 -6 -16.601431898772717
    endloop
  endfacet
  facet normal 0 -1 0
    outer loop
      vertex 8.595518127083778 -6 -29.530733726918697
      vertex 8.704226061701775 -6 -29.236067980527878
      vertex 4.899999998509884 -6 -16.601431898772717
    endloop
  endfacet
  facet normal 0 -1 0
    outer loop
      vertex 8.704226061701775 -6 -29.236067980527878
      vertex 8.789479680359364 -6 -28.93378145247698
      vertex 4.899999998509884 -6 -16.601431898772717
    endloop
  endfacet
  facet normal 0 -1 0
    outer loop
      vertex 8.789479680359364 -6 -28.93378145247698
      vertex 8.850753359496593 -6 -28.625737860798836
      vertex 4.899999998509884 -6 -16.601431898772717
    endloop
  endfacet
  facet normal 0 -1 0
    outer loop
      vertex 8.899999998509884 -6 -28
      vertex 5.267945520579815 -6 -16.267945520579815
      vertex 4.899999998509884 -6 -16.601431898772717
    endloop
  endfacet
  facet normal 0 -1 0
    outer loop
      vertex 8.850753359496593 -6 -28.625737860798836
      vertex 8.887669332325459 -6 -28.313836380839348
      vertex 4.899999998509884 -6 -16.601431898772717
    endloop
  endfacet
  facet normal 0 -1 0
    outer loop
      vertex 8.887669332325459 -6 -28.313836380839348
      vertex 8.899999998509884 -6 -28
      vertex 4.899999998509884 -6 -16.601431898772717
    endloop
  endfacet
  facet normal 0 -1 0
    outer loop
      vertex 8.899999998509884 -6 -28
      vertex 5.758927874267101 -6 -15.726229965686798
      vertex 5.267945520579815 -6 -16.267945520579815
    endloop
  endfacet
  facet normal 0 -1 0
    outer loop
      vertex 8.899999998509884 -6 -28
      vertex 8.899999998509884 -6 -15.145000003278255
      vertex 5.758927874267101 -6 -15.726229965686798
    endloop
  endfacet
  facet normal 0 -1 0
    outer loop
      vertex 5.758927874267101 -6 -15.726229965686798
      vertex 8.899999998509884 -6 -15.145000003278255
      vertex 6.194448612630367 -6 -15.138998232781887
    endloop
  endfacet
  facet normal 0 -1 0
    outer loop
      vertex 6.194448612630367 -6 -15.138998232781887
      vertex 8.899999998509884 -6 -15.145000003278255
      vertex 6.570313416421413 -6 -14.511905692517757
    endloop
  endfacet
  facet normal 0 -1 0
    outer loop
      vertex 6.570313416421413 -6 -14.511905692517757
      vertex 8.924661330878735 -6 -14.51732723414898
      vertex 6.882902517914772 -6 -13.850991569459438
    endloop
  endfacet
  facet normal 0 -1 0
    outer loop
      vertex 6.570313416421413 -6 -14.511905692517757
      vertex 8.899999998509884 -6 -15.145000003278255
      vertex 8.924661330878735 -6 -14.51732723414898
    endloop
  endfacet
  facet normal 0 -1 0
    outer loop
      vertex 6.882902517914772 -6 -13.850991569459438
      vertex 8.998493276536465 -6 -13.893524281680584
      vertex 7.1292055025696754 -6 -13.162620842456818
    endloop
  endfacet
  facet normal 0 -1 0
    outer loop
      vertex 6.882902517914772 -6 -13.850991569459438
      vertex 8.924661330878735 -6 -14.51732723414898
      vertex 8.998493276536465 -6 -13.893524281680584
    endloop
  endfacet
  facet normal 0 -1 0
    outer loop
      vertex 8.998493276536465 -6 -13.893524281680584
      vertex 9.121040634810925 -6 -13.277437090873718
      vertex 7.1292055025696754 -6 -13.162620842456818
    endloop
  endfacet
  facet normal 0 -1 0
    outer loop
      vertex 7.1292055025696754 -6 -13.162620842456818
      vertex 9.121040634810925 -6 -13.277437090873718
      vertex 7.306850336492062 -6 -12.453422896564007
    endloop
  endfacet
  facet normal 0 -1 0
    outer loop
      vertex 7.306850336492062 -6 -12.453422896564007
      vertex 9.291547872126102 -6 -12.6728640422225
      vertex 7.414126217365265 -6 -11.730227693915367
    endloop
  endfacet
  facet normal 0 -1 0
    outer loop
      vertex 7.414126217365265 -6 -11.730227693915367
      vertex 9.508963741362095 -6 -12.08353254199028
      vertex 7.450000002980232 -6 -11
    endloop
  endfacet
  facet normal 0 -1 0
    outer loop
      vertex 7.450000002980232 -6 -11
      vertex 9.77194780856371 -6 -11.5130759999156
      vertex 7.414126217365265 -6 -10.269772306084633
    endloop
  endfacet
  facet normal 0 -1 0
    outer loop
      vertex 7.414126217365265 -6 -10.269772306084633
      vertex 10.427864044904709 -6 -10.442717984318733
      vertex 7.306850336492062 -6 -9.546577103435993
    endloop
  endfacet
  facet normal 0 -1 0
    outer loop
      vertex 7.306850336492062 -6 -12.453422896564007
      vertex 9.121040634810925 -6 -13.277437090873718
      vertex 9.291547872126102 -6 -12.6728640422225
    endloop
  endfacet
  facet normal 0 -1 0
    outer loop
      vertex 7.414126217365265 -6 -11.730227693915367
      vertex 9.291547872126102 -6 -12.6728640422225
      vertex 9.508963741362095 -6 -12.08353254199028
    endloop
  endfacet
  facet normal 0 -1 0
    outer loop
      vertex 7.450000002980232 -6 -11
      vertex 9.508963741362095 -6 -12.08353254199028
      vertex 9.77194780856371 -6 -11.5130759999156
    endloop
  endfacet
  facet normal 0 -1 0
    outer loop
      vertex 7.414126217365265 -6 -10.269772306084633
      vertex 9.77194780856371 -6 -11.5130759999156
      vertex 10.078878685832024 -6 -10.965011484920979
    endloop
  endfacet
  facet normal 0 -1 0
    outer loop
      vertex 7.414126217365265 -6 -10.269772306084633
      vertex 10.078878685832024 -6 -10.965011484920979
      vertex 10.427864044904709 -6 -10.442717984318733
    endloop
  endfacet
  facet normal 0 -1 0
    outer loop
      vertex 7.306850336492062 -6 -9.546577103435993
      vertex 10.427864044904709 -6 -10.442717984318733
      vertex 10.816752277314663 -6 -9.949415616691113
    endloop
  endfacet
  facet normal 0 -1 0
    outer loop
      vertex 5.758927874267101 -6 -6.273770034313202
      vertex 6.194448612630367 -6 -6.861001767218113
      vertex 5.881997220218182 -6 -5.003709740936756
    endloop
  endfacet
  facet normal 0 -1 0
    outer loop
      vertex 5.758927874267101 -6 -6.273770034313202
      vertex 5.536843858659267 -6 -5.520268253982067
      vertex 5.3744520246982574 -6 -5.849566303193569
    endloop
  endfacet
  facet normal 0 -1 0
    outer loop
      vertex 5.758927874267101 -6 -6.273770034313202
      vertex 5.881997220218182 -6 -5.003709740936756
      vertex 5.536843858659267 -6 -5.520268253982067
    endloop
  endfacet
  facet normal 0 -1 0
    outer loop
      vertex 7.306850336492062 -6 -9.546577103435993
      vertex 10.816752277314663 -6 -9.949415616691113
      vertex 7.1292055025696754 -6 -8.837379157543182
    endloop
  endfacet
  facet normal 0 -1 0
    outer loop
      vertex 6.882902517914772 -6 -8.149008430540562
      vertex 7.1292055025696754 -6 -8.837379157543182
      vertex 11.243145748972893 -6 -9.488145753741264
    endloop
  endfacet
  facet normal 0 -1 0
    outer loop
      vertex 6.882902517914772 -6 -8.149008430540562
      vertex 11.704415611922741 -6 -9.061752274632454
      vertex 6.570313416421413 -6 -7.488094307482243
    endloop
  endfacet
  facet normal 0 -1 0
    outer loop
      vertex 6.570313416421413 -6 -7.488094307482243
      vertex 12.197717979550362 -6 -8.6728640422225
      vertex 6.194448612630367 -6 -6.861001767218113
    endloop
  endfacet
  facet normal 0 -1 0
    outer loop
      vertex 5.881997220218182 -6 -5.003709740936756
      vertex 6.194448612630367 -6 -6.861001767218113
      vertex 12.720011480152607 -6 -8.323878683149815
    endloop
  endfacet
  facet normal 0 -1 0
    outer loop
      vertex 7.1292055025696754 -6 -8.837379157543182
      vertex 10.816752277314663 -6 -9.949415616691113
      vertex 11.243145748972893 -6 -9.488145753741264
    endloop
  endfacet
  facet normal 0 -1 0
    outer loop
      vertex 6.882902517914772 -6 -8.149008430540562
      vertex 11.243145748972893 -6 -9.488145753741264
      vertex 11.704415611922741 -6 -9.061752274632454
    endloop
  endfacet
  facet normal 0 -1 0
    outer loop
      vertex 6.570313416421413 -6 -7.488094307482243
      vertex 11.704415611922741 -6 -9.061752274632454
      vertex 12.197717979550362 -6 -8.6728640422225
    endloop
  endfacet
  facet normal 0 -1 0
    outer loop
      vertex 5.881997220218182 -6 -5.003709740936756
      vertex 12.720011480152607 -6 -8.323878683149815
      vertex 6.291622087359428 -6 -4.5366220921278
    endloop
  endfacet
  facet normal 0 -1 0
    outer loop
      vertex 6.291622087359428 -6 -4.5366220921278
      vertex 12.720011480152607 -6 -8.323878683149815
      vertex 6.7587097361683846 -6 -4.126997224986553
    endloop
  endfacet
  facet normal 0 -1 0
    outer loop
      vertex 6.7587097361683846 -6 -4.126997224986553
      vertex 12.720011480152607 -6 -8.323878683149815
      vertex 7.2752682492136955 -6 -3.781843863427639
    endloop
  endfacet
  facet normal 0 -1 0
    outer loop
      vertex 7.2752682492136955 -6 -3.781843863427639
      vertex 12.720011480152607 -6 -8.323878683149815
      vertex 7.832458935678005 -6 -3.507067821919918
    endloop
  endfacet
  facet normal 0 -1 0
    outer loop
      vertex 7.832458935678005 -6 -3.507067821919918
      vertex 12.720011480152607 -6 -8.323878683149815
      vertex 8.420748390257359 -6 -3.307370461523533
    endloop
  endfacet
  facet normal 0 -1 0
    outer loop
      vertex 8.420748390257359 -6 -3.307370461523533
      vertex 12.720011480152607 -6 -8.323878683149815
      vertex 9.03007061779499 -6 -3.1861687302589417
    endloop
  endfacet
  facet normal 0 -1 0
    outer loop
      vertex 6.194448612630367 -6 -6.861001767218113
      vertex 12.197717979550362 -6 -8.6728640422225
      vertex 12.720011480152607 -6 -8.323878683149815
    endloop
  endfacet
  facet normal 0 -1 0
    outer loop
      vertex 9.658184111118317 -6 -3.1450000032782555
      vertex 12.720011480152607 -6 -8.323878683149815
      vertex 13.268076002597809 -6 -8.0169478058815
    endloop
  endfacet
  facet normal 0 -1 0
    outer loop
      vertex 9.658184111118317 -6 -3.1450000032782555
      vertex 13.268076002597809 -6 -8.0169478058815
      vertex 13.83853254467249 -6 -7.753963738679886
    endloop
  endfacet
  facet normal 0 -1 0
    outer loop
      vertex 9.658184111118317 -6 -3.1450000032782555
      vertex 13.83853254467249 -6 -7.753963738679886
      vertex 14.427864044904709 -6 -7.536547869443893
    endloop
  endfacet
  facet normal 0 -1 0
    outer loop
      vertex 9.658184111118317 -6 -3.1450000032782555
      vertex 14.427864044904709 -6 -7.536547869443893
      vertex 15.032437086105347 -6 -7.366040639579296
    endloop
  endfacet
  facet normal 0 -1 0
    outer loop
      vertex 9.03007061779499 -6 -3.1861687302589417
      vertex 12.720011480152607 -6 -8.323878683149815
      vertex 9.658184111118317 -6 -3.1450000032782555
    endloop
  endfacet
  facet normal 0 -1 0
    outer loop
      vertex 9.658184111118317 -6 -3.1450000032782555
      vertex 15.032437086105347 -6 -7.366040639579296
      vertex 15.648524276912212 -6 -7.243493273854256
    endloop
  endfacet
  facet normal 0 -1 0
    outer loop
      vertex 16.272327236831188 -6 -7.169661328196526
      vertex 16.899999998509884 -6 -7.1450000032782555
      vertex 30.08999425917864 -6 -6.555560655891895
    endloop
  endfacet
  facet normal 0 -1 0
    outer loop
      vertex 15.648524276912212 -6 -7.243493273854256
      vertex 16.272327236831188 -6 -7.169661328196526
      vertex 31.41056066006422 -6 -5.234994262456894
    endloop
  endfacet
  facet normal 0 -1 0
    outer loop
      vertex 9.658184111118317 -6 -3.1450000032782555
      vertex 15.648524276912212 -6 -7.243493273854256
      vertex 32 -6 -3.1450000032782555
    endloop
  endfacet
  facet normal 0 -1 0
    outer loop
      vertex 16.899999998509884 -6 -7.1450000032782555
      vertex 28 -6 -7.1450000032782555
      vertex 28.313836380839348 -6 -7.13266933709383
    endloop
  endfacet
  facet normal 0 -1 0
    outer loop
      vertex 16.899999998509884 -6 -7.1450000032782555
      vertex 28.313836380839348 -6 -7.13266933709383
      vertex 28.625737860798836 -6 -7.095753364264965
    endloop
  endfacet
  facet normal 0 -1 0
    outer loop
      vertex 16.899999998509884 -6 -7.1450000032782555
      vertex 28.625737860798836 -6 -7.095753364264965
      vertex 28.93378145247698 -6 -7.034479685127735
    endloop
  endfacet
  facet normal 0 -1 0
    outer loop
      vertex 16.899999998509884 -6 -7.1450000032782555
      vertex 28.93378145247698 -6 -7.034479685127735
      vertex 29.236067980527878 -6 -6.949226066470146
    endloop
  endfacet
  facet normal 0 -1 0
    outer loop
      vertex 16.899999998509884 -6 -7.1450000032782555
      vertex 29.236067980527878 -6 -6.949226066470146
      vertex 29.530733726918697 -6 -6.84051813185215
    endloop
  endfacet
  facet normal 0 -1 0
    outer loop
      vertex 16.899999998509884 -6 -7.1450000032782555
      vertex 29.530733726918697 -6 -6.84051813185215
      vertex 29.815962001681328 -6 -6.709026098251343
    endloop
  endfacet
  facet normal 0 -1 0
    outer loop
      vertex 16.899999998509884 -6 -7.1450000032782555
      vertex 29.815962001681328 -6 -6.709026098251343
      vertex 30.08999425917864 -6 -6.555560655891895
    endloop
  endfacet
  facet normal 0 -1 0
    outer loop
      vertex 16.272327236831188 -6 -7.169661328196526
      vertex 30.08999425917864 -6 -6.555560655891895
      vertex 30.35114100575447 -6 -6.381067976355553
    endloop
  endfacet
  facet normal 0 -1 0
    outer loop
      vertex 16.272327236831188 -6 -7.169661328196526
      vertex 30.35114100575447 -6 -6.381067976355553
      vertex 30.59779219329357 -6 -6.186623863875866
    endloop
  endfacet
  facet normal 0 -1 0
    outer loop
      vertex 16.272327236831188 -6 -7.169661328196526
      vertex 30.59779219329357 -6 -6.186623863875866
      vertex 30.828427121043205 -6 -5.973427124321461
    endloop
  endfacet
  facet normal 0 -1 0
    outer loop
      vertex 16.272327236831188 -6 -7.169661328196526
      vertex 30.828427121043205 -6 -5.973427124321461
      vertex 31.04162386059761 -6 -5.742792196571827
    endloop
  endfacet
  facet normal 0 -1 0
    outer loop
      vertex 16.272327236831188 -6 -7.169661328196526
      vertex 31.04162386059761 -6 -5.742792196571827
      vertex 31.236067980527878 -6 -5.496141009032726
    endloop
  endfacet
  facet normal 0 -1 0
    outer loop
      vertex 15.648524276912212 -6 -7.243493273854256
      vertex 31.41056066006422 -6 -5.234994262456894
      vertex 31.564026094973087 -6 -4.960961997509003
    endloop
  endfacet
  facet normal 0 -1 0
    outer loop
      vertex 16.272327236831188 -6 -7.169661328196526
      vertex 31.236067980527878 -6 -5.496141009032726
      vertex 31.41056066006422 -6 -5.234994262456894
    endloop
  endfacet
  facet normal 0 -1 0
    outer loop
      vertex 15.648524276912212 -6 -7.243493273854256
      vertex 31.564026094973087 -6 -4.960961997509003
      vertex 31.695518128573895 -6 -4.675733730196953
    endloop
  endfacet
  facet normal 0 -1 0
    outer loop
      vertex 15.648524276912212 -6 -7.243493273854256
      vertex 31.695518128573895 -6 -4.675733730196953
      vertex 31.80422606319189 -6 -4.381067976355553
    endloop
  endfacet
  facet normal 0 -1 0
    outer loop
      vertex 15.648524276912212 -6 -7.243493273854256
      vertex 31.80422606319189 -6 -4.381067976355553
      vertex 31.88947968184948 -6 -4.078781455755234
    endloop
  endfacet
  facet normal 0 -1 0
    outer loop
      vertex 15.648524276912212 -6 -7.243493273854256
      vertex 31.88947968184948 -6 -4.078781455755234
      vertex 31.95075336098671 -6 -3.7707378566265106
    endloop
  endfacet
  facet normal 0 -1 0
    outer loop
      vertex 15.648524276912212 -6 -7.243493273854256
      vertex 31.95075336098671 -6 -3.7707378566265106
      vertex 31.987669333815575 -6 -3.4588363841176033
    endloop
  endfacet
  facet normal 0 -1 0
    outer loop
      vertex 15.648524276912212 -6 -7.243493273854256
      vertex 31.987669333815575 -6 -3.4588363841176033
      vertex 32 -6 -3.1450000032782555
    endloop
  endfacet
  facet normal 0.03925981956862727 0 -0.999229036091045
    outer loop
      vertex 4.899999998509884 -6 -32
      vertex 5.213836379349232 0 -31.987669333815575
      vertex 5.213836379349232 -6 -31.987669333815575
    endloop
  endfacet
  facet normal 0.11753739732018625 0 -0.9930684569712185
    outer loop
      vertex 5.213836379349232 -6 -31.987669333815575
      vertex 5.52573785930872 0 -31.95075336098671
      vertex 5.52573785930872 -6 -31.95075336098671
    endloop
  endfacet
  facet normal 0.19509031459936044 0 -0.9807852818785172
    outer loop
      vertex 5.52573785930872 -6 -31.95075336098671
      vertex 5.833781458437443 0 -31.88947968184948
      vertex 5.833781458437443 -6 -31.88947968184948
    endloop
  endfacet
  facet normal 0.2714404577212815 0 -0.9624552342379677
    outer loop
      vertex 5.833781458437443 -6 -31.88947968184948
      vertex 6.136067979037762 0 -31.80422606319189
      vertex 6.136067979037762 -6 -31.80422606319189
    endloop
  endfacet
  facet normal 0.34611705368270346 0 -0.9381913371748881
    outer loop
      vertex 6.136067979037762 -6 -31.80422606319189
      vertex 6.430733732879162 0 -31.695518128573895
      vertex 6.430733732879162 -6 -31.695518128573895
    endloop
  endfacet
  facet normal -1 0 0
    outer loop
      vertex 4.899999998509884 -6 -32
      vertex 4.899999998509884 -6 -16.601431898772717
      vertex 4.899999998509884 0 -32
    endloop
  endfacet
  facet normal 0.4186597409951228 0 -0.9081431722310621
    outer loop
      vertex 6.430733732879162 -6 -31.695518128573895
      vertex 6.715962000191212 0 -31.564026094973087
      vertex 6.715962000191212 -6 -31.564026094973087
    endloop
  endfacet
  facet normal 0.48862123403294383 0 -0.8724960112528442
    outer loop
      vertex 6.715962000191212 -6 -31.564026094973087
      vertex 6.989994257688522 0 -31.41056066006422
      vertex 6.989994257688522 -6 -31.41056066006422
    endloop
  endfacet
  facet normal 0.5555702267108766 0 -0.831469616517901
    outer loop
      vertex 6.989994257688522 -6 -31.41056066006422
      vertex 7.251141011714935 0 -31.236067980527878
      vertex 7.251141011714935 -6 -31.236067980527878
    endloop
  endfacet
  facet normal 0.6190939650835368 0 -0.7853169184457601
    outer loop
      vertex 7.251141011714935 -6 -31.236067980527878
      vertex 7.497792191803455 0 -31.04162386059761
      vertex 7.497792191803455 -6 -31.04162386059761
    endloop
  endfacet
  facet normal 0.6788007428050543 0 -0.7343225119573188
    outer loop
      vertex 7.497792191803455 -6 -31.04162386059761
      vertex 7.72842712700367 0 -30.828427121043205
      vertex 7.72842712700367 -6 -30.828427121043205
    endloop
  endfacet
  facet normal 0.7343225128513599 0 -0.6788007418378861
    outer loop
      vertex 7.72842712700367 -6 -30.828427121043205
      vertex 7.941623859107494 0 -30.59779219329357
      vertex 7.941623859107494 -6 -30.59779219329357
    endloop
  endfacet
  facet normal 0.7853169275378769 0 -0.6190939535502419
    outer loop
      vertex 7.941623859107494 -6 -30.59779219329357
      vertex 8.136067979037762 0 -30.35114100575447
      vertex 8.136067979037762 -6 -30.35114100575447
    endloop
  endfacet
  facet normal 0.8314696091958995 0 -0.5555702376690261
    outer loop
      vertex 8.136067979037762 -6 -30.35114100575447
      vertex 8.310560658574104 0 -30.08999425917864
      vertex 8.310560658574104 -6 -30.08999425917864
    endloop
  endfacet
  facet normal 0.8724960112528442 0 -0.48862123403294383
    outer loop
      vertex 8.310560658574104 -6 -30.08999425917864
      vertex 8.464026093482971 0 -29.815962001681328
      vertex 8.464026093482971 -6 -29.815962001681328
    endloop
  endfacet
  facet normal 0.9081431763889644 0 -0.41865973197593587
    outer loop
      vertex 8.464026093482971 -6 -29.815962001681328
      vertex 8.595518127083778 0 -29.530733726918697
      vertex 8.595518127083778 -6 -29.530733726918697
    endloop
  endfacet
  facet normal 0.9381913343330595 0 -0.34611706138581694
    outer loop
      vertex 8.595518127083778 -6 -29.530733726918697
      vertex 8.704226061701775 0 -29.236067980527878
      vertex 8.704226061701775 -6 -29.236067980527878
    endloop
  endfacet
  facet normal 0.9624552359858051 0 -0.2714404515239178
    outer loop
      vertex 8.704226061701775 -6 -29.236067980527878
      vertex 8.789479680359364 0 -28.93378145247698
      vertex 8.789479680359364 -6 -28.93378145247698
    endloop
  endfacet
  facet normal 0.9807852809756513 0 -0.1950903191383745
    outer loop
      vertex 8.789479680359364 -6 -28.93378145247698
      vertex 8.850753359496593 0 -28.625737860798836
      vertex 8.850753359496593 -6 -28.625737860798836
    endloop
  endfacet
  facet normal 0.9930684569712185 0 -0.11753739732018625
    outer loop
      vertex 8.850753359496593 -6 -28.625737860798836
      vertex 8.887669332325459 0 -28.313836380839348
      vertex 8.887669332325459 -6 -28.313836380839348
    endloop
  endfacet
  facet normal 0.999229036091045 0 -0.03925981956862727
    outer loop
      vertex 8.887669332325459 -6 -28.313836380839348
      vertex 8.899999998509884 0 -28
      vertex 8.899999998509884 -6 -28
    endloop
  endfacet
  facet normal 1 0 0
    outer loop
      vertex 8.899999998509884 -6 -28
      vertex 8.899999998509884 0 -15.145000003278255
      vertex 8.899999998509884 -6 -15.145000003278255
    endloop
  endfacet
  facet normal 0.03925981956862727 0 -0.999229036091045
    outer loop
      vertex 4.899999998509884 -6 -32
      vertex 4.899999998509884 0 -32
      vertex 5.213836379349232 0 -31.987669333815575
    endloop
  endfacet
  facet normal 0.11753739732018625 0 -0.9930684569712185
    outer loop
      vertex 5.213836379349232 -6 -31.987669333815575
      vertex 5.213836379349232 0 -31.987669333815575
      vertex 5.52573785930872 0 -31.95075336098671
    endloop
  endfacet
  facet normal 0.19509031459936044 0 -0.9807852818785172
    outer loop
      vertex 5.52573785930872 -6 -31.95075336098671
      vertex 5.52573785930872 0 -31.95075336098671
      vertex 5.833781458437443 0 -31.88947968184948
    endloop
  endfacet
  facet normal 0.2714404577212815 0 -0.9624552342379677
    outer loop
      vertex 5.833781458437443 -6 -31.88947968184948
      vertex 5.833781458437443 0 -31.88947968184948
      vertex 6.136067979037762 0 -31.80422606319189
    endloop
  endfacet
  facet normal 0.34611705368270346 0 -0.9381913371748881
    outer loop
      vertex 6.136067979037762 -6 -31.80422606319189
      vertex 6.136067979037762 0 -31.80422606319189
      vertex 6.430733732879162 0 -31.695518128573895
    endloop
  endfacet
  facet normal 0.4186597409951228 0 -0.9081431722310621
    outer loop
      vertex 6.430733732879162 -6 -31.695518128573895
      vertex 6.430733732879162 0 -31.695518128573895
      vertex 6.715962000191212 0 -31.564026094973087
    endloop
  endfacet
  facet normal 0.48862123403294383 0 -0.8724960112528442
    outer loop
      vertex 6.715962000191212 -6 -31.564026094973087
      vertex 6.715962000191212 0 -31.564026094973087
      vertex 6.989994257688522 0 -31.41056066006422
    endloop
  endfacet
  facet normal 0.5555702267108766 0 -0.831469616517901
    outer loop
      vertex 6.989994257688522 -6 -31.41056066006422
      vertex 6.989994257688522 0 -31.41056066006422
      vertex 7.251141011714935 0 -31.236067980527878
    endloop
  endfacet
  facet normal 0.6190939650835368 0 -0.7853169184457601
    outer loop
      vertex 7.251141011714935 -6 -31.236067980527878
      vertex 7.251141011714935 0 -31.236067980527878
      vertex 7.497792191803455 0 -31.04162386059761
    endloop
  endfacet
  facet normal 0.6788007428050543 0 -0.7343225119573188
    outer loop
      vertex 7.497792191803455 -6 -31.04162386059761
      vertex 7.497792191803455 0 -31.04162386059761
      vertex 7.72842712700367 0 -30.828427121043205
    endloop
  endfacet
  facet normal 0.7343225128513599 0 -0.6788007418378861
    outer loop
      vertex 7.72842712700367 -6 -30.828427121043205
      vertex 7.72842712700367 0 -30.828427121043205
      vertex 7.941623859107494 0 -30.59779219329357
    endloop
  endfacet
  facet normal 0.7853169275378769 0 -0.6190939535502419
    outer loop
      vertex 7.941623859107494 -6 -30.59779219329357
      vertex 7.941623859107494 0 -30.59779219329357
      vertex 8.136067979037762 0 -30.35114100575447
    endloop
  endfacet
  facet normal 0.8314696091958995 0 -0.5555702376690261
    outer loop
      vertex 8.136067979037762 -6 -30.35114100575447
      vertex 8.136067979037762 0 -30.35114100575447
      vertex 8.310560658574104 0 -30.08999425917864
    endloop
  endfacet
  facet normal 0.8724960112528442 0 -0.48862123403294383
    outer loop
      vertex 8.310560658574104 -6 -30.08999425917864
      vertex 8.310560658574104 0 -30.08999425917864
      vertex 8.464026093482971 0 -29.815962001681328
    endloop
  endfacet
  facet normal 0.9081431763889644 0 -0.41865973197593587
    outer loop
      vertex 8.464026093482971 -6 -29.815962001681328
      vertex 8.464026093482971 0 -29.815962001681328
      vertex 8.595518127083778 0 -29.530733726918697
    endloop
  endfacet
  facet normal 0.9381913343330595 0 -0.34611706138581694
    outer loop
      vertex 8.595518127083778 -6 -29.530733726918697
      vertex 8.595518127083778 0 -29.530733726918697
      vertex 8.704226061701775 0 -29.236067980527878
    endloop
  endfacet
  facet normal 0.9624552359858051 0 -0.2714404515239178
    outer loop
      vertex 8.704226061701775 -6 -29.236067980527878
      vertex 8.704226061701775 0 -29.236067980527878
      vertex 8.789479680359364 0 -28.93378145247698
    endloop
  endfacet
  facet normal 0.9807852809756513 0 -0.1950903191383745
    outer loop
      vertex 8.789479680359364 -6 -28.93378145247698
      vertex 8.789479680359364 0 -28.93378145247698
      vertex 8.850753359496593 0 -28.625737860798836
    endloop
  endfacet
  facet normal 0.9930684569712185 0 -0.11753739732018625
    outer loop
      vertex 8.850753359496593 -6 -28.625737860798836
      vertex 8.850753359496593 0 -28.625737860798836
      vertex 8.887669332325459 0 -28.313836380839348
    endloop
  endfacet
  facet normal 0.999229036091045 0 -0.03925981956862727
    outer loop
      vertex 8.887669332325459 -6 -28.313836380839348
      vertex 8.887669332325459 0 -28.313836380839348
      vertex 8.899999998509884 0 -28
    endloop
  endfacet
  facet normal -1 0 0
    outer loop
      vertex 4.899999998509884 -6 -16.601431898772717
      vertex 4.899999998509884 0 -16.601431898772717
      vertex 4.899999998509884 0 -32
    endloop
  endfacet
  facet normal 1 0 0
    outer loop
      vertex 8.899999998509884 -6 -28
      vertex 8.899999998509884 0 -28
      vertex 8.899999998509884 0 -15.145000003278255
    endloop
  endfacet
  facet normal -0.6715589503269591 0 0.7409511294517019
    outer loop
      vertex 4.899999998509884 -6 -16.601431898772717
      vertex 5.267945520579815 -6 -16.267945520579815
      vertex 4.899999998509884 0 -16.601431898772717
    endloop
  endfacet
  facet normal -0.7409511293729738 0 0.6715589504138223
    outer loop
      vertex 5.267945520579815 -6 -16.267945520579815
      vertex 5.758927874267101 -6 -15.726229965686798
      vertex 5.267945520579815 0 -16.267945520579815
    endloop
  endfacet
  facet normal -0.8032075296049633 0 0.5956993070214973
    outer loop
      vertex 5.758927874267101 -6 -15.726229965686798
      vertex 6.194448612630367 -6 -15.138998232781887
      vertex 5.758927874267101 0 -15.726229965686798
    endloop
  endfacet
  facet normal -0.8577286100770374 0 0.5141027440651464
    outer loop
      vertex 6.194448612630367 -6 -15.138998232781887
      vertex 6.570313416421413 -6 -14.511905692517757
      vertex 6.194448612630367 0 -15.138998232781887
    endloop
  endfacet
  facet normal -0.9039892923845545 0 0.427555094992531
    outer loop
      vertex 6.570313416421413 -6 -14.511905692517757
      vertex 6.882902517914772 -6 -13.850991569459438
      vertex 6.570313416421413 0 -14.511905692517757
    endloop
  endfacet
  facet normal -0.9415440651188415 0 0.33688985357158935
    outer loop
      vertex 6.882902517914772 -6 -13.850991569459438
      vertex 7.1292055025696754 -6 -13.162620842456818
      vertex 6.882902517914772 0 -13.850991569459438
    endloop
  endfacet
  facet normal 0.9992290361093268 0 -0.039259819103324954
    outer loop
      vertex 8.899999998509884 -6 -15.145000003278255
      vertex 8.924661330878735 0 -14.51732723414898
      vertex 8.924661330878735 -6 -14.51732723414898
    endloop
  endfacet
  facet normal 0.993068456807358 0 -0.11753739870463581
    outer loop
      vertex 8.924661330878735 -6 -14.51732723414898
      vertex 8.998493276536465 0 -13.893524281680584
      vertex 8.998493276536465 -6 -13.893524281680584
    endloop
  endfacet
  facet normal 0.9807852814270842 0 -0.19509031686886744
    outer loop
      vertex 8.998493276536465 -6 -13.893524281680584
      vertex 9.121040634810925 0 -13.277437090873718
      vertex 9.121040634810925 -6 -13.277437090873718
    endloop
  endfacet
  facet normal -0.970031254393243 0 0.24298017511778924
    outer loop
      vertex 7.1292055025696754 -6 -13.162620842456818
      vertex 7.306850336492062 -6 -12.453422896564007
      vertex 7.1292055025696754 0 -13.162620842456818
    endloop
  endfacet
  facet normal -0.9891765087130251 0 0.14673048289401452
    outer loop
      vertex 7.306850336492062 -6 -12.453422896564007
      vertex 7.414126217365265 -6 -11.730227693915367
      vertex 7.306850336492062 0 -12.453422896564007
    endloop
  endfacet
  facet normal -0.9987954562454942 0 0.0490676735066516
    outer loop
      vertex 7.414126217365265 -6 -11.730227693915367
      vertex 7.450000002980232 -6 -11
      vertex 7.414126217365265 0 -11.730227693915367
    endloop
  endfacet
  facet normal -0.9987954562454942 0 -0.0490676735066516
    outer loop
      vertex 7.450000002980232 -6 -11
      vertex 7.414126217365265 -6 -10.269772306084633
      vertex 7.450000002980232 0 -11
    endloop
  endfacet
  facet normal -0.9891765087130251 0 -0.14673048289401452
    outer loop
      vertex 7.414126217365265 -6 -10.269772306084633
      vertex 7.306850336492062 -6 -9.546577103435993
      vertex 7.414126217365265 0 -10.269772306084633
    endloop
  endfacet
  facet normal 0.9624552351118865 0 -0.27144045462259964
    outer loop
      vertex 9.121040634810925 -6 -13.277437090873718
      vertex 9.291547872126102 0 -12.6728640422225
      vertex 9.291547872126102 -6 -12.6728640422225
    endloop
  endfacet
  facet normal 0.9381913357539738 0 -0.34611705753426014
    outer loop
      vertex 9.291547872126102 -6 -12.6728640422225
      vertex 9.508963741362095 0 -12.08353254199028
      vertex 9.508963741362095 -6 -12.08353254199028
    endloop
  endfacet
  facet normal 0.9081431743100132 0 -0.4186597364855293
    outer loop
      vertex 9.508963741362095 -6 -12.08353254199028
      vertex 9.77194780856371 0 -11.5130759999156
      vertex 9.77194780856371 -6 -11.5130759999156
    endloop
  endfacet
  facet normal 0.872496006196255 0 -0.48862124306213356
    outer loop
      vertex 9.77194780856371 -6 -11.5130759999156
      vertex 10.078878685832024 0 -10.965011484920979
      vertex 10.078878685832024 -6 -10.965011484920979
    endloop
  endfacet
  facet normal 0.8314696128569002 0 -0.5555702321899513
    outer loop
      vertex 10.078878685832024 -6 -10.965011484920979
      vertex 10.427864044904709 0 -10.442717984318733
      vertex 10.427864044904709 -6 -10.442717984318733
    endloop
  endfacet
  facet normal -0.8577286100770374 0 -0.5141027440651464
    outer loop
      vertex 6.570313416421413 -6 -7.488094307482243
      vertex 6.194448612630367 -6 -6.861001767218113
      vertex 6.570313416421413 0 -7.488094307482243
    endloop
  endfacet
  facet normal -0.8032075296049633 0 -0.5956993070214973
    outer loop
      vertex 5.758927874267101 -6 -6.273770034313202
      vertex 6.194448612630367 0 -6.861001767218113
      vertex 6.194448612630367 -6 -6.861001767218113
    endloop
  endfacet
  facet normal -0.7409511264142601 0 -0.6715589536782599
    outer loop
      vertex 5.758927874267101 -6 -6.273770034313202
      vertex 5.3744520246982574 -6 -5.849566303193569
      vertex 5.758927874267101 0 -6.273770034313202
    endloop
  endfacet
  facet normal -0.896872733763291 0 0.4422887059737803
    outer loop
      vertex 5.3744520246982574 -6 -5.849566303193569
      vertex 5.536843858659267 -6 -5.520268253982067
      vertex 5.3744520246982574 0 -5.849566303193569
    endloop
  endfacet
  facet normal -0.8314696138590407 0 0.5555702306901422
    outer loop
      vertex 5.536843858659267 -6 -5.520268253982067
      vertex 5.881997220218182 -6 -5.003709740936756
      vertex 5.536843858659267 0 -5.520268253982067
    endloop
  endfacet
  facet normal -0.7518398130795253 0 0.659345808713868
    outer loop
      vertex 5.881997220218182 -6 -5.003709740936756
      vertex 6.291622087359428 -6 -4.5366220921278
      vertex 5.881997220218182 0 -5.003709740936756
    endloop
  endfacet
  facet normal -0.659345808713868 0 0.7518398130795253
    outer loop
      vertex 6.291622087359428 -6 -4.5366220921278
      vertex 6.7587097361683846 -6 -4.126997224986553
      vertex 6.291622087359428 0 -4.5366220921278
    endloop
  endfacet
  facet normal -0.970031254393243 0 -0.24298017511778924
    outer loop
      vertex 7.306850336492062 -6 -9.546577103435993
      vertex 7.1292055025696754 -6 -8.837379157543182
      vertex 7.306850336492062 0 -9.546577103435993
    endloop
  endfacet
  facet normal -0.9039892923845545 0 -0.427555094992531
    outer loop
      vertex 6.882902517914772 -6 -8.149008430540562
      vertex 6.570313416421413 -6 -7.488094307482243
      vertex 6.882902517914772 0 -8.149008430540562
    endloop
  endfacet
  facet normal -0.9415440651188415 0 -0.33688985357158935
    outer loop
      vertex 6.882902517914772 -6 -8.149008430540562
      vertex 7.1292055025696754 0 -8.837379157543182
      vertex 7.1292055025696754 -6 -8.837379157543182
    endloop
  endfacet
  facet normal -0.5555702306901422 0 0.8314696138590407
    outer loop
      vertex 6.7587097361683846 -6 -4.126997224986553
      vertex 7.2752682492136955 -6 -3.781843863427639
      vertex 6.7587097361683846 0 -4.126997224986553
    endloop
  endfacet
  facet normal -0.4422886941687956 0 0.8968727395848654
    outer loop
      vertex 7.2752682492136955 -6 -3.781843863427639
      vertex 7.832458935678005 -6 -3.507067821919918
      vertex 7.2752682492136955 0 -3.781843863427639
    endloop
  endfacet
  facet normal -0.32143946471863305 0 0.9469301296935264
    outer loop
      vertex 7.832458935678005 -6 -3.507067821919918
      vertex 8.420748390257359 -6 -3.307370461523533
      vertex 7.832458935678005 0 -3.507067821919918
    endloop
  endfacet
  facet normal -0.19509032896526654 0 0.9807852790209609
    outer loop
      vertex 8.420748390257359 -6 -3.307370461523533
      vertex 9.03007061779499 -6 -3.1861687302589417
      vertex 8.420748390257359 0 -3.307370461523533
    endloop
  endfacet
  facet normal -0.06540311908611883 0 0.997858923903478
    outer loop
      vertex 9.03007061779499 -6 -3.1861687302589417
      vertex 9.658184111118317 -6 -3.1450000032782555
      vertex 9.03007061779499 0 -3.1861687302589417
    endloop
  endfacet
  facet normal 0 -1 0
    outer loop
      vertex 0.8116609760308738 -2.4 -11.666112948371827
      vertex 4.609690817895183 -2.4 -11.916924513475802
      vertex 4.6773682153593255 -2.4 -11.460680559548935
    endloop
  endfacet
  facet normal 0 -1 0
    outer loop
      vertex 1.029824544423392 -2.4 -11.204844838116935
      vertex 4.6773682153593255 -2.4 -11.460680559548935
      vertex 4.7 -2.4 -11
    endloop
  endfacet
  facet normal 0 -1 0
    outer loop
      vertex 1.0449439630058068 -2.4 -10.897082002653962
      vertex 4.7 -2.4 -11
      vertex 4.6773682153593255 -2.4 -10.539319440451065
    endloop
  endfacet
  facet normal 0 -1 0
    outer loop
      vertex 0.9700735091368511 -2.4 -10.598182396016655
      vertex 4.6773682153593255 -2.4 -10.539319440451065
      vertex 4.609690817895183 -2.4 -10.083075486524198
    endloop
  endfacet
  facet normal 0 -1 0
    outer loop
      vertex 0.5833487446705823 -2.4 -10.126956907082327
      vertex 4.609690817895183 -2.4 -10.083075486524198
      vertex 4.497619577941381 -2.4 -9.635662016904027
    endloop
  endfacet
  facet normal 0.5956993044924342 0 -0.8032075314806442
    outer loop
      vertex 2.6111800951921302 -2.4 -14.907907177821963
      vertex 2.981648435569134 0 -14.633149130804863
      vertex 2.981648435569134 -2.4 -14.633149130804863
    endloop
  endfacet
  facet normal 0.6715589548470168 0 -0.7409511253549604
    outer loop
      vertex 2.981648435569134 -2.4 -14.633149130804863
      vertex 3.323401871576774 0 -14.323401871576774
      vertex 3.323401871576774 -2.4 -14.323401871576774
    endloop
  endfacet
  facet normal 0.7409511253549595 0 -0.6715589548470179
    outer loop
      vertex 3.323401871576774 -2.4 -14.323401871576774
      vertex 3.323401871576774 0 -14.323401871576774
      vertex 3.633149130804864 -2.4 -13.981648435569134
    endloop
  endfacet
  facet normal 0.803207531480645 0 -0.595699304492433
    outer loop
      vertex 3.633149130804864 -2.4 -13.981648435569134
      vertex 3.633149130804864 0 -13.981648435569134
      vertex 3.9079071778219627 -2.4 -13.61118009519213
    endloop
  endfacet
  facet normal 0.8577286100002722 0 -0.5141027441932213
    outer loop
      vertex 3.9079071778219627 -2.4 -13.61118009519213
      vertex 3.9079071778219627 0 -13.61118009519213
      vertex 4.145029942437269 -2.4 -13.215564663082189
    endloop
  endfacet
  facet normal -0.6715589503269591 0 0.7409511294517019
    outer loop
      vertex 5.267945520579815 -6 -16.267945520579815
      vertex 5.267945520579815 0 -16.267945520579815
      vertex 4.899999998509884 0 -16.601431898772717
    endloop
  endfacet
  facet normal -0.7409511293729738 0 0.6715589504138223
    outer loop
      vertex 5.758927874267101 -6 -15.726229965686798
      vertex 5.758927874267101 0 -15.726229965686798
      vertex 5.267945520579815 0 -16.267945520579815
    endloop
  endfacet
  facet normal -0.8032075296049633 0 0.5956993070214973
    outer loop
      vertex 6.194448612630367 -6 -15.138998232781887
      vertex 6.194448612630367 0 -15.138998232781887
      vertex 5.758927874267101 0 -15.726229965686798
    endloop
  endfacet
  facet normal -0.8577286100770374 0 0.5141027440651464
    outer loop
      vertex 6.570313416421413 -6 -14.511905692517757
      vertex 6.570313416421413 0 -14.511905692517757
      vertex 6.194448612630367 0 -15.138998232781887
    endloop
  endfacet
  facet normal 0.9039892931234429 0 -0.4275550934302831
    outer loop
      vertex 4.145029942437269 -2.4 -13.215564663082189
      vertex 4.145029942437269 0 -13.215564663082189
      vertex 4.342233802803048 -2.4 -12.798612132115922
    endloop
  endfacet
  facet normal 0.9415440651830214 0 -0.3368898533922183
    outer loop
      vertex 4.342233802803048 -2.4 -12.798612132115922
      vertex 4.342233802803048 0 -12.798612132115922
      vertex 4.497619577941381 -2.4 -12.364337983095973
    endloop
  endfacet
  facet normal 0.9700312531945439 0 -0.24298017990326448
    outer loop
      vertex 4.497619577941381 -2.4 -12.364337983095973
      vertex 4.497619577941381 0 -12.364337983095973
      vertex 4.609690817895183 -2.4 -11.916924513475802
    endloop
  endfacet
  facet normal 0.9891765099647809 0 -0.14673047445536205
    outer loop
      vertex 4.609690817895183 -2.4 -11.916924513475802
      vertex 4.609690817895183 0 -11.916924513475802
      vertex 4.6773682153593255 -2.4 -11.460680559548935
    endloop
  endfacet
  facet normal 0.9700312531945439 0 0.24298017990326448
    outer loop
      vertex 4.609690817895183 -2.4 -10.083075486524198
      vertex 4.609690817895183 0 -10.083075486524198
      vertex 4.497619577941381 -2.4 -9.635662016904027
    endloop
  endfacet
  facet normal 0.9987954562051724 0 -0.049067674327418175
    outer loop
      vertex 4.6773682153593255 -2.4 -11.460680559548935
      vertex 4.6773682153593255 0 -11.460680559548935
      vertex 4.7 -2.4 -11
    endloop
  endfacet
  facet normal 0.9987954562051724 0 0.049067674327418175
    outer loop
      vertex 4.7 -2.4 -11
      vertex 4.7 0 -11
      vertex 4.6773682153593255 -2.4 -10.539319440451065
    endloop
  endfacet
  facet normal 0.9891765099647809 0 0.14673047445536205
    outer loop
      vertex 4.6773682153593255 -2.4 -10.539319440451065
      vertex 4.6773682153593255 0 -10.539319440451065
      vertex 4.609690817895183 -2.4 -10.083075486524198
    endloop
  endfacet
  facet normal -0.9039892923845545 0 0.427555094992531
    outer loop
      vertex 6.882902517914772 -6 -13.850991569459438
      vertex 6.882902517914772 0 -13.850991569459438
      vertex 6.570313416421413 0 -14.511905692517757
    endloop
  endfacet
  facet normal 0.9992290361093268 0 -0.039259819103324954
    outer loop
      vertex 8.899999998509884 -6 -15.145000003278255
      vertex 8.899999998509884 0 -15.145000003278255
      vertex 8.924661330878735 0 -14.51732723414898
    endloop
  endfacet
  facet normal 0.993068456807358 0 -0.11753739870463581
    outer loop
      vertex 8.924661330878735 -6 -14.51732723414898
      vertex 8.924661330878735 0 -14.51732723414898
      vertex 8.998493276536465 0 -13.893524281680584
    endloop
  endfacet
  facet normal 0.9807852814270842 0 -0.19509031686886744
    outer loop
      vertex 8.998493276536465 -6 -13.893524281680584
      vertex 8.998493276536465 0 -13.893524281680584
      vertex 9.121040634810925 0 -13.277437090873718
    endloop
  endfacet
  facet normal -0.9415440651188415 0 0.33688985357158935
    outer loop
      vertex 7.1292055025696754 -6 -13.162620842456818
      vertex 7.1292055025696754 0 -13.162620842456818
      vertex 6.882902517914772 0 -13.850991569459438
    endloop
  endfacet
  facet normal -0.970031254393243 0 0.24298017511778924
    outer loop
      vertex 7.306850336492062 -6 -12.453422896564007
      vertex 7.306850336492062 0 -12.453422896564007
      vertex 7.1292055025696754 0 -13.162620842456818
    endloop
  endfacet
  facet normal -0.9891765087130251 0 0.14673048289401452
    outer loop
      vertex 7.414126217365265 -6 -11.730227693915367
      vertex 7.414126217365265 0 -11.730227693915367
      vertex 7.306850336492062 0 -12.453422896564007
    endloop
  endfacet
  facet normal -0.9987954562454942 0 0.0490676735066516
    outer loop
      vertex 7.450000002980232 -6 -11
      vertex 7.450000002980232 0 -11
      vertex 7.414126217365265 0 -11.730227693915367
    endloop
  endfacet
  facet normal -0.9987954562454942 0 -0.0490676735066516
    outer loop
      vertex 7.414126217365265 -6 -10.269772306084633
      vertex 7.414126217365265 0 -10.269772306084633
      vertex 7.450000002980232 0 -11
    endloop
  endfacet
  facet normal -0.9891765087130251 0 -0.14673048289401452
    outer loop
      vertex 7.306850336492062 -6 -9.546577103435993
      vertex 7.306850336492062 0 -9.546577103435993
      vertex 7.414126217365265 0 -10.269772306084633
    endloop
  endfacet
  facet normal 0.9624552351118865 0 -0.27144045462259964
    outer loop
      vertex 9.121040634810925 -6 -13.277437090873718
      vertex 9.121040634810925 0 -13.277437090873718
      vertex 9.291547872126102 0 -12.6728640422225
    endloop
  endfacet
  facet normal 0.9381913357539738 0 -0.34611705753426014
    outer loop
      vertex 9.291547872126102 -6 -12.6728640422225
      vertex 9.291547872126102 0 -12.6728640422225
      vertex 9.508963741362095 0 -12.08353254199028
    endloop
  endfacet
  facet normal 0.9081431743100132 0 -0.4186597364855293
    outer loop
      vertex 9.508963741362095 -6 -12.08353254199028
      vertex 9.508963741362095 0 -12.08353254199028
      vertex 9.77194780856371 0 -11.5130759999156
    endloop
  endfacet
  facet normal 0.872496006196255 0 -0.48862124306213356
    outer loop
      vertex 9.77194780856371 -6 -11.5130759999156
      vertex 9.77194780856371 0 -11.5130759999156
      vertex 10.078878685832024 0 -10.965011484920979
    endloop
  endfacet
  facet normal 0.8314696128569002 0 -0.5555702321899513
    outer loop
      vertex 10.078878685832024 -6 -10.965011484920979
      vertex 10.078878685832024 0 -10.965011484920979
      vertex 10.427864044904709 0 -10.442717984318733
    endloop
  endfacet
  facet normal 0.7409511253549595 0 0.6715589548470179
    outer loop
      vertex 3.633149130804864 -2.4 -8.018351564430866
      vertex 3.633149130804864 0 -8.018351564430866
      vertex 3.323401871576774 -2.4 -7.676598128423226
    endloop
  endfacet
  facet normal 0.9415440651830214 0 0.3368898533922183
    outer loop
      vertex 4.497619577941381 -2.4 -9.635662016904027
      vertex 4.497619577941381 0 -9.635662016904027
      vertex 4.342233802803048 -2.4 -9.201387867884078
    endloop
  endfacet
  facet normal 0.9039892931234429 0 0.4275550934302831
    outer loop
      vertex 4.145029942437269 -2.4 -8.784435336917811
      vertex 4.342233802803048 -2.4 -9.201387867884078
      vertex 4.342233802803048 0 -9.201387867884078
    endloop
  endfacet
  facet normal 0.8577286100002722 0 0.5141027441932213
    outer loop
      vertex 3.9079071778219627 -2.4 -8.38881990480787
      vertex 4.145029942437269 -2.4 -8.784435336917811
      vertex 4.145029942437269 0 -8.784435336917811
    endloop
  endfacet
  facet normal 0.803207531480645 0 0.595699304492433
    outer loop
      vertex 3.633149130804864 -2.4 -8.018351564430866
      vertex 3.9079071778219627 -2.4 -8.38881990480787
      vertex 3.9079071778219627 0 -8.38881990480787
    endloop
  endfacet
  facet normal 0.6715589548470168 0 0.7409511253549604
    outer loop
      vertex 2.981648435569134 -2.4 -7.366850869195137
      vertex 3.323401871576774 -2.4 -7.676598128423226
      vertex 2.981648435569134 0 -7.366850869195137
    endloop
  endfacet
  facet normal -0.7409511264142601 0 -0.6715589536782599
    outer loop
      vertex 5.3744520246982574 -6 -5.849566303193569
      vertex 5.3744520246982574 0 -5.849566303193569
      vertex 5.758927874267101 0 -6.273770034313202
    endloop
  endfacet
  facet normal -0.8577286100770374 0 -0.5141027440651464
    outer loop
      vertex 6.194448612630367 -6 -6.861001767218113
      vertex 6.194448612630367 0 -6.861001767218113
      vertex 6.570313416421413 0 -7.488094307482243
    endloop
  endfacet
  facet normal -0.8032075296049633 0 -0.5956993070214973
    outer loop
      vertex 5.758927874267101 -6 -6.273770034313202
      vertex 5.758927874267101 0 -6.273770034313202
      vertex 6.194448612630367 0 -6.861001767218113
    endloop
  endfacet
  facet normal -0.896872733763291 0 0.4422887059737803
    outer loop
      vertex 5.536843858659267 -6 -5.520268253982067
      vertex 5.536843858659267 0 -5.520268253982067
      vertex 5.3744520246982574 0 -5.849566303193569
    endloop
  endfacet
  facet normal -0.8314696138590407 0 0.5555702306901422
    outer loop
      vertex 5.881997220218182 -6 -5.003709740936756
      vertex 5.881997220218182 0 -5.003709740936756
      vertex 5.536843858659267 0 -5.520268253982067
    endloop
  endfacet
  facet normal -0.7518398130795253 0 0.659345808713868
    outer loop
      vertex 6.291622087359428 -6 -4.5366220921278
      vertex 6.291622087359428 0 -4.5366220921278
      vertex 5.881997220218182 0 -5.003709740936756
    endloop
  endfacet
  facet normal -0.970031254393243 0 -0.24298017511778924
    outer loop
      vertex 7.1292055025696754 -6 -8.837379157543182
      vertex 7.1292055025696754 0 -8.837379157543182
      vertex 7.306850336492062 0 -9.546577103435993
    endloop
  endfacet
  facet normal -0.9415440651188415 0 -0.33688985357158935
    outer loop
      vertex 6.882902517914772 -6 -8.149008430540562
      vertex 6.882902517914772 0 -8.149008430540562
      vertex 7.1292055025696754 0 -8.837379157543182
    endloop
  endfacet
  facet normal -0.9039892923845545 0 -0.427555094992531
    outer loop
      vertex 6.570313416421413 -6 -7.488094307482243
      vertex 6.570313416421413 0 -7.488094307482243
      vertex 6.882902517914772 0 -8.149008430540562
    endloop
  endfacet
  facet normal -0.659345808713868 0 0.7518398130795253
    outer loop
      vertex 6.7587097361683846 -6 -4.126997224986553
      vertex 6.7587097361683846 0 -4.126997224986553
      vertex 6.291622087359428 0 -4.5366220921278
    endloop
  endfacet
  facet normal -0.5555702306901422 0 0.8314696138590407
    outer loop
      vertex 7.2752682492136955 -6 -3.781843863427639
      vertex 7.2752682492136955 0 -3.781843863427639
      vertex 6.7587097361683846 0 -4.126997224986553
    endloop
  endfacet
  facet normal -0.4422886941687956 0 0.8968727395848654
    outer loop
      vertex 7.832458935678005 -6 -3.507067821919918
      vertex 7.832458935678005 0 -3.507067821919918
      vertex 7.2752682492136955 0 -3.781843863427639
    endloop
  endfacet
  facet normal -0.32143946471863305 0 0.9469301296935264
    outer loop
      vertex 8.420748390257359 -6 -3.307370461523533
      vertex 8.420748390257359 0 -3.307370461523533
      vertex 7.832458935678005 0 -3.507067821919918
    endloop
  endfacet
  facet normal -0.19509032896526654 0 0.9807852790209609
    outer loop
      vertex 9.03007061779499 -6 -3.1861687302589417
      vertex 9.03007061779499 0 -3.1861687302589417
      vertex 8.420748390257359 0 -3.307370461523533
    endloop
  endfacet
  facet normal -0.06540311908611883 0 0.997858923903478
    outer loop
      vertex 9.658184111118317 -6 -3.1450000032782555
      vertex 9.658184111118317 0 -3.1450000032782555
      vertex 9.03007061779499 0 -3.1861687302589417
    endloop
  endfacet
  facet normal 0.7853169287584659 0 -0.6190939520019321
    outer loop
      vertex 10.427864044904709 -6 -10.442717984318733
      vertex 10.816752277314663 0 -9.949415616691113
      vertex 10.816752277314663 -6 -9.949415616691113
    endloop
  endfacet
  facet normal 0.7343225124043393 0 -0.6788007423214703
    outer loop
      vertex 10.816752277314663 -6 -9.949415616691113
      vertex 11.243145748972893 0 -9.488145753741264
      vertex 11.243145748972893 -6 -9.488145753741264
    endloop
  endfacet
  facet normal 0.6788007487172804 0 -0.7343225064921133
    outer loop
      vertex 11.243145748972893 -6 -9.488145753741264
      vertex 11.704415611922741 0 -9.061752274632454
      vertex 11.704415611922741 -6 -9.061752274632454
    endloop
  endfacet
  facet normal 0.6190939520019321 0 -0.7853169287584659
    outer loop
      vertex 11.704415611922741 -6 -9.061752274632454
      vertex 12.197717979550362 0 -8.6728640422225
      vertex 12.197717979550362 -6 -8.6728640422225
    endloop
  endfacet
  facet normal 0.5555702321899513 0 -0.8314696128569002
    outer loop
      vertex 12.197717979550362 -6 -8.6728640422225
      vertex 12.720011480152607 0 -8.323878683149815
      vertex 12.720011480152607 -6 -8.323878683149815
    endloop
  endfacet
  facet normal 0.4886212380055444 0 -0.872496009028081
    outer loop
      vertex 12.720011480152607 -6 -8.323878683149815
      vertex 13.268076002597809 0 -8.0169478058815
      vertex 13.268076002597809 -6 -8.0169478058815
    endloop
  endfacet
  facet normal 0.4186597364855293 0 -0.9081431743100132
    outer loop
      vertex 13.268076002597809 -6 -8.0169478058815
      vertex 13.83853254467249 0 -7.753963738679886
      vertex 13.83853254467249 -6 -7.753963738679886
    endloop
  endfacet
  facet normal 0.34611705753426014 0 -0.9381913357539738
    outer loop
      vertex 13.83853254467249 -6 -7.753963738679886
      vertex 14.427864044904709 0 -7.536547869443893
      vertex 14.427864044904709 -6 -7.536547869443893
    endloop
  endfacet
  facet normal 0.2714404467341845 0 -0.9624552373366495
    outer loop
      vertex 14.427864044904709 -6 -7.536547869443893
      vertex 15.032437086105347 0 -7.366040639579296
      vertex 15.032437086105347 -6 -7.366040639579296
    endloop
  endfacet
  facet normal 0.19509032827845002 0 -0.9807852791575773
    outer loop
      vertex 15.032437086105347 -6 -7.366040639579296
      vertex 15.648524276912212 0 -7.243493273854256
      vertex 15.648524276912212 -6 -7.243493273854256
    endloop
  endfacet
  facet normal 0.11753739732018625 0 -0.9930684569712185
    outer loop
      vertex 15.648524276912212 -6 -7.243493273854256
      vertex 16.272327236831188 0 -7.169661328196526
      vertex 16.272327236831188 -6 -7.169661328196526
    endloop
  endfacet
  facet normal 0.03925980772589337 0 -0.9992290365563472
    outer loop
      vertex 16.272327236831188 -6 -7.169661328196526
      vertex 16.899999998509884 0 -7.1450000032782555
      vertex 16.899999998509884 -6 -7.1450000032782555
    endloop
  endfacet
  facet normal 0 0 1
    outer loop
      vertex 9.658184111118317 -6 -3.1450000032782555
      vertex 32 -6 -3.1450000032782555
      vertex 9.658184111118317 0 -3.1450000032782555
    endloop
  endfacet
  facet normal 0.7853169287584659 0 -0.6190939520019321
    outer loop
      vertex 10.427864044904709 -6 -10.442717984318733
      vertex 10.427864044904709 0 -10.442717984318733
      vertex 10.816752277314663 0 -9.949415616691113
    endloop
  endfacet
  facet normal 0.7343225124043393 0 -0.6788007423214703
    outer loop
      vertex 10.816752277314663 -6 -9.949415616691113
      vertex 10.816752277314663 0 -9.949415616691113
      vertex 11.243145748972893 0 -9.488145753741264
    endloop
  endfacet
  facet normal 0.6788007487172804 0 -0.7343225064921133
    outer loop
      vertex 11.243145748972893 -6 -9.488145753741264
      vertex 11.243145748972893 0 -9.488145753741264
      vertex 11.704415611922741 0 -9.061752274632454
    endloop
  endfacet
  facet normal 0.6190939520019321 0 -0.7853169287584659
    outer loop
      vertex 11.704415611922741 -6 -9.061752274632454
      vertex 11.704415611922741 0 -9.061752274632454
      vertex 12.197717979550362 0 -8.6728640422225
    endloop
  endfacet
  facet normal 0.5555702321899513 0 -0.8314696128569002
    outer loop
      vertex 12.197717979550362 -6 -8.6728640422225
      vertex 12.197717979550362 0 -8.6728640422225
      vertex 12.720011480152607 0 -8.323878683149815
    endloop
  endfacet
  facet normal 0.4886212380055444 0 -0.872496009028081
    outer loop
      vertex 12.720011480152607 -6 -8.323878683149815
      vertex 12.720011480152607 0 -8.323878683149815
      vertex 13.268076002597809 0 -8.0169478058815
    endloop
  endfacet
  facet normal 0.4186597364855293 0 -0.9081431743100132
    outer loop
      vertex 13.268076002597809 -6 -8.0169478058815
      vertex 13.268076002597809 0 -8.0169478058815
      vertex 13.83853254467249 0 -7.753963738679886
    endloop
  endfacet
  facet normal 0.34611705753426014 0 -0.9381913357539738
    outer loop
      vertex 13.83853254467249 -6 -7.753963738679886
      vertex 13.83853254467249 0 -7.753963738679886
      vertex 14.427864044904709 0 -7.536547869443893
    endloop
  endfacet
  facet normal 0.2714404467341845 0 -0.9624552373366495
    outer loop
      vertex 14.427864044904709 -6 -7.536547869443893
      vertex 14.427864044904709 0 -7.536547869443893
      vertex 15.032437086105347 0 -7.366040639579296
    endloop
  endfacet
  facet normal 0.19509032827845002 0 -0.9807852791575773
    outer loop
      vertex 15.032437086105347 -6 -7.366040639579296
      vertex 15.032437086105347 0 -7.366040639579296
      vertex 15.648524276912212 0 -7.243493273854256
    endloop
  endfacet
  facet normal 0.11753739732018625 0 -0.9930684569712185
    outer loop
      vertex 15.648524276912212 -6 -7.243493273854256
      vertex 15.648524276912212 0 -7.243493273854256
      vertex 16.272327236831188 0 -7.169661328196526
    endloop
  endfacet
  facet normal 0.03925980772589337 0 -0.9992290365563472
    outer loop
      vertex 16.272327236831188 -6 -7.169661328196526
      vertex 16.272327236831188 0 -7.169661328196526
      vertex 16.899999998509884 0 -7.1450000032782555
    endloop
  endfacet
  facet normal 0.03925981956862727 0 -0.999229036091045
    outer loop
      vertex 4.899999998509884 0 -32
      vertex 5.213836379349232 3 -31.987669333815575
      vertex 5.213836379349232 0 -31.987669333815575
    endloop
  endfacet
  facet normal 0.11753739732018625 0 -0.9930684569712185
    outer loop
      vertex 5.213836379349232 0 -31.987669333815575
      vertex 5.52573785930872 3 -31.95075336098671
      vertex 5.52573785930872 0 -31.95075336098671
    endloop
  endfacet
  facet normal 0.19509031459936044 0 -0.9807852818785172
    outer loop
      vertex 5.52573785930872 0 -31.95075336098671
      vertex 5.833781458437443 3 -31.88947968184948
      vertex 5.833781458437443 0 -31.88947968184948
    endloop
  endfacet
  facet normal 0.2714404577212815 0 -0.9624552342379677
    outer loop
      vertex 5.833781458437443 0 -31.88947968184948
      vertex 6.136067979037762 3 -31.80422606319189
      vertex 6.136067979037762 0 -31.80422606319189
    endloop
  endfacet
  facet normal 0.34611705368270346 0 -0.9381913371748881
    outer loop
      vertex 6.136067979037762 0 -31.80422606319189
      vertex 6.430733732879162 3 -31.695518128573895
      vertex 6.430733732879162 0 -31.695518128573895
    endloop
  endfacet
  facet normal 0.03925981956862727 0 -0.999229036091045
    outer loop
      vertex 4.899999998509884 0 -32
      vertex 4.899999998509884 3 -32
      vertex 5.213836379349232 3 -31.987669333815575
    endloop
  endfacet
  facet normal 0.11753739732018625 0 -0.9930684569712185
    outer loop
      vertex 5.213836379349232 0 -31.987669333815575
      vertex 5.213836379349232 3 -31.987669333815575
      vertex 5.52573785930872 3 -31.95075336098671
    endloop
  endfacet
  facet normal 0.19509031459936044 0 -0.9807852818785172
    outer loop
      vertex 5.52573785930872 0 -31.95075336098671
      vertex 5.52573785930872 3 -31.95075336098671
      vertex 5.833781458437443 3 -31.88947968184948
    endloop
  endfacet
  facet normal 0.2714404577212815 0 -0.9624552342379677
    outer loop
      vertex 5.833781458437443 0 -31.88947968184948
      vertex 5.833781458437443 3 -31.88947968184948
      vertex 6.136067979037762 3 -31.80422606319189
    endloop
  endfacet
  facet normal 0.34611705368270346 0 -0.9381913371748881
    outer loop
      vertex 6.136067979037762 0 -31.80422606319189
      vertex 6.136067979037762 3 -31.80422606319189
      vertex 6.430733732879162 3 -31.695518128573895
    endloop
  endfacet
  facet normal 0.4186597409951228 0 -0.9081431722310621
    outer loop
      vertex 6.430733732879162 0 -31.695518128573895
      vertex 6.430733732879162 3 -31.695518128573895
      vertex 6.715962000191212 3 -31.564026094973087
    endloop
  endfacet
  facet normal 0 1 0
    outer loop
      vertex 4.899999998509884 3 -32
      vertex 8.899999998509884 3 -28
      vertex 5.213836379349232 3 -31.987669333815575
    endloop
  endfacet
  facet normal 0 1 0
    outer loop
      vertex 2.1681421399116516 3 -23.19003000855446
      vertex 2.315660171210766 3 -23.060660168528557
      vertex 8.899999998509884 3 -28
    endloop
  endfacet
  facet normal 0 1 0
    outer loop
      vertex 8.899999998509884 3 -28
      vertex 2.315660171210766 3 -23.060660168528557
      vertex 2.4450300112366676 3 -22.913142144680023
    endloop
  endfacet
  facet normal 0.4186597409951228 0 -0.9081431722310621
    outer loop
      vertex 6.430733732879162 0 -31.695518128573895
      vertex 6.715962000191212 3 -31.564026094973087
      vertex 6.715962000191212 0 -31.564026094973087
    endloop
  endfacet
  facet normal 0.48862123403294383 0 -0.8724960112528442
    outer loop
      vertex 6.715962000191212 0 -31.564026094973087
      vertex 6.989994257688522 3 -31.41056066006422
      vertex 6.989994257688522 0 -31.41056066006422
    endloop
  endfacet
  facet normal 0.5555702267108766 0 -0.831469616517901
    outer loop
      vertex 6.989994257688522 0 -31.41056066006422
      vertex 7.251141011714935 3 -31.236067980527878
      vertex 7.251141011714935 0 -31.236067980527878
    endloop
  endfacet
  facet normal 0.6190939650835368 0 -0.7853169184457601
    outer loop
      vertex 7.251141011714935 0 -31.236067980527878
      vertex 7.497792191803455 3 -31.04162386059761
      vertex 7.497792191803455 0 -31.04162386059761
    endloop
  endfacet
  facet normal 0.6788007428050543 0 -0.7343225119573188
    outer loop
      vertex 7.497792191803455 0 -31.04162386059761
      vertex 7.72842712700367 3 -30.828427121043205
      vertex 7.72842712700367 0 -30.828427121043205
    endloop
  endfacet
  facet normal 0.7343225128513599 0 -0.6788007418378861
    outer loop
      vertex 7.72842712700367 0 -30.828427121043205
      vertex 7.941623859107494 3 -30.59779219329357
      vertex 7.941623859107494 0 -30.59779219329357
    endloop
  endfacet
  facet normal 0.7853169275378769 0 -0.6190939535502419
    outer loop
      vertex 7.941623859107494 0 -30.59779219329357
      vertex 8.136067979037762 3 -30.35114100575447
      vertex 8.136067979037762 0 -30.35114100575447
    endloop
  endfacet
  facet normal 0.8314696091958995 0 -0.5555702376690261
    outer loop
      vertex 8.136067979037762 0 -30.35114100575447
      vertex 8.310560658574104 3 -30.08999425917864
      vertex 8.310560658574104 0 -30.08999425917864
    endloop
  endfacet
  facet normal 0.8724960112528442 0 -0.48862123403294383
    outer loop
      vertex 8.310560658574104 0 -30.08999425917864
      vertex 8.464026093482971 3 -29.815962001681328
      vertex 8.464026093482971 0 -29.815962001681328
    endloop
  endfacet
  facet normal 0.9081431763889644 0 -0.41865973197593587
    outer loop
      vertex 8.464026093482971 0 -29.815962001681328
      vertex 8.595518127083778 3 -29.530733726918697
      vertex 8.595518127083778 0 -29.530733726918697
    endloop
  endfacet
  facet normal 0.9381913343330595 0 -0.34611706138581694
    outer loop
      vertex 8.595518127083778 0 -29.530733726918697
      vertex 8.704226061701775 3 -29.236067980527878
      vertex 8.704226061701775 0 -29.236067980527878
    endloop
  endfacet
  facet normal 0.9624552359858051 0 -0.2714404515239178
    outer loop
      vertex 8.704226061701775 0 -29.236067980527878
      vertex 8.789479680359364 3 -28.93378145247698
      vertex 8.789479680359364 0 -28.93378145247698
    endloop
  endfacet
  facet normal 0.9807852809756513 0 -0.1950903191383745
    outer loop
      vertex 8.789479680359364 0 -28.93378145247698
      vertex 8.850753359496593 3 -28.625737860798836
      vertex 8.850753359496593 0 -28.625737860798836
    endloop
  endfacet
  facet normal 0.9930684569712185 0 -0.11753739732018625
    outer loop
      vertex 8.850753359496593 0 -28.625737860798836
      vertex 8.887669332325459 3 -28.313836380839348
      vertex 8.887669332325459 0 -28.313836380839348
    endloop
  endfacet
  facet normal 0.999229036091045 0 -0.03925981956862727
    outer loop
      vertex 8.887669332325459 0 -28.313836380839348
      vertex 8.899999998509884 3 -28
      vertex 8.899999998509884 0 -28
    endloop
  endfacet
  facet normal 0.48862123403294383 0 -0.8724960112528442
    outer loop
      vertex 6.715962000191212 0 -31.564026094973087
      vertex 6.715962000191212 3 -31.564026094973087
      vertex 6.989994257688522 3 -31.41056066006422
    endloop
  endfacet
  facet normal 0.5555702267108766 0 -0.831469616517901
    outer loop
      vertex 6.989994257688522 0 -31.41056066006422
      vertex 6.989994257688522 3 -31.41056066006422
      vertex 7.251141011714935 3 -31.236067980527878
    endloop
  endfacet
  facet normal 0.6190939650835368 0 -0.7853169184457601
    outer loop
      vertex 7.251141011714935 0 -31.236067980527878
      vertex 7.251141011714935 3 -31.236067980527878
      vertex 7.497792191803455 3 -31.04162386059761
    endloop
  endfacet
  facet normal 0.6788007428050543 0 -0.7343225119573188
    outer loop
      vertex 7.497792191803455 0 -31.04162386059761
      vertex 7.497792191803455 3 -31.04162386059761
      vertex 7.72842712700367 3 -30.828427121043205
    endloop
  endfacet
  facet normal 0.7343225128513599 0 -0.6788007418378861
    outer loop
      vertex 7.72842712700367 0 -30.828427121043205
      vertex 7.72842712700367 3 -30.828427121043205
      vertex 7.941623859107494 3 -30.59779219329357
    endloop
  endfacet
  facet normal 0.7853169275378769 0 -0.6190939535502419
    outer loop
      vertex 7.941623859107494 0 -30.59779219329357
      vertex 7.941623859107494 3 -30.59779219329357
      vertex 8.136067979037762 3 -30.35114100575447
    endloop
  endfacet
  facet normal 0.8314696091958995 0 -0.5555702376690261
    outer loop
      vertex 8.136067979037762 0 -30.35114100575447
      vertex 8.136067979037762 3 -30.35114100575447
      vertex 8.310560658574104 3 -30.08999425917864
    endloop
  endfacet
  facet normal 0.8724960112528442 0 -0.48862123403294383
    outer loop
      vertex 8.310560658574104 0 -30.08999425917864
      vertex 8.310560658574104 3 -30.08999425917864
      vertex 8.464026093482971 3 -29.815962001681328
    endloop
  endfacet
  facet normal 0 1 0
    outer loop
      vertex 6.136067979037762 3 -31.80422606319189
      vertex 7.497792191803455 3 -31.04162386059761
      vertex 6.430733732879162 3 -31.695518128573895
    endloop
  endfacet
  facet normal 0 1 0
    outer loop
      vertex 6.430733732879162 3 -31.695518128573895
      vertex 7.497792191803455 3 -31.04162386059761
      vertex 6.715962000191212 3 -31.564026094973087
    endloop
  endfacet
  facet normal 0 1 0
    outer loop
      vertex 6.715962000191212 3 -31.564026094973087
      vertex 7.497792191803455 3 -31.04162386059761
      vertex 6.989994257688522 3 -31.41056066006422
    endloop
  endfacet
  facet normal 0 1 0
    outer loop
      vertex 6.136067979037762 3 -31.80422606319189
      vertex 7.72842712700367 3 -30.828427121043205
      vertex 7.497792191803455 3 -31.04162386059761
    endloop
  endfacet
  facet normal 0 1 0
    outer loop
      vertex 6.989994257688522 3 -31.41056066006422
      vertex 7.497792191803455 3 -31.04162386059761
      vertex 7.251141011714935 3 -31.236067980527878
    endloop
  endfacet
  facet normal 0 1 0
    outer loop
      vertex 6.136067979037762 3 -31.80422606319189
      vertex 7.941623859107494 3 -30.59779219329357
      vertex 7.72842712700367 3 -30.828427121043205
    endloop
  endfacet
  facet normal 0 1 0
    outer loop
      vertex 5.213836379349232 3 -31.987669333815575
      vertex 8.899999998509884 3 -28
      vertex 5.52573785930872 3 -31.95075336098671
    endloop
  endfacet
  facet normal 0 1 0
    outer loop
      vertex 5.52573785930872 3 -31.95075336098671
      vertex 8.899999998509884 3 -28
      vertex 5.833781458437443 3 -31.88947968184948
    endloop
  endfacet
  facet normal 0 1 0
    outer loop
      vertex 5.833781458437443 3 -31.88947968184948
      vertex 8.899999998509884 3 -28
      vertex 6.136067979037762 3 -31.80422606319189
    endloop
  endfacet
  facet normal 0 1 0
    outer loop
      vertex 6.136067979037762 3 -31.80422606319189
      vertex 8.136067979037762 3 -30.35114100575447
      vertex 7.941623859107494 3 -30.59779219329357
    endloop
  endfacet
  facet normal 0 1 0
    outer loop
      vertex 6.136067979037762 3 -31.80422606319189
      vertex 8.310560658574104 3 -30.08999425917864
      vertex 8.136067979037762 3 -30.35114100575447
    endloop
  endfacet
  facet normal 0 1 0
    outer loop
      vertex 6.136067979037762 3 -31.80422606319189
      vertex 8.464026093482971 3 -29.815962001681328
      vertex 8.310560658574104 3 -30.08999425917864
    endloop
  endfacet
  facet normal 0 1 0
    outer loop
      vertex 6.136067979037762 3 -31.80422606319189
      vertex 8.595518127083778 3 -29.530733726918697
      vertex 8.464026093482971 3 -29.815962001681328
    endloop
  endfacet
  facet normal 0 1 0
    outer loop
      vertex 6.136067979037762 3 -31.80422606319189
      vertex 8.704226061701775 3 -29.236067980527878
      vertex 8.595518127083778 3 -29.530733726918697
    endloop
  endfacet
  facet normal 0 1 0
    outer loop
      vertex 6.136067979037762 3 -31.80422606319189
      vertex 8.789479680359364 3 -28.93378145247698
      vertex 8.704226061701775 3 -29.236067980527878
    endloop
  endfacet
  facet normal 0 1 0
    outer loop
      vertex 6.136067979037762 3 -31.80422606319189
      vertex 8.850753359496593 3 -28.625737860798836
      vertex 8.789479680359364 3 -28.93378145247698
    endloop
  endfacet
  facet normal 0 1 0
    outer loop
      vertex 6.136067979037762 3 -31.80422606319189
      vertex 8.887669332325459 3 -28.313836380839348
      vertex 8.850753359496593 3 -28.625737860798836
    endloop
  endfacet
  facet normal 0 1 0
    outer loop
      vertex 6.136067979037762 3 -31.80422606319189
      vertex 8.899999998509884 3 -28
      vertex 8.887669332325459 3 -28.313836380839348
    endloop
  endfacet
  facet normal 0.9081431763889644 0 -0.41865973197593587
    outer loop
      vertex 8.464026093482971 0 -29.815962001681328
      vertex 8.464026093482971 3 -29.815962001681328
      vertex 8.595518127083778 3 -29.530733726918697
    endloop
  endfacet
  facet normal 0.9381913343330595 0 -0.34611706138581694
    outer loop
      vertex 8.595518127083778 0 -29.530733726918697
      vertex 8.595518127083778 3 -29.530733726918697
      vertex 8.704226061701775 3 -29.236067980527878
    endloop
  endfacet
  facet normal 0.9624552359858051 0 -0.2714404515239178
    outer loop
      vertex 8.704226061701775 0 -29.236067980527878
      vertex 8.704226061701775 3 -29.236067980527878
      vertex 8.789479680359364 3 -28.93378145247698
    endloop
  endfacet
  facet normal 0.9807852809756513 0 -0.1950903191383745
    outer loop
      vertex 8.789479680359364 0 -28.93378145247698
      vertex 8.789479680359364 3 -28.93378145247698
      vertex 8.850753359496593 3 -28.625737860798836
    endloop
  endfacet
  facet normal 0.9930684569712185 0 -0.11753739732018625
    outer loop
      vertex 8.850753359496593 0 -28.625737860798836
      vertex 8.850753359496593 3 -28.625737860798836
      vertex 8.887669332325459 3 -28.313836380839348
    endloop
  endfacet
  facet normal 0.999229036091045 0 -0.03925981956862727
    outer loop
      vertex 8.887669332325459 0 -28.313836380839348
      vertex 8.887669332325459 3 -28.313836380839348
      vertex 8.899999998509884 3 -28
    endloop
  endfacet
  facet normal -0.9978589229274388 0 0.06540313397759875
    outer loop
      vertex 2.742167294025421 0.5 -22.19578928500414
      vertex 2.755000002682209 0.5 -22
      vertex 2.755000002682209 3 -22
    endloop
  endfacet
  facet normal -0.9978589229274388 0 -0.06540313397759875
    outer loop
      vertex 2.755000002682209 0.5 -22
      vertex 2.742167294025421 3 -21.80421071499586
      vertex 2.755000002682209 3 -22
    endloop
  endfacet
  facet normal 0 1 0
    outer loop
      vertex 8.899999998509884 3 -28
      vertex 2.4450300112366676 3 -22.913142144680023
      vertex 2.554038107395172 3 -22.75
    endloop
  endfacet
  facet normal 0 1 0
    outer loop
      vertex 8.899999998509884 3 -28
      vertex 2.554038107395172 3 -22.75
      vertex 2.6408192962408066 3 -22.57402514666319
    endloop
  endfacet
  facet normal 0 1 0
    outer loop
      vertex 8.899999998509884 3 -28
      vertex 2.6408192962408066 3 -22.57402514666319
      vertex 2.703888736665249 3 -22.388228565454483
    endloop
  endfacet
  facet normal 0 1 0
    outer loop
      vertex 8.899999998509884 3 -28
      vertex 2.703888736665249 3 -22.388228565454483
      vertex 2.742167294025421 3 -22.19578928500414
    endloop
  endfacet
  facet normal 0 1 0
    outer loop
      vertex 8.899999998509884 3 -28
      vertex 2.742167294025421 3 -22.19578928500414
      vertex 2.755000002682209 3 -22
    endloop
  endfacet
  facet normal 0 1 0
    outer loop
      vertex 8.899999998509884 3 -28
      vertex 2.755000002682209 3 -22
      vertex 2.742167294025421 3 -21.80421071499586
    endloop
  endfacet
  facet normal 0 1 0
    outer loop
      vertex 8.899999998509884 3 -28
      vertex 2.742167294025421 3 -21.80421071499586
      vertex 2.703888736665249 3 -21.611771434545517
    endloop
  endfacet
  facet normal 0 1 0
    outer loop
      vertex 2.4450300112366676 3 -21.086857855319977
      vertex 8.899999998509884 3 -15.145000003278255
      vertex 2.554038107395172 3 -21.25
    endloop
  endfacet
  facet normal 0 1 0
    outer loop
      vertex 2.4450300112366676 3 -21.086857855319977
      vertex 2.315660171210766 3 -20.939339831471443
      vertex 8.899999998509884 3 -15.145000003278255
    endloop
  endfacet
  facet normal 0 1 0
    outer loop
      vertex 0.505000002682209 3 -20.700961895287037
      vertex 8.899999998509884 3 -15.145000003278255
      vertex 0.6809748485684395 3 -20.614180698990822
    endloop
  endfacet
  facet normal 0 1 0
    outer loop
      vertex 0.6809748485684395 3 -20.614180698990822
      vertex 8.899999998509884 3 -15.145000003278255
      vertex 0.8667714297771454 3 -20.55111125856638
    endloop
  endfacet
  facet normal 0 1 0
    outer loop
      vertex 0.8667714297771454 3 -20.55111125856638
      vertex 8.899999998509884 3 -15.145000003278255
      vertex 1.0592107102274895 3 -20.512832708656788
    endloop
  endfacet
  facet normal 0 1 0
    outer loop
      vertex 1.0592107102274895 3 -20.512832708656788
      vertex 8.899999998509884 3 -15.145000003278255
      vertex 1.255000002682209 3 -20.5
    endloop
  endfacet
  facet normal 0 1 0
    outer loop
      vertex 1.255000002682209 3 -20.5
      vertex 8.899999998509884 3 -15.145000003278255
      vertex 1.450789287686348 3 -20.512832708656788
    endloop
  endfacet
  facet normal 0 1 0
    outer loop
      vertex 1.643228568136692 3 -20.55111125856638
      vertex 8.899999998509884 3 -15.145000003278255
      vertex 1.829025149345398 3 -20.614180698990822
    endloop
  endfacet
  facet normal 0 1 0
    outer loop
      vertex 1.450789287686348 3 -20.512832708656788
      vertex 8.899999998509884 3 -15.145000003278255
      vertex 1.643228568136692 3 -20.55111125856638
    endloop
  endfacet
  facet normal 0 1 0
    outer loop
      vertex 1.829025149345398 3 -20.614180698990822
      vertex 8.899999998509884 3 -15.145000003278255
      vertex 2.005000002682209 3 -20.700961895287037
    endloop
  endfacet
  facet normal 0 1 0
    outer loop
      vertex 2.005000002682209 3 -20.700961895287037
      vertex 8.899999998509884 3 -15.145000003278255
      vertex 2.1681421399116516 3 -20.80996999144554
    endloop
  endfacet
  facet normal 0 1 0
    outer loop
      vertex 2.1681421399116516 3 -20.80996999144554
      vertex 8.899999998509884 3 -15.145000003278255
      vertex 2.315660171210766 3 -20.939339831471443
    endloop
  endfacet
  facet normal 0 1 0
    outer loop
      vertex 2.703888736665249 3 -21.611771434545517
      vertex 2.6408192962408066 3 -21.42597485333681
      vertex 8.899999998509884 3 -15.145000003278255
    endloop
  endfacet
  facet normal 0 1 0
    outer loop
      vertex 2.6408192962408066 3 -21.42597485333681
      vertex 2.554038107395172 3 -21.25
      vertex 8.899999998509884 3 -15.145000003278255
    endloop
  endfacet
  facet normal 1 0 0
    outer loop
      vertex 8.899999998509884 0 -28
      vertex 8.899999998509884 3 -15.145000003278255
      vertex 8.899999998509884 0 -15.145000003278255
    endloop
  endfacet
  facet normal 0 1 0
    outer loop
      vertex 8.899999998509884 3 -28
      vertex 2.703888736665249 3 -21.611771434545517
      vertex 8.899999998509884 3 -15.145000003278255
    endloop
  endfacet
  facet normal 1 0 0
    outer loop
      vertex 8.899999998509884 0 -28
      vertex 8.899999998509884 3 -28
      vertex 8.899999998509884 3 -15.145000003278255
    endloop
  endfacet
  facet normal 0.6715589548470168 0 -0.7409511253549604
    outer loop
      vertex 2.981648435569134 -2.4 -14.633149130804863
      vertex 2.981648435569134 0 -14.633149130804863
      vertex 3.323401871576774 0 -14.323401871576774
    endloop
  endfacet
  facet normal 0.7409511253549595 0 -0.6715589548470179
    outer loop
      vertex 3.633149130804864 -2.4 -13.981648435569134
      vertex 3.323401871576774 0 -14.323401871576774
      vertex 3.633149130804864 0 -13.981648435569134
    endloop
  endfacet
  facet normal 0.803207531480645 0 -0.595699304492433
    outer loop
      vertex 3.9079071778219627 -2.4 -13.61118009519213
      vertex 3.633149130804864 0 -13.981648435569134
      vertex 3.9079071778219627 0 -13.61118009519213
    endloop
  endfacet
  facet normal 0.8577286100002722 0 -0.5141027441932213
    outer loop
      vertex 4.145029942437269 -2.4 -13.215564663082189
      vertex 3.9079071778219627 0 -13.61118009519213
      vertex 4.145029942437269 0 -13.215564663082189
    endloop
  endfacet
  facet normal 0.9039892931234429 0 -0.4275550934302831
    outer loop
      vertex 4.342233802803048 -2.4 -12.798612132115922
      vertex 4.145029942437269 0 -13.215564663082189
      vertex 4.342233802803048 0 -12.798612132115922
    endloop
  endfacet
  facet normal 0.9415440651830214 0 -0.3368898533922183
    outer loop
      vertex 4.497619577941381 -2.4 -12.364337983095973
      vertex 4.342233802803048 0 -12.798612132115922
      vertex 4.497619577941381 0 -12.364337983095973
    endloop
  endfacet
  facet normal 0.9700312531945439 0 -0.24298017990326448
    outer loop
      vertex 4.609690817895183 -2.4 -11.916924513475802
      vertex 4.497619577941381 0 -12.364337983095973
      vertex 4.609690817895183 0 -11.916924513475802
    endloop
  endfacet
  facet normal 0.9891765099647809 0 0.14673047445536205
    outer loop
      vertex 4.609690817895183 -2.4 -10.083075486524198
      vertex 4.6773682153593255 0 -10.539319440451065
      vertex 4.609690817895183 0 -10.083075486524198
    endloop
  endfacet
  facet normal 0.9700312531945439 0 0.24298017990326448
    outer loop
      vertex 4.497619577941381 -2.4 -9.635662016904027
      vertex 4.609690817895183 0 -10.083075486524198
      vertex 4.497619577941381 0 -9.635662016904027
    endloop
  endfacet
  facet normal 0.9891765099647809 0 -0.14673047445536205
    outer loop
      vertex 4.6773682153593255 -2.4 -11.460680559548935
      vertex 4.609690817895183 0 -11.916924513475802
      vertex 4.6773682153593255 0 -11.460680559548935
    endloop
  endfacet
  facet normal 0.9987954562051724 0 -0.049067674327418175
    outer loop
      vertex 4.7 -2.4 -11
      vertex 4.6773682153593255 0 -11.460680559548935
      vertex 4.7 0 -11
    endloop
  endfacet
  facet normal 0.9987954562051724 0 0.049067674327418175
    outer loop
      vertex 4.6773682153593255 -2.4 -10.539319440451065
      vertex 4.7 0 -11
      vertex 4.6773682153593255 0 -10.539319440451065
    endloop
  endfacet
  facet normal 0 -1 0
    outer loop
      vertex 1.798612132115922 0 -15.342233802803047
      vertex 4.899999998509884 0 -16.601431898772717
      vertex 2.215564663082189 0 -15.145029942437269
    endloop
  endfacet
  facet normal 0 -1 0
    outer loop
      vertex 2.215564663082189 0 -15.145029942437269
      vertex 4.899999998509884 0 -16.601431898772717
      vertex 5.267945520579815 0 -16.267945520579815
    endloop
  endfacet
  facet normal 0 -1 0
    outer loop
      vertex 2.215564663082189 0 -15.145029942437269
      vertex 5.267945520579815 0 -16.267945520579815
      vertex 5.758927874267101 0 -15.726229965686798
    endloop
  endfacet
  facet normal 0 -1 0
    outer loop
      vertex 2.215564663082189 0 -15.145029942437269
      vertex 6.194448612630367 0 -15.138998232781887
      vertex 2.6111800951921302 0 -14.907907177821963
    endloop
  endfacet
  facet normal 0 -1 0
    outer loop
      vertex 2.6111800951921302 0 -14.907907177821963
      vertex 6.570313416421413 0 -14.511905692517757
      vertex 2.981648435569134 0 -14.633149130804863
    endloop
  endfacet
  facet normal 0 -1 0
    outer loop
      vertex 2.981648435569134 0 -14.633149130804863
      vertex 6.570313416421413 0 -14.511905692517757
      vertex 3.323401871576774 0 -14.323401871576774
    endloop
  endfacet
  facet normal 0 -1 0
    outer loop
      vertex 3.323401871576774 0 -14.323401871576774
      vertex 6.882902517914772 0 -13.850991569459438
      vertex 3.633149130804864 0 -13.981648435569134
    endloop
  endfacet
  facet normal 0 -1 0
    outer loop
      vertex 2.215564663082189 0 -15.145029942437269
      vertex 5.758927874267101 0 -15.726229965686798
      vertex 6.194448612630367 0 -15.138998232781887
    endloop
  endfacet
  facet normal 0 -1 0
    outer loop
      vertex 2.6111800951921302 0 -14.907907177821963
      vertex 6.194448612630367 0 -15.138998232781887
      vertex 6.570313416421413 0 -14.511905692517757
    endloop
  endfacet
  facet normal 0 -1 0
    outer loop
      vertex 3.633149130804864 0 -13.981648435569134
      vertex 7.1292055025696754 0 -13.162620842456818
      vertex 3.9079071778219627 0 -13.61118009519213
    endloop
  endfacet
  facet normal 0 -1 0
    outer loop
      vertex 3.323401871576774 0 -14.323401871576774
      vertex 6.570313416421413 0 -14.511905692517757
      vertex 6.882902517914772 0 -13.850991569459438
    endloop
  endfacet
  facet normal 0 -1 0
    outer loop
      vertex 3.633149130804864 0 -13.981648435569134
      vertex 6.882902517914772 0 -13.850991569459438
      vertex 7.1292055025696754 0 -13.162620842456818
    endloop
  endfacet
  facet normal 0 -1 0
    outer loop
      vertex 3.9079071778219627 0 -13.61118009519213
      vertex 7.306850336492062 0 -12.453422896564007
      vertex 4.145029942437269 0 -13.215564663082189
    endloop
  endfacet
  facet normal 0 -1 0
    outer loop
      vertex 4.145029942437269 0 -13.215564663082189
      vertex 7.414126217365265 0 -11.730227693915367
      vertex 4.342233802803048 0 -12.798612132115922
    endloop
  endfacet
  facet normal 0 -1 0
    outer loop
      vertex 4.342233802803048 0 -12.798612132115922
      vertex 7.414126217365265 0 -11.730227693915367
      vertex 4.497619577941381 0 -12.364337983095973
    endloop
  endfacet
  facet normal 0 -1 0
    outer loop
      vertex 4.497619577941381 0 -12.364337983095973
      vertex 7.450000002980232 0 -11
      vertex 4.609690817895183 0 -11.916924513475802
    endloop
  endfacet
  facet normal 0 -1 0
    outer loop
      vertex 3.9079071778219627 0 -13.61118009519213
      vertex 7.1292055025696754 0 -13.162620842456818
      vertex 7.306850336492062 0 -12.453422896564007
    endloop
  endfacet
  facet normal 0 -1 0
    outer loop
      vertex 4.145029942437269 0 -13.215564663082189
      vertex 7.306850336492062 0 -12.453422896564007
      vertex 7.414126217365265 0 -11.730227693915367
    endloop
  endfacet
  facet normal 0 -1 0
    outer loop
      vertex 4.497619577941381 0 -12.364337983095973
      vertex 7.414126217365265 0 -11.730227693915367
      vertex 7.450000002980232 0 -11
    endloop
  endfacet
  facet normal 0 -1 0
    outer loop
      vertex 4.609690817895183 0 -11.916924513475802
      vertex 7.450000002980232 0 -11
      vertex 4.6773682153593255 0 -11.460680559548935
    endloop
  endfacet
  facet normal 0 -1 0
    outer loop
      vertex 4.7 0 -11
      vertex 7.306850336492062 0 -9.546577103435993
      vertex 4.6773682153593255 0 -10.539319440451065
    endloop
  endfacet
  facet normal 0 -1 0
    outer loop
      vertex 4.6773682153593255 0 -10.539319440451065
      vertex 7.306850336492062 0 -9.546577103435993
      vertex 4.609690817895183 0 -10.083075486524198
    endloop
  endfacet
  facet normal 0 -1 0
    outer loop
      vertex 4.6773682153593255 0 -11.460680559548935
      vertex 7.414126217365265 0 -10.269772306084633
      vertex 4.7 0 -11
    endloop
  endfacet
  facet normal 0 -1 0
    outer loop
      vertex 4.6773682153593255 0 -11.460680559548935
      vertex 7.450000002980232 0 -11
      vertex 7.414126217365265 0 -10.269772306084633
    endloop
  endfacet
  facet normal 0 -1 0
    outer loop
      vertex 4.7 0 -11
      vertex 7.414126217365265 0 -10.269772306084633
      vertex 7.306850336492062 0 -9.546577103435993
    endloop
  endfacet
  facet normal 0.9415440651830214 0 0.3368898533922183
    outer loop
      vertex 4.342233802803048 -2.4 -9.201387867884078
      vertex 4.497619577941381 0 -9.635662016904027
      vertex 4.342233802803048 0 -9.201387867884078
    endloop
  endfacet
  facet normal 0.9039892931234429 0 0.4275550934302831
    outer loop
      vertex 4.145029942437269 -2.4 -8.784435336917811
      vertex 4.342233802803048 0 -9.201387867884078
      vertex 4.145029942437269 0 -8.784435336917811
    endloop
  endfacet
  facet normal 0.8577286100002722 0 0.5141027441932213
    outer loop
      vertex 3.9079071778219627 -2.4 -8.38881990480787
      vertex 4.145029942437269 0 -8.784435336917811
      vertex 3.9079071778219627 0 -8.38881990480787
    endloop
  endfacet
  facet normal 0.803207531480645 0 0.595699304492433
    outer loop
      vertex 3.633149130804864 -2.4 -8.018351564430866
      vertex 3.9079071778219627 0 -8.38881990480787
      vertex 3.633149130804864 0 -8.018351564430866
    endloop
  endfacet
  facet normal 0.6715589548470168 0 0.7409511253549604
    outer loop
      vertex 3.323401871576774 -2.4 -7.676598128423226
      vertex 3.323401871576774 0 -7.676598128423226
      vertex 2.981648435569134 0 -7.366850869195137
    endloop
  endfacet
  facet normal 0.5956993044924342 0 0.8032075314806442
    outer loop
      vertex 2.981648435569134 -2.4 -7.366850869195137
      vertex 2.981648435569134 0 -7.366850869195137
      vertex 2.6111800951921302 0 -7.092092822178037
    endloop
  endfacet
  facet normal 0.7409511253549595 0 0.6715589548470179
    outer loop
      vertex 3.323401871576774 -2.4 -7.676598128423226
      vertex 3.633149130804864 0 -8.018351564430866
      vertex 3.323401871576774 0 -7.676598128423226
    endloop
  endfacet
  facet normal 0 -1 0
    outer loop
      vertex 2.981648435569134 0 -7.366850869195137
      vertex 3.323401871576774 0 -7.676598128423226
      vertex 5.3744520246982574 0 -5.849566303193569
    endloop
  endfacet
  facet normal 0 -1 0
    outer loop
      vertex 3.633149130804864 0 -8.018351564430866
      vertex 3.9079071778219627 0 -8.38881990480787
      vertex 5.758927874267101 0 -6.273770034313202
    endloop
  endfacet
  facet normal 0 -1 0
    outer loop
      vertex 3.633149130804864 0 -8.018351564430866
      vertex 5.758927874267101 0 -6.273770034313202
      vertex 3.323401871576774 0 -7.676598128423226
    endloop
  endfacet
  facet normal 0 -1 0
    outer loop
      vertex 2.6111800951921302 0 -7.092092822178037
      vertex 2.981648435569134 0 -7.366850869195137
      vertex 5.881997220218182 0 -5.003709740936756
    endloop
  endfacet
  facet normal 0 -1 0
    outer loop
      vertex 2.215564663082189 0 -6.854970057562731
      vertex 2.6111800951921302 0 -7.092092822178037
      vertex 6.7587097361683846 0 -4.126997224986553
    endloop
  endfacet
  facet normal 0 -1 0
    outer loop
      vertex 2.981648435569134 0 -7.366850869195137
      vertex 5.3744520246982574 0 -5.849566303193569
      vertex 5.536843858659267 0 -5.520268253982067
    endloop
  endfacet
  facet normal 0 -1 0
    outer loop
      vertex 4.609690817895183 0 -10.083075486524198
      vertex 7.1292055025696754 0 -8.837379157543182
      vertex 4.497619577941381 0 -9.635662016904027
    endloop
  endfacet
  facet normal 0 -1 0
    outer loop
      vertex 4.497619577941381 0 -9.635662016904027
      vertex 6.882902517914772 0 -8.149008430540562
      vertex 4.342233802803048 0 -9.201387867884078
    endloop
  endfacet
  facet normal 0 -1 0
    outer loop
      vertex 3.9079071778219627 0 -8.38881990480787
      vertex 4.145029942437269 0 -8.784435336917811
      vertex 6.570313416421413 0 -7.488094307482243
    endloop
  endfacet
  facet normal 0 -1 0
    outer loop
      vertex 4.145029942437269 0 -8.784435336917811
      vertex 4.342233802803048 0 -9.201387867884078
      vertex 6.882902517914772 0 -8.149008430540562
    endloop
  endfacet
  facet normal 0 -1 0
    outer loop
      vertex 4.609690817895183 0 -10.083075486524198
      vertex 7.306850336492062 0 -9.546577103435993
      vertex 7.1292055025696754 0 -8.837379157543182
    endloop
  endfacet
  facet normal 0 -1 0
    outer loop
      vertex 4.497619577941381 0 -9.635662016904027
      vertex 7.1292055025696754 0 -8.837379157543182
      vertex 6.882902517914772 0 -8.149008430540562
    endloop
  endfacet
  facet normal 0 -1 0
    outer loop
      vertex 4.145029942437269 0 -8.784435336917811
      vertex 6.882902517914772 0 -8.149008430540562
      vertex 6.570313416421413 0 -7.488094307482243
    endloop
  endfacet
  facet normal 0 -1 0
    outer loop
      vertex 3.9079071778219627 0 -8.38881990480787
      vertex 6.570313416421413 0 -7.488094307482243
      vertex 6.194448612630367 0 -6.861001767218113
    endloop
  endfacet
  facet normal 0 -1 0
    outer loop
      vertex 3.9079071778219627 0 -8.38881990480787
      vertex 6.194448612630367 0 -6.861001767218113
      vertex 5.758927874267101 0 -6.273770034313202
    endloop
  endfacet
  facet normal 0 -1 0
    outer loop
      vertex 3.323401871576774 0 -7.676598128423226
      vertex 5.758927874267101 0 -6.273770034313202
      vertex 5.3744520246982574 0 -5.849566303193569
    endloop
  endfacet
  facet normal 0 -1 0
    outer loop
      vertex 2.981648435569134 0 -7.366850869195137
      vertex 5.536843858659267 0 -5.520268253982067
      vertex 5.881997220218182 0 -5.003709740936756
    endloop
  endfacet
  facet normal 0 -1 0
    outer loop
      vertex 2.6111800951921302 0 -7.092092822178037
      vertex 5.881997220218182 0 -5.003709740936756
      vertex 6.291622087359428 0 -4.5366220921278
    endloop
  endfacet
  facet normal 0 -1 0
    outer loop
      vertex 2.6111800951921302 0 -7.092092822178037
      vertex 6.291622087359428 0 -4.5366220921278
      vertex 6.7587097361683846 0 -4.126997224986553
    endloop
  endfacet
  facet normal 0 -1 0
    outer loop
      vertex 2.215564663082189 0 -6.854970057562731
      vertex 6.7587097361683846 0 -4.126997224986553
      vertex 7.2752682492136955 0 -3.781843863427639
    endloop
  endfacet
  facet normal -0.9978589229274388 0 0.06540313397759875
    outer loop
      vertex 2.742167294025421 0.5 -12.195789285004139
      vertex 2.755000002682209 0.5 -12
      vertex 2.755000002682209 3 -12
    endloop
  endfacet
  facet normal -0.9978589229274388 0 -0.06540313397759875
    outer loop
      vertex 2.755000002682209 0.5 -12
      vertex 2.742167294025421 3 -11.804210714995861
      vertex 2.755000002682209 3 -12
    endloop
  endfacet
  facet normal 0 1 0
    outer loop
      vertex 1.450789287686348 3 -13.487167291343212
      vertex 1.643228568136692 3 -13.44888874143362
      vertex 9.291547872126102 3 -12.6728640422225
    endloop
  endfacet
  facet normal 0 1 0
    outer loop
      vertex 1.643228568136692 3 -13.44888874143362
      vertex 1.829025149345398 3 -13.385819301009178
      vertex 9.291547872126102 3 -12.6728640422225
    endloop
  endfacet
  facet normal 0 1 0
    outer loop
      vertex 1.829025149345398 3 -13.385819301009178
      vertex 2.005000002682209 3 -13.299038104712963
      vertex 9.291547872126102 3 -12.6728640422225
    endloop
  endfacet
  facet normal 0 1 0
    outer loop
      vertex 2.005000002682209 3 -13.299038104712963
      vertex 2.1681421399116516 3 -13.190030008554459
      vertex 9.291547872126102 3 -12.6728640422225
    endloop
  endfacet
  facet normal 0 1 0
    outer loop
      vertex 2.1681421399116516 3 -13.190030008554459
      vertex 2.315660171210766 3 -13.060660168528557
      vertex 9.291547872126102 3 -12.6728640422225
    endloop
  endfacet
  facet normal 0 1 0
    outer loop
      vertex 2.315660171210766 3 -13.060660168528557
      vertex 2.4450300112366676 3 -12.913142144680023
      vertex 9.508963741362095 3 -12.08353254199028
    endloop
  endfacet
  facet normal 0 1 0
    outer loop
      vertex 2.4450300112366676 3 -12.913142144680023
      vertex 2.554038107395172 3 -12.75
      vertex 9.508963741362095 3 -12.08353254199028
    endloop
  endfacet
  facet normal 0 1 0
    outer loop
      vertex 2.554038107395172 3 -12.75
      vertex 2.6408192962408066 3 -12.574025146663189
      vertex 9.77194780856371 3 -11.5130759999156
    endloop
  endfacet
  facet normal 0 1 0
    outer loop
      vertex 2.6408192962408066 3 -12.574025146663189
      vertex 2.703888736665249 3 -12.388228565454483
      vertex 9.77194780856371 3 -11.5130759999156
    endloop
  endfacet
  facet normal 0 1 0
    outer loop
      vertex 2.703888736665249 3 -12.388228565454483
      vertex 2.742167294025421 3 -12.195789285004139
      vertex 10.078878685832024 3 -10.965011484920979
    endloop
  endfacet
  facet normal 0 1 0
    outer loop
      vertex 2.742167294025421 3 -12.195789285004139
      vertex 2.755000002682209 3 -12
      vertex 10.078878685832024 3 -10.965011484920979
    endloop
  endfacet
  facet normal 0 1 0
    outer loop
      vertex 2.755000002682209 3 -12
      vertex 2.742167294025421 3 -11.804210714995861
      vertex 10.427864044904709 3 -10.442717984318733
    endloop
  endfacet
  facet normal 0 1 0
    outer loop
      vertex 2.703888736665249 3 -11.611771434545517
      vertex 10.816752277314663 3 -9.949415616691113
      vertex 2.742167294025421 3 -11.804210714995861
    endloop
  endfacet
  facet normal 0 1 0
    outer loop
      vertex 2.703888736665249 3 -11.611771434545517
      vertex 2.6408192962408066 3 -11.425974853336811
      vertex 11.243145748972893 3 -9.488145753741264
    endloop
  endfacet
  facet normal 0 1 0
    outer loop
      vertex 2.005000002682209 3 -10.700961895287037
      vertex 1.829025149345398 3 -10.614180698990822
      vertex 12.197717979550362 3 -8.6728640422225
    endloop
  endfacet
  facet normal 0 1 0
    outer loop
      vertex 2.005000002682209 3 -10.700961895287037
      vertex 12.197717979550362 3 -8.6728640422225
      vertex 2.1681421399116516 3 -10.809969991445541
    endloop
  endfacet
  facet normal 0 1 0
    outer loop
      vertex 2.1681421399116516 3 -10.809969991445541
      vertex 12.197717979550362 3 -8.6728640422225
      vertex 2.315660171210766 3 -10.939339831471443
    endloop
  endfacet
  facet normal 0 1 0
    outer loop
      vertex 2.6408192962408066 3 -11.425974853336811
      vertex 2.554038107395172 3 -11.25
      vertex 11.704415611922741 3 -9.061752274632454
    endloop
  endfacet
  facet normal 0 1 0
    outer loop
      vertex 2.4450300112366676 3 -11.086857855319977
      vertex 2.315660171210766 3 -10.939339831471443
      vertex 12.197717979550362 3 -8.6728640422225
    endloop
  endfacet
  facet normal 0 1 0
    outer loop
      vertex 2.4450300112366676 3 -11.086857855319977
      vertex 12.197717979550362 3 -8.6728640422225
      vertex 2.554038107395172 3 -11.25
    endloop
  endfacet
  facet normal 0.9992290361093268 0 -0.039259819103324954
    outer loop
      vertex 8.899999998509884 0 -15.145000003278255
      vertex 8.924661330878735 3 -14.51732723414898
      vertex 8.924661330878735 0 -14.51732723414898
    endloop
  endfacet
  facet normal 0.993068456807358 0 -0.11753739870463581
    outer loop
      vertex 8.924661330878735 0 -14.51732723414898
      vertex 8.998493276536465 3 -13.893524281680584
      vertex 8.998493276536465 0 -13.893524281680584
    endloop
  endfacet
  facet normal 0.9807852814270842 0 -0.19509031686886744
    outer loop
      vertex 8.998493276536465 0 -13.893524281680584
      vertex 9.121040634810925 3 -13.277437090873718
      vertex 9.121040634810925 0 -13.277437090873718
    endloop
  endfacet
  facet normal 0.9624552351118865 0 -0.27144045462259964
    outer loop
      vertex 9.121040634810925 0 -13.277437090873718
      vertex 9.291547872126102 3 -12.6728640422225
      vertex 9.291547872126102 0 -12.6728640422225
    endloop
  endfacet
  facet normal 0.9381913357539738 0 -0.34611705753426014
    outer loop
      vertex 9.291547872126102 0 -12.6728640422225
      vertex 9.508963741362095 3 -12.08353254199028
      vertex 9.508963741362095 0 -12.08353254199028
    endloop
  endfacet
  facet normal 0.9081431743100132 0 -0.4186597364855293
    outer loop
      vertex 9.508963741362095 0 -12.08353254199028
      vertex 9.77194780856371 3 -11.5130759999156
      vertex 9.77194780856371 0 -11.5130759999156
    endloop
  endfacet
  facet normal 0.872496006196255 0 -0.48862124306213356
    outer loop
      vertex 9.77194780856371 0 -11.5130759999156
      vertex 10.078878685832024 3 -10.965011484920979
      vertex 10.078878685832024 0 -10.965011484920979
    endloop
  endfacet
  facet normal 0.8314696128569002 0 -0.5555702321899513
    outer loop
      vertex 10.078878685832024 0 -10.965011484920979
      vertex 10.427864044904709 3 -10.442717984318733
      vertex 10.427864044904709 0 -10.442717984318733
    endloop
  endfacet
  facet normal 0.9992290361093268 0 -0.039259819103324954
    outer loop
      vertex 8.899999998509884 0 -15.145000003278255
      vertex 8.899999998509884 3 -15.145000003278255
      vertex 8.924661330878735 3 -14.51732723414898
    endloop
  endfacet
  facet normal 0.993068456807358 0 -0.11753739870463581
    outer loop
      vertex 8.924661330878735 0 -14.51732723414898
      vertex 8.924661330878735 3 -14.51732723414898
      vertex 8.998493276536465 3 -13.893524281680584
    endloop
  endfacet
  facet normal 0.9807852814270842 0 -0.19509031686886744
    outer loop
      vertex 8.998493276536465 0 -13.893524281680584
      vertex 8.998493276536465 3 -13.893524281680584
      vertex 9.121040634810925 3 -13.277437090873718
    endloop
  endfacet
  facet normal 0 1 0
    outer loop
      vertex 2.315660171210766 3 -13.060660168528557
      vertex 9.508963741362095 3 -12.08353254199028
      vertex 9.291547872126102 3 -12.6728640422225
    endloop
  endfacet
  facet normal 0 1 0
    outer loop
      vertex 2.554038107395172 3 -12.75
      vertex 9.77194780856371 3 -11.5130759999156
      vertex 9.508963741362095 3 -12.08353254199028
    endloop
  endfacet
  facet normal 0 1 0
    outer loop
      vertex 2.703888736665249 3 -12.388228565454483
      vertex 10.078878685832024 3 -10.965011484920979
      vertex 9.77194780856371 3 -11.5130759999156
    endloop
  endfacet
  facet normal 0 1 0
    outer loop
      vertex 2.755000002682209 3 -12
      vertex 10.427864044904709 3 -10.442717984318733
      vertex 10.078878685832024 3 -10.965011484920979
    endloop
  endfacet
  facet normal 0 1 0
    outer loop
      vertex 2.742167294025421 3 -11.804210714995861
      vertex 10.816752277314663 3 -9.949415616691113
      vertex 10.427864044904709 3 -10.442717984318733
    endloop
  endfacet
  facet normal 0 1 0
    outer loop
      vertex 2.703888736665249 3 -11.611771434545517
      vertex 11.243145748972893 3 -9.488145753741264
      vertex 10.816752277314663 3 -9.949415616691113
    endloop
  endfacet
  facet normal 0.9624552351118865 0 -0.27144045462259964
    outer loop
      vertex 9.121040634810925 0 -13.277437090873718
      vertex 9.121040634810925 3 -13.277437090873718
      vertex 9.291547872126102 3 -12.6728640422225
    endloop
  endfacet
  facet normal 0.9381913357539738 0 -0.34611705753426014
    outer loop
      vertex 9.291547872126102 0 -12.6728640422225
      vertex 9.291547872126102 3 -12.6728640422225
      vertex 9.508963741362095 3 -12.08353254199028
    endloop
  endfacet
  facet normal 0.9081431743100132 0 -0.4186597364855293
    outer loop
      vertex 9.508963741362095 0 -12.08353254199028
      vertex 9.508963741362095 3 -12.08353254199028
      vertex 9.77194780856371 3 -11.5130759999156
    endloop
  endfacet
  facet normal 0.872496006196255 0 -0.48862124306213356
    outer loop
      vertex 9.77194780856371 0 -11.5130759999156
      vertex 9.77194780856371 3 -11.5130759999156
      vertex 10.078878685832024 3 -10.965011484920979
    endloop
  endfacet
  facet normal 0.8314696128569002 0 -0.5555702321899513
    outer loop
      vertex 10.078878685832024 0 -10.965011484920979
      vertex 10.078878685832024 3 -10.965011484920979
      vertex 10.427864044904709 3 -10.442717984318733
    endloop
  endfacet
  facet normal 0 1 0
    outer loop
      vertex 2.6408192962408066 3 -11.425974853336811
      vertex 11.704415611922741 3 -9.061752274632454
      vertex 11.243145748972893 3 -9.488145753741264
    endloop
  endfacet
  facet normal 0 1 0
    outer loop
      vertex -10.852343752980232 3 -15.145000003278255
      vertex 20.55111125856638 3 0.888228565454483
      vertex 0.505000002682209 3 -10.700961895287037
    endloop
  endfacet
  facet normal 0 1 0
    outer loop
      vertex -10.852343752980232 3 -15.145000003278255
      vertex -6 3 -12.399999998509884
      vertex 31.564026094973087 3 8.672094814479351
    endloop
  endfacet
  facet normal 0 1 0
    outer loop
      vertex -6 3 -11.600000001490116
      vertex 10.939339831471443 3 -0.5606601685285568
      vertex 11.086857855319977 3 -0.6900300085544586
    endloop
  endfacet
  facet normal 0 1 0
    outer loop
      vertex -6 3 -11.600000001490116
      vertex 10.809969991445541 3 -0.4131421446800232
      vertex 10.939339831471443 3 -0.5606601685285568
    endloop
  endfacet
  facet normal 0 1 0
    outer loop
      vertex -6 3 -11.600000001490116
      vertex 11.086857855319977 3 -0.6900300085544586
      vertex 11.25 3 -0.7990381047129631
    endloop
  endfacet
  facet normal 0 1 0
    outer loop
      vertex -6 3 -11.600000001490116
      vertex 11.25 3 -0.7990381047129631
      vertex 11.425974853336811 3 -0.8858193010091782
    endloop
  endfacet
  facet normal 0 1 0
    outer loop
      vertex -6 3 -11.600000001490116
      vertex 11.425974853336811 3 -0.8858193010091782
      vertex 11.611771434545517 3 -0.9488887414336205
    endloop
  endfacet
  facet normal 0 1 0
    outer loop
      vertex -6 3 -11.600000001490116
      vertex 11.611771434545517 3 -0.9488887414336205
      vertex 11.804210714995861 3 -0.9871672913432121
    endloop
  endfacet
  facet normal 0 1 0
    outer loop
      vertex -6 3 -11.600000001490116
      vertex 11.804210714995861 3 -0.9871672913432121
      vertex 12 3 -1
    endloop
  endfacet
  facet normal 0 1 0
    outer loop
      vertex -6 3 -12.399999998509884
      vertex 12.388228565454483 3 -0.9488887414336205
      vertex 12.574025146663189 3 -0.8858193010091782
    endloop
  endfacet
  facet normal 0 1 0
    outer loop
      vertex -6 3 -12.399999998509884
      vertex 12.574025146663189 3 -0.8858193010091782
      vertex 12.75 3 -0.7990381047129631
    endloop
  endfacet
  facet normal 0 1 0
    outer loop
      vertex -6 3 -11.600000001490116
      vertex 12 3 -1
      vertex 12.195789285004139 3 -0.9871672913432121
    endloop
  endfacet
  facet normal 0 1 0
    outer loop
      vertex -6 3 -11.600000001490116
      vertex 12.195789285004139 3 -0.9871672913432121
      vertex 12.388228565454483 3 -0.9488887414336205
    endloop
  endfacet
  facet normal 0 1 0
    outer loop
      vertex -6 3 -11.600000001490116
      vertex 10.614180698990822 3 -0.07402514666318893
      vertex 10.700961895287037 3 -0.25
    endloop
  endfacet
  facet normal 0 1 0
    outer loop
      vertex -6 3 -11.600000001490116
      vertex 10.55111125856638 3 0.11177143454551697
      vertex 10.614180698990822 3 -0.07402514666318893
    endloop
  endfacet
  facet normal 0 1 0
    outer loop
      vertex -6 3 -11.600000001490116
      vertex 10.512832708656788 3 0.30421071499586105
      vertex 10.55111125856638 3 0.11177143454551697
    endloop
  endfacet
  facet normal 0 1 0
    outer loop
      vertex -6 3 -11.600000001490116
      vertex 10.5 3 0.5
      vertex 10.512832708656788 3 0.30421071499586105
    endloop
  endfacet
  facet normal 0 1 0
    outer loop
      vertex -6 3 -11.600000001490116
      vertex 10.512832708656788 3 0.695789285004139
      vertex 10.5 3 0.5
    endloop
  endfacet
  facet normal 0 1 0
    outer loop
      vertex -6 3 -11.600000001490116
      vertex 10.55111125856638 3 0.888228565454483
      vertex 10.512832708656788 3 0.695789285004139
    endloop
  endfacet
  facet normal 0 1 0
    outer loop
      vertex -6 3 -11.600000001490116
      vertex 10.614180698990822 3 1.074025146663189
      vertex 10.55111125856638 3 0.888228565454483
    endloop
  endfacet
  facet normal 0 1 0
    outer loop
      vertex -6 3 -11.600000001490116
      vertex 10.700961895287037 3 -0.25
      vertex 10.809969991445541 3 -0.4131421446800232
    endloop
  endfacet
  facet normal 0 1 0
    outer loop
      vertex -6 3 -11.600000001490116
      vertex 10.700961895287037 3 1.25
      vertex 10.614180698990822 3 1.074025146663189
    endloop
  endfacet
  facet normal 0 1 0
    outer loop
      vertex -6 3 -11.600000001490116
      vertex 10.809969991445541 3 1.4131421446800232
      vertex 10.700961895287037 3 1.25
    endloop
  endfacet
  facet normal 0 1 0
    outer loop
      vertex -6 3 -11.600000001490116
      vertex 10.939339831471443 3 1.5606601685285568
      vertex 10.809969991445541 3 1.4131421446800232
    endloop
  endfacet
  facet normal 0 1 0
    outer loop
      vertex -6 3 -11.600000001490116
      vertex 11.086857855319977 3 1.6900300085544586
      vertex 10.939339831471443 3 1.5606601685285568
    endloop
  endfacet
  facet normal 0 1 0
    outer loop
      vertex 0.505000002682209 3 -10.700961895287037
      vertex 20.55111125856638 3 0.888228565454483
      vertex 0.6809748485684395 3 -10.614180698990822
    endloop
  endfacet
  facet normal 0 1 0
    outer loop
      vertex 0.6809748485684395 3 -10.614180698990822
      vertex 20.55111125856638 3 0.888228565454483
      vertex 0.8667714297771454 3 -10.55111125856638
    endloop
  endfacet
  facet normal 0 1 0
    outer loop
      vertex 0.8667714297771454 3 -10.55111125856638
      vertex 20.55111125856638 3 0.888228565454483
      vertex 1.0592107102274895 3 -10.512832708656788
    endloop
  endfacet
  facet normal 0 1 0
    outer loop
      vertex 1.0592107102274895 3 -10.512832708656788
      vertex 20.55111125856638 3 0.888228565454483
      vertex 1.255000002682209 3 -10.5
    endloop
  endfacet
  facet normal 0 1 0
    outer loop
      vertex 1.255000002682209 3 -10.5
      vertex 20.55111125856638 3 0.888228565454483
      vertex 1.450789287686348 3 -10.512832708656788
    endloop
  endfacet
  facet normal 0 1 0
    outer loop
      vertex 1.450789287686348 3 -10.512832708656788
      vertex 20.55111125856638 3 0.888228565454483
      vertex 1.643228568136692 3 -10.55111125856638
    endloop
  endfacet
  facet normal 0 1 0
    outer loop
      vertex 1.643228568136692 3 -10.55111125856638
      vertex 20.512832708656788 3 0.695789285004139
      vertex 1.829025149345398 3 -10.614180698990822
    endloop
  endfacet
  facet normal 0 1 0
    outer loop
      vertex 2.554038107395172 3 -11.25
      vertex 12.197717979550362 3 -8.6728640422225
      vertex 11.704415611922741 3 -9.061752274632454
    endloop
  endfacet
  facet normal 0 1 0
    outer loop
      vertex -10.852343752980232 3 -15.145000003278255
      vertex 20.614180698990822 3 1.074025146663189
      vertex 20.55111125856638 3 0.888228565454483
    endloop
  endfacet
  facet normal 0 1 0
    outer loop
      vertex -10.852343752980232 3 -15.145000003278255
      vertex 20.700961895287037 3 1.25
      vertex 20.614180698990822 3 1.074025146663189
    endloop
  endfacet
  facet normal 0 1 0
    outer loop
      vertex -10.852343752980232 3 -15.145000003278255
      vertex 20.80996999144554 3 1.4131421446800232
      vertex 20.700961895287037 3 1.25
    endloop
  endfacet
  facet normal 0 1 0
    outer loop
      vertex -10.852343752980232 3 -15.145000003278255
      vertex 20.939339831471443 3 1.5606601685285568
      vertex 20.80996999144554 3 1.4131421446800232
    endloop
  endfacet
  facet normal 0.7853169287584659 0 -0.6190939520019321
    outer loop
      vertex 10.427864044904709 0 -10.442717984318733
      vertex 10.816752277314663 3 -9.949415616691113
      vertex 10.816752277314663 0 -9.949415616691113
    endloop
  endfacet
  facet normal 0.7853169287584659 0 -0.6190939520019321
    outer loop
      vertex 10.427864044904709 0 -10.442717984318733
      vertex 10.427864044904709 3 -10.442717984318733
      vertex 10.816752277314663 3 -9.949415616691113
    endloop
  endfacet
  facet normal 0.7343225124043393 0 -0.6788007423214703
    outer loop
      vertex 10.816752277314663 0 -9.949415616691113
      vertex 10.816752277314663 3 -9.949415616691113
      vertex 11.243145748972893 3 -9.488145753741264
    endloop
  endfacet
  facet normal 0.7343225124043393 0 -0.6788007423214703
    outer loop
      vertex 10.816752277314663 0 -9.949415616691113
      vertex 11.243145748972893 3 -9.488145753741264
      vertex 11.243145748972893 0 -9.488145753741264
    endloop
  endfacet
  facet normal 0.6788007487172804 0 -0.7343225064921133
    outer loop
      vertex 11.243145748972893 0 -9.488145753741264
      vertex 11.704415611922741 3 -9.061752274632454
      vertex 11.704415611922741 0 -9.061752274632454
    endloop
  endfacet
  facet normal 0.6190939520019321 0 -0.7853169287584659
    outer loop
      vertex 11.704415611922741 0 -9.061752274632454
      vertex 12.197717979550362 3 -8.6728640422225
      vertex 12.197717979550362 0 -8.6728640422225
    endloop
  endfacet
  facet normal 0.5555702321899513 0 -0.8314696128569002
    outer loop
      vertex 12.197717979550362 0 -8.6728640422225
      vertex 12.720011480152607 3 -8.323878683149815
      vertex 12.720011480152607 0 -8.323878683149815
    endloop
  endfacet
  facet normal 0.4886212380055444 0 -0.872496009028081
    outer loop
      vertex 12.720011480152607 0 -8.323878683149815
      vertex 13.268076002597809 3 -8.0169478058815
      vertex 13.268076002597809 0 -8.0169478058815
    endloop
  endfacet
  facet normal 0.4186597364855293 0 -0.9081431743100132
    outer loop
      vertex 13.268076002597809 0 -8.0169478058815
      vertex 13.83853254467249 3 -7.753963738679886
      vertex 13.83853254467249 0 -7.753963738679886
    endloop
  endfacet
  facet normal 0.6788007487172804 0 -0.7343225064921133
    outer loop
      vertex 11.243145748972893 0 -9.488145753741264
      vertex 11.243145748972893 3 -9.488145753741264
      vertex 11.704415611922741 3 -9.061752274632454
    endloop
  endfacet
  facet normal 0.6190939520019321 0 -0.7853169287584659
    outer loop
      vertex 11.704415611922741 0 -9.061752274632454
      vertex 11.704415611922741 3 -9.061752274632454
      vertex 12.197717979550362 3 -8.6728640422225
    endloop
  endfacet
  facet normal 0 1 0
    outer loop
      vertex 1.829025149345398 3 -10.614180698990822
      vertex 20.512832708656788 3 0.695789285004139
      vertex 12.197717979550362 3 -8.6728640422225
    endloop
  endfacet
  facet normal 0.5555702321899513 0 -0.8314696128569002
    outer loop
      vertex 12.197717979550362 0 -8.6728640422225
      vertex 12.197717979550362 3 -8.6728640422225
      vertex 12.720011480152607 3 -8.323878683149815
    endloop
  endfacet
  facet normal 0.4886212380055444 0 -0.872496009028081
    outer loop
      vertex 12.720011480152607 0 -8.323878683149815
      vertex 12.720011480152607 3 -8.323878683149815
      vertex 13.268076002597809 3 -8.0169478058815
    endloop
  endfacet
  facet normal 0.4186597364855293 0 -0.9081431743100132
    outer loop
      vertex 13.268076002597809 0 -8.0169478058815
      vertex 13.268076002597809 3 -8.0169478058815
      vertex 13.83853254467249 3 -7.753963738679886
    endloop
  endfacet
  facet normal 0.34611705753426014 0 -0.9381913357539738
    outer loop
      vertex 13.83853254467249 0 -7.753963738679886
      vertex 13.83853254467249 3 -7.753963738679886
      vertex 14.427864044904709 3 -7.536547869443893
    endloop
  endfacet
  facet normal 0 1 0
    outer loop
      vertex -10.852343752980232 3 -15.145000003278255
      vertex 21.086857855319977 3 1.6900300085544586
      vertex 20.939339831471443 3 1.5606601685285568
    endloop
  endfacet
  facet normal 0 1 0
    outer loop
      vertex -10.852343752980232 3 -15.145000003278255
      vertex 21.25 3 1.799038104712963
      vertex 21.086857855319977 3 1.6900300085544586
    endloop
  endfacet
  facet normal 0.34611705753426014 0 -0.9381913357539738
    outer loop
      vertex 13.83853254467249 0 -7.753963738679886
      vertex 14.427864044904709 3 -7.536547869443893
      vertex 14.427864044904709 0 -7.536547869443893
    endloop
  endfacet
  facet normal 0.2714404467341845 0 -0.9624552373366495
    outer loop
      vertex 14.427864044904709 0 -7.536547869443893
      vertex 15.032437086105347 3 -7.366040639579296
      vertex 15.032437086105347 0 -7.366040639579296
    endloop
  endfacet
  facet normal 0.19509032827845002 0 -0.9807852791575773
    outer loop
      vertex 15.032437086105347 0 -7.366040639579296
      vertex 15.648524276912212 3 -7.243493273854256
      vertex 15.648524276912212 0 -7.243493273854256
    endloop
  endfacet
  facet normal 0.11753739732018625 0 -0.9930684569712185
    outer loop
      vertex 15.648524276912212 0 -7.243493273854256
      vertex 16.272327236831188 3 -7.169661328196526
      vertex 16.272327236831188 0 -7.169661328196526
    endloop
  endfacet
  facet normal 0.03925980772589337 0 -0.9992290365563472
    outer loop
      vertex 16.272327236831188 0 -7.169661328196526
      vertex 16.899999998509884 3 -7.1450000032782555
      vertex 16.899999998509884 0 -7.1450000032782555
    endloop
  endfacet
  facet normal 0.2714404467341845 0 -0.9624552373366495
    outer loop
      vertex 14.427864044904709 0 -7.536547869443893
      vertex 14.427864044904709 3 -7.536547869443893
      vertex 15.032437086105347 3 -7.366040639579296
    endloop
  endfacet
  facet normal 0.19509032827845002 0 -0.9807852791575773
    outer loop
      vertex 15.032437086105347 0 -7.366040639579296
      vertex 15.032437086105347 3 -7.366040639579296
      vertex 15.648524276912212 3 -7.243493273854256
    endloop
  endfacet
  facet normal 0.11753739732018625 0 -0.9930684569712185
    outer loop
      vertex 15.648524276912212 0 -7.243493273854256
      vertex 15.648524276912212 3 -7.243493273854256
      vertex 16.272327236831188 3 -7.169661328196526
    endloop
  endfacet
  facet normal 0 1 0
    outer loop
      vertex 12.197717979550362 3 -8.6728640422225
      vertex 22 3 -1
      vertex 12.720011480152607 3 -8.323878683149815
    endloop
  endfacet
  facet normal 0.03925980772589337 0 -0.9992290365563472
    outer loop
      vertex 16.272327236831188 0 -7.169661328196526
      vertex 16.272327236831188 3 -7.169661328196526
      vertex 16.899999998509884 3 -7.1450000032782555
    endloop
  endfacet
  facet normal 0 1 0
    outer loop
      vertex 1.643228568136692 3 -10.55111125856638
      vertex 20.55111125856638 3 0.888228565454483
      vertex 20.512832708656788 3 0.695789285004139
    endloop
  endfacet
  facet normal 0 1 0
    outer loop
      vertex 12.720011480152607 3 -8.323878683149815
      vertex 22.19578928500414 3 -0.9871672913432121
      vertex 13.268076002597809 3 -8.0169478058815
    endloop
  endfacet
  facet normal 0 1 0
    outer loop
      vertex 13.268076002597809 3 -8.0169478058815
      vertex 22.19578928500414 3 -0.9871672913432121
      vertex 13.83853254467249 3 -7.753963738679886
    endloop
  endfacet
  facet normal 0 1 0
    outer loop
      vertex 13.83853254467249 3 -7.753963738679886
      vertex 22.388228565454483 3 -0.9488887414336205
      vertex 14.427864044904709 3 -7.536547869443893
    endloop
  endfacet
  facet normal 0 1 0
    outer loop
      vertex 14.427864044904709 3 -7.536547869443893
      vertex 22.57402514666319 3 -0.8858193010091782
      vertex 15.032437086105347 3 -7.366040639579296
    endloop
  endfacet
  facet normal 0 1 0
    outer loop
      vertex 12.197717979550362 3 -8.6728640422225
      vertex 20.614180698990822 3 -0.07402514666318893
      vertex 20.700961895287037 3 -0.25
    endloop
  endfacet
  facet normal 0 1 0
    outer loop
      vertex 12.197717979550362 3 -8.6728640422225
      vertex 20.512832708656788 3 0.30421071499586105
      vertex 20.55111125856638 3 0.11177143454551697
    endloop
  endfacet
  facet normal 0 1 0
    outer loop
      vertex 12.197717979550362 3 -8.6728640422225
      vertex 20.55111125856638 3 0.11177143454551697
      vertex 20.614180698990822 3 -0.07402514666318893
    endloop
  endfacet
  facet normal 0 1 0
    outer loop
      vertex 12.197717979550362 3 -8.6728640422225
      vertex 20.5 3 0.5
      vertex 20.512832708656788 3 0.30421071499586105
    endloop
  endfacet
  facet normal 0 1 0
    outer loop
      vertex 12.197717979550362 3 -8.6728640422225
      vertex 20.512832708656788 3 0.695789285004139
      vertex 20.5 3 0.5
    endloop
  endfacet
  facet normal 0 0 -1
    outer loop
      vertex 16.899999998509884 -6 -7.1450000032782555
      vertex 28 0 -7.1450000032782555
      vertex 28 -6 -7.1450000032782555
    endloop
  endfacet
  facet normal 0 0 -1
    outer loop
      vertex 16.899999998509884 -6 -7.1450000032782555
      vertex 16.899999998509884 0 -7.1450000032782555
      vertex 28 0 -7.1450000032782555
    endloop
  endfacet
  facet normal 0 0 1
    outer loop
      vertex 32 -6 -3.1450000032782555
      vertex 32 0 -3.1450000032782555
      vertex 9.658184111118317 0 -3.1450000032782555
    endloop
  endfacet
  facet normal 0.03925981956862727 0 -0.999229036091045
    outer loop
      vertex 28 -6 -7.1450000032782555
      vertex 28.313836380839348 0 -7.13266933709383
      vertex 28.313836380839348 -6 -7.13266933709383
    endloop
  endfacet
  facet normal 0.11753739732018625 0 -0.9930684569712185
    outer loop
      vertex 28.313836380839348 -6 -7.13266933709383
      vertex 28.625737860798836 0 -7.095753364264965
      vertex 28.625737860798836 -6 -7.095753364264965
    endloop
  endfacet
  facet normal 0.1950903191383745 0 -0.9807852809756513
    outer loop
      vertex 28.625737860798836 -6 -7.095753364264965
      vertex 28.93378145247698 0 -7.034479685127735
      vertex 28.93378145247698 -6 -7.034479685127735
    endloop
  endfacet
  facet normal 0.2714404515239178 0 -0.9624552359858051
    outer loop
      vertex 28.93378145247698 -6 -7.034479685127735
      vertex 29.236067980527878 0 -6.949226066470146
      vertex 29.236067980527878 -6 -6.949226066470146
    endloop
  endfacet
  facet normal 0.34611706138581694 0 -0.9381913343330595
    outer loop
      vertex 29.236067980527878 -6 -6.949226066470146
      vertex 29.530733726918697 0 -6.84051813185215
      vertex 29.530733726918697 -6 -6.84051813185215
    endloop
  endfacet
  facet normal 0.41865973197593587 0 -0.9081431763889644
    outer loop
      vertex 29.530733726918697 -6 -6.84051813185215
      vertex 29.815962001681328 0 -6.709026098251343
      vertex 29.815962001681328 -6 -6.709026098251343
    endloop
  endfacet
  facet normal 0.4886212520913232 0 -0.8724960011396659
    outer loop
      vertex 29.815962001681328 -6 -6.709026098251343
      vertex 30.08999425917864 0 -6.555560655891895
      vertex 30.08999425917864 -6 -6.555560655891895
    endloop
  endfacet
  facet normal 0.5555702376690261 0 -0.8314696091958995
    outer loop
      vertex 30.08999425917864 -6 -6.555560655891895
      vertex 30.35114100575447 0 -6.381067976355553
      vertex 30.35114100575447 -6 -6.381067976355553
    endloop
  endfacet
  facet normal 0.6190939389203273 0 -0.7853169390711715
    outer loop
      vertex 30.35114100575447 -6 -6.381067976355553
      vertex 30.59779219329357 0 -6.186623863875866
      vertex 30.59779219329357 -6 -6.186623863875866
    endloop
  endfacet
  facet normal 0.6788007546295063 0 -0.7343225010269077
    outer loop
      vertex 30.59779219329357 -6 -6.186623863875866
      vertex 30.828427121043205 0 -5.973427124321461
      vertex 30.828427121043205 -6 -5.973427124321461
    endloop
  endfacet
  facet normal 0.7343225010269077 0 -0.6788007546295063
    outer loop
      vertex 30.828427121043205 -6 -5.973427124321461
      vertex 31.04162386059761 0 -5.742792196571827
      vertex 31.04162386059761 -6 -5.742792196571827
    endloop
  endfacet
  facet normal 0.7853169275378769 0 -0.6190939535502419
    outer loop
      vertex 31.04162386059761 -6 -5.742792196571827
      vertex 31.236067980527878 0 -5.496141009032726
      vertex 31.236067980527878 -6 -5.496141009032726
    endloop
  endfacet
  facet normal 0.8314696091958995 0 -0.5555702376690261
    outer loop
      vertex 31.236067980527878 -6 -5.496141009032726
      vertex 31.41056066006422 0 -5.234994262456894
      vertex 31.41056066006422 -6 -5.234994262456894
    endloop
  endfacet
  facet normal 0.8724960169164959 0 -0.48862122391976565
    outer loop
      vertex 31.41056066006422 -6 -5.234994262456894
      vertex 31.564026094973087 0 -4.960961997509003
      vertex 31.564026094973087 -6 -4.960961997509003
    endloop
  endfacet
  facet normal 0.9081431722310621 0 -0.4186597409951228
    outer loop
      vertex 31.564026094973087 -6 -4.960961997509003
      vertex 31.695518128573895 0 -4.675733730196953
      vertex 31.695518128573895 -6 -4.675733730196953
    endloop
  endfacet
  facet normal 0.9381913371748881 0 -0.34611705368270346
    outer loop
      vertex 31.695518128573895 -6 -4.675733730196953
      vertex 31.80422606319189 0 -4.381067976355553
      vertex 31.80422606319189 -6 -4.381067976355553
    endloop
  endfacet
  facet normal 0.9624552342379677 0 -0.2714404577212815
    outer loop
      vertex 31.80422606319189 -6 -4.381067976355553
      vertex 31.88947968184948 0 -4.078781455755234
      vertex 31.88947968184948 -6 -4.078781455755234
    endloop
  endfacet
  facet normal 0.9807852818785172 0 -0.19509031459936044
    outer loop
      vertex 31.88947968184948 -6 -4.078781455755234
      vertex 31.95075336098671 0 -3.7707378566265106
      vertex 31.95075336098671 -6 -3.7707378566265106
    endloop
  endfacet
  facet normal 0.9930684566434976 0 -0.11753740008908539
    outer loop
      vertex 31.95075336098671 -6 -3.7707378566265106
      vertex 31.987669333815575 0 -3.4588363841176033
      vertex 31.987669333815575 -6 -3.4588363841176033
    endloop
  endfacet
  facet normal 0.999229036091045 0 -0.03925981956862727
    outer loop
      vertex 31.987669333815575 -6 -3.4588363841176033
      vertex 32 0 -3.1450000032782555
      vertex 32 -6 -3.1450000032782555
    endloop
  endfacet
  facet normal 0.03925981956862727 0 -0.999229036091045
    outer loop
      vertex 28 -6 -7.1450000032782555
      vertex 28 0 -7.1450000032782555
      vertex 28.313836380839348 0 -7.13266933709383
    endloop
  endfacet
  facet normal 0.11753739732018625 0 -0.9930684569712185
    outer loop
      vertex 28.313836380839348 -6 -7.13266933709383
      vertex 28.313836380839348 0 -7.13266933709383
      vertex 28.625737860798836 0 -7.095753364264965
    endloop
  endfacet
  facet normal 0.1950903191383745 0 -0.9807852809756513
    outer loop
      vertex 28.625737860798836 -6 -7.095753364264965
      vertex 28.625737860798836 0 -7.095753364264965
      vertex 28.93378145247698 0 -7.034479685127735
    endloop
  endfacet
  facet normal 0.2714404515239178 0 -0.9624552359858051
    outer loop
      vertex 28.93378145247698 -6 -7.034479685127735
      vertex 28.93378145247698 0 -7.034479685127735
      vertex 29.236067980527878 0 -6.949226066470146
    endloop
  endfacet
  facet normal 0.34611706138581694 0 -0.9381913343330595
    outer loop
      vertex 29.236067980527878 -6 -6.949226066470146
      vertex 29.236067980527878 0 -6.949226066470146
      vertex 29.530733726918697 0 -6.84051813185215
    endloop
  endfacet
  facet normal 0.41865973197593587 0 -0.9081431763889644
    outer loop
      vertex 29.530733726918697 -6 -6.84051813185215
      vertex 29.530733726918697 0 -6.84051813185215
      vertex 29.815962001681328 0 -6.709026098251343
    endloop
  endfacet
  facet normal 0.4886212520913232 0 -0.8724960011396659
    outer loop
      vertex 29.815962001681328 -6 -6.709026098251343
      vertex 29.815962001681328 0 -6.709026098251343
      vertex 30.08999425917864 0 -6.555560655891895
    endloop
  endfacet
  facet normal 0.5555702376690261 0 -0.8314696091958995
    outer loop
      vertex 30.08999425917864 -6 -6.555560655891895
      vertex 30.08999425917864 0 -6.555560655891895
      vertex 30.35114100575447 0 -6.381067976355553
    endloop
  endfacet
  facet normal 0.6190939389203273 0 -0.7853169390711715
    outer loop
      vertex 30.35114100575447 -6 -6.381067976355553
      vertex 30.35114100575447 0 -6.381067976355553
      vertex 30.59779219329357 0 -6.186623863875866
    endloop
  endfacet
  facet normal 0.6788007546295063 0 -0.7343225010269077
    outer loop
      vertex 30.59779219329357 -6 -6.186623863875866
      vertex 30.59779219329357 0 -6.186623863875866
      vertex 30.828427121043205 0 -5.973427124321461
    endloop
  endfacet
  facet normal 0.7343225010269077 0 -0.6788007546295063
    outer loop
      vertex 30.828427121043205 -6 -5.973427124321461
      vertex 30.828427121043205 0 -5.973427124321461
      vertex 31.04162386059761 0 -5.742792196571827
    endloop
  endfacet
  facet normal 0.7853169275378769 0 -0.6190939535502419
    outer loop
      vertex 31.04162386059761 -6 -5.742792196571827
      vertex 31.04162386059761 0 -5.742792196571827
      vertex 31.236067980527878 0 -5.496141009032726
    endloop
  endfacet
  facet normal 0.8314696091958995 0 -0.5555702376690261
    outer loop
      vertex 31.236067980527878 -6 -5.496141009032726
      vertex 31.236067980527878 0 -5.496141009032726
      vertex 31.41056066006422 0 -5.234994262456894
    endloop
  endfacet
  facet normal 0.8724960169164959 0 -0.48862122391976565
    outer loop
      vertex 31.41056066006422 -6 -5.234994262456894
      vertex 31.41056066006422 0 -5.234994262456894
      vertex 31.564026094973087 0 -4.960961997509003
    endloop
  endfacet
  facet normal 0.9081431722310621 0 -0.4186597409951228
    outer loop
      vertex 31.564026094973087 -6 -4.960961997509003
      vertex 31.564026094973087 0 -4.960961997509003
      vertex 31.695518128573895 0 -4.675733730196953
    endloop
  endfacet
  facet normal 0.9381913371748881 0 -0.34611705368270346
    outer loop
      vertex 31.695518128573895 -6 -4.675733730196953
      vertex 31.695518128573895 0 -4.675733730196953
      vertex 31.80422606319189 0 -4.381067976355553
    endloop
  endfacet
  facet normal 0.9624552342379677 0 -0.2714404577212815
    outer loop
      vertex 31.80422606319189 -6 -4.381067976355553
      vertex 31.80422606319189 0 -4.381067976355553
      vertex 31.88947968184948 0 -4.078781455755234
    endloop
  endfacet
  facet normal 0.9807852818785172 0 -0.19509031459936044
    outer loop
      vertex 31.88947968184948 -6 -4.078781455755234
      vertex 31.88947968184948 0 -4.078781455755234
      vertex 31.95075336098671 0 -3.7707378566265106
    endloop
  endfacet
  facet normal 0.9930684566434976 0 -0.11753740008908539
    outer loop
      vertex 31.95075336098671 -6 -3.7707378566265106
      vertex 31.95075336098671 0 -3.7707378566265106
      vertex 31.987669333815575 0 -3.4588363841176033
    endloop
  endfacet
  facet normal 0.999229036091045 0 -0.03925981956862727
    outer loop
      vertex 31.987669333815575 -6 -3.4588363841176033
      vertex 31.987669333815575 0 -3.4588363841176033
      vertex 32 0 -3.1450000032782555
    endloop
  endfacet
  facet normal 0 0 -1
    outer loop
      vertex 16.899999998509884 0 -7.1450000032782555
      vertex 16.899999998509884 3 -7.1450000032782555
      vertex 28 3 -7.1450000032782555
    endloop
  endfacet
  facet normal 0 1 0
    outer loop
      vertex 12.197717979550362 3 -8.6728640422225
      vertex 20.80996999144554 3 -0.4131421446800232
      vertex 20.939339831471443 3 -0.5606601685285568
    endloop
  endfacet
  facet normal 0 1 0
    outer loop
      vertex 12.197717979550362 3 -8.6728640422225
      vertex 20.939339831471443 3 -0.5606601685285568
      vertex 21.086857855319977 3 -0.6900300085544586
    endloop
  endfacet
  facet normal 0 1 0
    outer loop
      vertex 12.197717979550362 3 -8.6728640422225
      vertex 21.25 3 -0.7990381047129631
      vertex 21.42597485333681 3 -0.8858193010091782
    endloop
  endfacet
  facet normal 0 1 0
    outer loop
      vertex 12.197717979550362 3 -8.6728640422225
      vertex 21.086857855319977 3 -0.6900300085544586
      vertex 21.25 3 -0.7990381047129631
    endloop
  endfacet
  facet normal 0 1 0
    outer loop
      vertex 12.197717979550362 3 -8.6728640422225
      vertex 21.42597485333681 3 -0.8858193010091782
      vertex 21.611771434545517 3 -0.9488887414336205
    endloop
  endfacet
  facet normal 0 1 0
    outer loop
      vertex 12.197717979550362 3 -8.6728640422225
      vertex 21.611771434545517 3 -0.9488887414336205
      vertex 21.80421071499586 3 -0.9871672913432121
    endloop
  endfacet
  facet normal 0 1 0
    outer loop
      vertex 12.197717979550362 3 -8.6728640422225
      vertex 21.80421071499586 3 -0.9871672913432121
      vertex 22 3 -1
    endloop
  endfacet
  facet normal 0 1 0
    outer loop
      vertex 12.197717979550362 3 -8.6728640422225
      vertex 20.700961895287037 3 -0.25
      vertex 20.80996999144554 3 -0.4131421446800232
    endloop
  endfacet
  facet normal 0 1 0
    outer loop
      vertex 12.720011480152607 3 -8.323878683149815
      vertex 22 3 -1
      vertex 22.19578928500414 3 -0.9871672913432121
    endloop
  endfacet
  facet normal 0 1 0
    outer loop
      vertex 13.83853254467249 3 -7.753963738679886
      vertex 22.19578928500414 3 -0.9871672913432121
      vertex 22.388228565454483 3 -0.9488887414336205
    endloop
  endfacet
  facet normal 0 1 0
    outer loop
      vertex 14.427864044904709 3 -7.536547869443893
      vertex 22.388228565454483 3 -0.9488887414336205
      vertex 22.57402514666319 3 -0.8858193010091782
    endloop
  endfacet
  facet normal 0 1 0
    outer loop
      vertex 15.032437086105347 3 -7.366040639579296
      vertex 22.57402514666319 3 -0.8858193010091782
      vertex 22.75 3 -0.7990381047129631
    endloop
  endfacet
  facet normal 0 1 0
    outer loop
      vertex 15.032437086105347 3 -7.366040639579296
      vertex 22.75 3 -0.7990381047129631
      vertex 22.913142144680023 3 -0.6900300085544586
    endloop
  endfacet
  facet normal 0 1 0
    outer loop
      vertex 15.032437086105347 3 -7.366040639579296
      vertex 32 3 6.856132812798023
      vertex 15.648524276912212 3 -7.243493273854256
    endloop
  endfacet
  facet normal 0 1 0
    outer loop
      vertex 15.648524276912212 3 -7.243493273854256
      vertex 32 3 6.856132812798023
      vertex 16.272327236831188 3 -7.169661328196526
    endloop
  endfacet
  facet normal 0 0 -1
    outer loop
      vertex 16.899999998509884 0 -7.1450000032782555
      vertex 28 3 -7.1450000032782555
      vertex 28 0 -7.1450000032782555
    endloop
  endfacet
  facet normal 0 1 0
    outer loop
      vertex 16.899999998509884 3 -7.1450000032782555
      vertex 28.313836380839348 3 -7.13266933709383
      vertex 28 3 -7.1450000032782555
    endloop
  endfacet
  facet normal 0 1 0
    outer loop
      vertex 16.899999998509884 3 -7.1450000032782555
      vertex 28.625737860798836 3 -7.095753364264965
      vertex 28.313836380839348 3 -7.13266933709383
    endloop
  endfacet
  facet normal 0 1 0
    outer loop
      vertex 16.899999998509884 3 -7.1450000032782555
      vertex 28.93378145247698 3 -7.034479685127735
      vertex 28.625737860798836 3 -7.095753364264965
    endloop
  endfacet
  facet normal 0 1 0
    outer loop
      vertex 16.899999998509884 3 -7.1450000032782555
      vertex 29.236067980527878 3 -6.949226066470146
      vertex 28.93378145247698 3 -7.034479685127735
    endloop
  endfacet
  facet normal 0 1 0
    outer loop
      vertex 16.899999998509884 3 -7.1450000032782555
      vertex 29.530733726918697 3 -6.84051813185215
      vertex 29.236067980527878 3 -6.949226066470146
    endloop
  endfacet
  facet normal 0 1 0
    outer loop
      vertex 16.899999998509884 3 -7.1450000032782555
      vertex 29.815962001681328 3 -6.709026098251343
      vertex 29.530733726918697 3 -6.84051813185215
    endloop
  endfacet
  facet normal 0 1 0
    outer loop
      vertex 16.272327236831188 3 -7.169661328196526
      vertex 32 3 6.856132812798023
      vertex 16.899999998509884 3 -7.1450000032782555
    endloop
  endfacet
  facet normal 0.03925981956862727 0 -0.999229036091045
    outer loop
      vertex 28 0 -7.1450000032782555
      vertex 28.313836380839348 3 -7.13266933709383
      vertex 28.313836380839348 0 -7.13266933709383
    endloop
  endfacet
  facet normal 0.11753739732018625 0 -0.9930684569712185
    outer loop
      vertex 28.313836380839348 0 -7.13266933709383
      vertex 28.625737860798836 3 -7.095753364264965
      vertex 28.625737860798836 0 -7.095753364264965
    endloop
  endfacet
  facet normal 0.1950903191383745 0 -0.9807852809756513
    outer loop
      vertex 28.625737860798836 0 -7.095753364264965
      vertex 28.93378145247698 3 -7.034479685127735
      vertex 28.93378145247698 0 -7.034479685127735
    endloop
  endfacet
  facet normal 0.2714404515239178 0 -0.9624552359858051
    outer loop
      vertex 28.93378145247698 0 -7.034479685127735
      vertex 29.236067980527878 3 -6.949226066470146
      vertex 29.236067980527878 0 -6.949226066470146
    endloop
  endfacet
  facet normal 0 1 0
    outer loop
      vertex 16.899999998509884 3 -7.1450000032782555
      vertex 30.08999425917864 3 -6.555560655891895
      vertex 29.815962001681328 3 -6.709026098251343
    endloop
  endfacet
  facet normal 0 1 0
    outer loop
      vertex 16.899999998509884 3 -7.1450000032782555
      vertex 30.35114100575447 3 -6.381067976355553
      vertex 30.08999425917864 3 -6.555560655891895
    endloop
  endfacet
  facet normal 0 1 0
    outer loop
      vertex 16.899999998509884 3 -7.1450000032782555
      vertex 30.59779219329357 3 -6.186623863875866
      vertex 30.35114100575447 3 -6.381067976355553
    endloop
  endfacet
  facet normal 0 1 0
    outer loop
      vertex 16.899999998509884 3 -7.1450000032782555
      vertex 30.828427121043205 3 -5.973427124321461
      vertex 30.59779219329357 3 -6.186623863875866
    endloop
  endfacet
  facet normal 0 1 0
    outer loop
      vertex 16.899999998509884 3 -7.1450000032782555
      vertex 31.04162386059761 3 -5.742792196571827
      vertex 30.828427121043205 3 -5.973427124321461
    endloop
  endfacet
  facet normal 0 1 0
    outer loop
      vertex 16.899999998509884 3 -7.1450000032782555
      vertex 31.236067980527878 3 -5.496141009032726
      vertex 31.04162386059761 3 -5.742792196571827
    endloop
  endfacet
  facet normal 0.03925981956862727 0 -0.999229036091045
    outer loop
      vertex 28 0 -7.1450000032782555
      vertex 28 3 -7.1450000032782555
      vertex 28.313836380839348 3 -7.13266933709383
    endloop
  endfacet
  facet normal 0.11753739732018625 0 -0.9930684569712185
    outer loop
      vertex 28.313836380839348 0 -7.13266933709383
      vertex 28.313836380839348 3 -7.13266933709383
      vertex 28.625737860798836 3 -7.095753364264965
    endloop
  endfacet
  facet normal 0.1950903191383745 0 -0.9807852809756513
    outer loop
      vertex 28.625737860798836 0 -7.095753364264965
      vertex 28.625737860798836 3 -7.095753364264965
      vertex 28.93378145247698 3 -7.034479685127735
    endloop
  endfacet
  facet normal 0.2714404515239178 0 -0.9624552359858051
    outer loop
      vertex 28.93378145247698 0 -7.034479685127735
      vertex 28.93378145247698 3 -7.034479685127735
      vertex 29.236067980527878 3 -6.949226066470146
    endloop
  endfacet
  facet normal 0 1 0
    outer loop
      vertex 16.899999998509884 3 -7.1450000032782555
      vertex 31.41056066006422 3 -5.234994262456894
      vertex 31.236067980527878 3 -5.496141009032726
    endloop
  endfacet
  facet normal 0 1 0
    outer loop
      vertex 16.899999998509884 3 -7.1450000032782555
      vertex 31.564026094973087 3 -4.960961997509003
      vertex 31.41056066006422 3 -5.234994262456894
    endloop
  endfacet
  facet normal 0 1 0
    outer loop
      vertex 16.899999998509884 3 -7.1450000032782555
      vertex 31.695518128573895 3 -4.675733730196953
      vertex 31.564026094973087 3 -4.960961997509003
    endloop
  endfacet
  facet normal 0 1 0
    outer loop
      vertex 16.899999998509884 3 -7.1450000032782555
      vertex 31.80422606319189 3 -4.381067976355553
      vertex 31.695518128573895 3 -4.675733730196953
    endloop
  endfacet
  facet normal 0 1 0
    outer loop
      vertex 16.899999998509884 3 -7.1450000032782555
      vertex 31.88947968184948 3 -4.078781455755234
      vertex 31.80422606319189 3 -4.381067976355553
    endloop
  endfacet
  facet normal 0 1 0
    outer loop
      vertex 16.899999998509884 3 -7.1450000032782555
      vertex 31.95075336098671 3 -3.7707378566265106
      vertex 31.88947968184948 3 -4.078781455755234
    endloop
  endfacet
  facet normal 0 1 0
    outer loop
      vertex 16.899999998509884 3 -7.1450000032782555
      vertex 31.987669333815575 3 -3.4588363841176033
      vertex 31.95075336098671 3 -3.7707378566265106
    endloop
  endfacet
  facet normal 0 1 0
    outer loop
      vertex 16.899999998509884 3 -7.1450000032782555
      vertex 32 3 -3.1450000032782555
      vertex 31.987669333815575 3 -3.4588363841176033
    endloop
  endfacet
  facet normal 0.34611706138581694 0 -0.9381913343330595
    outer loop
      vertex 29.236067980527878 0 -6.949226066470146
      vertex 29.530733726918697 3 -6.84051813185215
      vertex 29.530733726918697 0 -6.84051813185215
    endloop
  endfacet
  facet normal 0.41865973197593587 0 -0.9081431763889644
    outer loop
      vertex 29.530733726918697 0 -6.84051813185215
      vertex 29.815962001681328 3 -6.709026098251343
      vertex 29.815962001681328 0 -6.709026098251343
    endloop
  endfacet
  facet normal 0.4886212520913232 0 -0.8724960011396659
    outer loop
      vertex 29.815962001681328 0 -6.709026098251343
      vertex 30.08999425917864 3 -6.555560655891895
      vertex 30.08999425917864 0 -6.555560655891895
    endloop
  endfacet
  facet normal 0.5555702376690261 0 -0.8314696091958995
    outer loop
      vertex 30.08999425917864 0 -6.555560655891895
      vertex 30.35114100575447 3 -6.381067976355553
      vertex 30.35114100575447 0 -6.381067976355553
    endloop
  endfacet
  facet normal 0.6190939389203273 0 -0.7853169390711715
    outer loop
      vertex 30.35114100575447 0 -6.381067976355553
      vertex 30.59779219329357 3 -6.186623863875866
      vertex 30.59779219329357 0 -6.186623863875866
    endloop
  endfacet
  facet normal 0.6788007546295063 0 -0.7343225010269077
    outer loop
      vertex 30.59779219329357 0 -6.186623863875866
      vertex 30.828427121043205 3 -5.973427124321461
      vertex 30.828427121043205 0 -5.973427124321461
    endloop
  endfacet
  facet normal 0.7343225010269077 0 -0.6788007546295063
    outer loop
      vertex 30.828427121043205 0 -5.973427124321461
      vertex 31.04162386059761 3 -5.742792196571827
      vertex 31.04162386059761 0 -5.742792196571827
    endloop
  endfacet
  facet normal 0.7853169275378769 0 -0.6190939535502419
    outer loop
      vertex 31.04162386059761 0 -5.742792196571827
      vertex 31.236067980527878 3 -5.496141009032726
      vertex 31.236067980527878 0 -5.496141009032726
    endloop
  endfacet
  facet normal 0.8314696091958995 0 -0.5555702376690261
    outer loop
      vertex 31.236067980527878 0 -5.496141009032726
      vertex 31.41056066006422 3 -5.234994262456894
      vertex 31.41056066006422 0 -5.234994262456894
    endloop
  endfacet
  facet normal 0.8724960169164959 0 -0.48862122391976565
    outer loop
      vertex 31.41056066006422 0 -5.234994262456894
      vertex 31.564026094973087 3 -4.960961997509003
      vertex 31.564026094973087 0 -4.960961997509003
    endloop
  endfacet
  facet normal 0.9081431722310621 0 -0.4186597409951228
    outer loop
      vertex 31.564026094973087 0 -4.960961997509003
      vertex 31.695518128573895 3 -4.675733730196953
      vertex 31.695518128573895 0 -4.675733730196953
    endloop
  endfacet
  facet normal 0.9381913371748881 0 -0.34611705368270346
    outer loop
      vertex 31.695518128573895 0 -4.675733730196953
      vertex 31.80422606319189 3 -4.381067976355553
      vertex 31.80422606319189 0 -4.381067976355553
    endloop
  endfacet
  facet normal 0.9624552342379677 0 -0.2714404577212815
    outer loop
      vertex 31.80422606319189 0 -4.381067976355553
      vertex 31.88947968184948 3 -4.078781455755234
      vertex 31.88947968184948 0 -4.078781455755234
    endloop
  endfacet
  facet normal 0.9807852818785172 0 -0.19509031459936044
    outer loop
      vertex 31.88947968184948 0 -4.078781455755234
      vertex 31.95075336098671 3 -3.7707378566265106
      vertex 31.95075336098671 0 -3.7707378566265106
    endloop
  endfacet
  facet normal 0.9930684566434976 0 -0.11753740008908539
    outer loop
      vertex 31.95075336098671 0 -3.7707378566265106
      vertex 31.987669333815575 3 -3.4588363841176033
      vertex 31.987669333815575 0 -3.4588363841176033
    endloop
  endfacet
  facet normal 0.999229036091045 0 -0.03925981956862727
    outer loop
      vertex 31.987669333815575 0 -3.4588363841176033
      vertex 32 3 -3.1450000032782555
      vertex 32 0 -3.1450000032782555
    endloop
  endfacet
  facet normal 0.34611706138581694 0 -0.9381913343330595
    outer loop
      vertex 29.236067980527878 0 -6.949226066470146
      vertex 29.236067980527878 3 -6.949226066470146
      vertex 29.530733726918697 3 -6.84051813185215
    endloop
  endfacet
  facet normal 0.41865973197593587 0 -0.9081431763889644
    outer loop
      vertex 29.530733726918697 0 -6.84051813185215
      vertex 29.530733726918697 3 -6.84051813185215
      vertex 29.815962001681328 3 -6.709026098251343
    endloop
  endfacet
  facet normal 0.4886212520913232 0 -0.8724960011396659
    outer loop
      vertex 29.815962001681328 0 -6.709026098251343
      vertex 29.815962001681328 3 -6.709026098251343
      vertex 30.08999425917864 3 -6.555560655891895
    endloop
  endfacet
  facet normal 0.5555702376690261 0 -0.8314696091958995
    outer loop
      vertex 30.08999425917864 0 -6.555560655891895
      vertex 30.08999425917864 3 -6.555560655891895
      vertex 30.35114100575447 3 -6.381067976355553
    endloop
  endfacet
  facet normal 0.6190939389203273 0 -0.7853169390711715
    outer loop
      vertex 30.35114100575447 0 -6.381067976355553
      vertex 30.35114100575447 3 -6.381067976355553
      vertex 30.59779219329357 3 -6.186623863875866
    endloop
  endfacet
  facet normal 0.6788007546295063 0 -0.7343225010269077
    outer loop
      vertex 30.59779219329357 0 -6.186623863875866
      vertex 30.59779219329357 3 -6.186623863875866
      vertex 30.828427121043205 3 -5.973427124321461
    endloop
  endfacet
  facet normal 0.7343225010269077 0 -0.6788007546295063
    outer loop
      vertex 30.828427121043205 0 -5.973427124321461
      vertex 30.828427121043205 3 -5.973427124321461
      vertex 31.04162386059761 3 -5.742792196571827
    endloop
  endfacet
  facet normal 0.7853169275378769 0 -0.6190939535502419
    outer loop
      vertex 31.04162386059761 0 -5.742792196571827
      vertex 31.04162386059761 3 -5.742792196571827
      vertex 31.236067980527878 3 -5.496141009032726
    endloop
  endfacet
  facet normal 0.8314696091958995 0 -0.5555702376690261
    outer loop
      vertex 31.236067980527878 0 -5.496141009032726
      vertex 31.236067980527878 3 -5.496141009032726
      vertex 31.41056066006422 3 -5.234994262456894
    endloop
  endfacet
  facet normal 0.8724960169164959 0 -0.48862122391976565
    outer loop
      vertex 31.41056066006422 0 -5.234994262456894
      vertex 31.41056066006422 3 -5.234994262456894
      vertex 31.564026094973087 3 -4.960961997509003
    endloop
  endfacet
  facet normal 0.9081431722310621 0 -0.4186597409951228
    outer loop
      vertex 31.564026094973087 0 -4.960961997509003
      vertex 31.564026094973087 3 -4.960961997509003
      vertex 31.695518128573895 3 -4.675733730196953
    endloop
  endfacet
  facet normal 0.9381913371748881 0 -0.34611705368270346
    outer loop
      vertex 31.695518128573895 0 -4.675733730196953
      vertex 31.695518128573895 3 -4.675733730196953
      vertex 31.80422606319189 3 -4.381067976355553
    endloop
  endfacet
  facet normal 0.9624552342379677 0 -0.2714404577212815
    outer loop
      vertex 31.80422606319189 0 -4.381067976355553
      vertex 31.80422606319189 3 -4.381067976355553
      vertex 31.88947968184948 3 -4.078781455755234
    endloop
  endfacet
  facet normal 0.9807852818785172 0 -0.19509031459936044
    outer loop
      vertex 31.88947968184948 0 -4.078781455755234
      vertex 31.88947968184948 3 -4.078781455755234
      vertex 31.95075336098671 3 -3.7707378566265106
    endloop
  endfacet
  facet normal 0.9930684566434976 0 -0.11753740008908539
    outer loop
      vertex 31.95075336098671 0 -3.7707378566265106
      vertex 31.95075336098671 3 -3.7707378566265106
      vertex 31.987669333815575 3 -3.4588363841176033
    endloop
  endfacet
  facet normal 0.999229036091045 0 -0.03925981956862727
    outer loop
      vertex 31.987669333815575 0 -3.4588363841176033
      vertex 31.987669333815575 3 -3.4588363841176033
      vertex 32 3 -3.1450000032782555
    endloop
  endfacet
  facet normal 0 -1 0
    outer loop
      vertex -8.505000002682209 -4 13.758707027423199
      vertex 13.268076002597809 -4 11.728080615401268
      vertex 12.720011480152607 -4 12.035011500120163
    endloop
  endfacet
  facet normal 0 -1 0
    outer loop
      vertex -8.505000002682209 -4 13.758707027423199
      vertex 14.094999998807907 -4 10.938799038529396
      vertex 13.92343334331767 -4 11.433774996287536
    endloop
  endfacet
  facet normal 0 -1 0
    outer loop
      vertex -8.505000002682209 -4 13.758707027423199
      vertex 13.83853254467249 -4 11.465096555650234
      vertex 13.268076002597809 -4 11.728080615401268
    endloop
  endfacet
  facet normal 0 -1 0
    outer loop
      vertex -8.505000002682209 -4 13.758707027423199
      vertex 13.92343334331767 -4 11.433774996287536
      vertex 13.83853254467249 -4 11.465096555650234
    endloop
  endfacet
  facet normal 0 -1 0
    outer loop
      vertex -8.505000002682209 -4 13.758707027423199
      vertex 14.094999998807907 -4 8.509999997913837
      vertex 14.094999998807907 -4 10.938799038529396
    endloop
  endfacet
  facet normal 0 -0.10123600222180526 -0.9948624386588061
    outer loop
      vertex -8.100000001490116 -0.02 8.104999996721745
      vertex 14.5 -0.02 8.104999996721745
      vertex 14.094999998807907 -4 8.509999997913837
    endloop
  endfacet
  facet normal 0.3461170679743508 1.6666438394908998e-14 0.9381913319024211
    outer loop
      vertex 13.83853254467249 -4 11.465096555650234
      vertex 13.92343334331767 -4 11.433774996287536
      vertex 13.941866661781205 -3.8826812932952244 11.42697458583533
    endloop
  endfacet
  facet normal 0.9370297818584105 -0.12840122349656358 0.32478964533212185
    outer loop
      vertex 14.094999998807907 -4 10.938799038529396
      vertex 13.941866661781205 -3.8826812932952244 11.42697458583533
      vertex 13.92343334331767 -4 11.433774996287536
    endloop
  endfacet
  facet normal 0.6190939446869747 0 0.7853169345251133
    outer loop
      vertex 12.197717979550362 -4 12.383996859192848
      vertex 12.197717979550362 0 12.383996859192848
      vertex 11.704415611922741 -4 12.772885084152222
    endloop
  endfacet
  facet normal 0.5555702321899513 0 0.8314696128569001
    outer loop
      vertex 12.197717979550362 -4 12.383996859192848
      vertex 12.720011480152607 -4 12.035011500120163
      vertex 12.720011480152607 0 12.035011500120163
    endloop
  endfacet
  facet normal 0.4886212470347339 0 0.8724960039714919
    outer loop
      vertex 12.720011480152607 -4 12.035011500120163
      vertex 13.268076002597809 -4 11.728080615401268
      vertex 13.268076002597809 0 11.728080615401268
    endloop
  endfacet
  facet normal 0.4186597267034648 0 0.9081431788196067
    outer loop
      vertex 13.268076002597809 -4 11.728080615401268
      vertex 13.83853254467249 -4 11.465096555650234
      vertex 13.83853254467249 0 11.465096555650234
    endloop
  endfacet
  facet normal 0.3461170679743674 0 0.9381913319024148
    outer loop
      vertex 13.83853254467249 -4 11.465096555650234
      vertex 13.941866661781205 -3.8826812932952244 11.42697458583533
      vertex 13.83853254467249 0 11.465096555650234
    endloop
  endfacet
  facet normal 0.5555702321899513 0 0.8314696128569001
    outer loop
      vertex 12.197717979550362 -4 12.383996859192848
      vertex 12.720011480152607 0 12.035011500120163
      vertex 12.197717979550362 0 12.383996859192848
    endloop
  endfacet
  facet normal 0.4886212470347339 0 0.8724960039714919
    outer loop
      vertex 12.720011480152607 -4 12.035011500120163
      vertex 13.268076002597809 0 11.728080615401268
      vertex 12.720011480152607 0 12.035011500120163
    endloop
  endfacet
  facet normal 0.4186597267034648 0 0.9081431788196067
    outer loop
      vertex 13.268076002597809 -4 11.728080615401268
      vertex 13.83853254467249 0 11.465096555650234
      vertex 13.268076002597809 0 11.728080615401268
    endloop
  endfacet
  facet normal 0.3461170679743615 -1.8066082542545281e-16 0.938191331902417
    outer loop
      vertex 13.941866661781205 -3.8826812932952244 11.42697458583533
      vertex 14.427864044904709 0 11.247680678963661
      vertex 13.83853254467249 0 11.465096555650234
    endloop
  endfacet
  facet normal 0.9388599562691516 -0.11896060286262598 0.3230949666597224
    outer loop
      vertex 14.094999998807907 -4 10.938799038529396
      vertex 14.427864044904709 -0.5340556692028853 11.247680678963661
      vertex 13.941866661781205 -3.8826812932952244 11.42697458583533
    endloop
  endfacet
  facet normal 0.9948624386588061 -0.10123600222180526 0
    outer loop
      vertex 14.094999998807907 -4 8.509999997913837
      vertex 14.5 -0.02 8.104999996721745
      vertex 14.094999998807907 -4 10.938799038529396
    endloop
  endfacet
  facet normal 0.9948624386588061 -0.10123600222180526 0
    outer loop
      vertex 14.094999998807907 -4 10.938799038529396
      vertex 14.5 -0.02 8.104999996721745
      vertex 14.5 -0.02 11.22733623534441
    endloop
  endfacet
  facet normal 0.9388599562691514 -0.11896060286262605 0.3230949666597234
    outer loop
      vertex 14.094999998807907 -4 10.938799038529396
      vertex 14.5 -0.02 11.22733623534441
      vertex 14.427864044904709 -0.5340556692028853 11.247680678963661
    endloop
  endfacet
  facet normal 0.3461170679743604 0 0.9381913319024175
    outer loop
      vertex 13.941866661781205 -3.8826812932952244 11.42697458583533
      vertex 14.427864044904709 -0.5340556692028853 11.247680678963661
      vertex 14.427864044904709 0 11.247680678963661
    endloop
  endfacet
  facet normal 0 -1 0
    outer loop
      vertex -8.505000002682209 -4 13.758707027423199
      vertex 11.243145748972893 -4 13.199278563261032
      vertex 10.816752277314663 -4 13.66054842621088
    endloop
  endfacet
  facet normal 0 -1 0
    outer loop
      vertex -8.505000002682209 -4 13.758707027423199
      vertex 10.816752277314663 -4 13.66054842621088
      vertex 10.73937027506547 -4 13.758707027423199
    endloop
  endfacet
  facet normal 0 -0.595699304492433 0.8032075314806453
    outer loop
      vertex -8.505000002682209 -4 13.758707027423199
      vertex 10.73937027506547 -4 13.758707027423199
      vertex 10.564644478246644 -3.701154922349043 13.98034564251374
    endloop
  endfacet
  facet normal -1.3075725460675625e-17 -0.6715589548470179 0.7409511253549593
    outer loop
      vertex -12.380207791924477 -3.5097214879482608 14.153850793838501
      vertex 10.564644478246644 -3.701154922349043 13.98034564251374
      vertex 10.427864044904709 -3.509721487948261 14.153850793838501
    endloop
  endfacet
  facet normal -1.307572546067563e-17 -0.6715589548470181 0.7409511253549594
    outer loop
      vertex -12.380207791924477 -3.5097214879482608 14.153850793838501
      vertex 10.427864044904709 -3.509721487948261 14.153850793838501
      vertex 10.314812266108522 -3.3230447378299526 14.323044737829925
    endloop
  endfacet
  facet normal 0 -1 0
    outer loop
      vertex -8.505000002682209 -4 13.758707027423199
      vertex 11.704415611922741 -4 12.772885084152222
      vertex 11.243145748972893 -4 13.199278563261032
    endloop
  endfacet
  facet normal 0 -1 0
    outer loop
      vertex -8.505000002682209 -4 13.758707027423199
      vertex 12.197717979550362 -4 12.383996859192848
      vertex 11.704415611922741 -4 12.772885084152222
    endloop
  endfacet
  facet normal 0 -1 0
    outer loop
      vertex -8.505000002682209 -4 13.758707027423199
      vertex 12.720011480152607 -4 12.035011500120163
      vertex 12.197717979550362 -4 12.383996859192848
    endloop
  endfacet
  facet normal 0 -1 0
    outer loop
      vertex -8.505000002682209 -4 22.241292972576744
      vertex 8.899999998509884 -4 22.241292972576744
      vertex 8.899999998509884 -4 25.92656046194516
    endloop
  endfacet
  facet normal 0 -1 0
    outer loop
      vertex -8.505000002682209 -4 27.094999998807907
      vertex 8.899999998509884 -4 25.92656046194516
      vertex 8.494999997317791 -4 27.094999998807907
    endloop
  endfacet
  facet normal 0.8314696128569011 -3.2900962746197593e-16 0.55557023218995
    outer loop
      vertex 10.314812266108522 -3.3230447378299526 14.323044737829925
      vertex 10.427864044904709 0 14.153850793838501
      vertex 10.078878685832024 -3.0030139543138183 14.676144294440746
    endloop
  endfacet
  facet normal 0.8724960090280806 0 0.4886212380055453
    outer loop
      vertex 10.078878685832024 -3.0030139543138183 14.676144294440746
      vertex 10.078878685832024 0 14.676144294440746
      vertex 10.064872061337033 -2.9803456425137673 14.701154922349016
    endloop
  endfacet
  facet normal 0.8724960090280816 -2.216401294021127e-17 0.48862123800554336
    outer loop
      vertex 10.064872061337033 -2.9803456425137673 14.701154922349016
      vertex 10.078878685832024 0 14.676144294440746
      vertex 9.835328309318434 -2.6763580160267644 15.11103478829804
    endloop
  endfacet
  facet normal 0.8724960090280789 9.835435111894874e-16 0.48862123800554796
    outer loop
      vertex 9.835328309318434 -2.6763580160267644 15.11103478829804
      vertex 10.078878685832024 0 14.676144294440746
      vertex 9.77194780856371 -2.608524113799314 15.224208816885948
    endloop
  endfacet
  facet normal 0.9081431722310629 0 0.4186597409951213
    outer loop
      vertex 9.622338279959779 -2.414009425388554 15.548736968504784
      vertex 9.77194780856371 -2.608524113799314 15.224208816885948
      vertex 9.77194780856371 0 15.224208816885948
    endloop
  endfacet
  facet normal 0.9081431722310613 5.389137378748027e-16 0.41865974099512465
    outer loop
      vertex 9.622338279959779 -2.414009425388554 15.548736968504784
      vertex 9.77194780856371 0 15.224208816885948
      vertex 9.508963741362095 -2.2976939628351545 15.794665351510048
    endloop
  endfacet
  facet normal 0.9381913371748879 0 0.3461170536827042
    outer loop
      vertex 9.508963741362095 -2.2976939628351545 15.794665351510048
      vertex 9.508963741362095 0 15.794665351510048
      vertex 9.429505570061378 -2.1958264309413087 16.010046151701506
    endloop
  endfacet
  facet normal 0.9381913371748882 -1.2254869664371575e-16 0.346117053682703
    outer loop
      vertex 9.429505570061378 -2.1958264309413087 16.010046151701506
      vertex 9.508963741362095 0 15.794665351510048
      vertex 9.291547872126102 -2.0620247283112927 16.383996859192848
    endloop
  endfacet
  facet normal 0.9624552342379669 0 0.2714404577212844
    outer loop
      vertex 9.291547872126102 -2.0620247283112927 16.383996859192848
      vertex 9.291547872126102 0 16.383996859192848
      vertex 9.261505329115991 -2.023910254192514 16.49051967827677
    endloop
  endfacet
  facet normal 0.9624552342379683 -2.7961839645966196e-16 0.2714404577212795
    outer loop
      vertex 9.261505329115991 -2.023910254192514 16.49051967827677
      vertex 9.291547872126102 0 16.383996859192848
      vertex 9.12189788361237 -1.8999165419032016 16.985530325516105
    endloop
  endfacet
  facet normal 0.9624552342379044 7.712971847592817e-14 0.27144045772150593
    outer loop
      vertex 9.12189788361237 -1.8999165419032016 16.985530325516105
      vertex 9.291547872126102 0 16.383996859192848
      vertex 9.121040634810925 -1.8994656635620686 16.988569900393486
    endloop
  endfacet
  facet normal 0.9807852814270841 0 0.1950903168688683
    outer loop
      vertex 9.121040634810925 -1.8994656635620686 16.988569900393486
      vertex 9.121040634810925 0 16.988569900393486
      vertex 9.02123815341556 -1.8250394213045755 17.490310870286258
    endloop
  endfacet
  facet normal 0.980785281427085 0 0.19509031686886355
    outer loop
      vertex 9.02123815341556 -1.8250394213045755 17.490310870286258
      vertex 8.998493276536465 0 17.60465709120035
      vertex 8.998493276536465 -1.8194219516880228 17.60465709120035
    endloop
  endfacet
  facet normal 0.9930684568073581 0 0.11753739870463475
    outer loop
      vertex 8.998493276536465 -1.8194219516880228 17.60465709120035
      vertex 8.998493276536465 0 17.60465709120035
      vertex 8.951701359244055 -1.7999999999999998 17.99999999999997
    endloop
  endfacet
  facet normal 0.9930684568073578 0 0.11753739870463766
    outer loop
      vertex 8.951701359244055 -1.7999999999999998 17.99999999999997
      vertex 8.924661330878735 0 18.228460043668747
      vertex 8.924661330878735 -1.8112235222436415 18.228460043668747
    endloop
  endfacet
  facet normal 1 0 0
    outer loop
      vertex 8.899999998509884 -2.023910254192514 19.509480321723174
      vertex 8.899999998509884 -1.8999165419032016 19.014469674483838
      vertex 8.899999998509884 0 18.856132812798023
    endloop
  endfacet
  facet normal 0.9992290361093269 0 0.039259819103320624
    outer loop
      vertex 8.91361180905168 -1.8250394213045755 18.509689129713685
      vertex 8.924661330878735 -1.8112235222436415 18.228460043668747
      vertex 8.924661330878735 0 18.228460043668747
    endloop
  endfacet
  facet normal 0.9992290361093266 0 0.039259819103328465
    outer loop
      vertex 8.899999998509884 -1.8764294871613134 18.856132812798023
      vertex 8.91361180905168 -1.8250394213045755 18.509689129713685
      vertex 8.899999998509884 0 18.856132812798023
    endloop
  endfacet
  facet normal 1 0 0
    outer loop
      vertex 8.899999998509884 -1.8999165419032016 19.014469674483838
      vertex 8.899999998509884 -1.8764294871613134 18.856132812798023
      vertex 8.899999998509884 0 18.856132812798023
    endloop
  endfacet
  facet normal 1 0 0
    outer loop
      vertex 8.899999998509884 -3.701154922349043 22.019654357486203
      vertex 8.899999998509884 -3.3230447378299526 21.67695526217002
      vertex 8.899999998509884 0 27.5
    endloop
  endfacet
  facet normal 1 0 0
    outer loop
      vertex 8.899999998509884 -4 22.241292972576744
      vertex 8.899999998509884 -3.701154922349043 22.019654357486203
      vertex 8.899999998509884 0 27.5
    endloop
  endfacet
  facet normal 1 0 0
    outer loop
      vertex 8.899999998509884 -4 22.241292972576744
      vertex 8.899999998509884 0 27.5
      vertex 8.899999998509884 -4 25.92656046194516
    endloop
  endfacet
  facet normal 0.937029781858408 -0.12840122349657568 0.3247896453321235
    outer loop
      vertex 8.494999997317791 -4 27.094999998807907
      vertex 8.899999998509884 -4 25.92656046194516
      vertex 8.899999998509884 -0.02 27.5
    endloop
  endfacet
  facet normal 1 0 0
    outer loop
      vertex 8.899999998509884 -3.3230447378299526 21.67695526217002
      vertex 8.899999998509884 -2.9803456425137673 21.298845077650927
      vertex 8.899999998509884 0 27.5
    endloop
  endfacet
  facet normal 1 0 0
    outer loop
      vertex 8.899999998509884 -2.9803456425137673 21.298845077650927
      vertex 8.899999998509884 -2.6763580160267644 20.8889652117019
      vertex 8.899999998509884 0 27.5
    endloop
  endfacet
  facet normal 1 0 0
    outer loop
      vertex 8.899999998509884 -2.6763580160267644 20.8889652117019
      vertex 8.899999998509884 -2.414009425388554 20.45126303149516
      vertex 8.899999998509884 0 27.5
    endloop
  endfacet
  facet normal 1 0 0
    outer loop
      vertex 8.899999998509884 -2.1958264309413087 19.989953848298438
      vertex 8.899999998509884 0 27.5
      vertex 8.899999998509884 -2.414009425388554 20.45126303149516
    endloop
  endfacet
  facet normal 1 0 0
    outer loop
      vertex 8.899999998509884 -2.1958264309413087 19.989953848298438
      vertex 8.899999998509884 -2.023910254192514 19.509480321723174
      vertex 8.899999998509884 0 27.5
    endloop
  endfacet
  facet normal 1 0 0
    outer loop
      vertex 8.899999998509884 -4 25.92656046194516
      vertex 8.899999998509884 0 27.5
      vertex 8.899999998509884 -0.02 27.5
    endloop
  endfacet
  facet normal 0.7343225124043393 0 0.6788007423214703
    outer loop
      vertex 11.243145748972893 -4 13.199278563261032
      vertex 11.243145748972893 0 13.199278563261032
      vertex 10.816752277314663 -4 13.66054842621088
    endloop
  endfacet
  facet normal 0.7853169287584686 -3.3615607589782936e-16 0.6190939520019285
    outer loop
      vertex 10.73937027506547 -4 13.758707027423199
      vertex 10.816752277314663 0 13.66054842621088
      vertex 10.564644478246644 -3.701154922349043 13.98034564251374
    endloop
  endfacet
  facet normal 0.785316928758462 0 0.6190939520019371
    outer loop
      vertex 10.816752277314663 -4 13.66054842621088
      vertex 10.816752277314663 0 13.66054842621088
      vertex 10.73937027506547 -4 13.758707027423199
    endloop
  endfacet
  facet normal 0.7853169287584646 3.951023476268687e-16 0.6190939520019338
    outer loop
      vertex 10.564644478246644 -3.701154922349043 13.98034564251374
      vertex 10.816752277314663 0 13.66054842621088
      vertex 10.427864044904709 -3.509721487948261 14.153850793838501
    endloop
  endfacet
  facet normal 0.8314696128568981 0 0.5555702321899545
    outer loop
      vertex 10.427864044904709 -3.509721487948261 14.153850793838501
      vertex 10.427864044904709 0 14.153850793838501
      vertex 10.314812266108522 -3.3230447378299526 14.323044737829925
    endloop
  endfacet
  facet normal 0.6788007487172804 0 0.7343225064921133
    outer loop
      vertex 11.243145748972893 -4 13.199278563261032
      vertex 11.704415611922741 -4 12.772885084152222
      vertex 11.704415611922741 0 12.772885084152222
    endloop
  endfacet
  facet normal 0.7343225124043393 0 0.6788007423214703
    outer loop
      vertex 10.816752277314663 -4 13.66054842621088
      vertex 11.243145748972893 0 13.199278563261032
      vertex 10.816752277314663 0 13.66054842621088
    endloop
  endfacet
  facet normal 0.7853169287584659 0 0.6190939520019321
    outer loop
      vertex 10.427864044904709 -3.509721487948261 14.153850793838501
      vertex 10.816752277314663 0 13.66054842621088
      vertex 10.427864044904709 0 14.153850793838501
    endloop
  endfacet
  facet normal 0.6788007487172804 0 0.7343225064921133
    outer loop
      vertex 11.243145748972893 -4 13.199278563261032
      vertex 11.704415611922741 0 12.772885084152222
      vertex 11.243145748972893 0 13.199278563261032
    endloop
  endfacet
  facet normal 0.6190939446869747 0 0.7853169345251133
    outer loop
      vertex 11.704415611922741 -4 12.772885084152222
      vertex 12.197717979550362 0 12.383996859192848
      vertex 11.704415611922741 0 12.772885084152222
    endloop
  endfacet
  facet normal 0 -1 0
    outer loop
      vertex -1.798612132115922 0 -6.657766197196952
      vertex -1.364337983095973 0 -6.502380422058619
      vertex 11.757192269559093 0 8.104999996721745
    endloop
  endfacet
  facet normal 0 -1 0
    outer loop
      vertex -1.364337983095973 0 -6.502380422058619
      vertex -0.9169245134758028 0 -6.390309182104817
      vertex 11.757192269559093 0 8.104999996721745
    endloop
  endfacet
  facet normal 0 -1 0
    outer loop
      vertex -0.9169245134758028 0 -6.390309182104817
      vertex -0.46068055954893483 0 -6.3226317846406745
      vertex 11.757192269559093 0 8.104999996721745
    endloop
  endfacet
  facet normal 0 -1 0
    outer loop
      vertex -0.46068055954893483 0 -6.3226317846406745
      vertex 0 0 -6.3
      vertex 11.757192269559093 0 8.104999996721745
    endloop
  endfacet
  facet normal 0 -1 0
    outer loop
      vertex 0 0 -6.3
      vertex 0.46068055954893483 0 -6.3226317846406745
      vertex 11.757192269559093 0 8.104999996721745
    endloop
  endfacet
  facet normal 0 -1 0
    outer loop
      vertex 0.46068055954893483 0 -6.3226317846406745
      vertex 0.9169245134758028 0 -6.390309182104817
      vertex 11.757192269559093 0 8.104999996721745
    endloop
  endfacet
  facet normal 0 -1 0
    outer loop
      vertex 0.9169245134758028 0 -6.390309182104817
      vertex 1.364337983095973 0 -6.502380422058619
      vertex 11.757192269559093 0 8.104999996721745
    endloop
  endfacet
  facet normal 0 -1 0
    outer loop
      vertex 1.364337983095973 0 -6.502380422058619
      vertex 1.798612132115922 0 -6.657766197196952
      vertex 11.757192269559093 0 8.104999996721745
    endloop
  endfacet
  facet normal 0 -1 0
    outer loop
      vertex 1.48492424049175 0 -1.48492424049175
      vertex 11.757192269559093 0 8.104999996721745
      vertex 1.666042014611594 0 -1.2783990009183135
    endloop
  endfacet
  facet normal 0 -1 0
    outer loop
      vertex 1.666042014611594 0 -1.2783990009183135
      vertex 11.757192269559093 0 8.104999996721745
      vertex 1.818653347947321 0 -1.05
    endloop
  endfacet
  facet normal 0 -1 0
    outer loop
      vertex 1.818653347947321 0 -1.05
      vertex 11.757192269559093 0 8.104999996721745
      vertex 1.9401470182737022 0 -0.8036352079666885
    endloop
  endfacet
  facet normal 0 -1 0
    outer loop
      vertex 1.9401470182737022 0 -0.8036352079666885
      vertex 11.757192269559093 0 8.104999996721745
      vertex 2.0284442352070435 0 -0.5435199947152936
    endloop
  endfacet
  facet normal 0 -1 0
    outer loop
      vertex 2.0284442352070435 0 -0.5435199947152936
      vertex 11.757192269559093 0 8.104999996721745
      vertex 2.082034208885002 0 -0.2741050036621083
    endloop
  endfacet
  facet normal 0 -1 0
    outer loop
      vertex 2.082034208885002 0 -0.2741050036621083
      vertex 11.757192269559093 0 8.104999996721745
      vertex 2.1 0 0
    endloop
  endfacet
  facet normal 0 -1 0
    outer loop
      vertex 2.1 0 0
      vertex 11.757192269559093 0 8.104999996721745
      vertex 2.082034208885002 0 0.2741050036621083
    endloop
  endfacet
  facet normal 0 -1 0
    outer loop
      vertex 2.082034208885002 0 0.2741050036621083
      vertex 11.757192269559093 0 8.104999996721745
      vertex 2.0284442352070435 0 0.5435199947152936
    endloop
  endfacet
  facet normal 0 -1 0
    outer loop
      vertex 1.9401470182737022 0 0.8036352079666885
      vertex 11.757192269559093 0 8.104999996721745
      vertex 1.818653347947321 0 1.05
    endloop
  endfacet
  facet normal 0 -1 0
    outer loop
      vertex 1.9401470182737022 0 0.8036352079666885
      vertex 2.0284442352070435 0 0.5435199947152936
      vertex 11.757192269559093 0 8.104999996721745
    endloop
  endfacet
  facet normal 0 -1 0
    outer loop
      vertex 1.2783990009183135 0 1.666042014611594
      vertex 1.48492424049175 0 1.48492424049175
      vertex 11.757192269559093 0 8.104999996721745
    endloop
  endfacet
  facet normal 0 -1 0
    outer loop
      vertex 1.666042014611594 0 1.2783990009183135
      vertex 1.818653347947321 0 1.05
      vertex 11.757192269559093 0 8.104999996721745
    endloop
  endfacet
  facet normal 0 -1 0
    outer loop
      vertex 1.666042014611594 0 1.2783990009183135
      vertex 11.757192269559093 0 8.104999996721745
      vertex 1.48492424049175 0 1.48492424049175
    endloop
  endfacet
  facet normal 0 -1 0
    outer loop
      vertex 1.05 0 1.818653347947321
      vertex 1.2783990009183135 0 1.666042014611594
      vertex 11.757192269559093 0 8.104999996721745
    endloop
  endfacet
  facet normal 0 -1 0
    outer loop
      vertex 1.798612132115922 0 -6.657766197196952
      vertex 2.215564663082189 0 -6.854970057562731
      vertex 16.899999998509884 0 10.856132812798023
    endloop
  endfacet
  facet normal 0 -1 0
    outer loop
      vertex 1.798612132115922 0 -6.657766197196952
      vertex 14.5 0 8.104999996721745
      vertex 11.757192269559093 0 8.104999996721745
    endloop
  endfacet
  facet normal 0 0 -1
    outer loop
      vertex -8.100000001490116 0 8.104999996721745
      vertex 11.757192269559093 0 8.104999996721745
      vertex 14.5 -0.02 8.104999996721745
    endloop
  endfacet
  facet normal 0 1 0
    outer loop
      vertex -6 3 -11.600000001490116
      vertex 12.399999998509884 3 6
      vertex 11.086857855319977 3 1.6900300085544586
    endloop
  endfacet
  facet normal 0 1 0
    outer loop
      vertex -7.390433132648468 3 -11.600000001490116
      vertex 11.600000001490116 3 6
      vertex 12.399999998509884 3 6
    endloop
  endfacet
  facet normal 0 1 0
    outer loop
      vertex 1.48492424049175 3 -1.48492424049175
      vertex 1.666042014611594 3 -1.2783990009183135
      vertex 11.600000001490116 3 6
    endloop
  endfacet
  facet normal 0 1 0
    outer loop
      vertex 1.666042014611594 3 -1.2783990009183135
      vertex 1.818653347947321 3 -1.05
      vertex 11.600000001490116 3 6
    endloop
  endfacet
  facet normal 0 1 0
    outer loop
      vertex 1.818653347947321 3 -1.05
      vertex 1.9401470182737022 3 -0.8036352079666885
      vertex 11.600000001490116 3 6
    endloop
  endfacet
  facet normal 0 1 0
    outer loop
      vertex 1.666042014611594 3 1.2783990009183135
      vertex 1.48492424049175 3 1.48492424049175
      vertex 7.399999998509884 3 6.899999998509884
    endloop
  endfacet
  facet normal 0 1 0
    outer loop
      vertex 0.8036352079666885 3 1.9401470182737022
      vertex 6.600000001490116 3 6.899999998509884
      vertex 1.05 3 1.818653347947321
    endloop
  endfacet
  facet normal 0 1 0
    outer loop
      vertex 1.05 3 1.818653347947321
      vertex 6.600000001490116 3 6.899999998509884
      vertex 1.2783990009183135 3 1.666042014611594
    endloop
  endfacet
  facet normal 0 1 0
    outer loop
      vertex 1.2783990009183135 3 1.666042014611594
      vertex 7.399999998509884 3 6.899999998509884
      vertex 1.48492424049175 3 1.48492424049175
    endloop
  endfacet
  facet normal 0 1 0
    outer loop
      vertex 1.9401470182737022 3 -0.8036352079666885
      vertex 2.0284442352070435 3 -0.5435199947152936
      vertex 11.600000001490116 3 6
    endloop
  endfacet
  facet normal 0 1 0
    outer loop
      vertex 1.2783990009183135 3 1.666042014611594
      vertex 6.600000001490116 3 6.899999998509884
      vertex 7.399999998509884 3 6.899999998509884
    endloop
  endfacet
  facet normal 0 1 0
    outer loop
      vertex 1.666042014611594 3 1.2783990009183135
      vertex 13.268076002597809 3 11.728080615401268
      vertex 1.818653347947321 3 1.05
    endloop
  endfacet
  facet normal 0 1 0
    outer loop
      vertex 2.1 3 0
      vertex 2.082034208885002 3 0.2741050036621083
      vertex 13.83853254467249 3 11.465096555650234
    endloop
  endfacet
  facet normal 0 1 0
    outer loop
      vertex 2.082034208885002 3 0.2741050036621083
      vertex 2.0284442352070435 3 0.5435199947152936
      vertex 13.83853254467249 3 11.465096555650234
    endloop
  endfacet
  facet normal 0 1 0
    outer loop
      vertex 2.0284442352070435 3 -0.5435199947152936
      vertex 2.082034208885002 3 -0.2741050036621083
      vertex 14.427864044904709 3 11.247680678963661
    endloop
  endfacet
  facet normal 0 1 0
    outer loop
      vertex 2.082034208885002 3 -0.2741050036621083
      vertex 2.1 3 0
      vertex 14.427864044904709 3 11.247680678963661
    endloop
  endfacet
  facet normal 0 1 0
    outer loop
      vertex 1.9401470182737022 3 0.8036352079666885
      vertex 13.268076002597809 3 11.728080615401268
      vertex 2.0284442352070435 3 0.5435199947152936
    endloop
  endfacet
  facet normal 0 1 0
    outer loop
      vertex 1.9401470182737022 3 0.8036352079666885
      vertex 1.818653347947321 3 1.05
      vertex 13.268076002597809 3 11.728080615401268
    endloop
  endfacet
  facet normal 0 1 0
    outer loop
      vertex 2.0284442352070435 3 -0.5435199947152936
      vertex 11.600000001490116 3 8.09248235821724
      vertex 11.600000001490116 3 6
    endloop
  endfacet
  facet normal 0 1 0
    outer loop
      vertex -0.5435199947152936 3 2.0284442352070435
      vertex 6.600000001490116 3 9.100000001490116
      vertex 6.600000001490116 3 6.899999998509884
    endloop
  endfacet
  facet normal 0 1 0
    outer loop
      vertex 2.399999998509884 3 6
      vertex 2.399999998509884 3 10
      vertex 6.600000001490116 3 9.100000001490116
    endloop
  endfacet
  facet normal 0 0 1
    outer loop
      vertex 6.600000001490116 2.5999999999999996 6.899999998509884
      vertex 7.399999998509884 2.5999999999999996 6.899999998509884
      vertex 7.399999998509884 3 6.899999998509884
    endloop
  endfacet
  facet normal 0 0 1
    outer loop
      vertex 6.600000001490116 2.5999999999999996 6.899999998509884
      vertex 7.399999998509884 3 6.899999998509884
      vertex 6.600000001490116 3 6.899999998509884
    endloop
  endfacet
  facet normal 0 1 0
    outer loop
      vertex 1.666042014611594 3 1.2783990009183135
      vertex 7.399999998509884 3 6.899999998509884
      vertex 13.268076002597809 3 11.728080615401268
    endloop
  endfacet
  facet normal 0 1 0
    outer loop
      vertex 6.600000001490116 2.5999999999999996 6.899999998509884
      vertex 6.600000001490116 2.5999999999999996 9.100000001490116
      vertex 7.399999998509884 2.5999999999999996 6.899999998509884
    endloop
  endfacet
  facet normal 1 0 0
    outer loop
      vertex 6.600000001490116 2.5999999999999996 6.899999998509884
      vertex 6.600000001490116 3 6.899999998509884
      vertex 6.600000001490116 2.5999999999999996 9.100000001490116
    endloop
  endfacet
  facet normal 0 1 0
    outer loop
      vertex 7.399999998509884 2.5999999999999996 6.899999998509884
      vertex 6.600000001490116 2.5999999999999996 9.100000001490116
      vertex 7.399999998509884 2.5999999999999996 9.100000001490116
    endloop
  endfacet
  facet normal -1 0 0
    outer loop
      vertex 7.399999998509884 2.5999999999999996 6.899999998509884
      vertex 7.399999998509884 2.5999999999999996 9.100000001490116
      vertex 7.399999998509884 3 9.100000001490116
    endloop
  endfacet
  facet normal -1 0 0
    outer loop
      vertex 7.399999998509884 2.5999999999999996 6.899999998509884
      vertex 7.399999998509884 3 9.100000001490116
      vertex 7.399999998509884 3 6.899999998509884
    endloop
  endfacet
  facet normal 1 0 0
    outer loop
      vertex 6.600000001490116 3 6.899999998509884
      vertex 6.600000001490116 3 9.100000001490116
      vertex 6.600000001490116 2.5999999999999996 9.100000001490116
    endloop
  endfacet
  facet normal 0 1 0
    outer loop
      vertex 2.0284442352070435 3 -0.5435199947152936
      vertex 14.427864044904709 3 11.247680678963661
      vertex 11.600000001490116 3 8.09248235821724
    endloop
  endfacet
  facet normal 0 1 0
    outer loop
      vertex 2.0284442352070435 3 0.5435199947152936
      vertex 13.268076002597809 3 11.728080615401268
      vertex 13.83853254467249 3 11.465096555650234
    endloop
  endfacet
  facet normal 0 1 0
    outer loop
      vertex 2.1 3 0
      vertex 13.83853254467249 3 11.465096555650234
      vertex 14.427864044904709 3 11.247680678963661
    endloop
  endfacet
  facet normal 0 0 -1
    outer loop
      vertex 6.600000001490116 2.5999999999999996 9.100000001490116
      vertex 6.600000001490116 3 9.100000001490116
      vertex 7.399999998509884 2.5999999999999996 9.100000001490116
    endloop
  endfacet
  facet normal 0 0 -1
    outer loop
      vertex 7.399999998509884 2.5999999999999996 9.100000001490116
      vertex 6.600000001490116 3 9.100000001490116
      vertex 7.399999998509884 3 9.100000001490116
    endloop
  endfacet
  facet normal 0 1 0
    outer loop
      vertex 6.600000001490116 3 9.100000001490116
      vertex 11.243145748972893 3 13.199278563261032
      vertex 7.399999998509884 3 9.100000001490116
    endloop
  endfacet
  facet normal 0 1 0
    outer loop
      vertex 2.399999998509884 3 10
      vertex 11.243145748972893 3 13.199278563261032
      vertex 6.600000001490116 3 9.100000001490116
    endloop
  endfacet
  facet normal 0 1 0
    outer loop
      vertex 7.399999998509884 3 6.899999998509884
      vertex 7.399999998509884 3 9.100000001490116
      vertex 13.268076002597809 3 11.728080615401268
    endloop
  endfacet
  facet normal 0 1 0
    outer loop
      vertex 7.399999998509884 3 9.100000001490116
      vertex 11.243145748972893 3 13.199278563261032
      vertex 11.704415611922741 3 12.772885084152222
    endloop
  endfacet
  facet normal 0 -1 0
    outer loop
      vertex 2.215564663082189 0 -6.854970057562731
      vertex 7.2752682492136955 0 -3.781843863427639
      vertex 26.39454620171282 0 9.753360655737685
    endloop
  endfacet
  facet normal 0 1 0
    outer loop
      vertex 10.809969991445541 0.5 -0.4131421446800232
      vertex 13.299038104712963 0.5 -0.25
      vertex 10.939339831471443 0.5 -0.5606601685285568
    endloop
  endfacet
  facet normal 0 1 0
    outer loop
      vertex 11.425974853336811 0.5 -0.8858193010091782
      vertex 12.75 0.5 -0.7990381047129631
      vertex 11.611771434545517 0.5 -0.9488887414336205
    endloop
  endfacet
  facet normal 0 1 0
    outer loop
      vertex 11.804210714995861 0.5 -0.9871672913432121
      vertex 12.388228565454483 0.5 -0.9488887414336205
      vertex 12 0.5 -1
    endloop
  endfacet
  facet normal 0 1 0
    outer loop
      vertex 11.611771434545517 0.5 -0.9488887414336205
      vertex 12.574025146663189 0.5 -0.8858193010091782
      vertex 11.804210714995861 0.5 -0.9871672913432121
    endloop
  endfacet
  facet normal 0 1 0
    outer loop
      vertex 12 0.5 -1
      vertex 12.388228565454483 0.5 -0.9488887414336205
      vertex 12.195789285004139 0.5 -0.9871672913432121
    endloop
  endfacet
  facet normal 0 1 0
    outer loop
      vertex 11.086857855319977 0.5 -0.6900300085544586
      vertex 13.060660168528557 0.5 -0.5606601685285568
      vertex 11.25 0.5 -0.7990381047129631
    endloop
  endfacet
  facet normal 0 1 0
    outer loop
      vertex 11.425974853336811 0.5 -0.8858193010091782
      vertex 11.25 0.5 -0.7990381047129631
      vertex 12.913142144680023 0.5 -0.6900300085544586
    endloop
  endfacet
  facet normal 0 1 0
    outer loop
      vertex 10.939339831471443 0.5 -0.5606601685285568
      vertex 13.190030008554459 0.5 -0.4131421446800232
      vertex 11.086857855319977 0.5 -0.6900300085544586
    endloop
  endfacet
  facet normal 0 1 0
    outer loop
      vertex 10.809969991445541 0.5 -0.4131421446800232
      vertex 10.700961895287037 0.5 -0.25
      vertex 13.385819301009178 0.5 -0.07402514666318893
    endloop
  endfacet
  facet normal 0 1 0
    outer loop
      vertex 10.614180698990822 0.5 -0.07402514666318893
      vertex 13.44888874143362 0.5 0.11177143454551697
      vertex 10.700961895287037 0.5 -0.25
    endloop
  endfacet
  facet normal 0 1 0
    outer loop
      vertex 10.614180698990822 0.5 -0.07402514666318893
      vertex 10.55111125856638 0.5 0.11177143454551697
      vertex 13.487167291343212 0.5 0.30421071499586105
    endloop
  endfacet
  facet normal 0 1 0
    outer loop
      vertex 10.55111125856638 0.5 0.11177143454551697
      vertex 10.512832708656788 0.5 0.30421071499586105
      vertex 13.5 0.5 0.5
    endloop
  endfacet
  facet normal 0 1 0
    outer loop
      vertex 10.512832708656788 0.5 0.30421071499586105
      vertex 10.5 0.5 0.5
      vertex 13.487167291343212 0.5 0.695789285004139
    endloop
  endfacet
  facet normal 0 1 0
    outer loop
      vertex 10.5 0.5 0.5
      vertex 10.512832708656788 0.5 0.695789285004139
      vertex 13.44888874143362 0.5 0.888228565454483
    endloop
  endfacet
  facet normal 0 1 0
    outer loop
      vertex 10.512832708656788 0.5 0.695789285004139
      vertex 10.55111125856638 0.5 0.888228565454483
      vertex 13.385819301009178 0.5 1.074025146663189
    endloop
  endfacet
  facet normal 0 1 0
    outer loop
      vertex 10.55111125856638 0.5 0.888228565454483
      vertex 10.614180698990822 0.5 1.074025146663189
      vertex 13.299038104712963 0.5 1.25
    endloop
  endfacet
  facet normal 0 1 0
    outer loop
      vertex 10.614180698990822 0.5 1.074025146663189
      vertex 10.700961895287037 0.5 1.25
      vertex 13.190030008554459 0.5 1.4131421446800232
    endloop
  endfacet
  facet normal 0 1 0
    outer loop
      vertex 10.700961895287037 0.5 1.25
      vertex 10.809969991445541 0.5 1.4131421446800232
      vertex 13.060660168528557 0.5 1.5606601685285568
    endloop
  endfacet
  facet normal 0 -1 0
    outer loop
      vertex 7.2752682492136955 0 -3.781843863427639
      vertex 7.832458935678005 0 -3.507067821919918
      vertex 26.39454620171282 0 9.753360655737685
    endloop
  endfacet
  facet normal 0 1 0
    outer loop
      vertex 11.804210714995861 0.5 -0.9871672913432121
      vertex 12.574025146663189 0.5 -0.8858193010091782
      vertex 12.388228565454483 0.5 -0.9488887414336205
    endloop
  endfacet
  facet normal 0 1 0
    outer loop
      vertex 11.611771434545517 0.5 -0.9488887414336205
      vertex 12.75 0.5 -0.7990381047129631
      vertex 12.574025146663189 0.5 -0.8858193010091782
    endloop
  endfacet
  facet normal 0 1 0
    outer loop
      vertex 11.425974853336811 0.5 -0.8858193010091782
      vertex 12.913142144680023 0.5 -0.6900300085544586
      vertex 12.75 0.5 -0.7990381047129631
    endloop
  endfacet
  facet normal 0 1 0
    outer loop
      vertex 11.25 0.5 -0.7990381047129631
      vertex 13.060660168528557 0.5 -0.5606601685285568
      vertex 12.913142144680023 0.5 -0.6900300085544586
    endloop
  endfacet
  facet normal 0 1 0
    outer loop
      vertex 11.086857855319977 0.5 -0.6900300085544586
      vertex 13.190030008554459 0.5 -0.4131421446800232
      vertex 13.060660168528557 0.5 -0.5606601685285568
    endloop
  endfacet
  facet normal 0 1 0
    outer loop
      vertex 10.939339831471443 0.5 -0.5606601685285568
      vertex 13.299038104712963 0.5 -0.25
      vertex 13.190030008554459 0.5 -0.4131421446800232
    endloop
  endfacet
  facet normal 0 1 0
    outer loop
      vertex 10.809969991445541 0.5 -0.4131421446800232
      vertex 13.385819301009178 0.5 -0.07402514666318893
      vertex 13.299038104712963 0.5 -0.25
    endloop
  endfacet
  facet normal 0 1 0
    outer loop
      vertex 10.700961895287037 0.5 -0.25
      vertex 13.44888874143362 0.5 0.11177143454551697
      vertex 13.385819301009178 0.5 -0.07402514666318893
    endloop
  endfacet
  facet normal 0 1 0
    outer loop
      vertex 10.614180698990822 0.5 -0.07402514666318893
      vertex 13.487167291343212 0.5 0.30421071499586105
      vertex 13.44888874143362 0.5 0.11177143454551697
    endloop
  endfacet
  facet normal 0 1 0
    outer loop
      vertex 10.55111125856638 0.5 0.11177143454551697
      vertex 13.5 0.5 0.5
      vertex 13.487167291343212 0.5 0.30421071499586105
    endloop
  endfacet
  facet normal 0 1 0
    outer loop
      vertex 10.512832708656788 0.5 0.30421071499586105
      vertex 13.487167291343212 0.5 0.695789285004139
      vertex 13.5 0.5 0.5
    endloop
  endfacet
  facet normal 0 1 0
    outer loop
      vertex 10.5 0.5 0.5
      vertex 13.44888874143362 0.5 0.888228565454483
      vertex 13.487167291343212 0.5 0.695789285004139
    endloop
  endfacet
  facet normal 0 1 0
    outer loop
      vertex 10.512832708656788 0.5 0.695789285004139
      vertex 13.385819301009178 0.5 1.074025146663189
      vertex 13.44888874143362 0.5 0.888228565454483
    endloop
  endfacet
  facet normal 0 1 0
    outer loop
      vertex 10.55111125856638 0.5 0.888228565454483
      vertex 13.299038104712963 0.5 1.25
      vertex 13.385819301009178 0.5 1.074025146663189
    endloop
  endfacet
  facet normal 0 1 0
    outer loop
      vertex 10.700961895287037 0.5 1.25
      vertex 13.060660168528557 0.5 1.5606601685285568
      vertex 13.190030008554459 0.5 1.4131421446800232
    endloop
  endfacet
  facet normal 0 1 0
    outer loop
      vertex 10.614180698990822 0.5 1.074025146663189
      vertex 13.190030008554459 0.5 1.4131421446800232
      vertex 13.299038104712963 0.5 1.25
    endloop
  endfacet
  facet normal 0 -1 0
    outer loop
      vertex 1.798612132115922 0 -6.657766197196952
      vertex 16.899999998509884 0 10.856132812798023
      vertex 14.5 0 8.104999996721745
    endloop
  endfacet
  facet normal 0 -1 0
    outer loop
      vertex 2.215564663082189 0 -6.854970057562731
      vertex 17 0 7.855
      vertex 16.899999998509884 0 10.856132812798023
    endloop
  endfacet
  facet normal 0 1 0
    outer loop
      vertex 10.809969991445541 0.5 1.4131421446800232
      vertex 10.939339831471443 0.5 1.5606601685285568
      vertex 12.913142144680023 0.5 1.6900300085544586
    endloop
  endfacet
  facet normal 0 1 0
    outer loop
      vertex 10.939339831471443 0.5 1.5606601685285568
      vertex 11.086857855319977 0.5 1.6900300085544586
      vertex 12.75 0.5 1.799038104712963
    endloop
  endfacet
  facet normal 0 1 0
    outer loop
      vertex 11.086857855319977 0.5 1.6900300085544586
      vertex 11.25 0.5 1.799038104712963
      vertex 12.574025146663189 0.5 1.8858193010091782
    endloop
  endfacet
  facet normal 0 1 0
    outer loop
      vertex 11.25 0.5 1.799038104712963
      vertex 11.425974853336811 0.5 1.8858193010091782
      vertex 12.388228565454483 0.5 1.9488887414336205
    endloop
  endfacet
  facet normal 0 1 0
    outer loop
      vertex 10.939339831471443 0.5 1.5606601685285568
      vertex 12.75 0.5 1.799038104712963
      vertex 12.913142144680023 0.5 1.6900300085544586
    endloop
  endfacet
  facet normal 0 1 0
    outer loop
      vertex 11.25 0.5 1.799038104712963
      vertex 12.388228565454483 0.5 1.9488887414336205
      vertex 12.574025146663189 0.5 1.8858193010091782
    endloop
  endfacet
  facet normal 0 1 0
    outer loop
      vertex 11.086857855319977 0.5 1.6900300085544586
      vertex 12.574025146663189 0.5 1.8858193010091782
      vertex 12.75 0.5 1.799038104712963
    endloop
  endfacet
  facet normal 0 1 0
    outer loop
      vertex 11.425974853336811 0.5 1.8858193010091782
      vertex 11.611771434545517 0.5 1.9488887414336205
      vertex 12.195789285004139 0.5 1.9871672913432121
    endloop
  endfacet
  facet normal 0 1 0
    outer loop
      vertex 11.611771434545517 0.5 1.9488887414336205
      vertex 11.804210714995861 0.5 1.9871672913432121
      vertex 12 0.5 2
    endloop
  endfacet
  facet normal 0 1 0
    outer loop
      vertex 11.611771434545517 0.5 1.9488887414336205
      vertex 12 0.5 2
      vertex 12.195789285004139 0.5 1.9871672913432121
    endloop
  endfacet
  facet normal 0 1 0
    outer loop
      vertex 11.425974853336811 0.5 1.8858193010091782
      vertex 12.195789285004139 0.5 1.9871672913432121
      vertex 12.388228565454483 0.5 1.9488887414336205
    endloop
  endfacet
  facet normal 0 1 0
    outer loop
      vertex 10.809969991445541 0.5 1.4131421446800232
      vertex 12.913142144680023 0.5 1.6900300085544586
      vertex 13.060660168528557 0.5 1.5606601685285568
    endloop
  endfacet
  facet normal 0 -1 0
    outer loop
      vertex 7.832458935678005 0 -3.507067821919918
      vertex 8.420748390257359 0 -3.307370461523533
      vertex 26.39454620171282 0 9.753360655737685
    endloop
  endfacet
  facet normal 0 -1 0
    outer loop
      vertex 8.420748390257359 0 -3.307370461523533
      vertex 9.03007061779499 0 -3.1861687302589417
      vertex 26.39454620171282 0 9.753360655737685
    endloop
  endfacet
  facet normal 0 -1 0
    outer loop
      vertex 9.03007061779499 0 -3.1861687302589417
      vertex 9.658184111118317 0 -3.1450000032782555
      vertex 26.39454620171282 0 9.753360655737685
    endloop
  endfacet
  facet normal 0 -1 0
    outer loop
      vertex 2.215564663082189 0 -6.854970057562731
      vertex 26.39454620171282 0 9.753360655737685
      vertex 17 0 7.855
    endloop
  endfacet
  facet normal 0 0 -1
    outer loop
      vertex 11.757192269559093 0 8.104999996721745
      vertex 14.5 0 8.104999996721745
      vertex 14.5 -0.02 8.104999996721745
    endloop
  endfacet
  facet normal 0.27144044673417844 0 0.9624552373366512
    outer loop
      vertex 14.427864044904709 -0.5340556692028853 11.247680678963661
      vertex 14.49999999982759 -0.02 11.227336235845405
      vertex 14.427864044904709 0 11.247680678963661
    endloop
  endfacet
  facet normal 0.9388601891004591 -0.11896066322872641 0.32309426786377915
    outer loop
      vertex 14.427864044904709 -0.5340556692028853 11.247680678963661
      vertex 14.5 -0.02 11.22733623534441
      vertex 14.49999999982759 -0.02 11.227336235845405
    endloop
  endfacet
  facet normal 1 0 0
    outer loop
      vertex 14.5 -0.02 8.104999996721745
      vertex 14.5 0 8.104999996721745
      vertex 14.5 -0.02 11.22733623534441
    endloop
  endfacet
  facet normal 1 0 0
    outer loop
      vertex 14.5 0 8.104999996721745
      vertex 14.5 0 11.22733623534441
      vertex 14.5 -0.02 11.22733623534441
    endloop
  endfacet
  facet normal 0 -1 0
    outer loop
      vertex 14.5 0 8.104999996721745
      vertex 15.032437086105347 0 11.077173449099064
      vertex 14.5 0 11.22733623534441
    endloop
  endfacet
  facet normal 0 -1 0
    outer loop
      vertex 14.5 0 8.104999996721745
      vertex 15.648524276912212 0 10.954626090824604
      vertex 15.032437086105347 0 11.077173449099064
    endloop
  endfacet
  facet normal 0 -1 0
    outer loop
      vertex 14.5 0 8.104999996721745
      vertex 16.272327236831188 0 10.880794145166874
      vertex 15.648524276912212 0 10.954626090824604
    endloop
  endfacet
  facet normal 0 -1 0
    outer loop
      vertex 14.5 0 8.104999996721745
      vertex 16.899999998509884 0 10.856132812798023
      vertex 16.272327236831188 0 10.880794145166874
    endloop
  endfacet
  facet normal 0.9455747452162028 0 0.3254049803080973
    outer loop
      vertex 14.5 -0.02 11.22733623534441
      vertex 14.5 0 11.22733623534441
      vertex 14.49999999982759 0 11.227336235845405
    endloop
  endfacet
  facet normal 0.9455747452162028 0 0.3254049803080973
    outer loop
      vertex 14.5 -0.02 11.22733623534441
      vertex 14.49999999982759 0 11.227336235845405
      vertex 14.49999999982759 -0.02 11.227336235845405
    endloop
  endfacet
  facet normal 0.27144044673417844 0 0.9624552373366513
    outer loop
      vertex 14.49999999982759 -0.02 11.227336235845405
      vertex 14.49999999982759 0 11.227336235845405
      vertex 14.427864044904709 0 11.247680678963661
    endloop
  endfacet
  facet normal 0 -1 0
    outer loop
      vertex 14.5 0 11.22733623534441
      vertex 15.032437086105347 0 11.077173449099064
      vertex 14.49999999982759 0 11.227336235845405
    endloop
  endfacet
  facet normal 0.7518397942312052 0 0.6593458302062577
    outer loop
      vertex 10.809969991445541 0.5 -0.4131421446800232
      vertex 10.939339831471443 0.5 -0.5606601685285568
      vertex 10.939339831471443 3 -0.5606601685285568
    endloop
  endfacet
  facet normal 0.6593458302062577 0 0.7518397942312052
    outer loop
      vertex 10.939339831471443 0.5 -0.5606601685285568
      vertex 11.086857855319977 0.5 -0.6900300085544586
      vertex 11.086857855319977 3 -0.6900300085544586
    endloop
  endfacet
  facet normal 0.5555702335092735 0 0.8314696119753573
    outer loop
      vertex 11.086857855319977 0.5 -0.6900300085544586
      vertex 11.25 0.5 -0.7990381047129631
      vertex 11.25 3 -0.7990381047129631
    endloop
  endfacet
  facet normal 0.4422886995523108 0 0.8968727369300094
    outer loop
      vertex 11.425974853336811 0.5 -0.8858193010091782
      vertex 11.425974853336811 3 -0.8858193010091782
      vertex 11.25 0.5 -0.7990381047129631
    endloop
  endfacet
  facet normal 0.3214394637077385 0 0.9469301300366789
    outer loop
      vertex 11.425974853336811 0.5 -0.8858193010091782
      vertex 11.611771434545517 0.5 -0.9488887414336205
      vertex 11.611771434545517 3 -0.9488887414336205
    endloop
  endfacet
  facet normal 0.19509030759446716 0 0.9807852832718772
    outer loop
      vertex 11.611771434545517 0.5 -0.9488887414336205
      vertex 11.804210714995861 0.5 -0.9871672913432121
      vertex 11.804210714995861 3 -0.9871672913432121
    endloop
  endfacet
  facet normal 0.06540313397759875 0 0.9978589229274388
    outer loop
      vertex 11.804210714995861 0.5 -0.9871672913432121
      vertex 12 0.5 -1
      vertex 12 3 -1
    endloop
  endfacet
  facet normal -0.06540313397759875 0 0.9978589229274388
    outer loop
      vertex 12 0.5 -1
      vertex 12.195789285004139 0.5 -0.9871672913432121
      vertex 12.195789285004139 3 -0.9871672913432121
    endloop
  endfacet
  facet normal 0.8314696119753573 0 0.5555702335092735
    outer loop
      vertex 10.809969991445541 0.5 -0.4131421446800232
      vertex 10.809969991445541 3 -0.4131421446800232
      vertex 10.700961895287037 0.5 -0.25
    endloop
  endfacet
  facet normal 0.8968727369300094 0 0.4422886995523108
    outer loop
      vertex 10.614180698990822 0.5 -0.07402514666318893
      vertex 10.700961895287037 0.5 -0.25
      vertex 10.700961895287037 3 -0.25
    endloop
  endfacet
  facet normal 0.9469301300366789 0 0.3214394637077385
    outer loop
      vertex 10.614180698990822 0.5 -0.07402514666318893
      vertex 10.614180698990822 3 -0.07402514666318893
      vertex 10.55111125856638 0.5 0.11177143454551697
    endloop
  endfacet
  facet normal 0.9807852832718772 0 0.19509030759446716
    outer loop
      vertex 10.55111125856638 0.5 0.11177143454551697
      vertex 10.55111125856638 3 0.11177143454551697
      vertex 10.512832708656788 0.5 0.30421071499586105
    endloop
  endfacet
  facet normal 0.9978589229274388 0 0.06540313397759875
    outer loop
      vertex 10.512832708656788 0.5 0.30421071499586105
      vertex 10.512832708656788 3 0.30421071499586105
      vertex 10.5 0.5 0.5
    endloop
  endfacet
  facet normal 0.9978589229274388 0 -0.06540313397759875
    outer loop
      vertex 10.5 0.5 0.5
      vertex 10.5 3 0.5
      vertex 10.512832708656788 0.5 0.695789285004139
    endloop
  endfacet
  facet normal 0.9807852832718772 0 -0.19509030759446716
    outer loop
      vertex 10.512832708656788 0.5 0.695789285004139
      vertex 10.512832708656788 3 0.695789285004139
      vertex 10.55111125856638 0.5 0.888228565454483
    endloop
  endfacet
  facet normal 0.9469301300366789 0 -0.3214394637077385
    outer loop
      vertex 10.55111125856638 0.5 0.888228565454483
      vertex 10.55111125856638 3 0.888228565454483
      vertex 10.614180698990822 0.5 1.074025146663189
    endloop
  endfacet
  facet normal 0.8968727369300094 0 -0.4422886995523108
    outer loop
      vertex 10.614180698990822 0.5 1.074025146663189
      vertex 10.614180698990822 3 1.074025146663189
      vertex 10.700961895287037 0.5 1.25
    endloop
  endfacet
  facet normal 0.8314696119753573 0 -0.5555702335092735
    outer loop
      vertex 10.700961895287037 0.5 1.25
      vertex 10.700961895287037 3 1.25
      vertex 10.809969991445541 0.5 1.4131421446800232
    endloop
  endfacet
  facet normal 0.7518397942312052 0 -0.6593458302062577
    outer loop
      vertex 10.809969991445541 0.5 1.4131421446800232
      vertex 10.809969991445541 3 1.4131421446800232
      vertex 10.939339831471443 0.5 1.5606601685285568
    endloop
  endfacet
  facet normal -0.19509030759446716 0 0.9807852832718772
    outer loop
      vertex 12.195789285004139 0.5 -0.9871672913432121
      vertex 12.388228565454483 0.5 -0.9488887414336205
      vertex 12.388228565454483 3 -0.9488887414336205
    endloop
  endfacet
  facet normal -0.3214394637077385 0 0.9469301300366789
    outer loop
      vertex 12.388228565454483 0.5 -0.9488887414336205
      vertex 12.574025146663189 0.5 -0.8858193010091782
      vertex 12.574025146663189 3 -0.8858193010091782
    endloop
  endfacet
  facet normal -0.4422886995523108 0 0.8968727369300094
    outer loop
      vertex 12.574025146663189 0.5 -0.8858193010091782
      vertex 12.75 0.5 -0.7990381047129631
      vertex 12.75 3 -0.7990381047129631
    endloop
  endfacet
  facet normal -0.5555702335092735 0 0.8314696119753573
    outer loop
      vertex 12.75 0.5 -0.7990381047129631
      vertex 12.913142144680023 0.5 -0.6900300085544586
      vertex 12.913142144680023 3 -0.6900300085544586
    endloop
  endfacet
  facet normal -0.6593458302062577 0 0.7518397942312052
    outer loop
      vertex 12.913142144680023 0.5 -0.6900300085544586
      vertex 13.060660168528557 0.5 -0.5606601685285568
      vertex 13.060660168528557 3 -0.5606601685285568
    endloop
  endfacet
  facet normal -0.7518397942312052 0 0.6593458302062577
    outer loop
      vertex 13.060660168528557 0.5 -0.5606601685285568
      vertex 13.190030008554459 0.5 -0.4131421446800232
      vertex 13.190030008554459 3 -0.4131421446800232
    endloop
  endfacet
  facet normal -0.8314696119753573 0 0.5555702335092735
    outer loop
      vertex 13.190030008554459 0.5 -0.4131421446800232
      vertex 13.299038104712963 0.5 -0.25
      vertex 13.299038104712963 3 -0.25
    endloop
  endfacet
  facet normal -0.8968727369300094 0 0.4422886995523108
    outer loop
      vertex 13.299038104712963 0.5 -0.25
      vertex 13.385819301009178 0.5 -0.07402514666318893
      vertex 13.385819301009178 3 -0.07402514666318893
    endloop
  endfacet
  facet normal -0.9469301300366789 0 0.3214394637077385
    outer loop
      vertex 13.385819301009178 0.5 -0.07402514666318893
      vertex 13.44888874143362 0.5 0.11177143454551697
      vertex 13.44888874143362 3 0.11177143454551697
    endloop
  endfacet
  facet normal -0.9807852832718772 0 0.19509030759446716
    outer loop
      vertex 13.44888874143362 0.5 0.11177143454551697
      vertex 13.487167291343212 0.5 0.30421071499586105
      vertex 13.487167291343212 3 0.30421071499586105
    endloop
  endfacet
  facet normal -0.9978589229274388 0 0.06540313397759875
    outer loop
      vertex 13.487167291343212 0.5 0.30421071499586105
      vertex 13.5 0.5 0.5
      vertex 13.5 3 0.5
    endloop
  endfacet
  facet normal -0.9978589229274388 0 -0.06540313397759875
    outer loop
      vertex 13.5 0.5 0.5
      vertex 13.487167291343212 0.5 0.695789285004139
      vertex 13.487167291343212 3 0.695789285004139
    endloop
  endfacet
  facet normal -0.9807852832718772 0 -0.19509030759446716
    outer loop
      vertex 13.487167291343212 0.5 0.695789285004139
      vertex 13.44888874143362 0.5 0.888228565454483
      vertex 13.44888874143362 3 0.888228565454483
    endloop
  endfacet
  facet normal -0.8968727369300094 0 -0.4422886995523108
    outer loop
      vertex 13.385819301009178 0.5 1.074025146663189
      vertex 13.299038104712963 0.5 1.25
      vertex 13.299038104712963 3 1.25
    endloop
  endfacet
  facet normal -0.8314696119753573 0 -0.5555702335092735
    outer loop
      vertex 13.190030008554459 0.5 1.4131421446800232
      vertex 13.190030008554459 3 1.4131421446800232
      vertex 13.299038104712963 0.5 1.25
    endloop
  endfacet
  facet normal -0.9469301300366789 0 -0.3214394637077385
    outer loop
      vertex 13.385819301009178 0.5 1.074025146663189
      vertex 13.385819301009178 3 1.074025146663189
      vertex 13.44888874143362 0.5 0.888228565454483
    endloop
  endfacet
  facet normal 0.6593458302062577 0 -0.7518397942312052
    outer loop
      vertex 10.939339831471443 0.5 1.5606601685285568
      vertex 10.939339831471443 3 1.5606601685285568
      vertex 11.086857855319977 0.5 1.6900300085544586
    endloop
  endfacet
  facet normal 0.5555702335092735 0 -0.8314696119753573
    outer loop
      vertex 11.086857855319977 0.5 1.6900300085544586
      vertex 11.086857855319977 3 1.6900300085544586
      vertex 11.25 0.5 1.799038104712963
    endloop
  endfacet
  facet normal 0.4422886995523108 0 -0.8968727369300094
    outer loop
      vertex 11.25 0.5 1.799038104712963
      vertex 11.25 3 1.799038104712963
      vertex 11.425974853336811 0.5 1.8858193010091782
    endloop
  endfacet
  facet normal 0.3214394637077385 0 -0.9469301300366789
    outer loop
      vertex 11.425974853336811 0.5 1.8858193010091782
      vertex 11.425974853336811 3 1.8858193010091782
      vertex 11.611771434545517 0.5 1.9488887414336205
    endloop
  endfacet
  facet normal 0.19509030759446716 0 -0.9807852832718772
    outer loop
      vertex 11.611771434545517 0.5 1.9488887414336205
      vertex 11.611771434545517 3 1.9488887414336205
      vertex 11.804210714995861 0.5 1.9871672913432121
    endloop
  endfacet
  facet normal 0.06540313397759875 0 -0.9978589229274388
    outer loop
      vertex 11.804210714995861 0.5 1.9871672913432121
      vertex 11.804210714995861 3 1.9871672913432121
      vertex 12 0.5 2
    endloop
  endfacet
  facet normal -0.06540313397759875 0 -0.9978589229274388
    outer loop
      vertex 12 0.5 2
      vertex 12 3 2
      vertex 12.195789285004139 0.5 1.9871672913432121
    endloop
  endfacet
  facet normal -0.3214394637077385 0 -0.9469301300366789
    outer loop
      vertex 12.388228565454483 0.5 1.9488887414336205
      vertex 12.388228565454483 3 1.9488887414336205
      vertex 12.574025146663189 0.5 1.8858193010091782
    endloop
  endfacet
  facet normal -0.4422886995523108 0 -0.8968727369300094
    outer loop
      vertex 12.574025146663189 0.5 1.8858193010091782
      vertex 12.574025146663189 3 1.8858193010091782
      vertex 12.75 0.5 1.799038104712963
    endloop
  endfacet
  facet normal -0.19509030759446716 0 -0.9807852832718772
    outer loop
      vertex 12.195789285004139 0.5 1.9871672913432121
      vertex 12.195789285004139 3 1.9871672913432121
      vertex 12.388228565454483 0.5 1.9488887414336205
    endloop
  endfacet
  facet normal -0.5555702335092735 0 -0.8314696119753573
    outer loop
      vertex 12.913142144680023 0.5 1.6900300085544586
      vertex 12.75 0.5 1.799038104712963
      vertex 12.75 3 1.799038104712963
    endloop
  endfacet
  facet normal -0.6593458302062577 0 -0.7518397942312052
    outer loop
      vertex 12.913142144680023 0.5 1.6900300085544586
      vertex 12.913142144680023 3 1.6900300085544586
      vertex 13.060660168528557 0.5 1.5606601685285568
    endloop
  endfacet
  facet normal -0.7518397942312052 0 -0.6593458302062577
    outer loop
      vertex 13.190030008554459 0.5 1.4131421446800232
      vertex 13.060660168528557 0.5 1.5606601685285568
      vertex 13.060660168528557 3 1.5606601685285568
    endloop
  endfacet
  facet normal 0.7518397942312052 0 0.6593458302062577
    outer loop
      vertex 10.809969991445541 0.5 -0.4131421446800232
      vertex 10.939339831471443 3 -0.5606601685285568
      vertex 10.809969991445541 3 -0.4131421446800232
    endloop
  endfacet
  facet normal 0.6593458302062577 0 0.7518397942312052
    outer loop
      vertex 10.939339831471443 0.5 -0.5606601685285568
      vertex 11.086857855319977 3 -0.6900300085544586
      vertex 10.939339831471443 3 -0.5606601685285568
    endloop
  endfacet
  facet normal 0.5555702335092735 0 0.8314696119753573
    outer loop
      vertex 11.086857855319977 0.5 -0.6900300085544586
      vertex 11.25 3 -0.7990381047129631
      vertex 11.086857855319977 3 -0.6900300085544586
    endloop
  endfacet
  facet normal 0.3214394637077385 0 0.9469301300366789
    outer loop
      vertex 11.425974853336811 0.5 -0.8858193010091782
      vertex 11.611771434545517 3 -0.9488887414336205
      vertex 11.425974853336811 3 -0.8858193010091782
    endloop
  endfacet
  facet normal 0.19509030759446716 0 0.9807852832718772
    outer loop
      vertex 11.611771434545517 0.5 -0.9488887414336205
      vertex 11.804210714995861 3 -0.9871672913432121
      vertex 11.611771434545517 3 -0.9488887414336205
    endloop
  endfacet
  facet normal 0.4422886995523108 0 0.8968727369300094
    outer loop
      vertex 11.25 0.5 -0.7990381047129631
      vertex 11.425974853336811 3 -0.8858193010091782
      vertex 11.25 3 -0.7990381047129631
    endloop
  endfacet
  facet normal 0.06540313397759875 0 0.9978589229274388
    outer loop
      vertex 11.804210714995861 0.5 -0.9871672913432121
      vertex 12 3 -1
      vertex 11.804210714995861 3 -0.9871672913432121
    endloop
  endfacet
  facet normal -0.06540313397759875 0 0.9978589229274388
    outer loop
      vertex 12 0.5 -1
      vertex 12.195789285004139 3 -0.9871672913432121
      vertex 12 3 -1
    endloop
  endfacet
  facet normal 0.8314696119753573 0 0.5555702335092735
    outer loop
      vertex 10.700961895287037 0.5 -0.25
      vertex 10.809969991445541 3 -0.4131421446800232
      vertex 10.700961895287037 3 -0.25
    endloop
  endfacet
  facet normal 0.8968727369300094 0 0.4422886995523108
    outer loop
      vertex 10.614180698990822 0.5 -0.07402514666318893
      vertex 10.700961895287037 3 -0.25
      vertex 10.614180698990822 3 -0.07402514666318893
    endloop
  endfacet
  facet normal 0.9469301300366789 0 0.3214394637077385
    outer loop
      vertex 10.55111125856638 0.5 0.11177143454551697
      vertex 10.614180698990822 3 -0.07402514666318893
      vertex 10.55111125856638 3 0.11177143454551697
    endloop
  endfacet
  facet normal 0.9807852832718772 0 0.19509030759446716
    outer loop
      vertex 10.512832708656788 0.5 0.30421071499586105
      vertex 10.55111125856638 3 0.11177143454551697
      vertex 10.512832708656788 3 0.30421071499586105
    endloop
  endfacet
  facet normal 0.9978589229274388 0 0.06540313397759875
    outer loop
      vertex 10.5 0.5 0.5
      vertex 10.512832708656788 3 0.30421071499586105
      vertex 10.5 3 0.5
    endloop
  endfacet
  facet normal 0.9978589229274388 0 -0.06540313397759875
    outer loop
      vertex 10.512832708656788 0.5 0.695789285004139
      vertex 10.5 3 0.5
      vertex 10.512832708656788 3 0.695789285004139
    endloop
  endfacet
  facet normal 0.9807852832718772 0 -0.19509030759446716
    outer loop
      vertex 10.55111125856638 0.5 0.888228565454483
      vertex 10.512832708656788 3 0.695789285004139
      vertex 10.55111125856638 3 0.888228565454483
    endloop
  endfacet
  facet normal 0.9469301300366789 0 -0.3214394637077385
    outer loop
      vertex 10.614180698990822 0.5 1.074025146663189
      vertex 10.55111125856638 3 0.888228565454483
      vertex 10.614180698990822 3 1.074025146663189
    endloop
  endfacet
  facet normal 0.8968727369300094 0 -0.4422886995523108
    outer loop
      vertex 10.700961895287037 0.5 1.25
      vertex 10.614180698990822 3 1.074025146663189
      vertex 10.700961895287037 3 1.25
    endloop
  endfacet
  facet normal 0.8314696119753573 0 -0.5555702335092735
    outer loop
      vertex 10.809969991445541 0.5 1.4131421446800232
      vertex 10.700961895287037 3 1.25
      vertex 10.809969991445541 3 1.4131421446800232
    endloop
  endfacet
  facet normal -0.19509030759446716 0 0.9807852832718772
    outer loop
      vertex 12.195789285004139 0.5 -0.9871672913432121
      vertex 12.388228565454483 3 -0.9488887414336205
      vertex 12.195789285004139 3 -0.9871672913432121
    endloop
  endfacet
  facet normal -0.3214394637077385 0 0.9469301300366789
    outer loop
      vertex 12.388228565454483 0.5 -0.9488887414336205
      vertex 12.574025146663189 3 -0.8858193010091782
      vertex 12.388228565454483 3 -0.9488887414336205
    endloop
  endfacet
  facet normal -0.4422886995523108 0 0.8968727369300094
    outer loop
      vertex 12.574025146663189 0.5 -0.8858193010091782
      vertex 12.75 3 -0.7990381047129631
      vertex 12.574025146663189 3 -0.8858193010091782
    endloop
  endfacet
  facet normal -0.5555702335092735 0 0.8314696119753573
    outer loop
      vertex 12.75 0.5 -0.7990381047129631
      vertex 12.913142144680023 3 -0.6900300085544586
      vertex 12.75 3 -0.7990381047129631
    endloop
  endfacet
  facet normal -0.6593458302062577 0 0.7518397942312052
    outer loop
      vertex 12.913142144680023 0.5 -0.6900300085544586
      vertex 13.060660168528557 3 -0.5606601685285568
      vertex 12.913142144680023 3 -0.6900300085544586
    endloop
  endfacet
  facet normal -0.7518397942312052 0 0.6593458302062577
    outer loop
      vertex 13.060660168528557 0.5 -0.5606601685285568
      vertex 13.190030008554459 3 -0.4131421446800232
      vertex 13.060660168528557 3 -0.5606601685285568
    endloop
  endfacet
  facet normal -0.7518397942312052 0 -0.6593458302062577
    outer loop
      vertex 13.190030008554459 0.5 1.4131421446800232
      vertex 13.060660168528557 3 1.5606601685285568
      vertex 13.190030008554459 3 1.4131421446800232
    endloop
  endfacet
  facet normal -0.8314696119753573 0 0.5555702335092735
    outer loop
      vertex 13.190030008554459 0.5 -0.4131421446800232
      vertex 13.299038104712963 3 -0.25
      vertex 13.190030008554459 3 -0.4131421446800232
    endloop
  endfacet
  facet normal -0.8968727369300094 0 0.4422886995523108
    outer loop
      vertex 13.299038104712963 0.5 -0.25
      vertex 13.385819301009178 3 -0.07402514666318893
      vertex 13.299038104712963 3 -0.25
    endloop
  endfacet
  facet normal -0.9469301300366789 0 0.3214394637077385
    outer loop
      vertex 13.385819301009178 0.5 -0.07402514666318893
      vertex 13.44888874143362 3 0.11177143454551697
      vertex 13.385819301009178 3 -0.07402514666318893
    endloop
  endfacet
  facet normal -0.9807852832718772 0 0.19509030759446716
    outer loop
      vertex 13.44888874143362 0.5 0.11177143454551697
      vertex 13.487167291343212 3 0.30421071499586105
      vertex 13.44888874143362 3 0.11177143454551697
    endloop
  endfacet
  facet normal -0.9978589229274388 0 0.06540313397759875
    outer loop
      vertex 13.487167291343212 0.5 0.30421071499586105
      vertex 13.5 3 0.5
      vertex 13.487167291343212 3 0.30421071499586105
    endloop
  endfacet
  facet normal -0.9978589229274388 0 -0.06540313397759875
    outer loop
      vertex 13.5 0.5 0.5
      vertex 13.487167291343212 3 0.695789285004139
      vertex 13.5 3 0.5
    endloop
  endfacet
  facet normal -0.9807852832718772 0 -0.19509030759446716
    outer loop
      vertex 13.487167291343212 0.5 0.695789285004139
      vertex 13.44888874143362 3 0.888228565454483
      vertex 13.487167291343212 3 0.695789285004139
    endloop
  endfacet
  facet normal -0.9469301300366789 0 -0.3214394637077385
    outer loop
      vertex 13.44888874143362 0.5 0.888228565454483
      vertex 13.385819301009178 3 1.074025146663189
      vertex 13.44888874143362 3 0.888228565454483
    endloop
  endfacet
  facet normal -0.8968727369300094 0 -0.4422886995523108
    outer loop
      vertex 13.385819301009178 0.5 1.074025146663189
      vertex 13.299038104712963 3 1.25
      vertex 13.385819301009178 3 1.074025146663189
    endloop
  endfacet
  facet normal -0.8314696119753573 0 -0.5555702335092735
    outer loop
      vertex 13.299038104712963 0.5 1.25
      vertex 13.190030008554459 3 1.4131421446800232
      vertex 13.299038104712963 3 1.25
    endloop
  endfacet
  facet normal 0 1 0
    outer loop
      vertex -6 3 -12.399999998509884
      vertex 12.75 3 -0.7990381047129631
      vertex 30.59779219329357 3 9.897756673395634
    endloop
  endfacet
  facet normal 0.7518397942312052 0 -0.6593458302062577
    outer loop
      vertex 10.939339831471443 0.5 1.5606601685285568
      vertex 10.809969991445541 3 1.4131421446800232
      vertex 10.939339831471443 3 1.5606601685285568
    endloop
  endfacet
  facet normal 0.6593458302062577 0 -0.7518397942312052
    outer loop
      vertex 11.086857855319977 0.5 1.6900300085544586
      vertex 10.939339831471443 3 1.5606601685285568
      vertex 11.086857855319977 3 1.6900300085544586
    endloop
  endfacet
  facet normal 0.5555702335092735 0 -0.8314696119753573
    outer loop
      vertex 11.25 0.5 1.799038104712963
      vertex 11.086857855319977 3 1.6900300085544586
      vertex 11.25 3 1.799038104712963
    endloop
  endfacet
  facet normal 0.4422886995523108 0 -0.8968727369300094
    outer loop
      vertex 11.425974853336811 0.5 1.8858193010091782
      vertex 11.25 3 1.799038104712963
      vertex 11.425974853336811 3 1.8858193010091782
    endloop
  endfacet
  facet normal 0.3214394637077385 0 -0.9469301300366789
    outer loop
      vertex 11.611771434545517 0.5 1.9488887414336205
      vertex 11.425974853336811 3 1.8858193010091782
      vertex 11.611771434545517 3 1.9488887414336205
    endloop
  endfacet
  facet normal 0.19509030759446716 0 -0.9807852832718772
    outer loop
      vertex 11.804210714995861 0.5 1.9871672913432121
      vertex 11.611771434545517 3 1.9488887414336205
      vertex 11.804210714995861 3 1.9871672913432121
    endloop
  endfacet
  facet normal 0.06540313397759875 0 -0.9978589229274388
    outer loop
      vertex 12 0.5 2
      vertex 11.804210714995861 3 1.9871672913432121
      vertex 12 3 2
    endloop
  endfacet
  facet normal -0.06540313397759875 0 -0.9978589229274388
    outer loop
      vertex 12.195789285004139 0.5 1.9871672913432121
      vertex 12 3 2
      vertex 12.195789285004139 3 1.9871672913432121
    endloop
  endfacet
  facet normal 0 1 0
    outer loop
      vertex 11.086857855319977 3 1.6900300085544586
      vertex 12.399999998509884 3 6
      vertex 11.25 3 1.799038104712963
    endloop
  endfacet
  facet normal 0 1 0
    outer loop
      vertex 11.25 3 1.799038104712963
      vertex 12.399999998509884 3 6
      vertex 11.425974853336811 3 1.8858193010091782
    endloop
  endfacet
  facet normal 0 1 0
    outer loop
      vertex 11.425974853336811 3 1.8858193010091782
      vertex 12.399999998509884 3 6
      vertex 11.611771434545517 3 1.9488887414336205
    endloop
  endfacet
  facet normal 0 1 0
    outer loop
      vertex 11.611771434545517 3 1.9488887414336205
      vertex 12.399999998509884 3 6
      vertex 11.804210714995861 3 1.9871672913432121
    endloop
  endfacet
  facet normal 0 1 0
    outer loop
      vertex 11.804210714995861 3 1.9871672913432121
      vertex 12.399999998509884 3 6
      vertex 12 3 2
    endloop
  endfacet
  facet normal 0 1 0
    outer loop
      vertex 12 3 2
      vertex 12.399999998509884 3 6
      vertex 12.195789285004139 3 1.9871672913432121
    endloop
  endfacet
  facet normal -0.3214394637077385 0 -0.9469301300366789
    outer loop
      vertex 12.574025146663189 0.5 1.8858193010091782
      vertex 12.388228565454483 3 1.9488887414336205
      vertex 12.574025146663189 3 1.8858193010091782
    endloop
  endfacet
  facet normal -0.19509030759446716 0 -0.9807852832718772
    outer loop
      vertex 12.388228565454483 0.5 1.9488887414336205
      vertex 12.195789285004139 3 1.9871672913432121
      vertex 12.388228565454483 3 1.9488887414336205
    endloop
  endfacet
  facet normal -0.4422886995523108 0 -0.8968727369300094
    outer loop
      vertex 12.75 0.5 1.799038104712963
      vertex 12.574025146663189 3 1.8858193010091782
      vertex 12.75 3 1.799038104712963
    endloop
  endfacet
  facet normal -0.5555702335092735 0 -0.8314696119753573
    outer loop
      vertex 12.913142144680023 0.5 1.6900300085544586
      vertex 12.75 3 1.799038104712963
      vertex 12.913142144680023 3 1.6900300085544586
    endloop
  endfacet
  facet normal -0.6593458302062577 0 -0.7518397942312052
    outer loop
      vertex 13.060660168528557 0.5 1.5606601685285568
      vertex 12.913142144680023 3 1.6900300085544586
      vertex 13.060660168528557 3 1.5606601685285568
    endloop
  endfacet
  facet normal 0 1 0
    outer loop
      vertex 12.195789285004139 3 1.9871672913432121
      vertex 12.399999998509884 3 6
      vertex 12.388228565454483 3 1.9488887414336205
    endloop
  endfacet
  facet normal 0 1 0
    outer loop
      vertex 12.388228565454483 3 1.9488887414336205
      vertex 12.399999998509884 3 6
      vertex 12.574025146663189 3 1.8858193010091782
    endloop
  endfacet
  facet normal 0 1 0
    outer loop
      vertex 12.574025146663189 3 1.8858193010091782
      vertex 12.399999998509884 3 6
      vertex 12.75 3 1.799038104712963
    endloop
  endfacet
  facet normal 0 1 0
    outer loop
      vertex 12.913142144680023 3 1.6900300085544586
      vertex 12.399999998509884 3 6
      vertex 13.060660168528557 3 1.5606601685285568
    endloop
  endfacet
  facet normal 0 1 0
    outer loop
      vertex 12.913142144680023 3 1.6900300085544586
      vertex 12.75 3 1.799038104712963
      vertex 12.399999998509884 3 6
    endloop
  endfacet
  facet normal 0 1 0
    outer loop
      vertex -10.852343752980232 3 -15.145000003278255
      vertex 31.95075336098671 3 7.481870673596859
      vertex 21.25 3 1.799038104712963
    endloop
  endfacet
  facet normal 0 1 0
    outer loop
      vertex -10.852343752980232 3 -15.145000003278255
      vertex 31.88947968184948 3 7.7899142652750015
      vertex 31.95075336098671 3 7.481870673596859
    endloop
  endfacet
  facet normal 0 1 0
    outer loop
      vertex -10.852343752980232 3 -15.145000003278255
      vertex 31.80422606319189 3 8.092200793325901
      vertex 31.88947968184948 3 7.7899142652750015
    endloop
  endfacet
  facet normal 0 1 0
    outer loop
      vertex -10.852343752980232 3 -15.145000003278255
      vertex 31.695518128573895 3 8.38686653971672
      vertex 31.80422606319189 3 8.092200793325901
    endloop
  endfacet
  facet normal 0 1 0
    outer loop
      vertex -10.852343752980232 3 -15.145000003278255
      vertex 31.564026094973087 3 8.672094814479351
      vertex 31.695518128573895 3 8.38686653971672
    endloop
  endfacet
  facet normal 0 1 0
    outer loop
      vertex 13.190030008554459 3 1.4131421446800232
      vertex 13.060660168528557 3 1.5606601685285568
      vertex 21.600000001490116 3 6
    endloop
  endfacet
  facet normal 0 1 0
    outer loop
      vertex 13.060660168528557 3 1.5606601685285568
      vertex 12.399999998509884 3 6
      vertex 21.600000001490116 3 6
    endloop
  endfacet
  facet normal 0 1 0
    outer loop
      vertex 13.487167291343212 3 0.30421071499586105
      vertex 13.5 3 0.5
      vertex 22.399999998509884 3 6
    endloop
  endfacet
  facet normal 0 1 0
    outer loop
      vertex 13.385819301009178 3 1.074025146663189
      vertex 13.299038104712963 3 1.25
      vertex 21.600000001490116 3 6
    endloop
  endfacet
  facet normal 0 1 0
    outer loop
      vertex 13.385819301009178 3 1.074025146663189
      vertex 21.600000001490116 3 6
      vertex 13.44888874143362 3 0.888228565454483
    endloop
  endfacet
  facet normal 0 1 0
    outer loop
      vertex 13.487167291343212 3 0.695789285004139
      vertex 13.44888874143362 3 0.888228565454483
      vertex 22.399999998509884 3 6
    endloop
  endfacet
  facet normal 0 1 0
    outer loop
      vertex 13.190030008554459 3 1.4131421446800232
      vertex 21.600000001490116 3 6
      vertex 13.299038104712963 3 1.25
    endloop
  endfacet
  facet normal 0 1 0
    outer loop
      vertex 13.5 3 0.5
      vertex 13.487167291343212 3 0.695789285004139
      vertex 22.399999998509884 3 6
    endloop
  endfacet
  facet normal 0.5555702321899513 0 0.8314696128569002
    outer loop
      vertex 12.197717979550362 0 12.383996859192848
      vertex 12.720011480152607 0 12.035011500120163
      vertex 12.197717979550362 3 12.383996859192848
    endloop
  endfacet
  facet normal 0.488621247034734 0 0.8724960039714919
    outer loop
      vertex 12.720011480152607 0 12.035011500120163
      vertex 13.268076002597809 0 11.728080615401268
      vertex 12.720011480152607 3 12.035011500120163
    endloop
  endfacet
  facet normal 0.4186597267034648 0 0.9081431788196067
    outer loop
      vertex 13.268076002597809 0 11.728080615401268
      vertex 13.83853254467249 0 11.465096555650234
      vertex 13.268076002597809 3 11.728080615401268
    endloop
  endfacet
  facet normal 0.3461170679743615 0 0.9381913319024171
    outer loop
      vertex 13.83853254467249 0 11.465096555650234
      vertex 14.427864044904709 0 11.247680678963661
      vertex 13.83853254467249 3 11.465096555650234
    endloop
  endfacet
  facet normal 0 0 1
    outer loop
      vertex 11.600000001490116 2.5999999999999996 6
      vertex 12.399999998509884 2.5999999999999996 6
      vertex 12.399999998509884 3 6
    endloop
  endfacet
  facet normal 1 0 0
    outer loop
      vertex 11.600000001490116 2.5999999999999996 6
      vertex 11.600000001490116 3 6
      vertex 11.600000001490116 2.5999999999999996 8.09248235821724
    endloop
  endfacet
  facet normal 0 1 0
    outer loop
      vertex 11.600000001490116 2.5999999999999996 6
      vertex 12.399999998509884 2.5999999999999996 7.73227658867836
      vertex 12.399999998509884 2.5999999999999996 6
    endloop
  endfacet
  facet normal 0 0 1
    outer loop
      vertex 11.600000001490116 2.5999999999999996 6
      vertex 12.399999998509884 3 6
      vertex 11.600000001490116 3 6
    endloop
  endfacet
  facet normal 0 1 0
    outer loop
      vertex 11.600000001490116 2.5999999999999996 6
      vertex 11.600000001490116 2.5999999999999996 8.09248235821724
      vertex 12.306617766618729 2.5999999999999996 7.766727119684219
    endloop
  endfacet
  facet normal 0 1 0
    outer loop
      vertex 11.600000001490116 2.5999999999999996 6
      vertex 12.306617766618729 2.5999999999999996 7.766727119684219
      vertex 12.399999998509884 2.5999999999999996 7.73227658867836
    endloop
  endfacet
  facet normal -0.4186597236758466 0 -0.9081431802153577
    outer loop
      vertex 12.306617766618729 2.5999999999999996 7.766727119684219
      vertex 11.600000001490116 2.5999999999999996 8.09248235821724
      vertex 11.600000001490116 3 8.09248235821724
    endloop
  endfacet
  facet normal 1 0 0
    outer loop
      vertex 11.600000001490116 2.5999999999999996 8.09248235821724
      vertex 11.600000001490116 3 6
      vertex 11.600000001490116 3 8.09248235821724
    endloop
  endfacet
  facet normal -0.4186597236758466 0 -0.9081431802153577
    outer loop
      vertex 12.306617766618729 2.5999999999999996 7.766727119684219
      vertex 11.600000001490116 3 8.09248235821724
      vertex 12.306617766618729 3 7.766727119684219
    endloop
  endfacet
  facet normal -1 0 0
    outer loop
      vertex 12.399999998509884 2.5999999999999996 6
      vertex 12.399999998509884 3 7.73227658867836
      vertex 12.399999998509884 3 6
    endloop
  endfacet
  facet normal -1 0 0
    outer loop
      vertex 12.399999998509884 2.5999999999999996 6
      vertex 12.399999998509884 2.5999999999999996 7.73227658867836
      vertex 12.399999998509884 3 7.73227658867836
    endloop
  endfacet
  facet normal -0.34611711761126895 0 -0.938191313590393
    outer loop
      vertex 12.399999998509884 2.5999999999999996 7.73227658867836
      vertex 12.306617766618729 2.5999999999999996 7.766727119684219
      vertex 12.306617766618729 3 7.766727119684219
    endloop
  endfacet
  facet normal -0.34611711761126895 0 -0.938191313590393
    outer loop
      vertex 12.399999998509884 2.5999999999999996 7.73227658867836
      vertex 12.306617766618729 3 7.766727119684219
      vertex 12.399999998509884 3 7.73227658867836
    endloop
  endfacet
  facet normal 0 1 0
    outer loop
      vertex 12.399999998509884 3 7.73227658867836
      vertex 12.306617766618729 3 7.766727119684219
      vertex 15.648524276912212 3 10.954626090824604
    endloop
  endfacet
  facet normal 0.6190939446869747 0 0.7853169345251134
    outer loop
      vertex 12.197717979550362 0 12.383996859192848
      vertex 12.197717979550362 3 12.383996859192848
      vertex 11.704415611922741 3 12.772885084152222
    endloop
  endfacet
  facet normal 0 1 0
    outer loop
      vertex 7.399999998509884 3 9.100000001490116
      vertex 12.197717979550362 3 12.383996859192848
      vertex 12.720011480152607 3 12.035011500120163
    endloop
  endfacet
  facet normal 0 1 0
    outer loop
      vertex 7.399999998509884 3 9.100000001490116
      vertex 11.704415611922741 3 12.772885084152222
      vertex 12.197717979550362 3 12.383996859192848
    endloop
  endfacet
  facet normal 0 1 0
    outer loop
      vertex 7.399999998509884 3 9.100000001490116
      vertex 12.720011480152607 3 12.035011500120163
      vertex 13.268076002597809 3 11.728080615401268
    endloop
  endfacet
  facet normal 0.5555702321899513 0 0.8314696128569002
    outer loop
      vertex 12.720011480152607 0 12.035011500120163
      vertex 12.720011480152607 3 12.035011500120163
      vertex 12.197717979550362 3 12.383996859192848
    endloop
  endfacet
  facet normal 0.488621247034734 0 0.8724960039714919
    outer loop
      vertex 13.268076002597809 0 11.728080615401268
      vertex 13.268076002597809 3 11.728080615401268
      vertex 12.720011480152607 3 12.035011500120163
    endloop
  endfacet
  facet normal 0.4186597267034648 0 0.9081431788196067
    outer loop
      vertex 13.83853254467249 0 11.465096555650234
      vertex 13.83853254467249 3 11.465096555650234
      vertex 13.268076002597809 3 11.728080615401268
    endloop
  endfacet
  facet normal 0 1 0
    outer loop
      vertex 12.306617766618729 3 7.766727119684219
      vertex 11.600000001490116 3 8.09248235821724
      vertex 15.648524276912212 3 10.954626090824604
    endloop
  endfacet
  facet normal 0 1 0
    outer loop
      vertex 11.600000001490116 3 8.09248235821724
      vertex 14.427864044904709 3 11.247680678963661
      vertex 15.032437086105347 3 11.077173449099064
    endloop
  endfacet
  facet normal 0 1 0
    outer loop
      vertex 11.600000001490116 3 8.09248235821724
      vertex 15.032437086105347 3 11.077173449099064
      vertex 15.648524276912212 3 10.954626090824604
    endloop
  endfacet
  facet normal 0.27144044673417844 0 0.9624552373366512
    outer loop
      vertex 14.49999999982759 0 11.227336235845405
      vertex 14.427864044904709 3 11.247680678963661
      vertex 14.427864044904709 0 11.247680678963661
    endloop
  endfacet
  facet normal 0.2714404467341853 1.7873818908452798e-16 0.9624552373366492
    outer loop
      vertex 14.49999999982759 0 11.227336235845405
      vertex 15.032437086105347 0 11.077173449099064
      vertex 14.427864044904709 3 11.247680678963661
    endloop
  endfacet
  facet normal 0.19509031686886744 0 0.9807852814270842
    outer loop
      vertex 15.032437086105347 0 11.077173449099064
      vertex 15.648524276912212 0 10.954626090824604
      vertex 15.032437086105347 3 11.077173449099064
    endloop
  endfacet
  facet normal 0.11753739732018625 0 0.9930684569712185
    outer loop
      vertex 15.648524276912212 0 10.954626090824604
      vertex 16.272327236831188 0 10.880794145166874
      vertex 15.648524276912212 3 10.954626090824604
    endloop
  endfacet
  facet normal 0.03925981956862727 0 0.999229036091045
    outer loop
      vertex 16.272327236831188 0 10.880794145166874
      vertex 16.899999998509884 0 10.856132812798023
      vertex 16.272327236831188 3 10.880794145166874
    endloop
  endfacet
  facet normal 0 1 0
    outer loop
      vertex 12.399999998509884 3 6
      vertex 12.399999998509884 3 7.73227658867836
      vertex 21.600000001490116 3 6
    endloop
  endfacet
  facet normal 0 1 0
    outer loop
      vertex 12.399999998509884 3 7.73227658867836
      vertex 16.899999998509884 3 10.856132812798023
      vertex 21.600000001490116 3 6.856132812798023
    endloop
  endfacet
  facet normal 0.3461170679743615 0 0.9381913319024171
    outer loop
      vertex 14.427864044904709 0 11.247680678963661
      vertex 14.427864044904709 3 11.247680678963661
      vertex 13.83853254467249 3 11.465096555650234
    endloop
  endfacet
  facet normal 0.2714404467341845 0 0.9624552373366495
    outer loop
      vertex 15.032437086105347 0 11.077173449099064
      vertex 15.032437086105347 3 11.077173449099064
      vertex 14.427864044904709 3 11.247680678963661
    endloop
  endfacet
  facet normal 0.19509031686886744 0 0.9807852814270842
    outer loop
      vertex 15.648524276912212 0 10.954626090824604
      vertex 15.648524276912212 3 10.954626090824604
      vertex 15.032437086105347 3 11.077173449099064
    endloop
  endfacet
  facet normal 0 1 0
    outer loop
      vertex 12.399999998509884 3 7.73227658867836
      vertex 15.648524276912212 3 10.954626090824604
      vertex 16.272327236831188 3 10.880794145166874
    endloop
  endfacet
  facet normal 0 1 0
    outer loop
      vertex 12.399999998509884 3 7.73227658867836
      vertex 16.272327236831188 3 10.880794145166874
      vertex 16.899999998509884 3 10.856132812798023
    endloop
  endfacet
  facet normal 0.11753739732018625 0 0.9930684569712185
    outer loop
      vertex 16.272327236831188 0 10.880794145166874
      vertex 16.272327236831188 3 10.880794145166874
      vertex 15.648524276912212 3 10.954626090824604
    endloop
  endfacet
  facet normal 0.03925981956862727 0 0.999229036091045
    outer loop
      vertex 16.899999998509884 0 10.856132812798023
      vertex 16.899999998509884 3 10.856132812798023
      vertex 16.272327236831188 3 10.880794145166874
    endloop
  endfacet
  facet normal 0.938191337174888 0 0.34611705368270346
    outer loop
      vertex 9.291547872126102 -2.0620247283112927 16.383996859192848
      vertex 9.508963741362095 0 15.794665351510048
      vertex 9.291547872126102 0 16.383996859192848
    endloop
  endfacet
  facet normal 0.8314696128569002 0 0.5555702321899514
    outer loop
      vertex 10.078878685832024 -3.0030139543138183 14.676144294440746
      vertex 10.427864044904709 0 14.153850793838501
      vertex 10.078878685832024 0 14.676144294440746
    endloop
  endfacet
  facet normal 0.8724960090280809 0 0.4886212380055444
    outer loop
      vertex 9.77194780856371 -2.608524113799314 15.224208816885948
      vertex 10.078878685832024 0 14.676144294440746
      vertex 9.77194780856371 0 15.224208816885948
    endloop
  endfacet
  facet normal 0.9081431722310623 0 0.4186597409951229
    outer loop
      vertex 9.508963741362095 -2.2976939628351545 15.794665351510048
      vertex 9.77194780856371 0 15.224208816885948
      vertex 9.508963741362095 0 15.794665351510048
    endloop
  endfacet
  facet normal 0.9624552342379677 0 0.2714404577212815
    outer loop
      vertex 9.121040634810925 -1.8994656635620686 16.988569900393486
      vertex 9.291547872126102 0 16.383996859192848
      vertex 9.121040634810925 0 16.988569900393486
    endloop
  endfacet
  facet normal 0.9807852814270842 -2.5270057936484114e-16 0.1950903168688674
    outer loop
      vertex 9.02123815341556 -1.8250394213045755 17.490310870286258
      vertex 9.121040634810925 0 16.988569900393486
      vertex 8.998493276536465 0 17.60465709120035
    endloop
  endfacet
  facet normal 0.9930684568073581 2.3780512523239004e-16 0.1175373987046358
    outer loop
      vertex 8.951701359244055 -1.7999999999999998 17.99999999999997
      vertex 8.998493276536465 0 17.60465709120035
      vertex 8.924661330878735 0 18.228460043668747
    endloop
  endfacet
  facet normal 0.9992290361093267 6.67689401061216e-16 0.039259819103324954
    outer loop
      vertex 8.91361180905168 -1.8250394213045755 18.509689129713685
      vertex 8.924661330878735 0 18.228460043668747
      vertex 8.899999998509884 0 18.856132812798023
    endloop
  endfacet
  facet normal 1 0 0
    outer loop
      vertex 8.899999998509884 -2.023910254192514 19.509480321723174
      vertex 8.899999998509884 0 18.856132812798023
      vertex 8.899999998509884 0 27.5
    endloop
  endfacet
  facet normal 0 1 0
    outer loop
      vertex -12.76909602433443 3 13.66054842621088
      vertex 10.816752277314663 3 13.66054842621088
      vertex 11.243145748972893 3 13.199278563261032
    endloop
  endfacet
  facet normal 0 1 0
    outer loop
      vertex -12.380207791924477 3 14.153850793838501
      vertex 10.427864044904709 3 14.153850793838501
      vertex 10.816752277314663 3 13.66054842621088
    endloop
  endfacet
  facet normal 0 1 0
    outer loop
      vertex -12.031222432851791 3 14.676144294440746
      vertex 10.078878685832024 3 14.676144294440746
      vertex 10.427864044904709 3 14.153850793838501
    endloop
  endfacet
  facet normal 0 1 0
    outer loop
      vertex -6 3 17.600000001490116
      vertex 8.998493276536465 3 17.60465709120035
      vertex 9.121040634810925 3 16.988569900393486
    endloop
  endfacet
  facet normal 0 1 0
    outer loop
      vertex -6 3 18.399999998509884
      vertex 8.924661330878735 3 18.228460043668747
      vertex 8.998493276536465 3 17.60465709120035
    endloop
  endfacet
  facet normal 0 1 0
    outer loop
      vertex -6 3 18.399999998509884
      vertex 8.899999998509884 3 18.856132812798023
      vertex 8.924661330878735 3 18.228460043668747
    endloop
  endfacet
  facet normal 0.9381913371748881 0 0.34611705368270346
    outer loop
      vertex 9.508963741362095 0 15.794665351510048
      vertex 9.291547872126102 3 16.383996859192848
      vertex 9.291547872126102 0 16.383996859192848
    endloop
  endfacet
  facet normal 0.8314696128569002 0 0.5555702321899513
    outer loop
      vertex 10.427864044904709 0 14.153850793838501
      vertex 10.078878685832024 3 14.676144294440746
      vertex 10.078878685832024 0 14.676144294440746
    endloop
  endfacet
  facet normal 0.872496009028081 0 0.4886212380055444
    outer loop
      vertex 10.078878685832024 0 14.676144294440746
      vertex 9.77194780856371 3 15.224208816885948
      vertex 9.77194780856371 0 15.224208816885948
    endloop
  endfacet
  facet normal 0.9081431722310621 0 0.4186597409951228
    outer loop
      vertex 9.508963741362095 0 15.794665351510048
      vertex 9.77194780856371 0 15.224208816885948
      vertex 9.508963741362095 3 15.794665351510048
    endloop
  endfacet
  facet normal 0.9624552342379677 0 0.2714404577212815
    outer loop
      vertex 9.121040634810925 0 16.988569900393486
      vertex 9.291547872126102 0 16.383996859192848
      vertex 9.121040634810925 3 16.988569900393486
    endloop
  endfacet
  facet normal 0.9807852814270842 0 0.19509031686886744
    outer loop
      vertex 9.121040634810925 0 16.988569900393486
      vertex 8.998493276536465 3 17.60465709120035
      vertex 8.998493276536465 0 17.60465709120035
    endloop
  endfacet
  facet normal 0.993068456807358 0 0.11753739870463581
    outer loop
      vertex 8.998493276536465 0 17.60465709120035
      vertex 8.924661330878735 3 18.228460043668747
      vertex 8.924661330878735 0 18.228460043668747
    endloop
  endfacet
  facet normal 0.9992290361093268 0 0.039259819103324954
    outer loop
      vertex 8.924661330878735 0 18.228460043668747
      vertex 8.899999998509884 3 18.856132812798023
      vertex 8.899999998509884 0 18.856132812798023
    endloop
  endfacet
  facet normal 0.8314696128569002 0 0.5555702321899513
    outer loop
      vertex 10.427864044904709 0 14.153850793838501
      vertex 10.427864044904709 3 14.153850793838501
      vertex 10.078878685832024 3 14.676144294440746
    endloop
  endfacet
  facet normal 0.872496009028081 0 0.4886212380055444
    outer loop
      vertex 10.078878685832024 0 14.676144294440746
      vertex 10.078878685832024 3 14.676144294440746
      vertex 9.77194780856371 3 15.224208816885948
    endloop
  endfacet
  facet normal 0.9081431722310621 0 0.4186597409951228
    outer loop
      vertex 9.77194780856371 0 15.224208816885948
      vertex 9.77194780856371 3 15.224208816885948
      vertex 9.508963741362095 3 15.794665351510048
    endloop
  endfacet
  facet normal 0.9381913371748881 0 0.34611705368270346
    outer loop
      vertex 9.508963741362095 0 15.794665351510048
      vertex 9.508963741362095 3 15.794665351510048
      vertex 9.291547872126102 3 16.383996859192848
    endloop
  endfacet
  facet normal 0.9624552342379677 0 0.2714404577212815
    outer loop
      vertex 9.291547872126102 0 16.383996859192848
      vertex 9.291547872126102 3 16.383996859192848
      vertex 9.121040634810925 3 16.988569900393486
    endloop
  endfacet
  facet normal 0.9807852814270842 0 0.19509031686886744
    outer loop
      vertex 9.121040634810925 0 16.988569900393486
      vertex 9.121040634810925 3 16.988569900393486
      vertex 8.998493276536465 3 17.60465709120035
    endloop
  endfacet
  facet normal 0.993068456807358 0 0.11753739870463581
    outer loop
      vertex 8.998493276536465 0 17.60465709120035
      vertex 8.998493276536465 3 17.60465709120035
      vertex 8.924661330878735 3 18.228460043668747
    endloop
  endfacet
  facet normal 0.9992290361093268 0 0.039259819103324954
    outer loop
      vertex 8.924661330878735 0 18.228460043668747
      vertex 8.924661330878735 3 18.228460043668747
      vertex 8.899999998509884 3 18.856132812798023
    endloop
  endfacet
  facet normal 1 0 0
    outer loop
      vertex 8.899999998509884 0 18.856132812798023
      vertex 8.899999998509884 3 27.5
      vertex 8.899999998509884 0 27.5
    endloop
  endfacet
  facet normal 1 0 0
    outer loop
      vertex 8.899999998509884 0 18.856132812798023
      vertex 8.899999998509884 3 18.856132812798023
      vertex 8.899999998509884 3 27.5
    endloop
  endfacet
  facet normal 0.7343225124043393 0 0.6788007423214703
    outer loop
      vertex 11.243145748972893 0 13.199278563261032
      vertex 10.816752277314663 3 13.66054842621088
      vertex 10.816752277314663 0 13.66054842621088
    endloop
  endfacet
  facet normal 0.7853169287584659 0 0.6190939520019321
    outer loop
      vertex 10.427864044904709 0 14.153850793838501
      vertex 10.816752277314663 0 13.66054842621088
      vertex 10.427864044904709 3 14.153850793838501
    endloop
  endfacet
  facet normal 0.6788007487172804 0 0.7343225064921133
    outer loop
      vertex 11.243145748972893 0 13.199278563261032
      vertex 11.704415611922741 0 12.772885084152222
      vertex 11.243145748972893 3 13.199278563261032
    endloop
  endfacet
  facet normal 0.6190939446869747 0 0.7853169345251134
    outer loop
      vertex 12.197717979550362 0 12.383996859192848
      vertex 11.704415611922741 3 12.772885084152222
      vertex 11.704415611922741 0 12.772885084152222
    endloop
  endfacet
  facet normal 0.7343225124043393 0 0.6788007423214703
    outer loop
      vertex 11.243145748972893 0 13.199278563261032
      vertex 11.243145748972893 3 13.199278563261032
      vertex 10.816752277314663 3 13.66054842621088
    endloop
  endfacet
  facet normal 0.7853169287584659 0 0.6190939520019321
    outer loop
      vertex 10.816752277314663 0 13.66054842621088
      vertex 10.816752277314663 3 13.66054842621088
      vertex 10.427864044904709 3 14.153850793838501
    endloop
  endfacet
  facet normal 0.6788007487172804 0 0.7343225064921133
    outer loop
      vertex 11.704415611922741 0 12.772885084152222
      vertex 11.704415611922741 3 12.772885084152222
      vertex 11.243145748972893 3 13.199278563261032
    endloop
  endfacet
  facet normal 0 1 0
    outer loop
      vertex 20.80996999144554 0.5 -0.4131421446800232
      vertex 20.700961895287037 0.5 -0.25
      vertex 23.385819301009178 0.5 -0.07402514666318893
    endloop
  endfacet
  facet normal 0 1 0
    outer loop
      vertex 20.700961895287037 0.5 -0.25
      vertex 20.614180698990822 0.5 -0.07402514666318893
      vertex 23.44888874143362 0.5 0.11177143454551697
    endloop
  endfacet
  facet normal 0 1 0
    outer loop
      vertex 20.55111125856638 0.5 0.11177143454551697
      vertex 20.512832708656788 0.5 0.30421071499586105
      vertex 23.5 0.5 0.5
    endloop
  endfacet
  facet normal 0 1 0
    outer loop
      vertex 20.614180698990822 0.5 -0.07402514666318893
      vertex 20.55111125856638 0.5 0.11177143454551697
      vertex 23.487167291343212 0.5 0.30421071499586105
    endloop
  endfacet
  facet normal 0 1 0
    outer loop
      vertex 20.512832708656788 0.5 0.30421071499586105
      vertex 20.5 0.5 0.5
      vertex 23.487167291343212 0.5 0.695789285004139
    endloop
  endfacet
  facet normal 0 1 0
    outer loop
      vertex 20.5 0.5 0.5
      vertex 20.512832708656788 0.5 0.695789285004139
      vertex 23.44888874143362 0.5 0.888228565454483
    endloop
  endfacet
  facet normal 0 1 0
    outer loop
      vertex 20.512832708656788 0.5 0.695789285004139
      vertex 20.55111125856638 0.5 0.888228565454483
      vertex 23.385819301009178 0.5 1.074025146663189
    endloop
  endfacet
  facet normal 0 1 0
    outer loop
      vertex 20.55111125856638 0.5 0.888228565454483
      vertex 20.614180698990822 0.5 1.074025146663189
      vertex 23.299038104712963 0.5 1.25
    endloop
  endfacet
  facet normal 0 1 0
    outer loop
      vertex 20.614180698990822 0.5 1.074025146663189
      vertex 20.700961895287037 0.5 1.25
      vertex 23.19003000855446 0.5 1.4131421446800232
    endloop
  endfacet
  facet normal 0 1 0
    outer loop
      vertex 20.700961895287037 0.5 1.25
      vertex 20.80996999144554 0.5 1.4131421446800232
      vertex 23.060660168528557 0.5 1.5606601685285568
    endloop
  endfacet
  facet normal 0 1 0
    outer loop
      vertex 20.80996999144554 0.5 1.4131421446800232
      vertex 20.939339831471443 0.5 1.5606601685285568
      vertex 22.913142144680023 0.5 1.6900300085544586
    endloop
  endfacet
  facet normal 0 1 0
    outer loop
      vertex 20.939339831471443 0.5 1.5606601685285568
      vertex 21.086857855319977 0.5 1.6900300085544586
      vertex 22.75 0.5 1.799038104712963
    endloop
  endfacet
  facet normal 0 1 0
    outer loop
      vertex 21.086857855319977 0.5 1.6900300085544586
      vertex 21.25 0.5 1.799038104712963
      vertex 22.57402514666319 0.5 1.8858193010091782
    endloop
  endfacet
  facet normal 0 1 0
    outer loop
      vertex 21.42597485333681 0.5 -0.8858193010091782
      vertex 22.75 0.5 -0.7990381047129631
      vertex 21.611771434545517 0.5 -0.9488887414336205
    endloop
  endfacet
  facet normal 0 1 0
    outer loop
      vertex 21.611771434545517 0.5 -0.9488887414336205
      vertex 22.57402514666319 0.5 -0.8858193010091782
      vertex 21.80421071499586 0.5 -0.9871672913432121
    endloop
  endfacet
  facet normal 0 1 0
    outer loop
      vertex 21.80421071499586 0.5 -0.9871672913432121
      vertex 22.388228565454483 0.5 -0.9488887414336205
      vertex 22 0.5 -1
    endloop
  endfacet
  facet normal 0 1 0
    outer loop
      vertex 21.25 0.5 -0.7990381047129631
      vertex 22.913142144680023 0.5 -0.6900300085544586
      vertex 21.42597485333681 0.5 -0.8858193010091782
    endloop
  endfacet
  facet normal 0 1 0
    outer loop
      vertex 21.086857855319977 0.5 -0.6900300085544586
      vertex 23.060660168528557 0.5 -0.5606601685285568
      vertex 21.25 0.5 -0.7990381047129631
    endloop
  endfacet
  facet normal 0 1 0
    outer loop
      vertex 20.939339831471443 0.5 -0.5606601685285568
      vertex 23.19003000855446 0.5 -0.4131421446800232
      vertex 21.086857855319977 0.5 -0.6900300085544586
    endloop
  endfacet
  facet normal 0 1 0
    outer loop
      vertex 20.80996999144554 0.5 -0.4131421446800232
      vertex 23.299038104712963 0.5 -0.25
      vertex 20.939339831471443 0.5 -0.5606601685285568
    endloop
  endfacet
  facet normal 0 1 0
    outer loop
      vertex 22 0.5 -1
      vertex 22.388228565454483 0.5 -0.9488887414336205
      vertex 22.19578928500414 0.5 -0.9871672913432121
    endloop
  endfacet
  facet normal 0 1 0
    outer loop
      vertex 21.80421071499586 0.5 -0.9871672913432121
      vertex 22.57402514666319 0.5 -0.8858193010091782
      vertex 22.388228565454483 0.5 -0.9488887414336205
    endloop
  endfacet
  facet normal 0 1 0
    outer loop
      vertex 21.611771434545517 0.5 -0.9488887414336205
      vertex 22.75 0.5 -0.7990381047129631
      vertex 22.57402514666319 0.5 -0.8858193010091782
    endloop
  endfacet
  facet normal 0 1 0
    outer loop
      vertex 21.42597485333681 0.5 -0.8858193010091782
      vertex 22.913142144680023 0.5 -0.6900300085544586
      vertex 22.75 0.5 -0.7990381047129631
    endloop
  endfacet
  facet normal 0 1 0
    outer loop
      vertex 21.25 0.5 -0.7990381047129631
      vertex 23.060660168528557 0.5 -0.5606601685285568
      vertex 22.913142144680023 0.5 -0.6900300085544586
    endloop
  endfacet
  facet normal 0 1 0
    outer loop
      vertex 21.086857855319977 0.5 -0.6900300085544586
      vertex 23.19003000855446 0.5 -0.4131421446800232
      vertex 23.060660168528557 0.5 -0.5606601685285568
    endloop
  endfacet
  facet normal 0 1 0
    outer loop
      vertex 20.939339831471443 0.5 -0.5606601685285568
      vertex 23.299038104712963 0.5 -0.25
      vertex 23.19003000855446 0.5 -0.4131421446800232
    endloop
  endfacet
  facet normal 0 1 0
    outer loop
      vertex 20.80996999144554 0.5 -0.4131421446800232
      vertex 23.385819301009178 0.5 -0.07402514666318893
      vertex 23.299038104712963 0.5 -0.25
    endloop
  endfacet
  facet normal 0 1 0
    outer loop
      vertex 20.700961895287037 0.5 -0.25
      vertex 23.44888874143362 0.5 0.11177143454551697
      vertex 23.385819301009178 0.5 -0.07402514666318893
    endloop
  endfacet
  facet normal 0 1 0
    outer loop
      vertex 20.614180698990822 0.5 -0.07402514666318893
      vertex 23.487167291343212 0.5 0.30421071499586105
      vertex 23.44888874143362 0.5 0.11177143454551697
    endloop
  endfacet
  facet normal 0 1 0
    outer loop
      vertex 20.55111125856638 0.5 0.11177143454551697
      vertex 23.5 0.5 0.5
      vertex 23.487167291343212 0.5 0.30421071499586105
    endloop
  endfacet
  facet normal 0 1 0
    outer loop
      vertex 20.512832708656788 0.5 0.30421071499586105
      vertex 23.487167291343212 0.5 0.695789285004139
      vertex 23.5 0.5 0.5
    endloop
  endfacet
  facet normal 0 1 0
    outer loop
      vertex 20.5 0.5 0.5
      vertex 23.44888874143362 0.5 0.888228565454483
      vertex 23.487167291343212 0.5 0.695789285004139
    endloop
  endfacet
  facet normal 0 1 0
    outer loop
      vertex 20.512832708656788 0.5 0.695789285004139
      vertex 23.385819301009178 0.5 1.074025146663189
      vertex 23.44888874143362 0.5 0.888228565454483
    endloop
  endfacet
  facet normal 0 1 0
    outer loop
      vertex 20.700961895287037 0.5 1.25
      vertex 23.060660168528557 0.5 1.5606601685285568
      vertex 23.19003000855446 0.5 1.4131421446800232
    endloop
  endfacet
  facet normal 0 1 0
    outer loop
      vertex 20.55111125856638 0.5 0.888228565454483
      vertex 23.299038104712963 0.5 1.25
      vertex 23.385819301009178 0.5 1.074025146663189
    endloop
  endfacet
  facet normal 0 1 0
    outer loop
      vertex 20.614180698990822 0.5 1.074025146663189
      vertex 23.19003000855446 0.5 1.4131421446800232
      vertex 23.299038104712963 0.5 1.25
    endloop
  endfacet
  facet normal 0 -1 0
    outer loop
      vertex 9.658184111118317 0 -3.1450000032782555
      vertex 32 0 -3.1450000032782555
      vertex 31.04162386059761 0 9.453925006091595
    endloop
  endfacet
  facet normal 0 1 0
    outer loop
      vertex 21.25 0.5 1.799038104712963
      vertex 21.42597485333681 0.5 1.8858193010091782
      vertex 22.388228565454483 0.5 1.9488887414336205
    endloop
  endfacet
  facet normal 0 1 0
    outer loop
      vertex 21.25 0.5 1.799038104712963
      vertex 22.388228565454483 0.5 1.9488887414336205
      vertex 22.57402514666319 0.5 1.8858193010091782
    endloop
  endfacet
  facet normal 0 1 0
    outer loop
      vertex 21.42597485333681 0.5 1.8858193010091782
      vertex 21.611771434545517 0.5 1.9488887414336205
      vertex 22.19578928500414 0.5 1.9871672913432121
    endloop
  endfacet
  facet normal 0 1 0
    outer loop
      vertex 21.611771434545517 0.5 1.9488887414336205
      vertex 21.80421071499586 0.5 1.9871672913432121
      vertex 22 0.5 2
    endloop
  endfacet
  facet normal 0 1 0
    outer loop
      vertex 21.611771434545517 0.5 1.9488887414336205
      vertex 22 0.5 2
      vertex 22.19578928500414 0.5 1.9871672913432121
    endloop
  endfacet
  facet normal 0 1 0
    outer loop
      vertex 21.42597485333681 0.5 1.8858193010091782
      vertex 22.19578928500414 0.5 1.9871672913432121
      vertex 22.388228565454483 0.5 1.9488887414336205
    endloop
  endfacet
  facet normal 0 1 0
    outer loop
      vertex 20.939339831471443 0.5 1.5606601685285568
      vertex 22.75 0.5 1.799038104712963
      vertex 22.913142144680023 0.5 1.6900300085544586
    endloop
  endfacet
  facet normal 0 1 0
    outer loop
      vertex 20.80996999144554 0.5 1.4131421446800232
      vertex 22.913142144680023 0.5 1.6900300085544586
      vertex 23.060660168528557 0.5 1.5606601685285568
    endloop
  endfacet
  facet normal 0 1 0
    outer loop
      vertex 21.086857855319977 0.5 1.6900300085544586
      vertex 22.57402514666319 0.5 1.8858193010091782
      vertex 22.75 0.5 1.799038104712963
    endloop
  endfacet
  facet normal 0 -1 0
    outer loop
      vertex 26.39454620171282 0 9.753360655737685
      vertex 17 0 9.753360655737685
      vertex 17 0 7.855
    endloop
  endfacet
  facet normal 0 -1 0
    outer loop
      vertex 16.899999998509884 0 10.856132812798023
      vertex 17 0 7.855
      vertex 28 0 10.856132812798023
    endloop
  endfacet
  facet normal 0 -1 0
    outer loop
      vertex 9.658184111118317 0 -3.1450000032782555
      vertex 30.753998921264554 0 9.753360655737687
      vertex 26.39454620171282 0 9.753360655737685
    endloop
  endfacet
  facet normal 0 -1 0
    outer loop
      vertex 9.658184111118317 0 -3.1450000032782555
      vertex 30.828427121043205 0 9.684559933841228
      vertex 30.753998921264554 0 9.753360655737687
    endloop
  endfacet
  facet normal 0 -1 0
    outer loop
      vertex 9.658184111118317 0 -3.1450000032782555
      vertex 31.04162386059761 0 9.453925006091595
      vertex 30.828427121043205 0 9.684559933841228
    endloop
  endfacet
  facet normal 0 -1 0
    outer loop
      vertex 28 0 10.856132812798023
      vertex 17 0 7.855
      vertex 28.313836380839348 0 10.843802146613598
    endloop
  endfacet
  facet normal 0 -1 0
    outer loop
      vertex 28.313836380839348 0 10.843802146613598
      vertex 17 0 7.855
      vertex 28.625737860798836 0 10.806886173784733
    endloop
  endfacet
  facet normal 0 -1 0
    outer loop
      vertex 28.93378145247698 0 10.745612494647503
      vertex 28.625737860798836 0 10.806886173784733
      vertex 17 0 7.855
    endloop
  endfacet
  facet normal 0 -1 0
    outer loop
      vertex 28.93378145247698 0 10.745612494647503
      vertex 17 0 7.855
      vertex 29.236067980527878 0 10.660358875989914
    endloop
  endfacet
  facet normal 0 -1 0
    outer loop
      vertex 29.236067980527878 0 10.660358875989914
      vertex 17 0 7.855
      vertex 29.530733726918697 0 10.551650941371918
    endloop
  endfacet
  facet normal 0.7518397942312052 0 0.6593458302062577
    outer loop
      vertex 20.80996999144554 0.5 -0.4131421446800232
      vertex 20.939339831471443 0.5 -0.5606601685285568
      vertex 20.939339831471443 3 -0.5606601685285568
    endloop
  endfacet
  facet normal 0.6593458302062577 0 0.7518397942312052
    outer loop
      vertex 20.939339831471443 0.5 -0.5606601685285568
      vertex 21.086857855319977 0.5 -0.6900300085544586
      vertex 21.086857855319977 3 -0.6900300085544586
    endloop
  endfacet
  facet normal 0.4422886995523108 0 0.8968727369300094
    outer loop
      vertex 21.25 0.5 -0.7990381047129631
      vertex 21.42597485333681 0.5 -0.8858193010091782
      vertex 21.42597485333681 3 -0.8858193010091782
    endloop
  endfacet
  facet normal 0.3214394637077385 0 0.9469301300366789
    outer loop
      vertex 21.42597485333681 0.5 -0.8858193010091782
      vertex 21.611771434545517 0.5 -0.9488887414336205
      vertex 21.611771434545517 3 -0.9488887414336205
    endloop
  endfacet
  facet normal 0.5555702335092735 0 0.8314696119753573
    outer loop
      vertex 21.086857855319977 0.5 -0.6900300085544586
      vertex 21.25 0.5 -0.7990381047129631
      vertex 21.25 3 -0.7990381047129631
    endloop
  endfacet
  facet normal 0.8968727369300094 0 0.4422886995523108
    outer loop
      vertex 20.700961895287037 0.5 -0.25
      vertex 20.700961895287037 3 -0.25
      vertex 20.614180698990822 0.5 -0.07402514666318893
    endloop
  endfacet
  facet normal 0.9469301300366789 0 0.3214394637077385
    outer loop
      vertex 20.614180698990822 0.5 -0.07402514666318893
      vertex 20.614180698990822 3 -0.07402514666318893
      vertex 20.55111125856638 0.5 0.11177143454551697
    endloop
  endfacet
  facet normal 0.9807852832718772 0 0.19509030759446716
    outer loop
      vertex 20.55111125856638 0.5 0.11177143454551697
      vertex 20.55111125856638 3 0.11177143454551697
      vertex 20.512832708656788 0.5 0.30421071499586105
    endloop
  endfacet
  facet normal 0.9978589229274388 0 0.06540313397759875
    outer loop
      vertex 20.512832708656788 0.5 0.30421071499586105
      vertex 20.512832708656788 3 0.30421071499586105
      vertex 20.5 0.5 0.5
    endloop
  endfacet
  facet normal 0.9978589229274388 0 -0.06540313397759875
    outer loop
      vertex 20.5 0.5 0.5
      vertex 20.5 3 0.5
      vertex 20.512832708656788 0.5 0.695789285004139
    endloop
  endfacet
  facet normal 0.9807852832718772 0 -0.19509030759446716
    outer loop
      vertex 20.512832708656788 0.5 0.695789285004139
      vertex 20.512832708656788 3 0.695789285004139
      vertex 20.55111125856638 0.5 0.888228565454483
    endloop
  endfacet
  facet normal 0.9469301300366789 0 -0.3214394637077385
    outer loop
      vertex 20.55111125856638 0.5 0.888228565454483
      vertex 20.55111125856638 3 0.888228565454483
      vertex 20.614180698990822 0.5 1.074025146663189
    endloop
  endfacet
  facet normal 0.8968727369300094 0 -0.4422886995523108
    outer loop
      vertex 20.614180698990822 0.5 1.074025146663189
      vertex 20.614180698990822 3 1.074025146663189
      vertex 20.700961895287037 0.5 1.25
    endloop
  endfacet
  facet normal 0.8314696119753573 0 0.5555702335092735
    outer loop
      vertex 20.80996999144554 0.5 -0.4131421446800232
      vertex 20.80996999144554 3 -0.4131421446800232
      vertex 20.700961895287037 0.5 -0.25
    endloop
  endfacet
  facet normal 0.8314696119753573 0 -0.5555702335092735
    outer loop
      vertex 20.700961895287037 0.5 1.25
      vertex 20.700961895287037 3 1.25
      vertex 20.80996999144554 0.5 1.4131421446800232
    endloop
  endfacet
  facet normal 0.7518397942312052 0 -0.6593458302062577
    outer loop
      vertex 20.80996999144554 0.5 1.4131421446800232
      vertex 20.80996999144554 3 1.4131421446800232
      vertex 20.939339831471443 0.5 1.5606601685285568
    endloop
  endfacet
  facet normal 0.6593458302062577 0 -0.7518397942312052
    outer loop
      vertex 20.939339831471443 0.5 1.5606601685285568
      vertex 20.939339831471443 3 1.5606601685285568
      vertex 21.086857855319977 0.5 1.6900300085544586
    endloop
  endfacet
  facet normal 0.5555702335092735 0 -0.8314696119753573
    outer loop
      vertex 21.086857855319977 0.5 1.6900300085544586
      vertex 21.086857855319977 3 1.6900300085544586
      vertex 21.25 0.5 1.799038104712963
    endloop
  endfacet
  facet normal 0.4422886995523108 0 -0.8968727369300094
    outer loop
      vertex 21.25 0.5 1.799038104712963
      vertex 21.25 3 1.799038104712963
      vertex 21.42597485333681 0.5 1.8858193010091782
    endloop
  endfacet
  facet normal 0.3214394637077385 0 -0.9469301300366789
    outer loop
      vertex 21.42597485333681 0.5 1.8858193010091782
      vertex 21.42597485333681 3 1.8858193010091782
      vertex 21.611771434545517 0.5 1.9488887414336205
    endloop
  endfacet
  facet normal 0.7518397942312052 0 0.6593458302062577
    outer loop
      vertex 20.80996999144554 0.5 -0.4131421446800232
      vertex 20.939339831471443 3 -0.5606601685285568
      vertex 20.80996999144554 3 -0.4131421446800232
    endloop
  endfacet
  facet normal 0.5555702335092735 0 0.8314696119753573
    outer loop
      vertex 21.086857855319977 0.5 -0.6900300085544586
      vertex 21.25 3 -0.7990381047129631
      vertex 21.086857855319977 3 -0.6900300085544586
    endloop
  endfacet
  facet normal 0.6593458302062577 0 0.7518397942312052
    outer loop
      vertex 20.939339831471443 0.5 -0.5606601685285568
      vertex 21.086857855319977 3 -0.6900300085544586
      vertex 20.939339831471443 3 -0.5606601685285568
    endloop
  endfacet
  facet normal 0.3214394637077385 0 0.9469301300366789
    outer loop
      vertex 21.42597485333681 0.5 -0.8858193010091782
      vertex 21.611771434545517 3 -0.9488887414336205
      vertex 21.42597485333681 3 -0.8858193010091782
    endloop
  endfacet
  facet normal 0.4422886995523108 0 0.8968727369300094
    outer loop
      vertex 21.25 0.5 -0.7990381047129631
      vertex 21.42597485333681 3 -0.8858193010091782
      vertex 21.25 3 -0.7990381047129631
    endloop
  endfacet
  facet normal 0.9469301300366789 0 0.3214394637077385
    outer loop
      vertex 20.55111125856638 0.5 0.11177143454551697
      vertex 20.614180698990822 3 -0.07402514666318893
      vertex 20.55111125856638 3 0.11177143454551697
    endloop
  endfacet
  facet normal 0.8968727369300094 0 0.4422886995523108
    outer loop
      vertex 20.614180698990822 0.5 -0.07402514666318893
      vertex 20.700961895287037 3 -0.25
      vertex 20.614180698990822 3 -0.07402514666318893
    endloop
  endfacet
  facet normal 0.9807852832718772 0 0.19509030759446716
    outer loop
      vertex 20.512832708656788 0.5 0.30421071499586105
      vertex 20.55111125856638 3 0.11177143454551697
      vertex 20.512832708656788 3 0.30421071499586105
    endloop
  endfacet
  facet normal 0.9978589229274388 0 0.06540313397759875
    outer loop
      vertex 20.5 0.5 0.5
      vertex 20.512832708656788 3 0.30421071499586105
      vertex 20.5 3 0.5
    endloop
  endfacet
  facet normal 0.9978589229274388 0 -0.06540313397759875
    outer loop
      vertex 20.512832708656788 0.5 0.695789285004139
      vertex 20.5 3 0.5
      vertex 20.512832708656788 3 0.695789285004139
    endloop
  endfacet
  facet normal 0.9807852832718772 0 -0.19509030759446716
    outer loop
      vertex 20.55111125856638 0.5 0.888228565454483
      vertex 20.512832708656788 3 0.695789285004139
      vertex 20.55111125856638 3 0.888228565454483
    endloop
  endfacet
  facet normal 0.9469301300366789 0 -0.3214394637077385
    outer loop
      vertex 20.614180698990822 0.5 1.074025146663189
      vertex 20.55111125856638 3 0.888228565454483
      vertex 20.614180698990822 3 1.074025146663189
    endloop
  endfacet
  facet normal 0.8968727369300094 0 -0.4422886995523108
    outer loop
      vertex 20.700961895287037 0.5 1.25
      vertex 20.614180698990822 3 1.074025146663189
      vertex 20.700961895287037 3 1.25
    endloop
  endfacet
  facet normal 0.8314696119753573 0 0.5555702335092735
    outer loop
      vertex 20.700961895287037 0.5 -0.25
      vertex 20.80996999144554 3 -0.4131421446800232
      vertex 20.700961895287037 3 -0.25
    endloop
  endfacet
  facet normal 0.8314696119753573 0 -0.5555702335092735
    outer loop
      vertex 20.80996999144554 0.5 1.4131421446800232
      vertex 20.700961895287037 3 1.25
      vertex 20.80996999144554 3 1.4131421446800232
    endloop
  endfacet
  facet normal 0 1 0
    outer loop
      vertex -6 3 -12.399999998509884
      vertex 30.59779219329357 3 9.897756673395634
      vertex 30.828427121043205 3 9.684559933841228
    endloop
  endfacet
  facet normal 0 1 0
    outer loop
      vertex -6 3 -12.399999998509884
      vertex 31.04162386059761 3 9.453925006091595
      vertex 31.236067980527878 3 9.207273818552494
    endloop
  endfacet
  facet normal 0 1 0
    outer loop
      vertex -6 3 -12.399999998509884
      vertex 30.828427121043205 3 9.684559933841228
      vertex 31.04162386059761 3 9.453925006091595
    endloop
  endfacet
  facet normal 0 1 0
    outer loop
      vertex 12.75 3 -0.7990381047129631
      vertex 12.913142144680023 3 -0.6900300085544586
      vertex 30.59779219329357 3 9.897756673395634
    endloop
  endfacet
  facet normal 0 1 0
    outer loop
      vertex -6 3 -12.399999998509884
      vertex 31.236067980527878 3 9.207273818552494
      vertex 31.41056066006422 3 8.946127071976662
    endloop
  endfacet
  facet normal 0 1 0
    outer loop
      vertex -6 3 -12.399999998509884
      vertex 31.41056066006422 3 8.946127071976662
      vertex 31.564026094973087 3 8.672094814479351
    endloop
  endfacet
  facet normal 0 1 0
    outer loop
      vertex 12.913142144680023 3 -0.6900300085544586
      vertex 13.060660168528557 3 -0.5606601685285568
      vertex 30.59779219329357 3 9.897756673395634
    endloop
  endfacet
  facet normal 0 1 0
    outer loop
      vertex 13.060660168528557 3 -0.5606601685285568
      vertex 13.190030008554459 3 -0.4131421446800232
      vertex 30.59779219329357 3 9.897756673395634
    endloop
  endfacet
  facet normal 0 1 0
    outer loop
      vertex 13.299038104712963 3 -0.25
      vertex 13.385819301009178 3 -0.07402514666318893
      vertex 30.08999425917864 3 10.266693472862244
    endloop
  endfacet
  facet normal 0 1 0
    outer loop
      vertex 13.190030008554459 3 -0.4131421446800232
      vertex 13.299038104712963 3 -0.25
      vertex 30.35114100575447 3 10.092200793325901
    endloop
  endfacet
  facet normal 0 1 0
    outer loop
      vertex 13.385819301009178 3 -0.07402514666318893
      vertex 13.44888874143362 3 0.11177143454551697
      vertex 30.08999425917864 3 10.266693472862244
    endloop
  endfacet
  facet normal 0 1 0
    outer loop
      vertex 13.44888874143362 3 0.11177143454551697
      vertex 13.487167291343212 3 0.30421071499586105
      vertex 29.815962001681328 3 10.42015890777111
    endloop
  endfacet
  facet normal 0 1 0
    outer loop
      vertex 13.44888874143362 3 0.888228565454483
      vertex 21.600000001490116 3 6
      vertex 22.399999998509884 3 6
    endloop
  endfacet
  facet normal 0.7518397942312052 0 -0.6593458302062577
    outer loop
      vertex 20.939339831471443 0.5 1.5606601685285568
      vertex 20.80996999144554 3 1.4131421446800232
      vertex 20.939339831471443 3 1.5606601685285568
    endloop
  endfacet
  facet normal 0.6593458302062577 0 -0.7518397942312052
    outer loop
      vertex 21.086857855319977 0.5 1.6900300085544586
      vertex 20.939339831471443 3 1.5606601685285568
      vertex 21.086857855319977 3 1.6900300085544586
    endloop
  endfacet
  facet normal 0.5555702335092735 0 -0.8314696119753573
    outer loop
      vertex 21.25 0.5 1.799038104712963
      vertex 21.086857855319977 3 1.6900300085544586
      vertex 21.25 3 1.799038104712963
    endloop
  endfacet
  facet normal 0.4422886995523108 0 -0.8968727369300094
    outer loop
      vertex 21.42597485333681 0.5 1.8858193010091782
      vertex 21.25 3 1.799038104712963
      vertex 21.42597485333681 3 1.8858193010091782
    endloop
  endfacet
  facet normal 0.3214394637077385 0 -0.9469301300366789
    outer loop
      vertex 21.611771434545517 0.5 1.9488887414336205
      vertex 21.42597485333681 3 1.8858193010091782
      vertex 21.611771434545517 3 1.9488887414336205
    endloop
  endfacet
  facet normal 0.19509030759446716 0 0.9807852832718772
    outer loop
      vertex 21.611771434545517 0.5 -0.9488887414336205
      vertex 21.80421071499586 0.5 -0.9871672913432121
      vertex 21.80421071499586 3 -0.9871672913432121
    endloop
  endfacet
  facet normal 0.06540313397759875 0 0.9978589229274388
    outer loop
      vertex 21.80421071499586 0.5 -0.9871672913432121
      vertex 22 0.5 -1
      vertex 22 3 -1
    endloop
  endfacet
  facet normal -0.06540313397759875 0 0.9978589229274388
    outer loop
      vertex 22 0.5 -1
      vertex 22.19578928500414 0.5 -0.9871672913432121
      vertex 22.19578928500414 3 -0.9871672913432121
    endloop
  endfacet
  facet normal -0.19509030759446716 0 0.9807852832718772
    outer loop
      vertex 22.19578928500414 0.5 -0.9871672913432121
      vertex 22.388228565454483 0.5 -0.9488887414336205
      vertex 22.388228565454483 3 -0.9488887414336205
    endloop
  endfacet
  facet normal -0.3214394637077385 0 0.9469301300366789
    outer loop
      vertex 22.388228565454483 0.5 -0.9488887414336205
      vertex 22.57402514666319 0.5 -0.8858193010091782
      vertex 22.57402514666319 3 -0.8858193010091782
    endloop
  endfacet
  facet normal -0.4422886995523108 0 0.8968727369300094
    outer loop
      vertex 22.57402514666319 0.5 -0.8858193010091782
      vertex 22.75 0.5 -0.7990381047129631
      vertex 22.75 3 -0.7990381047129631
    endloop
  endfacet
  facet normal -0.5555702335092735 0 0.8314696119753573
    outer loop
      vertex 22.75 0.5 -0.7990381047129631
      vertex 22.913142144680023 0.5 -0.6900300085544586
      vertex 22.913142144680023 3 -0.6900300085544586
    endloop
  endfacet
  facet normal -0.6593458302062577 0 0.7518397942312052
    outer loop
      vertex 22.913142144680023 0.5 -0.6900300085544586
      vertex 23.060660168528557 0.5 -0.5606601685285568
      vertex 23.060660168528557 3 -0.5606601685285568
    endloop
  endfacet
  facet normal -0.7518397942312052 0 0.6593458302062577
    outer loop
      vertex 23.060660168528557 0.5 -0.5606601685285568
      vertex 23.19003000855446 0.5 -0.4131421446800232
      vertex 23.19003000855446 3 -0.4131421446800232
    endloop
  endfacet
  facet normal -0.8314696119753573 0 0.5555702335092735
    outer loop
      vertex 23.19003000855446 0.5 -0.4131421446800232
      vertex 23.299038104712963 0.5 -0.25
      vertex 23.299038104712963 3 -0.25
    endloop
  endfacet
  facet normal -0.8968727369300094 0 0.4422886995523108
    outer loop
      vertex 23.299038104712963 0.5 -0.25
      vertex 23.385819301009178 0.5 -0.07402514666318893
      vertex 23.385819301009178 3 -0.07402514666318893
    endloop
  endfacet
  facet normal -0.9469301300366789 0 0.3214394637077385
    outer loop
      vertex 23.385819301009178 0.5 -0.07402514666318893
      vertex 23.44888874143362 0.5 0.11177143454551697
      vertex 23.44888874143362 3 0.11177143454551697
    endloop
  endfacet
  facet normal -0.9807852832718772 0 0.19509030759446716
    outer loop
      vertex 23.44888874143362 0.5 0.11177143454551697
      vertex 23.487167291343212 0.5 0.30421071499586105
      vertex 23.487167291343212 3 0.30421071499586105
    endloop
  endfacet
  facet normal -0.9978589229274388 0 0.06540313397759875
    outer loop
      vertex 23.487167291343212 0.5 0.30421071499586105
      vertex 23.5 0.5 0.5
      vertex 23.5 3 0.5
    endloop
  endfacet
  facet normal -0.9978589229274388 0 -0.06540313397759875
    outer loop
      vertex 23.5 0.5 0.5
      vertex 23.487167291343212 0.5 0.695789285004139
      vertex 23.487167291343212 3 0.695789285004139
    endloop
  endfacet
  facet normal -0.9807852832718772 0 -0.19509030759446716
    outer loop
      vertex 23.487167291343212 0.5 0.695789285004139
      vertex 23.44888874143362 0.5 0.888228565454483
      vertex 23.44888874143362 3 0.888228565454483
    endloop
  endfacet
  facet normal -0.8314696119753573 0 -0.5555702335092735
    outer loop
      vertex 23.19003000855446 0.5 1.4131421446800232
      vertex 23.19003000855446 3 1.4131421446800232
      vertex 23.299038104712963 0.5 1.25
    endloop
  endfacet
  facet normal -0.9469301300366789 0 -0.3214394637077385
    outer loop
      vertex 23.44888874143362 0.5 0.888228565454483
      vertex 23.385819301009178 0.5 1.074025146663189
      vertex 23.385819301009178 3 1.074025146663189
    endloop
  endfacet
  facet normal -0.8968727369300094 0 -0.4422886995523108
    outer loop
      vertex 23.385819301009178 0.5 1.074025146663189
      vertex 23.299038104712963 0.5 1.25
      vertex 23.299038104712963 3 1.25
    endloop
  endfacet
  facet normal 0.19509030759446716 0 -0.9807852832718772
    outer loop
      vertex 21.611771434545517 0.5 1.9488887414336205
      vertex 21.611771434545517 3 1.9488887414336205
      vertex 21.80421071499586 0.5 1.9871672913432121
    endloop
  endfacet
  facet normal 0.06540313397759875 0 -0.9978589229274388
    outer loop
      vertex 21.80421071499586 0.5 1.9871672913432121
      vertex 21.80421071499586 3 1.9871672913432121
      vertex 22 0.5 2
    endloop
  endfacet
  facet normal -0.06540313397759875 0 -0.9978589229274388
    outer loop
      vertex 22 0.5 2
      vertex 22 3 2
      vertex 22.19578928500414 0.5 1.9871672913432121
    endloop
  endfacet
  facet normal -0.3214394637077385 0 -0.9469301300366789
    outer loop
      vertex 22.57402514666319 0.5 1.8858193010091782
      vertex 22.388228565454483 0.5 1.9488887414336205
      vertex 22.388228565454483 3 1.9488887414336205
    endloop
  endfacet
  facet normal -0.19509030759446716 0 -0.9807852832718772
    outer loop
      vertex 22.19578928500414 0.5 1.9871672913432121
      vertex 22.19578928500414 3 1.9871672913432121
      vertex 22.388228565454483 0.5 1.9488887414336205
    endloop
  endfacet
  facet normal -0.4422886995523108 0 -0.8968727369300094
    outer loop
      vertex 22.57402514666319 0.5 1.8858193010091782
      vertex 22.57402514666319 3 1.8858193010091782
      vertex 22.75 0.5 1.799038104712963
    endloop
  endfacet
  facet normal -0.5555702335092735 0 -0.8314696119753573
    outer loop
      vertex 22.913142144680023 0.5 1.6900300085544586
      vertex 22.75 0.5 1.799038104712963
      vertex 22.75 3 1.799038104712963
    endloop
  endfacet
  facet normal -0.6593458302062577 0 -0.7518397942312052
    outer loop
      vertex 22.913142144680023 0.5 1.6900300085544586
      vertex 22.913142144680023 3 1.6900300085544586
      vertex 23.060660168528557 0.5 1.5606601685285568
    endloop
  endfacet
  facet normal -0.7518397942312052 0 -0.6593458302062577
    outer loop
      vertex 23.19003000855446 0.5 1.4131421446800232
      vertex 23.060660168528557 0.5 1.5606601685285568
      vertex 23.060660168528557 3 1.5606601685285568
    endloop
  endfacet
  facet normal 0.19509030759446716 0 0.9807852832718772
    outer loop
      vertex 21.611771434545517 0.5 -0.9488887414336205
      vertex 21.80421071499586 3 -0.9871672913432121
      vertex 21.611771434545517 3 -0.9488887414336205
    endloop
  endfacet
  facet normal 0.06540313397759875 0 0.9978589229274388
    outer loop
      vertex 21.80421071499586 0.5 -0.9871672913432121
      vertex 22 3 -1
      vertex 21.80421071499586 3 -0.9871672913432121
    endloop
  endfacet
  facet normal -0.06540313397759875 0 0.9978589229274388
    outer loop
      vertex 22 0.5 -1
      vertex 22.19578928500414 3 -0.9871672913432121
      vertex 22 3 -1
    endloop
  endfacet
  facet normal -0.19509030759446716 0 0.9807852832718772
    outer loop
      vertex 22.19578928500414 0.5 -0.9871672913432121
      vertex 22.388228565454483 3 -0.9488887414336205
      vertex 22.19578928500414 3 -0.9871672913432121
    endloop
  endfacet
  facet normal -0.3214394637077385 0 0.9469301300366789
    outer loop
      vertex 22.388228565454483 0.5 -0.9488887414336205
      vertex 22.57402514666319 3 -0.8858193010091782
      vertex 22.388228565454483 3 -0.9488887414336205
    endloop
  endfacet
  facet normal -0.4422886995523108 0 0.8968727369300094
    outer loop
      vertex 22.57402514666319 0.5 -0.8858193010091782
      vertex 22.75 3 -0.7990381047129631
      vertex 22.57402514666319 3 -0.8858193010091782
    endloop
  endfacet
  facet normal -0.5555702335092735 0 0.8314696119753573
    outer loop
      vertex 22.75 0.5 -0.7990381047129631
      vertex 22.913142144680023 3 -0.6900300085544586
      vertex 22.75 3 -0.7990381047129631
    endloop
  endfacet
  facet normal -0.6593458302062577 0 0.7518397942312052
    outer loop
      vertex 22.913142144680023 0.5 -0.6900300085544586
      vertex 23.060660168528557 3 -0.5606601685285568
      vertex 22.913142144680023 3 -0.6900300085544586
    endloop
  endfacet
  facet normal -0.7518397942312052 0 0.6593458302062577
    outer loop
      vertex 23.060660168528557 0.5 -0.5606601685285568
      vertex 23.19003000855446 3 -0.4131421446800232
      vertex 23.060660168528557 3 -0.5606601685285568
    endloop
  endfacet
  facet normal -0.8314696119753573 0 0.5555702335092735
    outer loop
      vertex 23.19003000855446 0.5 -0.4131421446800232
      vertex 23.299038104712963 3 -0.25
      vertex 23.19003000855446 3 -0.4131421446800232
    endloop
  endfacet
  facet normal -0.8968727369300094 0 0.4422886995523108
    outer loop
      vertex 23.299038104712963 0.5 -0.25
      vertex 23.385819301009178 3 -0.07402514666318893
      vertex 23.299038104712963 3 -0.25
    endloop
  endfacet
  facet normal -0.9469301300366789 0 0.3214394637077385
    outer loop
      vertex 23.385819301009178 0.5 -0.07402514666318893
      vertex 23.44888874143362 3 0.11177143454551697
      vertex 23.385819301009178 3 -0.07402514666318893
    endloop
  endfacet
  facet normal -0.9807852832718772 0 0.19509030759446716
    outer loop
      vertex 23.44888874143362 0.5 0.11177143454551697
      vertex 23.487167291343212 3 0.30421071499586105
      vertex 23.44888874143362 3 0.11177143454551697
    endloop
  endfacet
  facet normal -0.9978589229274388 0 0.06540313397759875
    outer loop
      vertex 23.487167291343212 0.5 0.30421071499586105
      vertex 23.5 3 0.5
      vertex 23.487167291343212 3 0.30421071499586105
    endloop
  endfacet
  facet normal -0.9978589229274388 0 -0.06540313397759875
    outer loop
      vertex 23.5 0.5 0.5
      vertex 23.487167291343212 3 0.695789285004139
      vertex 23.5 3 0.5
    endloop
  endfacet
  facet normal -0.9807852832718772 0 -0.19509030759446716
    outer loop
      vertex 23.487167291343212 0.5 0.695789285004139
      vertex 23.44888874143362 3 0.888228565454483
      vertex 23.487167291343212 3 0.695789285004139
    endloop
  endfacet
  facet normal -0.9469301300366789 0 -0.3214394637077385
    outer loop
      vertex 23.44888874143362 0.5 0.888228565454483
      vertex 23.385819301009178 3 1.074025146663189
      vertex 23.44888874143362 3 0.888228565454483
    endloop
  endfacet
  facet normal -0.7518397942312052 0 -0.6593458302062577
    outer loop
      vertex 23.19003000855446 0.5 1.4131421446800232
      vertex 23.060660168528557 3 1.5606601685285568
      vertex 23.19003000855446 3 1.4131421446800232
    endloop
  endfacet
  facet normal -0.8314696119753573 0 -0.5555702335092735
    outer loop
      vertex 23.299038104712963 0.5 1.25
      vertex 23.19003000855446 3 1.4131421446800232
      vertex 23.299038104712963 3 1.25
    endloop
  endfacet
  facet normal -0.8968727369300094 0 -0.4422886995523108
    outer loop
      vertex 23.385819301009178 0.5 1.074025146663189
      vertex 23.299038104712963 3 1.25
      vertex 23.385819301009178 3 1.074025146663189
    endloop
  endfacet
  facet normal 0 1 0
    outer loop
      vertex 15.032437086105347 3 -7.366040639579296
      vertex 22.913142144680023 3 -0.6900300085544586
      vertex 32 3 6.856132812798023
    endloop
  endfacet
  facet normal 0.19509030759446716 0 -0.9807852832718772
    outer loop
      vertex 21.80421071499586 0.5 1.9871672913432121
      vertex 21.611771434545517 3 1.9488887414336205
      vertex 21.80421071499586 3 1.9871672913432121
    endloop
  endfacet
  facet normal 0.06540313397759875 0 -0.9978589229274388
    outer loop
      vertex 22 0.5 2
      vertex 21.80421071499586 3 1.9871672913432121
      vertex 22 3 2
    endloop
  endfacet
  facet normal -0.3214394637077385 0 -0.9469301300366789
    outer loop
      vertex 22.57402514666319 0.5 1.8858193010091782
      vertex 22.388228565454483 3 1.9488887414336205
      vertex 22.57402514666319 3 1.8858193010091782
    endloop
  endfacet
  facet normal -0.06540313397759875 0 -0.9978589229274388
    outer loop
      vertex 22.19578928500414 0.5 1.9871672913432121
      vertex 22 3 2
      vertex 22.19578928500414 3 1.9871672913432121
    endloop
  endfacet
  facet normal -0.19509030759446716 0 -0.9807852832718772
    outer loop
      vertex 22.388228565454483 0.5 1.9488887414336205
      vertex 22.19578928500414 3 1.9871672913432121
      vertex 22.388228565454483 3 1.9488887414336205
    endloop
  endfacet
  facet normal -0.4422886995523108 0 -0.8968727369300094
    outer loop
      vertex 22.75 0.5 1.799038104712963
      vertex 22.57402514666319 3 1.8858193010091782
      vertex 22.75 3 1.799038104712963
    endloop
  endfacet
  facet normal -0.6593458302062577 0 -0.7518397942312052
    outer loop
      vertex 23.060660168528557 0.5 1.5606601685285568
      vertex 22.913142144680023 3 1.6900300085544586
      vertex 23.060660168528557 3 1.5606601685285568
    endloop
  endfacet
  facet normal -0.5555702335092735 0 -0.8314696119753573
    outer loop
      vertex 22.913142144680023 0.5 1.6900300085544586
      vertex 22.75 3 1.799038104712963
      vertex 22.913142144680023 3 1.6900300085544586
    endloop
  endfacet
  facet normal 0 1 0
    outer loop
      vertex 21.25 3 1.799038104712963
      vertex 31.95075336098671 3 7.481870673596859
      vertex 21.42597485333681 3 1.8858193010091782
    endloop
  endfacet
  facet normal 0 1 0
    outer loop
      vertex 21.42597485333681 3 1.8858193010091782
      vertex 31.95075336098671 3 7.481870673596859
      vertex 21.611771434545517 3 1.9488887414336205
    endloop
  endfacet
  facet normal 0 1 0
    outer loop
      vertex 22 3 2
      vertex 31.987669333815575 3 7.169969193637371
      vertex 22.19578928500414 3 1.9871672913432121
    endloop
  endfacet
  facet normal 0 1 0
    outer loop
      vertex 21.611771434545517 3 1.9488887414336205
      vertex 31.95075336098671 3 7.481870673596859
      vertex 21.80421071499586 3 1.9871672913432121
    endloop
  endfacet
  facet normal 0 1 0
    outer loop
      vertex 21.80421071499586 3 1.9871672913432121
      vertex 31.95075336098671 3 7.481870673596859
      vertex 22 3 2
    endloop
  endfacet
  facet normal 0 0 1
    outer loop
      vertex 16.899999998509884 0 10.856132812798023
      vertex 28 0 10.856132812798023
      vertex 16.899999998509884 3 10.856132812798023
    endloop
  endfacet
  facet normal 0 1 0
    outer loop
      vertex 12.399999998509884 3 7.73227658867836
      vertex 21.600000001490116 3 6.856132812798023
      vertex 21.600000001490116 3 6
    endloop
  endfacet
  facet normal 1 0 0
    outer loop
      vertex 21.600000001490116 2.5999999999999996 6
      vertex 21.600000001490116 3 6
      vertex 21.600000001490116 2.5999999999999996 6.856132812798023
    endloop
  endfacet
  facet normal 1 0 0
    outer loop
      vertex 21.600000001490116 2.5999999999999996 6.856132812798023
      vertex 21.600000001490116 3 6
      vertex 21.600000001490116 3 6.856132812798023
    endloop
  endfacet
  facet normal 0 0 1
    outer loop
      vertex 21.600000001490116 2.5999999999999996 6
      vertex 22.399999998509884 2.5999999999999996 6
      vertex 22.399999998509884 3 6
    endloop
  endfacet
  facet normal 0 1 0
    outer loop
      vertex 21.600000001490116 2.5999999999999996 6
      vertex 21.600000001490116 2.5999999999999996 6.856132812798023
      vertex 22.399999998509884 2.5999999999999996 6
    endloop
  endfacet
  facet normal 0 0 -1
    outer loop
      vertex 21.600000001490116 2.5999999999999996 6.856132812798023
      vertex 21.600000001490116 3 6.856132812798023
      vertex 22.399999998509884 2.5999999999999996 6.856132812798023
    endloop
  endfacet
  facet normal 0 1 0
    outer loop
      vertex 21.600000001490116 2.5999999999999996 6.856132812798023
      vertex 22.399999998509884 2.5999999999999996 6.856132812798023
      vertex 22.399999998509884 2.5999999999999996 6
    endloop
  endfacet
  facet normal -1 0 0
    outer loop
      vertex 22.399999998509884 2.5999999999999996 6
      vertex 22.399999998509884 2.5999999999999996 6.856132812798023
      vertex 22.399999998509884 3 6.856132812798023
    endloop
  endfacet
  facet normal 0 0 1
    outer loop
      vertex 21.600000001490116 2.5999999999999996 6
      vertex 22.399999998509884 3 6
      vertex 21.600000001490116 3 6
    endloop
  endfacet
  facet normal 0 1 0
    outer loop
      vertex 13.487167291343212 3 0.30421071499586105
      vertex 22.399999998509884 3 6
      vertex 29.815962001681328 3 10.42015890777111
    endloop
  endfacet
  facet normal -1 0 0
    outer loop
      vertex 22.399999998509884 2.5999999999999996 6
      vertex 22.399999998509884 3 6.856132812798023
      vertex 22.399999998509884 3 6
    endloop
  endfacet
  facet normal 0 0 -1
    outer loop
      vertex 22.399999998509884 2.5999999999999996 6.856132812798023
      vertex 21.600000001490116 3 6.856132812798023
      vertex 22.399999998509884 3 6.856132812798023
    endloop
  endfacet
  facet normal 0 1 0
    outer loop
      vertex 13.44888874143362 3 0.11177143454551697
      vertex 29.815962001681328 3 10.42015890777111
      vertex 30.08999425917864 3 10.266693472862244
    endloop
  endfacet
  facet normal 0 1 0
    outer loop
      vertex 13.190030008554459 3 -0.4131421446800232
      vertex 30.35114100575447 3 10.092200793325901
      vertex 30.59779219329357 3 9.897756673395634
    endloop
  endfacet
  facet normal 0 1 0
    outer loop
      vertex 13.299038104712963 3 -0.25
      vertex 30.08999425917864 3 10.266693472862244
      vertex 30.35114100575447 3 10.092200793325901
    endloop
  endfacet
  facet normal 0 1 0
    outer loop
      vertex 21.600000001490116 3 6.856132812798023
      vertex 28.313836380839348 3 10.843802146613598
      vertex 22.399999998509884 3 6.856132812798023
    endloop
  endfacet
  facet normal 0 1 0
    outer loop
      vertex 22.399999998509884 3 6
      vertex 22.399999998509884 3 6.856132812798023
      vertex 29.530733726918697 3 10.551650941371918
    endloop
  endfacet
  facet normal 0 1 0
    outer loop
      vertex 16.899999998509884 3 10.856132812798023
      vertex 28 3 10.856132812798023
      vertex 21.600000001490116 3 6.856132812798023
    endloop
  endfacet
  facet normal 0 0 1
    outer loop
      vertex 16.899999998509884 3 10.856132812798023
      vertex 28 0 10.856132812798023
      vertex 28 3 10.856132812798023
    endloop
  endfacet
  facet normal 0 -1 0
    outer loop
      vertex 32 0 -3.1450000032782555
      vertex 32 0 6.856132812798023
      vertex 31.987669333815575 0 7.169969193637371
    endloop
  endfacet
  facet normal 0 -1 0
    outer loop
      vertex 32 0 -3.1450000032782555
      vertex 31.987669333815575 0 7.169969193637371
      vertex 31.95075336098671 0 7.481870673596859
    endloop
  endfacet
  facet normal 0 -1 0
    outer loop
      vertex 32 0 -3.1450000032782555
      vertex 31.88947968184948 0 7.7899142652750015
      vertex 31.80422606319189 0 8.092200793325901
    endloop
  endfacet
  facet normal 0 -1 0
    outer loop
      vertex 32 0 -3.1450000032782555
      vertex 31.95075336098671 0 7.481870673596859
      vertex 31.88947968184948 0 7.7899142652750015
    endloop
  endfacet
  facet normal 0 -1 0
    outer loop
      vertex 32 0 -3.1450000032782555
      vertex 31.236067980527878 0 9.207273818552494
      vertex 31.04162386059761 0 9.453925006091595
    endloop
  endfacet
  facet normal 0 -1 0
    outer loop
      vertex 32 0 -3.1450000032782555
      vertex 31.41056066006422 0 8.946127071976662
      vertex 31.236067980527878 0 9.207273818552494
    endloop
  endfacet
  facet normal 0 -1 0
    outer loop
      vertex 32 0 -3.1450000032782555
      vertex 31.695518128573895 0 8.38686653971672
      vertex 31.564026094973087 0 8.672094814479351
    endloop
  endfacet
  facet normal 0 -1 0
    outer loop
      vertex 32 0 -3.1450000032782555
      vertex 31.80422606319189 0 8.092200793325901
      vertex 31.695518128573895 0 8.38686653971672
    endloop
  endfacet
  facet normal 0 -1 0
    outer loop
      vertex 32 0 -3.1450000032782555
      vertex 31.564026094973087 0 8.672094814479351
      vertex 31.41056066006422 0 8.946127071976662
    endloop
  endfacet
  facet normal 0 -1 0
    outer loop
      vertex 30.828427121043205 0 9.684559933841228
      vertex 17 0 7.855
      vertex 31.87112360609555 0 7.855
    endloop
  endfacet
  facet normal 0 -1 0
    outer loop
      vertex 30.08999425917864 0 10.266693472862244
      vertex 29.815962001681328 0 10.42015890777111
      vertex 17 0 7.855
    endloop
  endfacet
  facet normal 0 -1 0
    outer loop
      vertex 29.530733726918697 0 10.551650941371918
      vertex 17 0 7.855
      vertex 29.815962001681328 0 10.42015890777111
    endloop
  endfacet
  facet normal 0 -1 0
    outer loop
      vertex 30.08999425917864 0 10.266693472862244
      vertex 17 0 7.855
      vertex 30.35114100575447 0 10.092200793325901
    endloop
  endfacet
  facet normal 0 -1 0
    outer loop
      vertex 30.35114100575447 0 10.092200793325901
      vertex 17 0 7.855
      vertex 30.59779219329357 0 9.897756673395634
    endloop
  endfacet
  facet normal 0 -1 0
    outer loop
      vertex 30.59779219329357 0 9.897756673395634
      vertex 17 0 7.855
      vertex 30.753998921264554 0 9.753360655737687
    endloop
  endfacet
  facet normal 0 -1 0
    outer loop
      vertex 30.828427121043205 0 9.684559933841228
      vertex 30.753998921264554 0 9.753360655737687
      vertex 17 0 7.855
    endloop
  endfacet
  facet normal 0 -1 0
    outer loop
      vertex 31.236067980527878 0 9.207273818552494
      vertex 31.87112360609555 0 7.855
      vertex 31.41056066006422 0 8.946127071976662
    endloop
  endfacet
  facet normal 0 -1 0
    outer loop
      vertex 31.04162386059761 0 9.453925006091595
      vertex 31.87112360609555 0 7.855
      vertex 31.236067980527878 0 9.207273818552494
    endloop
  endfacet
  facet normal 0 -1 0
    outer loop
      vertex 31.695518128573895 0 8.38686653971672
      vertex 31.87112360609555 0 7.855
      vertex 31.80422606319189 0 8.092200793325901
    endloop
  endfacet
  facet normal 0 -1 0
    outer loop
      vertex 31.695518128573895 0 8.38686653971672
      vertex 31.564026094973087 0 8.672094814479351
      vertex 31.87112360609555 0 7.855
    endloop
  endfacet
  facet normal 0 -1 0
    outer loop
      vertex 31.564026094973087 0 8.672094814479351
      vertex 31.41056066006422 0 8.946127071976662
      vertex 31.87112360609555 0 7.855
    endloop
  endfacet
  facet normal 0.9624552359858058 0 0.271440451523915
    outer loop
      vertex 31.80422606319189 0 8.092200793325901
      vertex 31.87112360609555 0 7.855
      vertex 31.87112360609555 0.6459341917550466 7.855
    endloop
  endfacet
  facet normal 0.8724960112528442 0 0.4886212340329438
    outer loop
      vertex 31.564026094973087 0 8.672094814479351
      vertex 31.41056066006422 0.5102720063152638 8.946127071976662
      vertex 31.41056066006422 0 8.946127071976662
    endloop
  endfacet
  facet normal 0.8724960112528442 0 0.48862123403294383
    outer loop
      vertex 31.564026094973087 0 8.672094814479351
      vertex 31.564026094973087 0.6834944696037211 8.672094814479351
      vertex 31.41056066006422 0.5102720063152638 8.946127071976662
    endloop
  endfacet
  facet normal 0.9081431763889644 0 0.41865973197593587
    outer loop
      vertex 31.695518128573895 0 8.38686653971672
      vertex 31.564026094973087 0.6834944696037211 8.672094814479351
      vertex 31.564026094973087 0 8.672094814479351
    endloop
  endfacet
  facet normal 0.9381913343330595 0 0.34611706138581694
    outer loop
      vertex 31.695518128573895 0 8.38686653971672
      vertex 31.80422606319189 0 8.092200793325901
      vertex 31.695518128573895 0.8637942080547125 8.38686653971672
    endloop
  endfacet
  facet normal 0.9624552359858062 -4.2413825500462e-16 0.27144045152391394
    outer loop
      vertex 31.80422606319189 0 8.092200793325901
      vertex 31.87112360609555 0.6459341917550466 7.855
      vertex 31.85632107042761 1.166822427387348 7.90748583208395
    endloop
  endfacet
  facet normal 0.9081431763889642 0 0.41865973197593587
    outer loop
      vertex 31.695518128573895 0 8.38686653971672
      vertex 31.695518128573895 0.8637942080547125 8.38686653971672
      vertex 31.564026094973087 0.6834944696037211 8.672094814479351
    endloop
  endfacet
  facet normal 0.9381913343330593 0 0.3461170613858169
    outer loop
      vertex 31.80422606319189 0 8.092200793325901
      vertex 31.80422606319189 1.0500596021463204 8.092200793325901
      vertex 31.695518128573895 0.8637942080547125 8.38686653971672
    endloop
  endfacet
  facet normal 0.9624552359858055 0 0.27144045152391644
    outer loop
      vertex 31.80422606319189 0 8.092200793325901
      vertex 31.85632107042761 1.166822427387348 7.90748583208395
      vertex 31.80422606319189 1.0500596021463204 8.092200793325901
    endloop
  endfacet
  facet normal 0.6788007546295053 0 0.7343225010269085
    outer loop
      vertex 30.828427121043205 0 9.684559933841228
      vertex 30.828427121043205 0.04349061176874626 9.684559933841228
      vertex 30.753998921264554 0 9.753360655737687
    endloop
  endfacet
  facet normal 0.7343225010269075 0 0.6788007546295063
    outer loop
      vertex 31.04162386059761 0 9.453925006091595
      vertex 31.04162386059761 0.18928056609753172 9.453925006091595
      vertex 30.828427121043205 0.04349061176874626 9.684559933841228
    endloop
  endfacet
  facet normal 0.7853169275378769 0 0.6190939535502419
    outer loop
      vertex 31.04162386059761 0 9.453925006091595
      vertex 31.236067980527878 0 9.207273818552494
      vertex 31.04162386059761 0.18928056609753172 9.453925006091595
    endloop
  endfacet
  facet normal 0.7343225010269077 0 0.6788007546295063
    outer loop
      vertex 30.828427121043205 0 9.684559933841228
      vertex 31.04162386059761 0 9.453925006091595
      vertex 30.828427121043205 0.04349061176874626 9.684559933841228
    endloop
  endfacet
  facet normal 0 -1 0
    outer loop
      vertex 30.828427121043205 0 9.684559933841228
      vertex 31.87112360609555 0 7.855
      vertex 31.04162386059761 0 9.453925006091595
    endloop
  endfacet
  facet normal 0.8314696091958995 0 0.5555702376690261
    outer loop
      vertex 31.236067980527878 0 9.207273818552494
      vertex 31.41056066006422 0 8.946127071976662
      vertex 31.236067980527878 0.34519478827250877 9.207273818552494
    endloop
  endfacet
  facet normal 0.7853169275378769 0 0.6190939535502419
    outer loop
      vertex 31.236067980527878 0 9.207273818552494
      vertex 31.236067980527878 0.34519478827250877 9.207273818552494
      vertex 31.04162386059761 0.18928056609753172 9.453925006091595
    endloop
  endfacet
  facet normal 0.8314696091958995 0 0.5555702376690261
    outer loop
      vertex 31.41056066006422 0 8.946127071976662
      vertex 31.41056066006422 0.5102720063152638 8.946127071976662
      vertex 31.236067980527878 0.34519478827250877 9.207273818552494
    endloop
  endfacet
  facet normal 0 1 0
    outer loop
      vertex 16.899999998509884 3 -7.1450000032782555
      vertex 32 3 6.856132812798023
      vertex 32 3 -3.1450000032782555
    endloop
  endfacet
  facet normal 0 1 0
    outer loop
      vertex 22.913142144680023 3 -0.6900300085544586
      vertex 23.060660168528557 3 -0.5606601685285568
      vertex 32 3 6.856132812798023
    endloop
  endfacet
  facet normal 0 1 0
    outer loop
      vertex 23.060660168528557 3 -0.5606601685285568
      vertex 23.19003000855446 3 -0.4131421446800232
      vertex 32 3 6.856132812798023
    endloop
  endfacet
  facet normal 0 1 0
    outer loop
      vertex 23.19003000855446 3 -0.4131421446800232
      vertex 23.299038104712963 3 -0.25
      vertex 32 3 6.856132812798023
    endloop
  endfacet
  facet normal 0 1 0
    outer loop
      vertex 23.299038104712963 3 -0.25
      vertex 23.385819301009178 3 -0.07402514666318893
      vertex 32 3 6.856132812798023
    endloop
  endfacet
  facet normal 0 1 0
    outer loop
      vertex 23.385819301009178 3 -0.07402514666318893
      vertex 23.44888874143362 3 0.11177143454551697
      vertex 32 3 6.856132812798023
    endloop
  endfacet
  facet normal 0 1 0
    outer loop
      vertex 23.44888874143362 3 0.11177143454551697
      vertex 23.487167291343212 3 0.30421071499586105
      vertex 32 3 6.856132812798023
    endloop
  endfacet
  facet normal 0 1 0
    outer loop
      vertex 23.487167291343212 3 0.30421071499586105
      vertex 23.5 3 0.5
      vertex 32 3 6.856132812798023
    endloop
  endfacet
  facet normal 0 1 0
    outer loop
      vertex 23.5 3 0.5
      vertex 23.487167291343212 3 0.695789285004139
      vertex 32 3 6.856132812798023
    endloop
  endfacet
  facet normal 0 1 0
    outer loop
      vertex 23.487167291343212 3 0.695789285004139
      vertex 23.44888874143362 3 0.888228565454483
      vertex 32 3 6.856132812798023
    endloop
  endfacet
  facet normal 0 1 0
    outer loop
      vertex 23.19003000855446 3 1.4131421446800232
      vertex 23.060660168528557 3 1.5606601685285568
      vertex 32 3 6.856132812798023
    endloop
  endfacet
  facet normal 0 1 0
    outer loop
      vertex 23.385819301009178 3 1.074025146663189
      vertex 23.299038104712963 3 1.25
      vertex 32 3 6.856132812798023
    endloop
  endfacet
  facet normal 0 1 0
    outer loop
      vertex 23.44888874143362 3 0.888228565454483
      vertex 23.385819301009178 3 1.074025146663189
      vertex 32 3 6.856132812798023
    endloop
  endfacet
  facet normal 0 1 0
    outer loop
      vertex 23.19003000855446 3 1.4131421446800232
      vertex 32 3 6.856132812798023
      vertex 23.299038104712963 3 1.25
    endloop
  endfacet
  facet normal 0 1 0
    outer loop
      vertex 22.19578928500414 3 1.9871672913432121
      vertex 31.987669333815575 3 7.169969193637371
      vertex 22.388228565454483 3 1.9488887414336205
    endloop
  endfacet
  facet normal 0 1 0
    outer loop
      vertex 22.57402514666319 3 1.8858193010091782
      vertex 22.388228565454483 3 1.9488887414336205
      vertex 32 3 6.856132812798023
    endloop
  endfacet
  facet normal 0 1 0
    outer loop
      vertex 22.57402514666319 3 1.8858193010091782
      vertex 32 3 6.856132812798023
      vertex 22.75 3 1.799038104712963
    endloop
  endfacet
  facet normal 0 1 0
    outer loop
      vertex 22.913142144680023 3 1.6900300085544586
      vertex 22.75 3 1.799038104712963
      vertex 32 3 6.856132812798023
    endloop
  endfacet
  facet normal 0 1 0
    outer loop
      vertex 22.913142144680023 3 1.6900300085544586
      vertex 32 3 6.856132812798023
      vertex 23.060660168528557 3 1.5606601685285568
    endloop
  endfacet
  facet normal 1 0 0
    outer loop
      vertex 32 0 -3.1450000032782555
      vertex 32 3 6.856132812798023
      vertex 32 0 6.856132812798023
    endloop
  endfacet
  facet normal 1 0 0
    outer loop
      vertex 32 0 -3.1450000032782555
      vertex 32 3 -3.1450000032782555
      vertex 32 3 6.856132812798023
    endloop
  endfacet
  facet normal 0.2714404515239178 0 0.9624552359858051
    outer loop
      vertex 28.93378145247698 0 10.745612494647503
      vertex 29.236067980527878 0 10.660358875989914
      vertex 28.93378145247698 3 10.745612494647503
    endloop
  endfacet
  facet normal 0.03925981956862727 0 0.999229036091045
    outer loop
      vertex 28 0 10.856132812798023
      vertex 28.313836380839348 0 10.843802146613598
      vertex 28 3 10.856132812798023
    endloop
  endfacet
  facet normal 0.11753739732018625 0 0.9930684569712185
    outer loop
      vertex 28.313836380839348 0 10.843802146613598
      vertex 28.625737860798836 0 10.806886173784733
      vertex 28.313836380839348 3 10.843802146613598
    endloop
  endfacet
  facet normal 0.1950903191383745 0 0.9807852809756513
    outer loop
      vertex 28.93378145247698 0 10.745612494647503
      vertex 28.625737860798836 3 10.806886173784733
      vertex 28.625737860798836 0 10.806886173784733
    endloop
  endfacet
  facet normal 0 1 0
    outer loop
      vertex 22 3 2
      vertex 31.95075336098671 3 7.481870673596859
      vertex 31.987669333815575 3 7.169969193637371
    endloop
  endfacet
  facet normal 0 1 0
    outer loop
      vertex 22.388228565454483 3 1.9488887414336205
      vertex 31.987669333815575 3 7.169969193637371
      vertex 32 3 6.856132812798023
    endloop
  endfacet
  facet normal 0 1 0
    outer loop
      vertex 21.600000001490116 3 6.856132812798023
      vertex 28 3 10.856132812798023
      vertex 28.313836380839348 3 10.843802146613598
    endloop
  endfacet
  facet normal 0 1 0
    outer loop
      vertex 22.399999998509884 3 6.856132812798023
      vertex 28.313836380839348 3 10.843802146613598
      vertex 28.625737860798836 3 10.806886173784733
    endloop
  endfacet
  facet normal 0 1 0
    outer loop
      vertex 22.399999998509884 3 6.856132812798023
      vertex 28.625737860798836 3 10.806886173784733
      vertex 28.93378145247698 3 10.745612494647503
    endloop
  endfacet
  facet normal 0 1 0
    outer loop
      vertex 22.399999998509884 3 6.856132812798023
      vertex 29.236067980527878 3 10.660358875989914
      vertex 29.530733726918697 3 10.551650941371918
    endloop
  endfacet
  facet normal 0 1 0
    outer loop
      vertex 22.399999998509884 3 6
      vertex 29.530733726918697 3 10.551650941371918
      vertex 29.815962001681328 3 10.42015890777111
    endloop
  endfacet
  facet normal 0 1 0
    outer loop
      vertex 22.399999998509884 3 6.856132812798023
      vertex 28.93378145247698 3 10.745612494647503
      vertex 29.236067980527878 3 10.660358875989914
    endloop
  endfacet
  facet normal 0.2714404515239178 0 0.9624552359858051
    outer loop
      vertex 29.236067980527878 0 10.660358875989914
      vertex 29.236067980527878 3 10.660358875989914
      vertex 28.93378145247698 3 10.745612494647503
    endloop
  endfacet
  facet normal 0.03925981956862727 0 0.999229036091045
    outer loop
      vertex 28.313836380839348 0 10.843802146613598
      vertex 28.313836380839348 3 10.843802146613598
      vertex 28 3 10.856132812798023
    endloop
  endfacet
  facet normal 0.11753739732018625 0 0.9930684569712185
    outer loop
      vertex 28.625737860798836 0 10.806886173784733
      vertex 28.625737860798836 3 10.806886173784733
      vertex 28.313836380839348 3 10.843802146613598
    endloop
  endfacet
  facet normal 0.1950903191383745 0 0.9807852809756513
    outer loop
      vertex 28.93378145247698 0 10.745612494647503
      vertex 28.93378145247698 3 10.745612494647503
      vertex 28.625737860798836 3 10.806886173784733
    endloop
  endfacet
  facet normal 0.999229036091045 0 0.03925981956862727
    outer loop
      vertex 32 0 6.856132812798023
      vertex 31.987669333815575 3 7.169969193637371
      vertex 31.987669333815575 0 7.169969193637371
    endloop
  endfacet
  facet normal 0.9930684569712185 0 0.11753739732018625
    outer loop
      vertex 31.987669333815575 0 7.169969193637371
      vertex 31.95075336098671 3 7.481870673596859
      vertex 31.95075336098671 0 7.481870673596859
    endloop
  endfacet
  facet normal 0.9807852809756513 0 0.1950903191383745
    outer loop
      vertex 31.95075336098671 0 7.481870673596859
      vertex 31.88947968184948 3 7.7899142652750015
      vertex 31.88947968184948 0 7.7899142652750015
    endloop
  endfacet
  facet normal 0.9624552359858051 0 0.2714404515239178
    outer loop
      vertex 31.88947968184948 0 7.7899142652750015
      vertex 31.88947968184948 3 7.7899142652750015
      vertex 31.80422606319189 0 8.092200793325901
    endloop
  endfacet
  facet normal 0.8724960112528442 0 0.48862123403294383
    outer loop
      vertex 31.564026094973087 0 8.672094814479351
      vertex 31.41056066006422 3 8.946127071976662
      vertex 31.41056066006422 0 8.946127071976662
    endloop
  endfacet
  facet normal 0.9381913343330595 0 0.34611706138581694
    outer loop
      vertex 31.695518128573895 0 8.38686653971672
      vertex 31.80422606319189 0 8.092200793325901
      vertex 31.695518128573895 3 8.38686653971672
    endloop
  endfacet
  facet normal 0.9081431763889644 0 0.41865973197593587
    outer loop
      vertex 31.695518128573895 0 8.38686653971672
      vertex 31.564026094973087 3 8.672094814479351
      vertex 31.564026094973087 0 8.672094814479351
    endloop
  endfacet
  facet normal 0.34611706138581694 0 0.9381913343330595
    outer loop
      vertex 29.236067980527878 0 10.660358875989914
      vertex 29.530733726918697 0 10.551650941371918
      vertex 29.236067980527878 3 10.660358875989914
    endloop
  endfacet
  facet normal 0.41865973197593587 0 0.9081431763889644
    outer loop
      vertex 29.530733726918697 0 10.551650941371918
      vertex 29.815962001681328 0 10.42015890777111
      vertex 29.530733726918697 3 10.551650941371918
    endloop
  endfacet
  facet normal 0.48862123403294383 0 0.8724960112528442
    outer loop
      vertex 30.08999425917864 0 10.266693472862244
      vertex 29.815962001681328 3 10.42015890777111
      vertex 29.815962001681328 0 10.42015890777111
    endloop
  endfacet
  facet normal 0.6788007546295053 -1.4833091317852805e-16 0.7343225010269085
    outer loop
      vertex 30.828427121043205 0 9.684559933841228
      vertex 30.59779219329357 3 9.897756673395634
      vertex 30.753998921264554 0 9.753360655737687
    endloop
  endfacet
  facet normal 0.7853169275378769 0 0.6190939535502419
    outer loop
      vertex 31.04162386059761 0 9.453925006091595
      vertex 31.236067980527878 0 9.207273818552494
      vertex 31.04162386059761 3 9.453925006091595
    endloop
  endfacet
  facet normal 0.7343225010269077 0 0.6788007546295063
    outer loop
      vertex 30.828427121043205 0 9.684559933841228
      vertex 31.04162386059761 0 9.453925006091595
      vertex 30.828427121043205 3 9.684559933841228
    endloop
  endfacet
  facet normal 0.5555702376690261 0 0.8314696091958995
    outer loop
      vertex 30.08999425917864 0 10.266693472862244
      vertex 30.35114100575447 0 10.092200793325901
      vertex 30.08999425917864 3 10.266693472862244
    endloop
  endfacet
  facet normal 0.6190939535502419 0 0.7853169275378769
    outer loop
      vertex 30.35114100575447 0 10.092200793325901
      vertex 30.59779219329357 0 9.897756673395634
      vertex 30.35114100575447 3 10.092200793325901
    endloop
  endfacet
  facet normal 0.6788007546295067 0 0.7343225010269072
    outer loop
      vertex 30.59779219329357 3 9.897756673395634
      vertex 30.59779219329357 0 9.897756673395634
      vertex 30.753998921264554 0 9.753360655737687
    endloop
  endfacet
  facet normal 0.8314696091958995 0 0.5555702376690261
    outer loop
      vertex 31.236067980527878 0 9.207273818552494
      vertex 31.41056066006422 0 8.946127071976662
      vertex 31.236067980527878 3 9.207273818552494
    endloop
  endfacet
  facet normal 0.999229036091045 0 0.03925981956862727
    outer loop
      vertex 32 0 6.856132812798023
      vertex 32 3 6.856132812798023
      vertex 31.987669333815575 3 7.169969193637371
    endloop
  endfacet
  facet normal 0.9930684569712185 0 0.11753739732018625
    outer loop
      vertex 31.987669333815575 0 7.169969193637371
      vertex 31.987669333815575 3 7.169969193637371
      vertex 31.95075336098671 3 7.481870673596859
    endloop
  endfacet
  facet normal 0.9807852809756513 0 0.1950903191383745
    outer loop
      vertex 31.95075336098671 0 7.481870673596859
      vertex 31.95075336098671 3 7.481870673596859
      vertex 31.88947968184948 3 7.7899142652750015
    endloop
  endfacet
  facet normal 0.8724960112528442 0 0.48862123403294383
    outer loop
      vertex 31.564026094973087 0 8.672094814479351
      vertex 31.564026094973087 3 8.672094814479351
      vertex 31.41056066006422 3 8.946127071976662
    endloop
  endfacet
  facet normal 0.9381913343330595 0 0.34611706138581694
    outer loop
      vertex 31.80422606319189 0 8.092200793325901
      vertex 31.80422606319189 3 8.092200793325901
      vertex 31.695518128573895 3 8.38686653971672
    endloop
  endfacet
  facet normal 0.9624552359858051 0 0.2714404515239178
    outer loop
      vertex 31.88947968184948 3 7.7899142652750015
      vertex 31.80422606319189 3 8.092200793325901
      vertex 31.80422606319189 0 8.092200793325901
    endloop
  endfacet
  facet normal 0.9081431763889644 0 0.41865973197593587
    outer loop
      vertex 31.695518128573895 0 8.38686653971672
      vertex 31.695518128573895 3 8.38686653971672
      vertex 31.564026094973087 3 8.672094814479351
    endloop
  endfacet
  facet normal 0.34611706138581694 0 0.9381913343330595
    outer loop
      vertex 29.530733726918697 0 10.551650941371918
      vertex 29.530733726918697 3 10.551650941371918
      vertex 29.236067980527878 3 10.660358875989914
    endloop
  endfacet
  facet normal 0.41865973197593587 0 0.9081431763889644
    outer loop
      vertex 29.815962001681328 0 10.42015890777111
      vertex 29.815962001681328 3 10.42015890777111
      vertex 29.530733726918697 3 10.551650941371918
    endloop
  endfacet
  facet normal 0.48862123403294383 0 0.8724960112528442
    outer loop
      vertex 30.08999425917864 0 10.266693472862244
      vertex 30.08999425917864 3 10.266693472862244
      vertex 29.815962001681328 3 10.42015890777111
    endloop
  endfacet
  facet normal 0.6788007546295063 0 0.7343225010269077
    outer loop
      vertex 30.828427121043205 0 9.684559933841228
      vertex 30.828427121043205 3 9.684559933841228
      vertex 30.59779219329357 3 9.897756673395634
    endloop
  endfacet
  facet normal 0.7343225010269077 0 0.6788007546295063
    outer loop
      vertex 31.04162386059761 0 9.453925006091595
      vertex 31.04162386059761 3 9.453925006091595
      vertex 30.828427121043205 3 9.684559933841228
    endloop
  endfacet
  facet normal 0.5555702376690261 0 0.8314696091958995
    outer loop
      vertex 30.35114100575447 0 10.092200793325901
      vertex 30.35114100575447 3 10.092200793325901
      vertex 30.08999425917864 3 10.266693472862244
    endloop
  endfacet
  facet normal 0.6190939535502419 0 0.7853169275378769
    outer loop
      vertex 30.59779219329357 0 9.897756673395634
      vertex 30.59779219329357 3 9.897756673395634
      vertex 30.35114100575447 3 10.092200793325901
    endloop
  endfacet
  facet normal 0.7853169275378769 0 0.6190939535502419
    outer loop
      vertex 31.236067980527878 0 9.207273818552494
      vertex 31.236067980527878 3 9.207273818552494
      vertex 31.04162386059761 3 9.453925006091595
    endloop
  endfacet
  facet normal 0.8314696091958995 0 0.5555702376690261
    outer loop
      vertex 31.41056066006422 0 8.946127071976662
      vertex 31.41056066006422 3 8.946127071976662
      vertex 31.236067980527878 3 9.207273818552494
    endloop
  endfacet
  facet normal -1 0 0
    outer loop
      vertex 17 -11.748339146268021 11.811843945728338
      vertex 17 -10.1945651916472 13.899999999999972
      vertex 17 -10.9 11.24500185048135
    endloop
  endfacet
  facet normal -1 0 0
    outer loop
      vertex 17 -10.9 11.24500185048135
      vertex 17 -9.6 13.49666790032089
      vertex 17 -9.9849307724477 10.793739646411934
    endloop
  endfacet
  facet normal -1 0 0
    outer loop
      vertex 17 -9.9849307724477 10.793739646411934
      vertex 17 -9.6 13.49666790032089
      vertex 17 -8.989953848298466 13.195826430941281
    endloop
  endfacet
  facet normal -1 0 0
    outer loop
      vertex 17 -13.188156054271634 13.25166085373195
      vertex 17 -13.621362421934762 13.899999999999972
      vertex 17 -10.1945651916472 13.899999999999972
    endloop
  endfacet
  facet normal -1 0 0
    outer loop
      vertex 17 -13.188156054271634 13.25166085373195
      vertex 17 -10.1945651916472 13.899999999999972
      vertex 17 -12.51543289325507 12.484567106744901
    endloop
  endfacet
  facet normal -1 0 0
    outer loop
      vertex 17 -13.62136242193476 22.099999999999973
      vertex 17 -13.188156054271634 22.748339146267995
      vertex 17 -12.51543289325507 23.515432893255042
    endloop
  endfacet
  facet normal -1 0 0
    outer loop
      vertex 17 -13.62136242193476 22.099999999999973
      vertex 17 -12.51543289325507 23.515432893255042
      vertex 17 -11.748339146268021 24.188156054271605
    endloop
  endfacet
  facet normal -1 0 0
    outer loop
      vertex 17 -13.62136242193476 22.099999999999973
      vertex 17 -11.748339146268021 24.188156054271605
      vertex 17 -10.9 24.754998149518592
    endloop
  endfacet
  facet normal -1 0 0
    outer loop
      vertex 17 -13.62136242193476 22.099999999999973
      vertex 17 -10.9 24.754998149518592
      vertex 17 -10.194565191647198 22.099999999999973
    endloop
  endfacet
  facet normal -1 0 0
    outer loop
      vertex 17 -11.748339146268021 11.811843945728338
      vertex 17 -12.51543289325507 12.484567106744901
      vertex 17 -10.1945651916472 13.899999999999972
    endloop
  endfacet
  facet normal -1 0 0
    outer loop
      vertex 17 -10.9 11.24500185048135
      vertex 17 -10.1945651916472 13.899999999999972
      vertex 17 -10.165559430845347 13.87456263048555
    endloop
  endfacet
  facet normal -1 0 0
    outer loop
      vertex 17 -10.9 11.24500185048135
      vertex 17 -10.165559430845347 13.87456263048555
      vertex 17 -9.6 13.49666790032089
    endloop
  endfacet
  facet normal -1 0 0
    outer loop
      vertex 17 -10.194565191647198 22.099999999999973
      vertex 17 -9.9849307724477 25.206260353588007
      vertex 17 -10.165559430845347 22.125437369514394
    endloop
  endfacet
  facet normal -1 0 0
    outer loop
      vertex 17 -10.165559430845347 22.125437369514394
      vertex 17 -9.9849307724477 25.206260353588007
      vertex 17 -9.6 22.503332099679053
    endloop
  endfacet
  facet normal -1 0 0
    outer loop
      vertex 17 -10.194565191647198 22.099999999999973
      vertex 17 -10.9 24.754998149518592
      vertex 17 -9.9849307724477 25.206260353588007
    endloop
  endfacet
  facet normal -1 0 0
    outer loop
      vertex 17 -9.9849307724477 25.206260353588007
      vertex 17 -9.018788551799663 25.534221445054705
      vertex 17 -9.6 22.503332099679053
    endloop
  endfacet
  facet normal -1 0 0
    outer loop
      vertex 17 -9.9849307724477 10.793739646411934
      vertex 17 -8.989953848298466 13.195826430941281
      vertex 17 -9.018788551799663 10.465778554945238
    endloop
  endfacet
  facet normal -1 0 0
    outer loop
      vertex 17 -9.018788551799663 10.465778554945238
      vertex 17 -8.989953848298466 13.195826430941281
      vertex 17 -8.345859034533108 12.977185703296815
    endloop
  endfacet
  facet normal -1 0 0
    outer loop
      vertex 17 -9.018788551799663 10.465778554945238
      vertex 17 -7.678736199544268 12.844486720856157
      vertex 17 -8.018104299316402 10.26673008128425
    endloop
  endfacet
  facet normal -1 0 0
    outer loop
      vertex 17 -9.018788551799663 10.465778554945238
      vertex 17 -8.345859034533108 12.977185703296815
      vertex 17 -7.678736199544268 12.844486720856157
    endloop
  endfacet
  facet normal -1 0 0
    outer loop
      vertex 17 -8.018104299316402 10.26673008128425
      vertex 17 -7.678736199544268 12.844486720856157
      vertex 17 -7 10.19999999999997
    endloop
  endfacet
  facet normal -1 0 0
    outer loop
      vertex 17 -7 10.19999999999997
      vertex 17 -7.678736199544268 12.844486720856157
      vertex 17 -7 12.799999999999972
    endloop
  endfacet
  facet normal -1 0 0
    outer loop
      vertex 17 -7 10.19999999999997
      vertex 17 -7 12.799999999999972
      vertex 17 -6.321263800455732 12.844486720856157
    endloop
  endfacet
  facet normal -1 0 0
    outer loop
      vertex 17 -7 10.19999999999997
      vertex 17 -6.321263800455732 12.844486720856157
      vertex 17 -5.981895700683598 10.26673008128425
    endloop
  endfacet
  facet normal -1 0 0
    outer loop
      vertex 17 -6.321263800455732 12.844486720856157
      vertex 17 -5.654140965466892 12.977185703296815
      vertex 17 -5.981895700683598 10.26673008128425
    endloop
  endfacet
  facet normal -1 0 0
    outer loop
      vertex 17 -5.981895700683598 10.26673008128425
      vertex 17 -5.654140965466892 12.977185703296815
      vertex 17 -4.981211448200338 10.465778554945238
    endloop
  endfacet
  facet normal -1 0 0
    outer loop
      vertex 17 -4.981211448200338 10.465778554945238
      vertex 17 -5.654140965466892 12.977185703296815
      vertex 17 -5.589627912575496 12.999084933853078
    endloop
  endfacet
  facet normal -1 0 0
    outer loop
      vertex 17 -9.6 22.503332099679053
      vertex 17 -9.018788551799663 25.534221445054705
      vertex 17 -8.989953848298466 22.804173569058662
    endloop
  endfacet
  facet normal -1 0 0
    outer loop
      vertex 17 -8.989953848298466 22.804173569058662
      vertex 17 -9.018788551799663 25.534221445054705
      vertex 17 -8.345859034533108 23.022814296703128
    endloop
  endfacet
  facet normal -1 0 0
    outer loop
      vertex 17 -8.345859034533108 23.022814296703128
      vertex 17 -9.018788551799663 25.534221445054705
      vertex 17 -8.018104299316402 25.733269918715692
    endloop
  endfacet
  facet normal -1 0 0
    outer loop
      vertex 17 -8.345859034533108 23.022814296703128
      vertex 17 -8.018104299316402 25.733269918715692
      vertex 17 -7.678736199544268 23.155513279143786
    endloop
  endfacet
  facet normal -1 0 0
    outer loop
      vertex 17 -7.678736199544268 23.155513279143786
      vertex 17 -8.018104299316402 25.733269918715692
      vertex 17 -7 25.799999999999972
    endloop
  endfacet
  facet normal -1 0 0
    outer loop
      vertex 17 -7.678736199544268 23.155513279143786
      vertex 17 -7 25.799999999999972
      vertex 17 -7 23.19999999999997
    endloop
  endfacet
  facet normal -1 0 0
    outer loop
      vertex 17 -7 23.19999999999997
      vertex 17 -7 25.799999999999972
      vertex 17 -6.321263800455732 23.155513279143786
    endloop
  endfacet
  facet normal -1 0 0
    outer loop
      vertex 17 -6.321263800455732 23.155513279143786
      vertex 17 -7 25.799999999999972
      vertex 17 -5.981895700683598 25.733269918715692
    endloop
  endfacet
  facet normal -1 0 0
    outer loop
      vertex 17 -6.321263800455732 23.155513279143786
      vertex 17 -4.981211448200338 25.534221445054705
      vertex 17 -5.654140965466892 23.022814296703128
    endloop
  endfacet
  facet normal -1 0 0
    outer loop
      vertex 17 -6.321263800455732 23.155513279143786
      vertex 17 -5.981895700683598 25.733269918715692
      vertex 17 -4.981211448200338 25.534221445054705
    endloop
  endfacet
  facet normal 0 -0.659345815100069 -0.7518398074789774
    outer loop
      vertex 17 -11.748339146268021 11.811843945728338
      vertex 33 -11.748339146268021 11.811843945728338
      vertex 17 -12.51543289325507 12.484567106744901
    endloop
  endfacet
  facet normal 0 -0.555570233019603 -0.8314696123025447
    outer loop
      vertex 17 -11.748339146268021 11.811843945728338
      vertex 17 -10.9 11.24500185048135
      vertex 33 -10.9 11.24500185048135
    endloop
  endfacet
  facet normal 0 -0.4422886902190015 -0.8968727415326883
    outer loop
      vertex 17 -10.9 11.24500185048135
      vertex 17 -9.9849307724477 10.793739646411934
      vertex 33 -9.9849307724477 10.793739646411934
    endloop
  endfacet
  facet normal 0 -0.659345815100069 -0.7518398074789774
    outer loop
      vertex 17 -12.51543289325507 12.484567106744901
      vertex 33 -11.748339146268021 11.811843945728338
      vertex 33 -12.51543289325507 12.484567106744901
    endloop
  endfacet
  facet normal 1 0 0
    outer loop
      vertex 33 -11.748339146268021 11.811843945728338
      vertex 33 -10.9 11.24500185048135
      vertex 33 -13.621362421934762 13.899999999999972
    endloop
  endfacet
  facet normal 0 -0.555570233019603 -0.8314696123025447
    outer loop
      vertex 17 -11.748339146268021 11.811843945728338
      vertex 33 -10.9 11.24500185048135
      vertex 33 -11.748339146268021 11.811843945728338
    endloop
  endfacet
  facet normal 0 -0.4422886902190015 -0.8968727415326883
    outer loop
      vertex 17 -10.9 11.24500185048135
      vertex 33 -9.9849307724477 10.793739646411934
      vertex 33 -10.9 11.24500185048135
    endloop
  endfacet
  facet normal 0 -0.3214394653031614 -0.9469301294951057
    outer loop
      vertex 17 -9.9849307724477 10.793739646411934
      vertex 33 -9.018788551799663 10.465778554945238
      vertex 33 -9.9849307724477 10.793739646411934
    endloop
  endfacet
  facet normal 1 0 0
    outer loop
      vertex 33 -10.9 11.24500185048135
      vertex 33 -9.9849307724477 10.793739646411934
      vertex 33 -10.1945651916472 13.899999999999972
    endloop
  endfacet
  facet normal 1 0 0
    outer loop
      vertex 33 -9.9849307724477 10.793739646411934
      vertex 33 -9.018788551799663 10.465778554945238
      vertex 33 -9.6 13.49666790032089
    endloop
  endfacet
  facet normal 0 -0.8314696123025448 -0.555570233019603
    outer loop
      vertex 17 -13.188156054271634 13.25166085373195
      vertex 33 -13.188156054271634 13.25166085373195
      vertex 17 -13.621362421934762 13.899999999999972
    endloop
  endfacet
  facet normal 0 -0.7518398074789774 -0.659345815100069
    outer loop
      vertex 17 -13.188156054271634 13.25166085373195
      vertex 17 -12.51543289325507 12.484567106744901
      vertex 33 -13.188156054271634 13.25166085373195
    endloop
  endfacet
  facet normal 0 -0.8314696123025459 0.5555702330196013
    outer loop
      vertex 17 -13.62136242193476 22.099999999999973
      vertex 33 -13.62136242193476 22.099999999999973
      vertex 17 -13.188156054271634 22.748339146267995
    endloop
  endfacet
  facet normal 0 -0.7518398074789767 0.6593458151000698
    outer loop
      vertex 17 -13.188156054271634 22.748339146267995
      vertex 33 -12.51543289325507 23.515432893255042
      vertex 17 -12.51543289325507 23.515432893255042
    endloop
  endfacet
  facet normal 0 0 -1
    outer loop
      vertex 17 -13.62136242193476 22.099999999999973
      vertex 17 -10.194565191647198 22.099999999999973
      vertex 33 -13.62136242193476 22.099999999999973
    endloop
  endfacet
  facet normal 0 -0.659345815100069 0.7518398074789774
    outer loop
      vertex 17 -12.51543289325507 23.515432893255042
      vertex 33 -12.51543289325507 23.515432893255042
      vertex 17 -11.748339146268021 24.188156054271605
    endloop
  endfacet
  facet normal 0 0 1
    outer loop
      vertex 17 -13.621362421934762 13.899999999999972
      vertex 33 -10.1945651916472 13.899999999999972
      vertex 17 -10.1945651916472 13.899999999999972
    endloop
  endfacet
  facet normal 0 0.6593458151000624 0.751839807478983
    outer loop
      vertex 17 -10.165559430845347 13.87456263048555
      vertex 17 -10.1945651916472 13.899999999999972
      vertex 33 -10.1945651916472 13.899999999999972
    endloop
  endfacet
  facet normal 0 0.555570233019603 0.8314696123025447
    outer loop
      vertex 17 -10.165559430845347 13.87456263048555
      vertex 33 -10.165559430845347 13.87456263048555
      vertex 17 -9.6 13.49666790032089
    endloop
  endfacet
  facet normal 0 -0.5555702330196018 0.8314696123025456
    outer loop
      vertex 17 -11.748339146268021 24.188156054271605
      vertex 33 -11.748339146268021 24.188156054271605
      vertex 17 -10.9 24.754998149518592
    endloop
  endfacet
  facet normal 0 -0.4422886902190015 0.8968727415326883
    outer loop
      vertex 17 -10.9 24.754998149518592
      vertex 33 -10.9 24.754998149518592
      vertex 17 -9.9849307724477 25.206260353588007
    endloop
  endfacet
  facet normal 0 0.6593458151000593 -0.7518398074789859
    outer loop
      vertex 17 -10.194565191647198 22.099999999999973
      vertex 17 -10.165559430845347 22.125437369514394
      vertex 33 -10.165559430845347 22.125437369514394
    endloop
  endfacet
  facet normal 0 0.555570233019603 -0.8314696123025447
    outer loop
      vertex 17 -10.165559430845347 22.125437369514394
      vertex 17 -9.6 22.503332099679053
      vertex 33 -9.6 22.503332099679053
    endloop
  endfacet
  facet normal 0 -0.32143946530316303 0.9469301294951052
    outer loop
      vertex 17 -9.9849307724477 25.206260353588007
      vertex 33 -9.9849307724477 25.206260353588007
      vertex 17 -9.018788551799663 25.534221445054705
    endloop
  endfacet
  facet normal 0 -0.8314696123025448 -0.555570233019603
    outer loop
      vertex 17 -13.621362421934762 13.899999999999972
      vertex 33 -13.188156054271634 13.25166085373195
      vertex 33 -13.621362421934762 13.899999999999972
    endloop
  endfacet
  facet normal 0 -0.7518398074789774 -0.659345815100069
    outer loop
      vertex 17 -12.51543289325507 12.484567106744901
      vertex 33 -12.51543289325507 12.484567106744901
      vertex 33 -13.188156054271634 13.25166085373195
    endloop
  endfacet
  facet normal 0 0 1
    outer loop
      vertex 17 -13.621362421934762 13.899999999999972
      vertex 33 -13.621362421934762 13.899999999999972
      vertex 33 -10.1945651916472 13.899999999999972
    endloop
  endfacet
  facet normal 1 0 0
    outer loop
      vertex 33 -13.188156054271634 13.25166085373195
      vertex 33 -12.51543289325507 12.484567106744901
      vertex 33 -13.621362421934762 13.899999999999972
    endloop
  endfacet
  facet normal 1 0 0
    outer loop
      vertex 33 -11.748339146268021 11.811843945728338
      vertex 33 -13.621362421934762 13.899999999999972
      vertex 33 -12.51543289325507 12.484567106744901
    endloop
  endfacet
  facet normal 1 0 0
    outer loop
      vertex 33 -10.9 11.24500185048135
      vertex 33 -10.1945651916472 13.899999999999972
      vertex 33 -13.621362421934762 13.899999999999972
    endloop
  endfacet
  facet normal 0 -0.8314696123025459 0.5555702330196013
    outer loop
      vertex 17 -13.188156054271634 22.748339146267995
      vertex 33 -13.62136242193476 22.099999999999973
      vertex 33 -13.188156054271634 22.748339146267995
    endloop
  endfacet
  facet normal 0 -0.7518398074789767 0.6593458151000698
    outer loop
      vertex 17 -13.188156054271634 22.748339146267995
      vertex 33 -13.188156054271634 22.748339146267995
      vertex 33 -12.51543289325507 23.515432893255042
    endloop
  endfacet
  facet normal 0 -0.659345815100069 0.7518398074789774
    outer loop
      vertex 17 -11.748339146268021 24.188156054271605
      vertex 33 -12.51543289325507 23.515432893255042
      vertex 33 -11.748339146268021 24.188156054271605
    endloop
  endfacet
  facet normal 1 0 0
    outer loop
      vertex 33 -13.62136242193476 22.099999999999973
      vertex 33 -10.194565191647198 22.099999999999973
      vertex 33 -13.188156054271634 22.748339146267995
    endloop
  endfacet
  facet normal 1 0 0
    outer loop
      vertex 33 -13.188156054271634 22.748339146267995
      vertex 33 -10.194565191647198 22.099999999999973
      vertex 33 -12.51543289325507 23.515432893255042
    endloop
  endfacet
  facet normal 0 0.6593458151000624 0.751839807478983
    outer loop
      vertex 17 -10.165559430845347 13.87456263048555
      vertex 33 -10.1945651916472 13.899999999999972
      vertex 33 -10.165559430845347 13.87456263048555
    endloop
  endfacet
  facet normal 0 0.555570233019603 0.8314696123025447
    outer loop
      vertex 17 -9.6 13.49666790032089
      vertex 33 -10.165559430845347 13.87456263048555
      vertex 33 -9.6 13.49666790032089
    endloop
  endfacet
  facet normal 1 0 0
    outer loop
      vertex 33 -9.9849307724477 10.793739646411934
      vertex 33 -10.165559430845347 13.87456263048555
      vertex 33 -10.1945651916472 13.899999999999972
    endloop
  endfacet
  facet normal 1 0 0
    outer loop
      vertex 33 -9.9849307724477 10.793739646411934
      vertex 33 -9.6 13.49666790032089
      vertex 33 -10.165559430845347 13.87456263048555
    endloop
  endfacet
  facet normal 0 0 -1
    outer loop
      vertex 17 -10.194565191647198 22.099999999999973
      vertex 33 -10.194565191647198 22.099999999999973
      vertex 33 -13.62136242193476 22.099999999999973
    endloop
  endfacet
  facet normal 0 -0.5555702330196018 0.8314696123025456
    outer loop
      vertex 17 -10.9 24.754998149518592
      vertex 33 -11.748339146268021 24.188156054271605
      vertex 33 -10.9 24.754998149518592
    endloop
  endfacet
  facet normal 0 0.6593458151000593 -0.7518398074789859
    outer loop
      vertex 17 -10.194565191647198 22.099999999999973
      vertex 33 -10.165559430845347 22.125437369514394
      vertex 33 -10.194565191647198 22.099999999999973
    endloop
  endfacet
  facet normal 0 0.555570233019603 -0.8314696123025447
    outer loop
      vertex 17 -10.165559430845347 22.125437369514394
      vertex 33 -9.6 22.503332099679053
      vertex 33 -10.165559430845347 22.125437369514394
    endloop
  endfacet
  facet normal 0 -0.4422886902190015 0.8968727415326883
    outer loop
      vertex 17 -9.9849307724477 25.206260353588007
      vertex 33 -10.9 24.754998149518592
      vertex 33 -9.9849307724477 25.206260353588007
    endloop
  endfacet
  facet normal 1 0 0
    outer loop
      vertex 33 -12.51543289325507 23.515432893255042
      vertex 33 -10.194565191647198 22.099999999999973
      vertex 33 -11.748339146268021 24.188156054271605
    endloop
  endfacet
  facet normal 1 0 0
    outer loop
      vertex 33 -10.194565191647198 22.099999999999973
      vertex 33 -10.9 24.754998149518592
      vertex 33 -11.748339146268021 24.188156054271605
    endloop
  endfacet
  facet normal 1 0 0
    outer loop
      vertex 33 -10.194565191647198 22.099999999999973
      vertex 33 -10.165559430845347 22.125437369514394
      vertex 33 -10.9 24.754998149518592
    endloop
  endfacet
  facet normal 1 0 0
    outer loop
      vertex 33 -10.165559430845347 22.125437369514394
      vertex 33 -9.6 22.503332099679053
      vertex 33 -10.9 24.754998149518592
    endloop
  endfacet
  facet normal 1 0 0
    outer loop
      vertex 33 -9.9849307724477 25.206260353588007
      vertex 33 -9.6 22.503332099679053
      vertex 33 -8.989953848298466 22.804173569058662
    endloop
  endfacet
  facet normal 1 0 0
    outer loop
      vertex 33 -10.9 24.754998149518592
      vertex 33 -9.6 22.503332099679053
      vertex 33 -9.9849307724477 25.206260353588007
    endloop
  endfacet
  facet normal 0 -0.3214394653031614 -0.9469301294951057
    outer loop
      vertex 17 -9.9849307724477 10.793739646411934
      vertex 17 -9.018788551799663 10.465778554945238
      vertex 33 -9.018788551799663 10.465778554945238
    endloop
  endfacet
  facet normal 0 -0.19509032201612844 -0.9807852804032304
    outer loop
      vertex 17 -9.018788551799663 10.465778554945238
      vertex 17 -8.018104299316402 10.26673008128425
      vertex 33 -8.018104299316402 10.26673008128425
    endloop
  endfacet
  facet normal 0 -0.0654031292301429 -0.9978589232386035
    outer loop
      vertex 17 -8.018104299316402 10.26673008128425
      vertex 17 -7 10.19999999999997
      vertex 33 -7 10.19999999999997
    endloop
  endfacet
  facet normal 0 0.0654031292301429 -0.9978589232386035
    outer loop
      vertex 17 -7 10.19999999999997
      vertex 17 -5.981895700683598 10.26673008128425
      vertex 33 -5.981895700683598 10.26673008128425
    endloop
  endfacet
  facet normal 0 0.1950903220161286 -0.9807852804032304
    outer loop
      vertex 17 -5.981895700683598 10.26673008128425
      vertex 17 -4.981211448200338 10.465778554945238
      vertex 33 -4.981211448200338 10.465778554945238
    endloop
  endfacet
  facet normal 0 -0.19509032201612844 -0.9807852804032304
    outer loop
      vertex 17 -9.018788551799663 10.465778554945238
      vertex 33 -8.018104299316402 10.26673008128425
      vertex 33 -9.018788551799663 10.465778554945238
    endloop
  endfacet
  facet normal 0 -0.0654031292301429 -0.9978589232386035
    outer loop
      vertex 17 -8.018104299316402 10.26673008128425
      vertex 33 -7 10.19999999999997
      vertex 33 -8.018104299316402 10.26673008128425
    endloop
  endfacet
  facet normal 1 0 0
    outer loop
      vertex 33 -9.018788551799663 10.465778554945238
      vertex 33 -8.989953848298466 13.195826430941281
      vertex 33 -9.6 13.49666790032089
    endloop
  endfacet
  facet normal 1 0 0
    outer loop
      vertex 33 -9.018788551799663 10.465778554945238
      vertex 33 -8.345859034533108 12.977185703296815
      vertex 33 -8.989953848298466 13.195826430941281
    endloop
  endfacet
  facet normal 1 0 0
    outer loop
      vertex 33 -9.018788551799663 10.465778554945238
      vertex 33 -8.018104299316402 10.26673008128425
      vertex 33 -8.345859034533108 12.977185703296815
    endloop
  endfacet
  facet normal 1 0 0
    outer loop
      vertex 33 -8.018104299316402 10.26673008128425
      vertex 33 -7.678736199544268 12.844486720856157
      vertex 33 -8.345859034533108 12.977185703296815
    endloop
  endfacet
  facet normal 1 0 0
    outer loop
      vertex 33 -8.018104299316402 10.26673008128425
      vertex 33 -7 10.19999999999997
      vertex 33 -7.678736199544268 12.844486720856157
    endloop
  endfacet
  facet normal 0 0.0654031292301429 -0.9978589232386035
    outer loop
      vertex 17 -7 10.19999999999997
      vertex 33 -5.981895700683598 10.26673008128425
      vertex 33 -7 10.19999999999997
    endloop
  endfacet
  facet normal 0 0.1950903220161286 -0.9807852804032304
    outer loop
      vertex 17 -5.981895700683598 10.26673008128425
      vertex 33 -4.981211448200338 10.465778554945238
      vertex 33 -5.981895700683598 10.26673008128425
    endloop
  endfacet
  facet normal 0 0.19509032201612928 -0.9807852804032302
    outer loop
      vertex 17 -5.8 10.302911385723405
      vertex 33 -4.981211448200338 10.465778554945238
      vertex 33 -5.8 10.302911385723405
    endloop
  endfacet
  facet normal 1 0 0
    outer loop
      vertex 33 -7 10.19999999999997
      vertex 33 -7 12.799999999999972
      vertex 33 -7.678736199544268 12.844486720856157
    endloop
  endfacet
  facet normal 1 0 0
    outer loop
      vertex 33 -7 10.19999999999997
      vertex 33 -6.321263800455732 12.844486720856157
      vertex 33 -7 12.799999999999972
    endloop
  endfacet
  facet normal 1 0 0
    outer loop
      vertex 33 -7 10.19999999999997
      vertex 33 -5.981895700683598 10.26673008128425
      vertex 33 -6.321263800455732 12.844486720856157
    endloop
  endfacet
  facet normal 1 0 0
    outer loop
      vertex 33 -6.321263800455732 12.844486720856157
      vertex 33 -5.981895700683598 10.26673008128425
      vertex 33 -4.981211448200338 10.465778554945238
    endloop
  endfacet
  facet normal 1 0 0
    outer loop
      vertex 33 -6.321263800455732 12.844486720856157
      vertex 33 -4.981211448200338 10.465778554945238
      vertex 33 -5.654140965466892 12.977185703296815
    endloop
  endfacet
  facet normal 1 0 0
    outer loop
      vertex 33 -4.981211448200338 10.465778554945238
      vertex 33 -5.589627912575491 12.99908493385308
      vertex 33 -5.654140965466892 12.977185703296815
    endloop
  endfacet
  facet normal 0 0.44228869021899975 0.896872741532689
    outer loop
      vertex 17 -8.989953848298466 13.195826430941281
      vertex 17 -9.6 13.49666790032089
      vertex 33 -9.6 13.49666790032089
    endloop
  endfacet
  facet normal 0 0.3214394653031648 0.9469301294951046
    outer loop
      vertex 17 -8.989953848298466 13.195826430941281
      vertex 33 -8.989953848298466 13.195826430941281
      vertex 17 -8.345859034533108 12.977185703296815
    endloop
  endfacet
  facet normal 0 0.19509032201612692 0.9807852804032307
    outer loop
      vertex 17 -8.345859034533108 12.977185703296815
      vertex 33 -8.345859034533108 12.977185703296815
      vertex 17 -7.678736199544268 12.844486720856157
    endloop
  endfacet
  facet normal 0 0.06540312923014117 0.9978589232386037
    outer loop
      vertex 17 -7.678736199544268 12.844486720856157
      vertex 33 -7.678736199544268 12.844486720856157
      vertex 17 -7 12.799999999999972
    endloop
  endfacet
  facet normal 0 0.44228869021899975 -0.896872741532689
    outer loop
      vertex 17 -9.6 22.503332099679053
      vertex 17 -8.989953848298466 22.804173569058662
      vertex 33 -8.989953848298466 22.804173569058662
    endloop
  endfacet
  facet normal 0 0.3214394653031648 -0.9469301294951046
    outer loop
      vertex 17 -8.989953848298466 22.804173569058662
      vertex 17 -8.345859034533108 23.022814296703128
      vertex 33 -8.345859034533108 23.022814296703128
    endloop
  endfacet
  facet normal 0 -0.19509032201612675 0.9807852804032307
    outer loop
      vertex 17 -9.018788551799663 25.534221445054705
      vertex 33 -9.018788551799663 25.534221445054705
      vertex 17 -8.018104299316402 25.733269918715692
    endloop
  endfacet
  facet normal 0 0.19509032201612692 -0.9807852804032307
    outer loop
      vertex 17 -8.345859034533108 23.022814296703128
      vertex 17 -7.678736199544268 23.155513279143786
      vertex 33 -7.678736199544268 23.155513279143786
    endloop
  endfacet
  facet normal 0 -0.06540312923014464 0.9978589232386035
    outer loop
      vertex 17 -8.018104299316402 25.733269918715692
      vertex 33 -8.018104299316402 25.733269918715692
      vertex 17 -7 25.799999999999972
    endloop
  endfacet
  facet normal 0 -0.06540312923014117 0.9978589232386037
    outer loop
      vertex 17 -7 12.799999999999972
      vertex 33 -7 12.799999999999972
      vertex 17 -6.321263800455732 12.844486720856157
    endloop
  endfacet
  facet normal 0 -0.19509032201612692 0.9807852804032307
    outer loop
      vertex 17 -6.321263800455732 12.844486720856157
      vertex 33 -6.321263800455732 12.844486720856157
      vertex 17 -5.654140965466892 12.977185703296815
    endloop
  endfacet
  facet normal 0 -0.1950903220161209 0.980785280403232
    outer loop
      vertex 17 -5.765427390272944 12.955049457081426
      vertex 33 -5.765427390272944 12.955049457081426
      vertex 17 -5.654140965466892 12.977185703296815
    endloop
  endfacet
  facet normal 0 -0.3214394653031711 0.9469301294951025
    outer loop
      vertex 17 -5.654140965466892 12.977185703296815
      vertex 33 -5.654140965466892 12.977185703296815
      vertex 17 -5.589627912575496 12.999084933853078
    endloop
  endfacet
  facet normal 0 -0.3214394653031711 0.9469301294951025
    outer loop
      vertex 17 -5.654140965466892 12.977185703296815
      vertex 33 -5.654140965466892 12.977185703296815
      vertex 17 -5.589627912575496 12.999084933853078
    endloop
  endfacet
  facet normal 3.3124940350423965e-17 -0.3214394653031637 0.946930129495105
    outer loop
      vertex 17 -5.589627912575496 12.999084933853078
      vertex 33 -5.654140965466892 12.977185703296815
      vertex 17 -5.010046151701533 13.195826430941281
    endloop
  endfacet
  facet normal 0 0.06540312923014117 -0.9978589232386037
    outer loop
      vertex 17 -7.678736199544268 23.155513279143786
      vertex 17 -7 23.19999999999997
      vertex 33 -7 23.19999999999997
    endloop
  endfacet
  facet normal 0 -0.06540312923014117 -0.9978589232386037
    outer loop
      vertex 17 -7 23.19999999999997
      vertex 17 -6.321263800455732 23.155513279143786
      vertex 33 -6.321263800455732 23.155513279143786
    endloop
  endfacet
  facet normal 0 0.06540312923014464 0.9978589232386035
    outer loop
      vertex 17 -7 25.799999999999972
      vertex 33 -7 25.799999999999972
      vertex 17 -5.981895700683598 25.733269918715692
    endloop
  endfacet
  facet normal 0 -0.19509032201612692 -0.9807852804032307
    outer loop
      vertex 17 -6.321263800455732 23.155513279143786
      vertex 17 -5.654140965466892 23.022814296703128
      vertex 33 -5.654140965466892 23.022814296703128
    endloop
  endfacet
  facet normal 0 0.19509032201612692 0.9807852804032307
    outer loop
      vertex 17 -5.981895700683598 25.733269918715692
      vertex 33 -5.981895700683598 25.733269918715692
      vertex 17 -4.981211448200338 25.534221445054705
    endloop
  endfacet
  facet normal 0 0.44228869021899975 0.896872741532689
    outer loop
      vertex 17 -8.989953848298466 13.195826430941281
      vertex 33 -9.6 13.49666790032089
      vertex 33 -8.989953848298466 13.195826430941281
    endloop
  endfacet
  facet normal 0 0.3214394653031648 0.9469301294951046
    outer loop
      vertex 17 -8.345859034533108 12.977185703296815
      vertex 33 -8.989953848298466 13.195826430941281
      vertex 33 -8.345859034533108 12.977185703296815
    endloop
  endfacet
  facet normal 0 0.19509032201612692 0.9807852804032307
    outer loop
      vertex 17 -7.678736199544268 12.844486720856157
      vertex 33 -8.345859034533108 12.977185703296815
      vertex 33 -7.678736199544268 12.844486720856157
    endloop
  endfacet
  facet normal 0 0.44228869021899975 -0.896872741532689
    outer loop
      vertex 17 -9.6 22.503332099679053
      vertex 33 -8.989953848298466 22.804173569058662
      vertex 33 -9.6 22.503332099679053
    endloop
  endfacet
  facet normal 0 0.3214394653031648 -0.9469301294951046
    outer loop
      vertex 17 -8.989953848298466 22.804173569058662
      vertex 33 -8.345859034533108 23.022814296703128
      vertex 33 -8.989953848298466 22.804173569058662
    endloop
  endfacet
  facet normal 0 -0.32143946530316303 0.9469301294951052
    outer loop
      vertex 17 -9.018788551799663 25.534221445054705
      vertex 33 -9.9849307724477 25.206260353588007
      vertex 33 -9.018788551799663 25.534221445054705
    endloop
  endfacet
  facet normal 0 0.19509032201612692 -0.9807852804032307
    outer loop
      vertex 17 -8.345859034533108 23.022814296703128
      vertex 33 -7.678736199544268 23.155513279143786
      vertex 33 -8.345859034533108 23.022814296703128
    endloop
  endfacet
  facet normal 0 0.06540312923014117 -0.9978589232386037
    outer loop
      vertex 17 -7.678736199544268 23.155513279143786
      vertex 33 -7 23.19999999999997
      vertex 33 -7.678736199544268 23.155513279143786
    endloop
  endfacet
  facet normal 0 -0.19509032201612675 0.9807852804032307
    outer loop
      vertex 17 -8.018104299316402 25.733269918715692
      vertex 33 -9.018788551799663 25.534221445054705
      vertex 33 -8.018104299316402 25.733269918715692
    endloop
  endfacet
  facet normal 1 0 0
    outer loop
      vertex 33 -9.9849307724477 25.206260353588007
      vertex 33 -8.989953848298466 22.804173569058662
      vertex 33 -9.018788551799663 25.534221445054705
    endloop
  endfacet
  facet normal 1 0 0
    outer loop
      vertex 33 -8.989953848298466 22.804173569058662
      vertex 33 -8.345859034533108 23.022814296703128
      vertex 33 -9.018788551799663 25.534221445054705
    endloop
  endfacet
  facet normal 1 0 0
    outer loop
      vertex 33 -8.345859034533108 23.022814296703128
      vertex 33 -7.678736199544268 23.155513279143786
      vertex 33 -9.018788551799663 25.534221445054705
    endloop
  endfacet
  facet normal 1 0 0
    outer loop
      vertex 33 -9.018788551799663 25.534221445054705
      vertex 33 -7.678736199544268 23.155513279143786
      vertex 33 -8.018104299316402 25.733269918715692
    endloop
  endfacet
  facet normal 1 0 0
    outer loop
      vertex 33 -7.678736199544268 23.155513279143786
      vertex 33 -7 25.799999999999972
      vertex 33 -8.018104299316402 25.733269918715692
    endloop
  endfacet
  facet normal 0 0.06540312923014117 0.9978589232386037
    outer loop
      vertex 17 -7 12.799999999999972
      vertex 33 -7.678736199544268 12.844486720856157
      vertex 33 -7 12.799999999999972
    endloop
  endfacet
  facet normal 0 -0.06540312923014117 0.9978589232386037
    outer loop
      vertex 17 -6.321263800455732 12.844486720856157
      vertex 33 -7 12.799999999999972
      vertex 33 -6.321263800455732 12.844486720856157
    endloop
  endfacet
  facet normal 0 -0.19509032201612692 0.9807852804032307
    outer loop
      vertex 17 -5.654140965466892 12.977185703296815
      vertex 33 -6.321263800455732 12.844486720856157
      vertex 33 -5.654140965466892 12.977185703296815
    endloop
  endfacet
  facet normal 0 -0.1950903220161209 0.980785280403232
    outer loop
      vertex 17 -5.654140965466892 12.977185703296815
      vertex 33 -5.765427390272944 12.955049457081426
      vertex 33 -5.654140965466892 12.977185703296815
    endloop
  endfacet
  facet normal 1.9304853731593555e-18 -0.32143946530317064 0.9469301294951026
    outer loop
      vertex 17 -5.589627912575496 12.999084933853078
      vertex 33 -5.654140965466892 12.977185703296815
      vertex 33 -5.589627912575491 12.99908493385308
    endloop
  endfacet
  facet normal -2.800872129491553e-16 -0.32143946530317064 0.9469301294951026
    outer loop
      vertex 17 -5.010046151701533 13.195826430941281
      vertex 33 -5.654140965466892 12.977185703296815
      vertex 33 -5.589627912575491 12.99908493385308
    endloop
  endfacet
  facet normal 0 -0.06540312923014117 -0.9978589232386037
    outer loop
      vertex 17 -7 23.19999999999997
      vertex 33 -6.321263800455732 23.155513279143786
      vertex 33 -7 23.19999999999997
    endloop
  endfacet
  facet normal 0 -0.06540312923014464 0.9978589232386035
    outer loop
      vertex 17 -7 25.799999999999972
      vertex 33 -8.018104299316402 25.733269918715692
      vertex 33 -7 25.799999999999972
    endloop
  endfacet
  facet normal 0 -0.19509032201612692 -0.9807852804032307
    outer loop
      vertex 17 -6.321263800455732 23.155513279143786
      vertex 33 -5.654140965466892 23.022814296703128
      vertex 33 -6.321263800455732 23.155513279143786
    endloop
  endfacet
  facet normal 0 -0.3214394653031644 -0.9469301294951047
    outer loop
      vertex 17 -5.654140965466892 23.022814296703128
      vertex 33 -5.010046151701533 22.804173569058662
      vertex 33 -5.654140965466892 23.022814296703128
    endloop
  endfacet
  facet normal 0 0.06540312923014464 0.9978589232386035
    outer loop
      vertex 17 -5.981895700683598 25.733269918715692
      vertex 33 -7 25.799999999999972
      vertex 33 -5.981895700683598 25.733269918715692
    endloop
  endfacet
  facet normal 0 0.19509032201612692 0.9807852804032307
    outer loop
      vertex 17 -4.981211448200338 25.534221445054705
      vertex 33 -5.981895700683598 25.733269918715692
      vertex 33 -4.981211448200338 25.534221445054705
    endloop
  endfacet
  facet normal 1 0 0
    outer loop
      vertex 33 -7.678736199544268 23.155513279143786
      vertex 33 -7 23.19999999999997
      vertex 33 -7 25.799999999999972
    endloop
  endfacet
  facet normal 1 0 0
    outer loop
      vertex 33 -7 23.19999999999997
      vertex 33 -6.321263800455732 23.155513279143786
      vertex 33 -7 25.799999999999972
    endloop
  endfacet
  facet normal 1 0 0
    outer loop
      vertex 33 -6.321263800455732 23.155513279143786
      vertex 33 -5.981895700683598 25.733269918715692
      vertex 33 -7 25.799999999999972
    endloop
  endfacet
  facet normal 1 0 0
    outer loop
      vertex 33 -6.321263800455732 23.155513279143786
      vertex 33 -5.654140965466892 23.022814296703128
      vertex 33 -5.981895700683598 25.733269918715692
    endloop
  endfacet
  facet normal 1 0 0
    outer loop
      vertex 33 -5.654140965466892 23.022814296703128
      vertex 33 -4.981211448200338 25.534221445054705
      vertex 33 -5.981895700683598 25.733269918715692
    endloop
  endfacet
  facet normal -1 0 0
    outer loop
      vertex 17 -4.981211448200338 10.465778554945238
      vertex 17 -5.589627912575496 12.999084933853078
      vertex 17 -5.010046151701533 13.195826430941281
    endloop
  endfacet
  facet normal -1 0 0
    outer loop
      vertex 17 -4.981211448200338 10.465778554945238
      vertex 17 -5.010046151701533 13.195826430941281
      vertex 17 -4.4 13.49666790032089
    endloop
  endfacet
  facet normal -1 0 0
    outer loop
      vertex 17 -4.981211448200338 10.465778554945238
      vertex 17 -4.4 13.49666790032089
      vertex 17 -4.015069227552299 10.793739646411934
    endloop
  endfacet
  facet normal -1 0 0
    outer loop
      vertex 17 -4.015069227552299 10.793739646411934
      vertex 17 -4.4 13.49666790032089
      vertex 17 -4.305655924556778 13.559706596146299
    endloop
  endfacet
  facet normal -1 0 0
    outer loop
      vertex 17 -4.015069227552299 10.793739646411934
      vertex 17 -3.3230447378299526 14.323044737829925
      vertex 17 -3.0999999999999996 11.24500185048135
    endloop
  endfacet
  facet normal -1 0 0
    outer loop
      vertex 17 -4.015069227552299 10.793739646411934
      vertex 17 -4.305655924556778 13.559706596146299
      vertex 17 -3.8344405691546526 13.87456263048555
    endloop
  endfacet
  facet normal 3.0108915670815935e-16 -0.5555702330196121 0.8314696123025387
    outer loop
      vertex 17 -3.9287846445978754 13.81152393466014
      vertex 17.82827851987352 -3.863718114672221 13.855
      vertex 17 -3.8637181146722215 13.855
    endloop
  endfacet
  facet normal -1 0 0
    outer loop
      vertex 17 -4.015069227552299 10.793739646411934
      vertex 17 -3.8344405691546526 13.87456263048555
      vertex 17 -3.3230447378299526 14.323044737829925
    endloop
  endfacet
  facet normal -1 0 0
    outer loop
      vertex 17 -5.010046151701533 22.804173569058662
      vertex 17 -4.015069227552299 25.206260353588007
      vertex 17 -4.4 22.503332099679053
    endloop
  endfacet
  facet normal -1 0 0
    outer loop
      vertex 17 -5.654140965466892 23.022814296703128
      vertex 17 -4.981211448200338 25.534221445054705
      vertex 17 -5.010046151701533 22.804173569058662
    endloop
  endfacet
  facet normal -1 0 0
    outer loop
      vertex 17 -5.010046151701533 22.804173569058662
      vertex 17 -4.981211448200338 25.534221445054705
      vertex 17 -4.015069227552299 25.206260353588007
    endloop
  endfacet
  facet normal -1 0 0
    outer loop
      vertex 17 -4.4 22.503332099679053
      vertex 17 -3.0999999999999996 24.754998149518592
      vertex 17 -3.8344405691546526 22.125437369514394
    endloop
  endfacet
  facet normal -1 0 0
    outer loop
      vertex 17 -3.8344405691546526 22.125437369514394
      vertex 17 -3.0999999999999996 24.754998149518592
      vertex 17 -3.3230447378299526 21.67695526217002
    endloop
  endfacet
  facet normal -1 0 0
    outer loop
      vertex 17 -4.4 22.503332099679053
      vertex 17 -4.015069227552299 25.206260353588007
      vertex 17 -3.0999999999999996 24.754998149518592
    endloop
  endfacet
  facet normal -1 0 0
    outer loop
      vertex 17 -3.0999999999999996 11.24500185048135
      vertex 17 -3.3230447378299526 14.323044737829925
      vertex 17 -2.8745626304855767 14.834440569154625
    endloop
  endfacet
  facet normal -1 0 0
    outer loop
      vertex 17 -3.0999999999999996 11.24500185048135
      vertex 17 -2.8745626304855767 14.834440569154625
      vertex 17 -2.4966679003209196 15.399999999999972
    endloop
  endfacet
  facet normal -1 0 0
    outer loop
      vertex 17 -3.0999999999999996 11.24500185048135
      vertex 17 -2.4966679003209196 15.399999999999972
      vertex 17 -2.2516608537319787 11.811843945728338
    endloop
  endfacet
  facet normal -1 0 0
    outer loop
      vertex 17 -2.2516608537319787 11.811843945728338
      vertex 17 -2.4966679003209196 15.399999999999972
      vertex 17 -2.1958264309413087 16.010046151701506
    endloop
  endfacet
  facet normal -1 0 0
    outer loop
      vertex 17 -2.2516608537319787 11.811843945728338
      vertex 17 -1.8444867208561861 17.321263800455704
      vertex 17 -1.4845671067449286 12.484567106744901
    endloop
  endfacet
  facet normal -1 0 0
    outer loop
      vertex 17 -2.2516608537319787 11.811843945728338
      vertex 17 -2.1958264309413087 16.010046151701506
      vertex 17 -1.9771857032968443 16.654140965466866
    endloop
  endfacet
  facet normal -1 0 0
    outer loop
      vertex 17 -2.2516608537319787 11.811843945728338
      vertex 17 -1.9771857032968443 16.654140965466866
      vertex 17 -1.8444867208561861 17.321263800455704
    endloop
  endfacet
  facet normal -1 0 0
    outer loop
      vertex 17 -1.4845671067449286 12.484567106744901
      vertex 17 -1.8444867208561861 17.321263800455704
      vertex 17 -1.7999999999999998 17.99999999999997
    endloop
  endfacet
  facet normal -1 0 0
    outer loop
      vertex 17 -1.4845671067449286 12.484567106744901
      vertex 17 -1.7999999999999998 17.99999999999997
      vertex 17 -1.4845671067449286 23.515432893255042
    endloop
  endfacet
  facet normal -1 0 0
    outer loop
      vertex 17 -1.4845671067449286 12.484567106744901
      vertex 17 -1.4845671067449286 23.515432893255042
      vertex 17 -0.8118439457283655 22.748339146267995
    endloop
  endfacet
  facet normal -1 0 0
    outer loop
      vertex 17 -2.8745626304855767 21.16555943084532
      vertex 17 -3.3230447378299526 21.67695526217002
      vertex 17 -2.2516608537319787 24.188156054271605
    endloop
  endfacet
  facet normal -1 0 0
    outer loop
      vertex 17 -3.3230447378299526 21.67695526217002
      vertex 17 -3.0999999999999996 24.754998149518592
      vertex 17 -2.2516608537319787 24.188156054271605
    endloop
  endfacet
  facet normal -1 0 0
    outer loop
      vertex 17 -2.8745626304855767 21.16555943084532
      vertex 17 -2.2516608537319787 24.188156054271605
      vertex 17 -2.4966679003209196 20.599999999999973
    endloop
  endfacet
  facet normal -1 0 0
    outer loop
      vertex 17 -2.1958264309413087 19.989953848298438
      vertex 17 -2.4966679003209196 20.599999999999973
      vertex 17 -1.4845671067449286 23.515432893255042
    endloop
  endfacet
  facet normal -1 0 0
    outer loop
      vertex 17 -2.1958264309413087 19.989953848298438
      vertex 17 -1.4845671067449286 23.515432893255042
      vertex 17 -1.9771857032968443 19.345859034533078
    endloop
  endfacet
  facet normal -1 0 0
    outer loop
      vertex 17 -1.8444867208561861 18.67873619954424
      vertex 17 -1.9771857032968443 19.345859034533078
      vertex 17 -1.4845671067449286 23.515432893255042
    endloop
  endfacet
  facet normal -1 0 0
    outer loop
      vertex 17 -1.7999999999999998 17.99999999999997
      vertex 17 -1.8444867208561861 18.67873619954424
      vertex 17 -1.4845671067449286 23.515432893255042
    endloop
  endfacet
  facet normal -1 0 0
    outer loop
      vertex 17 -2.4966679003209196 20.599999999999973
      vertex 17 -2.2516608537319787 24.188156054271605
      vertex 17 -1.4845671067449286 23.515432893255042
    endloop
  endfacet
  facet normal -1 0 0
    outer loop
      vertex 17 -1.4845671067449286 12.484567106744901
      vertex 17 -0.8118439457283655 22.748339146267995
      vertex 17 -0.8118439457283655 13.25166085373195
    endloop
  endfacet
  facet normal -1 0 0
    outer loop
      vertex 17 -0.8118439457283655 13.25166085373195
      vertex 17 -0.24500185048137801 21.89999999999997
      vertex 17 -0.6299999999999994 13.523809550814853
    endloop
  endfacet
  facet normal -1 0 0
    outer loop
      vertex 17 -0.6299999999999994 13.523809550814853
      vertex 17 -0.24500185048137801 21.89999999999997
      vertex 17 -0.24500185048137801 14.099999999999971
    endloop
  endfacet
  facet normal -1 0 0
    outer loop
      vertex 17 -0.8118439457283655 13.25166085373195
      vertex 17 -0.8118439457283655 22.748339146267995
      vertex 17 -0.24500185048137801 21.89999999999997
    endloop
  endfacet
  facet normal -1 0 0
    outer loop
      vertex 17 -0.24500185048137801 14.099999999999971
      vertex 17 0.2062603535880374 20.984930772447672
      vertex 17 0.2062603535880374 15.01506922755227
    endloop
  endfacet
  facet normal -1 0 0
    outer loop
      vertex 17 -0.24500185048137801 14.099999999999971
      vertex 17 -0.24500185048137801 21.89999999999997
      vertex 17 0.2062603535880374 20.984930772447672
    endloop
  endfacet
  facet normal -1 0 0
    outer loop
      vertex 17 0.2062603535880374 15.01506922755227
      vertex 17 0.2062603535880374 20.984930772447672
      vertex 17 0.5342214450547331 20.018788551799634
    endloop
  endfacet
  facet normal -1 0 0
    outer loop
      vertex 17 0.2062603535880374 15.01506922755227
      vertex 17 0.5342214450547331 20.018788551799634
      vertex 17 0.5342214450547331 15.981211448200309
    endloop
  endfacet
  facet normal -1 0 0
    outer loop
      vertex 17 0.5342214450547331 15.981211448200309
      vertex 17 0.7332699187157221 19.018104299316374
      vertex 17 0.7332699187157221 16.98189570068357
    endloop
  endfacet
  facet normal -1 0 0
    outer loop
      vertex 17 0.7332699187157221 16.98189570068357
      vertex 17 0.7332699187157221 19.018104299316374
      vertex 17 0.8000000000000007 17.99999999999997
    endloop
  endfacet
  facet normal -1 0 0
    outer loop
      vertex 17 0.5342214450547331 15.981211448200309
      vertex 17 0.5342214450547331 20.018788551799634
      vertex 17 0.7332699187157221 19.018104299316374
    endloop
  endfacet
  facet normal 0 0.19509032201612928 -0.9807852804032302
    outer loop
      vertex 17 -5.8 10.302911385723405
      vertex 17 -4.981211448200338 10.465778554945238
      vertex 33 -4.981211448200338 10.465778554945238
    endloop
  endfacet
  facet normal 0 0.32143946530316114 -0.9469301294951057
    outer loop
      vertex 17 -4.981211448200338 10.465778554945238
      vertex 17 -4.015069227552299 10.793739646411934
      vertex 33 -4.015069227552299 10.793739646411934
    endloop
  endfacet
  facet normal 0 0.32143946530316114 -0.9469301294951057
    outer loop
      vertex 17 -4.981211448200338 10.465778554945238
      vertex 17 -4.015069227552299 10.793739646411934
      vertex 33 -4.015069227552299 10.793739646411934
    endloop
  endfacet
  facet normal 0 0.4422886902190015 -0.8968727415326883
    outer loop
      vertex 17 -4.015069227552299 10.793739646411934
      vertex 17 -3.0999999999999996 11.24500185048135
      vertex 33 -3.0999999999999996 11.24500185048135
    endloop
  endfacet
  facet normal 0 0.4422886902190015 -0.8968727415326883
    outer loop
      vertex 17 -4.015069227552299 10.793739646411934
      vertex 17 -3.0999999999999996 11.24500185048135
      vertex 33 -3.0999999999999996 11.24500185048135
    endloop
  endfacet
  facet normal 0 0.555570233019603 -0.8314696123025447
    outer loop
      vertex 17 -3.0999999999999996 11.24500185048135
      vertex 17 -2.2516608537319787 11.811843945728338
      vertex 33 -2.2516608537319787 11.811843945728338
    endloop
  endfacet
  facet normal 0 0.555570233019603 -0.8314696123025447
    outer loop
      vertex 17 -3.0999999999999996 11.24500185048135
      vertex 17 -2.2516608537319787 11.811843945728338
      vertex 33 -2.2516608537319787 11.811843945728338
    endloop
  endfacet
  facet normal 0 0.6593458151000685 -0.7518398074789778
    outer loop
      vertex 17 -2.2516608537319787 11.811843945728338
      vertex 17 -1.4845671067449286 12.484567106744901
      vertex 33 -1.4845671067449286 12.484567106744901
    endloop
  endfacet
  facet normal 0 0.6593458151000685 -0.7518398074789778
    outer loop
      vertex 17 -2.2516608537319787 11.811843945728338
      vertex 17 -1.4845671067449286 12.484567106744901
      vertex 33 -1.4845671067449286 12.484567106744901
    endloop
  endfacet
  facet normal 0 0.32143946530316114 -0.9469301294951057
    outer loop
      vertex 17 -4.981211448200338 10.465778554945238
      vertex 33 -4.015069227552299 10.793739646411934
      vertex 33 -4.981211448200338 10.465778554945238
    endloop
  endfacet
  facet normal 0 0.32143946530316114 -0.9469301294951057
    outer loop
      vertex 17 -4.981211448200338 10.465778554945238
      vertex 33 -4.015069227552299 10.793739646411934
      vertex 33 -4.981211448200338 10.465778554945238
    endloop
  endfacet
  facet normal 0 0.4422886902190015 -0.8968727415326883
    outer loop
      vertex 17 -4.015069227552299 10.793739646411934
      vertex 33 -3.0999999999999996 11.24500185048135
      vertex 33 -4.015069227552299 10.793739646411934
    endloop
  endfacet
  facet normal 0 0.4422886902190015 -0.8968727415326883
    outer loop
      vertex 17 -4.015069227552299 10.793739646411934
      vertex 33 -3.0999999999999996 11.24500185048135
      vertex 33 -4.015069227552299 10.793739646411934
    endloop
  endfacet
  facet normal 1 0 0
    outer loop
      vertex 33 -4.981211448200338 10.465778554945238
      vertex 33 -5.010046151701533 13.195826430941281
      vertex 33 -5.589627912575491 12.99908493385308
    endloop
  endfacet
  facet normal 1 0 0
    outer loop
      vertex 33 -4.981211448200338 10.465778554945238
      vertex 33 -4.015069227552299 10.793739646411934
      vertex 33 -5.010046151701533 13.195826430941281
    endloop
  endfacet
  facet normal 1 0 0
    outer loop
      vertex 33 -4.015069227552299 10.793739646411934
      vertex 33 -4.4 13.49666790032089
      vertex 33 -5.010046151701533 13.195826430941281
    endloop
  endfacet
  facet normal 1 0 0
    outer loop
      vertex 33 -4.015069227552299 10.793739646411934
      vertex 33 -3.0999999999999996 11.24500185048135
      vertex 33 -4.4 13.49666790032089
    endloop
  endfacet
  facet normal 0 0.555570233019603 -0.8314696123025447
    outer loop
      vertex 17 -3.0999999999999996 11.24500185048135
      vertex 33 -2.2516608537319787 11.811843945728338
      vertex 33 -3.0999999999999996 11.24500185048135
    endloop
  endfacet
  facet normal 0 0.555570233019603 -0.8314696123025447
    outer loop
      vertex 17 -3.0999999999999996 11.24500185048135
      vertex 33 -2.2516608537319787 11.811843945728338
      vertex 33 -3.0999999999999996 11.24500185048135
    endloop
  endfacet
  facet normal 0 0.6593458151000685 -0.7518398074789778
    outer loop
      vertex 17 -2.2516608537319787 11.811843945728338
      vertex 33 -1.4845671067449286 12.484567106744901
      vertex 33 -2.2516608537319787 11.811843945728338
    endloop
  endfacet
  facet normal 0 0.6593458151000685 -0.7518398074789778
    outer loop
      vertex 17 -2.2516608537319787 11.811843945728338
      vertex 33 -1.4845671067449286 12.484567106744901
      vertex 33 -2.2516608537319787 11.811843945728338
    endloop
  endfacet
  facet normal 1 0 0
    outer loop
      vertex 33 -3.0999999999999996 11.24500185048135
      vertex 33 -2.2516608537319787 11.811843945728338
      vertex 33 -3.3230447378299526 14.323044737829925
    endloop
  endfacet
  facet normal -5.496107844004518e-16 -0.5555702330196046 0.8314696123025437
    outer loop
      vertex 17 -3.9287846445978754 13.81152393466014
      vertex 19.669047892694774 -3.9287846445978674 13.811523934660148
      vertex 17.82827851987352 -3.863718114672221 13.855
    endloop
  endfacet
  facet normal 0 -0.44228869021900025 0.8968727415326888
    outer loop
      vertex 17 -5.010046151701533 13.195826430941281
      vertex 33 -5.010046151701533 13.195826430941281
      vertex 17 -4.4 13.49666790032089
    endloop
  endfacet
  facet normal 0 -0.44228869021899664 0.8968727415326906
    outer loop
      vertex 17 -4.461102711603613 13.46653537757546
      vertex 33 -4.461102711603613 13.46653537757546
      vertex 17 -4.4 13.49666790032089
    endloop
  endfacet
  facet normal 0 -0.5555702330196046 0.8314696123025437
    outer loop
      vertex 17 -4.4 13.49666790032089
      vertex 33 -4.4 13.49666790032089
      vertex 17 -4.305655924556778 13.559706596146299
    endloop
  endfacet
  facet normal 0 -0.5555702330196046 0.8314696123025437
    outer loop
      vertex 17 -4.4 13.49666790032089
      vertex 33 -4.4 13.49666790032089
      vertex 17 -4.305655924556778 13.559706596146299
    endloop
  endfacet
  facet normal 1.9130980127860965e-17 -0.5555702330196023 0.8314696123025451
    outer loop
      vertex 17 -4.305655924556778 13.559706596146299
      vertex 33 -4.4 13.49666790032089
      vertex 17 -3.8344405691546526 13.87456263048555
    endloop
  endfacet
  facet normal 0 -0.6593458151000685 0.7518398074789778
    outer loop
      vertex 17 -3.8344405691546526 13.87456263048555
      vertex 33 -3.8344405691546526 13.87456263048555
      vertex 17 -3.3230447378299526 14.323044737829925
    endloop
  endfacet
  facet normal 1.3421468731965369e-16 -0.5555702330195876 0.8314696123025551
    outer loop
      vertex 17.82827851987352 -3.863718114672221 13.855
      vertex 24.081070983856513 -3.928784644597867 13.811523934660148
      vertex 33 -3.928784644597894 13.811523934660128
    endloop
  endfacet
  facet normal 0 -0.3214394653031644 -0.9469301294951047
    outer loop
      vertex 17 -5.654140965466892 23.022814296703128
      vertex 17 -5.010046151701533 22.804173569058662
      vertex 33 -5.010046151701533 22.804173569058662
    endloop
  endfacet
  facet normal 0 -0.44228869021900025 -0.8968727415326888
    outer loop
      vertex 17 -5.010046151701533 22.804173569058662
      vertex 17 -4.4 22.503332099679053
      vertex 33 -4.4 22.503332099679053
    endloop
  endfacet
  facet normal 0 0.32143946530316275 0.9469301294951052
    outer loop
      vertex 17 -4.981211448200338 25.534221445054705
      vertex 33 -4.981211448200338 25.534221445054705
      vertex 17 -4.015069227552299 25.206260353588007
    endloop
  endfacet
  facet normal 0 -0.5555702330196027 -0.8314696123025449
    outer loop
      vertex 17 -4.4 22.503332099679053
      vertex 17 -3.8344405691546526 22.125437369514394
      vertex 33 -3.8344405691546526 22.125437369514394
    endloop
  endfacet
  facet normal 0 -0.6593458151000685 -0.7518398074789778
    outer loop
      vertex 17 -3.8344405691546526 22.125437369514394
      vertex 17 -3.3230447378299526 21.67695526217002
      vertex 33 -3.3230447378299526 21.67695526217002
    endloop
  endfacet
  facet normal 0 0.4422886902190015 0.8968727415326883
    outer loop
      vertex 17 -4.015069227552299 25.206260353588007
      vertex 33 -4.015069227552299 25.206260353588007
      vertex 17 -3.0999999999999996 24.754998149518592
    endloop
  endfacet
  facet normal 0 -0.7518398074789774 0.6593458151000688
    outer loop
      vertex 17 -3.3230447378299526 14.323044737829925
      vertex 33 -3.3230447378299526 14.323044737829925
      vertex 17 -2.8745626304855767 14.834440569154625
    endloop
  endfacet
  facet normal 0 -0.8314696123025459 0.5555702330196012
    outer loop
      vertex 17 -2.8745626304855767 14.834440569154625
      vertex 33 -2.8745626304855767 14.834440569154625
      vertex 17 -2.4966679003209196 15.399999999999972
    endloop
  endfacet
  facet normal 0 -0.896872741532688 0.44228869021900186
    outer loop
      vertex 17 -2.4966679003209196 15.399999999999972
      vertex 33 -2.4966679003209196 15.399999999999972
      vertex 17 -2.1958264309413087 16.010046151701506
    endloop
  endfacet
  facet normal 0 -0.9469301294951057 0.3214394653031617
    outer loop
      vertex 17 -2.1958264309413087 16.010046151701506
      vertex 33 -2.1958264309413087 16.010046151701506
      vertex 17 -1.9771857032968443 16.654140965466866
    endloop
  endfacet
  facet normal 0 0.7518398074789774 -0.659345815100069
    outer loop
      vertex 17 -1.4845671067449286 12.484567106744901
      vertex 17 -0.8118439457283655 13.25166085373195
      vertex 33 -1.4845671067449286 12.484567106744901
    endloop
  endfacet
  facet normal 0 0.7518398074789774 -0.659345815100069
    outer loop
      vertex 17 -1.4845671067449286 12.484567106744901
      vertex 17 -0.8118439457283655 13.25166085373195
      vertex 33 -1.4845671067449286 12.484567106744901
    endloop
  endfacet
  facet normal 0 -0.9807852804032305 0.19509032201612744
    outer loop
      vertex 17 -1.9771857032968443 16.654140965466866
      vertex 33 -1.9771857032968443 16.654140965466866
      vertex 17 -1.8444867208561861 17.321263800455704
    endloop
  endfacet
  facet normal 0 -0.9978589232386035 0.06540312923014377
    outer loop
      vertex 17 -1.8444867208561861 17.321263800455704
      vertex 33 -1.8444867208561861 17.321263800455704
      vertex 17 -1.7999999999999998 17.99999999999997
    endloop
  endfacet
  facet normal 0 -0.9469301294951057 -0.3214394653031617
    outer loop
      vertex 17 -2.1958264309413087 19.989953848298438
      vertex 17 -1.9771857032968443 19.345859034533078
      vertex 33 -1.9771857032968443 19.345859034533078
    endloop
  endfacet
  facet normal 0 -0.9978589232386035 -0.06540312923014377
    outer loop
      vertex 17 -1.7999999999999998 17.99999999999997
      vertex 33 -1.7999999999999998 17.99999999999997
      vertex 17 -1.8444867208561861 18.67873619954424
    endloop
  endfacet
  facet normal 0 -0.9807852804032305 -0.19509032201612744
    outer loop
      vertex 17 -1.8444867208561861 18.67873619954424
      vertex 33 -1.8444867208561861 18.67873619954424
      vertex 17 -1.9771857032968443 19.345859034533078
    endloop
  endfacet
  facet normal 0 -0.7518398074789763 -0.6593458151000702
    outer loop
      vertex 17 -2.8745626304855767 21.16555943084532
      vertex 33 -2.8745626304855767 21.16555943084532
      vertex 17 -3.3230447378299526 21.67695526217002
    endloop
  endfacet
  facet normal 0 -0.8314696123025459 -0.5555702330196012
    outer loop
      vertex 17 -2.8745626304855767 21.16555943084532
      vertex 17 -2.4966679003209196 20.599999999999973
      vertex 33 -2.4966679003209196 20.599999999999973
    endloop
  endfacet
  facet normal 0 -0.8968727415326886 -0.44228869021900086
    outer loop
      vertex 17 -2.1958264309413087 19.989953848298438
      vertex 33 -2.1958264309413087 19.989953848298438
      vertex 17 -2.4966679003209196 20.599999999999973
    endloop
  endfacet
  facet normal 0 0.5555702330196018 0.8314696123025456
    outer loop
      vertex 17 -3.0999999999999996 24.754998149518592
      vertex 33 -3.0999999999999996 24.754998149518592
      vertex 17 -2.2516608537319787 24.188156054271605
    endloop
  endfacet
  facet normal 0 0.6593458151000685 0.7518398074789778
    outer loop
      vertex 17 -1.4845671067449286 23.515432893255042
      vertex 17 -2.2516608537319787 24.188156054271605
      vertex 33 -2.2516608537319787 24.188156054271605
    endloop
  endfacet
  facet normal 0 -0.3214394653031637 0.9469301294951049
    outer loop
      vertex 17 -5.010046151701533 13.195826430941281
      vertex 33 -5.589627912575491 12.99908493385308
      vertex 33 -5.010046151701533 13.195826430941281
    endloop
  endfacet
  facet normal 0 -0.44228869021900025 0.8968727415326888
    outer loop
      vertex 17 -4.4 13.49666790032089
      vertex 33 -5.010046151701533 13.195826430941281
      vertex 33 -4.4 13.49666790032089
    endloop
  endfacet
  facet normal 0 -0.44228869021899664 0.8968727415326906
    outer loop
      vertex 17 -4.4 13.49666790032089
      vertex 33 -4.461102711603613 13.46653537757546
      vertex 33 -4.4 13.49666790032089
    endloop
  endfacet
  facet normal -6.280766662969616e-19 -0.5555702330196046 0.8314696123025436
    outer loop
      vertex 17 -4.305655924556778 13.559706596146299
      vertex 33 -4.4 13.49666790032089
      vertex 33 -4.305655924556786 13.559706596146293
    endloop
  endfacet
  facet normal -1.0701879206219984e-16 -0.5555702330196046 0.8314696123025436
    outer loop
      vertex 17 -3.8344405691546526 13.87456263048555
      vertex 33 -4.4 13.49666790032089
      vertex 33 -4.305655924556786 13.559706596146293
    endloop
  endfacet
  facet normal 0 -0.5555702330196024 0.8314696123025452
    outer loop
      vertex 17 -3.8344405691546526 13.87456263048555
      vertex 33 -4.305655924556786 13.559706596146293
      vertex 33 -3.8344405691546526 13.87456263048555
    endloop
  endfacet
  facet normal 4.878604173977358e-17 -0.5555702330196013 0.8314696123025459
    outer loop
      vertex 17.82827851987352 -3.863718114672221 13.855
      vertex 33 -3.928784644597894 13.811523934660128
      vertex 33 -3.8637181146722197 13.855
    endloop
  endfacet
  facet normal 0 -0.6593458151000685 0.7518398074789778
    outer loop
      vertex 17 -3.3230447378299526 14.323044737829925
      vertex 33 -3.8344405691546526 13.87456263048555
      vertex 33 -3.3230447378299526 14.323044737829925
    endloop
  endfacet
  facet normal 1 0 0
    outer loop
      vertex 33 -3.0999999999999996 11.24500185048135
      vertex 33 -4.305655924556786 13.559706596146293
      vertex 33 -4.4 13.49666790032089
    endloop
  endfacet
  facet normal 1 0 0
    outer loop
      vertex 33 -3.0999999999999996 11.24500185048135
      vertex 33 -3.8344405691546526 13.87456263048555
      vertex 33 -4.305655924556786 13.559706596146293
    endloop
  endfacet
  facet normal 1 0 0
    outer loop
      vertex 33 -3.0999999999999996 11.24500185048135
      vertex 33 -3.3230447378299526 14.323044737829925
      vertex 33 -3.8344405691546526 13.87456263048555
    endloop
  endfacet
  facet normal 0 -0.44228869021900025 -0.8968727415326888
    outer loop
      vertex 17 -5.010046151701533 22.804173569058662
      vertex 33 -4.4 22.503332099679053
      vertex 33 -5.010046151701533 22.804173569058662
    endloop
  endfacet
  facet normal 0 0.32143946530316275 0.9469301294951052
    outer loop
      vertex 17 -4.015069227552299 25.206260353588007
      vertex 33 -4.981211448200338 25.534221445054705
      vertex 33 -4.015069227552299 25.206260353588007
    endloop
  endfacet
  facet normal 0 -0.5555702330196027 -0.8314696123025449
    outer loop
      vertex 17 -4.4 22.503332099679053
      vertex 33 -3.8344405691546526 22.125437369514394
      vertex 33 -4.4 22.503332099679053
    endloop
  endfacet
  facet normal 0 -0.6593458151000685 -0.7518398074789778
    outer loop
      vertex 17 -3.8344405691546526 22.125437369514394
      vertex 33 -3.3230447378299526 21.67695526217002
      vertex 33 -3.8344405691546526 22.125437369514394
    endloop
  endfacet
  facet normal 0 0.4422886902190015 0.8968727415326883
    outer loop
      vertex 17 -3.0999999999999996 24.754998149518592
      vertex 33 -4.015069227552299 25.206260353588007
      vertex 33 -3.0999999999999996 24.754998149518592
    endloop
  endfacet
  facet normal 1 0 0
    outer loop
      vertex 33 -5.010046151701533 22.804173569058662
      vertex 33 -4.4 22.503332099679053
      vertex 33 -4.981211448200338 25.534221445054705
    endloop
  endfacet
  facet normal 1 0 0
    outer loop
      vertex 33 -5.654140965466892 23.022814296703128
      vertex 33 -5.010046151701533 22.804173569058662
      vertex 33 -4.981211448200338 25.534221445054705
    endloop
  endfacet
  facet normal 1 0 0
    outer loop
      vertex 33 -4.4 22.503332099679053
      vertex 33 -4.015069227552299 25.206260353588007
      vertex 33 -4.981211448200338 25.534221445054705
    endloop
  endfacet
  facet normal 1 0 0
    outer loop
      vertex 33 -4.4 22.503332099679053
      vertex 33 -3.8344405691546526 22.125437369514394
      vertex 33 -4.015069227552299 25.206260353588007
    endloop
  endfacet
  facet normal 1 0 0
    outer loop
      vertex 33 -3.8344405691546526 22.125437369514394
      vertex 33 -3.3230447378299526 21.67695526217002
      vertex 33 -4.015069227552299 25.206260353588007
    endloop
  endfacet
  facet normal 1 0 0
    outer loop
      vertex 33 -3.3230447378299526 21.67695526217002
      vertex 33 -3.0999999999999996 24.754998149518592
      vertex 33 -4.015069227552299 25.206260353588007
    endloop
  endfacet
  facet normal 0 -0.7518398074789774 0.6593458151000688
    outer loop
      vertex 17 -2.8745626304855767 14.834440569154625
      vertex 33 -3.3230447378299526 14.323044737829925
      vertex 33 -2.8745626304855767 14.834440569154625
    endloop
  endfacet
  facet normal 0 -0.8314696123025459 0.5555702330196012
    outer loop
      vertex 17 -2.4966679003209196 15.399999999999972
      vertex 33 -2.8745626304855767 14.834440569154625
      vertex 33 -2.4966679003209196 15.399999999999972
    endloop
  endfacet
  facet normal 0 -0.896872741532688 0.44228869021900186
    outer loop
      vertex 17 -2.1958264309413087 16.010046151701506
      vertex 33 -2.4966679003209196 15.399999999999972
      vertex 33 -2.1958264309413087 16.010046151701506
    endloop
  endfacet
  facet normal 0 -0.9469301294951057 0.3214394653031617
    outer loop
      vertex 17 -1.9771857032968443 16.654140965466866
      vertex 33 -2.1958264309413087 16.010046151701506
      vertex 33 -1.9771857032968443 16.654140965466866
    endloop
  endfacet
  facet normal 0 -0.9807852804032305 0.19509032201612744
    outer loop
      vertex 17 -1.8444867208561861 17.321263800455704
      vertex 33 -1.9771857032968443 16.654140965466866
      vertex 33 -1.8444867208561861 17.321263800455704
    endloop
  endfacet
  facet normal 0 -0.9978589232386035 0.06540312923014377
    outer loop
      vertex 17 -1.7999999999999998 17.99999999999997
      vertex 33 -1.8444867208561861 17.321263800455704
      vertex 33 -1.7999999999999998 17.99999999999997
    endloop
  endfacet
  facet normal 0 -0.9469301294951057 -0.3214394653031617
    outer loop
      vertex 17 -2.1958264309413087 19.989953848298438
      vertex 33 -1.9771857032968443 19.345859034533078
      vertex 33 -2.1958264309413087 19.989953848298438
    endloop
  endfacet
  facet normal 0 -0.9978589232386035 -0.06540312923014377
    outer loop
      vertex 17 -1.8444867208561861 18.67873619954424
      vertex 33 -1.7999999999999998 17.99999999999997
      vertex 33 -1.8444867208561861 18.67873619954424
    endloop
  endfacet
  facet normal 0 -0.9807852804032305 -0.19509032201612744
    outer loop
      vertex 17 -1.9771857032968443 19.345859034533078
      vertex 33 -1.8444867208561861 18.67873619954424
      vertex 33 -1.9771857032968443 19.345859034533078
    endloop
  endfacet
  facet normal 1 0 0
    outer loop
      vertex 33 -3.3230447378299526 14.323044737829925
      vertex 33 -2.2516608537319787 11.811843945728338
      vertex 33 -2.8745626304855767 14.834440569154625
    endloop
  endfacet
  facet normal 1 0 0
    outer loop
      vertex 33 -2.8745626304855767 14.834440569154625
      vertex 33 -2.2516608537319787 11.811843945728338
      vertex 33 -2.4966679003209196 15.399999999999972
    endloop
  endfacet
  facet normal 1 0 0
    outer loop
      vertex 33 -2.2516608537319787 11.811843945728338
      vertex 33 -1.4845671067449286 12.484567106744901
      vertex 33 -2.4966679003209196 15.399999999999972
    endloop
  endfacet
  facet normal 1 0 0
    outer loop
      vertex 33 -1.4845671067449286 12.484567106744901
      vertex 33 -2.1958264309413087 16.010046151701506
      vertex 33 -2.4966679003209196 15.399999999999972
    endloop
  endfacet
  facet normal 1 0 0
    outer loop
      vertex 33 -1.4845671067449286 12.484567106744901
      vertex 33 -1.9771857032968443 16.654140965466866
      vertex 33 -2.1958264309413087 16.010046151701506
    endloop
  endfacet
  facet normal 1 0 0
    outer loop
      vertex 33 -1.4845671067449286 12.484567106744901
      vertex 33 -1.8444867208561861 17.321263800455704
      vertex 33 -1.9771857032968443 16.654140965466866
    endloop
  endfacet
  facet normal 1 0 0
    outer loop
      vertex 33 -1.4845671067449286 12.484567106744901
      vertex 33 -1.7999999999999998 17.99999999999997
      vertex 33 -1.8444867208561861 17.321263800455704
    endloop
  endfacet
  facet normal 1 0 0
    outer loop
      vertex 33 -1.4845671067449286 12.484567106744901
      vertex 33 -1.4845671067449286 23.515432893255042
      vertex 33 -1.7999999999999998 17.99999999999997
    endloop
  endfacet
  facet normal 1 0 0
    outer loop
      vertex 33 -1.4845671067449286 12.484567106744901
      vertex 33 -0.8118439457283655 13.25166085373195
      vertex 33 -1.4845671067449286 23.515432893255042
    endloop
  endfacet
  facet normal 0 -0.7518398074789763 -0.6593458151000702
    outer loop
      vertex 17 -3.3230447378299526 21.67695526217002
      vertex 33 -2.8745626304855767 21.16555943084532
      vertex 33 -3.3230447378299526 21.67695526217002
    endloop
  endfacet
  facet normal 0 -0.8314696123025459 -0.5555702330196012
    outer loop
      vertex 17 -2.8745626304855767 21.16555943084532
      vertex 33 -2.4966679003209196 20.599999999999973
      vertex 33 -2.8745626304855767 21.16555943084532
    endloop
  endfacet
  facet normal 0 -0.8968727415326886 -0.44228869021900086
    outer loop
      vertex 17 -2.4966679003209196 20.599999999999973
      vertex 33 -2.1958264309413087 19.989953848298438
      vertex 33 -2.4966679003209196 20.599999999999973
    endloop
  endfacet
  facet normal 0 0.5555702330196018 0.8314696123025456
    outer loop
      vertex 17 -2.2516608537319787 24.188156054271605
      vertex 33 -3.0999999999999996 24.754998149518592
      vertex 33 -2.2516608537319787 24.188156054271605
    endloop
  endfacet
  facet normal 0 0.6593458151000685 0.7518398074789778
    outer loop
      vertex 17 -1.4845671067449286 23.515432893255042
      vertex 33 -2.2516608537319787 24.188156054271605
      vertex 33 -1.4845671067449286 23.515432893255042
    endloop
  endfacet
  facet normal 0 0.7518398074789767 0.6593458151000698
    outer loop
      vertex 17 -1.4845671067449286 23.515432893255042
      vertex 33 -1.4845671067449286 23.515432893255042
      vertex 33 -0.8118439457283655 22.748339146267995
    endloop
  endfacet
  facet normal 1 0 0
    outer loop
      vertex 33 -2.8745626304855767 21.16555943084532
      vertex 33 -3.0999999999999996 24.754998149518592
      vertex 33 -3.3230447378299526 21.67695526217002
    endloop
  endfacet
  facet normal 1 0 0
    outer loop
      vertex 33 -2.8745626304855767 21.16555943084532
      vertex 33 -2.4966679003209196 20.599999999999973
      vertex 33 -3.0999999999999996 24.754998149518592
    endloop
  endfacet
  facet normal 1 0 0
    outer loop
      vertex 33 -2.1958264309413087 19.989953848298438
      vertex 33 -2.2516608537319787 24.188156054271605
      vertex 33 -2.4966679003209196 20.599999999999973
    endloop
  endfacet
  facet normal 1 0 0
    outer loop
      vertex 33 -3.0999999999999996 24.754998149518592
      vertex 33 -2.4966679003209196 20.599999999999973
      vertex 33 -2.2516608537319787 24.188156054271605
    endloop
  endfacet
  facet normal 1 0 0
    outer loop
      vertex 33 -1.8444867208561861 18.67873619954424
      vertex 33 -2.2516608537319787 24.188156054271605
      vertex 33 -1.9771857032968443 19.345859034533078
    endloop
  endfacet
  facet normal 1 0 0
    outer loop
      vertex 33 -2.1958264309413087 19.989953848298438
      vertex 33 -1.9771857032968443 19.345859034533078
      vertex 33 -2.2516608537319787 24.188156054271605
    endloop
  endfacet
  facet normal 1 0 0
    outer loop
      vertex 33 -1.7999999999999998 17.99999999999997
      vertex 33 -1.4845671067449286 23.515432893255042
      vertex 33 -1.8444867208561861 18.67873619954424
    endloop
  endfacet
  facet normal 1 0 0
    outer loop
      vertex 33 -1.8444867208561861 18.67873619954424
      vertex 33 -1.4845671067449286 23.515432893255042
      vertex 33 -2.2516608537319787 24.188156054271605
    endloop
  endfacet
  facet normal 2.0691362347972564e-17 0.8314696123025451 -0.5555702330196023
    outer loop
      vertex 17 -0.6103070311535969 13.553282161474371
      vertex 17 -0.4087056167715868 13.855
      vertex 21.620793484827665 -0.4087056167715869 13.855
    endloop
  endfacet
  facet normal 0 0.8314696123025451 -0.5555702330196022
    outer loop
      vertex 17 -0.8118439457283655 13.25166085373195
      vertex 17 -0.6299999999999994 13.523809550814853
      vertex 33 -0.8118439457283655 13.25166085373195
    endloop
  endfacet
  facet normal 0 0.8314696123025451 -0.5555702330196022
    outer loop
      vertex 17 -0.8118439457283655 13.25166085373195
      vertex 17 -0.6299999999999994 13.523809550814853
      vertex 33 -0.8118439457283655 13.25166085373195
    endloop
  endfacet
  facet normal -6.258216610768377e-18 0.831469612302545 -0.5555702330196025
    outer loop
      vertex 17 -0.6299999999999994 13.523809550814853
      vertex 17 -0.24500185048137801 14.099999999999971
      vertex 33 -0.8118439457283655 13.25166085373195
    endloop
  endfacet
  facet normal 0 0.8968727415326883 -0.4422886902190015
    outer loop
      vertex 17 -0.24500185048137801 14.099999999999971
      vertex 17 0.2062603535880374 15.01506922755227
      vertex 33 -0.24500185048137801 14.099999999999971
    endloop
  endfacet
  facet normal 0 0.9469301294951057 -0.3214394653031614
    outer loop
      vertex 17 0.2062603535880374 15.01506922755227
      vertex 17 0.5342214450547331 15.981211448200309
      vertex 33 0.2062603535880374 15.01506922755227
    endloop
  endfacet
  facet normal 0 0.9807852804032304 -0.19509032201612844
    outer loop
      vertex 17 0.5342214450547331 15.981211448200309
      vertex 17 0.7332699187157221 16.98189570068357
      vertex 33 0.5342214450547331 15.981211448200309
    endloop
  endfacet
  facet normal 0 0.9978589232386035 -0.0654031292301429
    outer loop
      vertex 17 0.7332699187157221 16.98189570068357
      vertex 17 0.8000000000000007 17.99999999999997
      vertex 33 0.7332699187157221 16.98189570068357
    endloop
  endfacet
  facet normal 0 0.9978589232386035 0.0654031292301429
    outer loop
      vertex 17 0.7332699187157221 19.018104299316374
      vertex 33 0.8000000000000007 17.99999999999997
      vertex 17 0.8000000000000007 17.99999999999997
    endloop
  endfacet
  facet normal 0 0.9807852804032304 0.19509032201612844
    outer loop
      vertex 17 0.7332699187157221 19.018104299316374
      vertex 17 0.5342214450547331 20.018788551799634
      vertex 33 0.7332699187157221 19.018104299316374
    endloop
  endfacet
  facet normal 0 0.7518398074789767 0.6593458151000698
    outer loop
      vertex 17 -1.4845671067449286 23.515432893255042
      vertex 33 -0.8118439457283655 22.748339146267995
      vertex 17 -0.8118439457283655 22.748339146267995
    endloop
  endfacet
  facet normal 0 0.8314696123025461 0.5555702330196008
    outer loop
      vertex 17 -0.8118439457283655 22.748339146267995
      vertex 33 -0.24500185048137801 21.89999999999997
      vertex 17 -0.24500185048137801 21.89999999999997
    endloop
  endfacet
  facet normal 0 0.8968727415326878 0.4422886902190022
    outer loop
      vertex 17 0.2062603535880374 20.984930772447672
      vertex 17 -0.24500185048137801 21.89999999999997
      vertex 33 0.2062603535880374 20.984930772447672
    endloop
  endfacet
  facet normal 0 0.9469301294951057 0.3214394653031614
    outer loop
      vertex 17 0.2062603535880374 20.984930772447672
      vertex 33 0.5342214450547331 20.018788551799634
      vertex 17 0.5342214450547331 20.018788551799634
    endloop
  endfacet
  facet normal 0 0.7518398074789774 -0.659345815100069
    outer loop
      vertex 17 -0.8118439457283655 13.25166085373195
      vertex 33 -0.8118439457283655 13.25166085373195
      vertex 33 -1.4845671067449286 12.484567106744901
    endloop
  endfacet
  facet normal 0 0.7518398074789774 -0.659345815100069
    outer loop
      vertex 17 -0.8118439457283655 13.25166085373195
      vertex 33 -0.8118439457283655 13.25166085373195
      vertex 33 -1.4845671067449286 12.484567106744901
    endloop
  endfacet
  facet normal 0 0.8314696123025451 -0.5555702330196022
    outer loop
      vertex 17 -0.6299999999999994 13.523809550814853
      vertex 33 -0.6299999999999994 13.523809550814853
      vertex 33 -0.8118439457283655 13.25166085373195
    endloop
  endfacet
  facet normal 1.0599865966532104e-17 0.8314696123025451 -0.5555702330196022
    outer loop
      vertex 17 -0.24500185048137801 14.099999999999971
      vertex 33 -0.6299999999999994 13.523809550814853
      vertex 33 -0.8118439457283655 13.25166085373195
    endloop
  endfacet
  facet normal 0 0.831469612302545 -0.5555702330196025
    outer loop
      vertex 17 -0.24500185048137801 14.099999999999971
      vertex 33 -0.24500185048137801 14.099999999999971
      vertex 33 -0.6299999999999994 13.523809550814853
    endloop
  endfacet
  facet normal -8.112311755864618e-18 0.8314696123025451 -0.5555702330196024
    outer loop
      vertex 21.620793484827665 -0.4087056167715869 13.855
      vertex 33 -0.4087056167715868 13.855
      vertex 32.827821037408505 -0.6103070311535969 13.553282161474371
    endloop
  endfacet
  facet normal 0 0.8968727415326883 -0.4422886902190015
    outer loop
      vertex 17 0.2062603535880374 15.01506922755227
      vertex 33 0.2062603535880374 15.01506922755227
      vertex 33 -0.24500185048137801 14.099999999999971
    endloop
  endfacet
  facet normal 0 0.9469301294951057 -0.3214394653031614
    outer loop
      vertex 17 0.5342214450547331 15.981211448200309
      vertex 33 0.5342214450547331 15.981211448200309
      vertex 33 0.2062603535880374 15.01506922755227
    endloop
  endfacet
  facet normal 0 0.9807852804032304 -0.19509032201612844
    outer loop
      vertex 17 0.7332699187157221 16.98189570068357
      vertex 33 0.7332699187157221 16.98189570068357
      vertex 33 0.5342214450547331 15.981211448200309
    endloop
  endfacet
  facet normal 0 0.9978589232386035 -0.0654031292301429
    outer loop
      vertex 17 0.8000000000000007 17.99999999999997
      vertex 33 0.8000000000000007 17.99999999999997
      vertex 33 0.7332699187157221 16.98189570068357
    endloop
  endfacet
  facet normal 0 0.9807852804032304 0.19509032201612844
    outer loop
      vertex 17 0.5342214450547331 20.018788551799634
      vertex 33 0.5342214450547331 20.018788551799634
      vertex 33 0.7332699187157221 19.018104299316374
    endloop
  endfacet
  facet normal 0 0.9978589232386035 0.0654031292301429
    outer loop
      vertex 17 0.7332699187157221 19.018104299316374
      vertex 33 0.7332699187157221 19.018104299316374
      vertex 33 0.8000000000000007 17.99999999999997
    endloop
  endfacet
  facet normal 0 0.8314696123025451 -0.5555702330196024
    outer loop
      vertex 32.827821037408505 -0.6103070311535969 13.553282161474371
      vertex 33 -0.4087056167715868 13.855
      vertex 33 -0.6103070311535969 13.553282161474371
    endloop
  endfacet
  facet normal 1 0 0
    outer loop
      vertex 33 -0.8118439457283655 13.25166085373195
      vertex 33 -0.6299999999999994 13.523809550814853
      vertex 33 -0.8118439457283655 22.748339146267995
    endloop
  endfacet
  facet normal 1 0 0
    outer loop
      vertex 33 -0.8118439457283655 13.25166085373195
      vertex 33 -0.8118439457283655 22.748339146267995
      vertex 33 -1.4845671067449286 23.515432893255042
    endloop
  endfacet
  facet normal 1 0 0
    outer loop
      vertex 33 -0.6299999999999994 13.523809550814853
      vertex 33 -0.24500185048137801 14.099999999999971
      vertex 33 -0.8118439457283655 22.748339146267995
    endloop
  endfacet
  facet normal 1 0 0
    outer loop
      vertex 33 -0.24500185048137801 14.099999999999971
      vertex 33 -0.24500185048137801 21.89999999999997
      vertex 33 -0.8118439457283655 22.748339146267995
    endloop
  endfacet
  facet normal 1 0 0
    outer loop
      vertex 33 -0.24500185048137801 14.099999999999971
      vertex 33 0.2062603535880374 15.01506922755227
      vertex 33 -0.24500185048137801 21.89999999999997
    endloop
  endfacet
  facet normal 1 0 0
    outer loop
      vertex 33 0.2062603535880374 15.01506922755227
      vertex 33 0.5342214450547331 15.981211448200309
      vertex 33 0.2062603535880374 20.984930772447672
    endloop
  endfacet
  facet normal 1 0 0
    outer loop
      vertex 33 0.2062603535880374 15.01506922755227
      vertex 33 0.2062603535880374 20.984930772447672
      vertex 33 -0.24500185048137801 21.89999999999997
    endloop
  endfacet
  facet normal 1 0 0
    outer loop
      vertex 33 0.5342214450547331 15.981211448200309
      vertex 33 0.7332699187157221 16.98189570068357
      vertex 33 0.5342214450547331 20.018788551799634
    endloop
  endfacet
  facet normal 1 0 0
    outer loop
      vertex 33 0.7332699187157221 16.98189570068357
      vertex 33 0.8000000000000007 17.99999999999997
      vertex 33 0.7332699187157221 19.018104299316374
    endloop
  endfacet
  facet normal 1 0 0
    outer loop
      vertex 33 0.5342214450547331 15.981211448200309
      vertex 33 0.5342214450547331 20.018788551799634
      vertex 33 0.2062603535880374 20.984930772447672
    endloop
  endfacet
  facet normal 1 0 0
    outer loop
      vertex 33 0.7332699187157221 16.98189570068357
      vertex 33 0.7332699187157221 19.018104299316374
      vertex 33 0.5342214450547331 20.018788551799634
    endloop
  endfacet
  facet normal 0 0.8314696123025461 0.5555702330196008
    outer loop
      vertex 17 -0.8118439457283655 22.748339146267995
      vertex 33 -0.8118439457283655 22.748339146267995
      vertex 33 -0.24500185048137801 21.89999999999997
    endloop
  endfacet
  facet normal 0 0.8968727415326878 0.4422886902190022
    outer loop
      vertex 17 -0.24500185048137801 21.89999999999997
      vertex 33 -0.24500185048137801 21.89999999999997
      vertex 33 0.2062603535880374 20.984930772447672
    endloop
  endfacet
  facet normal 0 0.9469301294951057 0.3214394653031614
    outer loop
      vertex 17 0.2062603535880374 20.984930772447672
      vertex 33 0.2062603535880374 20.984930772447672
      vertex 33 0.5342214450547331 20.018788551799634
    endloop
  endfacet
  facet normal 1 0 0
    outer loop
      vertex 17 -5.8 7.855
      vertex 17 -4.981211448200338 10.465778554945238
      vertex 17 -5.8 10.302911385723405
    endloop
  endfacet
  facet normal 1 0 0
    outer loop
      vertex 17 -5.765427390272944 12.955049457081426
      vertex 17 -5.654140965466892 12.977185703296815
      vertex 17 -5.589627912575496 12.999084933853078
    endloop
  endfacet
  facet normal 0 1 0
    outer loop
      vertex 17 -5.8 7.855
      vertex 17 -5.8 10.302911385723405
      vertex 33 -5.8 7.855
    endloop
  endfacet
  facet normal 0 1 0
    outer loop
      vertex 17 -5.8 10.302911385723405
      vertex 33 -5.8 10.302911385723405
      vertex 33 -5.8 7.855
    endloop
  endfacet
  facet normal -1 0 0
    outer loop
      vertex 33 -5.8 7.855
      vertex 33 -5.8 10.302911385723405
      vertex 33 -4.981211448200338 10.465778554945238
    endloop
  endfacet
  facet normal 0 0.24298017990326193 -0.9700312531945445
    outer loop
      vertex 17 -5.765427390272944 12.955049457081426
      vertex 17 -5.589627912575496 12.999084933853078
      vertex 33 -5.765427390272944 12.955049457081426
    endloop
  endfacet
  facet normal 2.6766446113407752e-17 0.24298017990326423 -0.9700312531945439
    outer loop
      vertex 17 -5.589627912575496 12.999084933853078
      vertex 33 -5.589627912575491 12.99908493385308
      vertex 33 -5.765427390272944 12.955049457081426
    endloop
  endfacet
  facet normal -1 0 0
    outer loop
      vertex 33 -5.765427390272944 12.955049457081426
      vertex 33 -5.589627912575491 12.99908493385308
      vertex 33 -5.654140965466892 12.977185703296815
    endloop
  endfacet
  facet normal 1 0 0
    outer loop
      vertex 17 -5.8 7.855
      vertex 17 -4.015069227552299 10.793739646411934
      vertex 17 -4.981211448200338 10.465778554945238
    endloop
  endfacet
  facet normal 1 0 0
    outer loop
      vertex 17 -5.8 7.855
      vertex 17 -0.6299999999999994 10.74999999999997
      vertex 17 -4.015069227552299 10.793739646411934
    endloop
  endfacet
  facet normal 1 0 0
    outer loop
      vertex 17 -4.015069227552299 10.793739646411934
      vertex 17 -0.6299999999999994 10.74999999999997
      vertex 17 -3.0999999999999996 11.24500185048135
    endloop
  endfacet
  facet normal 1 0 0
    outer loop
      vertex 17 -5.8 7.855
      vertex 17 0 7.855
      vertex 17 -0.6299999999999994 10.74999999999997
    endloop
  endfacet
  facet normal 1 0 0
    outer loop
      vertex 17 -3.0999999999999996 11.24500185048135
      vertex 17 -0.6299999999999994 10.74999999999997
      vertex 17 -2.2516608537319787 11.811843945728338
    endloop
  endfacet
  facet normal 1 0 0
    outer loop
      vertex 17 -2.2516608537319787 11.811843945728338
      vertex 17 -0.6299999999999994 10.74999999999997
      vertex 17 -1.4845671067449286 12.484567106744901
    endloop
  endfacet
  facet normal 1 0 0
    outer loop
      vertex 17 -4.461102711603613 13.46653537757546
      vertex 17 -4.4 13.49666790032089
      vertex 17 -4.305655924556778 13.559706596146299
    endloop
  endfacet
  facet normal 1 0 0
    outer loop
      vertex 17 -3.9287846445978754 13.81152393466014
      vertex 17 -3.8637181146722215 13.855
      vertex 17 -3.8701639565145256 13.855
    endloop
  endfacet
  facet normal 0 0 -1
    outer loop
      vertex 17 -3.8701639565145256 13.855
      vertex 17 -3.8637181146722215 13.855
      vertex 17.82827851987352 -3.863718114672221 13.855
    endloop
  endfacet
  facet normal 1 0 0
    outer loop
      vertex 17 -0.6299999999999994 10.74999999999997
      vertex 17 -0.8118439457283655 13.25166085373195
      vertex 17 -1.4845671067449286 12.484567106744901
    endloop
  endfacet
  facet normal 1 0 0
    outer loop
      vertex 17 -0.6299999999999994 10.74999999999997
      vertex 17 -0.6299999999999994 13.523809550814853
      vertex 17 -0.8118439457283655 13.25166085373195
    endloop
  endfacet
  facet normal 1 0 0
    outer loop
      vertex 17 -0.6299999999999994 10.74999999999997
      vertex 17 0 7.855
      vertex 17 0 9.753360655737685
    endloop
  endfacet
  facet normal 1 0 0
    outer loop
      vertex 17 -0.6103070311535969 13.553282161474371
      vertex 17 1.2 13.855
      vertex 17 -0.4087056167715868 13.855
    endloop
  endfacet
  facet normal 0 0 1
    outer loop
      vertex 17 -5.8 7.855
      vertex 33 -5.8 7.855
      vertex 17 0 7.855
    endloop
  endfacet
  facet normal -1 0 0
    outer loop
      vertex 33 -5.8 7.855
      vertex 33 -4.981211448200338 10.465778554945238
      vertex 33 -4.015069227552299 10.793739646411934
    endloop
  endfacet
  facet normal -1 0 0
    outer loop
      vertex 33 -5.8 7.855
      vertex 33 -4.015069227552299 10.793739646411934
      vertex 33 -0.6299999999999994 10.74999999999997
    endloop
  endfacet
  facet normal 0 0 1
    outer loop
      vertex 33 -5.8 7.855
      vertex 31.87112360609555 0 7.855
      vertex 17 0 7.855
    endloop
  endfacet
  facet normal -1 0 0
    outer loop
      vertex 33 -4.015069227552299 10.793739646411934
      vertex 33 -3.0999999999999996 11.24500185048135
      vertex 33 -0.6299999999999994 10.74999999999997
    endloop
  endfacet
  facet normal 0 0 1
    outer loop
      vertex 33 -5.8 7.855
      vertex 31.87112360609555 0.6459341917550466 7.855
      vertex 31.87112360609555 0 7.855
    endloop
  endfacet
  facet normal -1 0 0
    outer loop
      vertex 33 -5.8 7.855
      vertex 33 -0.6299999999999994 10.74999999999997
      vertex 33 1.2 7.855
    endloop
  endfacet
  facet normal 0 0 1
    outer loop
      vertex 33 -5.8 7.855
      vertex 33 1.2 7.855
      vertex 31.87112360609555 0.6459341917550466 7.855
    endloop
  endfacet
  facet normal -1 0 0
    outer loop
      vertex 33 -3.0999999999999996 11.24500185048135
      vertex 33 -2.2516608537319787 11.811843945728338
      vertex 33 -0.6299999999999994 10.74999999999997
    endloop
  endfacet
  facet normal -1 0 0
    outer loop
      vertex 33 -2.2516608537319787 11.811843945728338
      vertex 33 -1.4845671067449286 12.484567106744901
      vertex 33 -0.6299999999999994 10.74999999999997
    endloop
  endfacet
  facet normal 3.5418898577132737e-16 0.5956993044924411 -0.8032075314806392
    outer loop
      vertex 17 -3.9287846445978754 13.81152393466014
      vertex 17 -3.8701639565145256 13.855
      vertex 19.669047892694774 -3.9287846445978674 13.811523934660148
    endloop
  endfacet
  facet normal 5.5268019229765064e-17 -0.5555702330195927 0.8314696123025516
    outer loop
      vertex 17.82827851987352 -3.863718114672221 13.855
      vertex 19.669047892694774 -3.9287846445978674 13.811523934660148
      vertex 24.081070983856513 -3.928784644597867 13.811523934660148
    endloop
  endfacet
  facet normal 0 0 -1
    outer loop
      vertex 17 -3.8701639565145256 13.855
      vertex 17.82827851987352 -3.863718114672221 13.855
      vertex 26.455189605005117 -3.870163956514525 13.855
    endloop
  endfacet
  facet normal -2.7978670390727915e-17 0.5956993044924299 -0.8032075314806475
    outer loop
      vertex 17 -3.8701639565145256 13.855
      vertex 26.455189605005117 -3.870163956514525 13.855
      vertex 19.669047892694774 -3.9287846445978674 13.811523934660148
    endloop
  endfacet
  facet normal 0 0.5141027441932235 -0.857728610000271
    outer loop
      vertex 17 -4.461102711603613 13.46653537757546
      vertex 17 -4.305655924556778 13.559706596146299
      vertex 33 -4.461102711603613 13.46653537757546
    endloop
  endfacet
  facet normal -5.995971189956273e-17 0.5956993044924322 -0.8032075314806457
    outer loop
      vertex 19.669047892694774 -3.9287846445978674 13.811523934660148
      vertex 26.455189605005117 -3.870163956514525 13.855
      vertex 24.081070983856513 -3.928784644597867 13.811523934660148
    endloop
  endfacet
  facet normal -2.8835098878778947e-17 0.5141027441932213 -0.8577286100002722
    outer loop
      vertex 17 -4.305655924556778 13.559706596146299
      vertex 33 -4.305655924556786 13.559706596146293
      vertex 33 -4.461102711603613 13.46653537757546
    endloop
  endfacet
  facet normal 0 0 -1
    outer loop
      vertex 17.82827851987352 -3.863718114672221 13.855
      vertex 33 -3.870163956514526 13.855
      vertex 26.455189605005117 -3.870163956514525 13.855
    endloop
  endfacet
  facet normal 4.96187969450028e-17 0.5956993044924296 -0.8032075314806478
    outer loop
      vertex 24.081070983856513 -3.928784644597867 13.811523934660148
      vertex 26.455189605005117 -3.870163956514525 13.855
      vertex 33 -3.928784644597894 13.811523934660128
    endloop
  endfacet
  facet normal 0 0 -1
    outer loop
      vertex 17.82827851987352 -3.863718114672221 13.855
      vertex 33 -3.8637181146722197 13.855
      vertex 33 -3.870163956514526 13.855
    endloop
  endfacet
  facet normal -1 0 0
    outer loop
      vertex 33 -4.461102711603613 13.46653537757546
      vertex 33 -4.305655924556786 13.559706596146293
      vertex 33 -4.4 13.49666790032089
    endloop
  endfacet
  facet normal 8.084073257266077e-17 0.5956993044924317 -0.803207531480646
    outer loop
      vertex 26.455189605005117 -3.870163956514525 13.855
      vertex 33 -3.870163956514526 13.855
      vertex 33 -3.928784644597894 13.811523934660128
    endloop
  endfacet
  facet normal -1 0 0
    outer loop
      vertex 33 -3.928784644597894 13.811523934660128
      vertex 33 -3.870163956514526 13.855
      vertex 33 -3.8637181146722197 13.855
    endloop
  endfacet
  facet normal 0 -0.8452806949891314 -0.5343225118584197
    outer loop
      vertex 17 -0.6299999999999994 10.74999999999997
      vertex 17 0 9.753360655737685
      vertex 26.39454620171282 0 9.753360655737685
    endloop
  endfacet
  facet normal 0 -1 0
    outer loop
      vertex 17 -0.6299999999999994 10.74999999999997
      vertex 33 -0.6299999999999994 13.523809550814853
      vertex 17 -0.6299999999999994 13.523809550814853
    endloop
  endfacet
  facet normal 0 -0.8452806949891313 -0.5343225118584198
    outer loop
      vertex 17 -0.6299999999999994 10.74999999999997
      vertex 26.39454620171282 0 9.753360655737685
      vertex 33 -0.6299999999999994 10.74999999999997
    endloop
  endfacet
  facet normal 0 -1 0
    outer loop
      vertex 17 -0.6299999999999994 10.74999999999997
      vertex 33 -0.6299999999999994 10.74999999999997
      vertex 33 -0.6299999999999994 13.523809550814853
    endloop
  endfacet
  facet normal 2.1599374800078697e-16 -0.8452806949891306 -0.5343225118584208
    outer loop
      vertex 33 -0.6299999999999994 10.74999999999997
      vertex 26.39454620171282 0 9.753360655737685
      vertex 30.753998921264554 0 9.753360655737687
    endloop
  endfacet
  facet normal -1 0 0
    outer loop
      vertex 33 -0.6299999999999994 10.74999999999997
      vertex 33 -1.4845671067449286 12.484567106744901
      vertex 33 -0.8118439457283655 13.25166085373195
    endloop
  endfacet
  facet normal -1 0 0
    outer loop
      vertex 33 -0.6299999999999994 10.74999999999997
      vertex 33 -0.8118439457283655 13.25166085373195
      vertex 33 -0.6299999999999994 13.523809550814853
    endloop
  endfacet
  facet normal -4.1033290187269083e-16 -0.8452806949891313 -0.53432251185842
    outer loop
      vertex 33 -0.6299999999999994 10.74999999999997
      vertex 30.753998921264554 0 9.753360655737687
      vertex 30.828427121043205 0.04349061176874626 9.684559933841228
    endloop
  endfacet
  facet normal -2.5781988896686244e-16 -0.8452806949891312 -0.5343225118584198
    outer loop
      vertex 33 -0.6299999999999994 10.74999999999997
      vertex 30.828427121043205 0.04349061176874626 9.684559933841228
      vertex 31.04162386059761 0.18928056609753172 9.453925006091595
    endloop
  endfacet
  facet normal -8.132700586657962e-17 -0.8452806949891312 -0.53432251185842
    outer loop
      vertex 33 1.2 7.855
      vertex 33 -0.6299999999999994 10.74999999999997
      vertex 31.80422606319189 1.0500596021463204 8.092200793325901
    endloop
  endfacet
  facet normal -2.5534321158593256e-16 -0.845280694989131 -0.5343225118584201
    outer loop
      vertex 33 -0.6299999999999994 10.74999999999997
      vertex 31.04162386059761 0.18928056609753172 9.453925006091595
      vertex 31.236067980527878 0.34519478827250877 9.207273818552494
    endloop
  endfacet
  facet normal -1.5429968595850793e-15 -0.8452806949891318 -0.534322511858419
    outer loop
      vertex 33 -0.6299999999999994 10.74999999999997
      vertex 31.236067980527878 0.34519478827250877 9.207273818552494
      vertex 31.41056066006422 0.5102720063152638 8.946127071976662
    endloop
  endfacet
  facet normal -5.269306763727649e-16 -0.8452806949891312 -0.5343225118584201
    outer loop
      vertex 33 -0.6299999999999994 10.74999999999997
      vertex 31.41056066006422 0.5102720063152638 8.946127071976662
      vertex 31.564026094973087 0.6834944696037211 8.672094814479351
    endloop
  endfacet
  facet normal 1.099518020046273e-15 -0.8452806949891309 -0.5343225118584202
    outer loop
      vertex 33 -0.6299999999999994 10.74999999999997
      vertex 31.564026094973087 0.6834944696037211 8.672094814479351
      vertex 31.695518128573895 0.8637942080547125 8.38686653971672
    endloop
  endfacet
  facet normal -5.853628834333886e-16 -0.8452806949891313 -0.53432251185842
    outer loop
      vertex 33 -0.6299999999999994 10.74999999999997
      vertex 31.695518128573895 0.8637942080547125 8.38686653971672
      vertex 31.80422606319189 1.0500596021463204 8.092200793325901
    endloop
  endfacet
  facet normal 0.9624552359858072 0 0.2714404515239101
    outer loop
      vertex 31.85632107042761 1.166822427387348 7.90748583208395
      vertex 31.87112360609555 0.6459341917550466 7.855
      vertex 31.87112360609555 1.2 7.855
    endloop
  endfacet
  facet normal 0 0 1
    outer loop
      vertex 33 1.2 7.855
      vertex 31.87112360609555 1.2 7.855
      vertex 31.87112360609555 0.6459341917550466 7.855
    endloop
  endfacet
  facet normal -1.5470538195669931e-16 -0.845280694989131 -0.5343225118584201
    outer loop
      vertex 33 1.2 7.855
      vertex 31.80422606319189 1.0500596021463204 8.092200793325901
      vertex 31.85632107042761 1.166822427387348 7.90748583208395
    endloop
  endfacet
  facet normal 0 -0.8452806949891324 -0.5343225118584178
    outer loop
      vertex 33 1.2 7.855
      vertex 31.85632107042761 1.166822427387348 7.90748583208395
      vertex 31.87112360609555 1.2 7.855
    endloop
  endfacet
  facet normal -0.05714115137175277 -0.16413037738006242 0.9847822642802768
    outer loop
      vertex 17 -0.6103070311535969 13.553282161474371
      vertex 21.620793484827665 -0.4087056167715869 13.855
      vertex 17 1.2 13.855
    endloop
  endfacet
  facet normal 0 0 -1
    outer loop
      vertex 17 -0.4087056167715868 13.855
      vertex 17 1.2 13.855
      vertex 21.620793484827665 -0.4087056167715869 13.855
    endloop
  endfacet
  facet normal 0.02828384250747912 0.08124158567105193 0.9962930437429869
    outer loop
      vertex 17 1.2 13.855
      vertex 21.620793484827665 -0.4087056167715869 13.855
      vertex 32.827821037408505 -0.6103070311535969 13.553282161474371
    endloop
  endfacet
  facet normal 0 0 -1
    outer loop
      vertex 17 1.2 13.855
      vertex 33 -0.4087056167715868 13.855
      vertex 21.620793484827665 -0.4087056167715869 13.855
    endloop
  endfacet
  facet normal 0 -0.16439898730537314 0.986393923832141
    outer loop
      vertex 17 1.2 13.855
      vertex 32.827821037408505 -0.6103070311535969 13.553282161474371
      vertex 33 1.2 13.855
    endloop
  endfacet
  facet normal 0 0 -1
    outer loop
      vertex 17 1.2 13.855
      vertex 33 1.2 13.855
      vertex 33 -0.4087056167715868 13.855
    endloop
  endfacet
  facet normal 0 -0.16439898730537314 0.9863939238321411
    outer loop
      vertex 32.827821037408505 -0.6103070311535969 13.553282161474371
      vertex 33 -0.6103070311535969 13.553282161474371
      vertex 33 1.2 13.855
    endloop
  endfacet
  facet normal -1 0 0
    outer loop
      vertex 33 -0.6103070311535969 13.553282161474371
      vertex 33 -0.4087056167715868 13.855
      vertex 33 1.2 13.855
    endloop
  endfacet
endsolid OpenSCAD_Model
